overflow_key,company_slug,offline_start_utc,offline_end_utc,offline_end_source,first_observed_utc,last_observed_utc
anglian:AWS00012,anglian,2026-09-13T13:30:07Z,2026-09-13T13:30:07Z,feed,2026-09-19T23:33:15Z,2026-09-19T23:53:39Z
anglian:AWS00012,anglian,2026-09-13T13:30:07Z,2026-09-13T13:30:07Z,feed,2026-09-24T06:30:27Z,2026-09-24T07:10:26Z
anglian:AWS00012,anglian,2026-09-13T13:30:07Z,2026-09-13T13:30:07Z,feed,2026-09-24T07:30:28Z,2026-09-24T15:50:28Z
anglian:AWS00012,anglian,2026-09-13T13:30:07Z,2026-09-13T13:30:07Z,feed,2026-09-25T13:30:31Z,2026-09-25T14:50:24Z
anglian:AWS00012,anglian,2026-09-13T13:30:07Z,2026-09-13T13:30:07Z,feed,2026-09-25T15:50:27Z,2026-09-25T16:10:24Z
anglian:AWS00012,anglian,2026-09-13T13:30:07Z,2026-09-13T13:30:07Z,feed,2026-09-26T10:10:21Z,2026-09-26T11:10:23Z
anglian:AWS00012,anglian,2026-09-13T13:30:07Z,2026-09-13T13:30:07Z,feed,2026-09-26T18:30:28Z,2026-09-27T17:50:26Z
anglian:AWS00012,anglian,2026-09-13T13:30:07Z,2026-09-13T13:30:07Z,feed,2026-09-27T18:10:23Z,2026-09-27T19:10:25Z
anglian:AWS00012,anglian,2026-09-13T13:30:07Z,2026-09-13T13:30:07Z,feed,2026-10-01T21:30:25Z,2026-10-01T21:50:26Z
anglian:AWS00012,anglian,2026-09-13T13:30:07Z,2026-09-13T13:30:07Z,feed,2026-10-02T18:28:57Z,2026-10-02T19:30:31Z
anglian:AWS00012,anglian,2026-09-13T13:30:07Z,2026-09-13T13:30:07Z,feed,2026-10-02T22:28:42Z,2026-10-02T23:10:24Z
anglian:AWS00012,anglian,2026-09-13T13:30:07Z,2026-09-13T13:30:07Z,feed,2026-10-03T02:30:29Z,2026-10-03T02:50:22Z
anglian:AWS00012,anglian,2026-09-13T13:30:07Z,2026-09-13T13:30:07Z,feed,2026-10-03T04:50:25Z,2026-10-03T05:30:29Z
anglian:AWS00012,anglian,2026-09-13T13:30:07Z,2026-09-13T13:30:07Z,feed,2026-10-04T01:50:20Z,2026-10-04T02:30:22Z
anglian:AWS00012,anglian,2026-09-13T13:30:07Z,2026-09-13T13:30:07Z,feed,2026-10-04T02:50:22Z,2026-10-04T03:10:23Z
anglian:AWS00012,anglian,2026-09-13T13:30:07Z,2026-09-13T13:30:07Z,feed,2026-10-04T03:30:25Z,2026-10-04T04:30:28Z
anglian:AWS00012,anglian,2026-09-13T13:30:07Z,2026-09-13T13:30:07Z,feed,2026-10-04T12:30:29Z,2026-10-04T13:10:24Z
anglian:AWS00012,anglian,2026-09-13T13:30:07Z,2026-09-13T13:30:07Z,feed,2026-10-04T17:30:26Z,2026-10-04T18:50:23Z
anglian:AWS00012,anglian,2026-09-13T13:30:07Z,2026-09-13T13:30:07Z,feed,2026-10-04T21:30:26Z,2026-10-05T00:30:25Z
anglian:AWS00012,anglian,2026-09-13T13:30:07Z,2026-09-13T13:30:07Z,feed,2026-10-05T02:30:28Z,2026-10-05T03:10:25Z
anglian:AWS00012,anglian,2026-09-13T13:30:07Z,2026-09-13T13:30:07Z,feed,2026-10-05T06:30:23Z,2026-10-05T06:50:24Z
anglian:AWS00012,anglian,2026-09-13T13:30:07Z,2026-09-13T13:30:07Z,feed,2026-10-05T07:30:27Z,2026-10-05T09:50:25Z
anglian:AWS00012,anglian,2026-09-13T13:30:07Z,2026-09-13T13:30:07Z,feed,2026-10-05T21:50:32Z,2026-10-05T22:30:28Z
anglian:AWS00012,anglian,2026-09-13T13:30:07Z,2026-09-13T13:30:07Z,feed,2026-10-07T01:30:30Z,2026-10-07T01:50:22Z
anglian:AWS00012,anglian,2026-09-13T13:30:07Z,2026-09-13T13:30:07Z,feed,2026-10-08T01:30:32Z,2026-10-08T01:50:23Z
anglian:AWS00019,anglian,2026-09-11T11:48:59Z,2026-09-11T11:48:59Z,feed,2026-09-30T04:50:23Z,2026-09-30T05:10:27Z
anglian:AWS00019,anglian,2026-09-11T11:48:59Z,2026-09-11T11:48:59Z,feed,2026-09-30T16:30:42Z,2026-09-30T16:50:24Z
anglian:AWS00038,anglian,2026-09-12T11:00:03Z,2026-09-12T11:00:03Z,feed,2026-10-07T03:50:20Z,2026-10-07T04:10:26Z
anglian:AWS00044,anglian,2026-09-04T10:54:29Z,,,2026-09-17T00:49:00Z,2026-09-17T00:49:00Z
anglian:AWS00049,anglian,2026-09-30T09:00:56Z,2026-09-30T09:00:56Z,feed,2026-10-01T03:30:29Z,2026-10-01T06:30:28Z
anglian:AWS00050,anglian,2026-09-21T09:51:29Z,2026-09-21T09:51:29Z,feed,2026-09-24T11:10:29Z,2026-09-24T11:30:25Z
anglian:AWS00050,anglian,2026-09-21T09:51:29Z,2026-09-21T09:51:29Z,feed,2026-09-28T17:30:28Z,2026-09-28T17:50:24Z
anglian:AWS00050,anglian,2026-09-21T09:51:29Z,2026-09-21T09:51:29Z,feed,2026-09-28T18:10:25Z,2026-09-28T18:30:26Z
anglian:AWS00050,anglian,2026-09-21T09:51:29Z,2026-09-21T09:51:29Z,feed,2026-09-28T20:50:25Z,2026-09-28T21:50:23Z
anglian:AWS00050,anglian,2026-09-21T09:51:29Z,2026-09-21T09:51:29Z,feed,2026-09-28T22:30:28Z,2026-09-28T23:10:32Z
anglian:AWS00050,anglian,2026-09-21T09:51:29Z,2026-09-21T09:51:29Z,feed,2026-09-28T23:30:25Z,2026-09-29T00:10:23Z
anglian:AWS00050,anglian,2026-09-21T09:51:29Z,2026-09-21T09:51:29Z,feed,2026-09-29T00:50:57Z,2026-09-29T01:27:07Z
anglian:AWS00050,anglian,2026-09-21T09:51:29Z,2026-09-21T09:51:29Z,feed,2026-09-29T01:50:27Z,2026-09-29T02:10:23Z
anglian:AWS00056,anglian,2026-09-14T20:01:06Z,2026-09-14T20:01:06Z,feed,2026-09-21T12:30:31Z,2026-09-21T12:50:20Z
anglian:AWS00056,anglian,2026-09-14T20:01:06Z,2026-09-14T20:01:06Z,feed,2026-09-22T18:10:23Z,2026-09-22T18:30:24Z
anglian:AWS00056,anglian,2026-09-14T20:01:06Z,2026-09-14T20:01:06Z,feed,2026-09-22T18:50:24Z,2026-09-22T19:10:27Z
anglian:AWS00056,anglian,2026-09-14T20:01:06Z,2026-09-14T20:01:06Z,feed,2026-09-22T19:30:29Z,2026-09-22T20:50:22Z
anglian:AWS00063,anglian,2026-09-08T13:00:27Z,2026-09-08T13:00:27Z,feed,2026-09-27T02:50:25Z,2026-09-28T12:10:23Z
anglian:AWS00066,anglian,2026-09-04T09:45:56Z,2026-09-04T09:45:56Z,feed,2026-09-23T00:30:23Z,2026-09-23T00:50:21Z
anglian:AWS00066,anglian,2026-09-04T09:45:56Z,2026-09-04T09:45:56Z,feed,2026-09-26T14:30:26Z,2026-09-26T14:50:26Z
anglian:AWS00066,anglian,2026-09-04T09:45:56Z,2026-09-04T09:45:56Z,feed,2026-09-28T16:30:26Z,2026-09-28T16:50:22Z
anglian:AWS00066,anglian,2026-09-04T09:45:56Z,2026-09-04T09:45:56Z,feed,2026-09-29T08:30:29Z,2026-09-29T08:50:22Z
anglian:AWS00066,anglian,2026-09-04T09:45:56Z,2026-09-04T09:45:56Z,feed,2026-09-29T15:11:08Z,2026-09-29T15:30:28Z
anglian:AWS00066,anglian,2026-09-04T09:45:56Z,2026-09-04T09:45:56Z,feed,2026-09-30T17:50:26Z,2026-09-30T18:10:26Z
anglian:AWS00066,anglian,2026-09-04T09:45:56Z,2026-09-04T09:45:56Z,feed,2026-10-02T20:10:28Z,2026-10-02T20:30:40Z
anglian:AWS00066,anglian,2026-09-04T09:45:56Z,2026-09-04T09:45:56Z,feed,2026-10-03T22:10:44Z,2026-10-03T22:30:25Z
anglian:AWS00066,anglian,2026-09-04T09:45:56Z,2026-09-04T09:45:56Z,feed,2026-10-04T09:30:26Z,2026-10-04T09:50:24Z
anglian:AWS00067,anglian,2026-09-04T07:45:36Z,2026-09-04T07:45:36Z,feed,2026-09-30T13:10:25Z,2026-09-30T13:30:34Z
anglian:AWS00067,anglian,2026-09-04T07:45:36Z,2026-09-04T07:45:36Z,feed,2026-10-02T09:50:28Z,2026-10-02T10:30:30Z
anglian:AWS00067,anglian,2026-09-04T07:45:36Z,2026-09-04T07:45:36Z,feed,2026-10-02T10:50:21Z,2026-10-02T11:10:27Z
anglian:AWS00087,anglian,2026-09-04T07:45:42Z,,,2026-09-17T00:49:00Z,2026-09-17T00:49:00Z
anglian:AWS00091,anglian,2026-09-22T07:46:04Z,2026-09-22T07:46:04Z,feed,2026-10-04T07:10:21Z,2026-10-04T07:30:24Z
anglian:AWS00101,anglian,2026-09-04T09:46:39Z,2026-09-04T09:46:39Z,feed,2026-09-21T15:50:25Z,2026-09-21T16:10:23Z
anglian:AWS00101,anglian,2026-09-04T09:46:39Z,2026-09-04T09:46:39Z,feed,2026-09-23T17:10:23Z,2026-09-23T17:30:28Z
anglian:AWS00101,anglian,2026-09-04T09:46:39Z,2026-09-04T09:46:39Z,feed,2026-09-23T18:50:26Z,2026-09-23T19:10:26Z
anglian:AWS00101,anglian,2026-09-04T09:46:39Z,2026-09-04T09:46:39Z,feed,2026-09-30T15:10:28Z,2026-09-30T15:30:33Z
anglian:AWS00101,anglian,2026-09-04T09:46:39Z,2026-09-04T09:46:39Z,feed,2026-09-30T16:30:42Z,2026-09-30T16:50:24Z
anglian:AWS00101,anglian,2026-09-04T09:46:39Z,2026-09-04T09:46:39Z,feed,2026-10-01T15:30:46Z,2026-10-01T15:50:30Z
anglian:AWS00105,anglian,2026-09-27T16:00:41Z,2026-09-27T16:00:41Z,feed,2026-10-03T23:30:26Z,2026-10-03T23:50:24Z
anglian:AWS00105,anglian,2026-09-27T16:00:41Z,2026-09-27T16:00:41Z,feed,2026-10-07T22:50:25Z,2026-10-07T23:10:22Z
anglian:AWS00105,anglian,2026-09-27T16:00:41Z,2026-09-27T16:00:41Z,feed,2026-10-08T00:30:38Z,2026-10-08T03:10:25Z
anglian:AWS00105,anglian,2026-09-27T16:00:41Z,2026-09-27T16:00:41Z,feed,2026-10-08T03:50:22Z,2026-10-08T04:30:25Z
anglian:AWS00105,anglian,2026-09-27T16:00:41Z,2026-09-27T16:00:41Z,feed,2026-10-08T05:50:22Z,2026-10-08T07:50:24Z
anglian:AWS00112,anglian,2026-09-13T03:46:09Z,2026-09-13T03:46:09Z,feed,2026-10-04T07:10:21Z,2026-10-04T07:30:24Z
anglian:AWS00122,anglian,2026-09-08T14:00:04Z,,,2026-09-17T00:49:00Z,2026-09-17T00:49:00Z
anglian:AWS00151,anglian,2026-09-09T16:30:10Z,2026-09-09T16:30:10Z,feed,2026-09-27T02:30:26Z,2026-09-27T02:50:25Z
anglian:AWS00151,anglian,2026-09-09T16:30:10Z,2026-09-09T16:30:10Z,feed,2026-09-29T22:50:25Z,2026-09-30T05:10:27Z
anglian:AWS00157,anglian,2026-09-13T21:15:14Z,2026-09-13T21:15:14Z,feed,2026-09-24T21:30:26Z,2026-09-24T21:50:24Z
anglian:AWS00175,anglian,2026-09-23T07:30:35Z,2026-09-23T07:30:35Z,feed,2026-09-29T06:50:24Z,2026-09-29T07:10:21Z
anglian:AWS00175,anglian,2026-09-23T07:30:35Z,2026-09-23T07:30:35Z,feed,2026-10-07T07:10:26Z,2026-10-07T07:30:28Z
anglian:AWS00176,anglian,2026-09-09T10:46:50Z,2026-09-09T10:46:50Z,feed,2026-09-29T06:50:24Z,2026-09-29T07:10:21Z
anglian:AWS00176,anglian,2026-09-09T10:46:50Z,2026-09-09T10:46:50Z,feed,2026-10-07T07:10:26Z,2026-10-07T07:30:28Z
anglian:AWS00186,anglian,2026-09-18T13:45:14Z,2026-09-18T13:45:14Z,feed,2026-09-22T08:30:30Z,2026-09-22T08:50:24Z
anglian:AWS00188,anglian,2026-09-04T04:30:20Z,2026-09-04T04:30:20Z,feed,2026-09-22T23:30:24Z,2026-09-23T01:30:26Z
anglian:AWS00188,anglian,2026-09-04T04:30:20Z,2026-09-04T04:30:20Z,feed,2026-09-26T18:30:28Z,2026-09-26T19:30:26Z
anglian:AWS00188,anglian,2026-09-04T04:30:20Z,2026-09-04T04:30:20Z,feed,2026-10-01T03:10:25Z,2026-10-01T06:50:27Z
anglian:AWS00196,anglian,2026-09-28T11:00:14Z,2026-09-28T11:00:14Z,feed,2026-10-03T23:10:22Z,2026-10-03T23:30:26Z
anglian:AWS00196,anglian,2026-09-28T11:00:14Z,2026-09-28T11:00:14Z,feed,2026-10-06T14:30:24Z,2026-10-06T14:50:34Z
anglian:AWS00196,anglian,2026-09-28T11:00:14Z,2026-09-28T11:00:14Z,feed,2026-10-06T21:10:24Z,2026-10-06T21:30:25Z
anglian:AWS00200,anglian,2026-09-13T16:16:05Z,2026-09-13T16:16:05Z,feed,2026-09-26T19:50:26Z,2026-09-26T20:10:21Z
anglian:AWS00200,anglian,2026-09-13T16:16:05Z,2026-09-13T16:16:05Z,feed,2026-09-29T08:30:29Z,2026-09-29T08:50:22Z
anglian:AWS00200,anglian,2026-09-13T16:16:05Z,2026-09-13T16:16:05Z,feed,2026-09-29T18:30:25Z,2026-09-29T18:50:31Z
anglian:AWS00200,anglian,2026-09-13T16:16:05Z,2026-09-13T16:16:05Z,feed,2026-09-29T21:30:30Z,2026-09-29T21:50:33Z
anglian:AWS00204,anglian,2026-09-09T05:15:43Z,2026-09-09T05:15:43Z,feed,2026-09-17T00:49:00Z,2026-09-20T20:17:07Z
anglian:AWS00204,anglian,2026-09-09T05:15:43Z,2026-09-09T05:15:43Z,feed,2026-09-22T13:30:35Z,2026-09-23T13:00:34Z
anglian:AWS00219,anglian,2026-09-16T15:46:50Z,2026-09-16T15:46:50Z,feed,2026-09-22T08:30:30Z,2026-09-22T08:50:24Z
anglian:AWS00220,anglian,2026-09-16T15:46:50Z,2026-09-16T15:46:50Z,feed,2026-09-22T08:30:30Z,2026-09-22T08:50:24Z
anglian:AWS00254,anglian,2026-09-15T09:15:47Z,2026-09-15T09:15:47Z,feed,2026-09-29T22:50:25Z,2026-09-29T23:30:27Z
anglian:AWS00254,anglian,2026-09-15T09:15:47Z,2026-09-15T09:15:47Z,feed,2026-09-30T02:10:24Z,2026-09-30T03:50:33Z
anglian:AWS00258,anglian,2026-09-13T06:36:22Z,2026-09-13T06:36:22Z,feed,2026-10-06T12:10:28Z,2026-10-06T13:00:36Z
anglian:AWS00260,anglian,2026-09-13T13:01:14Z,2026-09-13T13:01:14Z,feed,2026-10-08T10:30:24Z,2026-10-08T11:10:24Z
anglian:AWS00299,anglian,2026-09-04T13:46:19Z,2026-09-04T13:46:19Z,feed,2026-09-22T08:30:30Z,2026-09-22T08:50:24Z
anglian:AWS00302,anglian,2026-09-13T04:00:48Z,2026-09-13T04:00:48Z,feed,2026-10-08T03:50:22Z,2026-10-08T04:30:25Z
anglian:AWS00311,anglian,2026-09-23T21:02:26Z,2026-09-23T21:02:26Z,feed,2026-09-24T21:30:26Z,2026-09-24T21:50:24Z
anglian:AWS00312,anglian,2026-09-04T08:46:11Z,2026-09-04T08:46:11Z,feed,2026-09-24T21:30:26Z,2026-09-24T21:50:24Z
anglian:AWS00319,anglian,2026-09-13T10:00:11Z,,,2026-09-17T00:49:00Z,2026-09-17T00:49:00Z
anglian:AWS00331,anglian,2026-09-13T04:45:51Z,2026-09-13T04:45:51Z,feed,2026-09-19T21:16:11Z,2026-09-19T21:26:22Z
anglian:AWS00331,anglian,2026-09-13T04:45:51Z,2026-09-13T04:45:51Z,feed,2026-09-28T17:50:24Z,2026-09-28T18:10:25Z
anglian:AWS00344,anglian,2026-09-25T07:15:56Z,2026-09-25T07:15:56Z,feed,2026-10-08T08:50:22Z,2026-10-08T09:10:24Z
anglian:AWS00353,anglian,2026-09-16T21:45:47Z,,,2026-09-17T00:49:00Z,2026-09-17T00:49:00Z
anglian:AWS00390,anglian,2026-09-09T08:00:17Z,,,2026-09-17T00:49:00Z,2026-09-17T00:49:00Z
anglian:AWS00410,anglian,2026-09-12T21:15:22Z,,,2026-09-17T00:49:00Z,2026-09-17T00:49:00Z
anglian:AWS00416,anglian,2026-09-11T12:14:38Z,,,2026-09-17T00:49:00Z,2026-09-17T00:49:00Z
anglian:AWS00417,anglian,2026-09-21T07:45:20Z,2026-09-21T07:45:20Z,feed,2026-09-24T21:30:26Z,2026-09-24T21:50:24Z
anglian:AWS00421,anglian,2026-09-12T18:06:35Z,2026-09-12T18:06:35Z,feed,2026-09-22T08:30:30Z,2026-09-22T08:50:24Z
anglian:AWS00421,anglian,2026-09-12T18:06:35Z,2026-09-12T18:06:35Z,feed,2026-09-22T12:30:34Z,2026-09-22T13:50:26Z
anglian:AWS00421,anglian,2026-09-12T18:06:35Z,2026-09-12T18:06:35Z,feed,2026-09-24T12:10:27Z,2026-09-24T12:30:32Z
anglian:AWS00421,anglian,2026-09-12T18:06:35Z,2026-09-12T18:06:35Z,feed,2026-10-03T09:10:22Z,2026-10-03T09:30:25Z
anglian:AWS00439,anglian,2026-09-20T09:00:24Z,2026-09-20T09:00:24Z,feed,2026-10-01T03:30:29Z,2026-10-01T05:30:30Z
anglian:AWS00454,anglian,2026-09-30T10:00:43Z,2026-09-30T10:00:43Z,feed,2026-10-01T05:50:26Z,2026-10-01T07:30:25Z
anglian:AWS00504,anglian,2026-09-15T13:31:12Z,2026-09-15T13:31:12Z,feed,2026-09-22T08:30:30Z,2026-09-22T08:50:24Z
anglian:AWS00516,anglian,2026-09-08T17:10:22Z,,,2026-09-17T00:49:00Z,2026-09-17T00:49:00Z
anglian:AWS00520,anglian,2026-09-30T23:30:33Z,2026-09-30T23:30:33Z,feed,2026-10-01T03:30:29Z,2026-10-01T07:00:32Z
anglian:AWS00528,anglian,2026-09-04T05:12:45Z,,,2026-09-17T00:49:00Z,2026-09-17T00:49:00Z
anglian:AWS00538,anglian,2026-09-18T10:15:46Z,2026-09-18T10:15:46Z,feed,2026-09-23T10:10:24Z,2026-09-23T11:10:22Z
anglian:AWS00538,anglian,2026-09-18T10:15:46Z,2026-09-18T10:15:46Z,feed,2026-09-23T11:30:28Z,2026-09-23T12:00:34Z
anglian:AWS00538,anglian,2026-09-18T10:15:46Z,2026-09-18T10:15:46Z,feed,2026-09-23T13:10:23Z,2026-09-23T15:51:00Z
anglian:AWS00549,anglian,2026-09-17T12:57:53Z,2026-09-17T12:57:53Z,feed,2026-09-22T08:30:30Z,2026-09-22T08:50:24Z
anglian:AWS00550,anglian,2026-09-17T12:57:53Z,2026-09-17T12:57:53Z,feed,2026-09-22T08:30:30Z,2026-09-22T08:50:24Z
anglian:AWS00574,anglian,2026-09-29T14:45:18Z,2026-09-29T14:45:18Z,feed,2026-10-08T04:30:25Z,2026-10-08T04:50:25Z
anglian:AWS00595,anglian,2026-09-09T03:00:32Z,2026-09-17T08:45:56Z,feed,2026-09-17T00:49:00Z,2026-09-18T05:53:28Z
anglian:AWS00603,anglian,2026-09-21T09:30:38Z,2026-09-21T09:30:38Z,feed,2026-09-21T20:30:29Z,2026-09-21T20:50:20Z
anglian:AWS00603,anglian,2026-09-21T09:30:38Z,2026-09-21T09:30:38Z,feed,2026-09-21T22:10:22Z,2026-09-21T22:30:27Z
anglian:AWS00603,anglian,2026-09-21T09:30:38Z,2026-09-21T09:30:38Z,feed,2026-10-02T04:50:24Z,2026-10-02T05:10:23Z
anglian:AWS00608,anglian,2026-09-27T13:46:11Z,2026-09-27T13:46:11Z,feed,2026-10-01T05:50:26Z,2026-10-01T07:30:25Z
anglian:AWS00612,anglian,2026-09-25T11:30:47Z,2026-09-25T11:30:47Z,feed,2026-09-30T13:10:25Z,2026-09-30T13:30:34Z
anglian:AWS00612,anglian,2026-09-25T11:30:47Z,2026-09-25T11:30:47Z,feed,2026-10-01T12:30:28Z,2026-10-01T12:50:26Z
anglian:AWS00632,anglian,2026-09-13T05:01:19Z,2026-09-13T05:01:19Z,feed,2026-09-22T08:30:30Z,2026-09-22T08:50:24Z
anglian:AWS00632,anglian,2026-09-13T05:01:19Z,2026-09-13T05:01:19Z,feed,2026-09-23T06:10:24Z,2026-09-23T06:30:24Z
anglian:AWS00632,anglian,2026-09-13T05:01:19Z,2026-09-13T05:01:19Z,feed,2026-09-27T12:10:58Z,2026-09-27T12:30:25Z
anglian:AWS00632,anglian,2026-09-13T05:01:19Z,2026-09-13T05:01:19Z,feed,2026-09-28T16:50:22Z,2026-09-28T17:10:24Z
anglian:AWS00632,anglian,2026-09-13T05:01:19Z,2026-09-13T05:01:19Z,feed,2026-10-01T13:10:29Z,2026-10-01T13:30:31Z
anglian:AWS00632,anglian,2026-09-13T05:01:19Z,2026-09-13T05:01:19Z,feed,2026-10-02T10:30:30Z,2026-10-02T10:50:21Z
anglian:AWS00632,anglian,2026-09-13T05:01:19Z,2026-09-13T05:01:19Z,feed,2026-10-03T16:30:28Z,2026-10-03T16:50:31Z
anglian:AWS00632,anglian,2026-09-13T05:01:19Z,2026-09-13T05:01:19Z,feed,2026-10-07T00:20:22Z,2026-10-07T00:30:26Z
anglian:AWS00632,anglian,2026-09-13T05:01:19Z,2026-09-13T05:01:19Z,feed,2026-10-08T00:30:38Z,2026-10-08T00:50:30Z
anglian:AWS00664,anglian,2026-09-13T08:46:39Z,,,2026-09-17T00:49:00Z,2026-09-17T00:49:00Z
anglian:AWS00681,anglian,2026-09-09T09:30:36Z,2026-09-09T09:30:36Z,feed,2026-09-28T04:20:28Z,2026-09-28T04:30:31Z
anglian:AWS00681,anglian,2026-09-09T09:30:36Z,2026-09-09T09:30:36Z,feed,2026-09-28T09:10:26Z,2026-09-28T09:30:26Z
anglian:AWS00681,anglian,2026-09-09T09:30:36Z,2026-09-09T09:30:36Z,feed,2026-09-28T11:30:30Z,2026-09-28T11:50:30Z
anglian:AWS00681,anglian,2026-09-09T09:30:36Z,2026-09-09T09:30:36Z,feed,2026-09-28T12:10:23Z,2026-09-28T12:50:29Z
anglian:AWS00681,anglian,2026-09-09T09:30:36Z,2026-09-09T09:30:36Z,feed,2026-09-28T14:10:25Z,2026-09-28T14:30:29Z
anglian:AWS00681,anglian,2026-09-09T09:30:36Z,2026-09-09T09:30:36Z,feed,2026-09-29T07:50:26Z,2026-09-29T08:10:37Z
anglian:AWS00681,anglian,2026-09-09T09:30:36Z,2026-09-09T09:30:36Z,feed,2026-09-29T09:30:27Z,2026-09-29T09:50:24Z
anglian:AWS00681,anglian,2026-09-09T09:30:36Z,2026-09-09T09:30:36Z,feed,2026-09-29T11:50:26Z,2026-09-29T12:30:29Z
anglian:AWS00681,anglian,2026-09-09T09:30:36Z,2026-09-09T09:30:36Z,feed,2026-09-29T13:50:29Z,2026-09-29T14:10:26Z
anglian:AWS00681,anglian,2026-09-09T09:30:36Z,2026-09-09T09:30:36Z,feed,2026-09-29T15:11:08Z,2026-09-29T15:30:28Z
anglian:AWS00681,anglian,2026-09-09T09:30:36Z,2026-09-09T09:30:36Z,feed,2026-09-29T16:10:31Z,2026-09-29T16:30:28Z
anglian:AWS00681,anglian,2026-09-09T09:30:36Z,2026-09-09T09:30:36Z,feed,2026-09-29T17:30:27Z,2026-09-29T17:50:42Z
anglian:AWS00681,anglian,2026-09-09T09:30:36Z,2026-09-09T09:30:36Z,feed,2026-09-29T18:10:27Z,2026-09-29T18:30:25Z
anglian:AWS00681,anglian,2026-09-09T09:30:36Z,2026-09-09T09:30:36Z,feed,2026-09-29T19:50:26Z,2026-09-29T20:10:30Z
anglian:AWS00681,anglian,2026-09-09T09:30:36Z,2026-09-09T09:30:36Z,feed,2026-09-29T21:10:31Z,2026-09-29T21:30:30Z
anglian:AWS00681,anglian,2026-09-09T09:30:36Z,2026-09-09T09:30:36Z,feed,2026-09-29T22:50:25Z,2026-09-29T23:10:22Z
anglian:AWS00681,anglian,2026-09-09T09:30:36Z,2026-09-09T09:30:36Z,feed,2026-09-30T02:50:21Z,2026-09-30T03:20:24Z
anglian:AWS00681,anglian,2026-09-09T09:30:36Z,2026-09-09T09:30:36Z,feed,2026-09-30T07:20:24Z,2026-09-30T07:30:25Z
anglian:AWS00681,anglian,2026-09-09T09:30:36Z,2026-09-09T09:30:36Z,feed,2026-09-30T12:50:27Z,2026-09-30T13:30:34Z
anglian:AWS00681,anglian,2026-09-09T09:30:36Z,2026-09-09T09:30:36Z,feed,2026-09-30T14:50:27Z,2026-09-30T15:10:28Z
anglian:AWS00681,anglian,2026-09-09T09:30:36Z,2026-09-09T09:30:36Z,feed,2026-09-30T15:50:27Z,2026-09-30T16:10:30Z
anglian:AWS00681,anglian,2026-09-09T09:30:36Z,2026-09-09T09:30:36Z,feed,2026-09-30T16:30:42Z,2026-09-30T16:50:24Z
anglian:AWS00681,anglian,2026-09-09T09:30:36Z,2026-09-09T09:30:36Z,feed,2026-09-30T17:10:25Z,2026-09-30T17:30:33Z
anglian:AWS00681,anglian,2026-09-09T09:30:36Z,2026-09-09T09:30:36Z,feed,2026-10-01T09:20:21Z,2026-10-01T09:50:28Z
anglian:AWS00681,anglian,2026-09-09T09:30:36Z,2026-09-09T09:30:36Z,feed,2026-10-01T15:10:24Z,2026-10-01T15:30:46Z
anglian:AWS00681,anglian,2026-09-09T09:30:36Z,2026-09-09T09:30:36Z,feed,2026-10-01T19:10:27Z,2026-10-01T19:30:29Z
anglian:AWS00681,anglian,2026-09-09T09:30:36Z,2026-09-09T09:30:36Z,feed,2026-10-02T06:30:27Z,2026-10-02T07:00:28Z
anglian:AWS00681,anglian,2026-09-09T09:30:36Z,2026-09-09T09:30:36Z,feed,2026-10-02T12:10:26Z,2026-10-02T12:50:29Z
anglian:AWS00681,anglian,2026-09-09T09:30:36Z,2026-09-09T09:30:36Z,feed,2026-10-02T15:10:27Z,2026-10-02T15:30:33Z
anglian:AWS00681,anglian,2026-09-09T09:30:36Z,2026-09-09T09:30:36Z,feed,2026-10-02T21:10:23Z,2026-10-02T21:30:28Z
anglian:AWS00681,anglian,2026-09-09T09:30:36Z,2026-09-09T09:30:36Z,feed,2026-10-03T13:50:22Z,2026-10-03T14:10:21Z
anglian:AWS00681,anglian,2026-09-09T09:30:36Z,2026-09-09T09:30:36Z,feed,2026-10-06T11:30:27Z,2026-10-06T13:30:27Z
anglian:AWS00689,anglian,2026-09-04T05:16:09Z,2026-09-04T05:16:09Z,feed,2026-09-28T04:20:28Z,2026-09-28T04:30:31Z
anglian:AWS00689,anglian,2026-09-04T05:16:09Z,2026-09-04T05:16:09Z,feed,2026-09-28T09:10:26Z,2026-09-28T09:30:26Z
anglian:AWS00689,anglian,2026-09-04T05:16:09Z,2026-09-04T05:16:09Z,feed,2026-09-28T11:30:30Z,2026-09-28T11:50:30Z
anglian:AWS00689,anglian,2026-09-04T05:16:09Z,2026-09-04T05:16:09Z,feed,2026-09-28T12:10:23Z,2026-09-28T12:50:29Z
anglian:AWS00689,anglian,2026-09-04T05:16:09Z,2026-09-04T05:16:09Z,feed,2026-09-28T14:10:25Z,2026-09-28T14:30:29Z
anglian:AWS00689,anglian,2026-09-04T05:16:09Z,2026-09-04T05:16:09Z,feed,2026-09-29T07:50:26Z,2026-09-29T08:10:37Z
anglian:AWS00689,anglian,2026-09-04T05:16:09Z,2026-09-29T09:24:37Z,feed,2026-09-29T08:30:29Z,2026-09-29T12:30:29Z
anglian:AWS00689,anglian,2026-09-29T09:24:37Z,2026-09-29T09:24:37Z,feed,2026-09-29T13:50:29Z,2026-09-29T14:10:26Z
anglian:AWS00689,anglian,2026-09-29T09:24:37Z,2026-09-29T09:24:37Z,feed,2026-09-29T15:11:08Z,2026-09-29T15:30:28Z
anglian:AWS00689,anglian,2026-09-29T09:24:37Z,2026-09-29T09:24:37Z,feed,2026-09-29T16:10:31Z,2026-09-29T16:30:28Z
anglian:AWS00689,anglian,2026-09-29T09:24:37Z,2026-09-29T09:24:37Z,feed,2026-09-29T17:30:27Z,2026-09-29T17:50:42Z
anglian:AWS00689,anglian,2026-09-29T09:24:37Z,2026-09-29T09:24:37Z,feed,2026-09-29T18:10:27Z,2026-09-29T18:30:25Z
anglian:AWS00689,anglian,2026-09-29T09:24:37Z,2026-09-29T09:24:37Z,feed,2026-09-29T19:50:26Z,2026-09-29T20:10:30Z
anglian:AWS00689,anglian,2026-09-29T09:24:37Z,2026-09-29T09:24:37Z,feed,2026-09-29T21:10:31Z,2026-09-29T21:30:30Z
anglian:AWS00689,anglian,2026-09-29T09:24:37Z,2026-09-29T09:24:37Z,feed,2026-09-29T22:50:25Z,2026-09-29T23:10:22Z
anglian:AWS00689,anglian,2026-09-29T09:24:37Z,2026-09-29T09:24:37Z,feed,2026-09-30T02:50:21Z,2026-09-30T03:20:24Z
anglian:AWS00689,anglian,2026-09-29T09:24:37Z,2026-09-29T09:24:37Z,feed,2026-09-30T07:20:24Z,2026-09-30T07:30:25Z
anglian:AWS00689,anglian,2026-09-29T09:24:37Z,2026-09-29T09:24:37Z,feed,2026-09-30T12:50:27Z,2026-09-30T13:30:34Z
anglian:AWS00689,anglian,2026-09-29T09:24:37Z,2026-09-29T09:24:37Z,feed,2026-09-30T14:50:27Z,2026-09-30T15:10:28Z
anglian:AWS00689,anglian,2026-09-29T09:24:37Z,2026-09-29T09:24:37Z,feed,2026-09-30T15:50:27Z,2026-09-30T16:10:30Z
anglian:AWS00689,anglian,2026-09-29T09:24:37Z,2026-09-29T09:24:37Z,feed,2026-09-30T16:30:42Z,2026-09-30T16:50:24Z
anglian:AWS00689,anglian,2026-09-29T09:24:37Z,2026-09-29T09:24:37Z,feed,2026-09-30T17:10:25Z,2026-09-30T17:30:33Z
anglian:AWS00689,anglian,2026-09-29T09:24:37Z,2026-09-29T09:24:37Z,feed,2026-10-01T09:20:21Z,2026-10-01T09:50:28Z
anglian:AWS00689,anglian,2026-09-29T09:24:37Z,2026-09-29T09:24:37Z,feed,2026-10-01T15:10:24Z,2026-10-01T15:30:46Z
anglian:AWS00689,anglian,2026-09-29T09:24:37Z,2026-09-29T09:24:37Z,feed,2026-10-01T19:10:27Z,2026-10-01T19:30:29Z
anglian:AWS00689,anglian,2026-09-29T09:24:37Z,2026-09-29T09:24:37Z,feed,2026-10-02T06:30:27Z,2026-10-02T07:00:28Z
anglian:AWS00693,anglian,2026-09-26T14:30:48Z,,,2026-10-08T08:20:27Z,2026-10-08T08:20:27Z
anglian:AWS00725,anglian,2026-09-04T08:31:00Z,2026-09-04T08:31:00Z,feed,2026-09-22T08:30:30Z,2026-09-22T08:50:24Z
anglian:AWS00726,anglian,2026-09-13T12:31:01Z,2026-09-13T12:31:01Z,feed,2026-09-22T08:30:30Z,2026-09-22T08:50:24Z
anglian:AWS00727,anglian,2026-09-13T12:46:04Z,2026-09-13T12:46:04Z,feed,2026-09-22T08:30:30Z,2026-09-22T08:50:24Z
anglian:AWS00728,anglian,2026-09-04T08:31:00Z,2026-09-04T08:31:00Z,feed,2026-09-22T08:30:30Z,2026-09-22T08:50:24Z
anglian:AWS00729,anglian,2026-09-04T08:31:00Z,2026-09-04T08:31:00Z,feed,2026-09-22T08:30:30Z,2026-09-22T08:50:24Z
anglian:AWS00730,anglian,2026-09-04T08:31:00Z,2026-09-04T08:31:00Z,feed,2026-09-22T08:30:30Z,2026-09-22T08:50:24Z
anglian:AWS00731,anglian,2026-09-13T12:31:01Z,2026-09-13T12:31:01Z,feed,2026-09-22T08:30:30Z,2026-09-22T08:50:24Z
anglian:AWS00736,anglian,2026-09-04T03:30:29Z,2026-09-04T03:30:29Z,feed,2026-10-01T03:30:29Z,2026-10-01T05:50:26Z
anglian:AWS00752,anglian,2026-09-05T14:01:36Z,2026-09-05T14:01:36Z,feed,2026-09-17T00:49:00Z,2026-09-20T11:50:51Z
anglian:AWS00758,anglian,2026-09-20T19:31:13Z,2026-09-20T19:31:13Z,feed,2026-09-24T21:30:26Z,2026-09-24T21:50:24Z
anglian:AWS00774,anglian,2026-09-04T03:36:06Z,2026-09-04T03:36:06Z,feed,2026-09-30T13:10:25Z,2026-09-30T13:30:34Z
anglian:AWS00775,anglian,2026-09-25T05:00:05Z,2026-09-25T05:00:05Z,feed,2026-09-30T13:10:25Z,2026-09-30T13:30:34Z
anglian:AWS00776,anglian,2026-09-04T04:00:45Z,2026-09-04T04:00:45Z,feed,2026-09-17T11:32:49Z,2026-09-17T13:51:58Z
anglian:AWS00776,anglian,2026-09-04T04:00:45Z,2026-09-04T04:00:45Z,feed,2026-09-30T13:10:25Z,2026-09-30T13:30:34Z
anglian:AWS00804,anglian,2026-09-04T06:43:32Z,2026-09-04T06:43:32Z,feed,2026-09-22T08:30:30Z,2026-09-22T08:50:24Z
anglian:AWS00804,anglian,2026-09-04T06:43:32Z,2026-09-04T06:43:32Z,feed,2026-10-06T23:10:26Z,2026-10-06T23:30:27Z
anglian:AWS00805,anglian,2026-09-04T14:54:14Z,2026-09-04T14:54:14Z,feed,2026-09-17T00:49:00Z,2026-09-17T13:51:58Z
anglian:AWS00814,anglian,2026-09-04T07:30:52Z,2026-09-04T07:30:52Z,feed,2026-09-24T07:00:27Z,2026-09-24T07:20:29Z
anglian:AWS00833,anglian,2026-09-21T11:46:32Z,2026-09-21T11:46:32Z,feed,2026-09-21T12:30:31Z,2026-09-21T12:50:20Z
anglian:AWS00833,anglian,2026-09-24T11:45:43Z,2026-09-24T11:45:43Z,feed,2026-09-24T21:30:26Z,2026-09-24T21:50:24Z
anglian:AWS00839,anglian,2026-09-04T05:13:28Z,2026-09-04T05:13:28Z,feed,2026-10-01T03:30:29Z,2026-10-01T07:00:32Z
anglian:AWS00856,anglian,2026-09-04T05:31:50Z,2026-09-04T05:31:50Z,feed,2026-09-28T19:30:34Z,2026-09-28T20:30:30Z
anglian:AWS00856,anglian,2026-09-04T05:31:50Z,2026-09-04T05:31:50Z,feed,2026-09-30T13:30:34Z,2026-09-30T16:30:42Z
anglian:AWS00856,anglian,2026-09-04T05:31:50Z,2026-09-04T05:31:50Z,feed,2026-09-30T19:30:25Z,2026-09-30T20:50:34Z
anglian:AWS00858,anglian,2026-09-08T13:28:18Z,2026-09-08T13:28:18Z,feed,2026-09-18T01:48:59Z,2026-09-18T05:53:28Z
anglian:AWS00858,anglian,2026-09-08T13:28:18Z,2026-09-08T13:28:18Z,feed,2026-09-19T09:49:55Z,2026-09-19T10:10:17Z
anglian:AWS00858,anglian,2026-09-08T13:28:18Z,2026-09-08T13:28:18Z,feed,2026-09-21T01:54:06Z,2026-09-21T02:14:26Z
anglian:AWS00858,anglian,2026-09-08T13:28:18Z,2026-09-08T13:28:18Z,feed,2026-09-21T09:50:27Z,2026-09-21T10:20:21Z
anglian:AWS00862,anglian,2026-09-17T11:00:24Z,2026-09-17T11:00:24Z,feed,2026-09-18T01:48:59Z,2026-09-18T02:18:27Z
anglian:AWS00862,anglian,2026-09-17T11:00:24Z,2026-09-17T11:00:24Z,feed,2026-09-20T22:52:22Z,2026-09-20T23:12:39Z
anglian:AWS00862,anglian,2026-09-17T11:00:24Z,2026-09-17T11:00:24Z,feed,2026-09-21T01:19:23Z,2026-09-21T02:14:26Z
anglian:AWS00862,anglian,2026-09-17T11:00:24Z,2026-09-17T11:00:24Z,feed,2026-09-21T02:34:46Z,2026-09-21T02:50:21Z
anglian:AWS00862,anglian,2026-09-17T11:00:24Z,2026-09-17T11:00:24Z,feed,2026-09-21T03:20:27Z,2026-09-21T03:30:27Z
anglian:AWS00862,anglian,2026-09-17T11:00:24Z,2026-09-17T11:00:24Z,feed,2026-09-21T03:50:25Z,2026-09-21T04:20:20Z
anglian:AWS00862,anglian,2026-09-17T11:00:24Z,2026-09-17T11:00:24Z,feed,2026-09-21T04:50:23Z,2026-09-21T05:30:21Z
anglian:AWS00862,anglian,2026-09-17T11:00:24Z,2026-09-17T11:00:24Z,feed,2026-09-21T05:50:25Z,2026-09-21T06:20:25Z
anglian:AWS00862,anglian,2026-09-17T11:00:24Z,2026-09-17T11:00:24Z,feed,2026-09-21T06:30:28Z,2026-09-21T07:00:25Z
anglian:AWS00862,anglian,2026-09-17T11:00:24Z,2026-09-17T11:00:24Z,feed,2026-09-21T07:20:21Z,2026-09-21T07:30:23Z
anglian:AWS00862,anglian,2026-09-17T11:00:24Z,2026-09-17T11:00:24Z,feed,2026-09-22T06:20:29Z,2026-09-22T07:00:30Z
anglian:AWS00862,anglian,2026-09-17T11:00:24Z,2026-09-17T11:00:24Z,feed,2026-09-22T07:15:13Z,2026-09-22T07:30:25Z
anglian:AWS00862,anglian,2026-09-17T11:00:24Z,2026-09-17T11:00:24Z,feed,2026-09-22T23:30:24Z,2026-09-23T01:20:21Z
anglian:AWS00862,anglian,2026-09-17T11:00:24Z,2026-09-17T11:00:24Z,feed,2026-09-23T01:30:26Z,2026-09-23T02:20:21Z
anglian:AWS00862,anglian,2026-09-17T11:00:24Z,2026-09-17T11:00:24Z,feed,2026-09-24T00:30:24Z,2026-09-24T00:50:24Z
anglian:AWS00862,anglian,2026-09-17T11:00:24Z,2026-09-17T11:00:24Z,feed,2026-09-24T19:10:27Z,2026-09-24T20:10:25Z
anglian:AWS00862,anglian,2026-09-17T11:00:24Z,2026-09-17T11:00:24Z,feed,2026-09-24T23:50:26Z,2026-09-25T01:30:25Z
anglian:AWS00862,anglian,2026-09-17T11:00:24Z,2026-09-17T11:00:24Z,feed,2026-09-25T01:50:21Z,2026-09-25T02:30:28Z
anglian:AWS00862,anglian,2026-09-17T11:00:24Z,2026-09-17T11:00:24Z,feed,2026-09-25T04:30:25Z,2026-09-25T04:50:22Z
anglian:AWS00862,anglian,2026-09-17T11:00:24Z,2026-09-17T11:00:24Z,feed,2026-09-25T05:20:22Z,2026-09-25T05:50:21Z
anglian:AWS00862,anglian,2026-09-17T11:00:24Z,2026-09-17T11:00:24Z,feed,2026-09-26T01:30:27Z,2026-09-26T02:30:25Z
anglian:AWS00862,anglian,2026-09-17T11:00:24Z,2026-09-17T11:00:24Z,feed,2026-09-26T02:50:21Z,2026-09-26T03:32:35Z
anglian:AWS00862,anglian,2026-09-17T11:00:24Z,2026-09-17T11:00:24Z,feed,2026-09-26T03:50:26Z,2026-09-26T04:20:25Z
anglian:AWS00862,anglian,2026-09-17T11:00:24Z,2026-09-17T11:00:24Z,feed,2026-09-26T04:50:23Z,2026-09-26T05:20:27Z
anglian:AWS00862,anglian,2026-09-17T11:00:24Z,2026-09-17T11:00:24Z,feed,2026-09-26T05:30:28Z,2026-09-26T06:10:26Z
anglian:AWS00862,anglian,2026-09-17T11:00:24Z,2026-09-17T11:00:24Z,feed,2026-09-26T06:30:28Z,2026-09-26T07:00:32Z
anglian:AWS00862,anglian,2026-09-17T11:00:24Z,2026-09-17T11:00:24Z,feed,2026-09-26T08:30:30Z,2026-09-26T08:50:21Z
anglian:AWS00862,anglian,2026-09-17T11:00:24Z,2026-09-17T11:00:24Z,feed,2026-09-27T07:00:27Z,2026-09-27T07:10:22Z
anglian:AWS00862,anglian,2026-09-17T11:00:24Z,2026-09-17T11:00:24Z,feed,2026-09-27T23:50:21Z,2026-09-28T00:20:25Z
anglian:AWS00862,anglian,2026-09-17T11:00:24Z,2026-09-17T11:00:24Z,feed,2026-09-28T22:30:28Z,2026-09-28T23:50:29Z
anglian:AWS00862,anglian,2026-09-17T11:00:24Z,2026-09-17T11:00:24Z,feed,2026-09-29T00:30:29Z,2026-09-29T00:50:57Z
anglian:AWS00862,anglian,2026-09-17T11:00:24Z,2026-09-17T11:00:24Z,feed,2026-09-29T02:50:57Z,2026-09-29T03:20:24Z
anglian:AWS00862,anglian,2026-09-17T11:00:24Z,2026-09-17T11:00:24Z,feed,2026-09-30T05:50:25Z,2026-09-30T06:21:00Z
anglian:AWS00862,anglian,2026-09-17T11:00:24Z,2026-09-17T11:00:24Z,feed,2026-10-01T02:20:24Z,2026-10-01T02:30:25Z
anglian:AWS00862,anglian,2026-09-17T11:00:24Z,2026-09-17T11:00:24Z,feed,2026-10-01T03:30:29Z,2026-10-01T03:50:30Z
anglian:AWS00862,anglian,2026-09-17T11:00:24Z,2026-09-17T11:00:24Z,feed,2026-10-01T04:20:25Z,2026-10-01T04:30:28Z
anglian:AWS00862,anglian,2026-09-17T11:00:24Z,2026-09-17T11:00:24Z,feed,2026-10-01T05:20:27Z,2026-10-01T06:20:30Z
anglian:AWS00862,anglian,2026-09-17T11:00:24Z,2026-09-17T11:00:24Z,feed,2026-10-01T06:30:28Z,2026-10-01T07:30:25Z
anglian:AWS00862,anglian,2026-09-17T11:00:24Z,2026-09-17T11:00:24Z,feed,2026-10-01T21:50:26Z,2026-10-01T22:10:59Z
anglian:AWS00862,anglian,2026-09-17T11:00:24Z,2026-09-17T11:00:24Z,feed,2026-10-01T22:50:21Z,2026-10-01T23:10:27Z
anglian:AWS00862,anglian,2026-09-17T11:00:24Z,2026-09-17T11:00:24Z,feed,2026-10-01T23:50:24Z,2026-10-02T00:50:21Z
anglian:AWS00862,anglian,2026-09-17T11:00:24Z,2026-09-17T11:00:24Z,feed,2026-10-02T01:20:25Z,2026-10-02T01:30:27Z
anglian:AWS00862,anglian,2026-09-17T11:00:24Z,2026-09-17T11:00:24Z,feed,2026-10-02T01:50:21Z,2026-10-02T02:20:25Z
anglian:AWS00870,anglian,2026-09-15T08:55:22Z,,,2026-09-17T00:49:00Z,2026-09-17T00:49:00Z
anglian:AWS00871,anglian,2026-09-13T13:52:38Z,2026-09-13T13:52:38Z,feed,2026-09-22T08:30:30Z,2026-09-22T08:50:24Z
anglian:AWS00871,anglian,2026-09-13T13:52:38Z,2026-09-13T13:52:38Z,feed,2026-10-05T07:30:27Z,2026-10-05T07:50:21Z
anglian:AWS00871,anglian,2026-09-13T13:52:38Z,2026-09-13T13:52:38Z,feed,2026-10-06T23:10:26Z,2026-10-06T23:30:27Z
anglian:AWS00872,anglian,2026-09-04T07:15:02Z,2026-09-04T07:15:02Z,feed,2026-09-29T07:00:27Z,2026-09-29T07:19:07Z
anglian:AWS00872,anglian,2026-09-04T07:15:02Z,2026-09-04T07:15:02Z,feed,2026-10-07T07:20:27Z,2026-10-07T07:30:28Z
anglian:AWS00881,anglian,2026-09-01T07:50:01Z,,,2026-09-17T00:49:00Z,2026-09-17T00:49:00Z
anglian:AWS00884,anglian,2026-09-11T07:31:03Z,2026-09-11T07:31:03Z,feed,2026-09-19T21:36:34Z,2026-09-19T21:56:55Z
anglian:AWS00884,anglian,2026-09-11T07:31:03Z,2026-09-11T07:31:03Z,feed,2026-09-28T09:50:23Z,2026-09-28T10:20:27Z
anglian:AWS00891,anglian,2026-09-08T14:46:07Z,2026-09-08T14:46:07Z,feed,2026-09-24T21:30:26Z,2026-09-24T21:50:24Z
anglian:AWS00891,anglian,2026-09-08T14:46:07Z,2026-09-08T14:46:07Z,feed,2026-09-29T14:30:29Z,2026-09-29T22:30:27Z
anglian:AWS00893,anglian,2026-09-04T05:01:46Z,2026-09-04T05:01:46Z,feed,2026-09-17T22:13:42Z,2026-09-17T22:57:48Z
anglian:AWS00893,anglian,2026-09-04T05:01:46Z,2026-09-04T05:01:46Z,feed,2026-09-21T14:40:24Z,2026-09-21T15:20:30Z
anglian:AWS00893,anglian,2026-09-04T05:01:46Z,2026-09-04T05:01:46Z,feed,2026-09-21T16:10:23Z,2026-09-21T16:40:32Z
anglian:AWS00893,anglian,2026-09-04T05:01:46Z,2026-09-04T05:01:46Z,feed,2026-09-23T23:10:22Z,2026-09-23T23:30:27Z
anglian:AWS00893,anglian,2026-09-04T05:01:46Z,2026-09-04T05:01:46Z,feed,2026-09-23T23:50:22Z,2026-09-24T00:30:24Z
anglian:AWS00893,anglian,2026-09-04T05:01:46Z,2026-09-04T05:01:46Z,feed,2026-09-24T01:20:25Z,2026-09-24T01:30:24Z
anglian:AWS00893,anglian,2026-09-04T05:01:46Z,2026-09-04T05:01:46Z,feed,2026-09-24T05:30:02Z,2026-09-24T06:30:27Z
anglian:AWS00893,anglian,2026-09-04T05:01:46Z,2026-09-04T05:01:46Z,feed,2026-09-24T08:50:21Z,2026-09-24T09:20:23Z
anglian:AWS00893,anglian,2026-09-04T05:01:46Z,2026-09-04T05:01:46Z,feed,2026-09-24T17:30:32Z,2026-09-24T17:50:28Z
anglian:AWS00893,anglian,2026-09-04T05:01:46Z,2026-09-04T05:01:46Z,feed,2026-09-24T18:30:33Z,2026-09-24T18:50:26Z
anglian:AWS00893,anglian,2026-09-04T05:01:46Z,2026-09-04T05:01:46Z,feed,2026-09-24T19:30:25Z,2026-09-24T20:10:25Z
anglian:AWS00893,anglian,2026-09-04T05:01:46Z,2026-09-04T05:01:46Z,feed,2026-09-24T20:30:32Z,2026-09-24T21:10:33Z
anglian:AWS00893,anglian,2026-09-04T05:01:46Z,2026-09-04T05:01:46Z,feed,2026-09-24T21:50:24Z,2026-09-24T22:20:27Z
anglian:AWS00893,anglian,2026-09-04T05:01:46Z,2026-09-04T05:01:46Z,feed,2026-09-25T00:48:07Z,2026-09-25T01:30:25Z
anglian:AWS00893,anglian,2026-09-04T05:01:46Z,2026-09-04T05:01:46Z,feed,2026-09-25T17:30:27Z,2026-09-25T18:10:26Z
anglian:AWS00893,anglian,2026-09-04T05:01:46Z,2026-09-04T05:01:46Z,feed,2026-09-25T18:30:27Z,2026-09-25T18:50:30Z
anglian:AWS00893,anglian,2026-09-04T05:01:46Z,2026-09-04T05:01:46Z,feed,2026-09-26T01:30:27Z,2026-09-26T01:50:21Z
anglian:AWS00893,anglian,2026-09-04T05:01:46Z,2026-09-04T05:01:46Z,feed,2026-09-26T02:20:22Z,2026-09-26T02:30:25Z
anglian:AWS00893,anglian,2026-09-04T05:01:46Z,2026-09-04T05:01:46Z,feed,2026-09-26T03:32:35Z,2026-09-26T03:50:26Z
anglian:AWS00893,anglian,2026-09-04T05:01:46Z,2026-09-04T05:01:46Z,feed,2026-09-26T07:30:24Z,2026-09-26T08:30:30Z
anglian:AWS00893,anglian,2026-09-04T05:01:46Z,2026-09-04T05:01:46Z,feed,2026-09-26T09:10:57Z,2026-09-26T09:30:23Z
anglian:AWS00893,anglian,2026-09-04T05:01:46Z,2026-09-04T05:01:46Z,feed,2026-09-26T18:10:21Z,2026-09-26T20:50:25Z
anglian:AWS00893,anglian,2026-09-04T05:01:46Z,2026-09-04T05:01:46Z,feed,2026-09-26T21:50:59Z,2026-09-26T22:10:25Z
anglian:AWS00893,anglian,2026-09-04T05:01:46Z,2026-09-04T05:01:46Z,feed,2026-09-27T19:10:25Z,2026-09-27T19:30:25Z
anglian:AWS00893,anglian,2026-09-04T05:01:46Z,2026-09-04T05:01:46Z,feed,2026-09-28T18:10:25Z,2026-09-28T19:10:25Z
anglian:AWS00893,anglian,2026-09-04T05:01:46Z,2026-09-04T05:01:46Z,feed,2026-09-28T20:50:25Z,2026-09-28T21:10:30Z
anglian:AWS00893,anglian,2026-09-04T05:01:46Z,2026-09-04T05:01:46Z,feed,2026-09-29T00:50:57Z,2026-09-29T01:20:23Z
anglian:AWS00893,anglian,2026-09-04T05:01:46Z,2026-09-04T05:01:46Z,feed,2026-09-29T01:30:24Z,2026-09-29T01:50:27Z
anglian:AWS00893,anglian,2026-09-04T05:01:46Z,2026-09-04T05:01:46Z,feed,2026-09-29T02:50:57Z,2026-09-29T03:31:03Z
anglian:AWS00893,anglian,2026-09-04T05:01:46Z,2026-09-04T05:01:46Z,feed,2026-09-29T05:50:23Z,2026-09-29T06:20:21Z
anglian:AWS00893,anglian,2026-09-04T05:01:46Z,2026-09-04T05:01:46Z,feed,2026-09-29T06:31:04Z,2026-09-29T07:00:27Z
anglian:AWS00893,anglian,2026-09-04T05:01:46Z,2026-09-04T05:01:46Z,feed,2026-09-29T21:30:30Z,2026-09-29T21:50:33Z
anglian:AWS00893,anglian,2026-09-04T05:01:46Z,2026-09-04T05:01:46Z,feed,2026-10-01T00:20:24Z,2026-10-01T00:30:24Z
anglian:AWS00893,anglian,2026-09-04T05:01:46Z,2026-09-04T05:01:46Z,feed,2026-10-01T03:30:29Z,2026-10-01T04:40:23Z
anglian:AWS00893,anglian,2026-09-04T05:01:46Z,2026-09-04T05:01:46Z,feed,2026-10-01T20:30:34Z,2026-10-01T20:50:29Z
anglian:AWS00893,anglian,2026-09-04T05:01:46Z,2026-09-04T05:01:46Z,feed,2026-10-01T21:50:26Z,2026-10-01T22:10:59Z
anglian:AWS00893,anglian,2026-09-04T05:01:46Z,2026-09-04T05:01:46Z,feed,2026-10-01T22:30:29Z,2026-10-01T22:50:21Z
anglian:AWS00893,anglian,2026-09-04T05:01:46Z,2026-09-04T05:01:46Z,feed,2026-10-02T06:20:22Z,2026-10-02T06:30:27Z
anglian:AWS00893,anglian,2026-09-04T05:01:46Z,2026-09-04T05:01:46Z,feed,2026-10-03T03:50:22Z,2026-10-03T04:20:58Z
anglian:AWS00893,anglian,2026-09-04T05:01:46Z,2026-09-04T05:01:46Z,feed,2026-10-04T04:30:28Z,2026-10-04T05:20:24Z
anglian:AWS00893,anglian,2026-09-04T05:01:46Z,2026-09-04T05:01:46Z,feed,2026-10-04T06:30:23Z,2026-10-04T07:00:30Z
anglian:AWS00893,anglian,2026-09-04T05:01:46Z,2026-09-04T05:01:46Z,feed,2026-10-04T14:00:31Z,2026-10-04T14:10:24Z
anglian:AWS00893,anglian,2026-09-04T05:01:46Z,2026-09-04T05:01:46Z,feed,2026-10-05T13:10:23Z,2026-10-05T13:30:30Z
anglian:AWS00893,anglian,2026-09-04T05:01:46Z,2026-09-04T05:01:46Z,feed,2026-10-05T14:10:24Z,2026-10-05T14:30:27Z
anglian:AWS00893,anglian,2026-09-04T05:01:46Z,2026-09-04T05:01:46Z,feed,2026-10-06T14:50:34Z,2026-10-06T15:30:33Z
anglian:AWS00893,anglian,2026-09-04T05:01:46Z,2026-09-04T05:01:46Z,feed,2026-10-06T16:20:28Z,2026-10-06T16:30:32Z
anglian:AWS00893,anglian,2026-09-04T05:01:46Z,2026-09-04T05:01:46Z,feed,2026-10-06T17:00:29Z,2026-10-06T17:30:27Z
anglian:AWS00893,anglian,2026-09-04T05:01:46Z,2026-09-04T05:01:46Z,feed,2026-10-06T19:30:24Z,2026-10-06T19:50:27Z
anglian:AWS00893,anglian,2026-09-04T05:01:46Z,2026-09-04T05:01:46Z,feed,2026-10-06T20:50:20Z,2026-10-06T21:10:24Z
anglian:AWS00927,anglian,2026-09-04T09:15:53Z,2026-09-04T09:15:53Z,feed,2026-09-29T22:30:27Z,2026-09-29T22:50:25Z
anglian:AWS00927,anglian,2026-09-04T09:15:53Z,2026-09-04T09:15:53Z,feed,2026-10-07T11:50:24Z,2026-10-07T12:21:02Z
anglian:AWS00928,anglian,2026-09-20T19:30:49Z,2026-09-20T19:30:49Z,feed,2026-09-22T08:30:30Z,2026-09-22T08:50:24Z
anglian:AWS00950,anglian,2026-09-26T08:00:19Z,2026-09-26T08:00:19Z,feed,2026-09-27T00:50:20Z,2026-10-02T20:10:28Z
anglian:AWS00950,anglian,2026-09-26T08:00:19Z,2026-09-26T08:00:19Z,feed,2026-10-04T04:30:28Z,2026-10-04T07:50:30Z
anglian:AWS00950,anglian,2026-09-26T08:00:19Z,2026-09-26T08:00:19Z,feed,2026-10-04T14:00:31Z,2026-10-04T14:10:24Z
anglian:AWS00954,anglian,2026-09-14T23:30:52Z,2026-09-14T23:30:52Z,feed,2026-10-01T16:10:26Z,2026-10-01T16:30:02Z
anglian:AWS00954,anglian,2026-09-14T23:30:52Z,2026-09-14T23:30:52Z,feed,2026-10-01T17:10:23Z,2026-10-01T17:30:28Z
anglian:AWS00954,anglian,2026-09-14T23:30:52Z,2026-09-14T23:30:52Z,feed,2026-10-04T07:00:30Z,2026-10-04T08:30:25Z
anglian:AWS00962,anglian,2026-09-28T07:15:48Z,2026-09-28T07:15:48Z,feed,2026-10-07T15:20:26Z,2026-10-07T15:30:29Z
anglian:AWS00962,anglian,2026-09-28T07:15:48Z,2026-09-28T07:15:48Z,feed,2026-10-07T15:50:37Z,2026-10-07T16:10:31Z
anglian:AWS00965,anglian,2026-09-17T22:01:36Z,2026-09-17T22:01:36Z,feed,2026-09-24T21:30:26Z,2026-09-24T21:50:24Z
anglian:AWS00974,anglian,2026-09-04T04:16:02Z,2026-09-04T04:16:02Z,feed,2026-09-17T02:08:37Z,2026-09-17T11:32:49Z
anglian:AWS00974,anglian,2026-09-04T04:16:02Z,2026-09-04T04:16:02Z,feed,2026-09-17T22:13:42Z,2026-09-17T22:57:48Z
anglian:AWS00974,anglian,2026-09-04T04:16:02Z,2026-09-04T04:16:02Z,feed,2026-09-18T14:37:46Z,2026-09-18T14:47:57Z
anglian:AWS00974,anglian,2026-09-04T04:16:02Z,2026-09-04T04:16:02Z,feed,2026-09-18T23:14:14Z,2026-09-18T23:34:35Z
anglian:AWS00974,anglian,2026-09-04T04:16:02Z,2026-09-04T04:16:02Z,feed,2026-09-19T05:30:14Z,2026-09-19T05:50:37Z
anglian:AWS00974,anglian,2026-09-04T04:16:02Z,2026-09-04T04:16:02Z,feed,2026-09-24T10:20:26Z,2026-09-24T11:30:25Z
anglian:AWS00974,anglian,2026-09-04T04:16:02Z,2026-09-04T04:16:02Z,feed,2026-09-24T12:10:27Z,2026-09-24T12:30:32Z
anglian:AWS00974,anglian,2026-09-04T04:16:02Z,2026-09-04T04:16:02Z,feed,2026-09-24T16:50:30Z,2026-09-24T17:10:31Z
anglian:AWS00974,anglian,2026-09-04T04:16:02Z,2026-09-04T04:16:02Z,feed,2026-09-24T19:30:25Z,2026-09-24T20:30:32Z
anglian:AWS00974,anglian,2026-09-04T04:16:02Z,2026-09-04T04:16:02Z,feed,2026-09-24T20:50:22Z,2026-09-24T22:30:27Z
anglian:AWS00974,anglian,2026-09-04T04:16:02Z,2026-09-04T04:16:02Z,feed,2026-09-25T00:20:28Z,2026-09-25T00:30:30Z
anglian:AWS00974,anglian,2026-09-04T04:16:02Z,2026-09-04T04:16:02Z,feed,2026-09-25T01:20:23Z,2026-09-25T01:30:25Z
anglian:AWS00974,anglian,2026-09-04T04:16:02Z,2026-09-04T04:16:02Z,feed,2026-09-25T02:20:20Z,2026-09-25T02:30:28Z
anglian:AWS00974,anglian,2026-09-04T04:16:02Z,2026-09-04T04:16:02Z,feed,2026-09-25T04:50:22Z,2026-09-25T05:20:22Z
anglian:AWS00974,anglian,2026-09-04T04:16:02Z,2026-09-04T04:16:02Z,feed,2026-09-25T07:30:22Z,2026-09-25T07:50:27Z
anglian:AWS00974,anglian,2026-09-04T04:16:02Z,2026-09-04T04:16:02Z,feed,2026-09-25T09:50:22Z,2026-09-25T10:20:23Z
anglian:AWS00974,anglian,2026-09-04T04:16:02Z,2026-09-04T04:16:02Z,feed,2026-09-26T05:30:28Z,2026-09-26T05:50:16Z
anglian:AWS00974,anglian,2026-09-04T04:16:02Z,2026-09-04T04:16:02Z,feed,2026-09-26T06:10:26Z,2026-09-26T06:30:28Z
anglian:AWS00974,anglian,2026-09-04T04:16:02Z,2026-09-04T04:16:02Z,feed,2026-09-26T07:00:32Z,2026-09-26T07:10:27Z
anglian:AWS00974,anglian,2026-09-04T04:16:02Z,2026-09-04T04:16:02Z,feed,2026-09-26T22:30:30Z,2026-09-26T22:50:26Z
anglian:AWS00974,anglian,2026-09-04T04:16:02Z,2026-09-04T04:16:02Z,feed,2026-09-27T03:20:22Z,2026-09-27T03:30:26Z
anglian:AWS00974,anglian,2026-09-04T04:16:02Z,2026-09-04T04:16:02Z,feed,2026-09-27T07:50:22Z,2026-09-27T08:10:25Z
anglian:AWS00974,anglian,2026-09-04T04:16:02Z,2026-09-04T04:16:02Z,feed,2026-09-27T09:50:25Z,2026-09-27T10:50:25Z
anglian:AWS00974,anglian,2026-09-04T04:16:02Z,2026-09-04T04:16:02Z,feed,2026-09-27T11:50:25Z,2026-09-27T12:30:25Z
anglian:AWS00974,anglian,2026-09-04T04:16:02Z,2026-09-04T04:16:02Z,feed,2026-09-27T13:30:25Z,2026-09-27T14:10:23Z
anglian:AWS00974,anglian,2026-09-04T04:16:02Z,2026-09-04T04:16:02Z,feed,2026-09-27T14:50:24Z,2026-09-27T15:10:22Z
anglian:AWS00974,anglian,2026-09-04T04:16:02Z,2026-09-04T04:16:02Z,feed,2026-09-27T16:30:26Z,2026-09-27T16:50:24Z
anglian:AWS00974,anglian,2026-09-04T04:16:02Z,2026-09-04T04:16:02Z,feed,2026-09-27T17:10:25Z,2026-09-27T17:50:26Z
anglian:AWS00974,anglian,2026-09-04T04:16:02Z,2026-09-04T04:16:02Z,feed,2026-09-27T20:20:26Z,2026-09-27T20:30:28Z
anglian:AWS00974,anglian,2026-09-04T04:16:02Z,2026-09-04T04:16:02Z,feed,2026-09-28T14:30:29Z,2026-09-28T15:10:23Z
anglian:AWS00974,anglian,2026-09-04T04:16:02Z,2026-09-04T04:16:02Z,feed,2026-09-28T15:30:30Z,2026-09-28T16:10:25Z
anglian:AWS00974,anglian,2026-09-04T04:16:02Z,2026-09-04T04:16:02Z,feed,2026-09-28T18:10:25Z,2026-09-28T18:30:26Z
anglian:AWS00974,anglian,2026-09-04T04:16:02Z,2026-09-04T04:16:02Z,feed,2026-09-28T19:50:26Z,2026-09-28T20:10:24Z
anglian:AWS00974,anglian,2026-09-04T04:16:02Z,2026-09-04T04:16:02Z,feed,2026-09-28T21:50:23Z,2026-09-28T22:10:31Z
anglian:AWS00974,anglian,2026-09-04T04:16:02Z,2026-09-04T04:16:02Z,feed,2026-09-28T23:30:25Z,2026-09-28T23:50:29Z
anglian:AWS00974,anglian,2026-09-04T04:16:02Z,2026-09-04T04:16:02Z,feed,2026-09-29T00:30:29Z,2026-09-29T00:50:57Z
anglian:AWS00974,anglian,2026-09-04T04:16:02Z,2026-09-04T04:16:02Z,feed,2026-09-29T07:19:07Z,2026-09-29T07:50:26Z
anglian:AWS00974,anglian,2026-09-04T04:16:02Z,2026-09-04T04:16:02Z,feed,2026-09-29T08:50:22Z,2026-09-29T09:20:24Z
anglian:AWS00974,anglian,2026-09-04T04:16:02Z,2026-09-04T04:16:02Z,feed,2026-09-29T09:30:27Z,2026-09-29T09:50:24Z
anglian:AWS00974,anglian,2026-09-04T04:16:02Z,2026-09-04T04:16:02Z,feed,2026-09-29T10:20:25Z,2026-09-29T10:30:33Z
anglian:AWS00974,anglian,2026-09-04T04:16:02Z,2026-09-04T04:16:02Z,feed,2026-09-29T13:30:37Z,2026-09-29T13:50:29Z
anglian:AWS00974,anglian,2026-09-04T04:16:02Z,2026-09-04T04:16:02Z,feed,2026-09-29T14:50:24Z,2026-09-29T15:11:08Z
anglian:AWS00974,anglian,2026-09-04T04:16:02Z,2026-09-04T04:16:02Z,feed,2026-09-29T15:30:28Z,2026-09-29T15:50:25Z
anglian:AWS00974,anglian,2026-09-04T04:16:02Z,2026-09-04T04:16:02Z,feed,2026-09-29T16:20:26Z,2026-09-29T16:30:28Z
anglian:AWS00974,anglian,2026-09-04T04:16:02Z,2026-09-04T04:16:02Z,feed,2026-09-29T17:10:23Z,2026-09-29T17:50:42Z
anglian:AWS00974,anglian,2026-09-04T04:16:02Z,2026-09-04T04:16:02Z,feed,2026-09-29T18:50:31Z,2026-09-29T20:10:30Z
anglian:AWS00974,anglian,2026-09-04T04:16:02Z,2026-09-04T04:16:02Z,feed,2026-09-29T20:30:30Z,2026-09-29T21:10:31Z
anglian:AWS00974,anglian,2026-09-04T04:16:02Z,2026-09-04T04:16:02Z,feed,2026-09-29T22:10:27Z,2026-09-29T22:30:27Z
anglian:AWS00974,anglian,2026-09-04T04:16:02Z,2026-09-04T04:16:02Z,feed,2026-09-30T07:50:24Z,2026-09-30T08:50:26Z
anglian:AWS00974,anglian,2026-09-04T04:16:02Z,2026-09-04T04:16:02Z,feed,2026-09-30T11:20:31Z,2026-09-30T11:30:29Z
anglian:AWS00974,anglian,2026-09-04T04:16:02Z,2026-09-04T04:16:02Z,feed,2026-09-30T11:50:26Z,2026-09-30T12:20:25Z
anglian:AWS00974,anglian,2026-09-04T04:16:02Z,2026-09-04T04:16:02Z,feed,2026-09-30T12:50:27Z,2026-09-30T13:20:27Z
anglian:AWS00974,anglian,2026-09-04T04:16:02Z,2026-09-04T04:16:02Z,feed,2026-09-30T23:50:24Z,2026-10-01T00:30:24Z
anglian:AWS00974,anglian,2026-09-04T04:16:02Z,2026-09-04T04:16:02Z,feed,2026-10-01T04:20:25Z,2026-10-01T04:40:23Z
anglian:AWS00974,anglian,2026-09-04T04:16:02Z,2026-09-04T04:16:02Z,feed,2026-10-01T05:50:26Z,2026-10-01T06:20:30Z
anglian:AWS00974,anglian,2026-09-04T04:16:02Z,2026-09-04T04:16:02Z,feed,2026-10-01T06:30:28Z,2026-10-01T07:00:32Z
anglian:AWS00974,anglian,2026-09-04T04:16:02Z,2026-09-04T04:16:02Z,feed,2026-10-01T08:50:26Z,2026-10-01T09:20:21Z
anglian:AWS00974,anglian,2026-09-04T04:16:02Z,2026-09-04T04:16:02Z,feed,2026-10-01T10:20:32Z,2026-10-01T10:30:34Z
anglian:AWS00974,anglian,2026-09-04T04:16:02Z,2026-09-04T04:16:02Z,feed,2026-10-01T11:30:34Z,2026-10-01T11:50:25Z
anglian:AWS00974,anglian,2026-09-04T04:16:02Z,2026-09-04T04:16:02Z,feed,2026-10-01T12:30:28Z,2026-10-01T12:50:26Z
anglian:AWS00974,anglian,2026-09-04T04:16:02Z,2026-09-04T04:16:02Z,feed,2026-10-01T13:10:29Z,2026-10-01T14:10:31Z
anglian:AWS00974,anglian,2026-09-04T04:16:02Z,2026-09-04T04:16:02Z,feed,2026-10-01T14:50:30Z,2026-10-01T15:10:24Z
anglian:AWS00974,anglian,2026-09-04T04:16:02Z,2026-09-04T04:16:02Z,feed,2026-10-01T15:50:30Z,2026-10-01T16:10:26Z
anglian:AWS00974,anglian,2026-09-04T04:16:02Z,2026-09-04T04:16:02Z,feed,2026-10-01T16:50:25Z,2026-10-01T17:10:23Z
anglian:AWS00974,anglian,2026-09-04T04:16:02Z,2026-09-04T04:16:02Z,feed,2026-10-01T17:30:28Z,2026-10-01T18:50:25Z
anglian:AWS00974,anglian,2026-09-04T04:16:02Z,2026-09-04T04:16:02Z,feed,2026-10-01T19:30:29Z,2026-10-01T19:50:24Z
anglian:AWS00974,anglian,2026-09-04T04:16:02Z,2026-09-04T04:16:02Z,feed,2026-10-01T21:50:26Z,2026-10-01T22:20:25Z
anglian:AWS00974,anglian,2026-09-04T04:16:02Z,2026-09-04T04:16:02Z,feed,2026-10-01T22:50:21Z,2026-10-01T23:20:26Z
anglian:AWS00974,anglian,2026-09-04T04:16:02Z,2026-09-04T04:16:02Z,feed,2026-10-02T01:50:21Z,2026-10-02T02:20:25Z
anglian:AWS00974,anglian,2026-09-04T04:16:02Z,2026-09-04T04:16:02Z,feed,2026-10-02T08:20:25Z,2026-10-02T08:30:25Z
anglian:AWS00974,anglian,2026-09-04T04:16:02Z,2026-09-04T04:16:02Z,feed,2026-10-02T09:30:27Z,2026-10-02T09:50:28Z
anglian:AWS00974,anglian,2026-09-04T04:16:02Z,2026-09-04T04:16:02Z,feed,2026-10-02T12:10:26Z,2026-10-02T12:30:28Z
anglian:AWS00974,anglian,2026-09-04T04:16:02Z,2026-09-04T04:16:02Z,feed,2026-10-02T13:10:31Z,2026-10-02T13:30:25Z
anglian:AWS00974,anglian,2026-09-04T04:16:02Z,2026-09-04T04:16:02Z,feed,2026-10-02T18:28:57Z,2026-10-02T18:50:26Z
anglian:AWS00974,anglian,2026-09-04T04:16:02Z,2026-09-04T04:16:02Z,feed,2026-10-02T19:10:31Z,2026-10-02T19:30:31Z
anglian:AWS00974,anglian,2026-09-04T04:16:02Z,2026-09-04T04:16:02Z,feed,2026-10-02T19:50:27Z,2026-10-02T20:10:28Z
anglian:AWS00974,anglian,2026-09-04T04:16:02Z,2026-09-04T04:16:02Z,feed,2026-10-02T20:30:40Z,2026-10-02T21:30:28Z
anglian:AWS00974,anglian,2026-09-04T04:16:02Z,2026-09-04T04:16:02Z,feed,2026-10-02T23:10:24Z,2026-10-02T23:30:29Z
anglian:AWS00974,anglian,2026-09-04T04:16:02Z,2026-09-04T04:16:02Z,feed,2026-10-03T08:50:24Z,2026-10-03T09:10:22Z
anglian:AWS00974,anglian,2026-09-04T04:16:02Z,2026-09-04T04:16:02Z,feed,2026-10-03T10:30:24Z,2026-10-03T10:50:21Z
anglian:AWS00974,anglian,2026-09-04T04:16:02Z,2026-09-04T04:16:02Z,feed,2026-10-03T21:10:23Z,2026-10-03T21:30:24Z
anglian:AWS00974,anglian,2026-09-04T04:16:02Z,2026-09-04T04:16:02Z,feed,2026-10-04T00:20:31Z,2026-10-04T00:30:32Z
anglian:AWS00974,anglian,2026-09-04T04:16:02Z,2026-09-04T04:16:02Z,feed,2026-10-04T15:30:31Z,2026-10-04T15:50:22Z
anglian:AWS00974,anglian,2026-09-04T04:16:02Z,2026-09-04T04:16:02Z,feed,2026-10-04T20:50:22Z,2026-10-04T21:30:26Z
anglian:AWS00974,anglian,2026-09-04T04:16:02Z,2026-09-04T04:16:02Z,feed,2026-10-04T23:10:22Z,2026-10-04T23:30:24Z
anglian:AWS00974,anglian,2026-09-04T04:16:02Z,2026-09-04T04:16:02Z,feed,2026-10-05T10:50:22Z,2026-10-05T11:20:22Z
anglian:AWS00974,anglian,2026-09-04T04:16:02Z,2026-09-04T04:16:02Z,feed,2026-10-05T15:30:26Z,2026-10-05T15:50:23Z
anglian:AWS00974,anglian,2026-09-04T04:16:02Z,2026-09-04T04:16:02Z,feed,2026-10-05T19:50:46Z,2026-10-05T20:31:23Z
anglian:AWS00986,anglian,2026-09-04T05:46:16Z,2026-09-04T05:46:16Z,feed,2026-09-17T22:13:42Z,2026-09-17T22:57:48Z
anglian:AWS00986,anglian,2026-09-04T05:46:16Z,2026-09-04T05:46:16Z,feed,2026-09-18T11:11:27Z,2026-09-18T14:37:46Z
anglian:AWS00986,anglian,2026-09-04T05:46:16Z,2026-09-04T05:46:16Z,feed,2026-09-22T18:10:23Z,2026-09-22T18:50:24Z
anglian:AWS00986,anglian,2026-09-04T05:46:16Z,2026-09-04T05:46:16Z,feed,2026-09-22T20:30:28Z,2026-09-22T20:50:22Z
anglian:AWS00986,anglian,2026-09-04T05:46:16Z,2026-09-04T05:46:16Z,feed,2026-09-23T17:30:28Z,2026-09-23T17:50:25Z
anglian:AWS00986,anglian,2026-09-04T05:46:16Z,2026-09-04T05:46:16Z,feed,2026-09-23T18:10:24Z,2026-09-23T18:30:33Z
anglian:AWS00986,anglian,2026-09-04T05:46:16Z,2026-09-04T05:46:16Z,feed,2026-09-25T15:40:27Z,2026-09-25T15:50:27Z
anglian:AWS00986,anglian,2026-09-04T05:46:16Z,2026-09-04T05:46:16Z,feed,2026-09-25T19:50:24Z,2026-09-25T20:10:25Z
anglian:AWS00986,anglian,2026-09-04T05:46:16Z,2026-09-04T05:46:16Z,feed,2026-09-25T20:50:33Z,2026-09-25T21:10:35Z
anglian:AWS00986,anglian,2026-09-04T05:46:16Z,2026-09-04T05:46:16Z,feed,2026-09-25T21:50:26Z,2026-09-25T22:10:26Z
anglian:AWS00986,anglian,2026-09-04T05:46:16Z,2026-09-04T05:46:16Z,feed,2026-09-26T07:50:24Z,2026-09-26T08:20:24Z
anglian:AWS00986,anglian,2026-09-04T05:46:16Z,2026-09-04T05:46:16Z,feed,2026-09-26T11:10:23Z,2026-09-26T11:30:28Z
anglian:AWS00986,anglian,2026-09-04T05:46:16Z,2026-09-04T05:46:16Z,feed,2026-09-26T12:50:22Z,2026-09-26T13:10:23Z
anglian:AWS00986,anglian,2026-09-04T05:46:16Z,2026-09-04T05:46:16Z,feed,2026-09-26T13:30:25Z,2026-09-26T13:50:30Z
anglian:AWS00986,anglian,2026-09-04T05:46:16Z,2026-09-04T05:46:16Z,feed,2026-09-28T18:50:26Z,2026-09-28T19:10:25Z
anglian:AWS00986,anglian,2026-09-04T05:46:16Z,2026-09-04T05:46:16Z,feed,2026-09-29T09:30:27Z,2026-09-29T09:50:24Z
anglian:AWS00986,anglian,2026-09-04T05:46:16Z,2026-09-04T05:46:16Z,feed,2026-09-29T15:50:25Z,2026-09-29T16:20:26Z
anglian:AWS00986,anglian,2026-09-04T05:46:16Z,2026-09-04T05:46:16Z,feed,2026-09-30T13:20:27Z,2026-09-30T13:30:34Z
anglian:AWS00986,anglian,2026-09-04T05:46:16Z,2026-09-04T05:46:16Z,feed,2026-09-30T17:50:26Z,2026-09-30T18:10:26Z
anglian:AWS00986,anglian,2026-09-04T05:46:16Z,2026-09-04T05:46:16Z,feed,2026-10-01T15:10:24Z,2026-10-01T15:30:46Z
anglian:AWS00986,anglian,2026-09-04T05:46:16Z,2026-09-04T05:46:16Z,feed,2026-10-02T10:50:21Z,2026-10-02T11:30:28Z
anglian:AWS00986,anglian,2026-09-04T05:46:16Z,2026-09-04T05:46:16Z,feed,2026-10-02T17:50:31Z,2026-10-02T18:28:57Z
anglian:AWS00986,anglian,2026-09-04T05:46:16Z,2026-09-04T05:46:16Z,feed,2026-10-02T23:10:24Z,2026-10-02T23:30:29Z
anglian:AWS00986,anglian,2026-09-04T05:46:16Z,2026-09-04T05:46:16Z,feed,2026-10-03T13:30:26Z,2026-10-03T13:50:22Z
anglian:AWS00986,anglian,2026-09-04T05:46:16Z,2026-09-04T05:46:16Z,feed,2026-10-03T14:30:29Z,2026-10-03T14:50:21Z
anglian:AWS00986,anglian,2026-09-04T05:46:16Z,2026-09-04T05:46:16Z,feed,2026-10-05T21:50:32Z,2026-10-05T22:10:23Z
anglian:AWS00986,anglian,2026-09-04T05:46:16Z,2026-09-04T05:46:16Z,feed,2026-10-07T02:20:22Z,2026-10-07T02:30:30Z
anglian:AWS00986,anglian,2026-09-04T05:46:16Z,2026-09-04T05:46:16Z,feed,2026-10-08T09:20:26Z,2026-10-08T09:30:35Z
anglian:AWS00994,anglian,2026-09-15T14:00:13Z,,,2026-09-17T00:49:00Z,2026-09-17T00:49:00Z
anglian:AWS01004,anglian,2026-09-26T01:15:32Z,2026-09-26T01:15:32Z,feed,2026-09-30T13:20:27Z,2026-09-30T13:30:34Z
anglian:AWS01022,anglian,2026-09-03T07:13:14Z,2026-09-03T07:13:14Z,feed,2026-10-07T00:20:22Z,2026-10-07T00:30:26Z
anglian:AWS01036,anglian,2026-09-21T11:48:47Z,2026-09-21T11:48:47Z,feed,2026-09-21T15:20:30Z,2026-09-21T15:50:25Z
anglian:AWS01052,anglian,2026-09-02T13:45:16Z,2026-09-02T13:45:16Z,feed,2026-10-04T05:30:25Z,2026-10-04T07:50:30Z
anglian:AWS01065,anglian,2026-09-13T03:45:21Z,,,2026-09-17T00:49:00Z,2026-09-17T00:49:00Z
anglian:AWS01069,anglian,2026-09-28T19:07:48Z,2026-09-28T19:07:48Z,feed,2026-10-04T05:50:25Z,2026-10-04T07:50:30Z
anglian:AWS01077,anglian,2026-09-08T18:00:59Z,2026-09-08T18:00:59Z,feed,2026-09-24T21:30:26Z,2026-09-24T21:50:24Z
anglian:AWS01100,anglian,2026-09-04T05:01:05Z,2026-09-04T05:01:05Z,feed,2026-10-01T03:30:29Z,2026-10-01T06:40:23Z
anglian:AWS01101,anglian,2026-09-04T04:04:14Z,,,2026-09-17T00:49:00Z,2026-09-17T00:49:00Z
anglian:AWS01102,anglian,2026-09-04T12:31:11Z,2026-09-04T12:31:11Z,feed,2026-10-01T03:30:29Z,2026-10-01T06:40:23Z
anglian:AWS01127,anglian,2026-09-04T08:56:18Z,2026-09-04T08:56:18Z,feed,2026-09-23T16:50:23Z,2026-09-23T17:10:23Z
anglian:AWS01127,anglian,2026-09-24T08:40:45Z,2026-09-24T08:40:45Z,feed,2026-10-01T15:50:30Z,2026-10-01T16:20:27Z
anglian:AWS01152,anglian,2026-09-13T03:15:53Z,2026-09-13T03:15:53Z,feed,2026-09-24T21:30:26Z,2026-09-24T21:50:24Z
anglian:AWS01159,anglian,2026-09-14T08:09:31Z,2026-09-14T08:09:31Z,feed,2026-09-18T10:30:40Z,2026-09-18T10:51:02Z
anglian:AWS01166,anglian,2026-09-19T19:45:56Z,2026-09-19T19:45:56Z,feed,2026-09-20T11:40:41Z,2026-09-20T11:50:51Z
anglian:AWS01166,anglian,2026-09-19T19:45:56Z,2026-09-19T19:45:56Z,feed,2026-09-20T15:34:48Z,2026-09-20T17:55:21Z
anglian:AWS01166,anglian,2026-09-20T20:46:31Z,2026-09-20T20:46:31Z,feed,2026-09-21T15:50:25Z,2026-09-21T16:20:25Z
anglian:AWS01166,anglian,2026-09-24T19:46:02Z,2026-09-24T19:46:02Z,feed,2026-09-25T17:20:27Z,2026-09-25T17:30:27Z
anglian:AWS01166,anglian,2026-09-24T19:46:02Z,2026-09-24T19:46:02Z,feed,2026-09-26T14:50:26Z,2026-09-26T15:31:00Z
anglian:AWS01166,anglian,2026-09-24T19:46:02Z,2026-09-24T19:46:02Z,feed,2026-09-30T13:20:27Z,2026-09-30T13:30:34Z
anglian:AWS01168,anglian,2026-09-15T21:55:13Z,,,2026-09-17T00:49:00Z,2026-09-17T00:49:00Z
anglian:AWS01169,anglian,2026-09-23T02:31:19Z,2026-09-23T02:31:19Z,feed,2026-09-24T21:30:26Z,2026-09-24T21:50:24Z
anglian:AWS01179,anglian,2026-09-08T19:30:47Z,2026-10-01T10:01:28Z,feed,2026-10-01T10:20:32Z,2026-10-01T11:30:34Z
anglian:AWS01180,anglian,2026-09-08T15:04:18Z,2026-09-08T15:04:18Z,feed,2026-09-27T02:50:25Z,2026-09-27T12:30:25Z
anglian:AWS01180,anglian,2026-09-08T15:04:18Z,2026-09-08T15:04:18Z,feed,2026-09-27T13:30:25Z,2026-09-28T12:20:27Z
anglian:AWS01184,anglian,2026-09-08T15:16:19Z,2026-09-08T15:16:19Z,feed,2026-09-27T02:50:25Z,2026-09-27T12:30:25Z
anglian:AWS01184,anglian,2026-09-08T15:16:19Z,2026-09-08T15:16:19Z,feed,2026-09-27T13:30:25Z,2026-09-28T12:20:27Z
anglian:AWS01185,anglian,2026-09-08T17:01:47Z,2026-09-08T17:01:47Z,feed,2026-09-27T01:30:28Z,2026-09-27T01:50:26Z
anglian:AWS01185,anglian,2026-09-29T14:31:18Z,2026-09-29T14:31:18Z,feed,2026-09-29T18:50:31Z,2026-09-29T19:30:30Z
anglian:AWS01185,anglian,2026-09-29T14:31:18Z,2026-09-29T14:31:18Z,feed,2026-09-30T13:20:27Z,2026-09-30T13:30:34Z
anglian:AWS01186,anglian,2026-09-08T12:20:06Z,2026-09-08T12:20:06Z,feed,2026-09-27T02:50:25Z,2026-09-27T12:30:25Z
anglian:AWS01186,anglian,2026-09-08T12:20:06Z,2026-09-08T12:20:06Z,feed,2026-09-27T13:20:26Z,2026-09-28T12:00:33Z
anglian:AWS01191,anglian,2026-09-23T02:13:03Z,2026-09-23T02:13:03Z,feed,2026-09-24T21:30:26Z,2026-09-24T21:50:24Z
anglian:AWS01194,anglian,2026-09-09T03:06:45Z,2026-09-09T03:06:45Z,feed,2026-09-27T02:50:25Z,2026-09-27T12:30:25Z
anglian:AWS01194,anglian,2026-09-09T03:06:45Z,2026-09-09T03:06:45Z,feed,2026-09-27T13:30:25Z,2026-09-28T12:20:27Z
anglian:AWS01199,anglian,2026-09-14T00:25:30Z,2026-09-14T00:25:30Z,feed,2026-09-27T02:50:25Z,2026-09-27T12:30:25Z
anglian:AWS01199,anglian,2026-09-14T00:25:30Z,2026-09-14T00:25:30Z,feed,2026-09-27T13:30:25Z,2026-09-28T12:00:33Z
anglian:AWS01199,anglian,2026-09-14T00:25:30Z,2026-09-14T00:25:30Z,feed,2026-09-29T18:30:25Z,2026-09-29T19:10:29Z
anglian:AWS01199,anglian,2026-09-14T00:25:30Z,2026-09-14T00:25:30Z,feed,2026-09-29T19:30:30Z,2026-09-29T20:10:30Z
anglian:AWS01199,anglian,2026-09-14T00:25:30Z,2026-09-14T00:25:30Z,feed,2026-09-29T21:50:33Z,2026-09-29T22:30:27Z
anglian:AWS01199,anglian,2026-09-14T00:25:30Z,2026-09-14T00:25:30Z,feed,2026-09-30T00:30:30Z,2026-09-30T00:50:28Z
anglian:AWS01199,anglian,2026-09-14T00:25:30Z,2026-09-14T00:25:30Z,feed,2026-09-30T02:40:31Z,2026-09-30T02:50:21Z
anglian:AWS01201,anglian,2026-09-08T15:15:36Z,2026-09-08T15:15:36Z,feed,2026-09-25T11:20:30Z,2026-09-25T11:30:29Z
anglian:AWS01201,anglian,2026-09-08T15:15:36Z,2026-09-08T15:15:36Z,feed,2026-09-27T16:20:28Z,2026-09-27T16:30:26Z
anglian:AWS01201,anglian,2026-09-08T15:15:36Z,2026-09-08T15:15:36Z,feed,2026-09-29T09:50:24Z,2026-09-29T10:20:25Z
anglian:AWS01201,anglian,2026-09-08T15:15:36Z,2026-09-08T15:15:36Z,feed,2026-10-03T19:10:27Z,2026-10-03T19:50:23Z
anglian:AWS01201,anglian,2026-09-08T15:15:36Z,2026-09-08T15:15:36Z,feed,2026-10-04T12:50:21Z,2026-10-04T13:10:24Z
anglian:AWS01202,anglian,2026-09-04T08:00:44Z,2026-09-04T08:00:44Z,feed,2026-09-22T12:20:26Z,2026-09-22T12:30:34Z
anglian:AWS01209,anglian,2026-09-04T04:30:52Z,2026-09-04T04:30:52Z,feed,2026-09-30T13:20:27Z,2026-09-30T13:30:34Z
anglian:AWS01217,anglian,2026-09-13T13:15:21Z,2026-09-13T13:15:21Z,feed,2026-09-17T00:49:00Z,2026-09-25T01:40:27Z
anglian:AWS01253,anglian,2026-09-13T06:01:04Z,2026-09-13T06:01:04Z,feed,2026-09-20T20:17:07Z,2026-09-20T22:32:03Z
anglian:AWS01253,anglian,2026-09-13T06:01:04Z,2026-09-13T06:01:04Z,feed,2026-09-24T18:20:25Z,2026-09-24T19:30:25Z
anglian:AWS01253,anglian,2026-09-13T06:01:04Z,2026-09-13T06:01:04Z,feed,2026-09-24T23:50:26Z,2026-09-25T00:30:30Z
anglian:AWS01253,anglian,2026-09-13T06:01:04Z,2026-09-13T06:01:04Z,feed,2026-09-27T14:50:24Z,2026-09-27T15:10:22Z
anglian:AWS01253,anglian,2026-09-13T06:01:04Z,2026-09-13T06:01:04Z,feed,2026-09-27T20:30:28Z,2026-09-27T20:50:30Z
anglian:AWS01253,anglian,2026-09-13T06:01:04Z,2026-09-13T06:01:04Z,feed,2026-09-29T21:20:25Z,2026-09-29T21:40:21Z
anglian:AWS01253,anglian,2026-09-13T06:01:04Z,2026-09-13T06:01:04Z,feed,2026-09-30T09:50:23Z,2026-09-30T11:30:29Z
anglian:AWS01253,anglian,2026-09-13T06:01:04Z,2026-09-13T06:01:04Z,feed,2026-10-02T08:40:24Z,2026-10-02T08:50:23Z
anglian:AWS01258,anglian,2026-09-23T20:45:27Z,2026-09-23T20:45:27Z,feed,2026-10-04T05:50:25Z,2026-10-04T07:50:30Z
anglian:AWS01263,anglian,2026-09-04T05:16:09Z,2026-09-04T05:16:09Z,feed,2026-09-28T04:20:28Z,2026-09-28T04:30:31Z
anglian:AWS01263,anglian,2026-09-04T05:16:09Z,2026-09-04T05:16:09Z,feed,2026-09-28T09:20:25Z,2026-09-28T09:30:26Z
anglian:AWS01263,anglian,2026-09-04T05:16:09Z,2026-09-04T05:16:09Z,feed,2026-09-28T11:30:30Z,2026-09-28T12:00:33Z
anglian:AWS01263,anglian,2026-09-04T05:16:09Z,2026-09-04T05:16:09Z,feed,2026-09-28T12:20:27Z,2026-09-28T13:00:32Z
anglian:AWS01263,anglian,2026-09-04T05:16:09Z,2026-09-04T05:16:09Z,feed,2026-09-28T14:20:23Z,2026-09-28T14:30:29Z
anglian:AWS01263,anglian,2026-09-04T05:16:09Z,2026-09-04T05:16:09Z,feed,2026-09-29T07:50:26Z,2026-09-29T08:20:27Z
anglian:AWS01263,anglian,2026-09-04T05:16:09Z,2026-09-04T05:16:09Z,feed,2026-09-29T09:30:27Z,2026-09-29T09:50:24Z
anglian:AWS01263,anglian,2026-09-04T05:16:09Z,2026-09-04T05:16:09Z,feed,2026-09-29T11:50:26Z,2026-09-29T12:30:29Z
anglian:AWS01263,anglian,2026-09-04T05:16:09Z,2026-09-04T05:16:09Z,feed,2026-09-29T13:50:29Z,2026-09-29T14:20:26Z
anglian:AWS01263,anglian,2026-09-04T05:16:09Z,2026-09-04T05:16:09Z,feed,2026-09-29T15:20:25Z,2026-09-29T15:30:28Z
anglian:AWS01263,anglian,2026-09-04T05:16:09Z,2026-09-04T05:16:09Z,feed,2026-09-29T16:20:26Z,2026-09-29T16:30:28Z
anglian:AWS01263,anglian,2026-09-04T05:16:09Z,2026-09-04T05:16:09Z,feed,2026-09-29T17:30:27Z,2026-09-29T17:50:42Z
anglian:AWS01263,anglian,2026-09-04T05:16:09Z,2026-09-04T05:16:09Z,feed,2026-09-29T18:20:21Z,2026-09-29T18:30:25Z
anglian:AWS01263,anglian,2026-09-04T05:16:09Z,2026-09-04T05:16:09Z,feed,2026-09-29T19:50:26Z,2026-09-29T20:20:25Z
anglian:AWS01263,anglian,2026-09-04T05:16:09Z,2026-09-04T05:16:09Z,feed,2026-09-29T21:20:25Z,2026-09-29T21:40:21Z
anglian:AWS01263,anglian,2026-09-04T05:16:09Z,2026-09-04T05:16:09Z,feed,2026-09-29T22:50:25Z,2026-09-29T23:20:24Z
anglian:AWS01263,anglian,2026-09-04T05:16:09Z,2026-09-04T05:16:09Z,feed,2026-09-30T02:50:21Z,2026-09-30T03:20:24Z
anglian:AWS01263,anglian,2026-09-04T05:16:09Z,2026-09-04T05:16:09Z,feed,2026-09-30T07:20:24Z,2026-09-30T07:40:25Z
anglian:AWS01263,anglian,2026-09-04T05:16:09Z,2026-09-04T05:16:09Z,feed,2026-09-30T13:00:31Z,2026-09-30T13:30:34Z
anglian:AWS01263,anglian,2026-09-04T05:16:09Z,2026-09-04T05:16:09Z,feed,2026-09-30T14:50:27Z,2026-09-30T15:20:35Z
anglian:AWS01263,anglian,2026-09-04T05:16:09Z,2026-09-04T05:16:09Z,feed,2026-09-30T16:00:39Z,2026-09-30T16:20:27Z
anglian:AWS01263,anglian,2026-09-04T05:16:09Z,2026-09-04T05:16:09Z,feed,2026-09-30T16:30:42Z,2026-09-30T16:50:24Z
anglian:AWS01263,anglian,2026-09-04T05:16:09Z,2026-09-04T05:16:09Z,feed,2026-09-30T17:20:27Z,2026-09-30T17:30:33Z
anglian:AWS01263,anglian,2026-09-04T05:16:09Z,2026-09-04T05:16:09Z,feed,2026-10-01T09:20:21Z,2026-10-01T10:00:37Z
anglian:AWS01263,anglian,2026-09-04T05:16:09Z,2026-09-04T05:16:09Z,feed,2026-10-01T15:20:28Z,2026-10-01T15:30:46Z
anglian:AWS01263,anglian,2026-09-04T05:16:09Z,2026-09-04T05:16:09Z,feed,2026-10-01T19:10:27Z,2026-10-01T19:30:29Z
anglian:AWS01263,anglian,2026-09-04T05:16:09Z,2026-09-04T05:16:09Z,feed,2026-10-02T06:30:27Z,2026-10-02T07:00:28Z
anglian:AWS01263,anglian,2026-09-04T05:16:09Z,2026-09-04T05:16:09Z,feed,2026-10-02T12:20:23Z,2026-10-02T12:50:29Z
anglian:AWS01263,anglian,2026-09-04T05:16:09Z,2026-09-04T05:16:09Z,feed,2026-10-02T15:10:27Z,2026-10-02T15:30:33Z
anglian:AWS01263,anglian,2026-09-04T05:16:09Z,2026-09-04T05:16:09Z,feed,2026-10-02T21:20:23Z,2026-10-02T21:30:28Z
anglian:AWS01263,anglian,2026-09-04T05:16:09Z,2026-09-04T05:16:09Z,feed,2026-10-03T13:50:22Z,2026-10-03T14:10:21Z
anglian:AWS01264,anglian,2026-09-10T22:45:43Z,2026-09-10T22:45:43Z,feed,2026-09-20T11:40:41Z,2026-09-20T11:50:51Z
anglian:AWS01264,anglian,2026-09-10T22:45:43Z,2026-09-10T22:45:43Z,feed,2026-09-22T12:20:26Z,2026-09-22T12:30:34Z
anglian:AWS01264,anglian,2026-09-10T22:45:43Z,2026-09-10T22:45:43Z,feed,2026-09-22T23:20:22Z,2026-09-22T23:30:24Z
anglian:AWS01264,anglian,2026-09-10T22:45:43Z,2026-09-10T22:45:43Z,feed,2026-09-23T01:30:26Z,2026-09-23T01:50:27Z
anglian:AWS01264,anglian,2026-09-10T22:45:43Z,2026-09-10T22:45:43Z,feed,2026-09-24T08:40:23Z,2026-09-24T08:50:21Z
anglian:AWS01264,anglian,2026-09-10T22:45:43Z,2026-09-10T22:45:43Z,feed,2026-09-24T09:20:23Z,2026-09-24T09:50:29Z
anglian:AWS01264,anglian,2026-09-10T22:45:43Z,2026-09-10T22:45:43Z,feed,2026-09-24T12:50:30Z,2026-09-24T13:20:22Z
anglian:AWS01264,anglian,2026-09-10T22:45:43Z,2026-09-10T22:45:43Z,feed,2026-09-24T17:30:32Z,2026-09-24T17:50:28Z
anglian:AWS01264,anglian,2026-09-10T22:45:43Z,2026-09-10T22:45:43Z,feed,2026-09-25T10:50:22Z,2026-09-25T11:30:29Z
anglian:AWS01264,anglian,2026-09-29T23:45:26Z,2026-09-29T23:45:26Z,feed,2026-10-01T12:30:28Z,2026-10-01T12:50:26Z
anglian:AWS01264,anglian,2026-09-29T23:45:26Z,2026-09-29T23:45:26Z,feed,2026-10-01T17:50:22Z,2026-10-01T18:20:26Z
anglian:AWS01265,anglian,2026-09-04T07:15:24Z,2026-09-04T07:15:24Z,feed,2026-09-22T08:30:30Z,2026-09-22T09:01:09Z
anglian:AWS01265,anglian,2026-09-04T07:15:24Z,2026-09-04T07:15:24Z,feed,2026-09-26T13:30:25Z,2026-09-26T13:50:30Z
anglian:AWS01266,anglian,2026-09-14T19:15:49Z,2026-09-14T19:15:49Z,feed,2026-09-22T08:30:30Z,2026-09-22T09:01:09Z
anglian:AWS01266,anglian,2026-09-14T19:15:49Z,2026-09-14T19:15:49Z,feed,2026-09-26T13:30:25Z,2026-09-26T13:50:30Z
anglian:AWS01267,anglian,2026-09-13T05:16:01Z,2026-09-13T05:16:01Z,feed,2026-09-30T13:20:27Z,2026-09-30T13:30:34Z
anglian:AWS01267,anglian,2026-09-13T05:16:01Z,2026-09-13T05:16:01Z,feed,2026-10-02T11:50:24Z,2026-10-02T12:20:23Z
anglian:AWS01271,anglian,2026-09-08T18:45:46Z,2026-09-08T18:45:46Z,feed,2026-09-27T12:10:58Z,2026-09-27T12:30:25Z
anglian:AWS01271,anglian,2026-09-08T18:45:46Z,2026-09-08T18:45:46Z,feed,2026-09-27T13:30:25Z,2026-09-27T14:20:34Z
anglian:AWS01271,anglian,2026-09-08T18:45:46Z,2026-09-08T18:45:46Z,feed,2026-09-28T11:20:25Z,2026-09-28T11:30:30Z
anglian:AWS01329,anglian,2026-09-21T14:30:30Z,2026-09-21T14:30:30Z,feed,2026-10-01T03:30:29Z,2026-10-01T06:40:23Z
anglian:AWS01343,anglian,2026-09-11T12:00:54Z,2026-09-11T12:00:54Z,feed,2026-10-01T03:30:29Z,2026-10-01T07:00:32Z
anglian:AWS01350,anglian,2026-09-04T06:31:29Z,2026-09-04T06:31:29Z,feed,2026-09-21T20:00:32Z,2026-09-21T20:30:29Z
anglian:AWS01350,anglian,2026-09-04T06:31:29Z,2026-09-04T06:31:29Z,feed,2026-09-27T13:30:25Z,2026-09-27T14:20:34Z
anglian:AWS01350,anglian,2026-09-04T06:31:29Z,2026-09-04T06:31:29Z,feed,2026-10-03T07:00:31Z,2026-10-03T07:20:22Z
anglian:AWS01352,anglian,2026-09-30T00:30:56Z,2026-09-30T00:30:56Z,feed,2026-10-04T07:20:23Z,2026-10-04T08:30:25Z
anglian:AWS01354,anglian,2026-09-13T05:39:45Z,2026-09-13T05:39:45Z,feed,2026-10-05T17:50:24Z,2026-10-05T18:10:26Z
anglian:AWS01373,anglian,2026-09-13T04:30:58Z,2026-09-13T04:30:58Z,feed,2026-09-24T21:30:26Z,2026-09-24T21:50:24Z
anglian:AWS01378,anglian,2026-09-25T13:46:21Z,2026-09-25T13:46:21Z,feed,2026-10-04T07:30:24Z,2026-10-04T08:30:25Z
anglian:AWS01379,anglian,2026-09-23T16:45:27Z,2026-09-23T16:45:27Z,feed,2026-10-04T07:30:24Z,2026-10-04T08:30:25Z
anglian:AWS01404,anglian,2026-09-04T11:45:48Z,2026-09-04T11:45:48Z,feed,2026-09-22T08:30:30Z,2026-09-22T09:01:09Z
anglian:AWS01468,anglian,2026-09-04T05:30:23Z,2026-09-04T05:30:23Z,feed,2026-10-07T03:00:32Z,2026-10-07T14:20:29Z
anglian:AWS01504,anglian,2026-09-04T06:00:44Z,,,2026-09-17T00:49:00Z,2026-09-17T00:49:00Z
anglian:AWS01510,anglian,2026-09-13T05:46:10Z,2026-09-13T05:46:10Z,feed,2026-09-30T13:20:27Z,2026-09-30T13:40:29Z
anglian:AWS01512,anglian,2026-09-04T05:00:42Z,,,2026-09-17T00:49:00Z,2026-09-17T00:49:00Z
anglian:AWS01522,anglian,2026-09-26T15:16:15Z,2026-09-26T15:16:15Z,feed,2026-09-26T15:50:23Z,2026-09-26T16:20:26Z
anglian:AWS01522,anglian,2026-09-26T15:16:15Z,2026-09-26T15:16:15Z,feed,2026-09-29T18:30:25Z,2026-09-29T18:50:31Z
anglian:AWS01524,anglian,2026-09-09T08:30:32Z,2026-09-09T08:30:32Z,feed,2026-09-21T09:40:32Z,2026-09-21T10:20:21Z
anglian:AWS01524,anglian,2026-09-09T08:30:32Z,2026-09-09T08:30:32Z,feed,2026-09-24T21:30:26Z,2026-09-24T21:50:24Z
anglian:AWS01530,anglian,2026-09-20T02:15:23Z,2026-09-20T02:15:23Z,feed,2026-09-21T00:38:42Z,2026-09-21T01:43:57Z
anglian:AWS01530,anglian,2026-09-20T02:15:23Z,2026-09-20T02:15:23Z,feed,2026-09-22T01:00:35Z,2026-09-22T01:20:24Z
anglian:AWS01530,anglian,2026-09-20T02:15:23Z,2026-09-20T02:15:23Z,feed,2026-09-22T16:10:25Z,2026-09-22T16:30:30Z
anglian:AWS01530,anglian,2026-09-20T02:15:23Z,2026-09-20T02:15:23Z,feed,2026-09-24T04:30:23Z,2026-09-24T05:20:25Z
anglian:AWS01530,anglian,2026-09-20T02:15:23Z,2026-09-20T02:15:23Z,feed,2026-09-26T10:50:23Z,2026-09-26T11:20:25Z
anglian:AWS01530,anglian,2026-09-27T02:15:34Z,2026-09-27T02:15:34Z,feed,2026-09-29T09:40:25Z,2026-09-29T09:50:24Z
anglian:AWS01530,anglian,2026-09-27T02:15:34Z,2026-09-27T02:15:34Z,feed,2026-10-01T05:20:27Z,2026-10-01T05:40:26Z
anglian:AWS01530,anglian,2026-09-27T02:15:34Z,2026-09-27T02:15:34Z,feed,2026-10-01T09:20:21Z,2026-10-01T10:00:37Z
anglian:AWS01530,anglian,2026-09-27T02:15:34Z,2026-09-27T02:15:34Z,feed,2026-10-01T15:20:28Z,2026-10-01T15:30:46Z
anglian:AWS01530,anglian,2026-09-27T02:15:34Z,2026-09-27T02:15:34Z,feed,2026-10-02T01:00:27Z,2026-10-02T01:20:25Z
anglian:AWS01534,anglian,2026-09-13T12:00:40Z,2026-09-13T12:00:40Z,feed,2026-09-23T19:13:11Z,2026-09-23T19:40:25Z
anglian:AWS01540,anglian,2026-09-28T13:31:54Z,2026-09-28T13:31:54Z,feed,2026-10-01T03:30:29Z,2026-10-01T06:40:23Z
anglian:AWS01545,anglian,2026-09-06T06:46:33Z,2026-09-06T06:46:33Z,feed,2026-09-24T06:40:24Z,2026-09-24T07:40:21Z
anglian:AWS01547,anglian,2026-09-04T11:00:18Z,2026-09-04T11:00:18Z,feed,2026-09-24T21:30:26Z,2026-09-24T21:50:24Z
anglian:AWS01553,anglian,2026-09-16T09:08:45Z,2026-09-16T09:08:45Z,feed,2026-10-05T13:20:24Z,2026-10-05T13:30:30Z
anglian:AWS01577,anglian,2026-09-09T07:46:14Z,2026-09-09T07:46:14Z,feed,2026-09-22T03:20:25Z,2026-09-22T03:40:29Z
anglian:AWS01577,anglian,2026-09-09T07:46:14Z,2026-09-09T07:46:14Z,feed,2026-10-02T10:40:37Z,2026-10-02T10:50:21Z
anglian:AWS01577,anglian,2026-09-09T07:46:14Z,2026-09-09T07:46:14Z,feed,2026-10-04T12:30:29Z,2026-10-04T20:30:28Z
anglian:AWS01577,anglian,2026-09-09T07:46:14Z,2026-09-09T07:46:14Z,feed,2026-10-08T00:20:26Z,2026-10-08T00:41:01Z
northumbrian:NWL00004,northumbrian,2026-09-18T10:00:00Z,2026-08-30T20:50:00Z,feed,2026-09-18T10:30:40Z,2026-09-18T11:01:14Z
northumbrian:NWL00004,northumbrian,2026-09-18T10:53:59Z,2026-08-30T20:50:00Z,feed,2026-09-18T11:21:39Z,2026-09-18T14:37:46Z
northumbrian:NWL00023,northumbrian,2026-09-18T07:00:00Z,2026-09-06T10:09:59Z,feed,2026-09-18T10:30:40Z,2026-09-18T14:37:46Z
northumbrian:NWL00023,northumbrian,2026-09-24T07:00:00Z,2026-09-06T10:09:59Z,feed,2026-09-24T07:50:26Z,2026-09-24T15:20:31Z
northumbrian:NWL00023,northumbrian,2026-09-25T07:00:00Z,2026-09-06T10:09:59Z,feed,2026-09-25T07:20:27Z,2026-09-25T15:20:21Z
northumbrian:NWL00023,northumbrian,2026-09-29T07:00:00Z,2026-09-06T10:09:59Z,feed,2026-09-29T07:20:27Z,2026-09-29T14:50:24Z
northumbrian:NWL00023,northumbrian,2026-09-29T13:30:01Z,2026-09-06T10:09:59Z,feed,2026-10-02T14:40:26Z,2026-10-05T08:00:30Z
northumbrian:NWL00027,northumbrian,2026-09-17T07:00:00Z,2023-01-01T00:00:00Z,feed,2026-09-17T11:32:49Z,2026-09-17T19:14:51Z
northumbrian:NWL00028,northumbrian,2026-09-21T07:00:00Z,2025-11-13T01:27:59Z,feed,2026-09-21T07:50:25Z,2026-09-21T15:30:28Z
northumbrian:NWL00031,northumbrian,2026-09-21T07:00:00Z,2026-09-01T02:55:59Z,feed,2026-09-21T07:20:21Z,2026-09-21T14:40:24Z
northumbrian:NWL00041,northumbrian,2026-09-21T07:00:00Z,2026-09-03T17:39:59Z,feed,2026-09-21T07:50:25Z,2026-09-21T15:30:28Z
northumbrian:NWL00055,northumbrian,2026-09-22T03:53:29Z,,,2026-09-25T05:00:28Z,2026-09-25T05:00:28Z
northumbrian:NWL00055,northumbrian,2026-09-22T07:00:00Z,2024-10-08T17:59:59Z,feed,2026-09-22T07:20:24Z,2026-09-22T17:00:35Z
northumbrian:NWL00057,northumbrian,2026-09-17T20:00:00Z,,,2026-09-18T06:03:39Z,2026-09-18T06:03:39Z
northumbrian:NWL00068,northumbrian,2026-09-13T02:55:18Z,2026-09-07T19:19:59Z,feed,2026-09-17T00:49:00Z,2026-09-17T13:51:58Z
northumbrian:NWL00090,northumbrian,2026-09-28T13:30:00Z,,,2026-09-28T14:10:25Z,2026-09-28T14:10:25Z
northumbrian:NWL00099,northumbrian,2026-09-23T07:00:00Z,2026-08-30T17:51:59Z,feed,2026-09-23T07:30:24Z,2026-09-23T15:30:39Z
northumbrian:NWL00099,northumbrian,2026-09-25T07:00:00Z,2026-08-30T17:51:59Z,feed,2026-09-25T07:20:27Z,2026-09-25T15:50:27Z
northumbrian:NWL00109,northumbrian,2026-09-22T23:16:32Z,2025-03-05T08:10:27Z,feed,2026-09-22T23:20:22Z,2026-09-22T23:50:20Z
northumbrian:NWL00111,northumbrian,2026-09-04T09:00:00Z,,,2026-09-17T00:49:00Z,2026-09-17T00:49:00Z
northumbrian:NWL00126,northumbrian,2026-09-21T07:00:00Z,2026-02-12T04:27:59Z,feed,2026-09-21T08:10:32Z,2026-09-22T07:20:24Z
northumbrian:NWL00144,northumbrian,2026-09-15T09:00:00Z,2026-09-10T23:21:59Z,feed,2026-09-17T00:49:00Z,2026-09-18T10:30:40Z
northumbrian:NWL00157,northumbrian,2026-09-05T01:07:29Z,2026-08-17T21:51:59Z,feed,2026-09-17T00:49:00Z,2026-09-24T07:50:26Z
northumbrian:NWL00157,northumbrian,2026-09-24T07:35:25Z,2026-08-17T21:51:59Z,feed,2026-09-24T08:00:29Z,2026-09-24T15:40:26Z
northumbrian:NWL00164,northumbrian,2026-09-22T23:00:00Z,2026-09-06T18:42:13Z,feed,2026-09-24T13:40:26Z,2026-09-25T12:30:26Z
northumbrian:NWL00169,northumbrian,2026-09-20T03:31:41Z,2026-08-30T17:21:59Z,feed,2026-09-23T04:50:26Z,2026-09-24T08:00:29Z
northumbrian:NWL00169,northumbrian,2026-09-24T07:00:00Z,2026-08-30T17:21:59Z,feed,2026-09-24T08:20:27Z,2026-09-24T15:40:26Z
northumbrian:NWL00169,northumbrian,2026-09-29T05:04:00Z,2026-08-30T17:21:59Z,feed,2026-10-02T06:20:22Z,2026-10-03T08:50:24Z
northumbrian:NWL00182,northumbrian,2026-09-22T12:48:00Z,2026-08-24T13:14:52Z,feed,2026-09-22T13:10:25Z,2026-09-22T14:20:21Z
northumbrian:NWL00187,northumbrian,2026-09-30T00:13:59Z,2025-09-21T00:33:59Z,feed,2026-09-30T07:30:25Z,2026-10-05T08:30:28Z
northumbrian:NWL00218,northumbrian,2026-09-16T10:00:00Z,,,2026-09-17T00:49:00Z,2026-09-17T00:49:00Z
northumbrian:NWL00234,northumbrian,2026-09-30T23:16:21Z,2026-09-23T09:35:05Z,feed,2026-09-30T23:20:26Z,2026-09-30T23:50:24Z
northumbrian:NWL00261,northumbrian,2026-09-17T07:00:00Z,2024-04-09T19:15:00Z,feed,2026-09-17T11:32:49Z,2026-09-17T19:14:51Z
northumbrian:NWL00263,northumbrian,2026-09-30T07:00:00Z,2026-09-23T08:51:59Z,feed,2026-09-30T08:50:26Z,2026-09-30T15:40:35Z
northumbrian:NWL00273,northumbrian,2026-09-25T07:00:00Z,2026-02-12T16:08:00Z,feed,2026-09-25T07:40:30Z,2026-09-25T15:50:27Z
northumbrian:NWL00277,northumbrian,2026-09-18T10:00:00Z,2026-09-07T19:19:59Z,feed,2026-09-18T11:01:14Z,2026-09-18T14:37:46Z
northumbrian:NWL00278,northumbrian,2026-09-18T10:00:00Z,2026-09-07T19:45:59Z,feed,2026-09-18T11:01:14Z,2026-09-18T14:37:46Z
northumbrian:NWL00279,northumbrian,2026-09-18T10:00:00Z,2026-08-20T09:00:37Z,feed,2026-09-18T11:01:14Z,2026-09-18T14:37:46Z
northumbrian:NWL00305,northumbrian,2026-09-23T07:00:00Z,2026-05-08T19:29:59Z,feed,2026-09-23T07:30:24Z,2026-09-23T15:30:39Z
northumbrian:NWL00305,northumbrian,2026-09-30T07:00:00Z,2026-09-25T01:25:59Z,feed,2026-09-30T08:50:26Z,2026-09-30T14:50:27Z
northumbrian:NWL00313,northumbrian,2026-09-30T07:00:00Z,2026-03-12T16:13:59Z,feed,2026-09-30T08:20:24Z,2026-09-30T15:05:42Z
northumbrian:NWL00317,northumbrian,2026-09-17T22:00:00Z,,,2026-09-18T06:03:39Z,2026-09-18T06:03:39Z
northumbrian:NWL00319,northumbrian,2026-09-13T23:00:00Z,2025-09-20T14:51:59Z,feed,2026-09-17T00:49:00Z,2026-09-17T11:32:49Z
northumbrian:NWL00326,northumbrian,2026-09-25T07:00:00Z,2026-08-17T20:45:59Z,feed,2026-09-25T07:40:30Z,2026-09-25T15:50:27Z
northumbrian:NWL00355,northumbrian,2026-09-17T08:00:00Z,2026-09-07T19:11:59Z,feed,2026-09-17T11:32:49Z,2026-09-17T19:14:51Z
northumbrian:NWL00355,northumbrian,2026-09-22T07:00:00Z,2026-09-07T19:11:59Z,feed,2026-09-22T07:20:24Z,2026-09-22T17:00:35Z
northumbrian:NWL00355,northumbrian,2026-09-25T07:00:00Z,2026-09-07T19:11:59Z,feed,2026-09-25T07:40:30Z,2026-09-25T15:50:27Z
northumbrian:NWL00355,northumbrian,2026-09-25T12:30:01Z,2026-09-07T19:11:59Z,feed,2026-09-28T13:50:29Z,2026-09-29T07:50:26Z
northumbrian:NWL00368,northumbrian,2026-09-30T12:00:00Z,2026-08-30T21:01:10Z,feed,2026-09-30T12:50:27Z,2026-09-30T13:20:27Z
northumbrian:NWL00382,northumbrian,2026-09-18T07:00:00Z,2024-04-09T15:15:00Z,feed,2026-09-18T10:30:40Z,2026-09-18T14:37:46Z
northumbrian:NWL00382,northumbrian,2026-09-19T20:11:54Z,2024-04-09T15:15:00Z,feed,2026-09-22T21:20:20Z,2026-09-28T08:00:31Z
northumbrian:NWL00382,northumbrian,2026-09-28T08:00:00Z,2024-04-09T15:15:00Z,feed,2026-09-28T10:40:45Z,2026-09-28T15:20:28Z
northumbrian:NWL00402,northumbrian,2026-09-25T13:27:59Z,2026-08-19T13:11:59Z,feed,2026-09-25T15:20:21Z,2026-09-30T15:20:35Z
northumbrian:NWL00425,northumbrian,2026-09-28T20:41:45Z,,,2026-10-01T22:00:35Z,2026-10-01T22:00:35Z
northumbrian:NWL00429,northumbrian,2026-09-15T18:50:38Z,2024-10-16T23:44:59Z,feed,2026-09-18T20:21:27Z,2026-09-23T12:00:34Z
northumbrian:NWL00430,northumbrian,2026-09-21T07:00:00Z,2026-09-06T10:33:59Z,feed,2026-09-21T07:50:25Z,2026-09-21T15:40:23Z
northumbrian:NWL00438,northumbrian,2026-09-28T07:00:00Z,2026-09-06T10:19:59Z,feed,2026-09-28T10:40:45Z,2026-09-28T15:20:28Z
northumbrian:NWL00447,northumbrian,2026-09-21T07:00:00Z,2026-02-13T12:44:59Z,feed,2026-09-21T07:50:25Z,2026-09-21T15:30:28Z
northumbrian:NWL00456,northumbrian,2026-09-21T07:00:00Z,2026-08-19T20:17:59Z,feed,2026-09-21T07:50:25Z,2026-09-21T15:30:28Z
northumbrian:NWL00463,northumbrian,2026-09-22T07:00:00Z,2026-08-30T16:41:59Z,feed,2026-09-22T07:20:24Z,2026-09-22T17:00:35Z
northumbrian:NWL00463,northumbrian,2026-09-24T07:00:00Z,2026-08-30T16:41:59Z,feed,2026-09-24T08:30:28Z,2026-09-24T15:40:26Z
northumbrian:NWL00463,northumbrian,2026-09-29T07:00:00Z,2026-08-30T16:41:59Z,feed,2026-09-29T07:20:27Z,2026-09-29T14:50:24Z
northumbrian:NWL00468,northumbrian,2026-09-18T07:00:00Z,,,2026-09-19T09:29:34Z,2026-09-19T09:29:34Z
northumbrian:NWL00473,northumbrian,2026-09-17T07:00:00Z,2026-06-02T21:32:00Z,feed,2026-09-17T11:32:49Z,2026-09-17T19:14:51Z
northumbrian:NWL00497,northumbrian,2026-09-17T07:00:00Z,2026-06-03T15:25:59Z,feed,2026-09-17T11:32:49Z,2026-09-17T19:14:51Z
northumbrian:NWL00497,northumbrian,2026-09-21T07:00:00Z,2026-06-03T15:25:59Z,feed,2026-09-21T07:50:25Z,2026-09-21T15:30:28Z
northumbrian:NWL00512,northumbrian,2026-09-18T07:00:00Z,2026-06-26T16:21:59Z,feed,2026-09-18T10:30:40Z,2026-09-18T14:37:46Z
northumbrian:NWL00522,northumbrian,2026-09-28T07:00:00Z,2026-08-20T04:11:59Z,feed,2026-09-28T10:40:45Z,2026-09-28T15:20:28Z
northumbrian:NWL00526,northumbrian,2026-09-23T14:00:01Z,2026-09-06T10:31:59Z,feed,2026-09-26T14:20:31Z,2026-09-28T09:50:23Z
northumbrian:NWL00526,northumbrian,2026-09-28T09:14:00Z,2026-09-06T10:31:59Z,feed,2026-09-28T10:40:45Z,2026-09-28T15:20:28Z
northumbrian:NWL00527,northumbrian,2026-09-25T02:14:00Z,,,2026-09-28T03:50:26Z,2026-09-28T03:50:26Z
northumbrian:NWL00528,northumbrian,2026-09-24T07:00:00Z,2025-07-19T14:53:59Z,feed,2026-09-24T08:20:27Z,2026-09-24T15:40:26Z
northumbrian:NWL00541,northumbrian,2026-09-22T07:00:00Z,2026-08-30T16:45:59Z,feed,2026-09-22T07:20:24Z,2026-09-22T17:00:35Z
northumbrian:NWL00541,northumbrian,2026-09-28T07:00:00Z,2026-08-30T16:45:59Z,feed,2026-09-28T10:40:45Z,2026-09-28T15:20:28Z
northumbrian:NWL00552,northumbrian,2026-09-24T10:31:59Z,2026-09-07T19:41:59Z,feed,2026-09-24T11:10:29Z,2026-09-24T11:20:29Z
northumbrian:NWL00570,northumbrian,2026-09-21T07:00:00Z,2026-08-30T16:53:59Z,feed,2026-09-21T08:10:32Z,2026-09-22T07:20:24Z
northumbrian:NWL00580,northumbrian,2026-09-18T15:00:01Z,2026-09-07T19:25:59Z,feed,2026-09-21T16:00:29Z,2026-09-22T23:20:22Z
northumbrian:NWL00580,northumbrian,2026-09-23T00:00:00Z,2026-09-22T23:01:59Z,feed,2026-09-23T06:00:29Z,2026-10-07T08:00:32Z
northumbrian:NWL00587,northumbrian,2026-09-23T00:39:40Z,2026-08-30T17:03:59Z,feed,2026-09-26T02:00:32Z,2026-10-06T10:00:31Z
northumbrian:NWL00608,northumbrian,2026-09-21T07:00:00Z,2026-09-06T12:07:59Z,feed,2026-09-21T07:50:25Z,2026-09-21T15:30:28Z
northumbrian:NWL00611,northumbrian,2026-09-29T07:00:00Z,2026-08-30T21:05:59Z,feed,2026-09-29T07:50:26Z,2026-09-29T16:00:34Z
northumbrian:NWL00629,northumbrian,2026-09-03T22:00:00Z,,,2026-09-17T00:49:00Z,2026-09-17T00:49:00Z
northumbrian:NWL00655,northumbrian,2026-09-17T11:00:00Z,2026-09-07T20:27:59Z,feed,2026-09-17T13:51:58Z,2026-09-17T19:14:51Z
northumbrian:NWL00664,northumbrian,2026-09-24T07:00:00Z,2026-08-17T22:34:00Z,feed,2026-09-24T07:50:26Z,2026-09-25T15:50:27Z
northumbrian:NWL00686,northumbrian,2026-09-08T08:39:20Z,,,2026-09-17T00:49:00Z,2026-09-17T00:49:00Z
northumbrian:NWL00693,northumbrian,2026-09-08T08:30:00Z,2026-09-15T15:33:59Z,feed,2026-09-17T00:49:00Z,2026-09-17T11:32:49Z
northumbrian:NWL00700,northumbrian,2026-09-21T00:30:27Z,2026-09-28T12:48:30Z,feed,2026-09-24T01:40:24Z,2026-09-28T13:00:32Z
northumbrian:NWL00704,northumbrian,2026-09-22T07:00:00Z,2026-09-07T19:37:59Z,feed,2026-09-22T07:20:24Z,2026-09-22T17:00:35Z
northumbrian:NWL00706,northumbrian,2026-09-03T17:00:00Z,2026-06-30T14:41:59Z,feed,2026-09-17T00:49:00Z,2026-09-21T09:10:24Z
northumbrian:NWL00745,northumbrian,2026-09-18T07:00:00Z,2026-09-07T19:37:59Z,feed,2026-09-18T10:30:40Z,2026-09-18T14:37:46Z
northumbrian:NWL00765,northumbrian,2026-09-28T01:33:25Z,2026-09-06T11:17:59Z,feed,2026-10-01T02:50:22Z,2026-10-02T12:30:28Z
northumbrian:NWL00772,northumbrian,2026-09-22T07:00:00Z,2026-05-09T07:29:59Z,feed,2026-09-22T07:20:24Z,2026-09-22T17:00:35Z
northumbrian:NWL00795,northumbrian,2026-09-28T03:38:38Z,2026-08-30T17:03:59Z,feed,2026-10-01T04:50:22Z,2026-10-07T12:00:29Z
northumbrian:NWL00811,northumbrian,2026-09-30T07:00:00Z,2026-08-29T19:48:00Z,feed,2026-09-30T08:20:24Z,2026-09-30T14:50:27Z
northumbrian:NWL00835,northumbrian,2026-09-18T11:30:00Z,2026-09-04T05:23:59Z,feed,2026-09-18T14:37:46Z,2026-10-05T08:00:30Z
northumbrian:NWL00844,northumbrian,2026-09-17T07:00:00Z,2026-08-20T10:07:59Z,feed,2026-09-17T11:32:49Z,2026-09-17T19:14:51Z
northumbrian:NWL00847,northumbrian,2026-09-18T07:00:00Z,2026-08-30T17:49:59Z,feed,2026-09-18T10:30:40Z,2026-09-18T14:37:46Z
northumbrian:NWL00857,northumbrian,2026-09-09T12:45:49Z,2026-09-06T10:29:59Z,feed,2026-09-17T00:49:00Z,2026-09-17T13:51:58Z
northumbrian:NWL00857,northumbrian,2026-09-24T07:00:00Z,2026-09-06T10:29:59Z,feed,2026-09-24T07:50:26Z,2026-09-24T15:20:31Z
northumbrian:NWL00857,northumbrian,2026-09-25T07:00:00Z,2026-09-06T10:29:59Z,feed,2026-09-25T07:20:27Z,2026-09-25T15:20:21Z
northumbrian:NWL00860,northumbrian,2026-09-24T07:00:00Z,2026-09-06T10:53:59Z,feed,2026-09-24T08:00:29Z,2026-09-24T15:40:26Z
northumbrian:NWL00860,northumbrian,2026-09-25T07:00:00Z,2026-09-06T10:53:59Z,feed,2026-09-25T07:20:27Z,2026-09-25T15:50:27Z
northumbrian:NWL00860,northumbrian,2026-09-28T07:00:00Z,2026-09-27T16:17:59Z,feed,2026-09-28T10:40:45Z,2026-09-28T15:20:28Z
northumbrian:NWL00868,northumbrian,2026-09-19T01:21:40Z,2026-07-26T12:29:59Z,feed,2026-09-22T02:30:25Z,2026-09-29T12:30:29Z
northumbrian:NWL00870,northumbrian,2026-09-22T12:13:00Z,2026-07-06T21:09:50Z,feed,2026-09-22T13:10:25Z,2026-09-23T07:30:24Z
northumbrian:NWL00894,northumbrian,2026-09-17T07:00:00Z,2026-09-07T18:51:59Z,feed,2026-09-17T11:32:49Z,2026-09-24T09:30:26Z
northumbrian:NWL00902,northumbrian,2026-09-28T09:00:00Z,2026-08-30T17:35:59Z,feed,2026-09-28T10:40:45Z,2026-09-28T15:20:28Z
northumbrian:NWL00931,northumbrian,2026-09-21T07:00:00Z,2026-09-06T09:43:59Z,feed,2026-09-21T07:50:25Z,2026-09-25T11:40:30Z
northumbrian:NWL00944,northumbrian,2026-09-21T07:00:00Z,2026-02-12T23:27:59Z,feed,2026-09-21T07:50:25Z,2026-09-21T15:40:23Z
northumbrian:NWL00947,northumbrian,2026-09-17T07:00:00Z,2026-09-07T19:53:59Z,feed,2026-09-17T11:32:49Z,2026-09-17T19:14:51Z
northumbrian:NWL00956,northumbrian,2026-09-22T07:00:00Z,2026-09-07T19:13:59Z,feed,2026-09-22T07:20:24Z,2026-09-22T17:00:35Z
northumbrian:NWL00956,northumbrian,2026-09-30T07:00:00Z,2026-10-07T11:46:00Z,feed,2026-09-30T10:10:59Z,2026-10-08T08:20:27Z
northumbrian:NWL00963,northumbrian,2026-09-16T02:08:38Z,,,2026-09-19T05:09:50Z,2026-09-19T05:09:50Z
northumbrian:NWL00971,northumbrian,2026-09-13T08:00:01Z,2026-05-19T14:17:59Z,feed,2026-09-17T00:49:00Z,2026-09-22T08:30:30Z
northumbrian:NWL00971,northumbrian,2026-09-25T07:00:00Z,2026-09-23T08:25:59Z,feed,2026-09-25T07:40:30Z,2026-09-25T15:50:27Z
northumbrian:NWL00971,northumbrian,2026-09-30T07:00:00Z,2026-09-23T08:25:59Z,feed,2026-09-30T08:20:24Z,2026-09-30T15:40:35Z
northumbrian:NWL00972,northumbrian,2026-09-21T07:00:00Z,2026-08-19T13:05:59Z,feed,2026-09-21T07:50:25Z,2026-09-21T15:30:28Z
northumbrian:NWL00972,northumbrian,2026-09-23T07:00:00Z,2026-08-19T13:05:59Z,feed,2026-09-23T07:30:24Z,2026-09-23T15:30:39Z
northumbrian:NWL00972,northumbrian,2026-09-29T07:00:00Z,2026-08-19T13:05:59Z,feed,2026-09-29T07:50:26Z,2026-09-29T14:50:24Z
northumbrian:NWL00972,northumbrian,2026-09-29T08:00:01Z,,,2026-10-02T09:30:27Z,2026-10-02T09:30:27Z
northumbrian:NWL00975,northumbrian,2026-09-21T14:00:00Z,2026-06-09T22:34:00Z,feed,2026-09-21T15:10:24Z,2026-09-22T07:20:24Z
northumbrian:NWL00979,northumbrian,2026-09-30T07:00:00Z,2026-08-30T15:49:59Z,feed,2026-09-30T08:50:26Z,2026-09-30T15:40:35Z
northumbrian:NWL00981,northumbrian,2026-09-20T04:07:33Z,2026-04-18T00:58:00Z,feed,2026-09-23T05:40:23Z,2026-09-23T16:20:30Z
northumbrian:NWL00981,northumbrian,2026-09-30T07:00:00Z,2026-04-18T00:58:00Z,feed,2026-09-30T08:20:24Z,2026-09-30T13:40:29Z
northumbrian:NWL00996,northumbrian,2026-09-24T07:00:00Z,2026-09-03T18:58:09Z,feed,2026-09-24T08:20:27Z,2026-09-25T15:50:27Z
northumbrian:NWL00999,northumbrian,2026-09-22T07:00:00Z,2026-08-30T21:05:59Z,feed,2026-09-23T14:00:29Z,2026-09-29T07:50:26Z
northumbrian:NWL01014,northumbrian,2026-09-19T19:07:52Z,,,2026-09-22T20:20:20Z,2026-09-22T20:20:20Z
northumbrian:NWL01037,northumbrian,2026-09-22T07:00:00Z,2026-08-30T17:19:59Z,feed,2026-09-22T07:20:24Z,2026-09-22T17:00:35Z
northumbrian:NWL01037,northumbrian,2026-09-30T07:00:00Z,2026-08-30T17:19:59Z,feed,2026-09-30T08:20:24Z,2026-09-30T15:40:35Z
northumbrian:NWL01037,northumbrian,2026-09-30T14:07:26Z,,,2026-10-03T15:20:24Z,2026-10-03T15:20:24Z
northumbrian:NWL01040,northumbrian,2026-09-22T07:00:00Z,2026-08-30T16:57:59Z,feed,2026-09-22T07:50:23Z,2026-09-22T17:20:27Z
northumbrian:NWL01040,northumbrian,2026-09-24T07:00:00Z,2026-08-30T16:57:59Z,feed,2026-09-24T08:30:28Z,2026-09-24T15:40:26Z
northumbrian:NWL01054,northumbrian,2026-09-14T12:40:00Z,2026-09-09T11:17:26Z,feed,2026-09-17T00:49:00Z,2026-09-18T10:30:40Z
northumbrian:NWL01055,northumbrian,2026-09-21T07:00:00Z,2023-01-01T00:00:00Z,feed,2026-09-21T07:50:25Z,2026-09-21T15:30:28Z
northumbrian:NWL01055,northumbrian,2026-09-23T07:00:00Z,2023-01-01T00:00:00Z,feed,2026-09-23T07:30:24Z,2026-09-23T15:30:39Z
northumbrian:NWL01064,northumbrian,2026-09-08T00:38:38Z,2026-09-06T12:07:59Z,feed,2026-09-17T00:49:00Z,2026-09-18T14:37:46Z
northumbrian:NWL01076,northumbrian,2026-09-21T23:16:57Z,2026-02-17T18:37:03Z,feed,2026-09-21T23:20:22Z,2026-09-21T23:50:21Z
northumbrian:NWL01076,northumbrian,2026-09-23T09:25:00Z,2026-02-17T18:37:03Z,feed,2026-09-23T14:00:29Z,2026-09-24T14:00:32Z
northumbrian:NWL01089,northumbrian,2026-09-17T07:00:00Z,2023-01-01T00:00:00Z,feed,2026-09-17T11:32:49Z,2026-09-17T19:14:51Z
northumbrian:NWL01112,northumbrian,2026-09-24T07:00:00Z,2026-09-13T08:09:59Z,feed,2026-09-24T08:00:29Z,2026-09-24T15:20:31Z
northumbrian:NWL01112,northumbrian,2026-09-25T07:00:00Z,2026-09-13T08:09:59Z,feed,2026-09-25T07:20:27Z,2026-09-25T15:20:21Z
northumbrian:NWL01112,northumbrian,2026-09-25T09:30:01Z,2026-09-13T08:09:59Z,feed,2026-09-27T10:40:27Z,2026-09-29T08:40:24Z
northumbrian:NWL01122,northumbrian,2026-09-21T16:37:59Z,2023-09-20T11:29:59Z,feed,2026-09-21T20:40:25Z,2026-09-28T11:10:27Z
northumbrian:NWL01125,northumbrian,2026-09-16T10:00:00Z,2026-09-13T17:29:30Z,feed,2026-09-17T00:49:00Z,2026-09-17T19:14:51Z
northumbrian:NWL01131,northumbrian,2026-09-17T07:00:00Z,2026-08-20T12:05:59Z,feed,2026-09-17T11:32:49Z,2026-09-17T19:14:51Z
northumbrian:NWL01131,northumbrian,2026-09-21T07:00:00Z,2026-08-20T12:05:59Z,feed,2026-09-21T07:20:21Z,2026-09-21T15:30:28Z
northumbrian:NWL01161,northumbrian,2026-09-22T07:00:00Z,2026-05-03T06:47:59Z,feed,2026-09-22T07:20:24Z,2026-09-22T17:20:27Z
northumbrian:NWL01164,northumbrian,2026-09-28T06:00:00Z,2026-08-19T18:07:59Z,feed,2026-09-28T07:20:22Z,2026-09-29T07:50:26Z
northumbrian:NWL01222,northumbrian,2026-09-21T07:00:00Z,2024-02-22T08:48:58Z,feed,2026-09-21T07:20:21Z,2026-09-21T15:30:28Z
northumbrian:NWL01244,northumbrian,2026-09-23T07:00:00Z,2023-04-02T10:14:59Z,feed,2026-09-23T07:30:24Z,2026-09-23T15:30:39Z
northumbrian:NWL01252,northumbrian,2026-09-21T07:00:00Z,2026-09-15T19:45:59Z,feed,2026-09-21T07:50:25Z,2026-09-21T15:30:28Z
northumbrian:NWL01268,northumbrian,2026-09-24T06:30:00Z,2026-08-31T05:04:01Z,feed,2026-09-25T11:00:30Z,2026-09-30T09:30:29Z
northumbrian:NWL01272,northumbrian,2026-09-11T19:00:00Z,,,2026-09-17T00:49:00Z,2026-09-17T00:49:00Z
northumbrian:NWL01288,northumbrian,2026-09-24T03:04:34Z,2026-08-30T16:35:59Z,feed,2026-09-27T04:20:28Z,2026-09-29T13:10:26Z
northumbrian:NWL01294,northumbrian,2026-09-18T07:00:00Z,2026-08-31T00:43:59Z,feed,2026-09-18T10:30:40Z,2026-09-18T14:37:46Z
northumbrian:NWL01314,northumbrian,2026-09-22T07:00:00Z,2026-03-12T13:51:59Z,feed,2026-09-22T07:20:24Z,2026-09-22T17:00:35Z
northumbrian:NWL01318,northumbrian,2026-09-17T07:00:00Z,2026-09-07T18:39:59Z,feed,2026-09-17T11:32:49Z,2026-09-17T19:14:51Z
northumbrian:NWL01329,northumbrian,2026-09-25T12:50:00Z,,,2026-09-25T13:40:25Z,2026-09-25T13:40:25Z
northumbrian:NWL01340,northumbrian,2026-09-29T07:00:00Z,2026-08-30T17:25:59Z,feed,2026-09-29T07:20:27Z,2026-09-29T14:50:24Z
northumbrian:NWL01344,northumbrian,2026-09-21T07:00:00Z,2026-05-14T12:45:59Z,feed,2026-09-21T07:20:21Z,2026-09-21T15:30:28Z
northumbrian:NWL01344,northumbrian,2026-09-22T07:00:00Z,2026-05-14T12:45:59Z,feed,2026-09-22T07:50:23Z,2026-09-22T17:20:27Z
northumbrian:NWL01348,northumbrian,2026-09-29T07:00:00Z,2026-06-02T02:51:59Z,feed,2026-09-29T07:50:26Z,2026-09-29T15:11:08Z
northumbrian:NWL01354,northumbrian,2026-09-25T05:30:30Z,2026-09-02T15:09:59Z,feed,2026-09-28T06:50:21Z,2026-10-07T08:50:22Z
northumbrian:NWL01364,northumbrian,2026-09-25T07:00:00Z,2026-09-23T08:57:59Z,feed,2026-09-25T09:00:34Z,2026-09-28T15:20:28Z
northumbrian:NWL01374,northumbrian,2026-09-25T07:00:00Z,2026-08-20T07:45:20Z,feed,2026-09-25T07:20:27Z,2026-09-28T07:20:22Z
northumbrian:NWL01376,northumbrian,2026-09-15T14:36:21Z,2026-03-13T00:53:59Z,feed,2026-09-18T17:51:51Z,2026-09-19T09:29:34Z
northumbrian:NWL01376,northumbrian,2026-09-23T07:00:00Z,2026-03-13T00:53:59Z,feed,2026-09-23T07:30:24Z,2026-09-23T15:30:39Z
northumbrian:NWL01380,northumbrian,2026-09-21T08:30:00Z,2026-08-30T21:17:40Z,feed,2026-09-21T09:30:27Z,2026-09-21T11:40:28Z
northumbrian:NWL01411,northumbrian,2026-09-21T13:53:00Z,2024-11-23T13:03:20Z,feed,2026-09-21T14:10:22Z,2026-09-21T15:10:24Z
northumbrian:NWL01423,northumbrian,2026-09-18T07:00:00Z,2026-08-30T17:33:59Z,feed,2026-09-18T10:30:40Z,2026-09-18T14:37:46Z
northumbrian:NWL01435,northumbrian,2026-09-24T00:04:44Z,2026-09-07T20:01:59Z,feed,2026-09-27T01:20:23Z,2026-09-30T12:10:31Z
northumbrian:NWL01447,northumbrian,2026-09-29T10:40:00Z,2026-09-29T10:40:00Z,feed,2026-09-29T11:00:29Z,2026-09-29T12:10:24Z
northumbrian:NWL01458,northumbrian,2026-09-17T14:30:00Z,2023-01-01T00:00:00Z,feed,2026-09-17T15:38:08Z,2026-09-17T19:14:51Z
northumbrian:NWL01458,northumbrian,2026-09-21T08:37:24Z,2023-01-01T00:00:00Z,feed,2026-09-21T09:10:24Z,2026-09-21T09:30:27Z
northumbrian:NWL01472,northumbrian,2026-09-16T07:00:00Z,2026-09-06T10:41:59Z,feed,2026-09-17T00:49:00Z,2026-09-22T10:10:27Z
northumbrian:NWL01479,northumbrian,2026-09-20T19:41:59Z,2023-01-01T00:00:00Z,feed,2026-09-20T20:17:07Z,2026-09-20T20:27:17Z
northumbrian:NWL01488,northumbrian,2026-09-18T07:00:00Z,2026-06-02T16:23:59Z,feed,2026-09-18T10:30:40Z,2026-09-18T14:37:46Z
northumbrian:NWL01500,northumbrian,2026-09-25T07:00:00Z,2026-09-06T10:39:59Z,feed,2026-09-25T07:40:30Z,2026-09-25T15:50:27Z
northumbrian:NWL01507,northumbrian,2026-09-17T01:00:27Z,2026-06-26T20:47:59Z,feed,2026-09-20T06:22:13Z,2026-09-28T12:30:26Z
northumbrian:NWL01509,northumbrian,2026-09-30T23:16:21Z,2026-07-21T12:45:23Z,feed,2026-09-30T23:20:26Z,2026-09-30T23:50:24Z
northumbrian:NWL01515,northumbrian,2026-09-29T07:00:00Z,2026-09-11T00:11:59Z,feed,2026-09-29T07:50:26Z,2026-09-29T15:11:08Z
northumbrian:NWL01519,northumbrian,2026-09-17T09:45:00Z,2026-09-03T20:19:59Z,feed,2026-09-17T11:32:49Z,2026-09-17T19:14:51Z
northumbrian:NWL01560,northumbrian,2026-09-17T08:00:00Z,2026-08-30T16:01:59Z,feed,2026-09-17T11:32:49Z,2026-09-18T10:30:40Z
northumbrian:NWL01560,northumbrian,2026-09-23T07:00:00Z,2026-08-30T16:01:59Z,feed,2026-09-23T07:30:24Z,2026-09-23T15:30:39Z
northumbrian:NWL01562,northumbrian,2026-09-21T07:00:00Z,2025-01-01T01:29:59Z,feed,2026-09-21T07:50:25Z,2026-09-21T15:30:28Z
northumbrian:NWL01588,northumbrian,2026-09-24T06:58:44Z,,,2026-09-24T08:00:29Z,2026-09-24T08:00:29Z
severn-trent:SVT00012,severn-trent,2026-09-23T10:26:00Z,2026-09-23T22:11:00Z,feed,2026-09-23T10:40:24Z,2026-09-23T22:20:22Z
severn-trent:SVT00050,severn-trent,2026-09-23T11:56:00Z,2026-09-25T12:41:00Z,feed,2026-09-23T12:10:25Z,2026-09-25T12:50:23Z
severn-trent:SVT00051,severn-trent,2026-09-26T05:12:00Z,2026-09-29T10:56:00Z,feed,2026-09-26T05:20:27Z,2026-09-29T11:10:24Z
severn-trent:SVT00071,severn-trent,2026-09-23T16:56:00Z,2026-09-25T04:56:00Z,feed,2026-09-23T17:10:23Z,2026-09-25T05:10:21Z
severn-trent:SVT00071,severn-trent,2026-09-29T10:56:00Z,2026-10-01T04:56:00Z,feed,2026-09-29T11:10:24Z,2026-10-01T05:10:22Z
severn-trent:SVT00092,severn-trent,2026-09-23T11:11:00Z,2026-09-24T00:26:00Z,feed,2026-09-23T11:20:27Z,2026-09-24T00:40:23Z
severn-trent:SVT00113,severn-trent,2026-09-30T00:11:00Z,2026-10-01T01:11:00Z,feed,2026-09-30T00:20:24Z,2026-10-01T01:20:24Z
severn-trent:SVT00146,severn-trent,2026-09-23T11:42:00Z,2026-09-24T00:41:00Z,feed,2026-09-23T11:50:06Z,2026-09-24T00:50:24Z
severn-trent:SVT00146,severn-trent,2026-09-30T13:11:00Z,2026-10-02T10:56:00Z,feed,2026-09-30T13:20:27Z,2026-10-02T11:10:27Z
severn-trent:SVT00205,severn-trent,2026-09-28T00:12:00Z,2026-09-28T00:26:00Z,feed,2026-09-28T00:20:25Z,2026-09-28T00:40:30Z
severn-trent:SVT00205,severn-trent,2026-09-30T00:26:00Z,2026-09-30T22:56:00Z,feed,2026-09-30T00:40:25Z,2026-09-30T23:10:27Z
severn-trent:SVT00210,severn-trent,2026-09-28T10:56:00Z,2026-09-30T16:56:00Z,feed,2026-09-28T11:10:27Z,2026-09-30T17:10:25Z
severn-trent:SVT00226,severn-trent,2026-09-23T16:56:00Z,2026-09-24T10:56:00Z,feed,2026-09-23T17:10:23Z,2026-09-24T11:10:29Z
severn-trent:SVT00238,severn-trent,2026-09-20T00:12:00Z,2026-09-20T06:11:00Z,feed,2026-09-20T01:14:38Z,2026-09-20T06:22:13Z
severn-trent:SVT00238,severn-trent,2026-09-22T02:41:00Z,2026-09-22T13:56:00Z,feed,2026-09-22T02:50:22Z,2026-09-22T14:10:21Z
severn-trent:SVT00255,severn-trent,2026-09-21T07:56:00Z,2026-09-22T23:42:00Z,feed,2026-09-21T08:10:32Z,2026-09-23T00:00:30Z
severn-trent:SVT00333,severn-trent,2026-09-22T16:56:00Z,2026-09-23T04:56:00Z,feed,2026-09-22T17:10:24Z,2026-09-23T05:10:21Z
severn-trent:SVT00352,severn-trent,2026-09-26T10:26:00Z,2026-09-26T21:56:00Z,feed,2026-09-26T10:40:21Z,2026-09-26T22:10:25Z
severn-trent:SVT00352,severn-trent,2026-09-29T01:26:00Z,2026-10-01T10:56:00Z,feed,2026-09-29T01:40:28Z,2026-10-01T11:10:25Z
severn-trent:SVT00395,severn-trent,2026-09-24T00:11:00Z,2026-09-24T00:26:00Z,feed,2026-09-24T00:20:24Z,2026-09-24T00:40:23Z
severn-trent:SVT00428,severn-trent,2026-09-26T08:11:00Z,2026-09-29T16:56:00Z,feed,2026-09-26T08:20:24Z,2026-09-29T17:10:23Z
severn-trent:SVT00432,severn-trent,2026-09-23T10:41:00Z,2026-09-24T10:11:00Z,feed,2026-09-23T10:50:20Z,2026-09-24T10:20:26Z
severn-trent:SVT00461,severn-trent,2026-09-27T21:41:00Z,2026-09-28T00:26:00Z,feed,2026-09-27T21:50:21Z,2026-09-28T00:40:30Z
severn-trent:SVT00487,severn-trent,2026-09-22T16:56:00Z,2026-10-02T10:56:00Z,feed,2026-09-22T17:10:24Z,2026-10-02T11:10:27Z
severn-trent:SVT00509,severn-trent,2026-09-21T16:56:00Z,2026-09-22T04:56:00Z,feed,2026-09-21T17:10:24Z,2026-09-22T05:10:23Z
severn-trent:SVT00530,severn-trent,2026-09-17T10:56:00Z,2026-09-18T10:56:00Z,feed,2026-09-17T11:32:49Z,2026-09-18T11:11:27Z
severn-trent:SVT00530,severn-trent,2026-09-24T10:56:00Z,2026-09-25T16:56:00Z,feed,2026-09-24T11:10:29Z,2026-09-25T17:10:24Z
severn-trent:SVT00530,severn-trent,2026-09-28T10:56:00Z,2026-09-29T10:56:00Z,feed,2026-09-28T11:10:27Z,2026-09-29T11:10:24Z
severn-trent:SVT00537,severn-trent,2026-09-30T16:56:00Z,2026-10-01T16:56:00Z,feed,2026-09-30T17:10:25Z,2026-10-01T17:10:23Z
severn-trent:SVT00546,severn-trent,2026-09-23T12:29:00Z,2026-09-23T21:26:00Z,feed,2026-09-23T12:40:31Z,2026-09-23T21:40:26Z
severn-trent:SVT00561,severn-trent,2026-09-23T16:26:00Z,2026-09-25T16:56:00Z,feed,2026-09-23T16:40:25Z,2026-09-25T17:10:24Z
severn-trent:SVT00563,severn-trent,2026-09-23T10:56:00Z,2026-09-24T04:56:00Z,feed,2026-09-23T11:10:22Z,2026-09-24T05:10:21Z
severn-trent:SVT00649,severn-trent,2026-09-18T09:41:00Z,2026-09-19T00:56:00Z,feed,2026-09-18T10:30:40Z,2026-09-19T01:11:32Z
severn-trent:SVT00658,severn-trent,2026-09-23T11:42:00Z,2026-09-24T00:56:00Z,feed,2026-09-23T11:50:06Z,2026-09-24T01:10:25Z
severn-trent:SVT00701,severn-trent,2026-09-23T00:11:00Z,2026-09-23T12:59:00Z,feed,2026-09-23T00:20:21Z,2026-09-23T13:10:23Z
severn-trent:SVT00707,severn-trent,2026-09-16T13:41:00Z,2026-09-18T04:56:00Z,feed,2026-09-17T00:49:00Z,2026-09-18T05:53:28Z
severn-trent:SVT00707,severn-trent,2026-09-30T09:11:00Z,2026-10-02T04:56:00Z,feed,2026-09-30T09:20:26Z,2026-10-02T05:10:23Z
severn-trent:SVT00734,severn-trent,2026-09-25T16:56:00Z,2026-09-26T10:56:00Z,feed,2026-09-25T17:10:24Z,2026-09-26T11:10:23Z
severn-trent:SVT00745,severn-trent,2026-09-30T10:56:00Z,2026-09-30T16:56:00Z,feed,2026-09-30T11:10:21Z,2026-09-30T17:10:25Z
severn-trent:SVT00763,severn-trent,2026-09-17T10:56:00Z,2026-09-18T10:56:00Z,feed,2026-09-17T11:32:49Z,2026-09-18T11:11:27Z
severn-trent:SVT00763,severn-trent,2026-09-26T01:41:00Z,2026-09-26T05:41:00Z,feed,2026-09-26T01:50:21Z,2026-09-26T05:50:16Z
severn-trent:SVT00785,severn-trent,2026-09-29T00:56:00Z,2026-09-29T07:26:00Z,feed,2026-09-29T01:10:25Z,2026-09-29T07:40:30Z
severn-trent:SVT00785,severn-trent,2026-09-29T08:26:00Z,2026-09-29T10:11:00Z,feed,2026-09-29T08:40:24Z,2026-09-29T10:20:25Z
severn-trent:SVT00785,severn-trent,2026-09-29T10:56:00Z,2026-09-29T16:56:00Z,feed,2026-09-29T11:10:24Z,2026-09-29T17:10:23Z
severn-trent:SVT00790,severn-trent,2026-09-23T11:56:00Z,2026-09-24T01:11:00Z,feed,2026-09-23T12:10:25Z,2026-09-24T01:20:25Z
severn-trent:SVT00792,severn-trent,2026-09-29T00:11:00Z,2026-09-29T00:26:00Z,feed,2026-09-29T00:20:33Z,2026-09-29T00:40:29Z
severn-trent:SVT00814,severn-trent,2026-09-23T00:26:00Z,2026-09-23T00:41:00Z,feed,2026-09-23T00:40:23Z,2026-09-23T00:50:21Z
severn-trent:SVT00814,severn-trent,2026-09-24T00:26:00Z,2026-09-24T00:41:00Z,feed,2026-09-24T00:40:23Z,2026-09-24T00:50:24Z
severn-trent:SVT00814,severn-trent,2026-09-25T00:26:00Z,2026-09-25T00:41:00Z,feed,2026-09-25T00:40:41Z,2026-09-25T00:48:07Z
severn-trent:SVT00814,severn-trent,2026-09-26T00:26:00Z,2026-09-26T00:41:00Z,feed,2026-09-26T00:40:24Z,2026-09-26T00:50:22Z
severn-trent:SVT00814,severn-trent,2026-09-28T00:26:00Z,2026-09-28T00:41:00Z,feed,2026-09-28T00:40:30Z,2026-09-28T00:50:22Z
severn-trent:SVT00814,severn-trent,2026-09-29T00:26:00Z,2026-09-29T00:41:00Z,feed,2026-09-29T00:40:29Z,2026-09-29T00:50:57Z
severn-trent:SVT00862,severn-trent,2026-09-07T18:26:00Z,2026-09-18T06:26:00Z,feed,2026-09-17T00:49:00Z,2026-09-18T06:34:11Z
severn-trent:SVT00862,severn-trent,2026-09-20T06:26:00Z,2026-09-20T06:41:00Z,feed,2026-09-20T06:42:34Z,2026-09-20T06:52:44Z
severn-trent:SVT00863,severn-trent,2026-09-18T16:56:00Z,2026-09-21T10:56:00Z,feed,2026-09-18T17:51:51Z,2026-09-21T11:10:23Z
severn-trent:SVT00881,severn-trent,2026-09-17T22:56:00Z,2026-09-18T06:41:00Z,feed,2026-09-17T23:07:57Z,2026-09-18T10:30:40Z
severn-trent:SVT00881,severn-trent,2026-09-20T01:56:00Z,2026-09-22T07:41:00Z,feed,2026-09-20T02:05:36Z,2026-09-22T07:50:23Z
severn-trent:SVT00881,severn-trent,2026-09-22T10:56:00Z,2026-09-22T13:26:00Z,feed,2026-09-22T11:10:24Z,2026-09-22T13:40:23Z
severn-trent:SVT00926,severn-trent,2026-09-23T06:11:00Z,2026-09-23T11:11:00Z,feed,2026-09-23T06:20:23Z,2026-09-23T11:20:27Z
severn-trent:SVT00970,severn-trent,2026-09-27T21:56:00Z,2026-09-28T00:26:00Z,feed,2026-09-27T22:10:24Z,2026-09-28T00:40:30Z
severn-trent:SVT01035,severn-trent,2026-09-30T10:56:00Z,2026-09-30T16:56:00Z,feed,2026-09-30T11:10:21Z,2026-09-30T17:10:25Z
severn-trent:SVT01200,severn-trent,2026-09-23T12:14:00Z,2026-09-24T05:11:00Z,feed,2026-09-23T12:30:25Z,2026-09-24T05:20:25Z
severn-trent:SVT01228,severn-trent,2026-09-22T16:56:00Z,2026-09-23T04:56:00Z,feed,2026-09-22T17:10:24Z,2026-09-23T05:10:21Z
severn-trent:SVT01228,severn-trent,2026-09-26T14:26:00Z,2026-09-26T15:26:00Z,feed,2026-09-26T14:35:22Z,2026-09-26T15:40:24Z
severn-trent:SVT01263,severn-trent,2026-09-30T02:41:00Z,2026-09-30T13:11:00Z,feed,2026-09-30T02:50:21Z,2026-09-30T13:20:27Z
severn-trent:SVT01275,severn-trent,2026-09-23T10:41:00Z,2026-09-24T10:41:00Z,feed,2026-09-23T10:50:20Z,2026-09-24T10:50:23Z
severn-trent:SVT01285,severn-trent,2026-09-24T07:41:00Z,2026-09-25T09:56:00Z,feed,2026-09-24T07:50:26Z,2026-09-25T10:10:27Z
severn-trent:SVT01302,severn-trent,2026-09-23T10:11:00Z,2026-09-24T00:56:00Z,feed,2026-09-23T10:20:25Z,2026-09-24T01:10:25Z
severn-trent:SVT01302,severn-trent,2026-09-25T03:11:00Z,2026-09-25T06:11:00Z,feed,2026-09-25T03:20:23Z,2026-09-25T06:20:27Z
severn-trent:SVT01320,severn-trent,2026-09-23T16:56:00Z,2026-09-29T10:56:00Z,feed,2026-09-23T17:10:23Z,2026-09-29T11:10:24Z
severn-trent:SVT01347,severn-trent,2026-09-27T21:11:00Z,2026-09-29T10:56:00Z,feed,2026-09-27T21:20:26Z,2026-09-29T11:10:24Z
severn-trent:SVT01347,severn-trent,2026-09-30T04:56:00Z,2026-09-30T10:56:00Z,feed,2026-09-30T05:10:27Z,2026-09-30T11:10:21Z
severn-trent:SVT01349,severn-trent,2026-09-23T11:11:00Z,2026-09-24T00:56:00Z,feed,2026-09-23T11:20:27Z,2026-09-24T01:10:25Z
severn-trent:SVT01355,severn-trent,2026-09-25T16:56:00Z,2026-09-26T04:56:00Z,feed,2026-09-25T17:10:24Z,2026-09-26T05:10:22Z
severn-trent:SVT01392,severn-trent,2026-09-24T10:56:00Z,,,2026-09-24T11:10:29Z,2026-09-24T11:10:29Z
severn-trent:SVT01405,severn-trent,2026-09-23T12:14:00Z,2026-09-24T13:56:00Z,feed,2026-09-23T12:30:25Z,2026-09-24T14:10:29Z
severn-trent:SVT01405,severn-trent,2026-09-27T13:26:00Z,2026-09-28T00:26:00Z,feed,2026-09-27T13:40:26Z,2026-09-28T00:40:30Z
severn-trent:SVT01405,severn-trent,2026-09-29T00:26:00Z,2026-09-30T06:26:00Z,feed,2026-09-29T00:40:29Z,2026-09-30T06:40:29Z
severn-trent:SVT01440,severn-trent,2026-09-29T10:56:00Z,2026-09-30T10:56:00Z,feed,2026-09-29T11:10:24Z,2026-09-30T11:10:21Z
severn-trent:SVT01452,severn-trent,2026-09-28T00:26:00Z,2026-09-28T00:41:00Z,feed,2026-09-28T00:40:30Z,2026-09-28T00:50:22Z
severn-trent:SVT01472,severn-trent,2026-09-30T11:56:00Z,2026-10-01T00:41:00Z,feed,2026-09-30T12:10:31Z,2026-10-01T00:50:24Z
severn-trent:SVT01523,severn-trent,2026-09-26T20:41:00Z,2026-09-27T16:56:00Z,feed,2026-09-26T20:50:25Z,2026-09-27T17:10:25Z
severn-trent:SVT01528,severn-trent,2026-09-29T00:11:00Z,2026-09-29T00:26:00Z,feed,2026-09-29T00:20:33Z,2026-09-29T00:40:29Z
severn-trent:SVT01531,severn-trent,2026-09-23T11:56:00Z,2026-09-24T09:41:00Z,feed,2026-09-23T12:10:25Z,2026-09-24T09:50:29Z
severn-trent:SVT01535,severn-trent,2026-09-17T02:41:00Z,2026-09-19T04:56:00Z,feed,2026-09-17T11:32:49Z,2026-09-19T05:09:50Z
severn-trent:SVT01562,severn-trent,2026-09-24T00:11:00Z,2026-09-24T00:26:00Z,feed,2026-09-24T00:20:24Z,2026-09-24T00:40:23Z
severn-trent:SVT01563,severn-trent,2026-09-16T23:26:00Z,2026-09-17T16:56:00Z,feed,2026-09-17T00:49:00Z,2026-09-17T19:14:51Z
severn-trent:SVT01563,severn-trent,2026-09-18T19:41:00Z,2026-09-19T05:16:00Z,feed,2026-09-18T20:21:27Z,2026-09-19T05:30:14Z
severn-trent:SVT01569,severn-trent,2026-09-23T18:11:00Z,2026-09-24T00:26:00Z,feed,2026-09-23T18:20:32Z,2026-09-24T00:40:23Z
severn-trent:SVT01576,severn-trent,2026-09-20T22:11:00Z,2026-09-21T13:56:00Z,feed,2026-09-20T22:32:03Z,2026-09-21T14:10:22Z
severn-trent:SVT01590,severn-trent,2026-09-28T10:56:00Z,2026-09-29T04:56:00Z,feed,2026-09-28T11:10:27Z,2026-09-29T05:10:23Z
severn-trent:SVT01590,severn-trent,2026-09-30T10:56:00Z,2026-10-01T16:56:00Z,feed,2026-09-30T11:10:21Z,2026-10-01T17:10:23Z
severn-trent:SVT01634,severn-trent,2026-09-15T08:56:00Z,2026-09-28T10:56:00Z,feed,2026-09-17T00:49:00Z,2026-09-28T11:10:27Z
severn-trent:SVT01634,severn-trent,2026-09-29T09:56:00Z,2026-10-01T16:56:00Z,feed,2026-09-29T10:10:23Z,2026-10-01T17:10:23Z
severn-trent:SVT01636,severn-trent,2026-09-23T10:41:00Z,2026-09-25T16:56:00Z,feed,2026-09-23T10:50:20Z,2026-09-25T17:10:24Z
severn-trent:SVT01648,severn-trent,2026-09-23T11:42:00Z,2026-09-24T01:56:00Z,feed,2026-09-23T11:50:06Z,2026-09-24T02:10:26Z
severn-trent:SVT01677,severn-trent,2026-09-24T00:41:00Z,2026-09-25T00:56:00Z,feed,2026-09-24T00:50:24Z,2026-09-25T01:10:24Z
severn-trent:SVT01686,severn-trent,2026-09-28T10:56:00Z,2026-09-29T10:56:00Z,feed,2026-09-28T11:10:27Z,2026-09-29T11:10:24Z
severn-trent:SVT01701,severn-trent,2026-09-21T16:56:00Z,2026-09-22T04:56:00Z,feed,2026-09-21T17:10:24Z,2026-09-22T05:10:23Z
severn-trent:SVT01708,severn-trent,2026-09-18T13:11:00Z,2026-09-18T22:56:00Z,feed,2026-09-18T14:37:46Z,2026-09-18T23:04:03Z
severn-trent:SVT01708,severn-trent,2026-09-23T10:41:00Z,2026-09-24T09:41:00Z,feed,2026-09-23T10:50:20Z,2026-09-24T09:50:29Z
severn-trent:SVT01726,severn-trent,2026-09-19T09:11:00Z,2026-09-20T07:26:00Z,feed,2026-09-19T09:29:34Z,2026-09-20T11:40:41Z
severn-trent:SVT01726,severn-trent,2026-09-22T10:56:00Z,2026-09-25T04:56:00Z,feed,2026-09-22T11:10:24Z,2026-09-25T05:10:21Z
severn-trent:SVT01730,severn-trent,2026-09-24T05:56:00Z,2026-09-25T00:26:00Z,feed,2026-09-24T06:10:23Z,2026-09-25T00:40:41Z
severn-trent:SVT01730,severn-trent,2026-09-25T11:56:00Z,2026-09-28T10:56:00Z,feed,2026-09-25T12:10:28Z,2026-09-28T11:10:27Z
severn-trent:SVT01740,severn-trent,2026-09-28T00:26:00Z,2026-09-28T14:41:00Z,feed,2026-09-28T00:40:30Z,2026-09-28T14:50:30Z
severn-trent:SVT01747,severn-trent,2026-09-28T00:26:00Z,2026-09-28T00:41:00Z,feed,2026-09-28T00:40:30Z,2026-09-28T00:50:22Z
severn-trent:SVT01748,severn-trent,2026-09-21T10:56:00Z,2026-09-22T16:56:00Z,feed,2026-09-21T11:10:23Z,2026-09-22T17:10:24Z
severn-trent:SVT01748,severn-trent,2026-09-29T16:56:00Z,2026-09-30T16:56:00Z,feed,2026-09-29T17:10:23Z,2026-09-30T17:10:25Z
severn-trent:SVT01805,severn-trent,2026-09-20T00:41:00Z,2026-09-21T11:26:00Z,feed,2026-09-20T01:14:38Z,2026-09-21T11:40:28Z
severn-trent:SVT01808,severn-trent,2026-09-25T00:26:00Z,2026-09-25T00:41:00Z,feed,2026-09-25T00:40:41Z,2026-09-25T00:48:07Z
severn-trent:SVT01840,severn-trent,2026-09-20T21:41:00Z,2026-09-24T09:41:00Z,feed,2026-09-20T22:32:03Z,2026-09-24T09:50:29Z
severn-trent:SVT01850,severn-trent,2026-09-23T12:14:00Z,2026-09-24T05:26:00Z,feed,2026-09-23T12:30:25Z,2026-09-24T05:40:22Z
severn-trent:SVT01850,severn-trent,2026-09-25T10:56:00Z,2026-09-25T16:56:00Z,feed,2026-09-25T11:10:22Z,2026-09-25T17:10:24Z
severn-trent:SVT01850,severn-trent,2026-09-25T21:11:00Z,2026-09-26T04:26:00Z,feed,2026-09-25T21:20:31Z,2026-09-26T04:40:25Z
severn-trent:SVT01850,severn-trent,2026-09-26T21:56:00Z,2026-09-28T08:41:00Z,feed,2026-09-26T22:10:25Z,2026-09-28T08:50:25Z
severn-trent:SVT01850,severn-trent,2026-09-28T10:56:00Z,2026-09-28T16:56:00Z,feed,2026-09-28T11:10:27Z,2026-09-28T17:10:24Z
severn-trent:SVT01851,severn-trent,2026-09-23T11:56:00Z,2026-09-24T00:56:00Z,feed,2026-09-23T12:10:25Z,2026-09-24T01:10:25Z
severn-trent:SVT01873,severn-trent,2026-09-26T00:26:00Z,2026-09-26T00:41:00Z,feed,2026-09-26T00:40:24Z,2026-09-26T00:50:22Z
severn-trent:SVT01921,severn-trent,2026-09-23T10:41:00Z,2026-09-24T01:41:00Z,feed,2026-09-23T10:50:20Z,2026-09-24T01:50:24Z
severn-trent:SVT01931,severn-trent,2026-09-23T17:56:00Z,2026-09-24T00:56:00Z,feed,2026-09-23T18:10:24Z,2026-09-24T01:10:25Z
severn-trent:SVT01931,severn-trent,2026-09-26T00:26:00Z,2026-09-29T10:56:00Z,feed,2026-09-26T00:40:24Z,2026-09-29T11:10:24Z
severn-trent:SVT01943,severn-trent,2026-09-23T09:56:00Z,2026-09-24T01:11:00Z,feed,2026-09-23T10:10:24Z,2026-09-24T01:20:25Z
severn-trent:SVT01973,severn-trent,2026-09-23T10:41:00Z,2026-09-24T06:26:00Z,feed,2026-09-23T10:50:20Z,2026-09-24T06:40:24Z
severn-trent:SVT01973,severn-trent,2026-09-26T04:41:00Z,2026-09-28T16:56:00Z,feed,2026-09-26T04:50:23Z,2026-09-28T17:10:24Z
severn-trent:SVT01986,severn-trent,2026-09-28T10:56:00Z,2026-09-29T10:56:00Z,feed,2026-09-28T11:10:27Z,2026-09-29T11:10:24Z
severn-trent:SVT01994,severn-trent,2026-09-17T10:56:00Z,2026-09-18T04:56:00Z,feed,2026-09-17T11:32:49Z,2026-09-18T05:53:28Z
severn-trent:SVT02022,severn-trent,2026-09-30T08:41:00Z,2026-09-30T19:56:00Z,feed,2026-09-30T08:50:26Z,2026-09-30T20:10:30Z
severn-trent:SVT02068,severn-trent,2026-09-18T16:56:00Z,2026-09-19T04:56:00Z,feed,2026-09-18T17:51:51Z,2026-09-19T05:09:50Z
severn-trent:SVT02079,severn-trent,2026-09-28T22:26:00Z,2026-09-30T04:56:00Z,feed,2026-09-28T22:40:28Z,2026-09-30T05:10:27Z
severn-trent:SVT02118,severn-trent,2026-09-22T16:56:00Z,2026-09-23T04:56:00Z,feed,2026-09-22T17:10:24Z,2026-09-23T05:10:21Z
severn-trent:SVT02121,severn-trent,2026-09-23T11:26:00Z,2026-09-25T07:56:00Z,feed,2026-09-23T11:40:26Z,2026-09-25T08:10:33Z
severn-trent:SVT02121,severn-trent,2026-09-26T07:56:00Z,2026-09-28T10:56:00Z,feed,2026-09-26T08:10:24Z,2026-09-28T11:10:27Z
severn-trent:SVT02121,severn-trent,2026-09-29T04:56:00Z,2026-09-29T10:56:00Z,feed,2026-09-29T05:10:23Z,2026-09-29T11:10:24Z
severn-trent:SVT02126,severn-trent,2026-09-16T21:26:00Z,2026-09-18T16:56:00Z,feed,2026-09-17T00:49:00Z,2026-09-18T17:51:51Z
severn-trent:SVT02126,severn-trent,2026-09-19T06:26:00Z,2026-09-21T09:56:00Z,feed,2026-09-19T09:29:34Z,2026-09-21T10:11:04Z
severn-trent:SVT02126,severn-trent,2026-09-23T06:41:00Z,2026-09-23T06:56:00Z,feed,2026-09-23T06:50:24Z,2026-09-23T07:10:25Z
severn-trent:SVT02126,severn-trent,2026-09-23T10:56:00Z,2026-09-23T16:56:00Z,feed,2026-09-23T11:10:22Z,2026-09-23T17:10:23Z
severn-trent:SVT02126,severn-trent,2026-09-30T10:11:00Z,2026-09-30T20:11:00Z,feed,2026-09-30T10:20:23Z,2026-09-30T20:20:24Z
severn-trent:SVT02210,severn-trent,2026-09-27T21:41:00Z,2026-09-28T00:26:00Z,feed,2026-09-27T21:50:21Z,2026-09-28T00:40:30Z
severn-trent:SVT02255,severn-trent,2026-09-14T22:11:00Z,2026-09-17T10:56:00Z,feed,2026-09-17T00:49:00Z,2026-09-17T11:32:49Z
severn-trent:SVT02265,severn-trent,2026-09-23T00:11:00Z,2026-09-23T00:26:00Z,feed,2026-09-23T00:20:21Z,2026-09-23T00:40:23Z
severn-trent:SVT02296,severn-trent,2026-09-21T10:56:00Z,2026-09-21T16:56:00Z,feed,2026-09-21T11:10:23Z,2026-09-21T17:10:24Z
severn-trent:SVT02296,severn-trent,2026-09-22T10:56:00Z,2026-09-22T16:56:00Z,feed,2026-09-22T11:10:24Z,2026-09-22T17:10:24Z
severn-trent:SVT02349,severn-trent,2026-09-27T21:56:00Z,2026-09-28T00:41:00Z,feed,2026-09-27T22:10:24Z,2026-09-28T00:50:22Z
severn-trent:SVT02349,severn-trent,2026-09-29T00:26:00Z,2026-09-29T08:56:00Z,feed,2026-09-29T00:40:29Z,2026-09-29T09:10:28Z
severn-trent:SVT02395,severn-trent,2026-09-23T12:14:00Z,2026-09-24T00:26:00Z,feed,2026-09-23T12:30:25Z,2026-09-24T00:40:23Z
severn-trent:SVT02410,severn-trent,2026-09-28T00:12:00Z,2026-09-28T00:26:00Z,feed,2026-09-28T00:20:25Z,2026-09-28T00:40:30Z
severn-trent:SVT02435,severn-trent,2026-09-18T14:56:00Z,2026-09-19T04:56:00Z,feed,2026-09-18T15:08:15Z,2026-09-19T05:09:50Z
severn-trent:SVT02435,severn-trent,2026-09-19T10:56:00Z,2026-09-20T10:56:00Z,feed,2026-09-19T13:20:07Z,2026-09-20T11:40:41Z
severn-trent:SVT02435,severn-trent,2026-09-23T10:56:00Z,2026-09-25T12:11:00Z,feed,2026-09-23T11:10:22Z,2026-09-25T12:20:24Z
severn-trent:SVT02495,severn-trent,2026-09-29T04:41:00Z,2026-09-29T11:56:00Z,feed,2026-09-29T04:50:23Z,2026-09-29T12:10:24Z
severn-trent:SVT02510,severn-trent,2026-09-23T09:11:00Z,2026-09-24T00:26:00Z,feed,2026-09-23T09:20:36Z,2026-09-24T00:40:23Z
severn-trent:SVT02510,severn-trent,2026-09-25T07:11:00Z,2026-09-29T04:56:00Z,feed,2026-09-25T07:20:27Z,2026-09-29T05:10:23Z
severn-trent:SVT02515,severn-trent,2026-09-24T00:11:00Z,2026-09-24T00:26:00Z,feed,2026-09-24T00:20:24Z,2026-09-24T00:40:23Z
severn-trent:SVT02515,severn-trent,2026-09-28T00:12:00Z,2026-09-28T00:26:00Z,feed,2026-09-28T00:20:25Z,2026-09-28T00:40:30Z
severn-trent:SVT02515,severn-trent,2026-09-29T00:11:00Z,2026-09-29T00:26:00Z,feed,2026-09-29T00:20:33Z,2026-09-29T00:40:29Z
severn-trent:SVT02538,severn-trent,2026-09-25T10:56:00Z,2026-09-25T16:56:00Z,feed,2026-09-25T11:10:22Z,2026-09-25T17:10:24Z
severn-trent:SVT02546,severn-trent,2026-09-25T10:56:00Z,2026-09-26T10:56:00Z,feed,2026-09-25T11:10:22Z,2026-09-26T11:10:23Z
severn-trent:SVT02607,severn-trent,2026-09-17T10:56:00Z,2026-09-25T10:56:00Z,feed,2026-09-17T11:32:49Z,2026-09-25T11:10:22Z
severn-trent:SVT02669,severn-trent,2026-09-27T21:56:00Z,2026-09-28T00:41:00Z,feed,2026-09-27T22:10:24Z,2026-09-28T00:50:22Z
severn-trent:SVT02701,severn-trent,2026-09-29T14:26:00Z,2026-09-30T11:56:00Z,feed,2026-09-29T14:40:32Z,2026-09-30T12:10:31Z
severn-trent:SVT02723,severn-trent,2026-09-23T11:42:00Z,2026-09-27T07:56:00Z,feed,2026-09-23T11:50:06Z,2026-09-27T08:10:25Z
severn-trent:SVT02725,severn-trent,2026-09-18T08:56:00Z,2026-09-18T11:11:00Z,feed,2026-09-18T10:30:40Z,2026-09-18T11:21:39Z
south-west:SBB00008,south-west,2026-09-17T14:50:40Z,2026-01-20T08:31:48Z,feed,2026-09-17T15:38:08Z,2026-09-22T10:30:27Z
south-west:SBB00017,south-west,2026-09-21T18:21:00Z,2026-09-21T17:41:00Z,feed,2026-09-21T18:30:23Z,2026-09-22T18:40:23Z
south-west:SBB00017,south-west,2026-09-24T12:59:00Z,2026-09-24T12:59:50Z,feed,2026-09-24T13:00:29Z,2026-09-25T02:20:20Z
south-west:SBB00017,south-west,2026-09-26T09:43:00Z,2026-10-02T11:38:40Z,feed,2026-09-26T09:50:23Z,2026-10-04T22:40:26Z
south-west:SBB00030,south-west,2026-09-24T07:38:25Z,2026-06-01T22:04:05Z,feed,2026-09-24T07:50:26Z,2026-09-28T13:40:31Z
south-west:SBB00092,south-west,2026-09-30T08:36:03Z,2026-09-30T09:58:34Z,feed,2026-09-30T08:40:28Z,2026-09-30T11:40:25Z
south-west:SBB00202,south-west,2026-09-22T10:06:48Z,2026-09-22T16:53:23Z,feed,2026-09-22T10:10:27Z,2026-09-23T07:30:24Z
south-west:SBB00213,south-west,2026-09-16T12:30:48Z,2026-07-16T18:34:05Z,feed,2026-09-17T00:49:00Z,2026-09-17T15:38:08Z
south-west:SBB00222,south-west,2026-09-14T08:56:59Z,2026-09-15T10:35:47Z,feed,2026-09-17T00:49:00Z,2026-09-22T10:20:25Z
south-west:SBB00273,south-west,2026-09-25T09:48:38Z,2026-08-25T13:47:31Z,feed,2026-09-25T09:50:22Z,2026-09-29T12:50:23Z
south-west:SBB00284,south-west,2026-09-16T06:52:11Z,,,2026-09-17T00:49:00Z,2026-09-17T00:49:00Z
south-west:SBB00285,south-west,2026-09-24T12:54:20Z,,,2026-09-24T13:00:29Z,2026-09-24T13:00:29Z
south-west:SBB00333,south-west,2026-09-14T09:08:01Z,2026-09-19T15:29:20Z,feed,2026-09-17T00:49:00Z,2026-09-22T10:20:25Z
south-west:SBB00353,south-west,2026-09-24T09:49:00Z,2026-02-18T20:25:51Z,feed,2026-09-24T09:50:29Z,2026-09-24T14:20:26Z
south-west:SBB00386,south-west,2026-09-18T12:24:42Z,2026-06-17T14:00:05Z,feed,2026-09-18T14:37:46Z,2026-09-25T13:50:28Z
south-west:SBB00412,south-west,2026-09-24T09:05:00Z,2026-06-09T10:23:00Z,feed,2026-09-24T09:10:23Z,2026-09-24T09:50:29Z
south-west:SBB00430,south-west,2026-09-17T14:50:01Z,2026-08-21T18:37:01Z,feed,2026-09-17T15:38:08Z,2026-09-22T10:30:27Z
south-west:SBB00493,south-west,2026-09-13T20:54:00Z,,,2026-09-17T00:49:00Z,2026-09-17T00:49:00Z
south-west:SBB00523,south-west,2026-09-30T08:36:35Z,2026-09-30T04:37:48Z,feed,2026-09-30T08:40:28Z,2026-09-30T11:40:25Z
south-west:SBB00535,south-west,2026-09-16T12:09:43Z,2026-09-28T08:30:37Z,feed,2026-09-17T00:49:00Z,2026-09-29T08:10:37Z
south-west:SBB00537,south-west,2026-09-28T09:47:46Z,2026-09-30T12:02:05Z,feed,2026-09-28T09:50:23Z,2026-10-01T11:50:25Z
south-west:SBB00541,south-west,2026-09-03T08:29:57Z,2026-08-27T04:20:05Z,feed,2026-09-17T00:49:00Z,2026-09-18T10:30:40Z
south-west:SBB00577,south-west,2026-09-23T20:48:00Z,2026-03-13T10:58:41Z,feed,2026-09-23T20:50:26Z,2026-09-24T18:40:26Z
south-west:SBB00632,south-west,2026-09-22T10:41:00Z,2026-09-22T12:12:51Z,feed,2026-09-22T10:50:26Z,2026-09-22T18:40:23Z
south-west:SBB00643,south-west,2026-09-22T11:59:04Z,2026-07-06T12:26:30Z,feed,2026-09-22T12:00:29Z,2026-09-29T12:20:25Z
south-west:SBB00664,south-west,2026-09-16T15:22:28Z,2026-09-17T13:01:41Z,feed,2026-09-17T00:49:00Z,2026-09-17T13:51:58Z
south-west:SBB00664,south-west,2026-09-18T08:35:21Z,2026-09-22T14:12:51Z,feed,2026-09-18T10:30:40Z,2026-09-23T09:20:36Z
south-west:SBB00664,south-west,2026-09-29T14:05:15Z,2026-09-30T11:01:01Z,feed,2026-09-29T14:10:26Z,2026-10-01T09:30:38Z
south-west:SBB00725,south-west,2026-09-30T08:37:29Z,2026-09-30T10:50:50Z,feed,2026-09-30T08:40:28Z,2026-09-30T11:40:25Z
south-west:SBB00753,south-west,2026-09-30T08:37:01Z,2026-09-30T04:00:41Z,feed,2026-09-30T08:40:28Z,2026-09-30T11:40:25Z
south-west:SBB00754,south-west,2026-09-11T14:40:14Z,2025-11-29T03:46:20Z,feed,2026-09-17T00:49:00Z,2026-09-22T10:20:25Z
south-west:SBB00758,south-west,2026-09-18T14:53:49Z,2026-09-08T09:02:11Z,feed,2026-09-18T15:08:15Z,2026-09-24T09:50:29Z
south-west:SBB00834,south-west,2026-09-25T07:57:24Z,2026-09-28T08:20:14Z,feed,2026-09-25T08:00:27Z,2026-09-29T07:00:27Z
south-west:SBB00853,south-west,2026-09-30T08:48:00Z,2026-09-08T06:14:43Z,feed,2026-09-30T08:50:26Z,2026-09-30T11:00:28Z
south-west:SBB00863,south-west,2026-09-14T15:22:02Z,2026-09-16T16:39:50Z,feed,2026-09-17T00:49:00Z,2026-09-17T15:38:08Z
south-west:SBB00877,south-west,2026-09-21T07:18:59Z,2026-08-30T12:44:05Z,feed,2026-09-21T07:20:21Z,2026-09-21T07:40:27Z
south-west:SBB00914,south-west,2026-09-21T13:14:57Z,2026-09-22T07:27:30Z,feed,2026-09-21T13:20:20Z,2026-09-22T10:40:21Z
south-west:SBB00945,south-west,2026-09-17T12:44:00Z,2026-09-29T18:55:04Z,feed,2026-09-17T13:51:58Z,2026-09-29T20:30:30Z
south-west:SBB00945,south-west,2026-09-30T15:45:00Z,2026-10-01T12:44:24Z,feed,2026-09-30T15:50:27Z,2026-10-04T22:30:26Z
south-west:SBB00995,south-west,2026-09-25T21:34:00Z,2026-02-18T16:28:05Z,feed,2026-09-25T21:40:23Z,2026-09-26T02:20:22Z
south-west:SBB01007,south-west,2026-09-24T07:18:40Z,,,2026-09-24T07:20:29Z,2026-09-24T07:20:29Z
south-west:SBB01052,south-west,2026-09-24T08:07:00Z,2026-09-02T14:30:11Z,feed,2026-09-24T08:10:27Z,2026-09-24T09:10:23Z
south-west:SBB01055,south-west,2026-09-21T08:13:33Z,2025-07-15T08:17:30Z,feed,2026-09-21T08:20:23Z,2026-09-29T14:40:32Z
south-west:SBB01099,south-west,2026-09-28T13:09:00Z,2026-09-28T13:27:40Z,feed,2026-09-28T13:10:27Z,2026-09-28T18:00:32Z
south-west:SBB01159,south-west,2026-09-25T07:58:02Z,2026-08-29T08:36:48Z,feed,2026-09-25T08:00:27Z,2026-09-25T12:50:23Z
south-west:SBB01184,south-west,2026-09-14T11:19:51Z,2026-09-17T12:26:10Z,feed,2026-09-17T00:49:00Z,2026-09-22T12:10:36Z
south-west:SBB01203,south-west,2026-09-18T09:50:41Z,2026-06-25T12:51:35Z,feed,2026-09-18T10:30:40Z,2026-09-29T08:40:24Z
south-west:SBB01215,south-west,2026-09-17T10:39:08Z,2026-09-25T20:10:36Z,feed,2026-09-17T11:32:49Z,2026-09-28T07:10:58Z
south-west:SBB01277,south-west,2026-09-25T07:58:33Z,2026-08-29T08:28:11Z,feed,2026-09-25T08:00:27Z,2026-09-25T12:50:23Z
south-west:SBB01385,south-west,2026-09-07T14:06:32Z,2026-09-23T12:48:05Z,feed,2026-09-17T00:49:00Z,2026-09-24T10:30:27Z
south-west:SBB01428,south-west,2026-09-25T13:26:17Z,2026-09-30T12:33:14Z,feed,2026-09-25T13:30:31Z,2026-10-01T08:00:29Z
southern:SWS00002,southern,2026-09-27T23:00:00Z,2026-09-08T12:23:03Z,feed,2026-09-28T11:20:25Z,2026-09-29T22:10:27Z
southern:SWS00025,southern,2026-09-28T08:00:00Z,2026-02-01T19:15:36Z,feed,2026-09-28T18:00:32Z,2026-09-29T08:10:37Z
southern:SWS00033,southern,2026-09-28T08:00:00Z,2026-02-18T20:25:28Z,feed,2026-09-28T15:00:31Z,2026-09-29T08:10:37Z
southern:SWS00058,southern,2026-09-21T08:26:00Z,2026-08-20T05:54:00Z,feed,2026-09-21T08:40:20Z,2026-09-22T08:10:26Z
southern:SWS00074,southern,2026-09-24T08:00:00Z,2026-08-27T09:25:00Z,feed,2026-09-24T08:10:27Z,2026-09-25T08:10:33Z
southern:SWS00084,southern,2026-09-17T07:00:00Z,2026-06-02T03:00:00Z,feed,2026-09-17T11:32:49Z,2026-09-17T19:14:51Z
southern:SWS00084,southern,2026-09-17T07:00:00Z,2026-06-02T03:00:00Z,feed,2026-09-18T20:51:53Z,2026-09-18T21:02:08Z
southern:SWS00133,southern,2026-09-23T08:00:00Z,2026-07-08T06:54:24Z,feed,2026-09-23T13:20:24Z,2026-09-25T08:10:33Z
southern:SWS00145,southern,2026-09-30T08:00:00Z,2026-06-02T02:27:52Z,feed,2026-09-30T19:00:32Z,2026-10-01T08:10:27Z
southern:SWS00153,southern,2026-09-27T23:00:00Z,2025-04-04T10:30:37Z,feed,2026-09-28T09:40:26Z,2026-09-29T22:10:27Z
southern:SWS00214,southern,2026-09-30T08:00:00Z,2026-09-08T16:37:29Z,feed,2026-09-30T13:40:29Z,2026-10-01T08:10:27Z
southern:SWS00256,southern,2026-09-30T08:00:00Z,2026-09-17T08:20:13Z,feed,2026-09-30T08:10:26Z,2026-10-01T08:10:27Z
southern:SWS00283,southern,2026-09-29T08:00:00Z,2026-06-02T03:21:45Z,feed,2026-09-29T12:00:30Z,2026-09-30T08:10:26Z
southern:SWS00293,southern,2026-09-29T08:00:00Z,2026-09-08T16:23:42Z,feed,2026-09-29T16:00:34Z,2026-09-30T08:10:26Z
southern:SWS00319,southern,2026-09-29T08:00:00Z,2025-08-29T05:27:48Z,feed,2026-09-29T09:20:24Z,2026-09-30T08:10:26Z
southern:SWS00352,southern,2026-09-21T08:00:00Z,2026-02-21T09:01:19Z,feed,2026-09-21T11:01:05Z,2026-09-22T08:10:26Z
southern:SWS00353,southern,2026-09-21T08:00:00Z,2026-01-28T00:48:31Z,feed,2026-09-21T11:40:28Z,2026-09-22T08:10:26Z
southern:SWS00370,southern,2026-09-17T07:00:00Z,2026-03-13T05:40:19Z,feed,2026-09-17T11:32:49Z,2026-09-17T19:14:51Z
southern:SWS00370,southern,2026-09-17T07:00:00Z,2026-03-13T05:40:19Z,feed,2026-09-18T20:51:53Z,2026-09-18T21:02:08Z
southern:SWS00475,southern,2026-09-17T07:00:00Z,2026-06-02T03:34:55Z,feed,2026-09-17T13:51:58Z,2026-09-17T19:14:51Z
southern:SWS00513,southern,2026-09-23T08:00:00Z,2026-09-17T10:52:00Z,feed,2026-09-23T10:40:24Z,2026-09-24T08:10:27Z
southern:SWS00525,southern,2026-09-30T09:00:00Z,2026-02-18T22:09:30Z,feed,2026-09-30T11:20:31Z,2026-10-01T09:10:24Z
southern:SWS00553,southern,2026-09-29T08:00:00Z,2026-09-28T11:57:06Z,feed,2026-09-29T10:40:24Z,2026-09-30T08:10:26Z
southern:SWS00573,southern,2026-09-17T07:00:00Z,2026-06-02T03:00:39Z,feed,2026-09-17T11:32:49Z,2026-09-17T19:14:51Z
southern:SWS00573,southern,2026-09-17T07:00:00Z,2026-06-02T03:00:39Z,feed,2026-09-18T20:51:53Z,2026-09-18T21:02:08Z
southern:SWS00598,southern,2026-09-17T07:00:00Z,2026-02-18T21:33:00Z,feed,2026-09-17T15:38:08Z,2026-09-17T19:14:51Z
southern:SWS00620,southern,2026-09-17T07:00:00Z,2026-02-18T20:26:41Z,feed,2026-09-17T13:51:58Z,2026-09-17T19:14:51Z
southern:SWS00621,southern,2026-09-17T07:00:00Z,2026-06-02T03:49:41Z,feed,2026-09-17T11:32:49Z,2026-09-17T19:14:51Z
southern:SWS00621,southern,2026-09-17T07:00:00Z,2026-06-02T03:49:41Z,feed,2026-09-18T20:51:53Z,2026-09-18T21:02:08Z
southern:SWS00643,southern,2026-09-28T12:38:00Z,2026-02-19T02:06:00Z,feed,2026-09-28T12:50:29Z,2026-09-28T18:00:32Z
southern:SWS00682,southern,2026-09-23T08:00:00Z,2025-07-31T13:00:00Z,feed,2026-09-23T09:40:26Z,2026-09-24T08:10:27Z
southern:SWS00735,southern,2026-09-28T08:00:00Z,2026-02-19T01:53:33Z,feed,2026-09-28T10:00:34Z,2026-09-29T08:10:37Z
southern:SWS00764,southern,2026-09-21T08:00:00Z,2026-03-14T09:48:17Z,feed,2026-09-21T10:30:29Z,2026-09-22T08:10:26Z
southern:SWS00766,southern,2026-09-28T08:00:00Z,2026-09-08T13:42:00Z,feed,2026-09-28T09:20:25Z,2026-09-29T08:10:37Z
southern:SWS00768,southern,2026-09-30T08:00:00Z,2026-06-02T02:36:09Z,feed,2026-09-30T10:00:29Z,2026-10-01T08:10:27Z
southern:SWS00772,southern,2026-09-17T07:00:00Z,2026-09-08T15:50:19Z,feed,2026-09-17T15:38:08Z,2026-09-17T19:14:51Z
southern:SWS00775,southern,2026-09-28T08:00:00Z,2026-02-19T05:47:56Z,feed,2026-09-28T14:00:32Z,2026-09-29T08:10:37Z
southern:SWS00805,southern,2026-09-28T08:00:00Z,2026-02-01T22:56:36Z,feed,2026-09-28T11:20:25Z,2026-09-29T08:10:37Z
southern:SWS00815,southern,2026-09-29T08:00:00Z,2026-09-17T09:04:00Z,feed,2026-09-29T13:30:37Z,2026-09-30T08:10:26Z
southern:SWS00857,southern,2026-09-29T08:00:00Z,2026-06-02T03:12:09Z,feed,2026-09-29T13:00:33Z,2026-09-30T08:10:26Z
southern:SWS00864,southern,2026-09-30T08:00:00Z,2025-07-31T18:20:11Z,feed,2026-09-30T15:20:35Z,2026-10-01T08:10:27Z
southern:SWS00867,southern,2026-09-30T08:00:00Z,2026-08-29T13:11:34Z,feed,2026-09-30T11:40:25Z,2026-10-01T08:10:27Z
southern:SWS00869,southern,2026-09-29T08:00:00Z,2026-09-22T00:27:30Z,feed,2026-09-30T01:20:25Z,2026-09-30T08:10:26Z
southern:SWS00912,southern,2026-09-23T08:00:00Z,2024-08-24T08:15:00Z,feed,2026-09-23T10:00:33Z,2026-09-24T08:10:27Z
southern:SWS00936,southern,2026-09-17T07:00:00Z,2026-09-08T11:09:11Z,feed,2026-09-17T13:51:58Z,2026-09-17T19:14:51Z
southern:SWS90071,southern,2026-09-29T08:00:00Z,2026-09-08T08:10:12Z,feed,2026-09-29T11:20:24Z,2026-09-30T08:10:26Z
southern:SWS90114,southern,2026-09-29T08:00:00Z,2026-04-29T21:56:00Z,feed,2026-09-29T15:00:35Z,2026-09-30T08:10:26Z
thames:TWL00003,thames,2026-09-30T12:34:00Z,2026-09-30T13:34:00Z,feed,2026-09-30T13:00:31Z,2026-09-30T14:10:28Z
thames:TWL00021,thames,2026-09-15T02:00:00Z,2026-09-24T11:30:00Z,feed,2026-09-17T11:32:49Z,2026-09-24T12:20:27Z
thames:TWL00021,thames,2026-09-25T02:00:00Z,2026-09-24T11:30:00Z,feed,2026-09-27T02:20:26Z,2026-09-29T02:10:23Z
thames:TWL00032,thames,2026-09-24T08:26:00Z,2026-09-24T10:40:00Z,feed,2026-09-24T09:10:23Z,2026-09-24T11:20:29Z
thames:TWL00084,thames,2026-09-11T15:00:00Z,2026-09-17T11:14:00Z,feed,2026-09-17T00:49:00Z,2026-09-17T13:51:58Z
thames:TWL00084,thames,2026-09-20T23:44:00Z,2026-09-17T11:14:00Z,feed,2026-09-23T00:20:21Z,2026-09-23T17:20:22Z
thames:TWL00084,thames,2026-09-24T07:36:00Z,2026-09-17T11:14:00Z,feed,2026-09-26T08:20:24Z,2026-09-28T00:10:26Z
thames:TWL00084,thames,2026-09-29T15:40:00Z,2026-09-17T11:14:00Z,feed,2026-10-01T16:20:27Z,2026-10-04T00:10:25Z
thames:TWL00087,thames,2026-09-20T09:08:00Z,2026-07-10T10:34:00Z,feed,2026-09-22T09:50:24Z,2026-09-23T01:30:26Z
thames:TWL00116,thames,2026-09-24T08:26:00Z,2026-09-24T10:40:00Z,feed,2026-09-24T09:10:23Z,2026-09-24T11:20:29Z
thames:TWL00117,thames,2026-09-24T08:45:00Z,,,2026-09-24T14:50:24Z,2026-09-24T14:50:24Z
thames:TWL00128,thames,2026-09-10T08:30:00Z,2026-09-21T07:15:00Z,feed,2026-09-17T00:49:00Z,2026-09-21T08:00:27Z
thames:TWL00130,thames,2026-09-07T03:00:00Z,2026-09-21T07:15:00Z,feed,2026-09-17T00:49:00Z,2026-09-21T08:00:27Z
thames:TWL00136,thames,2026-09-09T16:00:00Z,2026-09-25T07:30:00Z,feed,2026-09-17T00:49:00Z,2026-09-25T08:30:29Z
thames:TWL00139,thames,2026-09-11T20:30:00Z,2026-09-22T07:30:00Z,feed,2026-09-17T00:49:00Z,2026-09-22T08:20:26Z
thames:TWL00140,thames,2026-09-23T20:58:00Z,2026-10-06T07:36:00Z,feed,2026-09-25T21:30:28Z,2026-10-06T08:20:25Z
thames:TWL00154,thames,2026-09-24T08:26:00Z,2026-09-24T10:40:00Z,feed,2026-09-24T09:10:23Z,2026-09-24T11:20:29Z
thames:TWL00175,thames,2026-09-29T06:45:00Z,2026-09-29T14:15:00Z,feed,2026-09-29T11:30:23Z,2026-09-29T15:00:35Z
thames:TWL00175,thames,2026-09-29T06:45:00Z,2026-09-29T14:45:00Z,feed,2026-09-29T15:11:08Z,2026-09-29T15:30:28Z
thames:TWL00185,thames,2026-09-24T08:24:00Z,2026-09-24T10:40:00Z,feed,2026-09-24T09:10:23Z,2026-09-24T11:20:29Z
thames:TWL00191,thames,2026-09-02T07:52:00Z,2026-09-18T10:22:00Z,feed,2026-09-17T00:49:00Z,2026-09-18T11:01:14Z
thames:TWL00192,thames,2026-09-24T08:30:00Z,2026-09-24T10:40:00Z,feed,2026-09-24T09:10:23Z,2026-09-24T11:20:29Z
thames:TWL00203,thames,2026-09-17T07:46:00Z,2026-09-17T13:30:00Z,feed,2026-09-17T11:32:49Z,2026-09-17T15:38:08Z
thames:TWL00203,thames,2026-09-23T10:58:00Z,2026-09-23T14:04:00Z,feed,2026-09-23T11:30:28Z,2026-09-23T14:40:28Z
thames:TWL00284,thames,2026-09-18T09:00:00Z,2026-09-29T07:30:00Z,feed,2026-09-20T11:40:41Z,2026-09-29T11:30:23Z
thames:TWL00326,thames,2026-09-29T07:15:00Z,,,2026-10-01T07:50:25Z,2026-10-01T07:50:25Z
thames:TWL00341,thames,2026-09-15T08:24:00Z,2026-07-24T08:02:00Z,feed,2026-09-17T11:32:49Z,2026-09-18T10:30:40Z
thames:TWL00341,thames,2026-09-23T08:22:00Z,2026-07-24T08:02:00Z,feed,2026-09-25T08:50:28Z,2026-09-25T09:10:23Z
thames:TWL00341,thames,2026-09-25T08:22:00Z,2026-07-24T08:02:00Z,feed,2026-09-27T09:10:23Z,2026-09-27T09:20:23Z
thames:TWL00361,thames,2026-09-25T07:00:00Z,2026-03-20T09:00:00Z,feed,2026-09-27T08:10:25Z,2026-09-28T08:20:25Z
thames:TWL00371,thames,2026-09-24T08:26:00Z,2026-09-24T10:40:00Z,feed,2026-09-24T09:10:23Z,2026-09-24T11:20:29Z
thames:TWL00406,thames,2026-09-28T05:30:00Z,,,2026-09-30T06:00:34Z,2026-09-30T06:00:34Z
thames:TWL00435,thames,2026-09-22T20:15:00Z,2026-09-23T10:45:00Z,feed,2026-09-23T10:40:24Z,2026-09-23T11:30:28Z
thames:TWL00435,thames,2026-09-22T20:15:00Z,2026-09-23T10:45:00Z,feed,2026-09-24T21:30:26Z,2026-10-01T09:10:24Z
thames:TWL00438,thames,2026-09-24T08:24:00Z,2026-09-24T10:40:00Z,feed,2026-09-24T09:10:23Z,2026-09-24T11:20:29Z
thames:TWL00448,thames,2026-09-16T13:15:00Z,2026-10-01T07:15:00Z,feed,2026-09-18T14:37:46Z,2026-10-01T08:10:27Z
thames:TWL00453,thames,2026-09-12T13:30:00Z,2026-09-21T07:15:00Z,feed,2026-09-17T00:49:00Z,2026-09-21T08:00:27Z
thames:TWL00514,thames,2026-09-16T01:02:00Z,2026-09-24T11:50:00Z,feed,2026-09-18T01:48:59Z,2026-09-24T12:20:27Z
thames:TWL00521,thames,2026-09-03T23:42:00Z,2026-07-30T12:40:00Z,feed,2026-09-17T00:49:00Z,2026-09-25T00:30:30Z
thames:TWL00521,thames,2026-09-23T02:22:00Z,2026-07-30T12:40:00Z,feed,2026-09-25T02:50:23Z,2026-09-25T06:40:26Z
thames:TWL00557,thames,2026-09-21T01:00:00Z,,,2026-09-23T01:30:26Z,2026-09-23T01:30:26Z
thames:TWL00571,thames,2026-09-15T03:00:00Z,,,2026-09-17T11:32:49Z,2026-09-17T11:32:49Z
thames:TWL00658,thames,2026-09-24T08:28:00Z,2026-09-24T10:40:00Z,feed,2026-09-24T09:10:23Z,2026-09-24T11:20:29Z
thames:TWL00809,thames,2026-09-24T08:32:00Z,2026-09-24T10:40:00Z,feed,2026-09-24T09:10:23Z,2026-09-24T11:20:29Z
thames:TWL00810,thames,2026-09-24T08:24:00Z,2026-09-24T10:40:00Z,feed,2026-09-24T09:10:23Z,2026-09-24T11:20:29Z
united-utilities:UUP00068,united-utilities,2026-09-18T14:28:00Z,2026-09-18T14:36:00Z,feed,2026-09-18T14:58:06Z,2026-09-18T15:18:24Z
united-utilities:UUP00083,united-utilities,2026-09-18T17:26:00Z,2026-09-18T17:36:00Z,feed,2026-09-18T18:02:06Z,2026-09-18T18:22:27Z
united-utilities:UUP00104,united-utilities,2026-09-29T06:50:39Z,2026-09-30T07:56:38Z,feed,2026-09-29T07:00:27Z,2026-09-30T07:00:33Z
united-utilities:UUP00124,united-utilities,2026-09-21T07:00:41Z,2026-09-22T08:21:28Z,feed,2026-09-21T07:20:21Z,2026-09-22T07:30:25Z
united-utilities:UUP00134,united-utilities,2026-09-18T17:29:09Z,2026-09-18T17:41:16Z,feed,2026-09-18T18:02:06Z,2026-09-18T18:22:27Z
united-utilities:UUP00149,united-utilities,2026-09-25T09:22:20Z,2026-09-26T16:16:24Z,feed,2026-09-25T09:30:28Z,2026-09-26T15:20:27Z
united-utilities:UUP00150,united-utilities,2026-09-25T09:24:47Z,2026-09-26T16:16:24Z,feed,2026-09-25T09:30:28Z,2026-09-26T15:20:27Z
united-utilities:UUP00152,united-utilities,2026-09-22T23:00:12Z,2026-09-29T07:06:58Z,feed,2026-09-24T06:00:29Z,2026-09-29T07:10:21Z
united-utilities:UUP00152,united-utilities,2026-09-22T23:00:12Z,2026-10-05T09:36:50Z,feed,2026-09-29T07:19:07Z,2026-10-05T08:40:23Z
united-utilities:UUP00158,united-utilities,2026-09-22T23:44:03Z,2026-09-24T01:01:54Z,feed,2026-09-22T23:50:20Z,2026-09-24T00:10:24Z
united-utilities:UUP00194,united-utilities,2026-09-18T17:45:20Z,2026-09-18T19:53:45Z,feed,2026-09-18T18:22:27Z,2026-09-18T20:21:27Z
united-utilities:UUP00194,united-utilities,2026-09-18T20:03:06Z,2026-09-18T20:17:52Z,feed,2026-09-18T20:41:44Z,2026-09-18T21:02:08Z
united-utilities:UUP00194,united-utilities,2026-09-18T21:06:40Z,2026-09-18T22:55:25Z,feed,2026-09-18T22:43:41Z,2026-09-18T23:24:25Z
united-utilities:UUP00194,united-utilities,2026-09-18T22:58:52Z,2026-09-19T05:34:38Z,feed,2026-09-19T00:41:02Z,2026-09-19T06:00:49Z
united-utilities:UUP00194,united-utilities,2026-09-19T09:40:28Z,2026-09-19T11:17:20Z,feed,2026-09-19T10:20:27Z,2026-09-19T13:20:07Z
united-utilities:UUP00234,united-utilities,2026-09-28T07:00:44Z,,,2026-09-28T08:40:28Z,2026-09-28T08:40:28Z
united-utilities:UUP00260,united-utilities,2026-09-18T09:45:20Z,2026-09-19T10:56:32Z,feed,2026-09-18T10:30:40Z,2026-09-19T10:00:07Z
united-utilities:UUP00260,united-utilities,2026-09-22T07:00:00Z,2026-09-23T16:16:22Z,feed,2026-09-22T07:30:25Z,2026-09-23T15:20:24Z
united-utilities:UUP00287,united-utilities,2026-09-25T07:13:47Z,2026-09-26T08:16:26Z,feed,2026-09-25T07:20:27Z,2026-09-26T07:20:23Z
united-utilities:UUP00305,united-utilities,2026-09-23T07:00:49Z,2026-09-24T16:15:51Z,feed,2026-09-23T07:20:24Z,2026-09-24T15:20:31Z
united-utilities:UUP00365,united-utilities,2026-09-24T07:01:03Z,2026-09-25T16:21:27Z,feed,2026-09-24T09:10:23Z,2026-09-25T15:27:23Z
united-utilities:UUP00384,united-utilities,2026-09-08T21:38:37Z,2026-09-18T18:34:49Z,feed,2026-09-17T00:49:00Z,2026-09-18T20:21:27Z
united-utilities:UUP00403,united-utilities,2026-09-24T09:06:56Z,2026-09-25T16:21:27Z,feed,2026-09-24T09:10:23Z,2026-09-25T15:27:23Z
united-utilities:UUP00497,united-utilities,2026-09-28T07:00:00Z,2026-09-29T16:02:12Z,feed,2026-09-28T07:20:22Z,2026-09-29T15:11:08Z
united-utilities:UUP00498,united-utilities,2026-09-28T07:00:00Z,2026-09-29T16:02:12Z,feed,2026-09-28T07:20:22Z,2026-09-29T15:11:08Z
united-utilities:UUP00503,united-utilities,2026-09-23T09:30:11Z,2026-09-24T15:36:45Z,feed,2026-09-23T09:40:26Z,2026-09-24T14:40:25Z
united-utilities:UUP00518,united-utilities,2026-09-22T07:50:18Z,2026-09-24T09:56:36Z,feed,2026-09-22T08:00:28Z,2026-09-24T09:00:35Z
united-utilities:UUP00518,united-utilities,2026-09-30T05:28:00Z,2026-09-30T05:42:00Z,feed,2026-09-30T06:00:34Z,2026-09-30T06:21:00Z
united-utilities:UUP00518,united-utilities,2026-09-30T06:36:00Z,2026-09-30T07:16:00Z,feed,2026-09-30T07:20:24Z,2026-09-30T08:00:27Z
united-utilities:UUP00519,united-utilities,2026-09-01T07:24:15Z,2026-09-23T10:49:18Z,feed,2026-09-17T00:49:00Z,2026-09-23T11:20:27Z
united-utilities:UUP00519,united-utilities,2026-09-24T07:59:39Z,,,2026-09-24T08:10:27Z,2026-09-24T08:10:27Z
united-utilities:UUP00523,united-utilities,2026-09-19T04:58:00Z,2026-09-19T11:56:00Z,feed,2026-09-19T05:40:26Z,2026-09-19T13:20:07Z
united-utilities:UUP00570,united-utilities,2026-09-21T23:54:00Z,2026-09-21T23:56:00Z,feed,2026-09-22T00:30:24Z,2026-09-22T00:50:25Z
united-utilities:UUP00587,united-utilities,2026-09-18T14:30:00Z,2026-09-18T14:40:00Z,feed,2026-09-18T14:58:06Z,2026-09-18T15:18:24Z
united-utilities:UUP00587,united-utilities,2026-09-18T15:16:00Z,2026-09-18T17:32:00Z,feed,2026-09-18T17:51:51Z,2026-09-18T18:22:27Z
united-utilities:UUP00587,united-utilities,2026-09-18T23:42:00Z,2026-09-19T00:04:00Z,feed,2026-09-19T00:41:02Z,2026-09-19T01:01:22Z
united-utilities:UUP00587,united-utilities,2026-09-19T09:28:00Z,2026-09-19T09:30:00Z,feed,2026-09-19T10:00:07Z,2026-09-19T10:20:27Z
united-utilities:UUP00587,united-utilities,2026-09-20T10:56:00Z,2026-09-20T11:32:00Z,feed,2026-09-20T11:40:41Z,2026-09-20T12:21:15Z
united-utilities:UUP00587,united-utilities,2026-09-22T08:14:00Z,2026-09-22T08:16:00Z,feed,2026-09-22T09:01:09Z,2026-09-22T09:20:27Z
united-utilities:UUP00587,united-utilities,2026-09-22T19:00:00Z,2026-09-22T19:28:00Z,feed,2026-09-22T19:50:26Z,2026-09-22T20:10:23Z
united-utilities:UUP00587,united-utilities,2026-09-23T06:42:00Z,2026-09-23T06:46:00Z,feed,2026-09-23T07:20:24Z,2026-09-23T07:40:23Z
united-utilities:UUP00587,united-utilities,2026-09-23T19:30:00Z,2026-09-23T19:32:00Z,feed,2026-09-23T20:10:27Z,2026-09-23T20:30:33Z
united-utilities:UUP00592,united-utilities,2026-09-21T07:00:13Z,2026-09-22T16:21:16Z,feed,2026-09-21T07:20:21Z,2026-09-22T15:30:30Z
united-utilities:UUP00592,united-utilities,2026-09-28T06:00:00Z,2026-09-29T16:02:12Z,feed,2026-09-28T06:20:23Z,2026-09-29T15:11:08Z
united-utilities:UUP00645,united-utilities,2026-09-25T02:11:39Z,2026-09-25T07:41:36Z,feed,2026-09-25T03:30:33Z,2026-09-25T06:50:33Z
united-utilities:UUP00652,united-utilities,2026-09-21T12:00:55Z,2026-09-21T17:01:44Z,feed,2026-09-21T12:30:31Z,2026-09-21T16:10:23Z
united-utilities:UUP00696,united-utilities,2026-09-23T07:00:00Z,2026-09-24T16:15:51Z,feed,2026-09-23T07:20:24Z,2026-09-24T15:20:31Z
united-utilities:UUP00697,united-utilities,2026-09-23T05:44:00Z,2026-09-23T06:22:00Z,feed,2026-09-23T06:18:05Z,2026-09-23T07:00:29Z
united-utilities:UUP00697,united-utilities,2026-09-25T01:28:00Z,2026-09-25T01:54:00Z,feed,2026-09-25T02:00:29Z,2026-09-25T02:40:29Z
united-utilities:UUP00697,united-utilities,2026-09-27T14:16:00Z,2026-09-27T14:34:00Z,feed,2026-09-27T15:00:28Z,2026-09-27T15:20:23Z
united-utilities:UUP00697,united-utilities,2026-09-28T03:20:00Z,2026-09-28T03:36:00Z,feed,2026-09-28T04:00:28Z,2026-09-28T04:20:28Z
united-utilities:UUP00697,united-utilities,2026-09-28T04:50:00Z,2026-09-28T05:16:00Z,feed,2026-09-28T05:40:25Z,2026-09-28T06:00:31Z
united-utilities:UUP00697,united-utilities,2026-09-30T05:12:00Z,2026-09-30T05:38:00Z,feed,2026-09-30T06:00:34Z,2026-09-30T06:21:00Z
united-utilities:UUP00719,united-utilities,2026-09-22T12:29:49Z,2026-09-23T13:36:45Z,feed,2026-09-22T12:30:34Z,2026-09-23T12:40:31Z
united-utilities:UUP00720,united-utilities,2026-09-22T12:28:43Z,2026-09-23T13:36:45Z,feed,2026-09-22T12:30:34Z,2026-09-23T12:40:31Z
united-utilities:UUP00761,united-utilities,2026-09-23T07:31:17Z,2026-09-24T08:36:38Z,feed,2026-09-23T07:40:23Z,2026-09-24T07:40:21Z
united-utilities:UUP00792,united-utilities,2026-09-16T10:49:57Z,2026-09-17T16:16:23Z,feed,2026-09-17T00:49:00Z,2026-09-17T15:38:08Z
united-utilities:UUP00816,united-utilities,2026-09-30T15:40:00Z,2026-09-30T15:52:00Z,feed,2026-09-30T16:30:42Z,2026-09-30T16:50:24Z
united-utilities:UUP00826,united-utilities,2026-09-24T09:06:11Z,2026-09-25T16:21:27Z,feed,2026-09-24T09:10:23Z,2026-09-25T15:27:23Z
united-utilities:UUP00829,united-utilities,2026-09-28T07:00:29Z,2026-09-29T16:21:22Z,feed,2026-09-28T07:20:22Z,2026-09-29T15:30:28Z
united-utilities:UUP00832,united-utilities,2026-09-18T13:38:16Z,2026-09-18T14:30:04Z,feed,2026-09-18T14:37:46Z,2026-09-18T14:58:06Z
united-utilities:UUP00838,united-utilities,2026-09-29T10:30:01Z,2026-09-30T12:02:12Z,feed,2026-09-29T10:40:24Z,2026-09-30T11:10:21Z
united-utilities:UUP00916,united-utilities,2026-09-17T07:00:54Z,2026-09-18T16:16:28Z,feed,2026-09-17T11:32:49Z,2026-09-18T15:18:24Z
united-utilities:UUP00924,united-utilities,2026-09-17T09:30:43Z,2026-09-18T09:54:31Z,feed,2026-09-17T11:32:49Z,2026-09-18T10:30:40Z
united-utilities:UUP00930,united-utilities,2026-09-21T07:00:06Z,2026-09-22T16:21:16Z,feed,2026-09-21T07:20:21Z,2026-09-22T15:30:30Z
united-utilities:UUP00936,united-utilities,2026-09-18T16:19:23Z,2026-09-18T17:28:25Z,feed,2026-09-18T17:51:51Z,2026-09-18T18:02:06Z
united-utilities:UUP00936,united-utilities,2026-09-18T18:11:04Z,2026-09-18T19:30:11Z,feed,2026-09-18T18:42:49Z,2026-09-18T20:21:27Z
united-utilities:UUP00936,united-utilities,2026-09-19T00:38:04Z,2026-09-19T01:40:30Z,feed,2026-09-19T01:21:43Z,2026-09-19T05:09:50Z
united-utilities:UUP00936,united-utilities,2026-09-19T05:29:30Z,2026-09-19T08:12:10Z,feed,2026-09-19T06:00:49Z,2026-09-19T09:29:34Z
united-utilities:UUP00936,united-utilities,2026-09-30T07:42:49Z,2026-09-30T08:02:44Z,feed,2026-09-30T08:20:24Z,2026-09-30T08:40:28Z
united-utilities:UUP00942,united-utilities,2026-09-23T07:35:32Z,2026-09-24T16:15:51Z,feed,2026-09-23T07:40:23Z,2026-09-24T15:20:31Z
united-utilities:UUP00947,united-utilities,2026-09-11T10:36:52Z,2026-10-05T13:39:57Z,feed,2026-09-17T00:49:00Z,2026-10-05T14:20:30Z
united-utilities:UUP00961,united-utilities,2026-09-22T07:00:19Z,2026-09-23T16:16:22Z,feed,2026-09-22T07:30:25Z,2026-09-23T15:20:24Z
united-utilities:UUP01003,united-utilities,2026-09-19T04:20:39Z,2026-09-19T06:13:02Z,feed,2026-09-19T05:09:50Z,2026-09-19T09:29:34Z
united-utilities:UUP01022,united-utilities,2026-09-19T12:19:49Z,2026-09-19T13:02:23Z,feed,2026-09-19T13:20:07Z,2026-09-19T13:40:27Z
united-utilities:UUP01035,united-utilities,2026-09-18T16:58:53Z,2026-09-18T17:28:33Z,feed,2026-09-18T17:51:51Z,2026-09-18T18:02:06Z
united-utilities:UUP01035,united-utilities,2026-09-18T17:37:56Z,2026-09-18T18:58:33Z,feed,2026-09-18T18:22:27Z,2026-09-18T20:21:27Z
united-utilities:UUP01060,united-utilities,2026-09-21T07:00:55Z,2026-09-22T16:01:49Z,feed,2026-09-21T07:20:21Z,2026-09-22T15:10:24Z
united-utilities:UUP01079,united-utilities,2026-09-16T06:29:24Z,2026-09-17T16:16:23Z,feed,2026-09-17T00:49:00Z,2026-09-17T15:38:08Z
united-utilities:UUP01079,united-utilities,2026-09-22T09:39:44Z,2026-09-23T10:57:01Z,feed,2026-09-22T09:40:22Z,2026-09-23T10:00:33Z
united-utilities:UUP01080,united-utilities,2026-09-16T06:30:16Z,2026-09-17T16:16:23Z,feed,2026-09-17T00:49:00Z,2026-09-17T15:38:08Z
united-utilities:UUP01080,united-utilities,2026-09-22T09:37:17Z,2026-09-17T16:16:23Z,feed,2026-09-22T09:40:22Z,2026-09-22T10:00:29Z
united-utilities:UUP01080,united-utilities,2026-09-22T09:37:17Z,2026-09-23T10:57:01Z,feed,2026-09-22T10:10:27Z,2026-09-23T10:00:33Z
united-utilities:UUP01081,united-utilities,2026-09-24T07:00:00Z,2026-09-25T16:21:27Z,feed,2026-09-24T07:20:29Z,2026-09-25T15:27:23Z
united-utilities:UUP01085,united-utilities,2026-09-24T06:00:00Z,2026-09-25T16:21:27Z,feed,2026-09-24T06:20:23Z,2026-09-25T15:27:23Z
united-utilities:UUP01093,united-utilities,2026-09-27T14:56:00Z,2026-09-27T15:12:00Z,feed,2026-09-27T15:40:22Z,2026-09-27T16:00:30Z
united-utilities:UUP01094,united-utilities,2026-09-08T06:36:05Z,2026-09-28T06:48:56Z,feed,2026-09-17T00:49:00Z,2026-09-28T06:50:21Z
united-utilities:UUP01123,united-utilities,2026-09-21T13:48:30Z,2026-09-22T15:01:39Z,feed,2026-09-21T13:50:28Z,2026-09-22T14:10:21Z
united-utilities:UUP01123,united-utilities,2026-09-29T09:46:59Z,2026-09-30T16:02:13Z,feed,2026-09-29T09:50:24Z,2026-09-30T15:05:42Z
united-utilities:UUP01123,united-utilities,2026-09-30T16:06:00Z,2026-09-30T20:32:00Z,feed,2026-09-30T15:40:35Z,2026-09-30T21:30:27Z
united-utilities:UUP01124,united-utilities,2026-09-18T17:57:47Z,2026-09-18T19:34:36Z,feed,2026-09-18T18:42:49Z,2026-09-18T20:21:27Z
united-utilities:UUP01147,united-utilities,2026-09-20T12:48:54Z,2026-09-20T18:16:21Z,feed,2026-09-20T14:54:15Z,2026-09-20T17:55:21Z
united-utilities:UUP01147,united-utilities,2026-09-29T16:18:45Z,2026-09-30T17:21:24Z,feed,2026-09-29T16:20:26Z,2026-09-30T16:30:42Z
united-utilities:UUP01196,united-utilities,2026-09-21T07:17:37Z,2026-09-22T16:01:49Z,feed,2026-09-21T07:20:21Z,2026-09-22T15:10:24Z
united-utilities:UUP01208,united-utilities,2026-09-20T10:11:01Z,,,2026-09-20T11:40:41Z,2026-09-20T11:40:41Z
united-utilities:UUP01255,united-utilities,2026-09-25T09:53:44Z,,,2026-09-25T10:00:34Z,2026-09-25T10:00:34Z
united-utilities:UUP01272,united-utilities,2026-09-29T14:33:52Z,2026-09-30T15:36:39Z,feed,2026-09-29T14:40:32Z,2026-09-30T14:40:28Z
united-utilities:UUP01290,united-utilities,2026-09-14T08:12:59Z,2026-09-18T16:16:28Z,feed,2026-09-17T00:49:00Z,2026-09-18T15:18:24Z
united-utilities:UUP01338,united-utilities,2026-09-02T07:20:19Z,,,2026-09-17T00:49:00Z,2026-09-17T00:49:00Z
united-utilities:UUP01370,united-utilities,2026-09-18T09:00:24Z,2026-09-19T10:16:24Z,feed,2026-09-18T10:30:40Z,2026-09-19T09:29:34Z
united-utilities:UUP01370,united-utilities,2026-09-25T06:18:31Z,2026-09-26T16:16:24Z,feed,2026-09-25T06:20:27Z,2026-09-26T15:20:27Z
united-utilities:UUP01370,united-utilities,2026-09-29T07:08:34Z,2026-09-30T17:21:24Z,feed,2026-09-29T07:19:07Z,2026-09-30T16:30:42Z
united-utilities:UUP01373,united-utilities,2026-09-24T10:50:10Z,2026-09-25T07:33:00Z,feed,2026-09-24T11:00:29Z,2026-09-25T07:40:30Z
united-utilities:UUP01426,united-utilities,2026-09-27T14:56:00Z,2026-09-27T15:12:00Z,feed,2026-09-27T15:40:22Z,2026-09-27T16:00:30Z
united-utilities:UUP01426,united-utilities,2026-09-30T05:58:00Z,2026-09-30T06:04:00Z,feed,2026-09-30T06:40:29Z,2026-09-30T07:00:33Z
united-utilities:UUP01489,united-utilities,2026-09-19T09:10:00Z,2026-09-19T09:40:00Z,feed,2026-09-19T10:00:07Z,2026-09-19T10:20:27Z
united-utilities:UUP01489,united-utilities,2026-09-30T04:44:00Z,2026-09-30T05:06:00Z,feed,2026-09-30T05:20:22Z,2026-09-30T06:00:34Z
united-utilities:UUP01534,united-utilities,2026-09-21T09:00:59Z,2026-09-21T10:41:23Z,feed,2026-09-21T09:10:24Z,2026-09-21T09:50:27Z
united-utilities:UUP01557,united-utilities,2026-09-30T08:25:42Z,2026-10-02T16:16:50Z,feed,2026-09-30T08:30:30Z,2026-10-02T15:20:22Z
united-utilities:UUP01559,united-utilities,2026-09-22T07:00:08Z,2026-09-23T16:16:22Z,feed,2026-09-22T07:30:25Z,2026-09-23T15:20:24Z
united-utilities:UUP01565,united-utilities,2026-09-17T03:24:44Z,2026-09-17T17:23:14Z,feed,2026-09-17T11:32:49Z,2026-09-17T19:14:51Z
united-utilities:UUP01565,united-utilities,2026-09-30T04:21:43Z,2026-09-30T04:47:40Z,feed,2026-09-30T05:00:27Z,2026-09-30T05:20:22Z
united-utilities:UUP01565,united-utilities,2026-09-30T05:24:09Z,2026-09-30T05:49:48Z,feed,2026-09-30T06:00:34Z,2026-09-30T06:21:00Z
united-utilities:UUP01588,united-utilities,2026-09-16T09:05:42Z,2026-09-17T10:21:27Z,feed,2026-09-17T00:49:00Z,2026-09-17T11:32:49Z
united-utilities:UUP01588,united-utilities,2026-09-17T11:40:27Z,2026-09-18T12:56:47Z,feed,2026-09-17T13:51:58Z,2026-09-18T14:37:46Z
united-utilities:UUP01614,united-utilities,2026-09-22T07:05:43Z,2026-09-23T08:16:19Z,feed,2026-09-22T07:30:25Z,2026-09-23T07:20:24Z
united-utilities:UUP01664,united-utilities,2026-09-15T09:42:22Z,2026-09-18T15:06:46Z,feed,2026-09-17T00:49:00Z,2026-09-18T17:51:51Z
united-utilities:UUP01677,united-utilities,2026-09-23T09:38:16Z,2026-09-23T10:11:44Z,feed,2026-09-23T10:20:25Z,2026-09-23T10:40:24Z
united-utilities:UUP01683,united-utilities,2026-09-16T09:28:41Z,2026-09-17T16:16:23Z,feed,2026-09-17T00:49:00Z,2026-09-17T15:38:08Z
united-utilities:UUP01691,united-utilities,2026-09-30T07:00:00Z,2026-10-01T16:03:05Z,feed,2026-09-30T07:20:24Z,2026-10-01T15:10:24Z
united-utilities:UUP01719,united-utilities,2026-09-29T12:50:13Z,,,2026-09-29T13:30:37Z,2026-09-29T13:30:37Z
united-utilities:UUP01721,united-utilities,2026-09-18T16:00:00Z,2026-09-18T22:30:00Z,feed,2026-09-18T17:51:51Z,2026-09-18T23:04:03Z
united-utilities:UUP01741,united-utilities,2026-09-18T07:10:12Z,2026-09-19T16:16:19Z,feed,2026-09-18T10:30:40Z,2026-09-19T16:34:28Z
united-utilities:UUP01741,united-utilities,2026-09-29T09:45:08Z,2026-09-30T16:02:13Z,feed,2026-09-29T09:50:24Z,2026-09-30T15:05:42Z
united-utilities:UUP01746,united-utilities,2026-09-30T08:30:00Z,2026-09-30T08:46:00Z,feed,2026-09-30T09:00:29Z,2026-09-30T09:40:26Z
united-utilities:UUP01756,united-utilities,2026-09-24T07:00:43Z,2026-09-25T16:21:27Z,feed,2026-09-24T07:20:29Z,2026-09-25T15:27:23Z
united-utilities:UUP01767,united-utilities,2026-09-22T14:00:58Z,2026-09-23T16:16:22Z,feed,2026-09-22T14:20:21Z,2026-09-23T15:20:24Z
united-utilities:UUP01839,united-utilities,2026-09-30T08:09:17Z,2026-10-01T16:03:05Z,feed,2026-09-30T08:10:26Z,2026-10-01T15:10:24Z
united-utilities:UUP01854,united-utilities,2026-09-16T10:00:19Z,2026-09-17T10:41:37Z,feed,2026-09-17T00:49:00Z,2026-09-17T11:32:49Z
united-utilities:UUP01897,united-utilities,2026-09-24T11:42:04Z,2026-09-25T12:56:34Z,feed,2026-09-24T11:50:47Z,2026-09-25T12:00:31Z
united-utilities:UUP01905,united-utilities,2026-09-30T06:40:50Z,2026-10-01T16:03:05Z,feed,2026-09-30T06:50:30Z,2026-10-01T15:10:24Z
united-utilities:UUP01924,united-utilities,2026-09-30T06:30:00Z,2026-09-30T06:54:00Z,feed,2026-09-30T07:00:33Z,2026-09-30T07:40:25Z
united-utilities:UUP01938,united-utilities,2026-09-29T08:40:12Z,2026-09-30T16:21:24Z,feed,2026-09-29T08:50:22Z,2026-09-30T15:30:33Z
united-utilities:UUP01941,united-utilities,2026-09-28T12:39:22Z,2026-09-30T16:11:10Z,feed,2026-09-28T13:30:31Z,2026-09-30T16:50:24Z
united-utilities:UUP01952,united-utilities,2026-09-18T09:00:45Z,2026-09-19T14:16:14Z,feed,2026-09-18T10:30:40Z,2026-09-19T13:20:07Z
united-utilities:UUP01965,united-utilities,2026-09-17T21:30:00Z,2026-09-17T21:34:00Z,feed,2026-09-17T22:13:42Z,2026-09-17T22:57:48Z
united-utilities:UUP01965,united-utilities,2026-09-18T10:26:00Z,2026-09-18T10:28:00Z,feed,2026-09-18T11:01:14Z,2026-09-18T11:21:39Z
united-utilities:UUP01965,united-utilities,2026-09-24T20:12:00Z,2026-09-24T20:14:00Z,feed,2026-09-24T20:50:22Z,2026-09-24T21:10:33Z
united-utilities:UUP01965,united-utilities,2026-09-30T18:26:00Z,2026-09-30T18:46:00Z,feed,2026-09-30T19:10:25Z,2026-09-30T19:30:25Z
united-utilities:UUP02092,united-utilities,2026-09-17T07:00:26Z,2026-09-18T16:16:28Z,feed,2026-09-17T11:32:49Z,2026-09-18T15:18:24Z
united-utilities:UUP02092,united-utilities,2026-09-29T06:00:00Z,2026-09-30T16:02:13Z,feed,2026-09-29T06:20:21Z,2026-09-30T15:05:42Z
united-utilities:UUP02124,united-utilities,2026-09-30T09:30:54Z,2026-10-01T12:07:59Z,feed,2026-09-30T10:10:59Z,2026-10-01T12:40:24Z
united-utilities:UUP02141,united-utilities,2026-09-28T11:57:59Z,2026-09-28T13:17:26Z,feed,2026-09-28T12:30:26Z,2026-09-28T13:50:29Z
united-utilities:UUP02161,united-utilities,2026-09-25T06:30:24Z,2026-09-25T12:13:13Z,feed,2026-09-25T06:50:33Z,2026-09-25T12:20:24Z
united-utilities:UUP02175,united-utilities,2026-09-18T18:04:28Z,2026-09-18T19:00:04Z,feed,2026-09-18T18:42:49Z,2026-09-18T20:21:27Z
united-utilities:UUP02175,united-utilities,2026-09-23T09:41:08Z,2026-09-25T02:49:59Z,feed,2026-09-23T10:20:25Z,2026-09-25T03:20:23Z
united-utilities:UUP02175,united-utilities,2026-09-27T14:57:36Z,2026-09-27T15:17:18Z,feed,2026-09-27T15:40:22Z,2026-09-27T16:00:30Z
united-utilities:UUP02175,united-utilities,2026-09-27T15:49:01Z,2026-09-27T16:37:48Z,feed,2026-09-27T16:20:28Z,2026-09-27T17:30:30Z
united-utilities:UUP02175,united-utilities,2026-09-30T03:57:19Z,2026-09-30T04:21:19Z,feed,2026-09-30T04:40:24Z,2026-09-30T05:00:27Z
united-utilities:UUP02175,united-utilities,2026-09-30T06:40:21Z,2026-09-30T07:13:03Z,feed,2026-09-30T07:20:24Z,2026-09-30T07:40:25Z
united-utilities:UUP02175,united-utilities,2026-09-30T07:22:45Z,2026-09-30T07:37:51Z,feed,2026-09-30T08:00:27Z,2026-09-30T08:20:24Z
united-utilities:UUP02193,united-utilities,2026-09-21T07:43:36Z,2026-09-22T16:21:16Z,feed,2026-09-21T07:50:25Z,2026-09-22T15:30:30Z
united-utilities:UUP02193,united-utilities,2026-09-28T06:00:00Z,2026-09-29T16:02:12Z,feed,2026-09-28T06:20:23Z,2026-09-29T15:11:08Z
united-utilities:UUP02249,united-utilities,2026-09-18T16:56:00Z,2026-09-18T18:16:00Z,feed,2026-09-18T17:51:51Z,2026-09-18T20:21:27Z
united-utilities:UUP02264,united-utilities,2026-09-20T19:24:00Z,2026-09-20T19:48:00Z,feed,2026-09-20T20:17:07Z,2026-09-20T20:37:27Z
united-utilities:UUP02264,united-utilities,2026-09-26T19:58:00Z,2026-09-26T20:24:00Z,feed,2026-09-26T20:50:25Z,2026-09-26T21:10:44Z
united-utilities:UUP02264,united-utilities,2026-09-26T21:22:00Z,2026-09-26T21:52:00Z,feed,2026-09-26T22:10:25Z,2026-09-26T22:50:26Z
united-utilities:UUP02264,united-utilities,2026-09-27T15:22:00Z,2026-09-27T15:42:00Z,feed,2026-09-27T16:00:30Z,2026-09-27T16:20:28Z
united-utilities:UUP02264,united-utilities,2026-09-27T19:16:00Z,2026-09-27T19:52:00Z,feed,2026-09-27T20:00:29Z,2026-09-27T20:50:30Z
united-utilities:UUP02264,united-utilities,2026-09-30T15:00:00Z,2026-09-30T15:02:00Z,feed,2026-09-30T15:40:35Z,2026-09-30T16:00:39Z
united-utilities:UUP02268,united-utilities,2026-09-26T06:44:00Z,2026-09-26T06:46:00Z,feed,2026-09-26T07:20:23Z,2026-09-26T07:40:23Z
united-utilities:UUP02271,united-utilities,2026-09-30T08:50:07Z,2026-10-01T16:03:05Z,feed,2026-09-30T09:00:29Z,2026-10-01T15:10:24Z
wessex:WSX0572,wessex,,,,2026-09-17T00:49:00Z,2026-09-17T00:49:00Z
wessex:WSX10020,wessex,,2026-09-21T22:20:29Z,collector,2026-09-21T10:11:04Z,2026-09-21T22:20:29Z
wessex:WSX10020,wessex,,2026-09-22T14:40:25Z,collector,2026-09-22T07:50:23Z,2026-09-22T14:40:25Z
wessex:WSX10020,wessex,,2026-09-23T15:20:24Z,collector,2026-09-23T07:40:23Z,2026-09-23T15:20:24Z
wessex:WSX10020,wessex,,2026-09-24T16:50:30Z,collector,2026-09-24T08:10:27Z,2026-09-24T16:50:30Z
wessex:WSX10020,wessex,,2026-09-25T14:10:31Z,collector,2026-09-25T08:20:25Z,2026-09-25T14:10:31Z
wessex:WSX10038,wessex,,2026-09-28T08:40:28Z,collector,2026-09-28T07:40:22Z,2026-09-28T08:40:28Z
wessex:WSX10040,wessex,,2026-09-28T09:50:23Z,collector,2026-09-28T08:50:25Z,2026-09-28T09:50:23Z
wessex:WSX10070,wessex,,2026-09-17T13:51:58Z,collector,2026-09-17T11:32:49Z,2026-09-17T13:51:58Z
wessex:WSX10086,wessex,,2026-09-28T10:00:34Z,collector,2026-09-28T08:30:28Z,2026-09-28T10:00:34Z
wessex:WSX10088,wessex,,2026-09-24T15:00:34Z,collector,2026-09-24T09:30:26Z,2026-09-24T15:00:34Z
wessex:WSX10112,wessex,,2026-02-19T02:34:00Z,feed,2026-09-18T10:30:40Z,2026-09-18T14:37:46Z
wessex:WSX10112,wessex,,2026-02-19T02:34:00Z,feed,2026-09-30T16:00:39Z,2026-09-30T17:50:26Z
wessex:WSX10150,wessex,,2026-08-29T13:52:00Z,feed,2026-09-23T11:40:26Z,2026-09-23T12:40:31Z
wessex:WSX10155,wessex,,2026-09-05T10:42:00Z,feed,2026-09-18T10:30:40Z,2026-09-18T14:37:46Z
wessex:WSX10155,wessex,,2026-09-05T10:42:00Z,feed,2026-09-30T08:10:26Z,2026-09-30T11:40:25Z
wessex:WSX10158,wessex,,2026-02-20T19:48:00Z,feed,2026-09-18T10:30:40Z,2026-09-18T10:40:52Z
wessex:WSX10163,wessex,,2026-03-15T23:00:00Z,feed,2026-09-30T08:40:28Z,2026-09-30T14:00:37Z
wessex:WSX10167,wessex,,2026-06-22T21:25:00Z,feed,2026-09-18T11:21:39Z,2026-09-18T14:37:46Z
wessex:WSX1291,wessex,,2026-02-09T21:53:47Z,feed,2026-09-30T16:30:42Z,2026-10-01T02:10:25Z
wessex:WXW00003,wessex,,2026-08-20T02:04:00Z,feed,2026-09-29T15:00:35Z,2026-09-29T15:11:08Z
wessex:WXW00010,wessex,,2026-08-27T05:40:00Z,feed,2026-09-17T00:49:00Z,2026-09-21T08:30:28Z
wessex:WXW00019,wessex,,2026-06-22T17:30:00Z,feed,2026-09-17T00:49:00Z,2026-09-23T08:20:21Z
wessex:WXW00023,wessex,,2026-09-29T04:10:24Z,collector,2026-09-28T14:10:25Z,2026-09-29T04:10:24Z
wessex:WXW00023,wessex,,2026-10-01T08:20:27Z,collector,2026-09-29T08:30:29Z,2026-10-01T08:20:27Z
wessex:WXW00029,wessex,,2026-08-27T03:32:00Z,feed,2026-09-22T13:20:23Z,2026-09-22T14:40:25Z
wessex:WXW00042,wessex,,2026-08-29T07:16:00Z,feed,2026-09-22T08:30:30Z,2026-09-24T09:20:23Z
wessex:WXW00042,wessex,,2026-08-29T07:16:00Z,feed,2026-09-28T08:10:28Z,2026-09-29T08:30:29Z
wessex:WXW00046,wessex,,2026-06-22T17:36:00Z,feed,2026-09-23T15:00:33Z,2026-09-24T02:20:30Z
wessex:WXW00048,wessex,,2026-08-29T10:42:00Z,feed,2026-09-17T00:49:00Z,2026-09-23T08:20:21Z
wessex:WXW00048,wessex,,2026-08-29T10:42:00Z,feed,2026-09-25T08:50:28Z,2026-09-29T08:30:29Z
wessex:WXW00051,wessex,,2026-08-29T14:06:00Z,feed,2026-09-29T08:30:29Z,2026-10-01T08:20:27Z
wessex:WXW00066,wessex,,2025-11-14T21:09:00Z,feed,2026-09-18T10:30:40Z,2026-09-18T14:37:46Z
wessex:WXW00071,wessex,,2026-06-22T17:24:00Z,feed,2026-09-27T08:50:23Z,2026-09-28T04:40:27Z
wessex:WXW00072,wessex,,2026-02-15T22:10:00Z,feed,2026-09-17T11:32:49Z,2026-09-17T19:14:51Z
wessex:WXW00072,wessex,,2026-02-15T22:10:00Z,feed,2026-09-22T08:20:26Z,2026-09-22T10:20:25Z
wessex:WXW00094,wessex,,2025-11-14T22:23:00Z,feed,2026-09-17T11:32:49Z,2026-09-17T19:14:51Z
wessex:WXW00112,wessex,,,,2026-09-27T21:20:26Z,2026-09-27T21:20:26Z
wessex:WXW00128,wessex,,2026-02-24T01:10:00Z,feed,2026-09-25T09:30:28Z,2026-09-25T14:20:26Z
wessex:WXW00133,wessex,,2026-02-28T07:25:00Z,feed,2026-09-29T09:10:28Z,2026-09-29T14:00:31Z
wessex:WXW00133,wessex,,2026-02-28T07:25:00Z,feed,2026-09-30T08:40:28Z,2026-09-30T14:10:28Z
wessex:WXW00135,wessex,,2026-09-03T10:52:47Z,feed,2026-09-22T15:40:25Z,2026-09-22T16:30:30Z
wessex:WXW00135,wessex,,,,2026-09-22T16:40:35Z,2026-09-22T16:40:35Z
wessex:WXW00140,wessex,,2026-08-30T19:26:00Z,feed,2026-09-25T08:20:25Z,2026-09-25T13:10:23Z
wessex:WXW00140,wessex,,2026-08-30T19:26:00Z,feed,2026-09-28T11:40:28Z,2026-09-28T14:00:32Z
wessex:WXW00141,wessex,,2026-06-22T17:44:00Z,feed,2026-09-18T14:58:06Z,2026-09-18T17:51:51Z
wessex:WXW00141,wessex,,2026-06-22T17:44:00Z,feed,2026-09-28T13:40:31Z,2026-09-29T04:10:24Z
wessex:WXW00151,wessex,,2026-02-28T11:55:00Z,feed,2026-09-24T08:00:29Z,2026-09-24T10:20:26Z
wessex:WXW00151,wessex,,2026-02-28T11:55:00Z,feed,2026-09-28T09:00:29Z,2026-09-28T10:10:26Z
wessex:WXW00158,wessex,,2026-02-19T02:09:00Z,feed,2026-09-22T14:30:31Z,2026-09-23T02:20:21Z
wessex:WXW00171,wessex,,2026-02-27T05:06:00Z,feed,2026-09-17T11:32:49Z,2026-09-17T13:51:58Z
wessex:WXW00177,wessex,,2026-10-01T08:20:27Z,collector,2026-09-21T08:40:20Z,2026-10-01T08:20:27Z
wessex:WXW00190,wessex,,2026-08-29T14:02:00Z,feed,2026-09-25T13:30:31Z,2026-09-26T00:20:26Z
wessex:WXW00197,wessex,,2026-09-23T11:50:06Z,collector,2026-09-23T11:10:22Z,2026-09-23T11:50:06Z
wessex:WXW00207,wessex,,2026-08-20T11:57:00Z,feed,2026-09-24T08:10:27Z,2026-09-24T09:00:35Z
wessex:WXW00224,wessex,,2026-01-27T09:37:00Z,feed,2026-09-24T06:50:21Z,2026-09-24T16:20:24Z
wessex:WXW00224,wessex,,2026-01-27T09:37:00Z,feed,2026-09-28T13:30:31Z,2026-09-29T03:20:24Z
wessex:WXW00232,wessex,,2026-06-02T08:20:00Z,feed,2026-09-17T11:32:49Z,2026-09-17T13:51:58Z
wessex:WXW00236,wessex,,2026-08-29T12:00:00Z,feed,2026-09-17T00:49:00Z,2026-09-17T11:32:49Z
wessex:WXW00264,wessex,,2026-08-29T14:45:00Z,feed,2026-09-17T11:32:49Z,2026-09-17T13:51:58Z
wessex:WXW00265,wessex,,2026-06-22T22:06:00Z,feed,2026-09-17T00:49:00Z,2026-09-21T08:30:28Z
wessex:WXW00265,wessex,,2026-06-22T22:06:00Z,feed,2026-09-23T05:30:24Z,2026-09-23T07:10:25Z
wessex:WXW00273,wessex,,2026-01-27T08:54:00Z,feed,2026-09-21T08:10:32Z,2026-09-21T14:10:22Z
wessex:WXW00273,wessex,,2026-01-27T08:54:00Z,feed,2026-09-22T07:10:32Z,2026-09-23T02:20:21Z
wessex:WXW00273,wessex,,2026-01-27T08:54:00Z,feed,2026-09-24T07:50:26Z,2026-09-24T13:50:26Z
wessex:WXW00288,wessex,,2025-09-08T13:32:00Z,feed,2026-09-23T09:10:22Z,2026-09-23T10:20:25Z
wessex:WXW00299,wessex,,2025-12-19T00:19:15Z,feed,2026-09-24T08:20:27Z,2026-09-24T12:10:27Z
wessex:WXW00299,wessex,,2025-12-19T00:19:15Z,feed,2026-09-24T14:10:29Z,2026-09-24T15:50:28Z
wessex:WXW00312,wessex,,2026-04-22T16:24:00Z,feed,2026-09-29T07:40:30Z,2026-09-29T10:20:25Z
wessex:WXW00312,wessex,,2026-04-22T16:24:00Z,feed,2026-09-30T09:20:26Z,2026-09-30T10:50:31Z
wessex:WXW00318,wessex,,2026-08-29T15:40:00Z,feed,2026-09-24T12:30:32Z,2026-09-24T20:01:11Z
wessex:WXW00331,wessex,,2026-02-11T00:38:00Z,feed,2026-09-23T09:30:28Z,2026-09-23T10:50:20Z
wessex:WXW00339,wessex,,2026-08-30T23:38:00Z,feed,2026-09-30T08:40:28Z,2026-09-30T11:40:25Z
wessex:WXW00342,wessex,,2026-09-24T12:10:27Z,collector,2026-09-24T09:50:29Z,2026-09-24T12:10:27Z
wessex:WXW00343,wessex,,2026-09-30T04:57:00Z,feed,2026-09-30T08:20:24Z,2026-10-01T02:10:25Z
wessex:WXW00344,wessex,,2026-08-29T11:54:00Z,feed,2026-09-30T08:20:24Z,2026-10-01T02:10:25Z
wessex:WXW00345,wessex,,2026-06-22T19:44:00Z,feed,2026-09-28T08:40:28Z,2026-09-28T12:10:23Z
wessex:WXW00348,wessex,,2026-08-29T13:18:00Z,feed,2026-09-30T08:20:24Z,2026-09-30T08:50:26Z
wessex:WXW00369,wessex,,2026-09-22T15:20:29Z,collector,2026-09-22T09:50:24Z,2026-09-22T15:20:29Z
wessex:WXW00375,wessex,,2026-01-27T07:22:00Z,feed,2026-09-20T11:50:51Z,2026-09-21T04:30:30Z
wessex:WXW00393,wessex,,2026-08-29T13:57:00Z,feed,2026-09-23T11:50:06Z,2026-09-23T13:40:29Z
wessex:WXW00395,wessex,,2026-08-29T13:22:16Z,feed,2026-09-28T08:00:31Z,2026-09-28T11:00:28Z
wessex:WXW00396,wessex,,2026-09-24T14:00:32Z,collector,2026-09-24T09:50:29Z,2026-09-24T14:00:32Z
wessex:WXW00396,wessex,,2026-09-30T11:10:21Z,collector,2026-09-30T07:40:25Z,2026-09-30T11:10:21Z
wessex:WXW00432,wessex,,2026-02-22T02:48:00Z,feed,2026-09-25T11:30:29Z,2026-09-25T13:30:31Z
wessex:WXW00471,wessex,,2026-08-29T16:34:00Z,feed,2026-09-17T00:49:00Z,2026-09-21T08:30:28Z
wessex:WXW00471,wessex,,2026-08-29T16:34:00Z,feed,2026-09-24T12:40:27Z,2026-09-24T13:20:22Z
wessex:WXW00481,wessex,,2026-03-11T05:58:00Z,feed,2026-09-21T07:20:21Z,2026-09-21T08:30:28Z
wessex:WXW00486,wessex,,2026-08-27T05:48:00Z,feed,2026-09-17T00:49:00Z,2026-09-17T11:32:49Z
wessex:WXW00486,wessex,,2026-08-27T05:48:00Z,feed,2026-09-21T08:40:20Z,2026-09-23T08:20:21Z
wessex:WXW00492,wessex,,2026-06-22T17:48:00Z,feed,2026-09-24T09:50:29Z,2026-09-24T15:00:34Z
wessex:WXW00498,wessex,,2026-03-24T14:35:00Z,feed,2026-09-30T08:40:28Z,2026-09-30T09:30:29Z
wessex:WXW00547,wessex,,2026-08-30T21:02:00Z,feed,2026-09-24T12:10:27Z,2026-09-24T13:40:26Z
wessex:WXW00547,wessex,,2026-08-30T21:02:00Z,feed,2026-09-29T07:30:27Z,2026-09-29T15:20:25Z
wessex:WXW00547,wessex,,2026-08-30T21:02:00Z,feed,2026-09-30T08:10:26Z,2026-09-30T15:20:35Z
wessex:WXW00552,wessex,,2026-02-19T02:06:08Z,feed,2026-09-25T09:30:28Z,2026-09-25T13:50:28Z
wessex:WXW00562,wessex,,2026-06-02T12:17:21Z,feed,2026-09-25T08:20:25Z,2026-09-25T10:10:27Z
wessex:WXW00566,wessex,,2026-08-27T05:24:00Z,feed,2026-09-30T08:40:28Z,2026-10-01T04:11:00Z
wessex:WXW00582,wessex,,2026-03-21T21:08:00Z,feed,2026-09-25T10:10:27Z,2026-09-25T11:10:22Z
wessex:WXW00584,wessex,,2026-08-21T20:33:14Z,feed,2026-09-22T08:50:24Z,2026-09-22T09:10:24Z
wessex:WXW00587,wessex,,2026-02-19T05:06:00Z,feed,2026-09-17T00:49:00Z,2026-09-17T11:32:49Z
wessex:WXW00601,wessex,,,,2026-09-29T13:30:37Z,2026-09-29T13:30:37Z
wessex:WXW00604,wessex,,2026-06-22T16:54:00Z,feed,2026-09-22T10:20:25Z,2026-09-22T12:30:34Z
wessex:WXW00605,wessex,,2026-02-19T10:04:00Z,feed,2026-09-25T13:00:33Z,2026-09-26T00:20:26Z
wessex:WXW00625,wessex,,2026-03-01T05:22:00Z,feed,2026-09-18T06:24:01Z,2026-09-18T14:37:46Z
wessex:WXW00634,wessex,,2026-08-27T05:22:00Z,feed,2026-09-23T08:20:21Z,2026-09-24T09:20:23Z
wessex:WXW00645,wessex,,2026-08-27T05:08:00Z,feed,2026-09-28T09:00:29Z,2026-09-28T09:40:26Z
wessex:WXW00647,wessex,,,,2026-09-30T13:50:26Z,2026-09-30T13:50:26Z
wessex:WXW00660,wessex,,2026-09-23T13:48:00Z,feed,2026-09-23T17:20:22Z,2026-09-23T19:00:34Z
wessex:WXW00679,wessex,,2026-09-17T09:18:16Z,feed,2026-09-22T11:20:24Z,2026-09-22T12:39:28Z
wessex:WXW00692,wessex,,2026-08-29T15:14:00Z,feed,2026-09-30T08:20:24Z,2026-09-30T11:10:21Z
wessex:WXW00705,wessex,,2026-08-29T17:36:00Z,feed,2026-09-18T11:21:39Z,2026-09-18T14:37:46Z
wessex:WXW00724,wessex,,2025-05-14T12:26:00Z,feed,2026-09-17T13:51:58Z,2026-09-17T15:38:08Z
wessex:WXW00726,wessex,,2026-08-29T13:58:00Z,feed,2026-09-29T10:50:26Z,2026-09-30T02:10:24Z
wessex:WXW00727,wessex,,2026-09-17T19:14:51Z,collector,2026-09-17T13:51:58Z,2026-09-17T19:14:51Z
wessex:WXW00729,wessex,,2026-08-29T13:48:00Z,feed,2026-09-19T19:01:14Z,2026-09-19T19:31:47Z
wessex:WXW00742,wessex,,2026-08-29T14:46:00Z,feed,2026-09-29T10:30:33Z,2026-09-29T12:10:24Z
wessex:WXW00744,wessex,,2026-05-02T21:15:00Z,feed,2026-09-23T08:50:23Z,2026-09-23T10:50:20Z
wessex:WXW00748,wessex,,2026-09-30T14:50:27Z,collector,2026-09-30T13:40:29Z,2026-09-30T14:50:27Z
wessex:WXW00750,wessex,,2026-08-30T21:46:00Z,feed,2026-09-17T11:32:49Z,2026-09-21T08:30:28Z
wessex:WXW00782,wessex,,2026-02-28T09:44:00Z,feed,2026-09-25T11:40:30Z,2026-09-25T14:10:31Z
wessex:WXW00786,wessex,,2026-03-13T07:40:00Z,feed,2026-09-29T09:20:24Z,2026-09-29T11:30:23Z
wessex:WXW00802,wessex,,2026-01-27T16:29:00Z,feed,2026-09-30T08:10:26Z,2026-09-30T16:30:42Z
wessex:WXW00810,wessex,,2026-03-01T23:16:00Z,feed,2026-09-23T12:00:34Z,2026-09-23T15:30:39Z
wessex:WXW00836,wessex,,2026-06-22T17:15:00Z,feed,2026-09-21T09:10:24Z,2026-09-21T14:00:27Z
wessex:WXW00836,wessex,,2026-06-22T17:15:00Z,feed,2026-09-22T08:20:26Z,2026-09-22T12:30:34Z
wessex:WXW00836,wessex,,2026-06-22T17:15:00Z,feed,2026-09-23T07:20:24Z,2026-09-24T02:20:30Z
wessex:WXW00836,wessex,,2026-06-22T17:15:00Z,feed,2026-09-24T07:40:21Z,2026-09-24T12:40:27Z
wessex:WXW00866,wessex,,2025-08-29T05:36:00Z,feed,2026-09-17T11:32:49Z,2026-09-17T19:14:51Z
wessex:WXW00870,wessex,,2026-09-29T11:20:24Z,collector,2026-09-29T10:00:34Z,2026-09-29T11:20:24Z
wessex:WXW00870,wessex,,2026-09-30T13:50:26Z,collector,2026-09-30T12:40:24Z,2026-09-30T13:50:26Z
wessex:WXW00876,wessex,,2026-06-09T05:31:00Z,feed,2026-09-23T09:00:32Z,2026-09-23T16:40:25Z
wessex:WXW00876,wessex,,2026-06-09T05:31:00Z,feed,2026-09-24T07:30:28Z,2026-09-24T16:50:30Z
wessex:WXW00876,wessex,,2026-06-09T05:31:00Z,feed,2026-09-25T07:30:22Z,2026-09-25T14:50:24Z
wessex:WXW00890,wessex,,2026-08-27T04:48:00Z,feed,2026-09-21T08:40:20Z,2026-09-29T15:11:08Z
wessex:WXW00895,wessex,,2026-03-24T22:08:00Z,feed,2026-09-22T08:20:26Z,2026-09-22T13:20:23Z
wessex:WXW00897,wessex,,2026-09-18T14:05:59Z,feed,2026-09-18T10:30:40Z,2026-09-18T14:37:46Z
wessex:WXW00897,wessex,,,,2026-09-18T17:51:51Z,2026-09-18T17:51:51Z
wessex:WXW00900,wessex,,2026-02-19T15:02:00Z,feed,2026-09-24T10:20:26Z,2026-09-24T12:40:27Z
wessex:WXW00902,wessex,,2026-09-24T13:50:26Z,collector,2026-09-24T13:00:29Z,2026-09-24T13:50:26Z
wessex:WXW00910,wessex,,2026-09-17T19:14:51Z,collector,2026-09-17T11:32:49Z,2026-09-17T19:14:51Z
wessex:WXW00924,wessex,,2026-09-08T09:44:00Z,feed,2026-09-17T00:49:00Z,2026-09-24T09:20:23Z
wessex:WXW00930,wessex,,,,2026-09-29T08:30:29Z,2026-09-29T08:30:29Z
wessex:WXW00946,wessex,,2026-09-24T00:36:00Z,feed,2026-09-24T01:10:25Z,2026-09-24T01:50:24Z
wessex:WXW00946,wessex,,2026-02-19T02:34:00Z,feed,2026-09-24T12:40:27Z,2026-09-24T15:00:34Z
wessex:WXW00946,wessex,,2026-02-19T02:34:00Z,feed,2026-09-25T10:10:27Z,2026-09-26T00:20:26Z
wessex:WXW00949,wessex,,2026-03-15T18:37:00Z,feed,2026-09-24T08:40:23Z,2026-09-24T14:20:26Z
wessex:WXW00949,wessex,,2026-03-15T18:37:00Z,feed,2026-09-30T08:40:28Z,2026-09-30T13:40:29Z
wessex:WXW00971,wessex,,2026-08-27T05:38:00Z,feed,2026-09-25T09:00:34Z,2026-09-26T00:20:26Z
wessex:WXW00994,wessex,,2026-02-23T13:36:00Z,feed,2026-09-29T09:40:25Z,2026-09-29T15:20:25Z
wessex:WXW01001,wessex,,2026-02-09T21:37:00Z,feed,2026-09-18T10:30:40Z,2026-09-18T14:37:46Z
wessex:WXW01022,wessex,,2026-08-27T03:02:00Z,feed,2026-09-18T10:40:52Z,2026-09-18T10:51:02Z
wessex:WXW01024,wessex,,2026-03-17T00:58:00Z,feed,2026-09-17T11:32:49Z,2026-09-17T19:14:51Z
wessex:WXW01024,wessex,,2026-03-17T00:58:00Z,feed,2026-09-23T08:40:22Z,2026-09-23T09:30:28Z
wessex:WXW01035,wessex,,2026-08-04T17:10:00Z,feed,2026-09-17T00:49:00Z,2026-09-21T08:30:28Z
wessex:WXW01042,wessex,,2026-08-29T14:48:05Z,feed,2026-09-22T07:10:32Z,2026-09-23T02:20:21Z
wessex:WXW01080,wessex,,2026-08-29T14:06:00Z,feed,2026-09-18T10:30:40Z,2026-09-19T05:09:50Z
wessex:WXW01082,wessex,,2026-02-18T22:54:00Z,feed,2026-09-29T14:00:31Z,2026-09-30T02:10:24Z
wessex:WXW01083,wessex,,2026-02-19T22:31:00Z,feed,2026-09-29T12:40:24Z,2026-09-29T15:20:25Z
wessex:WXW01084,wessex,,2026-02-20T00:41:00Z,feed,2026-09-29T12:40:24Z,2026-09-29T15:20:25Z
wessex:WXW01089,wessex,,2026-09-29T08:50:22Z,collector,2026-09-29T07:50:26Z,2026-09-29T08:50:22Z
wessex:WXW01094,wessex,,2026-02-15T22:10:00Z,feed,2026-09-22T10:00:29Z,2026-09-22T11:40:20Z
wessex:WXW01094,wessex,,,,2026-09-23T11:20:27Z,2026-09-23T11:20:27Z
wessex:WXW01121,wessex,,2026-02-16T11:44:00Z,feed,2026-09-22T09:40:22Z,2026-09-22T15:40:25Z
wessex:WXW01122,wessex,,2026-08-29T13:23:26Z,feed,2026-09-23T13:20:24Z,2026-09-23T14:40:28Z
wessex:WXW01138,wessex,,2026-06-08T10:20:00Z,feed,2026-09-25T11:00:30Z,2026-09-25T11:40:30Z
wessex:WXW01141,wessex,,2026-08-29T12:38:00Z,feed,2026-09-17T11:32:49Z,2026-09-17T13:51:58Z
wessex:WXW01141,wessex,,2026-08-29T12:38:00Z,feed,2026-09-18T10:30:40Z,2026-09-18T14:37:46Z
wessex:WXW01141,wessex,,2026-08-29T12:38:00Z,feed,2026-09-21T10:20:21Z,2026-09-21T11:01:05Z
wessex:WXW01145,wessex,,2026-06-02T12:53:00Z,feed,2026-09-17T11:32:49Z,2026-09-17T15:38:08Z
wessex:WXW01161,wessex,,2026-03-10T10:40:00Z,feed,2026-09-22T11:30:29Z,2026-09-23T02:10:24Z
wessex:WXW01170,wessex,,2026-09-08T09:40:00Z,feed,2026-09-28T08:20:25Z,2026-09-29T08:30:29Z
wessex:WXW01171,wessex,,2026-07-28T08:30:00Z,feed,2026-09-24T14:10:29Z,2026-09-24T15:00:34Z
wessex:WXW01182,wessex,,2026-08-29T12:00:00Z,feed,2026-09-17T00:49:00Z,2026-09-17T11:32:49Z
wessex:WXW01192,wessex,,2026-02-14T01:26:00Z,feed,2026-09-28T08:00:31Z,2026-09-28T09:10:26Z
wessex:WXW01198,wessex,,2026-10-02T08:10:24Z,collector,2026-09-21T08:40:20Z,2026-10-02T08:10:24Z
wessex:WXW01201,wessex,,,,2026-09-23T08:20:21Z,2026-09-23T08:20:21Z
wessex:WXW01225,wessex,,2026-01-27T13:45:00Z,feed,2026-09-18T10:30:40Z,2026-09-18T14:37:46Z
wessex:WXW01239,wessex,,2026-06-22T21:00:00Z,feed,2026-09-24T09:10:23Z,2026-09-24T14:30:28Z
wessex:WXW01241,wessex,,2026-08-27T02:52:00Z,feed,2026-09-17T00:49:00Z,2026-10-02T08:10:24Z
wessex:WXW01264,wessex,,,,2026-09-25T09:00:34Z,2026-09-25T09:00:34Z
wessex:WXW01265,wessex,,2026-03-13T04:40:00Z,feed,2026-09-21T08:40:20Z,2026-10-01T08:20:27Z
wessex:WXW01266,wessex,,2026-01-27T08:46:00Z,feed,2026-09-24T08:50:21Z,2026-09-24T11:20:29Z
wessex:WXW01310,wessex,,2026-09-17T11:32:49Z,collector,2026-09-17T00:49:00Z,2026-09-17T11:32:49Z
yorkshire:YWS00011,yorkshire,2026-09-15T08:33:32Z,2026-05-28T07:27:46Z,feed,2026-09-17T00:49:00Z,2026-09-29T08:50:22Z
yorkshire:YWS00020,yorkshire,2026-09-24T07:56:00Z,2026-09-07T22:32:00Z,feed,2026-09-24T08:20:27Z,2026-09-27T08:50:23Z
yorkshire:YWS00072,yorkshire,2026-09-23T08:08:17Z,2026-09-08T00:35:42Z,feed,2026-09-23T08:40:22Z,2026-09-27T08:50:23Z
yorkshire:YWS00114,yorkshire,2026-09-16T08:34:48Z,2026-08-30T19:34:00Z,feed,2026-09-17T00:49:00Z,2026-09-21T09:50:27Z
yorkshire:YWS00188,yorkshire,2026-09-28T09:55:35Z,2026-06-25T08:38:00Z,feed,2026-09-28T10:10:26Z,2026-09-29T08:50:22Z
yorkshire:YWS00218,yorkshire,2026-09-26T08:42:24Z,2025-04-02T11:17:00Z,feed,2026-09-26T08:50:21Z,2026-10-02T08:20:25Z
yorkshire:YWS00247,yorkshire,2026-09-15T08:33:32Z,2026-09-03T04:09:00Z,feed,2026-09-17T00:49:00Z,2026-09-22T09:10:24Z
yorkshire:YWS00251,yorkshire,2026-09-23T08:08:17Z,2024-10-09T00:02:00Z,feed,2026-09-23T08:40:22Z,2026-09-24T08:20:27Z
yorkshire:YWS00288,yorkshire,2026-09-14T09:45:29Z,2026-08-19T23:46:00Z,feed,2026-09-17T00:49:00Z,2026-09-18T10:30:40Z
yorkshire:YWS00425,yorkshire,2026-09-17T08:29:20Z,2026-09-02T09:00:00Z,feed,2026-09-17T11:32:49Z,2026-09-22T00:40:24Z
yorkshire:YWS00425,yorkshire,2026-09-22T08:34:15Z,2026-09-02T09:00:00Z,feed,2026-09-22T08:50:24Z,2026-09-27T00:40:27Z
yorkshire:YWS00425,yorkshire,2026-09-27T06:09:30Z,2026-09-02T09:00:00Z,feed,2026-09-27T06:40:27Z,2026-10-02T00:40:29Z
yorkshire:YWS00471,yorkshire,2026-09-21T09:22:10Z,2026-08-31T10:11:00Z,feed,2026-09-21T09:50:27Z,2026-09-22T09:10:24Z
yorkshire:YWS00471,yorkshire,2026-09-26T08:42:24Z,2026-08-31T10:11:00Z,feed,2026-09-26T08:50:21Z,2026-09-28T10:10:26Z
yorkshire:YWS00494,yorkshire,2026-09-18T08:39:33Z,2026-09-11T16:27:00Z,feed,2026-09-18T10:30:40Z,2026-09-21T09:50:27Z
yorkshire:YWS00543,yorkshire,2026-09-14T12:05:12Z,2026-09-18T17:50:58Z,feed,2026-09-17T00:49:00Z,2026-09-19T00:41:02Z
yorkshire:YWS00543,yorkshire,2026-09-19T10:27:07Z,2026-09-23T19:53:02Z,feed,2026-09-19T13:20:07Z,2026-09-24T00:40:23Z
yorkshire:YWS00543,yorkshire,2026-09-29T08:17:57Z,2026-10-03T14:08:50Z,feed,2026-09-29T08:50:22Z,2026-10-04T00:40:24Z
yorkshire:YWS00599,yorkshire,2026-09-27T08:25:31Z,2026-09-23T10:12:08Z,feed,2026-09-27T08:50:23Z,2026-09-28T10:10:26Z
yorkshire:YWS00617,yorkshire,2026-09-15T08:33:32Z,2026-09-12T08:48:00Z,feed,2026-09-17T00:49:00Z,2026-09-21T09:50:27Z
yorkshire:YWS00617,yorkshire,2026-09-23T08:08:17Z,2026-09-12T08:48:00Z,feed,2026-09-23T08:40:22Z,2026-10-01T09:20:21Z
yorkshire:YWS00670,yorkshire,2026-09-24T07:56:00Z,,,2026-09-24T08:20:27Z,2026-09-24T08:20:27Z
yorkshire:YWS00763,yorkshire,2026-09-30T09:20:08Z,2026-01-27T19:47:00Z,feed,2026-09-30T09:40:26Z,2026-10-01T09:20:21Z
yorkshire:YWS00782,yorkshire,2026-09-26T08:42:24Z,2026-09-23T18:05:00Z,feed,2026-09-26T08:50:21Z,2026-09-27T08:50:23Z
yorkshire:YWS00791,yorkshire,2026-09-24T07:56:00Z,2026-09-10T17:16:00Z,feed,2026-09-24T08:20:27Z,2026-09-25T08:50:28Z
yorkshire:YWS00810,yorkshire,2026-09-16T08:34:48Z,2026-09-07T22:34:49Z,feed,2026-09-17T00:49:00Z,2026-10-02T08:20:25Z
yorkshire:YWS00841,yorkshire,2026-09-18T08:39:33Z,2026-01-27T11:02:00Z,feed,2026-09-18T10:30:40Z,2026-09-24T08:20:27Z
yorkshire:YWS00851,yorkshire,2026-09-26T08:42:24Z,2025-09-20T19:00:00Z,feed,2026-09-26T08:50:21Z,2026-09-28T10:10:26Z
yorkshire:YWS00874,yorkshire,2026-09-23T08:08:17Z,2026-08-20T10:14:00Z,feed,2026-09-23T08:40:22Z,2026-09-26T08:50:21Z
yorkshire:YWS00954,yorkshire,2026-09-21T09:22:10Z,2026-09-01T14:57:00Z,feed,2026-09-21T09:50:27Z,2026-09-23T08:40:22Z
yorkshire:YWS00970,yorkshire,2026-09-21T09:22:10Z,2026-05-28T08:16:00Z,feed,2026-09-21T09:50:27Z,2026-09-22T09:10:24Z
yorkshire:YWS00970,yorkshire,2026-09-25T08:13:08Z,,,2026-09-25T08:50:28Z,2026-09-25T08:50:28Z
yorkshire:YWS01006,yorkshire,2026-09-17T08:51:20Z,2026-09-21T03:22:00Z,feed,2026-09-17T11:32:49Z,2026-09-23T08:40:22Z
yorkshire:YWS01035,yorkshire,2026-09-17T08:51:20Z,2026-07-13T04:45:01Z,feed,2026-09-17T11:32:49Z,2026-09-21T09:50:27Z
yorkshire:YWS01060,yorkshire,2026-09-17T08:51:20Z,2017-11-02T00:00:00Z,feed,2026-09-17T11:32:49Z,2026-09-22T09:10:24Z
yorkshire:YWS01060,yorkshire,2026-09-23T08:08:17Z,2017-11-02T00:00:00Z,feed,2026-09-23T08:40:22Z,2026-09-26T08:50:21Z
yorkshire:YWS01063,yorkshire,2026-09-23T08:08:17Z,2025-12-18T14:16:00Z,feed,2026-09-23T08:40:22Z,2026-09-24T08:20:27Z
yorkshire:YWS01063,yorkshire,2026-09-27T08:25:31Z,2025-12-18T14:16:00Z,feed,2026-09-27T08:50:23Z,2026-09-28T10:10:26Z
yorkshire:YWS01063,yorkshire,2026-09-30T09:20:08Z,2025-12-18T14:16:00Z,feed,2026-09-30T09:40:26Z,2026-10-02T08:20:25Z
yorkshire:YWS01097,yorkshire,2026-09-23T08:08:17Z,,,2026-09-23T08:40:22Z,2026-09-23T08:40:22Z
yorkshire:YWS01149,yorkshire,2026-09-21T09:22:10Z,2026-08-30T19:12:00Z,feed,2026-09-21T09:50:27Z,2026-09-25T08:50:28Z
yorkshire:YWS01149,yorkshire,2026-09-27T08:25:31Z,2026-08-30T19:12:00Z,feed,2026-09-27T08:50:23Z,2026-09-28T10:10:26Z
yorkshire:YWS01159,yorkshire,2026-09-18T08:39:33Z,2026-08-30T19:31:00Z,feed,2026-09-18T10:30:40Z,2026-09-21T09:50:27Z
yorkshire:YWS01219,yorkshire,2026-09-18T08:39:33Z,2023-10-29T05:46:00Z,feed,2026-09-18T10:30:40Z,2026-09-21T09:50:27Z
yorkshire:YWS01219,yorkshire,2026-09-24T07:56:00Z,2023-10-29T05:46:00Z,feed,2026-09-24T08:20:27Z,2026-09-25T08:50:28Z
yorkshire:YWS01269,yorkshire,2026-09-30T09:20:08Z,2026-08-30T23:31:00Z,feed,2026-09-30T09:40:26Z,2026-10-01T09:20:21Z
yorkshire:YWS01295,yorkshire,2026-09-23T08:08:17Z,2025-11-29T23:16:00Z,feed,2026-09-23T08:40:22Z,2026-09-24T08:20:27Z
yorkshire:YWS01331,yorkshire,2026-09-11T09:38:54Z,2026-09-11T15:00:03Z,feed,2026-09-17T00:49:00Z,2026-09-26T08:50:21Z
yorkshire:YWS01412,yorkshire,2026-09-29T08:34:51Z,2026-08-28T07:46:00Z,feed,2026-09-29T08:50:22Z,2026-09-30T09:40:26Z
yorkshire:YWS01461,yorkshire,2026-09-21T09:22:10Z,,,2026-09-21T09:50:27Z,2026-09-21T09:50:27Z
yorkshire:YWS01512,yorkshire,2026-09-18T08:39:33Z,2023-07-08T21:16:00Z,feed,2026-09-18T10:30:40Z,2026-09-21T09:50:27Z
yorkshire:YWS01535,yorkshire,2026-09-04T07:56:56Z,,,2026-09-17T00:49:00Z,2026-09-17T00:49:00Z
yorkshire:YWS01688,yorkshire,2026-09-25T08:13:08Z,2026-09-07T23:01:00Z,feed,2026-09-25T08:50:28Z,2026-09-29T08:50:22Z
yorkshire:YWS01690,yorkshire,2026-09-16T08:34:48Z,2025-07-21T18:00:00Z,feed,2026-09-17T00:49:00Z,2026-09-21T09:50:27Z
yorkshire:YWS01690,yorkshire,2026-09-23T08:08:17Z,2025-07-21T18:00:00Z,feed,2026-09-23T08:40:22Z,2026-10-02T08:20:25Z
yorkshire:YWS01757,yorkshire,2026-09-23T22:42:40Z,2026-09-23T22:14:46Z,feed,2026-09-23T22:50:25Z,2026-09-28T00:40:30Z
yorkshire:YWS01759,yorkshire,2026-09-22T08:38:45Z,2026-08-28T04:22:00Z,feed,2026-09-22T09:10:24Z,2026-09-24T08:20:27Z
yorkshire:YWS01810,yorkshire,2026-09-30T09:20:08Z,2016-10-20T00:00:00Z,feed,2026-09-30T09:40:26Z,2026-10-03T08:50:24Z
yorkshire:YWS01850,yorkshire,2026-09-21T09:22:10Z,2025-11-15T03:04:00Z,feed,2026-09-21T09:50:27Z,2026-09-25T08:50:28Z
yorkshire:YWS01850,yorkshire,2026-09-30T09:20:08Z,2025-11-15T03:04:00Z,feed,2026-09-30T09:40:26Z,2026-10-02T08:20:25Z
yorkshire:YWS01885,yorkshire,2026-09-14T09:45:29Z,2026-09-04T03:04:00Z,feed,2026-09-17T00:49:00Z,2026-09-21T09:50:27Z
yorkshire:YWS01943,yorkshire,2026-09-17T08:51:20Z,2024-12-09T13:16:00Z,feed,2026-09-17T11:32:49Z,2026-09-22T09:10:24Z
yorkshire:YWS01962,yorkshire,2026-09-12T20:03:40Z,2026-09-14T08:43:00Z,feed,2026-09-17T00:49:00Z,2026-09-17T22:13:42Z
yorkshire:YWS01999,yorkshire,2026-09-15T08:33:32Z,2026-08-28T00:16:00Z,feed,2026-09-17T00:49:00Z,2026-09-18T10:30:40Z
yorkshire:YWS01999,yorkshire,2026-09-21T09:22:10Z,,,2026-09-21T09:50:27Z,2026-09-21T09:50:27Z
yorkshire:YWS02014,yorkshire,2026-09-28T06:58:21Z,,,2026-09-28T07:20:22Z,2026-09-28T07:20:22Z
yorkshire:YWS02047,yorkshire,2026-09-14T09:45:29Z,2026-08-19T11:16:00Z,feed,2026-09-17T00:49:00Z,2026-09-18T10:30:40Z
yorkshire:YWS02096,yorkshire,2026-09-21T09:22:10Z,2026-09-04T02:46:00Z,feed,2026-09-21T09:50:27Z,2026-09-26T08:50:21Z
yorkshire:YWS02113,yorkshire,2026-09-28T09:55:35Z,2026-08-28T00:26:00Z,feed,2026-09-28T10:10:26Z,2026-09-29T08:50:22Z
yorkshire:YWS02118,yorkshire,2026-09-16T08:34:48Z,2026-08-30T22:46:00Z,feed,2026-09-17T00:49:00Z,2026-09-21T09:50:27Z
yorkshire:YWS02153,yorkshire,2026-09-09T07:38:04Z,2025-11-15T04:46:00Z,feed,2026-09-17T00:49:00Z,2026-09-21T09:50:27Z
yorkshire:YWS02156,yorkshire,2026-09-23T08:08:17Z,2022-09-24T22:57:00Z,feed,2026-09-23T08:40:22Z,2026-09-24T08:20:27Z
yorkshire:YWS02156,yorkshire,2026-09-26T08:42:24Z,,,2026-09-26T08:50:21Z,2026-09-26T08:50:21Z
yorkshire:YWS02200,yorkshire,2026-09-21T09:22:10Z,2026-09-04T03:13:00Z,feed,2026-09-21T09:50:27Z,2026-09-25T08:50:28Z
yorkshire:YWS02217,yorkshire,2026-09-11T09:38:54Z,2026-07-16T07:07:00Z,feed,2026-09-17T00:49:00Z,2026-09-18T10:30:40Z
yorkshire:YWS02217,yorkshire,2026-09-23T08:08:17Z,2026-07-16T07:07:00Z,feed,2026-09-23T08:40:22Z,2026-09-29T08:50:22Z
