event_id,overflow_key,company_slug,start_utc,end_utc,duration_min,source,first_observed_utc,last_observed_utc,end_observed
anglian:AWS00002:1788005701000,anglian:AWS00002,anglian,2026-08-29T12:15:01Z,2026-08-29T12:30:01Z,15,hub,2026-09-17T00:49:00Z,2026-09-17T00:49:00Z,true
anglian:AWS00005:1787811301000,anglian:AWS00005,anglian,2026-08-27T06:15:01Z,2026-08-27T06:45:01Z,30,hub,2026-09-17T00:49:00Z,2026-09-17T00:49:00Z,true
anglian:AWS00014:1788045036000,anglian:AWS00014,anglian,2026-08-29T23:10:36Z,2026-08-29T23:38:53Z,28,hub,2026-09-17T00:49:00Z,2026-09-17T00:49:00Z,true
anglian:AWS00017:1787835134000,anglian:AWS00017,anglian,2026-08-27T12:52:14Z,2026-08-27T12:52:15Z,0,hub,2026-09-17T00:49:00Z,2026-09-17T00:49:00Z,true
anglian:AWS00018:1785937058000,anglian:AWS00018,anglian,2026-08-05T13:37:38Z,2026-08-05T13:48:39Z,11,hub,2026-09-17T00:49:00Z,2026-09-17T00:49:00Z,true
anglian:AWS00020:1787821264000,anglian:AWS00020,anglian,2026-08-27T09:01:04Z,2026-08-27T10:04:30Z,63,hub,2026-09-17T00:49:00Z,2026-09-17T00:49:00Z,true
anglian:AWS00021:1787822377000,anglian:AWS00021,anglian,2026-08-27T09:19:37Z,2026-08-27T09:19:37Z,0,hub,2026-09-17T00:49:00Z,2026-09-17T00:49:00Z,true
anglian:AWS00022:1787819397000,anglian:AWS00022,anglian,2026-08-27T08:29:57Z,2026-08-27T08:33:42Z,4,hub,2026-09-17T00:49:00Z,2026-09-17T00:49:00Z,true
anglian:AWS00023:1787812750000,anglian:AWS00023,anglian,2026-08-27T06:39:10Z,2026-08-27T07:59:48Z,81,hub,2026-09-17T00:49:00Z,2026-09-17T00:49:00Z,true
anglian:AWS00043:1787822590000,anglian:AWS00043,anglian,2026-08-27T09:23:10Z,2026-08-27T13:10:56Z,228,hub,2026-09-17T00:49:00Z,2026-09-17T00:49:00Z,true
anglian:AWS00046:1787723312000,anglian:AWS00046,anglian,2026-08-26T05:48:32Z,2026-08-26T05:49:31Z,1,hub,2026-09-17T00:49:00Z,2026-09-17T00:49:00Z,true
anglian:AWS00047:1787849209000,anglian:AWS00047,anglian,2026-08-27T16:46:49Z,2026-08-27T17:52:29Z,66,hub,2026-09-17T00:49:00Z,2026-09-17T00:49:00Z,true
anglian:AWS00048:1787828910000,anglian:AWS00048,anglian,2026-08-27T11:08:30Z,2026-08-27T14:41:15Z,213,hub,2026-09-17T00:49:00Z,2026-09-17T00:49:00Z,true
anglian:AWS00049:1786867472000,anglian:AWS00049,anglian,2026-08-16T08:04:32Z,2026-08-16T08:04:33Z,0,hub,2026-09-17T00:49:00Z,2026-09-17T00:49:00Z,true
anglian:AWS00050:1788024294000,anglian:AWS00050,anglian,2026-08-29T17:24:54Z,2026-08-30T09:06:32Z,942,hub,2026-09-17T00:49:00Z,2026-09-17T00:49:00Z,true
anglian:AWS00054:1787820730000,anglian:AWS00054,anglian,2026-08-27T08:52:10Z,2026-08-27T12:57:35Z,245,hub,2026-09-17T00:49:00Z,2026-09-17T00:49:00Z,true
anglian:AWS00057:1788006167000,anglian:AWS00057,anglian,2026-08-29T12:22:47Z,2026-08-29T12:29:49Z,7,hub,2026-09-17T00:49:00Z,2026-09-17T00:49:00Z,true
anglian:AWS00061:1788133240000,anglian:AWS00061,anglian,2026-08-30T23:40:40Z,2026-08-30T23:51:40Z,11,hub,2026-09-17T00:49:00Z,2026-09-17T00:49:00Z,true
anglian:AWS00062:1788187168000,anglian:AWS00062,anglian,2026-08-31T14:39:28Z,2026-08-31T15:09:17Z,30,hub,2026-09-17T00:49:00Z,2026-09-17T00:49:00Z,true
anglian:AWS00064:1787928554000,anglian:AWS00064,anglian,2026-08-28T14:49:14Z,2026-08-28T14:49:27Z,0,hub,2026-09-17T00:49:00Z,2026-09-17T00:49:00Z,true
anglian:AWS00073:1788026181000,anglian:AWS00073,anglian,2026-08-29T17:56:21Z,2026-08-30T01:36:21Z,460,hub,2026-09-17T00:49:00Z,2026-09-17T00:49:00Z,true
anglian:AWS00075:1787813101000,anglian:AWS00075,anglian,2026-08-27T06:45:01Z,2026-08-27T07:00:01Z,15,hub,2026-09-17T00:49:00Z,2026-09-17T00:49:00Z,true
anglian:AWS00078:1786346557000,anglian:AWS00078,anglian,2026-08-10T07:22:37Z,2026-08-10T07:30:31Z,8,hub,2026-09-17T00:49:00Z,2026-09-17T00:49:00Z,true
anglian:AWS00080:1788013801000,anglian:AWS00080,anglian,2026-08-29T14:30:01Z,2026-08-29T15:00:01Z,30,hub,2026-09-17T00:49:00Z,2026-09-17T00:49:00Z,true
anglian:AWS00081:1786759294000,anglian:AWS00081,anglian,2026-08-15T02:01:34Z,2026-08-15T02:01:50Z,0,hub,2026-09-17T00:49:00Z,2026-09-17T00:49:00Z,true
anglian:AWS00083:1787824906000,anglian:AWS00083,anglian,2026-08-27T10:01:46Z,2026-08-27T11:37:06Z,95,hub,2026-09-17T00:49:00Z,2026-09-17T00:49:00Z,true
anglian:AWS00085:1788020162000,anglian:AWS00085,anglian,2026-08-29T16:16:02Z,2026-08-29T16:18:16Z,2,hub,2026-09-17T00:49:00Z,2026-09-17T00:49:00Z,true
anglian:AWS00089:1786627641000,anglian:AWS00089,anglian,2026-08-13T13:27:21Z,2026-08-13T13:27:23Z,0,hub,2026-09-17T00:49:00Z,2026-09-17T00:49:00Z,true
anglian:AWS00091:1787939354000,anglian:AWS00091,anglian,2026-08-28T17:49:14Z,2026-08-28T18:18:25Z,29,hub,2026-09-17T00:49:00Z,2026-09-17T00:49:00Z,true
anglian:AWS00095:1786342821000,anglian:AWS00095,anglian,2026-08-10T06:20:21Z,2026-08-10T08:46:53Z,147,hub,2026-09-17T00:49:00Z,2026-09-17T00:49:00Z,true
anglian:AWS00098:1787835209000,anglian:AWS00098,anglian,2026-08-27T12:53:29Z,2026-08-27T12:58:02Z,5,hub,2026-09-17T00:49:00Z,2026-09-17T00:49:00Z,true
anglian:AWS00102:1787831037000,anglian:AWS00102,anglian,2026-08-27T11:43:57Z,2026-08-27T11:54:12Z,10,hub,2026-09-17T00:49:00Z,2026-09-17T00:49:00Z,true
anglian:AWS00104:1787837069000,anglian:AWS00104,anglian,2026-08-27T13:24:29Z,2026-08-27T13:25:49Z,1,hub,2026-09-17T00:49:00Z,2026-09-17T00:49:00Z,true
anglian:AWS00105:1788017856000,anglian:AWS00105,anglian,2026-08-29T15:37:36Z,2026-08-29T15:39:26Z,2,hub,2026-09-17T00:49:00Z,2026-09-17T00:49:00Z,true
anglian:AWS00108:1787833843000,anglian:AWS00108,anglian,2026-08-27T12:30:43Z,2026-08-27T12:30:53Z,0,hub,2026-09-17T00:49:00Z,2026-09-17T00:49:00Z,true
anglian:AWS00113:1785834577000,anglian:AWS00113,anglian,2026-08-04T09:09:37Z,2026-08-04T09:09:58Z,0,hub,2026-09-17T00:49:00Z,2026-09-17T00:49:00Z,true
anglian:AWS00123:1788128101000,anglian:AWS00123,anglian,2026-08-30T22:15:01Z,,,hub,2026-09-17T00:49:00Z,2026-09-17T00:49:00Z,
anglian:AWS00125:1786098671000,anglian:AWS00125,anglian,2026-08-07T10:31:11Z,2026-08-07T10:32:41Z,2,hub,2026-09-17T00:49:00Z,2026-09-17T00:49:00Z,true
anglian:AWS00130:1788009447000,anglian:AWS00130,anglian,2026-08-29T13:17:27Z,2026-08-29T13:26:54Z,9,hub,2026-09-17T00:49:00Z,2026-09-17T00:49:00Z,true
anglian:AWS00138:1787888820000,anglian:AWS00138,anglian,2026-08-28T03:47:00Z,2026-08-28T03:48:04Z,1,hub,2026-09-17T00:49:00Z,2026-09-17T00:49:00Z,true
anglian:AWS00140:1787226422000,anglian:AWS00140,anglian,2026-08-20T11:47:02Z,2026-08-20T11:47:21Z,0,hub,2026-09-17T00:49:00Z,2026-09-17T00:49:00Z,true
anglian:AWS00141:1787842938000,anglian:AWS00141,anglian,2026-08-27T15:02:18Z,2026-08-27T15:02:18Z,0,hub,2026-09-17T00:49:00Z,2026-09-17T00:49:00Z,true
anglian:AWS00148:1788040965000,anglian:AWS00148,anglian,2026-08-29T22:02:45Z,2026-08-29T23:16:14Z,73,hub,2026-09-17T00:49:00Z,2026-09-17T00:49:00Z,true
anglian:AWS00153:1786087416000,anglian:AWS00153,anglian,2026-08-07T07:23:36Z,2026-08-07T08:03:54Z,40,hub,2026-09-17T00:49:00Z,2026-09-17T00:49:00Z,true
anglian:AWS00154:1787839361000,anglian:AWS00154,anglian,2026-08-27T14:02:41Z,2026-08-27T17:51:16Z,229,hub,2026-09-17T00:49:00Z,2026-09-17T00:49:00Z,true
anglian:AWS00165:1787819343000,anglian:AWS00165,anglian,2026-08-27T08:29:03Z,2026-08-27T08:32:49Z,4,hub,2026-09-17T00:49:00Z,2026-09-17T00:49:00Z,true
anglian:AWS00168:1787136135000,anglian:AWS00168,anglian,2026-08-19T10:42:15Z,2026-08-19T10:46:20Z,4,hub,2026-09-17T00:49:00Z,2026-09-17T00:49:00Z,true
anglian:AWS00170:1788013687000,anglian:AWS00170,anglian,2026-08-29T14:28:07Z,2026-08-29T16:17:37Z,110,hub,2026-09-17T00:49:00Z,2026-09-17T00:49:00Z,true
anglian:AWS00175:1786651958000,anglian:AWS00175,anglian,2026-08-13T20:12:38Z,2026-08-13T20:21:46Z,9,hub,2026-09-17T00:49:00Z,2026-09-17T00:49:00Z,true
anglian:AWS00182:1787856655000,anglian:AWS00182,anglian,2026-08-27T18:50:55Z,2026-08-27T18:55:50Z,5,hub,2026-09-17T00:49:00Z,2026-09-17T00:49:00Z,true
anglian:AWS00183:1787856655000,anglian:AWS00183,anglian,2026-08-27T18:50:55Z,2026-08-27T18:55:50Z,5,hub,2026-09-17T00:49:00Z,2026-09-17T00:49:00Z,true
anglian:AWS00189:1787834983000,anglian:AWS00189,anglian,2026-08-27T12:49:43Z,2026-08-27T12:49:44Z,0,hub,2026-09-17T00:49:00Z,2026-09-17T00:49:00Z,true
anglian:AWS00190:1787831106000,anglian:AWS00190,anglian,2026-08-27T11:45:06Z,2026-08-27T12:04:09Z,19,hub,2026-09-17T00:49:00Z,2026-09-17T00:49:00Z,true
anglian:AWS00195:1787247870000,anglian:AWS00195,anglian,2026-08-20T17:44:30Z,2026-08-20T19:04:06Z,80,hub,2026-09-17T00:49:00Z,2026-09-17T00:49:00Z,true
anglian:AWS00199:1787839277000,anglian:AWS00199,anglian,2026-08-27T14:01:17Z,2026-08-27T14:01:17Z,0,hub,2026-09-17T00:49:00Z,2026-09-17T00:49:00Z,true
anglian:AWS00201:1787835099000,anglian:AWS00201,anglian,2026-08-27T12:51:39Z,2026-08-27T13:21:40Z,30,hub,2026-09-17T00:49:00Z,2026-09-17T00:49:00Z,true
anglian:AWS00202:1788024295000,anglian:AWS00202,anglian,2026-08-29T17:24:55Z,2026-08-29T18:44:50Z,80,hub,2026-09-17T00:49:00Z,2026-09-17T00:49:00Z,true
anglian:AWS00203:1787836670000,anglian:AWS00203,anglian,2026-08-27T13:17:50Z,2026-08-27T13:18:08Z,0,hub,2026-09-17T00:49:00Z,2026-09-17T00:49:00Z,true
anglian:AWS00205:1788027488000,anglian:AWS00205,anglian,2026-08-29T18:18:08Z,2026-08-29T18:22:55Z,5,hub,2026-09-17T00:49:00Z,2026-09-17T00:49:00Z,true
anglian:AWS00207:1787943148000,anglian:AWS00207,anglian,2026-08-28T18:52:28Z,2026-08-28T19:02:33Z,10,hub,2026-09-17T00:49:00Z,2026-09-17T00:49:00Z,true
anglian:AWS00210:1787820302000,anglian:AWS00210,anglian,2026-08-27T08:45:02Z,2026-08-27T13:37:16Z,292,hub,2026-09-17T00:49:00Z,2026-09-17T00:49:00Z,true
anglian:AWS00222:1786230031000,anglian:AWS00222,anglian,2026-08-08T23:00:31Z,2026-08-08T23:02:17Z,2,hub,2026-09-17T00:49:00Z,2026-09-17T00:49:00Z,true
anglian:AWS00232:1787872276000,anglian:AWS00232,anglian,2026-08-27T23:11:16Z,2026-08-27T23:15:30Z,4,hub,2026-09-17T00:49:00Z,2026-09-17T00:49:00Z,true
anglian:AWS00244:1788030363000,anglian:AWS00244,anglian,2026-08-29T19:06:03Z,2026-08-29T19:17:58Z,12,hub,2026-09-17T00:49:00Z,2026-09-17T00:49:00Z,true
anglian:AWS00246:1788014701000,anglian:AWS00246,anglian,2026-08-29T14:45:01Z,2026-08-29T15:15:01Z,30,hub,2026-09-17T00:49:00Z,2026-09-17T00:49:00Z,true
anglian:AWS00248:1788043000000,anglian:AWS00248,anglian,2026-08-29T22:36:40Z,2026-08-29T23:05:19Z,29,hub,2026-09-17T00:49:00Z,2026-09-17T00:49:00Z,true
anglian:AWS00250:1787166803000,anglian:AWS00250,anglian,2026-08-19T19:13:23Z,2026-08-19T21:47:00Z,154,hub,2026-09-17T00:49:00Z,2026-09-17T00:49:00Z,true
anglian:AWS00256:1787903640000,anglian:AWS00256,anglian,2026-08-28T07:54:00Z,2026-08-28T07:55:46Z,2,hub,2026-09-17T00:49:00Z,2026-09-17T00:49:00Z,true
anglian:AWS00262:1786420113000,anglian:AWS00262,anglian,2026-08-11T03:48:33Z,2026-08-11T03:53:29Z,5,hub,2026-09-17T00:49:00Z,2026-09-17T00:49:00Z,true
anglian:AWS00266:1787933701000,anglian:AWS00266,anglian,2026-08-28T16:15:01Z,2026-08-28T16:45:01Z,30,hub,2026-09-17T00:49:00Z,2026-09-17T00:49:00Z,true
anglian:AWS00268:1787823060000,anglian:AWS00268,anglian,2026-08-27T09:31:00Z,2026-08-27T17:28:59Z,478,hub,2026-09-17T00:49:00Z,2026-09-17T00:49:00Z,true
anglian:AWS00269:1787828781000,anglian:AWS00269,anglian,2026-08-27T11:06:21Z,2026-08-27T12:03:18Z,57,hub,2026-09-17T00:49:00Z,2026-09-17T00:49:00Z,true
anglian:AWS00270:1787812228000,anglian:AWS00270,anglian,2026-08-27T06:30:28Z,2026-08-27T07:00:27Z,30,hub,2026-09-17T00:49:00Z,2026-09-17T00:49:00Z,true
anglian:AWS00274:1787836206000,anglian:AWS00274,anglian,2026-08-27T13:10:06Z,2026-08-27T13:45:51Z,36,hub,2026-09-17T00:49:00Z,2026-09-17T00:49:00Z,true
anglian:AWS00276:1785801030000,anglian:AWS00276,anglian,2026-08-03T23:50:30Z,2026-08-04T01:40:37Z,110,hub,2026-09-17T00:49:00Z,2026-09-17T00:49:00Z,true
anglian:AWS00278:1787830825000,anglian:AWS00278,anglian,2026-08-27T11:40:25Z,2026-08-27T22:25:38Z,645,hub,2026-09-17T00:49:00Z,2026-09-17T00:49:00Z,true
anglian:AWS00279:1787134799000,anglian:AWS00279,anglian,2026-08-19T10:19:59Z,2026-08-19T10:21:49Z,2,hub,2026-09-17T00:49:00Z,2026-09-17T00:49:00Z,true
anglian:AWS00285:1787820262000,anglian:AWS00285,anglian,2026-08-27T08:44:22Z,2026-08-27T09:16:03Z,32,hub,2026-09-17T00:49:00Z,2026-09-17T00:49:00Z,true
anglian:AWS00300:1787841879000,anglian:AWS00300,anglian,2026-08-27T14:44:39Z,2026-08-27T17:18:51Z,154,hub,2026-09-17T00:49:00Z,2026-09-17T00:49:00Z,true
anglian:AWS00301:1787166901000,anglian:AWS00301,anglian,2026-08-19T19:15:01Z,2026-08-19T19:45:01Z,30,hub,2026-09-17T00:49:00Z,2026-09-17T00:49:00Z,true
anglian:AWS00313:1787701500000,anglian:AWS00313,anglian,2026-08-25T23:45:00Z,2026-08-25T23:56:36Z,12,hub,2026-09-17T00:49:00Z,2026-09-17T00:49:00Z,true
anglian:AWS00316:1787827950000,anglian:AWS00316,anglian,2026-08-27T10:52:30Z,2026-08-27T11:16:25Z,24,hub,2026-09-17T00:49:00Z,2026-09-17T00:49:00Z,true
anglian:AWS00325:1787819919000,anglian:AWS00325,anglian,2026-08-27T08:38:39Z,2026-08-27T13:34:43Z,296,hub,2026-09-17T00:49:00Z,2026-09-17T00:49:00Z,true
anglian:AWS00326:1788171059000,anglian:AWS00326,anglian,2026-08-31T10:10:59Z,2026-08-31T10:15:54Z,5,hub,2026-09-17T00:49:00Z,2026-09-17T00:49:00Z,true
anglian:AWS00328:1787936775000,anglian:AWS00328,anglian,2026-08-28T17:06:15Z,2026-08-28T17:06:31Z,0,hub,2026-09-17T00:49:00Z,2026-09-17T00:49:00Z,true
anglian:AWS00344:1788099802000,anglian:AWS00344,anglian,2026-08-30T14:23:22Z,2026-08-30T14:23:23Z,0,hub,2026-09-17T00:49:00Z,2026-09-17T00:49:00Z,true
anglian:AWS00348:1788170386000,anglian:AWS00348,anglian,2026-08-31T09:59:46Z,2026-08-31T09:59:50Z,0,hub,2026-09-17T00:49:00Z,2026-09-17T00:49:00Z,true
anglian:AWS00350:1788022643000,anglian:AWS00350,anglian,2026-08-29T16:57:23Z,2026-08-29T16:59:36Z,2,hub,2026-09-17T00:49:00Z,2026-09-17T00:49:00Z,true
anglian:AWS00357:1787845712000,anglian:AWS00357,anglian,2026-08-27T15:48:32Z,2026-08-27T21:58:29Z,370,hub,2026-09-17T00:49:00Z,2026-09-17T00:49:00Z,true
anglian:AWS00358:1788031387000,anglian:AWS00358,anglian,2026-08-29T19:23:07Z,2026-08-29T19:32:53Z,10,hub,2026-09-17T00:49:00Z,2026-09-17T00:49:00Z,true
anglian:AWS00359:1787888825000,anglian:AWS00359,anglian,2026-08-28T03:47:05Z,2026-08-28T03:47:05Z,0,hub,2026-09-17T00:49:00Z,2026-09-17T00:49:00Z,true
anglian:AWS00362:1787825811000,anglian:AWS00362,anglian,2026-08-27T10:16:51Z,2026-08-27T14:59:27Z,283,hub,2026-09-17T00:49:00Z,2026-09-17T00:49:00Z,true
anglian:AWS00365:1787871367000,anglian:AWS00365,anglian,2026-08-27T22:56:07Z,2026-08-27T23:44:47Z,49,hub,2026-09-17T00:49:00Z,2026-09-17T00:49:00Z,true
anglian:AWS00375:1787830504000,anglian:AWS00375,anglian,2026-08-27T11:35:04Z,2026-08-27T12:16:52Z,42,hub,2026-09-17T00:49:00Z,2026-09-17T00:49:00Z,true
anglian:AWS00383:1787237350000,anglian:AWS00383,anglian,2026-08-20T14:49:10Z,2026-08-20T15:19:03Z,30,hub,2026-09-17T00:49:00Z,2026-09-17T00:49:00Z,true
anglian:AWS00388:1787882172000,anglian:AWS00388,anglian,2026-08-28T01:56:12Z,2026-08-28T02:01:09Z,5,hub,2026-09-17T00:49:00Z,2026-09-17T00:49:00Z,true
anglian:AWS00389:1788016355000,anglian:AWS00389,anglian,2026-08-29T15:12:35Z,2026-08-29T15:20:29Z,8,hub,2026-09-17T00:49:00Z,2026-09-17T00:49:00Z,true
anglian:AWS00391:1788006557000,anglian:AWS00391,anglian,2026-08-29T12:29:17Z,2026-08-29T12:36:21Z,7,hub,2026-09-17T00:49:00Z,2026-09-17T00:49:00Z,true
anglian:AWS00396:1787725401000,anglian:AWS00396,anglian,2026-08-26T06:23:21Z,2026-08-26T06:34:20Z,11,hub,2026-09-17T00:49:00Z,2026-09-17T00:49:00Z,true
anglian:AWS00403:1787881127000,anglian:AWS00403,anglian,2026-08-28T01:38:47Z,2026-08-28T03:47:29Z,129,hub,2026-09-17T00:49:00Z,2026-09-17T00:49:00Z,true
anglian:AWS00404:1787822891000,anglian:AWS00404,anglian,2026-08-27T09:28:11Z,2026-08-27T13:59:22Z,271,hub,2026-09-17T00:49:00Z,2026-09-17T00:49:00Z,true
anglian:AWS00405:1788029101000,anglian:AWS00405,anglian,2026-08-29T18:45:01Z,2026-08-29T19:45:01Z,60,hub,2026-09-17T00:49:00Z,2026-09-17T00:49:00Z,true
anglian:AWS00407:1788059080000,anglian:AWS00407,anglian,2026-08-30T03:04:40Z,2026-08-30T03:09:20Z,5,hub,2026-09-17T00:49:00Z,2026-09-17T00:49:00Z,true
anglian:AWS00409:1787935893000,anglian:AWS00409,anglian,2026-08-28T16:51:33Z,2026-08-28T16:55:06Z,4,hub,2026-09-17T00:49:00Z,2026-09-17T00:49:00Z,true
anglian:AWS00413:1788031120000,anglian:AWS00413,anglian,2026-08-29T19:18:40Z,2026-08-29T22:01:36Z,163,hub,2026-09-17T00:49:00Z,2026-09-17T00:49:00Z,true
anglian:AWS00414:1787827394000,anglian:AWS00414,anglian,2026-08-27T10:43:14Z,2026-08-27T12:39:35Z,116,hub,2026-09-17T00:49:00Z,2026-09-17T00:49:00Z,true
anglian:AWS00415:1788014619000,anglian:AWS00415,anglian,2026-08-29T14:43:39Z,2026-08-29T15:48:01Z,64,hub,2026-09-17T00:49:00Z,2026-09-17T00:49:00Z,true
anglian:AWS00420:1788012901000,anglian:AWS00420,anglian,2026-08-29T14:15:01Z,2026-08-29T15:00:01Z,45,hub,2026-09-17T00:49:00Z,2026-09-17T00:49:00Z,true
anglian:AWS00424:1787168270000,anglian:AWS00424,anglian,2026-08-19T19:37:50Z,2026-08-19T20:09:33Z,32,hub,2026-09-17T00:49:00Z,2026-09-17T00:49:00Z,true
anglian:AWS00437:1787830909000,anglian:AWS00437,anglian,2026-08-27T11:41:49Z,2026-08-27T11:46:48Z,5,hub,2026-09-17T00:49:00Z,2026-09-17T00:49:00Z,true
anglian:AWS00439:1787873487000,anglian:AWS00439,anglian,2026-08-27T23:31:27Z,2026-08-28T04:29:07Z,298,hub,2026-09-17T00:49:00Z,2026-09-17T00:49:00Z,true
anglian:AWS00440:1787822778000,anglian:AWS00440,anglian,2026-08-27T09:26:18Z,2026-08-27T14:08:42Z,282,hub,2026-09-17T00:49:00Z,2026-09-17T00:49:00Z,true
anglian:AWS00441:1785835286000,anglian:AWS00441,anglian,2026-08-04T09:21:26Z,2026-08-04T10:19:14Z,58,hub,2026-09-17T00:49:00Z,2026-09-17T00:49:00Z,true
anglian:AWS00442:1788036630000,anglian:AWS00442,anglian,2026-08-29T20:50:30Z,2026-08-29T20:50:42Z,0,hub,2026-09-17T00:49:00Z,2026-09-17T00:49:00Z,true
anglian:AWS00449:1788161748000,anglian:AWS00449,anglian,2026-08-31T07:35:48Z,2026-08-31T07:36:04Z,0,hub,2026-09-17T00:49:00Z,2026-09-17T00:49:00Z,true
anglian:AWS00450:1788018934000,anglian:AWS00450,anglian,2026-08-29T15:55:34Z,2026-08-29T19:52:25Z,237,hub,2026-09-17T00:49:00Z,2026-09-17T00:49:00Z,true
anglian:AWS00452:1787842892000,anglian:AWS00452,anglian,2026-08-27T15:01:32Z,2026-08-27T20:43:29Z,342,hub,2026-09-17T00:49:00Z,2026-09-17T00:49:00Z,true
anglian:AWS00456:1787927249000,anglian:AWS00456,anglian,2026-08-28T14:27:29Z,2026-08-28T15:11:36Z,44,hub,2026-09-17T00:49:00Z,2026-09-17T00:49:00Z,true
anglian:AWS00463:1787831581000,anglian:AWS00463,anglian,2026-08-27T11:53:01Z,2026-08-28T10:47:56Z,1375,hub,2026-09-17T00:49:00Z,2026-09-17T00:49:00Z,true
anglian:AWS00467:1787840757000,anglian:AWS00467,anglian,2026-08-27T14:25:57Z,2026-08-27T14:26:21Z,0,hub,2026-09-17T00:49:00Z,2026-09-17T00:49:00Z,true
anglian:AWS00477:1787825701000,anglian:AWS00477,anglian,2026-08-27T10:15:01Z,2026-08-27T10:30:01Z,15,hub,2026-09-17T00:49:00Z,2026-09-17T00:49:00Z,true
anglian:AWS00478:1787826336000,anglian:AWS00478,anglian,2026-08-27T10:25:36Z,2026-08-27T10:35:00Z,9,hub,2026-09-17T00:49:00Z,2026-09-17T00:49:00Z,true
anglian:AWS00479:1787835927000,anglian:AWS00479,anglian,2026-08-27T13:05:27Z,2026-08-27T15:19:41Z,134,hub,2026-09-17T00:49:00Z,2026-09-17T00:49:00Z,true
anglian:AWS00480:1787824336000,anglian:AWS00480,anglian,2026-08-27T09:52:16Z,2026-08-27T11:23:18Z,91,hub,2026-09-17T00:49:00Z,2026-09-17T00:49:00Z,true
anglian:AWS00484:1786814870000,anglian:AWS00484,anglian,2026-08-15T17:27:50Z,2026-08-15T17:28:12Z,0,hub,2026-09-17T00:49:00Z,2026-09-17T00:49:00Z,true
anglian:AWS00487:1787815782000,anglian:AWS00487,anglian,2026-08-27T07:29:42Z,2026-08-27T12:51:02Z,321,hub,2026-09-17T00:49:00Z,2026-09-17T00:49:00Z,true
anglian:AWS00490:1786919387000,anglian:AWS00490,anglian,2026-08-16T22:29:47Z,2026-08-16T22:34:53Z,5,hub,2026-09-17T00:49:00Z,2026-09-17T00:49:00Z,true
anglian:AWS00493:1788049827000,anglian:AWS00493,anglian,2026-08-30T00:30:27Z,2026-08-30T00:30:51Z,0,hub,2026-09-17T00:49:00Z,2026-09-17T00:49:00Z,true
anglian:AWS00494:1788038782000,anglian:AWS00494,anglian,2026-08-29T21:26:22Z,2026-08-29T21:26:37Z,0,hub,2026-09-17T00:49:00Z,2026-09-17T00:49:00Z,true
anglian:AWS00498:1788045301000,anglian:AWS00498,anglian,2026-08-29T23:15:01Z,2026-08-30T00:30:01Z,75,hub,2026-09-17T00:49:00Z,2026-09-17T00:49:00Z,true
anglian:AWS00500:1788019829000,anglian:AWS00500,anglian,2026-08-29T16:10:29Z,2026-08-29T17:07:48Z,57,hub,2026-09-17T00:49:00Z,2026-09-17T00:49:00Z,true
anglian:AWS00501:1787827929000,anglian:AWS00501,anglian,2026-08-27T10:52:09Z,2026-08-27T11:50:00Z,58,hub,2026-09-17T00:49:00Z,2026-09-17T00:49:00Z,true
anglian:AWS00502:1788020647000,anglian:AWS00502,anglian,2026-08-29T16:24:07Z,2026-08-29T17:05:56Z,42,hub,2026-09-17T00:49:00Z,2026-09-17T00:49:00Z,true
anglian:AWS00505:1788016654000,anglian:AWS00505,anglian,2026-08-29T15:17:34Z,2026-08-30T14:53:56Z,1416,hub,2026-09-17T00:49:00Z,2026-09-17T00:49:00Z,true
anglian:AWS00509:1788026599000,anglian:AWS00509,anglian,2026-08-29T18:03:19Z,2026-08-29T18:51:21Z,48,hub,2026-09-17T00:49:00Z,2026-09-17T00:49:00Z,true
anglian:AWS00515:1787166004000,anglian:AWS00515,anglian,2026-08-19T19:00:04Z,2026-08-19T19:20:52Z,21,hub,2026-09-17T00:49:00Z,2026-09-17T00:49:00Z,true
anglian:AWS00517:1788026048000,anglian:AWS00517,anglian,2026-08-29T17:54:08Z,2026-08-29T19:52:36Z,118,hub,2026-09-17T00:49:00Z,2026-09-17T00:49:00Z,true
anglian:AWS00519:1788022746000,anglian:AWS00519,anglian,2026-08-29T16:59:06Z,2026-08-29T18:19:26Z,80,hub,2026-09-17T00:49:00Z,2026-09-17T00:49:00Z,true
anglian:AWS00527:1788126864000,anglian:AWS00527,anglian,2026-08-30T21:54:24Z,2026-08-30T21:57:59Z,4,hub,2026-09-17T00:49:00Z,2026-09-17T00:49:00Z,true
anglian:AWS00530:1788119977000,anglian:AWS00530,anglian,2026-08-30T19:59:37Z,2026-08-30T21:50:00Z,110,hub,2026-09-17T00:49:00Z,2026-09-17T00:49:00Z,true
anglian:AWS00531:1787766112000,anglian:AWS00531,anglian,2026-08-26T17:41:52Z,2026-08-26T18:08:02Z,26,hub,2026-09-17T00:49:00Z,2026-09-17T00:49:00Z,true
anglian:AWS00534:1787235586000,anglian:AWS00534,anglian,2026-08-20T14:19:46Z,2026-08-20T14:24:43Z,5,hub,2026-09-17T00:49:00Z,2026-09-17T00:49:00Z,true
anglian:AWS00535:1787577848000,anglian:AWS00535,anglian,2026-08-24T13:24:08Z,2026-08-24T13:24:42Z,1,hub,2026-09-17T00:49:00Z,2026-09-17T00:49:00Z,true
anglian:AWS00542:1788087779000,anglian:AWS00542,anglian,2026-08-30T11:02:59Z,2026-08-30T11:02:59Z,0,hub,2026-09-17T00:49:00Z,2026-09-17T00:49:00Z,true
anglian:AWS00543:1788022482000,anglian:AWS00543,anglian,2026-08-29T16:54:42Z,2026-08-29T16:55:35Z,1,hub,2026-09-17T00:49:00Z,2026-09-17T00:49:00Z,true
anglian:AWS00544:1788028710000,anglian:AWS00544,anglian,2026-08-29T18:38:30Z,2026-08-29T19:28:44Z,50,hub,2026-09-17T00:49:00Z,2026-09-17T00:49:00Z,true
anglian:AWS00549:1787175701000,anglian:AWS00549,anglian,2026-08-19T21:41:41Z,2026-08-19T21:42:21Z,1,hub,2026-09-17T00:49:00Z,2026-09-17T00:49:00Z,true
anglian:AWS00556:1787821417000,anglian:AWS00556,anglian,2026-08-27T09:03:37Z,2026-08-27T10:45:26Z,102,hub,2026-09-17T00:49:00Z,2026-09-17T00:49:00Z,true
anglian:AWS00557:1787821051000,anglian:AWS00557,anglian,2026-08-27T08:57:31Z,2026-08-27T12:08:58Z,191,hub,2026-09-17T00:49:00Z,2026-09-17T00:49:00Z,true
anglian:AWS00559:1787826352000,anglian:AWS00559,anglian,2026-08-27T10:25:52Z,2026-08-27T13:45:43Z,200,hub,2026-09-17T00:49:00Z,2026-09-17T00:49:00Z,true
anglian:AWS00562:1785754180000,anglian:AWS00562,anglian,2026-08-03T10:49:40Z,2026-08-03T10:50:21Z,1,hub,2026-09-17T00:49:00Z,2026-09-17T00:49:00Z,true
anglian:AWS00566:1788112591000,anglian:AWS00566,anglian,2026-08-30T17:56:31Z,2026-08-30T17:56:51Z,0,hub,2026-09-17T00:49:00Z,2026-09-17T00:49:00Z,true
anglian:AWS00567:1788130701000,anglian:AWS00567,anglian,2026-08-30T22:58:21Z,,,hub,2026-09-17T00:49:00Z,2026-09-17T00:49:00Z,
anglian:AWS00569:1788031184000,anglian:AWS00569,anglian,2026-08-29T19:19:44Z,2026-08-29T19:20:05Z,0,hub,2026-09-17T00:49:00Z,2026-09-17T00:49:00Z,true
anglian:AWS00570:1787835677000,anglian:AWS00570,anglian,2026-08-27T13:01:17Z,2026-08-27T14:29:13Z,88,hub,2026-09-17T00:49:00Z,2026-09-17T00:49:00Z,true
anglian:AWS00572:1786528078000,anglian:AWS00572,anglian,2026-08-12T09:47:58Z,2026-08-12T09:52:25Z,4,hub,2026-09-17T00:49:00Z,2026-09-17T00:49:00Z,true
anglian:AWS00580:1787836315000,anglian:AWS00580,anglian,2026-08-27T13:11:55Z,2026-08-27T13:36:00Z,24,hub,2026-09-17T00:49:00Z,2026-09-17T00:49:00Z,true
anglian:AWS00581:1787821750000,anglian:AWS00581,anglian,2026-08-27T09:09:10Z,2026-08-27T09:46:24Z,37,hub,2026-09-17T00:49:00Z,2026-09-17T00:49:00Z,true
anglian:AWS00583:1787941075000,anglian:AWS00583,anglian,2026-08-28T18:17:55Z,2026-08-28T18:18:00Z,0,hub,2026-09-17T00:49:00Z,2026-09-17T00:49:00Z,true
anglian:AWS00588:1787840835000,anglian:AWS00588,anglian,2026-08-27T14:27:15Z,2026-08-27T14:30:52Z,4,hub,2026-09-17T00:49:00Z,2026-09-17T00:49:00Z,true
anglian:AWS00590:1787873911000,anglian:AWS00590,anglian,2026-08-27T23:38:31Z,2026-08-27T23:48:45Z,10,hub,2026-09-17T00:49:00Z,2026-09-17T00:49:00Z,true
anglian:AWS00591:1788130798000,anglian:AWS00591,anglian,2026-08-30T22:59:58Z,,,hub,2026-09-17T00:49:00Z,2026-09-17T00:49:00Z,
anglian:AWS00593:1787820768000,anglian:AWS00593,anglian,2026-08-27T08:52:48Z,2026-08-27T11:25:17Z,152,hub,2026-09-17T00:49:00Z,2026-09-17T00:49:00Z,true
anglian:AWS00594:1787830201000,anglian:AWS00594,anglian,2026-08-27T11:30:01Z,2026-08-27T11:46:00Z,16,hub,2026-09-17T00:49:00Z,2026-09-17T00:49:00Z,true
anglian:AWS00601:1787856060000,anglian:AWS00601,anglian,2026-08-27T18:41:00Z,2026-08-27T21:14:00Z,153,hub,2026-09-17T00:49:00Z,2026-09-17T00:49:00Z,true
anglian:AWS00602:1787848884000,anglian:AWS00602,anglian,2026-08-27T16:41:24Z,2026-08-27T18:22:03Z,101,hub,2026-09-17T00:49:00Z,2026-09-17T00:49:00Z,true
anglian:AWS00603:1787860804000,anglian:AWS00603,anglian,2026-08-27T20:00:04Z,2026-08-27T21:01:57Z,62,hub,2026-09-17T00:49:00Z,2026-09-17T00:49:00Z,true
anglian:AWS00608:1788132363000,anglian:AWS00608,anglian,2026-08-30T23:26:03Z,2026-08-31T00:42:23Z,76,hub,2026-09-17T00:49:00Z,2026-09-17T00:49:00Z,true
anglian:AWS00609:1788007676000,anglian:AWS00609,anglian,2026-08-29T12:47:56Z,2026-08-29T12:49:40Z,2,hub,2026-09-17T00:49:00Z,2026-09-17T00:49:00Z,true
anglian:AWS00612:1787238078000,anglian:AWS00612,anglian,2026-08-20T15:01:18Z,2026-08-20T15:01:28Z,0,hub,2026-09-17T00:49:00Z,2026-09-17T00:49:00Z,true
anglian:AWS00613:1786529804000,anglian:AWS00613,anglian,2026-08-12T10:16:44Z,2026-08-12T10:16:57Z,0,hub,2026-09-17T00:49:00Z,2026-09-17T00:49:00Z,true
anglian:AWS00614:1787058211000,anglian:AWS00614,anglian,2026-08-18T13:03:31Z,2026-08-18T13:08:04Z,5,hub,2026-09-17T00:49:00Z,2026-09-17T00:49:00Z,true
anglian:AWS00616:1787874782000,anglian:AWS00616,anglian,2026-08-27T23:53:02Z,2026-08-28T00:37:10Z,44,hub,2026-09-17T00:49:00Z,2026-09-17T00:49:00Z,true
anglian:AWS00617:1787847368000,anglian:AWS00617,anglian,2026-08-27T16:16:08Z,2026-08-27T16:30:04Z,14,hub,2026-09-17T00:49:00Z,2026-09-17T00:49:00Z,true
anglian:AWS00618:1787827330000,anglian:AWS00618,anglian,2026-08-27T10:42:10Z,2026-08-27T15:58:45Z,317,hub,2026-09-17T00:49:00Z,2026-09-17T00:49:00Z,true
anglian:AWS00620:1787824801000,anglian:AWS00620,anglian,2026-08-27T10:00:01Z,2026-08-27T12:16:00Z,136,hub,2026-09-17T00:49:00Z,2026-09-17T00:49:00Z,true
anglian:AWS00627:1787875636000,anglian:AWS00627,anglian,2026-08-28T00:07:16Z,2026-08-28T00:38:46Z,32,hub,2026-09-17T00:49:00Z,2026-09-17T00:49:00Z,true
anglian:AWS00630:1787832981000,anglian:AWS00630,anglian,2026-08-27T12:16:21Z,2026-08-27T12:34:28Z,18,hub,2026-09-17T00:49:00Z,2026-09-17T00:49:00Z,true
anglian:AWS00647:1788030901000,anglian:AWS00647,anglian,2026-08-29T19:15:01Z,2026-08-29T20:30:01Z,75,hub,2026-09-17T00:49:00Z,2026-09-17T00:49:00Z,true
anglian:AWS00648:1788030363000,anglian:AWS00648,anglian,2026-08-29T19:06:03Z,2026-08-29T19:17:58Z,12,hub,2026-09-17T00:49:00Z,2026-09-17T00:49:00Z,true
anglian:AWS00653:1787815801000,anglian:AWS00653,anglian,2026-08-27T07:30:01Z,2026-08-27T07:45:01Z,15,hub,2026-09-17T00:49:00Z,2026-09-17T00:49:00Z,true
anglian:AWS00654:1787810401000,anglian:AWS00654,anglian,2026-08-27T06:00:01Z,2026-08-27T06:15:01Z,15,hub,2026-09-17T00:49:00Z,2026-09-17T00:49:00Z,true
anglian:AWS00656:1785937090000,anglian:AWS00656,anglian,2026-08-05T13:38:10Z,2026-08-05T13:38:29Z,0,hub,2026-09-17T00:49:00Z,2026-09-17T00:49:00Z,true
anglian:AWS00658:1787811695000,anglian:AWS00658,anglian,2026-08-27T06:21:35Z,2026-08-27T06:35:57Z,14,hub,2026-09-17T00:49:00Z,2026-09-17T00:49:00Z,true
anglian:AWS00667:1787990598000,anglian:AWS00667,anglian,2026-08-29T08:03:18Z,2026-08-29T08:03:23Z,0,hub,2026-09-17T00:49:00Z,2026-09-17T00:49:00Z,true
anglian:AWS00670:1787170444000,anglian:AWS00670,anglian,2026-08-19T20:14:04Z,2026-08-20T00:33:42Z,260,hub,2026-09-17T00:49:00Z,2026-09-17T00:49:00Z,true
anglian:AWS00677:1787820008000,anglian:AWS00677,anglian,2026-08-27T08:40:08Z,2026-08-27T12:45:01Z,245,hub,2026-09-17T00:49:00Z,2026-09-17T00:49:00Z,true
anglian:AWS00678:1788023615000,anglian:AWS00678,anglian,2026-08-29T17:13:35Z,2026-08-29T20:24:00Z,190,hub,2026-09-17T00:49:00Z,2026-09-17T00:49:00Z,true
anglian:AWS00695:1787831701000,anglian:AWS00695,anglian,2026-08-27T11:55:01Z,2026-08-27T12:12:01Z,17,hub,2026-09-17T00:49:00Z,2026-09-17T00:49:00Z,true
anglian:AWS00696:1787824925000,anglian:AWS00696,anglian,2026-08-27T10:02:05Z,2026-08-27T10:03:05Z,1,hub,2026-09-17T00:49:00Z,2026-09-17T00:49:00Z,true
anglian:AWS00700:1787241964000,anglian:AWS00700,anglian,2026-08-20T16:06:04Z,2026-08-20T16:10:42Z,5,hub,2026-09-17T00:49:00Z,2026-09-17T00:49:00Z,true
anglian:AWS00703:1788012901000,anglian:AWS00703,anglian,2026-08-29T14:15:01Z,2026-08-29T15:15:01Z,60,hub,2026-09-17T00:49:00Z,2026-09-17T00:49:00Z,true
anglian:AWS00707:1787908460000,anglian:AWS00707,anglian,2026-08-28T09:14:20Z,2026-08-28T09:19:28Z,5,hub,2026-09-17T00:49:00Z,2026-09-17T00:49:00Z,true
anglian:AWS00710:1787654274000,anglian:AWS00710,anglian,2026-08-25T10:37:54Z,2026-08-25T10:42:32Z,5,hub,2026-09-17T00:49:00Z,2026-09-17T00:49:00Z,true
anglian:AWS00712:1788027511000,anglian:AWS00712,anglian,2026-08-29T18:18:31Z,2026-08-29T18:39:23Z,21,hub,2026-09-17T00:49:00Z,2026-09-17T00:49:00Z,true
anglian:AWS00713:1788025776000,anglian:AWS00713,anglian,2026-08-29T17:49:36Z,2026-08-29T21:34:30Z,225,hub,2026-09-17T00:49:00Z,2026-09-17T00:49:00Z,true
anglian:AWS00714:1788021878000,anglian:AWS00714,anglian,2026-08-29T16:44:38Z,2026-08-29T17:33:29Z,49,hub,2026-09-17T00:49:00Z,2026-09-17T00:49:00Z,true
anglian:AWS00716:1786087060000,anglian:AWS00716,anglian,2026-08-07T07:17:40Z,2026-08-07T07:17:40Z,0,hub,2026-09-17T00:49:00Z,2026-09-17T00:49:00Z,true
anglian:AWS00718:1787832315000,anglian:AWS00718,anglian,2026-08-27T12:05:15Z,2026-08-27T16:36:09Z,271,hub,2026-09-17T00:49:00Z,2026-09-17T00:49:00Z,true
anglian:AWS00723:1788133016000,anglian:AWS00723,anglian,2026-08-30T23:36:56Z,2026-08-30T23:48:10Z,11,hub,2026-09-17T00:49:00Z,2026-09-17T00:49:00Z,true
anglian:AWS00724:1788133124000,anglian:AWS00724,anglian,2026-08-30T23:38:44Z,2026-08-30T23:49:10Z,10,hub,2026-09-17T00:49:00Z,2026-09-17T00:49:00Z,true
anglian:AWS00734:1787849842000,anglian:AWS00734,anglian,2026-08-27T16:57:22Z,2026-08-27T18:45:14Z,108,hub,2026-09-17T00:49:00Z,2026-09-17T00:49:00Z,true
anglian:AWS00735:1787871708000,anglian:AWS00735,anglian,2026-08-27T23:01:48Z,2026-08-27T23:10:57Z,9,hub,2026-09-17T00:49:00Z,2026-09-17T00:49:00Z,true
anglian:AWS00738:1787579067000,anglian:AWS00738,anglian,2026-08-24T13:44:27Z,2026-08-24T13:48:43Z,4,hub,2026-09-17T00:49:00Z,2026-09-17T00:49:00Z,true
anglian:AWS00742:1787831708000,anglian:AWS00742,anglian,2026-08-27T11:55:08Z,2026-08-27T11:55:37Z,0,hub,2026-09-17T00:49:00Z,2026-09-17T00:49:00Z,true
anglian:AWS00743:1787734822000,anglian:AWS00743,anglian,2026-08-26T09:00:22Z,2026-08-26T09:15:22Z,15,hub,2026-09-17T00:49:00Z,2026-09-17T00:49:00Z,true
anglian:AWS00745:1787898615000,anglian:AWS00745,anglian,2026-08-28T06:30:15Z,2026-08-29T17:50:51Z,2121,hub,2026-09-17T00:49:00Z,2026-09-17T00:49:00Z,true
anglian:AWS00746:1788170659000,anglian:AWS00746,anglian,2026-08-31T10:04:19Z,2026-08-31T10:25:11Z,21,hub,2026-09-17T00:49:00Z,2026-09-17T00:49:00Z,true
anglian:AWS00747:1787853991000,anglian:AWS00747,anglian,2026-08-27T18:06:31Z,2026-08-27T18:32:38Z,26,hub,2026-09-17T00:49:00Z,2026-09-17T00:49:00Z,true
anglian:AWS00753:1788016713000,anglian:AWS00753,anglian,2026-08-29T15:18:33Z,2026-08-30T04:53:21Z,815,hub,2026-09-17T00:49:00Z,2026-09-17T00:49:00Z,true
anglian:AWS00757:1788036524000,anglian:AWS00757,anglian,2026-08-29T20:48:44Z,2026-08-29T20:48:49Z,0,hub,2026-09-17T00:49:00Z,2026-09-17T00:49:00Z,true
anglian:AWS00759:1787249584000,anglian:AWS00759,anglian,2026-08-20T18:13:04Z,2026-08-20T18:17:46Z,5,hub,2026-09-17T00:49:00Z,2026-09-17T00:49:00Z,true
anglian:AWS00762:1788025546000,anglian:AWS00762,anglian,2026-08-29T17:45:46Z,2026-08-29T18:51:36Z,66,hub,2026-09-17T00:49:00Z,2026-09-17T00:49:00Z,true
anglian:AWS00763:1788030001000,anglian:AWS00763,anglian,2026-08-29T19:00:01Z,2026-08-29T21:00:01Z,120,hub,2026-09-17T00:49:00Z,2026-09-17T00:49:00Z,true
anglian:AWS00765:1787823001000,anglian:AWS00765,anglian,2026-08-27T09:30:01Z,2026-08-27T13:30:01Z,240,hub,2026-09-17T00:49:00Z,2026-09-17T00:49:00Z,true
anglian:AWS00771:1787874075000,anglian:AWS00771,anglian,2026-08-27T23:41:15Z,2026-08-28T00:14:17Z,33,hub,2026-09-17T00:49:00Z,2026-09-17T00:49:00Z,true
anglian:AWS00777:1787875460000,anglian:AWS00777,anglian,2026-08-28T00:04:20Z,2026-08-28T00:18:44Z,14,hub,2026-09-17T00:49:00Z,2026-09-17T00:49:00Z,true
anglian:AWS00779:1787874218000,anglian:AWS00779,anglian,2026-08-27T23:43:38Z,2026-08-28T00:09:11Z,26,hub,2026-09-17T00:49:00Z,2026-09-17T00:49:00Z,true
anglian:AWS00780:1787874028000,anglian:AWS00780,anglian,2026-08-27T23:40:28Z,2026-08-28T00:17:58Z,38,hub,2026-09-17T00:49:00Z,2026-09-17T00:49:00Z,true
anglian:AWS00791:1787932013000,anglian:AWS00791,anglian,2026-08-28T15:46:53Z,2026-08-28T18:10:14Z,143,hub,2026-09-17T00:49:00Z,2026-09-17T00:49:00Z,true
anglian:AWS00793:1788026161000,anglian:AWS00793,anglian,2026-08-29T17:56:01Z,2026-08-29T17:58:01Z,2,hub,2026-09-17T00:49:00Z,2026-09-17T00:49:00Z,true
anglian:AWS00795:1788023240000,anglian:AWS00795,anglian,2026-08-29T17:07:20Z,2026-08-29T17:11:58Z,5,hub,2026-09-17T00:49:00Z,2026-09-17T00:49:00Z,true
anglian:AWS00796:1787872181000,anglian:AWS00796,anglian,2026-08-27T23:09:41Z,2026-08-27T23:09:41Z,0,hub,2026-09-17T00:49:00Z,2026-09-17T00:49:00Z,true
anglian:AWS00797:1788030363000,anglian:AWS00797,anglian,2026-08-29T19:06:03Z,2026-08-29T19:17:58Z,12,hub,2026-09-17T00:49:00Z,2026-09-17T00:49:00Z,true
anglian:AWS00800:1787880237000,anglian:AWS00800,anglian,2026-08-28T01:23:57Z,2026-08-28T01:33:18Z,9,hub,2026-09-17T00:49:00Z,2026-09-17T00:49:00Z,true
anglian:AWS00801:1788013994000,anglian:AWS00801,anglian,2026-08-29T14:33:14Z,2026-08-29T15:11:51Z,39,hub,2026-09-17T00:49:00Z,2026-09-17T00:49:00Z,true
anglian:AWS00809:1787826479000,anglian:AWS00809,anglian,2026-08-27T10:27:59Z,2026-08-27T14:49:29Z,262,hub,2026-09-17T00:49:00Z,2026-09-17T00:49:00Z,true
anglian:AWS00812:1787827601000,anglian:AWS00812,anglian,2026-08-27T10:46:41Z,2026-08-27T10:51:23Z,5,hub,2026-09-17T00:49:00Z,2026-09-17T00:49:00Z,true
anglian:AWS00828:1787307020000,anglian:AWS00828,anglian,2026-08-21T10:10:20Z,2026-08-21T10:20:42Z,10,hub,2026-09-17T00:49:00Z,2026-09-17T00:49:00Z,true
anglian:AWS00832:1787931944000,anglian:AWS00832,anglian,2026-08-28T15:45:44Z,2026-08-28T17:00:29Z,75,hub,2026-09-17T00:49:00Z,2026-09-17T00:49:00Z,true
anglian:AWS00834:1788031519000,anglian:AWS00834,anglian,2026-08-29T19:25:19Z,2026-08-29T20:29:18Z,64,hub,2026-09-17T00:49:00Z,2026-09-17T00:49:00Z,true
anglian:AWS00835:1786780248000,anglian:AWS00835,anglian,2026-08-15T07:50:48Z,2026-08-15T10:38:03Z,167,hub,2026-09-17T00:49:00Z,2026-09-17T00:49:00Z,true
anglian:AWS00837:1788021906000,anglian:AWS00837,anglian,2026-08-29T16:45:06Z,2026-08-29T21:01:42Z,257,hub,2026-09-17T00:49:00Z,2026-09-17T00:49:00Z,true
anglian:AWS00843:1787316978000,anglian:AWS00843,anglian,2026-08-21T12:56:18Z,2026-08-21T12:58:21Z,2,hub,2026-09-17T00:49:00Z,2026-09-17T00:49:00Z,true
anglian:AWS00846:1787827601000,anglian:AWS00846,anglian,2026-08-27T10:46:41Z,2026-08-27T15:29:51Z,283,hub,2026-09-17T00:49:00Z,2026-09-17T00:49:00Z,true
anglian:AWS00848:1787832018000,anglian:AWS00848,anglian,2026-08-27T12:00:18Z,2026-08-27T12:14:14Z,14,hub,2026-09-17T00:49:00Z,2026-09-17T00:49:00Z,true
anglian:AWS00851:1787828179000,anglian:AWS00851,anglian,2026-08-27T10:56:19Z,2026-08-27T14:30:23Z,214,hub,2026-09-17T00:49:00Z,2026-09-17T00:49:00Z,true
anglian:AWS00852:1785843234000,anglian:AWS00852,anglian,2026-08-04T11:33:54Z,2026-08-04T11:38:09Z,4,hub,2026-09-17T00:49:00Z,2026-09-17T00:49:00Z,true
anglian:AWS00859:1787235104000,anglian:AWS00859,anglian,2026-08-20T14:11:44Z,2026-08-20T14:11:50Z,0,hub,2026-09-17T00:49:00Z,2026-09-17T00:49:00Z,true
anglian:AWS00862:1787820533000,anglian:AWS00862,anglian,2026-08-27T08:48:53Z,2026-08-27T11:59:21Z,190,hub,2026-09-17T00:49:00Z,2026-09-17T00:49:00Z,true
anglian:AWS00864:1787828316000,anglian:AWS00864,anglian,2026-08-27T10:58:36Z,2026-08-27T14:25:07Z,207,hub,2026-09-17T00:49:00Z,2026-09-17T00:49:00Z,true
anglian:AWS00866:1787119508000,anglian:AWS00866,anglian,2026-08-19T06:05:08Z,2026-08-19T06:06:30Z,1,hub,2026-09-17T00:49:00Z,2026-09-17T00:49:00Z,true
anglian:AWS00873:1787884780000,anglian:AWS00873,anglian,2026-08-28T02:39:40Z,2026-08-28T02:43:16Z,4,hub,2026-09-17T00:49:00Z,2026-09-17T00:49:00Z,true
anglian:AWS00887:1787832188000,anglian:AWS00887,anglian,2026-08-27T12:03:08Z,2026-08-27T12:26:55Z,24,hub,2026-09-17T00:49:00Z,2026-09-17T00:49:00Z,true
anglian:AWS00890:1788192744000,anglian:AWS00890,anglian,2026-08-31T16:12:24Z,2026-08-31T16:12:32Z,0,hub,2026-09-17T00:49:00Z,2026-09-17T00:49:00Z,true
anglian:AWS00892:1787843812000,anglian:AWS00892,anglian,2026-08-27T15:16:52Z,2026-08-27T22:53:47Z,457,hub,2026-09-17T00:49:00Z,2026-09-17T00:49:00Z,true
anglian:AWS00894:1787843645000,anglian:AWS00894,anglian,2026-08-27T15:14:05Z,2026-08-27T15:14:28Z,0,hub,2026-09-17T00:49:00Z,2026-09-17T00:49:00Z,true
anglian:AWS00896:1787649592000,anglian:AWS00896,anglian,2026-08-25T09:19:52Z,2026-08-25T09:22:11Z,2,hub,2026-09-17T00:49:00Z,2026-09-17T00:49:00Z,true
anglian:AWS00897:1787819266000,anglian:AWS00897,anglian,2026-08-27T08:27:46Z,2026-08-27T11:13:32Z,166,hub,2026-09-17T00:49:00Z,2026-09-17T00:49:00Z,true
anglian:AWS00899:1788138901000,anglian:AWS00899,anglian,2026-08-31T01:15:01Z,2026-08-31T02:01:00Z,46,hub,2026-09-17T00:49:00Z,2026-09-17T00:49:00Z,true
anglian:AWS00900:1787004996000,anglian:AWS00900,anglian,2026-08-17T22:16:36Z,2026-08-18T01:43:48Z,207,hub,2026-09-17T00:49:00Z,2026-09-17T00:49:00Z,true
anglian:AWS00904:1787818700000,anglian:AWS00904,anglian,2026-08-27T08:18:20Z,2026-08-27T08:23:11Z,5,hub,2026-09-17T00:49:00Z,2026-09-17T00:49:00Z,true
anglian:AWS00910:1788013369000,anglian:AWS00910,anglian,2026-08-29T14:22:49Z,2026-08-29T14:41:00Z,18,hub,2026-09-17T00:49:00Z,2026-09-17T00:49:00Z,true
anglian:AWS00913:1786419178000,anglian:AWS00913,anglian,2026-08-11T03:32:58Z,2026-08-11T03:38:03Z,5,hub,2026-09-17T00:49:00Z,2026-09-17T00:49:00Z,true
anglian:AWS00914:1788014864000,anglian:AWS00914,anglian,2026-08-29T14:47:44Z,2026-08-29T15:19:34Z,32,hub,2026-09-17T00:49:00Z,2026-09-17T00:49:00Z,true
anglian:AWS00921:1788025765000,anglian:AWS00921,anglian,2026-08-29T17:49:25Z,2026-08-29T17:50:47Z,1,hub,2026-09-17T00:49:00Z,2026-09-17T00:49:00Z,true
anglian:AWS00931:1788024901000,anglian:AWS00931,anglian,2026-08-29T17:35:01Z,2026-08-29T17:39:32Z,5,hub,2026-09-17T00:49:00Z,2026-09-17T00:49:00Z,true
anglian:AWS00947:1787834560000,anglian:AWS00947,anglian,2026-08-27T12:42:40Z,2026-08-27T18:02:19Z,320,hub,2026-09-17T00:49:00Z,2026-09-17T00:49:00Z,true
anglian:AWS00949:1787167076000,anglian:AWS00949,anglian,2026-08-19T19:17:56Z,2026-08-19T19:34:12Z,16,hub,2026-09-17T00:49:00Z,2026-09-17T00:49:00Z,true
anglian:AWS00951:1788018359000,anglian:AWS00951,anglian,2026-08-29T15:45:59Z,2026-08-29T16:43:43Z,58,hub,2026-09-17T00:49:00Z,2026-09-17T00:49:00Z,true
anglian:AWS00953:1786753067000,anglian:AWS00953,anglian,2026-08-15T00:17:47Z,2026-08-15T00:18:51Z,1,hub,2026-09-17T00:49:00Z,2026-09-17T00:49:00Z,true
anglian:AWS00955:1787839699000,anglian:AWS00955,anglian,2026-08-27T14:08:19Z,2026-08-27T14:58:11Z,50,hub,2026-09-17T00:49:00Z,2026-09-17T00:49:00Z,true
anglian:AWS00957:1787820779000,anglian:AWS00957,anglian,2026-08-27T08:52:59Z,2026-08-27T09:55:39Z,63,hub,2026-09-17T00:49:00Z,2026-09-17T00:49:00Z,true
anglian:AWS00967:1787826764000,anglian:AWS00967,anglian,2026-08-27T10:32:44Z,2026-08-27T10:32:51Z,0,hub,2026-09-17T00:49:00Z,2026-09-17T00:49:00Z,true
anglian:AWS00971:1788027372000,anglian:AWS00971,anglian,2026-08-29T18:16:12Z,2026-08-29T18:16:19Z,0,hub,2026-09-17T00:49:00Z,2026-09-17T00:49:00Z,true
anglian:AWS00972:1788021001000,anglian:AWS00972,anglian,2026-08-29T16:30:01Z,2026-08-29T16:45:01Z,15,hub,2026-09-17T00:49:00Z,2026-09-17T00:49:00Z,true
anglian:AWS00975:1788014600000,anglian:AWS00975,anglian,2026-08-29T14:43:20Z,2026-08-29T15:03:03Z,20,hub,2026-09-17T00:49:00Z,2026-09-17T00:49:00Z,true
anglian:AWS00976:1788015862000,anglian:AWS00976,anglian,2026-08-29T15:04:22Z,2026-08-29T16:58:25Z,114,hub,2026-09-17T00:49:00Z,2026-09-17T00:49:00Z,true
anglian:AWS00980:1788056460000,anglian:AWS00980,anglian,2026-08-30T02:21:00Z,2026-08-30T02:21:01Z,0,hub,2026-09-17T00:49:00Z,2026-09-17T00:49:00Z,true
anglian:AWS00981:1787963761000,anglian:AWS00981,anglian,2026-08-29T00:36:01Z,2026-08-29T00:40:31Z,5,hub,2026-09-17T00:49:00Z,2026-09-17T00:49:00Z,true
anglian:AWS00982:1788025677000,anglian:AWS00982,anglian,2026-08-29T17:47:57Z,2026-08-30T01:05:10Z,437,hub,2026-09-17T00:49:00Z,2026-09-17T00:49:00Z,true
anglian:AWS00984:1787826082000,anglian:AWS00984,anglian,2026-08-27T10:21:22Z,2026-08-27T13:27:58Z,187,hub,2026-09-17T00:49:00Z,2026-09-17T00:49:00Z,true
anglian:AWS00990:1787827176000,anglian:AWS00990,anglian,2026-08-27T10:39:36Z,2026-08-27T13:37:53Z,178,hub,2026-09-17T00:49:00Z,2026-09-17T00:49:00Z,true
anglian:AWS00991:1787830200000,anglian:AWS00991,anglian,2026-08-27T11:30:00Z,2026-08-27T11:30:00Z,0,hub,2026-09-17T00:49:00Z,2026-09-17T00:49:00Z,true
anglian:AWS00999:1786826656000,anglian:AWS00999,anglian,2026-08-15T20:44:16Z,2026-08-15T20:45:03Z,1,hub,2026-09-17T00:49:00Z,2026-09-17T00:49:00Z,true
anglian:AWS01001:1788044564000,anglian:AWS01001,anglian,2026-08-29T23:02:44Z,2026-08-30T00:22:50Z,80,hub,2026-09-17T00:49:00Z,2026-09-17T00:49:00Z,true
anglian:AWS01002:1788039956000,anglian:AWS01002,anglian,2026-08-29T21:45:56Z,2026-08-29T21:48:19Z,2,hub,2026-09-17T00:49:00Z,2026-09-17T00:49:00Z,true
anglian:AWS01005:1788183302000,anglian:AWS01005,anglian,2026-08-31T13:35:02Z,2026-08-31T14:22:02Z,47,hub,2026-09-17T00:49:00Z,2026-09-17T00:49:00Z,true
anglian:AWS01007:1788018345000,anglian:AWS01007,anglian,2026-08-29T15:45:45Z,2026-08-29T16:18:14Z,32,hub,2026-09-17T00:49:00Z,2026-09-17T00:49:00Z,true
anglian:AWS01008:1787848713000,anglian:AWS01008,anglian,2026-08-27T16:38:33Z,2026-08-27T19:14:28Z,156,hub,2026-09-17T00:49:00Z,2026-09-17T00:49:00Z,true
anglian:AWS01010:1788026529000,anglian:AWS01010,anglian,2026-08-29T18:02:09Z,2026-08-29T18:49:15Z,47,hub,2026-09-17T00:49:00Z,2026-09-17T00:49:00Z,true
anglian:AWS01014:1788019253000,anglian:AWS01014,anglian,2026-08-29T16:00:53Z,2026-08-29T16:37:39Z,37,hub,2026-09-17T00:49:00Z,2026-09-17T00:49:00Z,true
anglian:AWS01015:1787014242000,anglian:AWS01015,anglian,2026-08-18T00:50:42Z,2026-08-18T01:56:33Z,66,hub,2026-09-17T00:49:00Z,2026-09-17T00:49:00Z,true
anglian:AWS01019:1788042601000,anglian:AWS01019,anglian,2026-08-29T22:30:01Z,2026-08-29T22:45:01Z,15,hub,2026-09-17T00:49:00Z,2026-09-17T00:49:00Z,true
anglian:AWS01026:1787331492000,anglian:AWS01026,anglian,2026-08-21T16:58:12Z,2026-08-21T17:03:26Z,5,hub,2026-09-17T00:49:00Z,2026-09-17T00:49:00Z,true
anglian:AWS01028:1787873994000,anglian:AWS01028,anglian,2026-08-27T23:39:54Z,2026-08-27T23:50:12Z,10,hub,2026-09-17T00:49:00Z,2026-09-17T00:49:00Z,true
anglian:AWS01029:1787811839000,anglian:AWS01029,anglian,2026-08-27T06:23:59Z,2026-08-27T06:28:34Z,5,hub,2026-09-17T00:49:00Z,2026-09-17T00:49:00Z,true
anglian:AWS01031:1787935724000,anglian:AWS01031,anglian,2026-08-28T16:48:44Z,2026-08-28T16:53:23Z,5,hub,2026-09-17T00:49:00Z,2026-09-17T00:49:00Z,true
anglian:AWS01033:1787649206000,anglian:AWS01033,anglian,2026-08-25T09:13:26Z,2026-08-25T09:13:48Z,0,hub,2026-09-17T00:49:00Z,2026-09-17T00:49:00Z,true
anglian:AWS01046:1788006205000,anglian:AWS01046,anglian,2026-08-29T12:23:25Z,2026-08-29T12:40:36Z,17,hub,2026-09-17T00:49:00Z,2026-09-17T00:49:00Z,true
anglian:AWS01049:1787875164000,anglian:AWS01049,anglian,2026-08-27T23:59:24Z,2026-08-28T02:55:43Z,176,hub,2026-09-17T00:49:00Z,2026-09-17T00:49:00Z,true
anglian:AWS01053:1787892008000,anglian:AWS01053,anglian,2026-08-28T04:40:08Z,2026-08-28T04:40:22Z,0,hub,2026-09-17T00:49:00Z,2026-09-17T00:49:00Z,true
anglian:AWS01054:1788030081000,anglian:AWS01054,anglian,2026-08-29T19:01:21Z,2026-08-29T21:10:29Z,129,hub,2026-09-17T00:49:00Z,2026-09-17T00:49:00Z,true
anglian:AWS01072:1787652521000,anglian:AWS01072,anglian,2026-08-25T10:08:41Z,2026-08-25T10:10:29Z,2,hub,2026-09-17T00:49:00Z,2026-09-17T00:49:00Z,true
anglian:AWS01074:1786953622000,anglian:AWS01074,anglian,2026-08-17T08:00:22Z,2026-08-17T08:15:22Z,15,hub,2026-09-17T00:49:00Z,2026-09-17T00:49:00Z,true
anglian:AWS01080:1787833320000,anglian:AWS01080,anglian,2026-08-27T12:22:00Z,2026-08-27T12:40:22Z,18,hub,2026-09-17T00:49:00Z,2026-09-17T00:49:00Z,true
anglian:AWS01084:1788016872000,anglian:AWS01084,anglian,2026-08-29T15:21:12Z,2026-08-29T15:24:01Z,3,hub,2026-09-17T00:49:00Z,2026-09-17T00:49:00Z,true
anglian:AWS01086:1787601156000,anglian:AWS01086,anglian,2026-08-24T19:52:36Z,2026-08-24T22:07:06Z,135,hub,2026-09-17T00:49:00Z,2026-09-17T00:49:00Z,true
anglian:AWS01094:1788017445000,anglian:AWS01094,anglian,2026-08-29T15:30:45Z,2026-08-29T15:59:46Z,29,hub,2026-09-17T00:49:00Z,2026-09-17T00:49:00Z,true
anglian:AWS01096:1785832739000,anglian:AWS01096,anglian,2026-08-04T08:38:59Z,2026-08-04T08:40:18Z,1,hub,2026-09-17T00:49:00Z,2026-09-17T00:49:00Z,true
anglian:AWS01098:1788045679000,anglian:AWS01098,anglian,2026-08-29T23:21:19Z,2026-08-30T05:36:13Z,375,hub,2026-09-17T00:49:00Z,2026-09-17T00:49:00Z,true
anglian:AWS01099:1788207600000,anglian:AWS01099,anglian,2026-08-31T20:20:00Z,2026-08-31T21:00:04Z,40,hub,2026-09-17T00:49:00Z,2026-09-17T00:49:00Z,true
anglian:AWS01106:1786679640000,anglian:AWS01106,anglian,2026-08-14T03:54:00Z,2026-08-14T03:56:00Z,2,hub,2026-09-17T00:49:00Z,2026-09-17T00:49:00Z,true
anglian:AWS01116:1788016500000,anglian:AWS01116,anglian,2026-08-29T15:15:00Z,2026-08-29T16:15:00Z,60,hub,2026-09-17T00:49:00Z,2026-09-17T00:49:00Z,true
anglian:AWS01125:1787822101000,anglian:AWS01125,anglian,2026-08-27T09:15:01Z,2026-08-27T09:45:01Z,30,hub,2026-09-17T00:49:00Z,2026-09-17T00:49:00Z,true
anglian:AWS01126:1788022171000,anglian:AWS01126,anglian,2026-08-29T16:49:31Z,2026-08-29T20:56:26Z,247,hub,2026-09-17T00:49:00Z,2026-09-17T00:49:00Z,true
anglian:AWS01128:1787040352000,anglian:AWS01128,anglian,2026-08-18T08:05:52Z,2026-08-18T08:30:43Z,25,hub,2026-09-17T00:49:00Z,2026-09-17T00:49:00Z,true
anglian:AWS01130:1788046158000,anglian:AWS01130,anglian,2026-08-29T23:29:18Z,2026-08-30T00:00:30Z,31,hub,2026-09-17T00:49:00Z,2026-09-17T00:49:00Z,true
anglian:AWS01133:1787843010000,anglian:AWS01133,anglian,2026-08-27T15:03:30Z,2026-08-27T15:04:03Z,1,hub,2026-09-17T00:49:00Z,2026-09-17T00:49:00Z,true
anglian:AWS01139:1787870183000,anglian:AWS01139,anglian,2026-08-27T22:36:23Z,2026-08-28T00:11:14Z,95,hub,2026-09-17T00:49:00Z,2026-09-17T00:49:00Z,true
anglian:AWS01140:1786782034000,anglian:AWS01140,anglian,2026-08-15T08:20:34Z,2026-08-15T08:20:55Z,0,hub,2026-09-17T00:49:00Z,2026-09-17T00:49:00Z,true
anglian:AWS01141:1787158510000,anglian:AWS01141,anglian,2026-08-19T16:55:10Z,2026-08-19T16:58:52Z,4,hub,2026-09-17T00:49:00Z,2026-09-17T00:49:00Z,true
anglian:AWS01142:1787930557000,anglian:AWS01142,anglian,2026-08-28T15:22:37Z,2026-08-28T16:13:48Z,51,hub,2026-09-17T00:49:00Z,2026-09-17T00:49:00Z,true
anglian:AWS01145:1787833225000,anglian:AWS01145,anglian,2026-08-27T12:20:25Z,2026-08-27T14:40:31Z,140,hub,2026-09-17T00:49:00Z,2026-09-17T00:49:00Z,true
anglian:AWS01146:1787836648000,anglian:AWS01146,anglian,2026-08-27T13:17:28Z,2026-08-27T13:20:40Z,3,hub,2026-09-17T00:49:00Z,2026-09-17T00:49:00Z,true
anglian:AWS01158:1787838336000,anglian:AWS01158,anglian,2026-08-27T13:45:36Z,2026-08-27T13:50:18Z,5,hub,2026-09-17T00:49:00Z,2026-09-17T00:49:00Z,true
anglian:AWS01161:1787248293000,anglian:AWS01161,anglian,2026-08-20T17:51:33Z,2026-08-20T17:53:31Z,2,hub,2026-09-17T00:49:00Z,2026-09-17T00:49:00Z,true
anglian:AWS01165:1787728408000,anglian:AWS01165,anglian,2026-08-26T07:13:28Z,2026-08-26T07:27:51Z,14,hub,2026-09-17T00:49:00Z,2026-09-17T00:49:00Z,true
anglian:AWS01167:1788127700000,anglian:AWS01167,anglian,2026-08-30T22:08:20Z,2026-08-30T22:10:15Z,2,hub,2026-09-17T00:49:00Z,2026-09-17T00:49:00Z,true
anglian:AWS01174:1787725480000,anglian:AWS01174,anglian,2026-08-26T06:24:40Z,2026-08-26T06:48:05Z,23,hub,2026-09-17T00:49:00Z,2026-09-17T00:49:00Z,true
anglian:AWS01178:1787725739000,anglian:AWS01178,anglian,2026-08-26T06:28:59Z,2026-08-26T06:30:43Z,2,hub,2026-09-17T00:49:00Z,2026-09-17T00:49:00Z,true
anglian:AWS01182:1787871073000,anglian:AWS01182,anglian,2026-08-27T22:51:13Z,2026-08-27T22:53:55Z,3,hub,2026-09-17T00:49:00Z,2026-09-17T00:49:00Z,true
anglian:AWS01193:1787837345000,anglian:AWS01193,anglian,2026-08-27T13:29:05Z,2026-08-27T13:34:22Z,5,hub,2026-09-17T00:49:00Z,2026-09-17T00:49:00Z,true
anglian:AWS01195:1787726429000,anglian:AWS01195,anglian,2026-08-26T06:40:29Z,2026-08-26T06:51:56Z,11,hub,2026-09-17T00:49:00Z,2026-09-17T00:49:00Z,true
anglian:AWS01196:1787141577000,anglian:AWS01196,anglian,2026-08-19T12:12:57Z,2026-08-19T12:13:08Z,0,hub,2026-09-17T00:49:00Z,2026-09-17T00:49:00Z,true
anglian:AWS01203:1787396254000,anglian:AWS01203,anglian,2026-08-22T10:57:34Z,2026-08-22T10:59:41Z,2,hub,2026-09-17T00:49:00Z,2026-09-17T00:49:00Z,true
anglian:AWS01204:1785834602000,anglian:AWS01204,anglian,2026-08-04T09:10:02Z,2026-08-04T09:26:01Z,16,hub,2026-09-17T00:49:00Z,2026-09-17T00:49:00Z,true
anglian:AWS01206:1787824425000,anglian:AWS01206,anglian,2026-08-27T09:53:45Z,2026-08-27T17:53:27Z,480,hub,2026-09-17T00:49:00Z,2026-09-17T00:49:00Z,true
anglian:AWS01228:1788029101000,anglian:AWS01228,anglian,2026-08-29T18:45:01Z,2026-08-29T19:15:01Z,30,hub,2026-09-17T00:49:00Z,2026-09-17T00:49:00Z,true
anglian:AWS01230:1787822180000,anglian:AWS01230,anglian,2026-08-27T09:16:20Z,2026-08-27T14:38:01Z,322,hub,2026-09-17T00:49:00Z,2026-09-17T00:49:00Z,true
anglian:AWS01231:1787562960000,anglian:AWS01231,anglian,2026-08-24T09:16:00Z,2026-08-24T10:30:01Z,74,hub,2026-09-17T00:49:00Z,2026-09-17T00:49:00Z,true
anglian:AWS01251:1787815801000,anglian:AWS01251,anglian,2026-08-27T07:30:01Z,2026-08-27T13:45:01Z,375,hub,2026-09-17T00:49:00Z,2026-09-17T00:49:00Z,true
anglian:AWS01252:1786526511000,anglian:AWS01252,anglian,2026-08-12T09:21:51Z,2026-08-12T09:21:56Z,0,hub,2026-09-17T00:49:00Z,2026-09-17T00:49:00Z,true
anglian:AWS01254:1787131224000,anglian:AWS01254,anglian,2026-08-19T09:20:24Z,2026-08-19T09:36:54Z,17,hub,2026-09-17T00:49:00Z,2026-09-17T00:49:00Z,true
anglian:AWS01256:1788028118000,anglian:AWS01256,anglian,2026-08-29T18:28:38Z,2026-08-29T21:11:12Z,163,hub,2026-09-17T00:49:00Z,2026-09-17T00:49:00Z,true
anglian:AWS01268:1788017703000,anglian:AWS01268,anglian,2026-08-29T15:35:03Z,2026-08-29T15:39:44Z,5,hub,2026-09-17T00:49:00Z,2026-09-17T00:49:00Z,true
anglian:AWS01272:1787820769000,anglian:AWS01272,anglian,2026-08-27T08:52:49Z,2026-08-27T09:52:07Z,59,hub,2026-09-17T00:49:00Z,2026-09-17T00:49:00Z,true
anglian:AWS01274:1788016753000,anglian:AWS01274,anglian,2026-08-29T15:19:13Z,2026-08-29T15:19:15Z,0,hub,2026-09-17T00:49:00Z,2026-09-17T00:49:00Z,true
anglian:AWS01277:1787140138000,anglian:AWS01277,anglian,2026-08-19T11:48:58Z,2026-08-19T11:48:58Z,0,hub,2026-09-17T00:49:00Z,2026-09-17T00:49:00Z,true
anglian:AWS01278:1787811017000,anglian:AWS01278,anglian,2026-08-27T06:10:17Z,2026-08-27T06:45:38Z,35,hub,2026-09-17T00:49:00Z,2026-09-17T00:49:00Z,true
anglian:AWS01283:1788149229000,anglian:AWS01283,anglian,2026-08-31T04:07:09Z,2026-08-31T04:07:09Z,0,hub,2026-09-17T00:49:00Z,2026-09-17T00:49:00Z,true
anglian:AWS01289:1787130912000,anglian:AWS01289,anglian,2026-08-19T09:15:12Z,,,hub,2026-09-17T00:49:00Z,2026-09-17T00:49:00Z,
anglian:AWS01294:1788015660000,anglian:AWS01294,anglian,2026-08-29T15:01:00Z,2026-08-29T15:45:01Z,44,hub,2026-09-17T00:49:00Z,2026-09-17T00:49:00Z,true
anglian:AWS01302:1787933255000,anglian:AWS01302,anglian,2026-08-28T16:07:35Z,2026-08-28T22:15:15Z,368,hub,2026-09-17T00:49:00Z,2026-09-17T00:49:00Z,true
anglian:AWS01303:1788030363000,anglian:AWS01303,anglian,2026-08-29T19:06:03Z,2026-08-29T19:17:58Z,12,hub,2026-09-17T00:49:00Z,2026-09-17T00:49:00Z,true
anglian:AWS01307:1788022800000,anglian:AWS01307,anglian,2026-08-29T17:00:00Z,2026-08-29T20:00:00Z,180,hub,2026-09-17T00:49:00Z,2026-09-17T00:49:00Z,true
anglian:AWS01309:1788019201000,anglian:AWS01309,anglian,2026-08-29T16:00:01Z,2026-08-29T20:00:01Z,240,hub,2026-09-17T00:49:00Z,2026-09-17T00:49:00Z,true
anglian:AWS01310:1788017462000,anglian:AWS01310,anglian,2026-08-29T15:31:02Z,2026-08-29T16:51:34Z,81,hub,2026-09-17T00:49:00Z,2026-09-17T00:49:00Z,true
anglian:AWS01315:1787872066000,anglian:AWS01315,anglian,2026-08-27T23:07:46Z,2026-08-28T03:04:48Z,237,hub,2026-09-17T00:49:00Z,2026-09-17T00:49:00Z,true
anglian:AWS01316:1788017401000,anglian:AWS01316,anglian,2026-08-29T15:30:01Z,2026-08-29T16:15:01Z,45,hub,2026-09-17T00:49:00Z,2026-09-17T00:49:00Z,true
anglian:AWS01317:1788011946000,anglian:AWS01317,anglian,2026-08-29T13:59:06Z,2026-08-29T16:01:29Z,122,hub,2026-09-17T00:49:00Z,2026-09-17T00:49:00Z,true
anglian:AWS01318:1788023106000,anglian:AWS01318,anglian,2026-08-29T17:05:06Z,2026-08-29T19:08:45Z,124,hub,2026-09-17T00:49:00Z,2026-09-17T00:49:00Z,true
anglian:AWS01319:1788027854000,anglian:AWS01319,anglian,2026-08-29T18:24:14Z,2026-08-29T18:39:37Z,15,hub,2026-09-17T00:49:00Z,2026-09-17T00:49:00Z,true
anglian:AWS01330:1788025313000,anglian:AWS01330,anglian,2026-08-29T17:41:53Z,2026-08-29T18:34:39Z,53,hub,2026-09-17T00:49:00Z,2026-09-17T00:49:00Z,true
anglian:AWS01331:1788166963000,anglian:AWS01331,anglian,2026-08-31T09:02:43Z,2026-09-01T10:26:15Z,1524,hub,2026-09-17T00:49:00Z,2026-09-17T00:49:00Z,true
anglian:AWS01333:1788023544000,anglian:AWS01333,anglian,2026-08-29T17:12:24Z,2026-08-29T18:27:01Z,75,hub,2026-09-17T00:49:00Z,2026-09-17T00:49:00Z,true
anglian:AWS01334:1788028156000,anglian:AWS01334,anglian,2026-08-29T18:29:16Z,2026-08-29T18:43:40Z,14,hub,2026-09-17T00:49:00Z,2026-09-17T00:49:00Z,true
anglian:AWS01336:1788021427000,anglian:AWS01336,anglian,2026-08-29T16:37:07Z,2026-08-29T16:54:36Z,17,hub,2026-09-17T00:49:00Z,2026-09-17T00:49:00Z,true
anglian:AWS01337:1788027716000,anglian:AWS01337,anglian,2026-08-29T18:21:56Z,2026-08-29T18:21:56Z,0,hub,2026-09-17T00:49:00Z,2026-09-17T00:49:00Z,true
anglian:AWS01344:1786423379000,anglian:AWS01344,anglian,2026-08-11T04:42:59Z,2026-08-11T04:43:04Z,0,hub,2026-09-17T00:49:00Z,2026-09-17T00:49:00Z,true
anglian:AWS01348:1788026578000,anglian:AWS01348,anglian,2026-08-29T18:02:58Z,2026-08-30T05:01:57Z,659,hub,2026-09-17T00:49:00Z,2026-09-17T00:49:00Z,true
anglian:AWS01352:1786878058000,anglian:AWS01352,anglian,2026-08-16T11:00:58Z,2026-08-16T11:32:37Z,32,hub,2026-09-17T00:49:00Z,2026-09-17T00:49:00Z,true
anglian:AWS01355:1787943346000,anglian:AWS01355,anglian,2026-08-28T18:55:46Z,2026-08-28T19:07:20Z,12,hub,2026-09-17T00:49:00Z,2026-09-17T00:49:00Z,true
anglian:AWS01359:1788018596000,anglian:AWS01359,anglian,2026-08-29T15:49:56Z,2026-08-29T20:22:15Z,272,hub,2026-09-17T00:49:00Z,2026-09-17T00:49:00Z,true
anglian:AWS01367:1787821947000,anglian:AWS01367,anglian,2026-08-27T09:12:27Z,2026-08-27T17:31:29Z,499,hub,2026-09-17T00:49:00Z,2026-09-17T00:49:00Z,true
anglian:AWS01369:1787355626000,anglian:AWS01369,anglian,2026-08-21T23:40:26Z,2026-08-22T03:01:27Z,201,hub,2026-09-17T00:49:00Z,2026-09-17T00:49:00Z,true
anglian:AWS01377:1787820785000,anglian:AWS01377,anglian,2026-08-27T08:53:05Z,2026-08-27T13:36:58Z,284,hub,2026-09-17T00:49:00Z,2026-09-17T00:49:00Z,true
anglian:AWS01378:1787046007000,anglian:AWS01378,anglian,2026-08-18T09:40:07Z,2026-08-18T09:44:41Z,5,hub,2026-09-17T00:49:00Z,2026-09-17T00:49:00Z,true
anglian:AWS01379:1787298562000,anglian:AWS01379,anglian,2026-08-21T07:49:22Z,2026-08-21T07:49:35Z,0,hub,2026-09-17T00:49:00Z,2026-09-17T00:49:00Z,true
anglian:AWS01385:1788141132000,anglian:AWS01385,anglian,2026-08-31T01:52:12Z,,,hub,2026-09-17T00:49:00Z,2026-09-17T00:49:00Z,
anglian:AWS01386:1788013075000,anglian:AWS01386,anglian,2026-08-29T14:17:55Z,2026-08-29T14:42:48Z,25,hub,2026-09-17T00:49:00Z,2026-09-17T00:49:00Z,true
anglian:AWS01387:1787820296000,anglian:AWS01387,anglian,2026-08-27T08:44:56Z,2026-08-27T11:01:06Z,136,hub,2026-09-17T00:49:00Z,2026-09-17T00:49:00Z,true
anglian:AWS01407:1786959249000,anglian:AWS01407,anglian,2026-08-17T09:34:09Z,2026-08-17T09:34:11Z,0,hub,2026-09-17T00:49:00Z,2026-09-17T00:49:00Z,true
anglian:AWS01411:1787462278000,anglian:AWS01411,anglian,2026-08-23T05:17:58Z,2026-08-23T05:19:37Z,2,hub,2026-09-17T00:49:00Z,2026-09-17T00:49:00Z,true
anglian:AWS01414:1788127992000,anglian:AWS01414,anglian,2026-08-30T22:13:12Z,2026-08-31T07:10:04Z,537,hub,2026-09-17T00:49:00Z,2026-09-17T00:49:00Z,true
anglian:AWS01417:1787738677000,anglian:AWS01417,anglian,2026-08-26T10:04:37Z,2026-08-26T10:04:49Z,0,hub,2026-09-17T00:49:00Z,2026-09-17T00:49:00Z,true
anglian:AWS01418:1788017350000,anglian:AWS01418,anglian,2026-08-29T15:29:10Z,2026-08-29T15:39:39Z,10,hub,2026-09-17T00:49:00Z,2026-09-17T00:49:00Z,true
anglian:AWS01430:1787825550000,anglian:AWS01430,anglian,2026-08-27T10:12:30Z,2026-08-27T12:14:03Z,122,hub,2026-09-17T00:49:00Z,2026-09-17T00:49:00Z,true
anglian:AWS01432:1786008235000,anglian:AWS01432,anglian,2026-08-06T09:23:55Z,2026-08-06T09:46:08Z,22,hub,2026-09-17T00:49:00Z,2026-09-17T00:49:00Z,true
anglian:AWS01435:1787821420000,anglian:AWS01435,anglian,2026-08-27T09:03:40Z,2026-08-27T10:57:33Z,114,hub,2026-09-17T00:49:00Z,2026-09-17T00:49:00Z,true
anglian:AWS01436:1786623597000,anglian:AWS01436,anglian,2026-08-13T12:19:57Z,2026-08-13T12:21:04Z,1,hub,2026-09-17T00:49:00Z,2026-09-17T00:49:00Z,true
anglian:AWS01438:1787288722000,anglian:AWS01438,anglian,2026-08-21T05:05:22Z,2026-08-21T05:05:24Z,0,hub,2026-09-17T00:49:00Z,2026-09-17T00:49:00Z,true
anglian:AWS01441:1787814307000,anglian:AWS01441,anglian,2026-08-27T07:05:07Z,2026-08-27T13:00:56Z,356,hub,2026-09-17T00:49:00Z,2026-09-17T00:49:00Z,true
anglian:AWS01447:1788024457000,anglian:AWS01447,anglian,2026-08-29T17:27:37Z,2026-08-29T18:24:57Z,57,hub,2026-09-17T00:49:00Z,2026-09-17T00:49:00Z,true
anglian:AWS01456:1787810401000,anglian:AWS01456,anglian,2026-08-27T06:00:01Z,2026-08-27T06:15:01Z,15,hub,2026-09-17T00:49:00Z,2026-09-17T00:49:00Z,true
anglian:AWS01457:1787824951000,anglian:AWS01457,anglian,2026-08-27T10:02:31Z,2026-08-27T14:02:26Z,240,hub,2026-09-17T00:49:00Z,2026-09-17T00:49:00Z,true
anglian:AWS01458:1786881605000,anglian:AWS01458,anglian,2026-08-16T12:00:05Z,2026-08-16T12:14:56Z,15,hub,2026-09-17T00:49:00Z,2026-09-17T00:49:00Z,true
anglian:AWS01459:1786069465000,anglian:AWS01459,anglian,2026-08-07T02:24:25Z,2026-08-07T02:28:50Z,4,hub,2026-09-17T00:49:00Z,2026-09-17T00:49:00Z,true
anglian:AWS01463:1787839908000,anglian:AWS01463,anglian,2026-08-27T14:11:48Z,2026-08-27T14:13:38Z,2,hub,2026-09-17T00:49:00Z,2026-09-17T00:49:00Z,true
anglian:AWS01464:1786685216000,anglian:AWS01464,anglian,2026-08-14T05:26:56Z,2026-08-14T05:27:07Z,0,hub,2026-09-17T00:49:00Z,2026-09-17T00:49:00Z,true
anglian:AWS01465:1787832447000,anglian:AWS01465,anglian,2026-08-27T12:07:27Z,2026-08-27T12:31:06Z,24,hub,2026-09-17T00:49:00Z,2026-09-17T00:49:00Z,true
anglian:AWS01472:1788136919000,anglian:AWS01472,anglian,2026-08-31T00:41:59Z,2026-08-31T02:42:10Z,120,hub,2026-09-17T00:49:00Z,2026-09-17T00:49:00Z,true
anglian:AWS01475:1787127636000,anglian:AWS01475,anglian,2026-08-19T08:20:36Z,2026-08-19T08:22:20Z,2,hub,2026-09-17T00:49:00Z,2026-09-17T00:49:00Z,true
anglian:AWS01476:1787827440000,anglian:AWS01476,anglian,2026-08-27T10:44:00Z,2026-08-27T14:26:37Z,223,hub,2026-09-17T00:49:00Z,2026-09-17T00:49:00Z,true
anglian:AWS01480:1787825736000,anglian:AWS01480,anglian,2026-08-27T10:15:36Z,2026-08-27T16:33:01Z,377,hub,2026-09-17T00:49:00Z,2026-09-17T00:49:00Z,true
anglian:AWS01486:1788021721000,anglian:AWS01486,anglian,2026-08-29T16:42:01Z,2026-08-29T17:20:16Z,38,hub,2026-09-17T00:49:00Z,2026-09-17T00:49:00Z,true
anglian:AWS01489:1787148694000,anglian:AWS01489,anglian,2026-08-19T14:11:34Z,2026-08-19T14:47:43Z,36,hub,2026-09-17T00:49:00Z,2026-09-17T00:49:00Z,true
anglian:AWS01491:1788015098000,anglian:AWS01491,anglian,2026-08-29T14:51:38Z,2026-08-29T16:52:59Z,121,hub,2026-09-17T00:49:00Z,2026-09-17T00:49:00Z,true
anglian:AWS01492:1787832547000,anglian:AWS01492,anglian,2026-08-27T12:09:07Z,2026-08-28T01:12:43Z,784,hub,2026-09-17T00:49:00Z,2026-09-17T00:49:00Z,true
anglian:AWS01493:1788136837000,anglian:AWS01493,anglian,2026-08-31T00:40:37Z,2026-08-31T01:01:34Z,21,hub,2026-09-17T00:49:00Z,2026-09-17T00:49:00Z,true
anglian:AWS01494:1787821410000,anglian:AWS01494,anglian,2026-08-27T09:03:30Z,2026-08-27T10:29:52Z,86,hub,2026-09-17T00:49:00Z,2026-09-17T00:49:00Z,true
anglian:AWS01497:1787168353000,anglian:AWS01497,anglian,2026-08-19T19:39:13Z,2026-08-19T20:19:42Z,40,hub,2026-09-17T00:49:00Z,2026-09-17T00:49:00Z,true
anglian:AWS01505:1788131404000,anglian:AWS01505,anglian,2026-08-30T23:10:04Z,2026-08-30T23:39:36Z,30,hub,2026-09-17T00:49:00Z,2026-09-17T00:49:00Z,true
anglian:AWS01507:1787820091000,anglian:AWS01507,anglian,2026-08-27T08:41:31Z,2026-08-27T11:05:51Z,144,hub,2026-09-17T00:49:00Z,2026-09-17T00:49:00Z,true
anglian:AWS01508:1787827601000,anglian:AWS01508,anglian,2026-08-27T10:46:41Z,2026-08-27T10:51:23Z,5,hub,2026-09-17T00:49:00Z,2026-09-17T00:49:00Z,true
anglian:AWS01511:1788037496000,anglian:AWS01511,anglian,2026-08-29T21:04:56Z,2026-08-29T21:04:57Z,0,hub,2026-09-17T00:49:00Z,2026-09-17T00:49:00Z,true
anglian:AWS01513:1788136745000,anglian:AWS01513,anglian,2026-08-31T00:39:05Z,2026-08-31T01:39:39Z,61,hub,2026-09-17T00:49:00Z,2026-09-17T00:49:00Z,true
anglian:AWS01515:1788138014000,anglian:AWS01515,anglian,2026-08-31T01:00:14Z,2026-08-31T01:37:14Z,37,hub,2026-09-17T00:49:00Z,2026-09-17T00:49:00Z,true
anglian:AWS01518:1788063011000,anglian:AWS01518,anglian,2026-08-30T04:10:11Z,2026-08-30T04:14:45Z,5,hub,2026-09-17T00:49:00Z,2026-09-17T00:49:00Z,true
anglian:AWS01520:1788021901000,anglian:AWS01520,anglian,2026-08-29T16:45:01Z,2026-08-29T17:00:01Z,15,hub,2026-09-17T00:49:00Z,2026-09-17T00:49:00Z,true
anglian:AWS01521:1787833985000,anglian:AWS01521,anglian,2026-08-27T12:33:05Z,2026-08-27T16:44:03Z,251,hub,2026-09-17T00:49:00Z,2026-09-17T00:49:00Z,true
anglian:AWS01522:1787226825000,anglian:AWS01522,anglian,2026-08-20T11:53:45Z,2026-08-20T11:53:59Z,0,hub,2026-09-17T00:49:00Z,2026-09-17T00:49:00Z,true
anglian:AWS01535:1787168572000,anglian:AWS01535,anglian,2026-08-19T19:42:52Z,2026-08-19T20:39:00Z,56,hub,2026-09-17T00:49:00Z,2026-09-17T00:49:00Z,true
anglian:AWS01536:1787169628000,anglian:AWS01536,anglian,2026-08-19T20:00:28Z,2026-08-19T20:15:27Z,15,hub,2026-09-17T00:49:00Z,2026-09-17T00:49:00Z,true
anglian:AWS01537:1787169072000,anglian:AWS01537,anglian,2026-08-19T19:51:12Z,2026-08-19T20:18:19Z,27,hub,2026-09-17T00:49:00Z,2026-09-17T00:49:00Z,true
anglian:AWS01541:1787844404000,anglian:AWS01541,anglian,2026-08-27T15:26:44Z,2026-08-27T15:27:20Z,1,hub,2026-09-17T00:49:00Z,2026-09-17T00:49:00Z,true
anglian:AWS01548:1787861573000,anglian:AWS01548,anglian,2026-08-27T20:12:53Z,2026-08-27T20:13:26Z,1,hub,2026-09-17T00:49:00Z,2026-09-17T00:49:00Z,true
anglian:AWS01551:1788029472000,anglian:AWS01551,anglian,2026-08-29T18:51:12Z,2026-08-29T19:54:06Z,63,hub,2026-09-17T00:49:00Z,2026-09-17T00:49:00Z,true
anglian:AWS01552:1787170036000,anglian:AWS01552,anglian,2026-08-19T20:07:16Z,2026-08-19T20:21:11Z,14,hub,2026-09-17T00:49:00Z,2026-09-17T00:49:00Z,true
anglian:AWS01554:1787823672000,anglian:AWS01554,anglian,2026-08-27T09:41:12Z,2026-08-27T13:45:56Z,245,hub,2026-09-17T00:49:00Z,2026-09-17T00:49:00Z,true
anglian:AWS01559:1788015286000,anglian:AWS01559,anglian,2026-08-29T14:54:46Z,2026-08-29T15:42:48Z,48,hub,2026-09-17T00:49:00Z,2026-09-17T00:49:00Z,true
anglian:AWS01561:1787840886000,anglian:AWS01561,anglian,2026-08-27T14:28:06Z,2026-08-27T14:33:04Z,5,hub,2026-09-17T00:49:00Z,2026-09-17T00:49:00Z,true
anglian:AWS01565:1787833771000,anglian:AWS01565,anglian,2026-08-27T12:29:31Z,2026-08-27T12:33:14Z,4,hub,2026-09-17T00:49:00Z,2026-09-17T00:49:00Z,true
anglian:AWS01572:1787818560000,anglian:AWS01572,anglian,2026-08-27T08:16:00Z,2026-08-27T08:25:42Z,10,hub,2026-09-17T00:49:00Z,2026-09-17T00:49:00Z,true
anglian:AWS01574:1786451268000,anglian:AWS01574,anglian,2026-08-11T12:27:48Z,2026-08-11T12:28:56Z,1,hub,2026-09-17T00:49:00Z,2026-09-17T00:49:00Z,true
anglian:AWS01576:1787821415000,anglian:AWS01576,anglian,2026-08-27T09:03:35Z,2026-08-27T09:23:07Z,20,hub,2026-09-17T00:49:00Z,2026-09-17T00:49:00Z,true
northumbrian:NWL00004:1788120839000,northumbrian:NWL00004,northumbrian,2026-08-30T20:13:59Z,2026-08-30T20:50:00Z,36,hub,2026-09-17T00:49:00Z,2026-09-17T00:49:00Z,true
northumbrian:NWL00006:1788108599000,northumbrian:NWL00006,northumbrian,2026-08-30T16:49:59Z,2026-08-30T16:59:59Z,10,hub,2026-09-17T00:49:00Z,2026-09-17T00:49:00Z,true
northumbrian:NWL00007:1788080639000,northumbrian:NWL00007,northumbrian,2026-08-30T09:03:59Z,2026-08-30T10:09:59Z,66,hub,2026-09-17T00:49:00Z,2026-09-17T00:49:00Z,true
northumbrian:NWL00010:1788106079000,northumbrian:NWL00010,northumbrian,2026-08-30T16:07:59Z,2026-08-30T17:01:59Z,54,hub,2026-09-17T00:49:00Z,2026-09-17T00:49:00Z,true
northumbrian:NWL00011:1788107279000,northumbrian:NWL00011,northumbrian,2026-08-30T16:27:59Z,2026-08-30T17:15:59Z,48,hub,2026-09-17T00:49:00Z,2026-09-17T00:49:00Z,true
northumbrian:NWL00015:1788029279000,northumbrian:NWL00015,northumbrian,2026-08-29T18:47:59Z,2026-08-29T19:15:59Z,28,hub,2026-09-17T00:49:00Z,2026-09-17T00:49:00Z,true
northumbrian:NWL00016:1788107159000,northumbrian:NWL00016,northumbrian,2026-08-30T16:25:59Z,2026-08-30T16:35:59Z,10,hub,2026-09-17T00:49:00Z,2026-09-17T00:49:00Z,true
northumbrian:NWL00017:1788105239000,northumbrian:NWL00017,northumbrian,2026-08-30T15:53:59Z,2026-08-30T16:11:59Z,18,hub,2026-09-17T00:49:00Z,2026-09-17T00:49:00Z,true
northumbrian:NWL00019:1788105719000,northumbrian:NWL00019,northumbrian,2026-08-30T16:01:59Z,2026-08-30T16:37:59Z,36,hub,2026-09-17T00:49:00Z,2026-09-17T00:49:00Z,true
northumbrian:NWL00021(1):1788130835000,northumbrian:NWL00021(1),northumbrian,2026-08-30T23:00:35Z,2026-08-30T23:03:05Z,3,hub,2026-09-17T00:49:00Z,2026-09-17T00:49:00Z,true
northumbrian:NWL00021(2):1787143912000,northumbrian:NWL00021(2),northumbrian,2026-08-19T12:51:52Z,2026-08-19T12:54:00Z,2,hub,2026-09-17T00:49:00Z,2026-09-17T00:49:00Z,true
northumbrian:NWL00032:1787218080000,northumbrian:NWL00032,northumbrian,2026-08-20T09:28:00Z,2026-08-20T10:20:00Z,52,hub,2026-09-17T00:49:00Z,2026-09-17T00:49:00Z,true
northumbrian:NWL00033:1788107159000,northumbrian:NWL00033,northumbrian,2026-08-30T16:25:59Z,2026-08-30T17:09:59Z,44,hub,2026-09-17T00:49:00Z,2026-09-17T00:49:00Z,true
northumbrian:NWL00048:1788108833000,northumbrian:NWL00048,northumbrian,2026-08-30T16:53:53Z,2026-08-30T21:56:20Z,302,hub,2026-09-17T00:49:00Z,2026-09-17T00:49:00Z,true
northumbrian:NWL00052:1788104279000,northumbrian:NWL00052,northumbrian,2026-08-30T15:37:59Z,2026-08-30T15:45:59Z,8,hub,2026-09-17T00:49:00Z,2026-09-17T00:49:00Z,true
northumbrian:NWL00053:1787198399000,northumbrian:NWL00053,northumbrian,2026-08-20T03:59:59Z,2026-08-20T04:09:59Z,10,hub,2026-09-17T00:49:00Z,2026-09-17T00:49:00Z,true
northumbrian:NWL00058:1788106559000,northumbrian:NWL00058,northumbrian,2026-08-30T16:15:59Z,2026-08-30T16:37:59Z,22,hub,2026-09-17T00:49:00Z,2026-09-17T00:49:00Z,true
northumbrian:NWL00063:1787168759000,northumbrian:NWL00063,northumbrian,2026-08-19T19:45:59Z,2026-08-19T19:57:59Z,12,hub,2026-09-17T00:49:00Z,2026-09-17T00:49:00Z,true
northumbrian:NWL00066:1788106799000,northumbrian:NWL00066,northumbrian,2026-08-30T16:19:59Z,2026-08-30T16:29:59Z,10,hub,2026-09-17T00:49:00Z,2026-09-17T00:49:00Z,true
northumbrian:NWL00069:1788107279000,northumbrian:NWL00069,northumbrian,2026-08-30T16:27:59Z,2026-08-30T17:15:59Z,48,hub,2026-09-17T00:49:00Z,2026-09-17T00:49:00Z,true
northumbrian:NWL00075:1788106079000,northumbrian:NWL00075,northumbrian,2026-08-30T16:07:59Z,2026-08-30T16:11:59Z,4,hub,2026-09-17T00:49:00Z,2026-09-17T00:49:00Z,true
northumbrian:NWL00079:1788106199000,northumbrian:NWL00079,northumbrian,2026-08-30T16:09:59Z,2026-08-30T16:31:59Z,22,hub,2026-09-17T00:49:00Z,2026-09-17T00:49:00Z,true
northumbrian:NWL00084:1788106799000,northumbrian:NWL00084,northumbrian,2026-08-30T16:19:59Z,2026-08-30T17:03:59Z,44,hub,2026-09-17T00:49:00Z,2026-09-17T00:49:00Z,true
northumbrian:NWL00085:1788129839000,northumbrian:NWL00085,northumbrian,2026-08-30T22:43:59Z,2026-08-30T22:45:59Z,2,hub,2026-09-17T00:49:00Z,2026-09-17T00:49:00Z,true
northumbrian:NWL00091:1786739400000,northumbrian:NWL00091,northumbrian,2026-08-14T20:30:00Z,2026-08-14T20:36:00Z,6,hub,2026-09-17T00:49:00Z,2026-09-17T00:49:00Z,true
northumbrian:NWL00092:1787855039000,northumbrian:NWL00092,northumbrian,2026-08-27T18:23:59Z,2026-08-27T18:25:59Z,2,hub,2026-09-17T00:49:00Z,2026-09-17T00:49:00Z,true
northumbrian:NWL00093:1788106559000,northumbrian:NWL00093,northumbrian,2026-08-30T16:15:59Z,2026-08-30T16:19:59Z,4,hub,2026-09-17T00:49:00Z,2026-09-17T00:49:00Z,true
northumbrian:NWL00099:1788111479000,northumbrian:NWL00099,northumbrian,2026-08-30T17:37:59Z,2026-08-30T17:51:59Z,14,hub,2026-09-17T00:49:00Z,2026-09-17T00:49:00Z,true
northumbrian:NWL00102:1788034919000,northumbrian:NWL00102,northumbrian,2026-08-29T20:21:59Z,2026-08-29T20:27:59Z,6,hub,2026-09-17T00:49:00Z,2026-09-17T00:49:00Z,true
northumbrian:NWL00106:1788107159000,northumbrian:NWL00106,northumbrian,2026-08-30T16:25:59Z,2026-08-30T16:29:59Z,4,hub,2026-09-17T00:49:00Z,2026-09-17T00:49:00Z,true
northumbrian:NWL00107:1788106800000,northumbrian:NWL00107,northumbrian,2026-08-30T16:20:00Z,2026-08-30T16:40:00Z,20,hub,2026-09-17T00:49:00Z,2026-09-17T00:49:00Z,true
northumbrian:NWL00111:1786956419000,northumbrian:NWL00111,northumbrian,2026-08-17T08:46:59Z,2026-08-17T08:47:19Z,0,hub,2026-09-17T00:49:00Z,2026-09-17T00:49:00Z,true
northumbrian:NWL00114:1787003191000,northumbrian:NWL00114,northumbrian,2026-08-17T21:46:31Z,2026-08-17T22:06:05Z,20,hub,2026-09-17T00:49:00Z,2026-09-17T00:49:00Z,true
northumbrian:NWL00115:1787889359000,northumbrian:NWL00115,northumbrian,2026-08-28T03:55:59Z,2026-08-28T04:25:59Z,30,hub,2026-09-17T00:49:00Z,2026-09-17T00:49:00Z,true
northumbrian:NWL00121:1788108239000,northumbrian:NWL00121,northumbrian,2026-08-30T16:43:59Z,2026-08-30T16:59:59Z,16,hub,2026-09-17T00:49:00Z,2026-09-17T00:49:00Z,true
northumbrian:NWL00125:1787937397000,northumbrian:NWL00125,northumbrian,2026-08-28T17:16:37Z,2026-08-28T17:20:37Z,4,hub,2026-09-17T00:49:00Z,2026-09-17T00:49:00Z,true
northumbrian:NWL00129:1788123119000,northumbrian:NWL00129,northumbrian,2026-08-30T20:51:59Z,2026-08-30T21:15:59Z,24,hub,2026-09-17T00:49:00Z,2026-09-17T00:49:00Z,true
northumbrian:NWL00131:1787220719000,northumbrian:NWL00131,northumbrian,2026-08-20T10:11:59Z,2026-08-20T11:55:59Z,104,hub,2026-09-17T00:49:00Z,2026-09-17T00:49:00Z,true
northumbrian:NWL00133:1788113095000,northumbrian:NWL00133,northumbrian,2026-08-30T18:04:55Z,2026-08-30T18:05:22Z,0,hub,2026-09-17T00:49:00Z,2026-09-17T00:49:00Z,true
northumbrian:NWL00136:1788121439000,northumbrian:NWL00136,northumbrian,2026-08-30T20:23:59Z,2026-08-30T21:31:59Z,68,hub,2026-09-17T00:49:00Z,2026-09-17T00:49:00Z,true
northumbrian:NWL00137:1788121679000,northumbrian:NWL00137,northumbrian,2026-08-30T20:27:59Z,2026-08-30T21:49:59Z,82,hub,2026-09-17T00:49:00Z,2026-09-17T00:49:00Z,true
northumbrian:NWL00138:1787142959000,northumbrian:NWL00138,northumbrian,2026-08-19T12:35:59Z,2026-08-19T12:39:59Z,4,hub,2026-09-17T00:49:00Z,2026-09-17T00:49:00Z,true
northumbrian:NWL00139:1788123065000,northumbrian:NWL00139,northumbrian,2026-08-30T20:51:05Z,2026-08-30T21:03:30Z,12,hub,2026-09-17T00:49:00Z,2026-09-17T00:49:00Z,true
northumbrian:NWL00140:1788121319000,northumbrian:NWL00140,northumbrian,2026-08-30T20:21:59Z,2026-08-30T21:41:59Z,80,hub,2026-09-17T00:49:00Z,2026-09-17T00:49:00Z,true
northumbrian:NWL00141:1788122519000,northumbrian:NWL00141,northumbrian,2026-08-30T20:41:59Z,2026-08-30T21:25:59Z,44,hub,2026-09-17T00:49:00Z,2026-09-17T00:49:00Z,true
northumbrian:NWL00148:1787206319000,northumbrian:NWL00148,northumbrian,2026-08-20T06:11:59Z,2026-08-20T06:21:59Z,10,hub,2026-09-17T00:49:00Z,2026-09-17T00:49:00Z,true
northumbrian:NWL00150:1788122279000,northumbrian:NWL00150,northumbrian,2026-08-30T20:37:59Z,2026-08-30T21:11:59Z,34,hub,2026-09-17T00:49:00Z,2026-09-17T00:49:00Z,true
northumbrian:NWL00157:1786999559000,northumbrian:NWL00157,northumbrian,2026-08-17T20:45:59Z,2026-08-17T21:51:59Z,66,hub,2026-09-17T00:49:00Z,2026-09-17T00:49:00Z,true
northumbrian:NWL00159:1785853799000,northumbrian:NWL00159,northumbrian,2026-08-04T14:29:59Z,2026-08-04T14:31:59Z,2,hub,2026-09-17T00:49:00Z,2026-09-17T00:49:00Z,true
northumbrian:NWL00162:1787252399000,northumbrian:NWL00162,northumbrian,2026-08-20T18:59:59Z,2026-08-20T19:03:59Z,4,hub,2026-09-17T00:49:00Z,2026-09-17T00:49:00Z,true
northumbrian:NWL00166(1):1788030484000,northumbrian:NWL00166(1),northumbrian,2026-08-29T19:08:04Z,2026-08-29T19:08:45Z,1,hub,2026-09-17T00:49:00Z,2026-09-17T00:49:00Z,true
northumbrian:NWL00166(2):1788030210000,northumbrian:NWL00166(2),northumbrian,2026-08-29T19:03:30Z,2026-08-29T19:04:19Z,1,hub,2026-09-17T00:49:00Z,2026-09-17T00:49:00Z,true
northumbrian:NWL00167:1788124799000,northumbrian:NWL00167,northumbrian,2026-08-30T21:19:59Z,2026-08-30T23:13:59Z,114,hub,2026-09-17T00:49:00Z,2026-09-17T00:49:00Z,true
northumbrian:NWL00169:1788110159000,northumbrian:NWL00169,northumbrian,2026-08-30T17:15:59Z,2026-08-30T17:21:59Z,6,hub,2026-09-17T00:49:00Z,2026-09-17T00:49:00Z,true
northumbrian:NWL00171:1788123599000,northumbrian:NWL00171,northumbrian,2026-08-30T20:59:59Z,2026-08-30T21:19:59Z,20,hub,2026-09-17T00:49:00Z,2026-09-17T00:49:00Z,true
northumbrian:NWL00175:1788107639000,northumbrian:NWL00175,northumbrian,2026-08-30T16:33:59Z,2026-08-30T16:47:59Z,14,hub,2026-09-17T00:49:00Z,2026-09-17T00:49:00Z,true
northumbrian:NWL00179:1787218556000,northumbrian:NWL00179,northumbrian,2026-08-20T09:35:56Z,2026-08-20T10:40:37Z,65,hub,2026-09-17T00:49:00Z,2026-09-17T00:49:00Z,true
northumbrian:NWL00181:1787220239000,northumbrian:NWL00181,northumbrian,2026-08-20T10:03:59Z,2026-08-20T10:33:59Z,30,hub,2026-09-17T00:49:00Z,2026-09-17T00:49:00Z,true
northumbrian:NWL00182:1787576995000,northumbrian:NWL00182,northumbrian,2026-08-24T13:09:55Z,2026-08-24T13:14:52Z,5,hub,2026-09-17T00:49:00Z,2026-09-17T00:49:00Z,true
northumbrian:NWL00184:1788128637000,northumbrian:NWL00184,northumbrian,2026-08-30T22:23:57Z,2026-08-30T22:38:17Z,14,hub,2026-09-17T00:49:00Z,2026-09-17T00:49:00Z,true
northumbrian:NWL00185:1788106559000,northumbrian:NWL00185,northumbrian,2026-08-30T16:15:59Z,2026-08-30T16:37:59Z,22,hub,2026-09-17T00:49:00Z,2026-09-17T00:49:00Z,true
northumbrian:NWL00186:1788125677000,northumbrian:NWL00186,northumbrian,2026-08-30T21:34:37Z,2026-08-30T21:46:37Z,12,hub,2026-09-17T00:49:00Z,2026-09-17T00:49:00Z,true
northumbrian:NWL00191:1788109559000,northumbrian:NWL00191,northumbrian,2026-08-30T17:05:59Z,2026-08-30T17:30:00Z,24,hub,2026-09-17T00:49:00Z,2026-09-17T00:49:00Z,true
northumbrian:NWL00197:1787219530000,northumbrian:NWL00197,northumbrian,2026-08-20T09:52:10Z,2026-08-20T11:54:10Z,122,hub,2026-09-17T00:49:00Z,2026-09-17T00:49:00Z,true
northumbrian:NWL00199:1788125879000,northumbrian:NWL00199,northumbrian,2026-08-30T21:37:59Z,2026-08-30T21:39:59Z,2,hub,2026-09-17T00:49:00Z,2026-09-17T00:49:00Z,true
northumbrian:NWL00206:1787654548000,northumbrian:NWL00206,northumbrian,2026-08-25T10:42:28Z,2026-08-25T10:42:52Z,0,hub,2026-09-17T00:49:00Z,2026-09-17T00:49:00Z,true
northumbrian:NWL00208:1788106559000,northumbrian:NWL00208,northumbrian,2026-08-30T16:15:59Z,2026-08-30T17:13:59Z,58,hub,2026-09-17T00:49:00Z,2026-09-17T00:49:00Z,true
northumbrian:NWL00212:1787216945000,northumbrian:NWL00212,northumbrian,2026-08-20T09:09:05Z,2026-08-20T11:17:05Z,128,hub,2026-09-17T00:49:00Z,2026-09-17T00:49:00Z,true
northumbrian:NWL00213:1788123080000,northumbrian:NWL00213,northumbrian,2026-08-30T20:51:20Z,2026-08-30T22:25:20Z,94,hub,2026-09-17T00:49:00Z,2026-09-17T00:49:00Z,true
northumbrian:NWL00214:1788082080000,northumbrian:NWL00214,northumbrian,2026-08-30T09:28:00Z,2026-08-30T10:32:00Z,64,hub,2026-09-17T00:49:00Z,2026-09-17T00:49:00Z,true
northumbrian:NWL00216:1788107759000,northumbrian:NWL00216,northumbrian,2026-08-30T16:35:59Z,2026-08-30T18:21:59Z,106,hub,2026-09-17T00:49:00Z,2026-09-17T00:49:00Z,true
northumbrian:NWL00218:1788105839000,northumbrian:NWL00218,northumbrian,2026-08-30T16:03:59Z,2026-08-30T16:47:59Z,44,hub,2026-09-17T00:49:00Z,2026-09-17T00:49:00Z,true
northumbrian:NWL00219:1788106679000,northumbrian:NWL00219,northumbrian,2026-08-30T16:17:59Z,2026-08-30T16:19:59Z,2,hub,2026-09-17T00:49:00Z,2026-09-17T00:49:00Z,true
northumbrian:NWL00230:1785853100000,northumbrian:NWL00230,northumbrian,2026-08-04T14:18:20Z,2026-08-04T14:43:30Z,25,hub,2026-09-17T00:49:00Z,2026-09-17T00:49:00Z,true
northumbrian:NWL00231:1788121559000,northumbrian:NWL00231,northumbrian,2026-08-30T20:25:59Z,2026-08-30T22:33:59Z,128,hub,2026-09-17T00:49:00Z,2026-09-17T00:49:00Z,true
northumbrian:NWL00233:1788122639000,northumbrian:NWL00233,northumbrian,2026-08-30T20:43:59Z,2026-08-30T20:49:59Z,6,hub,2026-09-17T00:49:00Z,2026-09-17T00:49:00Z,true
northumbrian:NWL00236:1788107580000,northumbrian:NWL00236,northumbrian,2026-08-30T16:33:00Z,2026-08-30T16:42:00Z,9,hub,2026-09-17T00:49:00Z,2026-09-17T00:49:00Z,true
northumbrian:NWL00237:1788107336000,northumbrian:NWL00237,northumbrian,2026-08-30T16:28:56Z,2026-08-30T16:41:58Z,13,hub,2026-09-17T00:49:00Z,2026-09-17T00:49:00Z,true
northumbrian:NWL00240:1788119999000,northumbrian:NWL00240,northumbrian,2026-08-30T19:59:59Z,2026-08-30T20:01:59Z,2,hub,2026-09-17T00:49:00Z,2026-09-17T00:49:00Z,true
northumbrian:NWL00242:1788107759000,northumbrian:NWL00242,northumbrian,2026-08-30T16:35:59Z,2026-08-30T16:57:59Z,22,hub,2026-09-17T00:49:00Z,2026-09-17T00:49:00Z,true
northumbrian:NWL00243:1788080759000,northumbrian:NWL00243,northumbrian,2026-08-30T09:05:59Z,2026-08-30T10:07:59Z,62,hub,2026-09-17T00:49:00Z,2026-09-17T00:49:00Z,true
northumbrian:NWL00246:1787016241000,northumbrian:NWL00246,northumbrian,2026-08-18T01:24:01Z,2026-08-18T01:25:00Z,1,hub,2026-09-17T00:49:00Z,2026-09-17T00:49:00Z,true
northumbrian:NWL00255:1788105599000,northumbrian:NWL00255,northumbrian,2026-08-30T15:59:59Z,2026-08-30T16:05:59Z,6,hub,2026-09-17T00:49:00Z,2026-09-17T00:49:00Z,true
northumbrian:NWL00256:1787143439000,northumbrian:NWL00256,northumbrian,2026-08-19T12:43:59Z,2026-08-19T13:07:59Z,24,hub,2026-09-17T00:49:00Z,2026-09-17T00:49:00Z,true
northumbrian:NWL00258:1788106319000,northumbrian:NWL00258,northumbrian,2026-08-30T16:11:59Z,2026-08-30T16:33:59Z,22,hub,2026-09-17T00:49:00Z,2026-09-17T00:49:00Z,true
northumbrian:NWL00264:1788126119000,northumbrian:NWL00264,northumbrian,2026-08-30T21:41:59Z,2026-08-30T22:29:59Z,48,hub,2026-09-17T00:49:00Z,2026-09-17T00:49:00Z,true
northumbrian:NWL00270:1787239679000,northumbrian:NWL00270,northumbrian,2026-08-20T15:27:59Z,2026-08-20T15:29:59Z,2,hub,2026-09-17T00:49:00Z,2026-09-17T00:49:00Z,true
northumbrian:NWL00272:1787182559000,northumbrian:NWL00272,northumbrian,2026-08-19T23:35:59Z,2026-08-20T00:19:59Z,44,hub,2026-09-17T00:49:00Z,2026-09-17T00:49:00Z,true
northumbrian:NWL00276:1787545621000,northumbrian:NWL00276,northumbrian,2026-08-24T04:27:01Z,2026-08-24T04:32:10Z,5,hub,2026-09-17T00:49:00Z,2026-09-17T00:49:00Z,true
northumbrian:NWL00279:1787213601000,northumbrian:NWL00279,northumbrian,2026-08-20T08:13:21Z,2026-08-20T09:00:37Z,47,hub,2026-09-17T00:49:00Z,2026-09-17T00:49:00Z,true
northumbrian:NWL00286:1788104639000,northumbrian:NWL00286,northumbrian,2026-08-30T15:43:59Z,2026-08-30T16:05:59Z,22,hub,2026-09-17T00:49:00Z,2026-09-17T00:49:00Z,true
northumbrian:NWL00287:1788105479000,northumbrian:NWL00287,northumbrian,2026-08-30T15:57:59Z,2026-08-30T16:21:59Z,24,hub,2026-09-17T00:49:00Z,2026-09-17T00:49:00Z,true
northumbrian:NWL00290:1788107279000,northumbrian:NWL00290,northumbrian,2026-08-30T16:27:59Z,2026-08-30T16:29:59Z,2,hub,2026-09-17T00:49:00Z,2026-09-17T00:49:00Z,true
northumbrian:NWL00291:1788125039000,northumbrian:NWL00291,northumbrian,2026-08-30T21:23:59Z,2026-08-30T21:39:59Z,16,hub,2026-09-17T00:49:00Z,2026-09-17T00:49:00Z,true
northumbrian:NWL00296:1787251799000,northumbrian:NWL00296,northumbrian,2026-08-20T18:49:59Z,2026-08-20T18:57:59Z,8,hub,2026-09-17T00:49:00Z,2026-09-17T00:49:00Z,true
northumbrian:NWL00297:1787579686000,northumbrian:NWL00297,northumbrian,2026-08-24T13:54:46Z,2026-08-24T13:55:48Z,1,hub,2026-09-17T00:49:00Z,2026-09-17T00:49:00Z,true
northumbrian:NWL00298:1788122399000,northumbrian:NWL00298,northumbrian,2026-08-30T20:39:59Z,2026-08-30T21:49:59Z,70,hub,2026-09-17T00:49:00Z,2026-09-17T00:49:00Z,true
northumbrian:NWL00302:1788106679000,northumbrian:NWL00302,northumbrian,2026-08-30T16:17:59Z,2026-08-30T17:41:59Z,84,hub,2026-09-17T00:49:00Z,2026-09-17T00:49:00Z,true
northumbrian:NWL00306:1787204949000,northumbrian:NWL00306,northumbrian,2026-08-20T05:49:09Z,2026-08-20T11:38:37Z,349,hub,2026-09-17T00:49:00Z,2026-09-17T00:49:00Z,true
northumbrian:NWL00307:1787194439000,northumbrian:NWL00307,northumbrian,2026-08-20T02:53:59Z,2026-08-20T03:01:59Z,8,hub,2026-09-17T00:49:00Z,2026-09-17T00:49:00Z,true
northumbrian:NWL00308:1788109199000,northumbrian:NWL00308,northumbrian,2026-08-30T16:59:59Z,2026-08-30T17:13:59Z,14,hub,2026-09-17T00:49:00Z,2026-09-17T00:49:00Z,true
northumbrian:NWL00314:1787142839000,northumbrian:NWL00314,northumbrian,2026-08-19T12:33:59Z,2026-08-19T12:41:59Z,8,hub,2026-09-17T00:49:00Z,2026-09-17T00:49:00Z,true
northumbrian:NWL00317:1788107759000,northumbrian:NWL00317,northumbrian,2026-08-30T16:35:59Z,2026-08-30T16:37:59Z,2,hub,2026-09-17T00:49:00Z,2026-09-17T00:49:00Z,true
northumbrian:NWL00326:1786998959000,northumbrian:NWL00326,northumbrian,2026-08-17T20:35:59Z,2026-08-17T20:45:59Z,10,hub,2026-09-17T00:49:00Z,2026-09-17T00:49:00Z,true
northumbrian:NWL00327:1787204400000,northumbrian:NWL00327,northumbrian,2026-08-20T05:40:00Z,2026-08-20T07:48:00Z,128,hub,2026-09-17T00:49:00Z,2026-09-17T00:49:00Z,true
northumbrian:NWL00328:1788105359000,northumbrian:NWL00328,northumbrian,2026-08-30T15:55:59Z,2026-08-30T15:59:59Z,4,hub,2026-09-17T00:49:00Z,2026-09-17T00:49:00Z,true
northumbrian:NWL00329:1788124865000,northumbrian:NWL00329,northumbrian,2026-08-30T21:21:05Z,2026-08-30T23:13:05Z,112,hub,2026-09-17T00:49:00Z,2026-09-17T00:49:00Z,true
northumbrian:NWL00334:1787933639000,northumbrian:NWL00334,northumbrian,2026-08-28T16:13:59Z,2026-08-28T16:17:59Z,4,hub,2026-09-17T00:49:00Z,2026-09-17T00:49:00Z,true
northumbrian:NWL00336:1787222159000,northumbrian:NWL00336,northumbrian,2026-08-20T10:35:59Z,2026-08-20T11:11:59Z,36,hub,2026-09-17T00:49:00Z,2026-09-17T00:49:00Z,true
northumbrian:NWL00345:1787195159000,northumbrian:NWL00345,northumbrian,2026-08-20T03:05:59Z,2026-08-20T03:07:59Z,2,hub,2026-09-17T00:49:00Z,2026-09-17T00:49:00Z,true
northumbrian:NWL00347:1788106799000,northumbrian:NWL00347,northumbrian,2026-08-30T16:19:59Z,2026-08-30T16:23:59Z,4,hub,2026-09-17T00:49:00Z,2026-09-17T00:49:00Z,true
northumbrian:NWL00349:1788120720000,northumbrian:NWL00349,northumbrian,2026-08-30T20:12:00Z,2026-08-30T21:02:00Z,50,hub,2026-09-17T00:49:00Z,2026-09-17T00:49:00Z,true
northumbrian:NWL00352:1787203439000,northumbrian:NWL00352,northumbrian,2026-08-20T05:23:59Z,2026-08-20T05:53:59Z,30,hub,2026-09-17T00:49:00Z,2026-09-17T00:49:00Z,true
northumbrian:NWL00353:1788078239000,northumbrian:NWL00353,northumbrian,2026-08-30T08:23:59Z,2026-08-30T08:51:59Z,28,hub,2026-09-17T00:49:00Z,2026-09-17T00:49:00Z,true
northumbrian:NWL00358:1788104999000,northumbrian:NWL00358,northumbrian,2026-08-30T15:49:59Z,2026-08-30T15:55:59Z,6,hub,2026-09-17T00:49:00Z,2026-09-17T00:49:00Z,true
northumbrian:NWL00366:1788082919000,northumbrian:NWL00366,northumbrian,2026-08-30T09:41:59Z,2026-08-30T10:07:59Z,26,hub,2026-09-17T00:49:00Z,2026-09-17T00:49:00Z,true
northumbrian:NWL00368:1788120680000,northumbrian:NWL00368,northumbrian,2026-08-30T20:11:20Z,2026-08-30T21:01:10Z,50,hub,2026-09-17T00:49:00Z,2026-09-17T00:49:00Z,true
northumbrian:NWL00371:1788120959000,northumbrian:NWL00371,northumbrian,2026-08-30T20:15:59Z,2026-08-30T20:45:59Z,30,hub,2026-09-17T00:49:00Z,2026-09-17T00:49:00Z,true
northumbrian:NWL00374:1786997999000,northumbrian:NWL00374,northumbrian,2026-08-17T20:19:59Z,2026-08-17T20:21:59Z,2,hub,2026-09-17T00:49:00Z,2026-09-17T00:49:00Z,true
northumbrian:NWL00375:1788040320000,northumbrian:NWL00375,northumbrian,2026-08-29T21:52:00Z,2026-08-29T21:53:59Z,2,hub,2026-09-17T00:49:00Z,2026-09-17T00:49:00Z,true
northumbrian:NWL00378:1787203079000,northumbrian:NWL00378,northumbrian,2026-08-20T05:17:59Z,2026-08-20T06:30:00Z,72,hub,2026-09-17T00:49:00Z,2026-09-17T00:49:00Z,true
northumbrian:NWL00383:1787162999000,northumbrian:NWL00383,northumbrian,2026-08-19T18:09:59Z,2026-08-19T18:25:59Z,16,hub,2026-09-17T00:49:00Z,2026-09-17T00:49:00Z,true
northumbrian:NWL00398:1788124559000,northumbrian:NWL00398,northumbrian,2026-08-30T21:15:59Z,2026-08-30T21:55:59Z,40,hub,2026-09-17T00:49:00Z,2026-09-17T00:49:00Z,true
northumbrian:NWL00399:1787934090000,northumbrian:NWL00399,northumbrian,2026-08-28T16:21:30Z,2026-08-28T17:03:05Z,42,hub,2026-09-17T00:49:00Z,2026-09-17T00:49:00Z,true
northumbrian:NWL00400:1788107279000,northumbrian:NWL00400,northumbrian,2026-08-30T16:27:59Z,2026-08-30T16:43:59Z,16,hub,2026-09-17T00:49:00Z,2026-09-17T00:49:00Z,true
northumbrian:NWL00402:1787142479000,northumbrian:NWL00402,northumbrian,2026-08-19T12:27:59Z,2026-08-19T13:11:59Z,44,hub,2026-09-17T00:49:00Z,2026-09-17T00:49:00Z,true
northumbrian:NWL00406:1788121199000,northumbrian:NWL00406,northumbrian,2026-08-30T20:19:59Z,2026-08-30T20:21:59Z,2,hub,2026-09-17T00:49:00Z,2026-09-17T00:49:00Z,true
northumbrian:NWL00408:1788120479000,northumbrian:NWL00408,northumbrian,2026-08-30T20:07:59Z,2026-08-30T20:11:59Z,4,hub,2026-09-17T00:49:00Z,2026-09-17T00:49:00Z,true
northumbrian:NWL00410:1788108479000,northumbrian:NWL00410,northumbrian,2026-08-30T16:47:59Z,2026-08-30T17:31:59Z,44,hub,2026-09-17T00:49:00Z,2026-09-17T00:49:00Z,true
northumbrian:NWL00412:1787932439000,northumbrian:NWL00412,northumbrian,2026-08-28T15:53:59Z,2026-08-28T16:01:59Z,8,hub,2026-09-17T00:49:00Z,2026-09-17T00:49:00Z,true
northumbrian:NWL00415:1788127440000,northumbrian:NWL00415,northumbrian,2026-08-30T22:01:59Z,2026-08-30T22:35:59Z,34,hub,2026-09-17T00:49:00Z,2026-09-19T05:40:26Z,true
northumbrian:NWL00419:1788120599000,northumbrian:NWL00419,northumbrian,2026-08-30T20:09:59Z,2026-08-30T20:29:59Z,20,hub,2026-09-17T00:49:00Z,2026-09-17T00:49:00Z,true
northumbrian:NWL00420:1787142839000,northumbrian:NWL00420,northumbrian,2026-08-19T12:33:59Z,2026-08-19T12:57:59Z,24,hub,2026-09-17T00:49:00Z,2026-09-17T00:49:00Z,true
northumbrian:NWL00426:1788105119000,northumbrian:NWL00426,northumbrian,2026-08-30T15:51:59Z,2026-08-30T16:09:59Z,18,hub,2026-09-17T00:49:00Z,2026-09-17T00:49:00Z,true
northumbrian:NWL00427:1788122639000,northumbrian:NWL00427,northumbrian,2026-08-30T20:43:59Z,2026-08-30T20:49:59Z,6,hub,2026-09-17T00:49:00Z,2026-09-17T00:49:00Z,true
northumbrian:NWL00435:1787006533000,northumbrian:NWL00435,northumbrian,2026-08-17T22:42:13Z,2026-08-17T23:04:13Z,22,hub,2026-09-17T00:49:00Z,2026-09-17T00:49:00Z,true
northumbrian:NWL00437:1788107159000,northumbrian:NWL00437,northumbrian,2026-08-30T16:25:59Z,2026-08-30T16:55:59Z,30,hub,2026-09-17T00:49:00Z,2026-09-17T00:49:00Z,true
northumbrian:NWL00440:1788124319000,northumbrian:NWL00440,northumbrian,2026-08-30T21:11:59Z,2026-08-31T01:33:59Z,262,hub,2026-09-17T00:49:00Z,2026-09-17T00:49:00Z,true
northumbrian:NWL00441:1787248439000,northumbrian:NWL00441,northumbrian,2026-08-20T17:53:59Z,2026-08-20T17:55:59Z,2,hub,2026-09-17T00:49:00Z,2026-09-17T00:49:00Z,true
northumbrian:NWL00451:1788083759000,northumbrian:NWL00451,northumbrian,2026-08-30T09:55:59Z,2026-08-30T09:57:59Z,2,hub,2026-09-17T00:49:00Z,2026-09-17T00:49:00Z,true
northumbrian:NWL00452:1788126866000,northumbrian:NWL00452,northumbrian,2026-08-30T21:54:26Z,2026-08-30T22:32:31Z,38,hub,2026-09-17T00:49:00Z,2026-09-17T00:49:00Z,true
northumbrian:NWL00453:1788106079000,northumbrian:NWL00453,northumbrian,2026-08-30T16:07:59Z,2026-08-30T17:17:59Z,70,hub,2026-09-17T00:49:00Z,2026-09-17T00:49:00Z,true
northumbrian:NWL00454:1788122279000,northumbrian:NWL00454,northumbrian,2026-08-30T20:37:59Z,2026-08-30T21:11:59Z,34,hub,2026-09-17T00:49:00Z,2026-09-17T00:49:00Z,true
northumbrian:NWL00456:1787169119000,northumbrian:NWL00456,northumbrian,2026-08-19T19:51:59Z,2026-08-19T20:17:59Z,26,hub,2026-09-17T00:49:00Z,2026-09-17T00:49:00Z,true
northumbrian:NWL00458:1788109079000,northumbrian:NWL00458,northumbrian,2026-08-30T16:57:59Z,2026-08-30T17:24:00Z,26,hub,2026-09-17T00:49:00Z,2026-09-17T00:49:00Z,true
northumbrian:NWL00459:1788106439000,northumbrian:NWL00459,northumbrian,2026-08-30T16:13:59Z,2026-08-30T16:33:59Z,20,hub,2026-09-17T00:49:00Z,2026-09-17T00:49:00Z,true
northumbrian:NWL00463:1788107039000,northumbrian:NWL00463,northumbrian,2026-08-30T16:23:59Z,2026-08-30T16:41:59Z,18,hub,2026-09-17T00:49:00Z,2026-09-17T00:49:00Z,true
northumbrian:NWL00466:1788106199000,northumbrian:NWL00466,northumbrian,2026-08-30T16:09:59Z,2026-08-30T16:19:59Z,10,hub,2026-09-17T00:49:00Z,2026-09-17T00:49:00Z,true
northumbrian:NWL00467:1785857760000,northumbrian:NWL00467,northumbrian,2026-08-04T15:36:00Z,2026-08-04T15:44:00Z,8,hub,2026-09-17T00:49:00Z,2026-09-17T00:49:00Z,true
northumbrian:NWL00470:1788106799000,northumbrian:NWL00470,northumbrian,2026-08-30T16:19:59Z,2026-08-30T16:53:59Z,34,hub,2026-09-17T00:49:00Z,2026-09-17T00:49:00Z,true
northumbrian:NWL00472:1788107437000,northumbrian:NWL00472,northumbrian,2026-08-30T16:30:37Z,2026-08-30T17:23:50Z,53,hub,2026-09-17T00:49:00Z,2026-09-17T00:49:00Z,true
northumbrian:NWL00475:1788106679000,northumbrian:NWL00475,northumbrian,2026-08-30T16:17:59Z,2026-08-30T16:19:59Z,2,hub,2026-09-17T00:49:00Z,2026-09-17T00:49:00Z,true
northumbrian:NWL00477:1788104279000,northumbrian:NWL00477,northumbrian,2026-08-30T15:37:59Z,2026-08-30T16:35:59Z,58,hub,2026-09-17T00:49:00Z,2026-09-17T00:49:00Z,true
northumbrian:NWL00481:1788109559000,northumbrian:NWL00481,northumbrian,2026-08-30T17:05:59Z,2026-08-30T18:35:59Z,90,hub,2026-09-17T00:49:00Z,2026-09-17T00:49:00Z,true
northumbrian:NWL00485:1788107399000,northumbrian:NWL00485,northumbrian,2026-08-30T16:29:59Z,2026-08-30T16:45:59Z,16,hub,2026-09-17T00:49:00Z,2026-09-17T00:49:00Z,true
northumbrian:NWL00488:1788128470000,northumbrian:NWL00488,northumbrian,2026-08-30T22:21:10Z,2026-08-30T22:49:40Z,29,hub,2026-09-17T00:49:00Z,2026-09-17T00:49:00Z,true
northumbrian:NWL00490:1788106439000,northumbrian:NWL00490,northumbrian,2026-08-30T16:13:59Z,2026-08-30T16:21:59Z,8,hub,2026-09-17T00:49:00Z,2026-09-17T00:49:00Z,true
northumbrian:NWL00491(1):1788121745000,northumbrian:NWL00491(1),northumbrian,2026-08-30T20:29:05Z,2026-08-30T21:09:05Z,40,hub,2026-09-17T00:49:00Z,2026-09-17T00:49:00Z,true
northumbrian:NWL00491(2):1788122345000,northumbrian:NWL00491(2),northumbrian,2026-08-30T20:39:05Z,2026-08-30T20:49:05Z,10,hub,2026-09-17T00:49:00Z,2026-09-17T00:49:00Z,true
northumbrian:NWL00492:1788122519000,northumbrian:NWL00492,northumbrian,2026-08-30T20:41:59Z,2026-08-30T20:43:59Z,2,hub,2026-09-17T00:49:00Z,2026-09-17T00:49:00Z,true
northumbrian:NWL00498:1788108359000,northumbrian:NWL00498,northumbrian,2026-08-30T16:45:59Z,2026-08-30T17:31:59Z,46,hub,2026-09-17T00:49:00Z,2026-09-17T00:49:00Z,true
northumbrian:NWL00500:1788121799000,northumbrian:NWL00500,northumbrian,2026-08-30T20:29:59Z,2026-08-30T20:33:59Z,4,hub,2026-09-17T00:49:00Z,2026-09-17T00:49:00Z,true
northumbrian:NWL00506:1788111000000,northumbrian:NWL00506,northumbrian,2026-08-30T17:30:00Z,2026-08-30T17:32:00Z,2,hub,2026-09-17T00:49:00Z,2026-09-17T00:49:00Z,true
northumbrian:NWL00508:1787203200000,northumbrian:NWL00508,northumbrian,2026-08-20T05:20:00Z,2026-08-20T06:00:00Z,40,hub,2026-09-17T00:49:00Z,2026-09-17T00:49:00Z,true
northumbrian:NWL00516:1788106199000,northumbrian:NWL00516,northumbrian,2026-08-30T16:09:59Z,2026-08-30T17:19:59Z,70,hub,2026-09-17T00:49:00Z,2026-09-17T00:49:00Z,true
northumbrian:NWL00520:1787215679000,northumbrian:NWL00520,northumbrian,2026-08-20T08:47:59Z,2026-08-20T09:25:59Z,38,hub,2026-09-17T00:49:00Z,2026-09-17T00:49:00Z,true
northumbrian:NWL00521:1788105119000,northumbrian:NWL00521,northumbrian,2026-08-30T15:51:59Z,2026-08-30T16:01:59Z,10,hub,2026-09-17T00:49:00Z,2026-09-17T00:49:00Z,true
northumbrian:NWL00522:1787196359000,northumbrian:NWL00522,northumbrian,2026-08-20T03:25:59Z,2026-08-20T04:11:59Z,46,hub,2026-09-17T00:49:00Z,2026-09-17T00:49:00Z,true
northumbrian:NWL00523:1788105359000,northumbrian:NWL00523,northumbrian,2026-08-30T15:55:59Z,2026-08-30T16:07:59Z,12,hub,2026-09-17T00:49:00Z,2026-09-17T00:49:00Z,true
northumbrian:NWL00524:1787221559000,northumbrian:NWL00524,northumbrian,2026-08-20T10:25:59Z,2026-08-20T10:29:59Z,4,hub,2026-09-17T00:49:00Z,2026-09-17T00:49:00Z,true
northumbrian:NWL00525:1787561752000,northumbrian:NWL00525,northumbrian,2026-08-24T08:55:52Z,2026-08-24T08:57:13Z,1,hub,2026-09-17T00:49:00Z,2026-09-17T00:49:00Z,true
northumbrian:NWL00527:1788078239000,northumbrian:NWL00527,northumbrian,2026-08-30T08:23:59Z,2026-08-30T09:35:59Z,72,hub,2026-09-17T00:49:00Z,2026-09-17T00:49:00Z,true
northumbrian:NWL00533:1787196479000,northumbrian:NWL00533,northumbrian,2026-08-20T03:27:59Z,2026-08-20T04:15:59Z,48,hub,2026-09-17T00:49:00Z,2026-09-17T00:49:00Z,true
northumbrian:NWL00541:1788107399000,northumbrian:NWL00541,northumbrian,2026-08-30T16:29:59Z,2026-08-30T16:45:59Z,16,hub,2026-09-17T00:49:00Z,2026-09-17T00:49:00Z,true
northumbrian:NWL00544:1788119936000,northumbrian:NWL00544,northumbrian,2026-08-30T19:58:56Z,2026-08-30T21:30:05Z,91,hub,2026-09-17T00:49:00Z,2026-09-17T00:49:00Z,true
northumbrian:NWL00549:1788107759000,northumbrian:NWL00549,northumbrian,2026-08-30T16:35:59Z,2026-08-30T16:54:00Z,18,hub,2026-09-17T00:49:00Z,2026-09-17T00:49:00Z,true
northumbrian:NWL00554:1788123719000,northumbrian:NWL00554,northumbrian,2026-08-30T21:01:59Z,2026-08-30T22:35:59Z,94,hub,2026-09-17T00:49:00Z,2026-09-17T00:49:00Z,true
northumbrian:NWL00555:1787200320000,northumbrian:NWL00555,northumbrian,2026-08-20T04:32:00Z,2026-08-20T09:01:59Z,270,hub,2026-09-17T00:49:00Z,2026-09-17T00:49:00Z,true
northumbrian:NWL00559:1787207502000,northumbrian:NWL00559,northumbrian,2026-08-20T06:31:42Z,2026-08-20T09:42:32Z,191,hub,2026-09-17T00:49:00Z,2026-09-17T00:49:00Z,true
northumbrian:NWL00560:1787221470000,northumbrian:NWL00560,northumbrian,2026-08-20T10:24:30Z,2026-08-20T10:54:32Z,30,hub,2026-09-17T00:49:00Z,2026-09-17T00:49:00Z,true
northumbrian:NWL00562:1788107533000,northumbrian:NWL00562,northumbrian,2026-08-30T16:32:13Z,2026-08-30T18:00:00Z,88,hub,2026-09-17T00:49:00Z,2026-09-17T00:49:00Z,true
northumbrian:NWL00568:1788124799000,northumbrian:NWL00568,northumbrian,2026-08-30T21:19:59Z,2026-08-30T21:49:59Z,30,hub,2026-09-17T00:49:00Z,2026-09-17T00:49:00Z,true
northumbrian:NWL00570:1788105839000,northumbrian:NWL00570,northumbrian,2026-08-30T16:03:59Z,2026-08-30T16:53:59Z,50,hub,2026-09-17T00:49:00Z,2026-09-17T00:49:00Z,true
northumbrian:NWL00572:1788123959000,northumbrian:NWL00572,northumbrian,2026-08-30T21:05:59Z,2026-08-30T21:09:59Z,4,hub,2026-09-17T00:49:00Z,2026-09-17T00:49:00Z,true
northumbrian:NWL00576:1788108090000,northumbrian:NWL00576,northumbrian,2026-08-30T16:41:30Z,2026-08-30T17:00:10Z,19,hub,2026-09-17T00:49:00Z,2026-09-17T00:49:00Z,true
northumbrian:NWL00577:1787144184000,northumbrian:NWL00577,northumbrian,2026-08-19T12:56:24Z,2026-08-19T16:05:02Z,189,hub,2026-09-17T00:49:00Z,2026-09-17T00:49:00Z,true
northumbrian:NWL00579:1787215199000,northumbrian:NWL00579,northumbrian,2026-08-20T08:39:59Z,2026-08-20T09:59:59Z,80,hub,2026-09-17T00:49:00Z,2026-09-17T00:49:00Z,true
northumbrian:NWL00584:1788107039000,northumbrian:NWL00584,northumbrian,2026-08-30T16:23:59Z,2026-08-30T17:15:59Z,52,hub,2026-09-17T00:49:00Z,2026-09-17T00:49:00Z,true
northumbrian:NWL00587:1788107399000,northumbrian:NWL00587,northumbrian,2026-08-30T16:29:59Z,2026-08-30T17:03:59Z,34,hub,2026-09-17T00:49:00Z,2026-09-17T00:49:00Z,true
northumbrian:NWL00588:1788124678000,northumbrian:NWL00588,northumbrian,2026-08-30T21:17:58Z,2026-08-30T22:13:09Z,55,hub,2026-09-17T00:49:00Z,2026-09-17T00:49:00Z,true
northumbrian:NWL00589:1787138519000,northumbrian:NWL00589,northumbrian,2026-08-19T11:21:59Z,2026-08-19T11:33:59Z,12,hub,2026-09-17T00:49:00Z,2026-09-17T00:49:00Z,true
northumbrian:NWL00590:1788123719000,northumbrian:NWL00590,northumbrian,2026-08-30T21:01:59Z,2026-08-30T21:47:59Z,46,hub,2026-09-17T00:49:00Z,2026-09-17T00:49:00Z,true
northumbrian:NWL00591:1788106559000,northumbrian:NWL00591,northumbrian,2026-08-30T16:15:59Z,2026-08-30T16:21:59Z,6,hub,2026-09-17T00:49:00Z,2026-09-17T00:49:00Z,true
northumbrian:NWL00594:1787139359000,northumbrian:NWL00594,northumbrian,2026-08-19T11:35:59Z,2026-08-19T11:45:59Z,10,hub,2026-09-17T00:49:00Z,2026-09-17T00:49:00Z,true
northumbrian:NWL00597:1788111550000,northumbrian:NWL00597,northumbrian,2026-08-30T17:39:10Z,2026-08-30T17:39:20Z,0,hub,2026-09-17T00:49:00Z,2026-09-17T00:49:00Z,true
northumbrian:NWL00601:1787210759000,northumbrian:NWL00601,northumbrian,2026-08-20T07:25:59Z,2026-08-20T07:43:59Z,18,hub,2026-09-17T00:49:00Z,2026-09-17T00:49:00Z,true
northumbrian:NWL00603:1788106559000,northumbrian:NWL00603,northumbrian,2026-08-30T16:15:59Z,2026-08-30T16:18:00Z,2,hub,2026-09-17T00:49:00Z,2026-09-17T00:49:00Z,true
northumbrian:NWL00604:1788127199000,northumbrian:NWL00604,northumbrian,2026-08-30T21:59:59Z,2026-08-30T22:01:59Z,2,hub,2026-09-17T00:49:00Z,2026-09-17T00:49:00Z,true
northumbrian:NWL00605:1788125010000,northumbrian:NWL00605,northumbrian,2026-08-30T21:23:30Z,2026-08-30T21:52:45Z,29,hub,2026-09-17T00:49:00Z,2026-09-17T00:49:00Z,true
northumbrian:NWL00607:1788107279000,northumbrian:NWL00607,northumbrian,2026-08-30T16:27:59Z,2026-08-30T17:33:59Z,66,hub,2026-09-17T00:49:00Z,2026-09-17T00:49:00Z,true
northumbrian:NWL00610:1788121319000,northumbrian:NWL00610,northumbrian,2026-08-30T20:21:59Z,2026-08-31T01:03:59Z,282,hub,2026-09-17T00:49:00Z,2026-09-17T00:49:00Z,true
northumbrian:NWL00611:1788122159000,northumbrian:NWL00611,northumbrian,2026-08-30T20:35:59Z,2026-08-30T21:05:59Z,30,hub,2026-09-17T00:49:00Z,2026-09-17T00:49:00Z,true
northumbrian:NWL00613:1788118079000,northumbrian:NWL00613,northumbrian,2026-08-30T19:27:59Z,2026-08-30T20:05:59Z,38,hub,2026-09-17T00:49:00Z,2026-09-17T00:49:00Z,true
northumbrian:NWL00615:1787214605000,northumbrian:NWL00615,northumbrian,2026-08-20T08:30:05Z,2026-08-20T12:10:05Z,220,hub,2026-09-17T00:49:00Z,2026-09-17T00:49:00Z,true
northumbrian:NWL00623:1787922719000,northumbrian:NWL00623,northumbrian,2026-08-28T13:11:59Z,2026-08-28T13:23:59Z,12,hub,2026-09-17T00:49:00Z,2026-09-17T00:49:00Z,true
northumbrian:NWL00623:1788121559000,northumbrian:NWL00623,northumbrian,2026-08-30T20:25:59Z,2026-08-30T20:35:59Z,10,hub,2026-09-19T05:40:26Z,2026-09-19T05:40:26Z,true
northumbrian:NWL00628:1788105359000,northumbrian:NWL00628,northumbrian,2026-08-30T15:55:59Z,2026-08-30T17:19:59Z,84,hub,2026-09-17T00:49:00Z,2026-09-17T00:49:00Z,true
northumbrian:NWL00635(1):1788125722000,northumbrian:NWL00635(1),northumbrian,2026-08-30T21:35:22Z,2026-08-30T21:36:13Z,1,hub,2026-09-17T00:49:00Z,2026-09-17T00:49:00Z,true
northumbrian:NWL00635(2):1788123688000,northumbrian:NWL00635(2),northumbrian,2026-08-30T21:01:28Z,2026-08-30T21:02:18Z,1,hub,2026-09-17T00:49:00Z,2026-09-17T00:49:00Z,true
northumbrian:NWL00636:1788124610000,northumbrian:NWL00636,northumbrian,2026-08-30T21:16:50Z,2026-08-30T21:23:11Z,6,hub,2026-09-17T00:49:00Z,2026-09-17T00:49:00Z,true
northumbrian:NWL00637:1788106199000,northumbrian:NWL00637,northumbrian,2026-08-30T16:09:59Z,2026-08-30T16:13:59Z,4,hub,2026-09-17T00:49:00Z,2026-09-17T00:49:00Z,true
northumbrian:NWL00640:1787214270000,northumbrian:NWL00640,northumbrian,2026-08-20T08:24:30Z,2026-08-20T08:30:00Z,6,hub,2026-09-17T00:49:00Z,2026-09-17T00:49:00Z,true
northumbrian:NWL00645:1787164200000,northumbrian:NWL00645,northumbrian,2026-08-19T18:30:00Z,2026-08-19T18:46:00Z,16,hub,2026-09-17T00:49:00Z,2026-09-17T00:49:00Z,true
northumbrian:NWL00647:1788120839000,northumbrian:NWL00647,northumbrian,2026-08-30T20:13:59Z,2026-08-30T21:02:06Z,48,hub,2026-09-17T00:49:00Z,2026-09-17T00:49:00Z,true
northumbrian:NWL00650:1788108599000,northumbrian:NWL00650,northumbrian,2026-08-30T16:49:59Z,2026-08-30T17:19:59Z,30,hub,2026-09-17T00:49:00Z,2026-09-17T00:49:00Z,true
northumbrian:NWL00651:1788126811000,northumbrian:NWL00651,northumbrian,2026-08-30T21:53:31Z,2026-08-30T23:20:30Z,87,hub,2026-09-17T00:49:00Z,2026-09-17T00:49:00Z,true
northumbrian:NWL00658:1788108479000,northumbrian:NWL00658,northumbrian,2026-08-30T16:47:59Z,2026-08-30T17:19:59Z,32,hub,2026-09-17T00:49:00Z,2026-09-17T00:49:00Z,true
northumbrian:NWL00662:1788107759000,northumbrian:NWL00662,northumbrian,2026-08-30T16:35:59Z,2026-08-30T17:31:59Z,56,hub,2026-09-17T00:49:00Z,2026-09-17T00:49:00Z,true
northumbrian:NWL00664:1786996440000,northumbrian:NWL00664,northumbrian,2026-08-17T19:54:00Z,2026-08-17T22:34:00Z,160,hub,2026-09-17T00:49:00Z,2026-09-17T00:49:00Z,true
northumbrian:NWL00665:1787134919000,northumbrian:NWL00665,northumbrian,2026-08-19T10:21:59Z,2026-08-19T10:31:59Z,10,hub,2026-09-17T00:49:00Z,2026-09-17T00:49:00Z,true
northumbrian:NWL00668:1788099290000,northumbrian:NWL00668,northumbrian,2026-08-30T14:14:50Z,2026-08-30T14:15:37Z,1,hub,2026-09-17T00:49:00Z,2026-09-17T00:49:00Z,true
northumbrian:NWL00669:1788126119000,northumbrian:NWL00669,northumbrian,2026-08-30T21:41:59Z,2026-08-30T21:45:59Z,4,hub,2026-09-17T00:49:00Z,2026-09-17T00:49:00Z,true
northumbrian:NWL00670:1788124799000,northumbrian:NWL00670,northumbrian,2026-08-30T21:19:59Z,2026-08-30T22:21:59Z,62,hub,2026-09-17T00:49:00Z,2026-09-17T00:49:00Z,true
northumbrian:NWL00671:1787203319000,northumbrian:NWL00671,northumbrian,2026-08-20T05:21:59Z,2026-08-20T05:27:59Z,6,hub,2026-09-17T00:49:00Z,2026-09-17T00:49:00Z,true
northumbrian:NWL00672:1788125159000,northumbrian:NWL00672,northumbrian,2026-08-30T21:25:59Z,2026-08-30T21:41:59Z,16,hub,2026-09-17T00:49:00Z,2026-09-17T00:49:00Z,true
northumbrian:NWL00677:1787191409000,northumbrian:NWL00677,northumbrian,2026-08-20T02:03:29Z,2026-08-20T10:18:18Z,495,hub,2026-09-17T00:49:00Z,2026-09-17T00:49:00Z,true
northumbrian:NWL00678:1788106919000,northumbrian:NWL00678,northumbrian,2026-08-30T16:21:59Z,2026-08-30T17:07:59Z,46,hub,2026-09-17T00:49:00Z,2026-09-17T00:49:00Z,true
northumbrian:NWL00682:1785835199000,northumbrian:NWL00682,northumbrian,2026-08-04T09:19:59Z,2026-08-04T09:21:59Z,2,hub,2026-09-17T00:49:00Z,2026-09-17T00:49:00Z,true
northumbrian:NWL00689:1787196119000,northumbrian:NWL00689,northumbrian,2026-08-20T03:21:59Z,2026-08-20T04:13:59Z,52,hub,2026-09-17T00:49:00Z,2026-09-17T00:49:00Z,true
northumbrian:NWL00691(1):1788122008000,northumbrian:NWL00691(1),northumbrian,2026-08-30T20:33:28Z,2026-08-30T21:33:08Z,60,hub,2026-09-17T00:49:00Z,2026-09-17T00:49:00Z,true
northumbrian:NWL00691(2):1788034906000,northumbrian:NWL00691(2),northumbrian,2026-08-29T20:21:46Z,2026-08-29T21:19:35Z,58,hub,2026-09-17T00:49:00Z,2026-09-17T00:49:00Z,true
northumbrian:NWL00693:1787933399000,northumbrian:NWL00693,northumbrian,2026-08-28T16:09:59Z,2026-08-28T16:21:59Z,12,hub,2026-09-17T00:49:00Z,2026-09-17T00:49:00Z,true
northumbrian:NWL00696:1788107999000,northumbrian:NWL00696,northumbrian,2026-08-30T16:39:59Z,2026-08-30T17:01:59Z,22,hub,2026-09-17T00:49:00Z,2026-09-17T00:49:00Z,true
northumbrian:NWL00698:1787922205000,northumbrian:NWL00698,northumbrian,2026-08-28T13:03:25Z,2026-08-28T14:41:36Z,98,hub,2026-09-17T00:49:00Z,2026-09-17T00:49:00Z,true
northumbrian:NWL00708:1788107399000,northumbrian:NWL00708,northumbrian,2026-08-30T16:29:59Z,2026-08-30T16:59:59Z,30,hub,2026-09-17T00:49:00Z,2026-09-17T00:49:00Z,true
northumbrian:NWL00710:1788107879000,northumbrian:NWL00710,northumbrian,2026-08-30T16:37:59Z,2026-08-30T17:21:59Z,44,hub,2026-09-17T00:49:00Z,2026-09-17T00:49:00Z,true
northumbrian:NWL00721:1788120119000,northumbrian:NWL00721,northumbrian,2026-08-30T20:01:59Z,2026-08-30T21:09:59Z,68,hub,2026-09-17T00:49:00Z,2026-09-17T00:49:00Z,true
northumbrian:NWL00722:1788107519000,northumbrian:NWL00722,northumbrian,2026-08-30T16:31:59Z,2026-08-30T16:47:59Z,16,hub,2026-09-17T00:49:00Z,2026-09-17T00:49:00Z,true
northumbrian:NWL00724:1787216230000,northumbrian:NWL00724,northumbrian,2026-08-20T08:57:10Z,2026-08-20T10:42:10Z,105,hub,2026-09-17T00:49:00Z,2026-09-17T00:49:00Z,true
northumbrian:NWL00725:1788120700000,northumbrian:NWL00725,northumbrian,2026-08-30T20:11:40Z,2026-08-30T21:00:20Z,49,hub,2026-09-17T00:49:00Z,2026-09-17T00:49:00Z,true
northumbrian:NWL00730:1788106559000,northumbrian:NWL00730,northumbrian,2026-08-30T16:15:59Z,2026-08-30T16:45:59Z,30,hub,2026-09-17T00:49:00Z,2026-09-17T00:49:00Z,true
northumbrian:NWL00732:1788105359000,northumbrian:NWL00732,northumbrian,2026-08-30T15:55:59Z,2026-08-30T16:45:59Z,50,hub,2026-09-17T00:49:00Z,2026-09-17T00:49:00Z,true
northumbrian:NWL00734:1788108239000,northumbrian:NWL00734,northumbrian,2026-08-30T16:43:59Z,2026-08-30T16:51:59Z,8,hub,2026-09-17T00:49:00Z,2026-09-17T00:49:00Z,true
northumbrian:NWL00735:1788107039000,northumbrian:NWL00735,northumbrian,2026-08-30T16:23:59Z,2026-08-30T16:53:59Z,30,hub,2026-09-17T00:49:00Z,2026-09-17T00:49:00Z,true
northumbrian:NWL00736:1788180750000,northumbrian:NWL00736,northumbrian,2026-08-31T12:52:30Z,2026-08-31T13:31:05Z,39,hub,2026-09-17T00:49:00Z,2026-09-17T00:49:00Z,true
northumbrian:NWL00737:1788081239000,northumbrian:NWL00737,northumbrian,2026-08-30T09:13:59Z,2026-08-30T10:05:59Z,52,hub,2026-09-17T00:49:00Z,2026-09-17T00:49:00Z,true
northumbrian:NWL00744:1787202359000,northumbrian:NWL00744,northumbrian,2026-08-20T05:05:59Z,2026-08-20T05:09:59Z,4,hub,2026-09-17T00:49:00Z,2026-09-17T00:49:00Z,true
northumbrian:NWL00748:1787213963000,northumbrian:NWL00748,northumbrian,2026-08-20T08:19:23Z,2026-08-20T08:50:37Z,31,hub,2026-09-17T00:49:00Z,2026-09-17T00:49:00Z,true
northumbrian:NWL00750:1788107399000,northumbrian:NWL00750,northumbrian,2026-08-30T16:29:59Z,2026-08-30T16:55:59Z,26,hub,2026-09-17T00:49:00Z,2026-09-17T00:49:00Z,true
northumbrian:NWL00751:1788122879000,northumbrian:NWL00751,northumbrian,2026-08-30T20:47:59Z,2026-08-30T21:01:59Z,14,hub,2026-09-17T00:49:00Z,2026-09-17T00:49:00Z,true
northumbrian:NWL00754:1788106199000,northumbrian:NWL00754,northumbrian,2026-08-30T16:09:59Z,2026-08-30T17:19:59Z,70,hub,2026-09-17T00:49:00Z,2026-09-17T00:49:00Z,true
northumbrian:NWL00755:1785853439000,northumbrian:NWL00755,northumbrian,2026-08-04T14:23:59Z,2026-08-04T14:25:59Z,2,hub,2026-09-17T00:49:00Z,2026-09-17T00:49:00Z,true
northumbrian:NWL00766:1786393559000,northumbrian:NWL00766,northumbrian,2026-08-10T20:25:59Z,2026-08-10T20:27:59Z,2,hub,2026-09-17T00:49:00Z,2026-09-17T00:49:00Z,true
northumbrian:NWL00767:1788116639000,northumbrian:NWL00767,northumbrian,2026-08-30T19:03:59Z,2026-08-30T19:45:59Z,42,hub,2026-09-17T00:49:00Z,2026-09-17T00:49:00Z,true
northumbrian:NWL00773:1787005199000,northumbrian:NWL00773,northumbrian,2026-08-17T22:19:59Z,2026-08-17T22:21:59Z,2,hub,2026-09-17T00:49:00Z,2026-09-17T00:49:00Z,true
northumbrian:NWL00774:1787172480000,northumbrian:NWL00774,northumbrian,2026-08-19T20:48:00Z,2026-08-19T23:04:00Z,136,hub,2026-09-17T00:49:00Z,2026-09-17T00:49:00Z,true
northumbrian:NWL00781:1788124439000,northumbrian:NWL00781,northumbrian,2026-08-30T21:13:59Z,2026-08-30T21:15:59Z,2,hub,2026-09-17T00:49:00Z,2026-09-17T00:49:00Z,true
northumbrian:NWL00783:1787933021000,northumbrian:NWL00783,northumbrian,2026-08-28T16:03:41Z,2026-08-28T16:53:36Z,50,hub,2026-09-17T00:49:00Z,2026-09-17T00:49:00Z,true
northumbrian:NWL00783:1788122198000,northumbrian:NWL00783,northumbrian,2026-08-30T20:36:38Z,2026-08-30T21:07:08Z,31,hub,2026-09-19T05:40:26Z,2026-09-19T05:40:26Z,true
northumbrian:NWL00784:1788121199000,northumbrian:NWL00784,northumbrian,2026-08-30T20:19:59Z,2026-08-30T20:31:59Z,12,hub,2026-09-17T00:49:00Z,2026-09-17T00:49:00Z,true
northumbrian:NWL00790:1788112439000,northumbrian:NWL00790,northumbrian,2026-08-30T17:53:59Z,2026-08-30T17:57:59Z,4,hub,2026-09-17T00:49:00Z,2026-09-17T00:49:00Z,true
northumbrian:NWL00791:1787186759000,northumbrian:NWL00791,northumbrian,2026-08-20T00:45:59Z,2026-08-20T01:17:59Z,32,hub,2026-09-17T00:49:00Z,2026-09-17T00:49:00Z,true
northumbrian:NWL00794:1788109372000,northumbrian:NWL00794,northumbrian,2026-08-30T17:02:52Z,2026-08-30T19:00:00Z,117,hub,2026-09-17T00:49:00Z,2026-09-17T00:49:00Z,true
northumbrian:NWL00795:1788109319000,northumbrian:NWL00795,northumbrian,2026-08-30T17:01:59Z,2026-08-30T17:03:59Z,2,hub,2026-09-19T05:40:26Z,2026-09-19T05:40:26Z,true
northumbrian:NWL00797:1788106439000,northumbrian:NWL00797,northumbrian,2026-08-30T16:13:59Z,2026-08-30T16:37:59Z,24,hub,2026-09-17T00:49:00Z,2026-09-17T00:49:00Z,true
northumbrian:NWL00799:1787933519000,northumbrian:NWL00799,northumbrian,2026-08-28T16:11:59Z,2026-08-28T16:27:59Z,16,hub,2026-09-17T00:49:00Z,2026-09-17T00:49:00Z,true
northumbrian:NWL00804:1788121800000,northumbrian:NWL00804,northumbrian,2026-08-30T20:30:00Z,2026-08-30T21:58:00Z,88,hub,2026-09-17T00:49:00Z,2026-09-17T00:49:00Z,true
northumbrian:NWL00805:1788020279000,northumbrian:NWL00805,northumbrian,2026-08-29T16:17:59Z,2026-08-29T16:29:59Z,12,hub,2026-09-17T00:49:00Z,2026-09-17T00:49:00Z,true
northumbrian:NWL00808:1788129719000,northumbrian:NWL00808,northumbrian,2026-08-30T22:41:59Z,2026-08-30T22:47:59Z,6,hub,2026-09-17T00:49:00Z,2026-09-17T00:49:00Z,true
northumbrian:NWL00811:1788031079000,northumbrian:NWL00811,northumbrian,2026-08-29T19:17:59Z,2026-08-29T19:48:00Z,30,hub,2026-09-17T00:49:00Z,2026-09-17T00:49:00Z,true
northumbrian:NWL00814:1788110880000,northumbrian:NWL00814,northumbrian,2026-08-30T17:27:50Z,2026-08-30T17:50:00Z,22,hub,2026-09-17T00:49:00Z,2026-09-19T05:40:26Z,true
northumbrian:NWL00815:1788107399000,northumbrian:NWL00815,northumbrian,2026-08-30T16:29:59Z,2026-08-30T17:24:00Z,54,hub,2026-09-17T00:49:00Z,2026-09-17T00:49:00Z,true
northumbrian:NWL00819:1787224117000,northumbrian:NWL00819,northumbrian,2026-08-20T11:08:37Z,2026-08-20T11:12:37Z,4,hub,2026-09-17T00:49:00Z,2026-09-17T00:49:00Z,true
northumbrian:NWL00822:1788152780000,northumbrian:NWL00822,northumbrian,2026-08-31T05:06:20Z,2026-08-31T05:07:00Z,1,hub,2026-09-17T00:49:00Z,2026-09-17T00:49:00Z,true
northumbrian:NWL00825:1788121439000,northumbrian:NWL00825,northumbrian,2026-08-30T20:23:59Z,2026-08-30T21:37:59Z,74,hub,2026-09-17T00:49:00Z,2026-09-17T00:49:00Z,true
northumbrian:NWL00829:1787007698000,northumbrian:NWL00829,northumbrian,2026-08-17T23:01:38Z,2026-08-17T23:52:32Z,51,hub,2026-09-17T00:49:00Z,2026-09-17T00:49:00Z,true
northumbrian:NWL00831:1788105719000,northumbrian:NWL00831,northumbrian,2026-08-30T16:01:59Z,2026-08-30T17:24:00Z,82,hub,2026-09-17T00:49:00Z,2026-09-17T00:49:00Z,true
northumbrian:NWL00832:1787172959000,northumbrian:NWL00832,northumbrian,2026-08-19T20:55:59Z,2026-08-19T21:19:59Z,24,hub,2026-09-17T00:49:00Z,2026-09-17T00:49:00Z,true
northumbrian:NWL00833:1788111000000,northumbrian:NWL00833,northumbrian,2026-08-30T17:27:59Z,2026-08-30T17:33:59Z,6,hub,2026-09-17T00:49:00Z,2026-09-19T05:40:26Z,true
northumbrian:NWL00838:1788106559000,northumbrian:NWL00838,northumbrian,2026-08-30T16:15:59Z,2026-08-30T16:19:59Z,4,hub,2026-09-17T00:49:00Z,2026-09-17T00:49:00Z,true
northumbrian:NWL00839:1787106839000,northumbrian:NWL00839,northumbrian,2026-08-19T02:33:59Z,2026-08-19T02:35:59Z,2,hub,2026-09-17T00:49:00Z,2026-09-17T00:49:00Z,true
northumbrian:NWL00844:1787215919000,northumbrian:NWL00844,northumbrian,2026-08-20T08:51:59Z,2026-08-20T10:07:59Z,76,hub,2026-09-17T00:49:00Z,2026-09-17T00:49:00Z,true
northumbrian:NWL00847:1788107639000,northumbrian:NWL00847,northumbrian,2026-08-30T16:33:59Z,2026-08-30T17:49:59Z,76,hub,2026-09-17T00:49:00Z,2026-09-17T00:49:00Z,true
northumbrian:NWL00848:1788106679000,northumbrian:NWL00848,northumbrian,2026-08-30T16:17:59Z,2026-08-30T17:21:59Z,64,hub,2026-09-17T00:49:00Z,2026-09-17T00:49:00Z,true
northumbrian:NWL00849:1788108120000,northumbrian:NWL00849,northumbrian,2026-08-30T16:42:00Z,2026-08-30T16:52:00Z,10,hub,2026-09-17T00:49:00Z,2026-09-17T00:49:00Z,true
northumbrian:NWL00856:1788132992000,northumbrian:NWL00856,northumbrian,2026-08-30T23:36:32Z,2026-08-30T23:39:26Z,3,hub,2026-09-17T00:49:00Z,2026-09-17T00:49:00Z,true
northumbrian:NWL00862:1788108119000,northumbrian:NWL00862,northumbrian,2026-08-30T16:41:59Z,2026-08-30T17:19:59Z,38,hub,2026-09-17T00:49:00Z,2026-09-17T00:49:00Z,true
northumbrian:NWL00863:1787932199000,northumbrian:NWL00863,northumbrian,2026-08-28T15:49:59Z,2026-08-28T15:55:59Z,6,hub,2026-09-17T00:49:00Z,2026-09-17T00:49:00Z,true
northumbrian:NWL00864:1788108959000,northumbrian:NWL00864,northumbrian,2026-08-30T16:55:59Z,2026-08-30T16:57:59Z,2,hub,2026-09-17T00:49:00Z,2026-09-17T00:49:00Z,true
northumbrian:NWL00867:1788024122000,northumbrian:NWL00867,northumbrian,2026-08-29T17:22:02Z,2026-08-29T17:26:37Z,5,hub,2026-09-17T00:49:00Z,2026-09-17T00:49:00Z,true
northumbrian:NWL00876:1788120719000,northumbrian:NWL00876,northumbrian,2026-08-30T20:11:59Z,2026-08-30T21:21:59Z,70,hub,2026-09-17T00:49:00Z,2026-09-17T00:49:00Z,true
northumbrian:NWL00878:1788122279000,northumbrian:NWL00878,northumbrian,2026-08-30T20:37:59Z,2026-08-30T20:39:59Z,2,hub,2026-09-17T00:49:00Z,2026-09-17T00:49:00Z,true
northumbrian:NWL00881:1788079920000,northumbrian:NWL00881,northumbrian,2026-08-30T08:52:00Z,2026-08-30T11:14:00Z,142,hub,2026-09-17T00:49:00Z,2026-09-17T00:49:00Z,true
northumbrian:NWL00882:1788109246000,northumbrian:NWL00882,northumbrian,2026-08-30T17:00:46Z,2026-08-30T18:35:26Z,95,hub,2026-09-17T00:49:00Z,2026-09-17T00:49:00Z,true
northumbrian:NWL00884:1788107279000,northumbrian:NWL00884,northumbrian,2026-08-30T16:27:59Z,2026-08-30T16:33:59Z,6,hub,2026-09-17T00:49:00Z,2026-09-17T00:49:00Z,true
northumbrian:NWL00885:1787195879000,northumbrian:NWL00885,northumbrian,2026-08-20T03:17:59Z,2026-08-20T03:19:59Z,2,hub,2026-09-17T00:49:00Z,2026-09-17T00:49:00Z,true
northumbrian:NWL00886:1787162999000,northumbrian:NWL00886,northumbrian,2026-08-19T18:09:59Z,2026-08-19T20:39:59Z,150,hub,2026-09-17T00:49:00Z,2026-09-17T00:49:00Z,true
northumbrian:NWL00887:1788120479000,northumbrian:NWL00887,northumbrian,2026-08-30T20:07:59Z,2026-08-30T21:17:59Z,70,hub,2026-09-17T00:49:00Z,2026-09-17T00:49:00Z,true
northumbrian:NWL00890:1788106679000,northumbrian:NWL00890,northumbrian,2026-08-30T16:17:59Z,2026-08-30T16:53:59Z,36,hub,2026-09-17T00:49:00Z,2026-09-17T00:49:00Z,true
northumbrian:NWL00892:1788109439000,northumbrian:NWL00892,northumbrian,2026-08-30T17:03:59Z,2026-08-30T17:29:59Z,26,hub,2026-09-17T00:49:00Z,2026-09-17T00:49:00Z,true
northumbrian:NWL00893:1788080610000,northumbrian:NWL00893,northumbrian,2026-08-30T09:03:30Z,2026-08-30T10:25:20Z,82,hub,2026-09-17T00:49:00Z,2026-09-17T00:49:00Z,true
northumbrian:NWL00897:1788106319000,northumbrian:NWL00897,northumbrian,2026-08-30T16:11:59Z,2026-08-30T17:07:59Z,56,hub,2026-09-17T00:49:00Z,2026-09-17T00:49:00Z,true
northumbrian:NWL00902:1788111239000,northumbrian:NWL00902,northumbrian,2026-08-30T17:33:59Z,2026-08-30T17:35:59Z,2,hub,2026-09-17T00:49:00Z,2026-09-17T00:49:00Z,true
northumbrian:NWL00911:1788105359000,northumbrian:NWL00911,northumbrian,2026-08-30T15:55:59Z,2026-08-30T16:29:59Z,34,hub,2026-09-17T00:49:00Z,2026-09-17T00:49:00Z,true
northumbrian:NWL00913:1788109079000,northumbrian:NWL00913,northumbrian,2026-08-30T16:57:59Z,2026-08-30T17:26:00Z,28,hub,2026-09-17T00:49:00Z,2026-09-17T00:49:00Z,true
northumbrian:NWL00918:1788120480000,northumbrian:NWL00918,northumbrian,2026-08-30T20:08:00Z,2026-08-30T20:54:00Z,46,hub,2026-09-17T00:49:00Z,2026-09-17T00:49:00Z,true
northumbrian:NWL00919:1788120479000,northumbrian:NWL00919,northumbrian,2026-08-30T20:07:59Z,2026-08-30T20:19:59Z,12,hub,2026-09-17T00:49:00Z,2026-09-17T00:49:00Z,true
northumbrian:NWL00920:1788122279000,northumbrian:NWL00920,northumbrian,2026-08-30T20:37:59Z,2026-08-30T20:57:59Z,20,hub,2026-09-17T00:49:00Z,2026-09-17T00:49:00Z,true
northumbrian:NWL00921:1788120119000,northumbrian:NWL00921,northumbrian,2026-08-30T20:01:59Z,2026-08-30T20:59:59Z,58,hub,2026-09-17T00:49:00Z,2026-09-17T00:49:00Z,true
northumbrian:NWL00923:1788109799000,northumbrian:NWL00923,northumbrian,2026-08-30T17:09:59Z,2026-08-30T18:53:59Z,104,hub,2026-09-17T00:49:00Z,2026-09-17T00:49:00Z,true
northumbrian:NWL00924:1787006049000,northumbrian:NWL00924,northumbrian,2026-08-17T22:34:09Z,2026-08-17T22:34:20Z,0,hub,2026-09-17T00:49:00Z,2026-09-17T00:49:00Z,true
northumbrian:NWL00928:1787300977000,northumbrian:NWL00928,northumbrian,2026-08-21T08:29:37Z,2026-08-21T08:30:16Z,1,hub,2026-09-17T00:49:00Z,2026-09-17T00:49:00Z,true
northumbrian:NWL00933:1787932559000,northumbrian:NWL00933,northumbrian,2026-08-28T15:55:59Z,2026-08-28T16:35:59Z,40,hub,2026-09-17T00:49:00Z,2026-09-17T00:49:00Z,true
northumbrian:NWL00934:1788121801000,northumbrian:NWL00934,northumbrian,2026-08-30T20:30:01Z,2026-08-30T22:48:37Z,139,hub,2026-09-17T00:49:00Z,2026-09-17T00:49:00Z,true
northumbrian:NWL00935:1788107999000,northumbrian:NWL00935,northumbrian,2026-08-30T16:39:59Z,2026-08-30T18:07:59Z,88,hub,2026-09-17T00:49:00Z,2026-09-17T00:49:00Z,true
northumbrian:NWL00936:1788107039000,northumbrian:NWL00936,northumbrian,2026-08-30T16:23:59Z,2026-08-30T17:53:59Z,90,hub,2026-09-17T00:49:00Z,2026-09-17T00:49:00Z,true
northumbrian:NWL00948:1788121319000,northumbrian:NWL00948,northumbrian,2026-08-30T20:21:59Z,2026-08-30T20:23:59Z,2,hub,2026-09-17T00:49:00Z,2026-09-17T00:49:00Z,true
northumbrian:NWL00951:1788196520000,northumbrian:NWL00951,northumbrian,2026-08-31T17:15:20Z,2026-08-31T17:43:05Z,28,hub,2026-09-17T00:49:00Z,2026-09-17T00:49:00Z,true
northumbrian:NWL00952:1788126116000,northumbrian:NWL00952,northumbrian,2026-08-30T21:41:56Z,2026-08-30T21:52:41Z,11,hub,2026-09-17T00:49:00Z,2026-09-17T00:49:00Z,true
northumbrian:NWL00961:1788108391000,northumbrian:NWL00961,northumbrian,2026-08-30T16:46:31Z,2026-08-30T17:51:51Z,65,hub,2026-09-17T00:49:00Z,2026-09-17T00:49:00Z,true
northumbrian:NWL00962:1788107330000,northumbrian:NWL00962,northumbrian,2026-08-30T16:28:50Z,2026-08-30T17:24:00Z,55,hub,2026-09-17T00:49:00Z,2026-09-17T00:49:00Z,true
northumbrian:NWL00965:1788108239000,northumbrian:NWL00965,northumbrian,2026-08-30T16:43:59Z,2026-08-30T16:55:59Z,12,hub,2026-09-17T00:49:00Z,2026-09-17T00:49:00Z,true
northumbrian:NWL00972:1787144159000,northumbrian:NWL00972,northumbrian,2026-08-19T12:55:59Z,2026-08-19T13:05:59Z,10,hub,2026-09-17T00:49:00Z,2026-09-17T00:49:00Z,true
northumbrian:NWL00974:1788106919000,northumbrian:NWL00974,northumbrian,2026-08-30T16:21:59Z,2026-08-30T17:33:59Z,72,hub,2026-09-17T00:49:00Z,2026-09-17T00:49:00Z,true
northumbrian:NWL00976:1785750479000,northumbrian:NWL00976,northumbrian,2026-08-03T09:47:59Z,2026-08-03T09:49:59Z,2,hub,2026-09-17T00:49:00Z,2026-09-17T00:49:00Z,true
northumbrian:NWL00978:1788124441000,northumbrian:NWL00978,northumbrian,2026-08-30T21:14:01Z,2026-08-30T21:15:12Z,1,hub,2026-09-17T00:49:00Z,2026-09-17T00:49:00Z,true
northumbrian:NWL00979:1788104519000,northumbrian:NWL00979,northumbrian,2026-08-30T15:41:59Z,2026-08-30T15:49:59Z,8,hub,2026-09-17T00:49:00Z,2026-09-17T00:49:00Z,true
northumbrian:NWL00982:1788106199000,northumbrian:NWL00982,northumbrian,2026-08-30T16:09:59Z,2026-08-30T16:31:59Z,22,hub,2026-09-17T00:49:00Z,2026-09-17T00:49:00Z,true
northumbrian:NWL00983:1788105359000,northumbrian:NWL00983,northumbrian,2026-08-30T15:55:59Z,2026-08-30T16:01:59Z,6,hub,2026-09-17T00:49:00Z,2026-09-17T00:49:00Z,true
northumbrian:NWL00984:1788107159000,northumbrian:NWL00984,northumbrian,2026-08-30T16:25:59Z,2026-08-30T16:49:59Z,24,hub,2026-09-17T00:49:00Z,2026-09-17T00:49:00Z,true
northumbrian:NWL00986:1788107279000,northumbrian:NWL00986,northumbrian,2026-08-30T16:27:59Z,2026-08-30T16:41:59Z,14,hub,2026-09-17T00:49:00Z,2026-09-17T00:49:00Z,true
northumbrian:NWL00988:1786996679000,northumbrian:NWL00988,northumbrian,2026-08-17T19:57:59Z,2026-08-17T19:59:59Z,2,hub,2026-09-17T00:49:00Z,2026-09-17T00:49:00Z,true
northumbrian:NWL00998:1787217959000,northumbrian:NWL00998,northumbrian,2026-08-20T09:25:59Z,2026-08-20T09:41:59Z,16,hub,2026-09-17T00:49:00Z,2026-09-17T00:49:00Z,true
northumbrian:NWL00999:1788122160000,northumbrian:NWL00999,northumbrian,2026-08-30T20:25:59Z,2026-08-30T21:05:59Z,40,hub,2026-09-17T00:49:00Z,2026-09-19T05:40:26Z,true
northumbrian:NWL01004:1788110999000,northumbrian:NWL01004,northumbrian,2026-08-30T17:29:59Z,2026-08-30T17:31:59Z,2,hub,2026-09-17T00:49:00Z,2026-09-17T00:49:00Z,true
northumbrian:NWL01007:1788122759000,northumbrian:NWL01007,northumbrian,2026-08-30T20:45:59Z,2026-08-31T02:13:59Z,328,hub,2026-09-17T00:49:00Z,2026-09-17T00:49:00Z,true
northumbrian:NWL01011:1788109079000,northumbrian:NWL01011,northumbrian,2026-08-30T16:57:59Z,2026-08-30T17:45:59Z,48,hub,2026-09-17T00:49:00Z,2026-09-17T00:49:00Z,true
northumbrian:NWL01013:1788107999000,northumbrian:NWL01013,northumbrian,2026-08-30T16:39:59Z,2026-08-30T16:45:59Z,6,hub,2026-09-17T00:49:00Z,2026-09-17T00:49:00Z,true
northumbrian:NWL01015:1787931959000,northumbrian:NWL01015,northumbrian,2026-08-28T15:45:59Z,2026-08-28T16:05:59Z,20,hub,2026-09-17T00:49:00Z,2026-09-17T00:49:00Z,true
northumbrian:NWL01016:1787200199000,northumbrian:NWL01016,northumbrian,2026-08-20T04:29:59Z,2026-08-20T09:01:59Z,272,hub,2026-09-17T00:49:00Z,2026-09-17T00:49:00Z,true
northumbrian:NWL01017:1788106799000,northumbrian:NWL01017,northumbrian,2026-08-30T16:19:59Z,2026-08-30T16:55:59Z,36,hub,2026-09-17T00:49:00Z,2026-09-17T00:49:00Z,true
northumbrian:NWL01020:1788106679000,northumbrian:NWL01020,northumbrian,2026-08-30T16:17:59Z,2026-08-30T17:09:59Z,52,hub,2026-09-17T00:49:00Z,2026-09-17T00:49:00Z,true
northumbrian:NWL01021:1788124919000,northumbrian:NWL01021,northumbrian,2026-08-30T21:21:59Z,2026-08-30T21:31:59Z,10,hub,2026-09-17T00:49:00Z,2026-09-17T00:49:00Z,true
northumbrian:NWL01023:1788106199000,northumbrian:NWL01023,northumbrian,2026-08-30T16:09:59Z,2026-08-30T16:11:59Z,2,hub,2026-09-17T00:49:00Z,2026-09-17T00:49:00Z,true
northumbrian:NWL01024:1788106439000,northumbrian:NWL01024,northumbrian,2026-08-30T16:13:59Z,2026-08-30T17:31:59Z,78,hub,2026-09-17T00:49:00Z,2026-09-17T00:49:00Z,true
northumbrian:NWL01025:1788106919000,northumbrian:NWL01025,northumbrian,2026-08-30T16:21:59Z,2026-08-30T17:11:59Z,50,hub,2026-09-17T00:49:00Z,2026-09-17T00:49:00Z,true
northumbrian:NWL01027:1788108119000,northumbrian:NWL01027,northumbrian,2026-08-30T16:41:59Z,2026-08-30T17:21:59Z,40,hub,2026-09-17T00:49:00Z,2026-09-17T00:49:00Z,true
northumbrian:NWL01037:1788107159000,northumbrian:NWL01037,northumbrian,2026-08-30T16:25:59Z,2026-08-30T17:19:59Z,54,hub,2026-09-17T00:49:00Z,2026-09-17T00:49:00Z,true
northumbrian:NWL01038:1788125934000,northumbrian:NWL01038,northumbrian,2026-08-30T21:38:54Z,2026-08-30T21:48:33Z,10,hub,2026-09-17T00:49:00Z,2026-09-17T00:49:00Z,true
northumbrian:NWL01039:1788108479000,northumbrian:NWL01039,northumbrian,2026-08-30T16:47:59Z,2026-08-30T16:57:59Z,10,hub,2026-09-17T00:49:00Z,2026-09-17T00:49:00Z,true
northumbrian:NWL01040:1788107279000,northumbrian:NWL01040,northumbrian,2026-08-30T16:27:59Z,2026-08-30T16:57:59Z,30,hub,2026-09-17T00:49:00Z,2026-09-17T00:49:00Z,true
northumbrian:NWL01043:1788111119000,northumbrian:NWL01043,northumbrian,2026-08-30T17:31:59Z,2026-08-30T17:49:59Z,18,hub,2026-09-17T00:49:00Z,2026-09-17T00:49:00Z,true
northumbrian:NWL01048:1788139200000,northumbrian:NWL01048,northumbrian,2026-08-31T01:19:59Z,2026-08-31T01:22:00Z,2,hub,2026-09-17T00:49:00Z,2026-09-19T05:40:26Z,true
northumbrian:NWL01049:1787143920000,northumbrian:NWL01049,northumbrian,2026-08-19T12:52:00Z,2026-08-19T13:26:00Z,34,hub,2026-09-17T00:49:00Z,2026-09-17T00:49:00Z,true
northumbrian:NWL01052:1788108561000,northumbrian:NWL01052,northumbrian,2026-08-30T16:49:21Z,2026-08-30T17:48:35Z,59,hub,2026-09-17T00:49:00Z,2026-09-17T00:49:00Z,true
northumbrian:NWL01057:1788124559000,northumbrian:NWL01057,northumbrian,2026-08-30T21:15:59Z,2026-08-30T21:57:59Z,42,hub,2026-09-17T00:49:00Z,2026-09-17T00:49:00Z,true
northumbrian:NWL01061:1788121799000,northumbrian:NWL01061,northumbrian,2026-08-30T20:29:59Z,2026-08-30T21:15:59Z,46,hub,2026-09-17T00:49:00Z,2026-09-17T00:49:00Z,true
northumbrian:NWL01065:1788104039000,northumbrian:NWL01065,northumbrian,2026-08-30T15:33:59Z,2026-08-30T15:59:59Z,26,hub,2026-09-17T00:49:00Z,2026-09-17T00:49:00Z,true
northumbrian:NWL01070:1788105418000,northumbrian:NWL01070,northumbrian,2026-08-30T15:56:58Z,2026-08-30T19:32:00Z,215,hub,2026-09-17T00:49:00Z,2026-09-17T00:49:00Z,true
northumbrian:NWL01071:1788127142000,northumbrian:NWL01071,northumbrian,2026-08-30T21:59:02Z,2026-08-30T22:19:43Z,21,hub,2026-09-17T00:49:00Z,2026-09-17T00:49:00Z,true
northumbrian:NWL01072:1788107039000,northumbrian:NWL01072,northumbrian,2026-08-30T16:23:59Z,2026-08-30T16:41:59Z,18,hub,2026-09-17T00:49:00Z,2026-09-17T00:49:00Z,true
northumbrian:NWL01074:1788122039000,northumbrian:NWL01074,northumbrian,2026-08-30T20:33:59Z,2026-08-30T20:57:59Z,24,hub,2026-09-17T00:49:00Z,2026-09-17T00:49:00Z,true
northumbrian:NWL01077:1788106319000,northumbrian:NWL01077,northumbrian,2026-08-30T16:11:59Z,2026-08-30T16:41:59Z,30,hub,2026-09-17T00:49:00Z,2026-09-17T00:49:00Z,true
northumbrian:NWL01079:1786996319000,northumbrian:NWL01079,northumbrian,2026-08-17T19:51:59Z,2026-08-17T20:03:59Z,12,hub,2026-09-17T00:49:00Z,2026-09-17T00:49:00Z,true
northumbrian:NWL01084:1787211620000,northumbrian:NWL01084,northumbrian,2026-08-20T07:40:20Z,2026-08-20T09:00:32Z,80,hub,2026-09-17T00:49:00Z,2026-09-17T00:49:00Z,true
northumbrian:NWL01087:1788108119000,northumbrian:NWL01087,northumbrian,2026-08-30T16:41:59Z,2026-08-30T16:43:59Z,2,hub,2026-09-17T00:49:00Z,2026-09-17T00:49:00Z,true
northumbrian:NWL01094:1788120959000,northumbrian:NWL01094,northumbrian,2026-08-30T20:15:59Z,2026-08-30T20:35:59Z,20,hub,2026-09-17T00:49:00Z,2026-09-17T00:49:00Z,true
northumbrian:NWL01095:1788107639000,northumbrian:NWL01095,northumbrian,2026-08-30T16:33:59Z,2026-08-30T16:39:59Z,6,hub,2026-09-17T00:49:00Z,2026-09-17T00:49:00Z,true
northumbrian:NWL01097:1788104341000,northumbrian:NWL01097,northumbrian,2026-08-30T15:39:01Z,2026-08-30T16:09:05Z,30,hub,2026-09-17T00:49:00Z,2026-09-17T00:49:00Z,true
northumbrian:NWL01098:1787983336000,northumbrian:NWL01098,northumbrian,2026-08-29T06:02:16Z,2026-08-29T06:24:13Z,22,hub,2026-09-17T00:49:00Z,2026-09-17T00:49:00Z,true
northumbrian:NWL01101:1787203713000,northumbrian:NWL01101,northumbrian,2026-08-20T05:28:33Z,2026-08-20T10:25:05Z,297,hub,2026-09-17T00:49:00Z,2026-09-17T00:49:00Z,true
northumbrian:NWL01107:1788122039000,northumbrian:NWL01107,northumbrian,2026-08-30T20:33:59Z,2026-08-30T20:49:59Z,16,hub,2026-09-17T00:49:00Z,2026-09-17T00:49:00Z,true
northumbrian:NWL01113:1788105959000,northumbrian:NWL01113,northumbrian,2026-08-30T16:05:59Z,2026-08-30T16:45:59Z,40,hub,2026-09-17T00:49:00Z,2026-09-17T00:49:00Z,true
northumbrian:NWL01118:1788102720000,northumbrian:NWL01118,northumbrian,2026-08-30T15:12:00Z,2026-08-30T15:24:00Z,12,hub,2026-09-17T00:49:00Z,2026-09-17T00:49:00Z,true
northumbrian:NWL01120:1788126479000,northumbrian:NWL01120,northumbrian,2026-08-30T21:47:59Z,2026-08-30T22:01:59Z,14,hub,2026-09-17T00:49:00Z,2026-09-17T00:49:00Z,true
northumbrian:NWL01126:1788105959000,northumbrian:NWL01126,northumbrian,2026-08-30T16:05:59Z,2026-08-30T16:17:59Z,12,hub,2026-09-17T00:49:00Z,2026-09-17T00:49:00Z,true
northumbrian:NWL01129:1787199719000,northumbrian:NWL01129,northumbrian,2026-08-20T04:21:59Z,2026-08-20T04:23:59Z,2,hub,2026-09-17T00:49:00Z,2026-09-17T00:49:00Z,true
northumbrian:NWL01131:1787207279000,northumbrian:NWL01131,northumbrian,2026-08-20T06:27:59Z,2026-08-20T12:05:59Z,338,hub,2026-09-17T00:49:00Z,2026-09-17T00:49:00Z,true
northumbrian:NWL01132:1787195399000,northumbrian:NWL01132,northumbrian,2026-08-20T03:09:59Z,2026-08-20T04:03:59Z,54,hub,2026-09-17T00:49:00Z,2026-09-17T00:49:00Z,true
northumbrian:NWL01134:1788124936000,northumbrian:NWL01134,northumbrian,2026-08-30T21:22:16Z,2026-08-30T22:10:40Z,48,hub,2026-09-17T00:49:00Z,2026-09-17T00:49:00Z,true
northumbrian:NWL01136:1788120719000,northumbrian:NWL01136,northumbrian,2026-08-30T20:11:59Z,2026-08-30T20:13:59Z,2,hub,2026-09-17T00:49:00Z,2026-09-17T00:49:00Z,true
northumbrian:NWL01137:1788121401000,northumbrian:NWL01137,northumbrian,2026-08-30T20:23:21Z,2026-08-30T20:54:01Z,31,hub,2026-09-17T00:49:00Z,2026-09-17T00:49:00Z,true
northumbrian:NWL01138:1788108383000,northumbrian:NWL01138,northumbrian,2026-08-30T16:46:23Z,2026-08-30T17:11:29Z,25,hub,2026-09-17T00:49:00Z,2026-09-17T00:49:00Z,true
northumbrian:NWL01142:1788123479000,northumbrian:NWL01142,northumbrian,2026-08-30T20:57:59Z,2026-08-30T21:43:59Z,46,hub,2026-09-17T00:49:00Z,2026-09-17T00:49:00Z,true
northumbrian:NWL01145:1788104999000,northumbrian:NWL01145,northumbrian,2026-08-30T15:49:59Z,2026-08-30T16:57:59Z,68,hub,2026-09-17T00:49:00Z,2026-09-17T00:49:00Z,true
northumbrian:NWL01146:1785707999000,northumbrian:NWL01146,northumbrian,2026-08-02T21:59:59Z,2026-08-02T22:01:59Z,2,hub,2026-09-17T00:49:00Z,2026-09-17T00:49:00Z,true
northumbrian:NWL01155:1788123839000,northumbrian:NWL01155,northumbrian,2026-08-30T21:03:59Z,2026-08-30T21:07:59Z,4,hub,2026-09-17T00:49:00Z,2026-09-17T00:49:00Z,true
northumbrian:NWL01156:1788081370000,northumbrian:NWL01156,northumbrian,2026-08-30T09:16:10Z,2026-08-30T10:06:40Z,51,hub,2026-09-17T00:49:00Z,2026-09-17T00:49:00Z,true
northumbrian:NWL01157:1788080530000,northumbrian:NWL01157,northumbrian,2026-08-30T09:02:10Z,2026-08-30T11:20:20Z,138,hub,2026-09-17T00:49:00Z,2026-09-17T00:49:00Z,true
northumbrian:NWL01164:1787162759000,northumbrian:NWL01164,northumbrian,2026-08-19T18:05:59Z,2026-08-19T18:07:59Z,2,hub,2026-09-17T00:49:00Z,2026-09-17T00:49:00Z,true
northumbrian:NWL01165:1788123599000,northumbrian:NWL01165,northumbrian,2026-08-30T20:59:59Z,2026-08-30T21:41:59Z,42,hub,2026-09-17T00:49:00Z,2026-09-17T00:49:00Z,true
northumbrian:NWL01166:1788132571000,northumbrian:NWL01166,northumbrian,2026-08-30T23:29:31Z,2026-08-30T23:30:21Z,1,hub,2026-09-17T00:49:00Z,2026-09-17T00:49:00Z,true
northumbrian:NWL01169:1788121559000,northumbrian:NWL01169,northumbrian,2026-08-30T20:25:59Z,2026-08-30T21:01:59Z,36,hub,2026-09-17T00:49:00Z,2026-09-17T00:49:00Z,true
northumbrian:NWL01173:1787214478000,northumbrian:NWL01173,northumbrian,2026-08-20T08:27:58Z,2026-08-20T11:31:00Z,183,hub,2026-09-17T00:49:00Z,2026-09-17T00:49:00Z,true
northumbrian:NWL01174:1788125759000,northumbrian:NWL01174,northumbrian,2026-08-30T21:35:59Z,2026-08-30T21:49:59Z,14,hub,2026-09-17T00:49:00Z,2026-09-17T00:49:00Z,true
northumbrian:NWL01176:1788128399000,northumbrian:NWL01176,northumbrian,2026-08-30T22:19:59Z,2026-08-31T02:31:59Z,252,hub,2026-09-17T00:49:00Z,2026-09-17T00:49:00Z,true
northumbrian:NWL01179:1788123350000,northumbrian:NWL01179,northumbrian,2026-08-30T20:55:50Z,2026-08-30T20:56:40Z,1,hub,2026-09-17T00:49:00Z,2026-09-17T00:49:00Z,true
northumbrian:NWL01180:1788108849000,northumbrian:NWL01180,northumbrian,2026-08-30T16:54:00Z,2026-08-30T17:02:09Z,8,hub,2026-09-17T00:49:00Z,2026-09-19T05:40:26Z,true
northumbrian:NWL01181:1788107519000,northumbrian:NWL01181,northumbrian,2026-08-30T16:31:59Z,2026-08-30T17:11:59Z,40,hub,2026-09-17T00:49:00Z,2026-09-17T00:49:00Z,true
northumbrian:NWL01183:1787286810000,northumbrian:NWL01183,northumbrian,2026-08-21T04:33:30Z,2026-08-21T04:33:40Z,0,hub,2026-09-17T00:49:00Z,2026-09-17T00:49:00Z,true
northumbrian:NWL01188:1788108119000,northumbrian:NWL01188,northumbrian,2026-08-30T16:41:59Z,2026-08-30T17:21:59Z,40,hub,2026-09-17T00:49:00Z,2026-09-17T00:49:00Z,true
northumbrian:NWL01193:1787202839000,northumbrian:NWL01193,northumbrian,2026-08-20T05:13:59Z,2026-08-20T05:25:59Z,12,hub,2026-09-17T00:49:00Z,2026-09-17T00:49:00Z,true
northumbrian:NWL01197:1788125639000,northumbrian:NWL01197,northumbrian,2026-08-30T21:33:59Z,2026-08-30T22:33:59Z,60,hub,2026-09-17T00:49:00Z,2026-09-17T00:49:00Z,true
northumbrian:NWL01203:1788108599000,northumbrian:NWL01203,northumbrian,2026-08-30T16:49:59Z,2026-08-30T17:09:59Z,20,hub,2026-09-17T00:49:00Z,2026-09-17T00:49:00Z,true
northumbrian:NWL01204:1788109199000,northumbrian:NWL01204,northumbrian,2026-08-30T16:59:59Z,2026-08-30T17:01:59Z,2,hub,2026-09-17T00:49:00Z,2026-09-17T00:49:00Z,true
northumbrian:NWL01205:1787138159000,northumbrian:NWL01205,northumbrian,2026-08-19T11:15:59Z,2026-08-19T11:17:59Z,2,hub,2026-09-17T00:49:00Z,2026-09-17T00:49:00Z,true
northumbrian:NWL01206:1788131623000,northumbrian:NWL01206,northumbrian,2026-08-30T23:13:43Z,2026-08-30T23:24:38Z,11,hub,2026-09-17T00:49:00Z,2026-09-17T00:49:00Z,true
northumbrian:NWL01210:1786396320000,northumbrian:NWL01210,northumbrian,2026-08-10T21:12:00Z,2026-08-10T21:12:19Z,0,hub,2026-09-17T00:49:00Z,2026-09-17T00:49:00Z,true
northumbrian:NWL01214:1788125759000,northumbrian:NWL01214,northumbrian,2026-08-30T21:35:59Z,2026-08-30T23:15:59Z,100,hub,2026-09-17T00:49:00Z,2026-09-17T00:49:00Z,true
northumbrian:NWL01214:1788131639000,northumbrian:NWL01214,northumbrian,2026-08-30T23:13:59Z,2026-08-30T23:15:59Z,2,hub,2026-09-19T05:40:26Z,2026-09-19T05:40:26Z,true
northumbrian:NWL01216:1788122796000,northumbrian:NWL01216,northumbrian,2026-08-30T20:46:36Z,2026-08-30T21:05:12Z,19,hub,2026-09-17T00:49:00Z,2026-09-17T00:49:00Z,true
northumbrian:NWL01226:1787222610000,northumbrian:NWL01226,northumbrian,2026-08-20T10:43:30Z,2026-08-20T10:45:10Z,2,hub,2026-09-17T00:49:00Z,2026-09-17T00:49:00Z,true
northumbrian:NWL01227:1788106799000,northumbrian:NWL01227,northumbrian,2026-08-30T16:19:59Z,2026-08-30T16:37:59Z,18,hub,2026-09-17T00:49:00Z,2026-09-17T00:49:00Z,true
northumbrian:NWL01229:1787180999000,northumbrian:NWL01229,northumbrian,2026-08-19T23:09:59Z,2026-08-19T23:31:59Z,22,hub,2026-09-17T00:49:00Z,2026-09-17T00:49:00Z,true
northumbrian:NWL01230:1788106319000,northumbrian:NWL01230,northumbrian,2026-08-30T16:11:59Z,2026-08-30T16:17:59Z,6,hub,2026-09-17T00:49:00Z,2026-09-17T00:49:00Z,true
northumbrian:NWL01233:1788121559000,northumbrian:NWL01233,northumbrian,2026-08-30T20:25:59Z,2026-08-30T22:29:59Z,124,hub,2026-09-17T00:49:00Z,2026-09-17T00:49:00Z,true
northumbrian:NWL01234:1788120119000,northumbrian:NWL01234,northumbrian,2026-08-30T20:01:59Z,2026-08-30T20:17:59Z,16,hub,2026-09-17T00:49:00Z,2026-09-17T00:49:00Z,true
northumbrian:NWL01250:1786998599000,northumbrian:NWL01250,northumbrian,2026-08-17T20:29:59Z,2026-08-17T21:14:59Z,45,hub,2026-09-17T00:49:00Z,2026-09-17T00:49:00Z,true
northumbrian:NWL01254:1788121079000,northumbrian:NWL01254,northumbrian,2026-08-30T20:17:59Z,2026-08-30T21:05:59Z,48,hub,2026-09-17T00:49:00Z,2026-09-17T00:49:00Z,true
northumbrian:NWL01256:1788107640000,northumbrian:NWL01256,northumbrian,2026-08-30T16:34:00Z,2026-08-30T17:50:00Z,76,hub,2026-09-17T00:49:00Z,2026-09-17T00:49:00Z,true
northumbrian:NWL01257:1785830999000,northumbrian:NWL01257,northumbrian,2026-08-04T08:09:59Z,2026-08-04T08:23:59Z,14,hub,2026-09-17T00:49:00Z,2026-09-17T00:49:00Z,true
northumbrian:NWL01260:1788106799000,northumbrian:NWL01260,northumbrian,2026-08-30T16:19:59Z,2026-08-30T17:29:59Z,70,hub,2026-09-17T00:49:00Z,2026-09-17T00:49:00Z,true
northumbrian:NWL01264:1788108198000,northumbrian:NWL01264,northumbrian,2026-08-30T16:43:18Z,2026-08-30T17:31:02Z,48,hub,2026-09-17T00:49:00Z,2026-09-17T00:49:00Z,true
northumbrian:NWL01268:1788107778000,northumbrian:NWL01268,northumbrian,2026-08-30T16:36:18Z,2026-08-31T05:04:01Z,748,hub,2026-09-17T00:49:00Z,2026-09-17T00:49:00Z,true
northumbrian:NWL01272:1787564519000,northumbrian:NWL01272,northumbrian,2026-08-24T09:41:59Z,2026-08-24T09:54:00Z,12,hub,2026-09-17T00:49:00Z,2026-09-17T00:49:00Z,true
northumbrian:NWL01273:1788106199000,northumbrian:NWL01273,northumbrian,2026-08-30T16:09:59Z,2026-08-30T16:13:59Z,4,hub,2026-09-17T00:49:00Z,2026-09-17T00:49:00Z,true
northumbrian:NWL01279:1788124919000,northumbrian:NWL01279,northumbrian,2026-08-30T21:21:59Z,2026-08-30T21:37:59Z,16,hub,2026-09-17T00:49:00Z,2026-09-17T00:49:00Z,true
northumbrian:NWL01282:1787578422000,northumbrian:NWL01282,northumbrian,2026-08-24T13:33:42Z,2026-08-24T13:37:20Z,4,hub,2026-09-17T00:49:00Z,2026-09-17T00:49:00Z,true
northumbrian:NWL01283:1786032912000,northumbrian:NWL01283,northumbrian,2026-08-06T16:15:12Z,2026-08-06T16:15:42Z,1,hub,2026-09-17T00:49:00Z,2026-09-17T00:49:00Z,true
northumbrian:NWL01285:1788107039000,northumbrian:NWL01285,northumbrian,2026-08-30T16:23:59Z,2026-08-30T16:29:59Z,6,hub,2026-09-17T00:49:00Z,2026-09-17T00:49:00Z,true
northumbrian:NWL01287:1788120119000,northumbrian:NWL01287,northumbrian,2026-08-30T20:01:59Z,2026-08-30T21:04:00Z,62,hub,2026-09-17T00:49:00Z,2026-09-17T00:49:00Z,true
northumbrian:NWL01288:1788107519000,northumbrian:NWL01288,northumbrian,2026-08-30T16:31:59Z,2026-08-30T16:35:59Z,4,hub,2026-09-17T00:49:00Z,2026-09-17T00:49:00Z,true
northumbrian:NWL01292:1787200079000,northumbrian:NWL01292,northumbrian,2026-08-20T04:27:59Z,2026-08-20T05:03:59Z,36,hub,2026-09-17T00:49:00Z,2026-09-17T00:49:00Z,true
northumbrian:NWL01294:1788125399000,northumbrian:NWL01294,northumbrian,2026-08-30T21:29:59Z,2026-08-31T00:43:59Z,194,hub,2026-09-17T00:49:00Z,2026-09-17T00:49:00Z,true
northumbrian:NWL01298:1788121199000,northumbrian:NWL01298,northumbrian,2026-08-30T20:19:59Z,2026-08-30T20:39:59Z,20,hub,2026-09-17T00:49:00Z,2026-09-17T00:49:00Z,true
northumbrian:NWL01303:1787167919000,northumbrian:NWL01303,northumbrian,2026-08-19T19:31:59Z,2026-08-19T21:01:59Z,90,hub,2026-09-17T00:49:00Z,2026-09-17T00:49:00Z,true
northumbrian:NWL01305:1788111217000,northumbrian:NWL01305,northumbrian,2026-08-30T17:33:37Z,2026-08-30T19:06:00Z,92,hub,2026-09-17T00:49:00Z,2026-09-17T00:49:00Z,true
northumbrian:NWL01306:1788034800000,northumbrian:NWL01306,northumbrian,2026-08-29T20:20:00Z,2026-08-29T20:42:00Z,22,hub,2026-09-17T00:49:00Z,2026-09-17T00:49:00Z,true
northumbrian:NWL01307:1788107039000,northumbrian:NWL01307,northumbrian,2026-08-30T16:23:59Z,2026-08-30T16:29:59Z,6,hub,2026-09-17T00:49:00Z,2026-09-17T00:49:00Z,true
northumbrian:NWL01309:1787183879000,northumbrian:NWL01309,northumbrian,2026-08-19T23:57:59Z,2026-08-20T02:27:59Z,150,hub,2026-09-17T00:49:00Z,2026-09-17T00:49:00Z,true
northumbrian:NWL01311:1787184671000,northumbrian:NWL01311,northumbrian,2026-08-20T00:11:11Z,2026-08-20T01:50:10Z,99,hub,2026-09-17T00:49:00Z,2026-09-17T00:49:00Z,true
northumbrian:NWL01312:1788123119000,northumbrian:NWL01312,northumbrian,2026-08-30T20:51:59Z,2026-08-30T21:21:59Z,30,hub,2026-09-17T00:49:00Z,2026-09-17T00:49:00Z,true
northumbrian:NWL01313:1788125665000,northumbrian:NWL01313,northumbrian,2026-08-30T21:34:25Z,2026-08-30T22:00:04Z,26,hub,2026-09-17T00:49:00Z,2026-09-17T00:49:00Z,true
northumbrian:NWL01316:1788106679000,northumbrian:NWL01316,northumbrian,2026-08-30T16:17:59Z,2026-08-30T17:07:59Z,50,hub,2026-09-17T00:49:00Z,2026-09-17T00:49:00Z,true
northumbrian:NWL01317:1788110879000,northumbrian:NWL01317,northumbrian,2026-08-30T17:27:59Z,2026-08-30T17:33:59Z,6,hub,2026-09-17T00:49:00Z,2026-09-17T00:49:00Z,true
northumbrian:NWL01319:1788120119000,northumbrian:NWL01319,northumbrian,2026-08-30T20:01:59Z,2026-08-30T20:47:59Z,46,hub,2026-09-17T00:49:00Z,2026-09-17T00:49:00Z,true
northumbrian:NWL01321:1788131999000,northumbrian:NWL01321,northumbrian,2026-08-30T23:19:59Z,2026-08-30T23:21:59Z,2,hub,2026-09-17T00:49:00Z,2026-09-17T00:49:00Z,true
northumbrian:NWL01322:1787381130000,northumbrian:NWL01322,northumbrian,2026-08-22T06:45:30Z,2026-08-22T06:47:37Z,2,hub,2026-09-17T00:49:00Z,2026-09-17T00:49:00Z,true
northumbrian:NWL01322:1787470475000,northumbrian:NWL01322,northumbrian,2026-08-23T07:34:35Z,2026-08-23T07:37:02Z,2,hub,2026-09-19T05:40:26Z,2026-09-19T05:40:26Z,true
northumbrian:NWL01323:1788122279000,northumbrian:NWL01323,northumbrian,2026-08-30T20:37:59Z,2026-08-30T20:49:59Z,12,hub,2026-09-17T00:49:00Z,2026-09-17T00:49:00Z,true
northumbrian:NWL01324:1788122039000,northumbrian:NWL01324,northumbrian,2026-08-30T20:33:59Z,2026-08-30T21:05:59Z,32,hub,2026-09-17T00:49:00Z,2026-09-17T00:49:00Z,true
northumbrian:NWL01327:1787149199000,northumbrian:NWL01327,northumbrian,2026-08-19T14:19:59Z,2026-08-19T14:23:59Z,4,hub,2026-09-17T00:49:00Z,2026-09-17T00:49:00Z,true
northumbrian:NWL01333:1787223719000,northumbrian:NWL01333,northumbrian,2026-08-20T11:01:59Z,2026-08-20T11:15:59Z,14,hub,2026-09-17T00:49:00Z,2026-09-17T00:49:00Z,true
northumbrian:NWL01335:1788109754000,northumbrian:NWL01335,northumbrian,2026-08-30T17:09:14Z,2026-08-30T19:00:43Z,111,hub,2026-09-17T00:49:00Z,2026-09-17T00:49:00Z,true
northumbrian:NWL01336:1788107519000,northumbrian:NWL01336,northumbrian,2026-08-30T16:31:59Z,2026-08-30T16:57:59Z,26,hub,2026-09-17T00:49:00Z,2026-09-17T00:49:00Z,true
northumbrian:NWL01340:1788107159000,northumbrian:NWL01340,northumbrian,2026-08-30T16:25:59Z,2026-08-30T17:28:00Z,62,hub,2026-09-17T00:49:00Z,2026-09-17T00:49:00Z,true
northumbrian:NWL01341:1788107279000,northumbrian:NWL01341,northumbrian,2026-08-30T16:27:59Z,2026-08-30T17:17:59Z,50,hub,2026-09-17T00:49:00Z,2026-09-17T00:49:00Z,true
northumbrian:NWL01346:1787143680000,northumbrian:NWL01346,northumbrian,2026-08-19T12:48:00Z,2026-08-19T12:58:00Z,10,hub,2026-09-17T00:49:00Z,2026-09-17T00:49:00Z,true
northumbrian:NWL01347:1788107399000,northumbrian:NWL01347,northumbrian,2026-08-30T16:29:59Z,2026-08-30T18:23:59Z,114,hub,2026-09-17T00:49:00Z,2026-09-17T00:49:00Z,true
northumbrian:NWL01349:1788121919000,northumbrian:NWL01349,northumbrian,2026-08-30T20:31:59Z,2026-08-30T21:29:59Z,58,hub,2026-09-17T00:49:00Z,2026-09-17T00:49:00Z,true
northumbrian:NWL01355:1788107159000,northumbrian:NWL01355,northumbrian,2026-08-30T16:25:59Z,2026-08-30T16:27:59Z,2,hub,2026-09-17T00:49:00Z,2026-09-17T00:49:00Z,true
northumbrian:NWL01357:1786999919000,northumbrian:NWL01357,northumbrian,2026-08-17T20:51:59Z,2026-08-17T21:51:59Z,60,hub,2026-09-17T00:49:00Z,2026-09-17T00:49:00Z,true
northumbrian:NWL01363:1787212079000,northumbrian:NWL01363,northumbrian,2026-08-20T07:47:59Z,2026-08-20T08:51:59Z,64,hub,2026-09-17T11:32:49Z,2026-09-17T11:32:49Z,true
northumbrian:NWL01364:1788107159000,northumbrian:NWL01364,northumbrian,2026-08-30T16:25:59Z,2026-08-30T16:43:59Z,18,hub,2026-09-17T00:49:00Z,2026-09-17T00:49:00Z,true
northumbrian:NWL01368:1787208719000,northumbrian:NWL01368,northumbrian,2026-08-20T06:51:59Z,2026-08-20T07:07:59Z,16,hub,2026-09-17T00:49:00Z,2026-09-17T00:49:00Z,true
northumbrian:NWL01371:1788107639000,northumbrian:NWL01371,northumbrian,2026-08-30T16:33:59Z,2026-08-30T16:39:59Z,6,hub,2026-09-17T00:49:00Z,2026-09-17T00:49:00Z,true
northumbrian:NWL01374:1787211780000,northumbrian:NWL01374,northumbrian,2026-08-20T07:43:00Z,2026-08-20T07:45:20Z,2,hub,2026-09-17T00:49:00Z,2026-09-17T00:49:00Z,true
northumbrian:NWL01378:1788105119000,northumbrian:NWL01378,northumbrian,2026-08-30T15:51:59Z,2026-08-30T16:39:59Z,48,hub,2026-09-17T00:49:00Z,2026-09-17T00:49:00Z,true
northumbrian:NWL01379:1787256360000,northumbrian:NWL01379,northumbrian,2026-08-20T20:06:00Z,2026-08-20T20:08:00Z,2,hub,2026-09-17T00:49:00Z,2026-09-17T00:49:00Z,true
northumbrian:NWL01380:1788123290000,northumbrian:NWL01380,northumbrian,2026-08-30T20:54:50Z,2026-08-30T21:17:40Z,23,hub,2026-09-17T00:49:00Z,2026-09-17T00:49:00Z,true
northumbrian:NWL01381:1787191403000,northumbrian:NWL01381,northumbrian,2026-08-20T02:03:23Z,2026-08-20T07:14:37Z,311,hub,2026-09-17T00:49:00Z,2026-09-17T00:49:00Z,true
northumbrian:NWL01384:1787210159000,northumbrian:NWL01384,northumbrian,2026-08-20T07:15:59Z,2026-08-20T07:27:59Z,12,hub,2026-09-17T00:49:00Z,2026-09-17T00:49:00Z,true
northumbrian:NWL01386:1788122100000,northumbrian:NWL01386,northumbrian,2026-08-30T20:35:00Z,2026-08-30T21:20:00Z,45,hub,2026-09-17T00:49:00Z,2026-09-17T00:49:00Z,true
northumbrian:NWL01387:1787119690000,northumbrian:NWL01387,northumbrian,2026-08-19T06:08:10Z,2026-08-19T06:20:00Z,12,hub,2026-09-17T00:49:00Z,2026-09-17T00:49:00Z,true
northumbrian:NWL01391:1788123599000,northumbrian:NWL01391,northumbrian,2026-08-30T20:59:59Z,2026-08-30T21:19:59Z,20,hub,2026-09-17T00:49:00Z,2026-09-17T00:49:00Z,true
northumbrian:NWL01395:1788104759000,northumbrian:NWL01395,northumbrian,2026-08-30T15:45:59Z,2026-08-30T17:15:59Z,90,hub,2026-09-17T00:49:00Z,2026-09-17T00:49:00Z,true
northumbrian:NWL01396:1787201233000,northumbrian:NWL01396,northumbrian,2026-08-20T04:47:13Z,2026-08-20T09:36:16Z,289,hub,2026-09-17T00:49:00Z,2026-09-17T00:49:00Z,true
northumbrian:NWL01399:1787143079000,northumbrian:NWL01399,northumbrian,2026-08-19T12:37:59Z,2026-08-19T12:39:59Z,2,hub,2026-09-17T00:49:00Z,2026-09-17T00:49:00Z,true
northumbrian:NWL01403:1787228312000,northumbrian:NWL01403,northumbrian,2026-08-20T12:18:32Z,2026-08-20T12:20:32Z,2,hub,2026-09-17T00:49:00Z,2026-09-17T00:49:00Z,true
northumbrian:NWL01407:1788120839000,northumbrian:NWL01407,northumbrian,2026-08-30T20:13:59Z,2026-08-30T21:03:59Z,50,hub,2026-09-17T00:49:00Z,2026-09-17T00:49:00Z,true
northumbrian:NWL01410:1788116160000,northumbrian:NWL01410,northumbrian,2026-08-30T18:56:00Z,2026-08-30T18:59:59Z,4,hub,2026-09-17T00:49:00Z,2026-09-17T00:49:00Z,true
northumbrian:NWL01415:1788107759000,northumbrian:NWL01415,northumbrian,2026-08-30T16:35:59Z,2026-08-30T16:59:59Z,24,hub,2026-09-17T00:49:00Z,2026-09-17T00:49:00Z,true
northumbrian:NWL01420(2):1787174017000,northumbrian:NWL01420(2),northumbrian,2026-08-19T21:13:37Z,2026-08-19T21:17:51Z,4,hub,2026-09-17T00:49:00Z,2026-09-17T00:49:00Z,true
northumbrian:NWL01421:1788106919000,northumbrian:NWL01421,northumbrian,2026-08-30T16:21:59Z,2026-08-30T16:39:59Z,18,hub,2026-09-17T00:49:00Z,2026-09-17T00:49:00Z,true
northumbrian:NWL01422:1788109799000,northumbrian:NWL01422,northumbrian,2026-08-30T17:09:59Z,2026-08-30T17:46:00Z,36,hub,2026-09-17T00:49:00Z,2026-09-17T00:49:00Z,true
northumbrian:NWL01423:1788107399000,northumbrian:NWL01423,northumbrian,2026-08-30T16:29:59Z,2026-08-30T17:33:59Z,64,hub,2026-09-17T00:49:00Z,2026-09-17T00:49:00Z,true
northumbrian:NWL01424:1787195279000,northumbrian:NWL01424,northumbrian,2026-08-20T03:07:59Z,2026-08-20T03:15:59Z,8,hub,2026-09-17T00:49:00Z,2026-09-17T00:49:00Z,true
northumbrian:NWL01425:1788021599000,northumbrian:NWL01425,northumbrian,2026-08-29T16:39:59Z,2026-08-29T16:47:59Z,8,hub,2026-09-17T00:49:00Z,2026-09-17T00:49:00Z,true
northumbrian:NWL01426:1788105479000,northumbrian:NWL01426,northumbrian,2026-08-30T15:57:59Z,2026-08-30T17:24:00Z,86,hub,2026-09-17T00:49:00Z,2026-09-17T00:49:00Z,true
northumbrian:NWL01427:1788120719000,northumbrian:NWL01427,northumbrian,2026-08-30T20:11:59Z,2026-08-30T20:17:59Z,6,hub,2026-09-17T00:49:00Z,2026-09-17T00:49:00Z,true
northumbrian:NWL01429:1786009560000,northumbrian:NWL01429,northumbrian,2026-08-06T09:46:00Z,2026-08-06T09:47:50Z,2,hub,2026-09-17T00:49:00Z,2026-09-17T00:49:00Z,true
northumbrian:NWL01436:1788121559000,northumbrian:NWL01436,northumbrian,2026-08-30T20:25:59Z,2026-08-30T20:31:59Z,6,hub,2026-09-17T00:49:00Z,2026-09-17T00:49:00Z,true
northumbrian:NWL01441:1788121919000,northumbrian:NWL01441,northumbrian,2026-08-30T20:31:59Z,2026-08-30T20:43:59Z,12,hub,2026-09-17T00:49:00Z,2026-09-17T00:49:00Z,true
northumbrian:NWL01444:1788106199000,northumbrian:NWL01444,northumbrian,2026-08-30T16:09:59Z,2026-08-30T16:55:59Z,46,hub,2026-09-17T00:49:00Z,2026-09-17T00:49:00Z,true
northumbrian:NWL01447:1786577999000,northumbrian:NWL01447,northumbrian,2026-08-12T23:39:59Z,2026-08-12T23:41:59Z,2,hub,2026-09-17T00:49:00Z,2026-09-17T00:49:00Z,true
northumbrian:NWL01448:1785834814000,northumbrian:NWL01448,northumbrian,2026-08-04T09:13:34Z,2026-08-07T22:48:10Z,5135,hub,2026-09-17T00:49:00Z,2026-09-17T00:49:00Z,true
northumbrian:NWL01450:1788107639000,northumbrian:NWL01450,northumbrian,2026-08-30T16:33:59Z,2026-08-30T17:37:59Z,64,hub,2026-09-17T00:49:00Z,2026-09-17T00:49:00Z,true
northumbrian:NWL01451:1788123599000,northumbrian:NWL01451,northumbrian,2026-08-30T20:59:59Z,2026-08-30T21:45:59Z,46,hub,2026-09-17T00:49:00Z,2026-09-17T00:49:00Z,true
northumbrian:NWL01453:1788143279000,northumbrian:NWL01453,northumbrian,2026-08-31T02:27:59Z,2026-08-31T02:39:59Z,12,hub,2026-09-17T00:49:00Z,2026-09-17T00:49:00Z,true
northumbrian:NWL01454:1788113999000,northumbrian:NWL01454,northumbrian,2026-08-30T18:19:59Z,2026-08-30T18:21:59Z,2,hub,2026-09-17T00:49:00Z,2026-09-17T00:49:00Z,true
northumbrian:NWL01456:1787167919000,northumbrian:NWL01456,northumbrian,2026-08-19T19:31:59Z,2026-08-19T19:43:59Z,12,hub,2026-09-17T00:49:00Z,2026-09-17T00:49:00Z,true
northumbrian:NWL01459:1788109319000,northumbrian:NWL01459,northumbrian,2026-08-30T17:01:59Z,2026-08-30T18:17:59Z,76,hub,2026-09-17T00:49:00Z,2026-09-17T00:49:00Z,true
northumbrian:NWL01460:1788107279000,northumbrian:NWL01460,northumbrian,2026-08-30T16:27:59Z,2026-08-30T17:39:59Z,72,hub,2026-09-17T00:49:00Z,2026-09-17T00:49:00Z,true
northumbrian:NWL01461:1788111270000,northumbrian:NWL01461,northumbrian,2026-08-30T17:34:30Z,2026-08-30T17:34:50Z,0,hub,2026-09-17T00:49:00Z,2026-09-17T00:49:00Z,true
northumbrian:NWL01462:1788114032000,northumbrian:NWL01462,northumbrian,2026-08-30T18:20:32Z,2026-08-30T19:54:32Z,94,hub,2026-09-17T00:49:00Z,2026-09-17T00:49:00Z,true
northumbrian:NWL01466:1788107519000,northumbrian:NWL01466,northumbrian,2026-08-30T16:31:59Z,2026-08-30T16:41:59Z,10,hub,2026-09-17T00:49:00Z,2026-09-17T00:49:00Z,true
northumbrian:NWL01470:1785890519000,northumbrian:NWL01470,northumbrian,2026-08-05T00:41:59Z,2026-08-05T00:43:59Z,2,hub,2026-09-17T00:49:00Z,2026-09-17T00:49:00Z,true
northumbrian:NWL01474:1788107639000,northumbrian:NWL01474,northumbrian,2026-08-30T16:33:59Z,2026-08-30T16:57:59Z,24,hub,2026-09-17T00:49:00Z,2026-09-17T00:49:00Z,true
northumbrian:NWL01475:1787001862000,northumbrian:NWL01475,northumbrian,2026-08-17T21:24:22Z,2026-08-17T23:24:56Z,121,hub,2026-09-17T00:49:00Z,2026-09-17T00:49:00Z,true
northumbrian:NWL01477:1788106439000,northumbrian:NWL01477,northumbrian,2026-08-30T16:13:59Z,2026-08-30T16:43:59Z,30,hub,2026-09-17T00:49:00Z,2026-09-17T00:49:00Z,true
northumbrian:NWL01478:1788107639000,northumbrian:NWL01478,northumbrian,2026-08-30T16:33:59Z,2026-08-30T17:33:59Z,60,hub,2026-09-17T00:49:00Z,2026-09-17T00:49:00Z,true
northumbrian:NWL01480:1787206559000,northumbrian:NWL01480,northumbrian,2026-08-20T06:15:59Z,2026-08-20T06:39:59Z,24,hub,2026-09-17T00:49:00Z,2026-09-17T00:49:00Z,true
northumbrian:NWL01481:1786997519000,northumbrian:NWL01481,northumbrian,2026-08-17T20:11:59Z,2026-08-17T20:57:59Z,46,hub,2026-09-17T00:49:00Z,2026-09-17T00:49:00Z,true
northumbrian:NWL01482:1787001599000,northumbrian:NWL01482,northumbrian,2026-08-17T21:19:59Z,2026-08-17T21:47:59Z,28,hub,2026-09-17T00:49:00Z,2026-09-17T00:49:00Z,true
northumbrian:NWL01484:1787200439000,northumbrian:NWL01484,northumbrian,2026-08-20T04:33:59Z,2026-08-20T04:37:59Z,4,hub,2026-09-17T00:49:00Z,2026-09-17T00:49:00Z,true
northumbrian:NWL01486:1788107519000,northumbrian:NWL01486,northumbrian,2026-08-30T16:31:59Z,2026-08-30T17:01:59Z,30,hub,2026-09-17T00:49:00Z,2026-09-17T00:49:00Z,true
northumbrian:NWL01487:1788106919000,northumbrian:NWL01487,northumbrian,2026-08-30T16:21:59Z,2026-08-30T16:27:59Z,6,hub,2026-09-17T00:49:00Z,2026-09-17T00:49:00Z,true
northumbrian:NWL01491:1788122159000,northumbrian:NWL01491,northumbrian,2026-08-30T20:35:59Z,2026-08-30T20:59:59Z,24,hub,2026-09-17T00:49:00Z,2026-09-17T00:49:00Z,true
northumbrian:NWL01494:1788122879000,northumbrian:NWL01494,northumbrian,2026-08-30T20:47:59Z,2026-08-30T20:53:59Z,6,hub,2026-09-17T00:49:00Z,2026-09-17T00:49:00Z,true
northumbrian:NWL01499:1788107159000,northumbrian:NWL01499,northumbrian,2026-08-30T16:25:59Z,2026-08-30T17:05:59Z,40,hub,2026-09-17T00:49:00Z,2026-09-17T00:49:00Z,true
northumbrian:NWL01502:1788121919000,northumbrian:NWL01502,northumbrian,2026-08-30T20:31:59Z,2026-08-30T20:37:59Z,6,hub,2026-09-17T00:49:00Z,2026-09-17T00:49:00Z,true
northumbrian:NWL01512:1788164034000,northumbrian:NWL01512,northumbrian,2026-08-31T08:13:54Z,2026-08-31T09:01:00Z,47,hub,2026-09-17T00:49:00Z,2026-09-17T00:49:00Z,true
northumbrian:NWL01513:1788107879000,northumbrian:NWL01513,northumbrian,2026-08-30T16:37:59Z,2026-08-30T16:57:59Z,20,hub,2026-09-17T00:49:00Z,2026-09-17T00:49:00Z,true
northumbrian:NWL01514:1788122279000,northumbrian:NWL01514,northumbrian,2026-08-30T20:37:59Z,2026-08-30T20:41:59Z,4,hub,2026-09-17T00:49:00Z,2026-09-17T00:49:00Z,true
northumbrian:NWL01522:1787211410000,northumbrian:NWL01522,northumbrian,2026-08-20T07:36:50Z,2026-08-20T08:52:20Z,76,hub,2026-09-17T00:49:00Z,2026-09-17T00:49:00Z,true
northumbrian:NWL01524:1788106319000,northumbrian:NWL01524,northumbrian,2026-08-30T16:11:59Z,2026-08-30T16:21:59Z,10,hub,2026-09-17T00:49:00Z,2026-09-17T00:49:00Z,true
northumbrian:NWL01530:1788107879000,northumbrian:NWL01530,northumbrian,2026-08-30T16:37:59Z,2026-08-30T17:00:00Z,22,hub,2026-09-17T00:49:00Z,2026-09-17T00:49:00Z,true
northumbrian:NWL01533:1787231588000,northumbrian:NWL01533,northumbrian,2026-08-20T13:13:08Z,2026-08-20T13:27:52Z,15,hub,2026-09-17T00:49:00Z,2026-09-17T00:49:00Z,true
northumbrian:NWL01537(1):1787821850000,northumbrian:NWL01537(1),northumbrian,2026-08-27T09:10:50Z,2026-08-27T09:13:10Z,2,hub,2026-09-17T00:49:00Z,2026-09-17T00:49:00Z,true
northumbrian:NWL01537(2):1787826180000,northumbrian:NWL01537(2),northumbrian,2026-08-27T10:23:00Z,2026-08-27T10:23:50Z,1,hub,2026-09-17T00:49:00Z,2026-09-17T00:49:00Z,true
northumbrian:NWL01538:1788111719000,northumbrian:NWL01538,northumbrian,2026-08-30T17:41:59Z,2026-08-30T17:47:59Z,6,hub,2026-09-17T00:49:00Z,2026-09-17T00:49:00Z,true
northumbrian:NWL01540:1787199157000,northumbrian:NWL01540,northumbrian,2026-08-20T04:12:37Z,2026-08-20T09:04:05Z,291,hub,2026-09-17T00:49:00Z,2026-09-17T00:49:00Z,true
northumbrian:NWL01542:1788122160000,northumbrian:NWL01542,northumbrian,2026-08-30T20:25:59Z,2026-08-30T20:37:59Z,12,hub,2026-09-17T00:49:00Z,2026-09-19T05:40:26Z,true
northumbrian:NWL01545:1788107519000,northumbrian:NWL01545,northumbrian,2026-08-30T16:31:59Z,2026-08-30T16:37:59Z,6,hub,2026-09-17T00:49:00Z,2026-09-17T00:49:00Z,true
northumbrian:NWL01548:1785830399000,northumbrian:NWL01548,northumbrian,2026-08-04T07:59:59Z,2026-08-04T08:31:59Z,32,hub,2026-09-17T00:49:00Z,2026-09-17T00:49:00Z,true
northumbrian:NWL01549:1787168159000,northumbrian:NWL01549,northumbrian,2026-08-19T19:35:59Z,2026-08-19T21:25:59Z,110,hub,2026-09-17T00:49:00Z,2026-09-17T00:49:00Z,true
northumbrian:NWL01550:1788107639000,northumbrian:NWL01550,northumbrian,2026-08-30T16:33:59Z,2026-08-30T16:39:59Z,6,hub,2026-09-17T00:49:00Z,2026-09-17T00:49:00Z,true
northumbrian:NWL01558:1786705272000,northumbrian:NWL01558,northumbrian,2026-08-14T11:01:12Z,2026-08-14T11:23:25Z,22,hub,2026-09-17T00:49:00Z,2026-09-17T00:49:00Z,true
northumbrian:NWL01560:1788104519000,northumbrian:NWL01560,northumbrian,2026-08-30T15:41:59Z,2026-08-30T16:01:59Z,20,hub,2026-09-17T00:49:00Z,2026-09-17T00:49:00Z,true
northumbrian:NWL01561:1787143319000,northumbrian:NWL01561,northumbrian,2026-08-19T12:41:59Z,2026-08-19T12:43:59Z,2,hub,2026-09-17T00:49:00Z,2026-09-17T00:49:00Z,true
northumbrian:NWL01563:1788120479000,northumbrian:NWL01563,northumbrian,2026-08-30T20:07:59Z,2026-08-30T20:27:59Z,20,hub,2026-09-17T00:49:00Z,2026-09-17T00:49:00Z,true
northumbrian:NWL01567:1787933399000,northumbrian:NWL01567,northumbrian,2026-08-28T16:09:59Z,2026-08-28T16:17:59Z,8,hub,2026-09-17T00:49:00Z,2026-09-17T00:49:00Z,true
northumbrian:NWL01569:1788121319000,northumbrian:NWL01569,northumbrian,2026-08-30T20:21:59Z,2026-08-30T21:23:59Z,62,hub,2026-09-17T00:49:00Z,2026-09-17T00:49:00Z,true
northumbrian:NWL01570:1788121199000,northumbrian:NWL01570,northumbrian,2026-08-30T20:19:59Z,2026-08-30T21:07:59Z,48,hub,2026-09-17T00:49:00Z,2026-09-17T00:49:00Z,true
northumbrian:NWL01571:1788122759000,northumbrian:NWL01571,northumbrian,2026-08-30T20:45:59Z,2026-08-30T20:49:59Z,4,hub,2026-09-17T00:49:00Z,2026-09-17T00:49:00Z,true
northumbrian:NWL01572:1788122999000,northumbrian:NWL01572,northumbrian,2026-08-30T20:49:59Z,2026-08-30T21:05:59Z,16,hub,2026-09-17T00:49:00Z,2026-09-17T00:49:00Z,true
northumbrian:NWL01579:1787935542000,northumbrian:NWL01579,northumbrian,2026-08-28T16:45:42Z,2026-08-28T17:08:37Z,23,hub,2026-09-17T00:49:00Z,2026-09-17T00:49:00Z,true
northumbrian:NWL01584:1788122039000,northumbrian:NWL01584,northumbrian,2026-08-30T20:33:59Z,2026-08-30T22:17:59Z,104,hub,2026-09-17T00:49:00Z,2026-09-17T00:49:00Z,true
northumbrian:NWL01586:1787203410000,northumbrian:NWL01586,northumbrian,2026-08-20T05:23:30Z,2026-08-20T07:16:07Z,113,hub,2026-09-17T00:49:00Z,2026-09-17T00:49:00Z,true
northumbrian:NWL01588:1787161679000,northumbrian:NWL01588,northumbrian,2026-08-19T17:47:59Z,2026-08-19T17:55:59Z,8,hub,2026-09-17T00:49:00Z,2026-09-17T00:49:00Z,true
severn-trent:SVT00001:1788172210000,severn-trent:SVT00001,severn-trent,2026-08-31T10:30:10Z,2026-08-31T10:49:14Z,19,hub,2026-09-17T00:49:00Z,2026-09-17T00:49:00Z,true
severn-trent:SVT00003:1787931006000,severn-trent:SVT00003,severn-trent,2026-08-28T15:30:06Z,2026-08-28T15:54:42Z,25,hub,2026-09-17T00:49:00Z,2026-09-17T00:49:00Z,true
severn-trent:SVT00004:1787816299000,severn-trent:SVT00004,severn-trent,2026-08-27T07:38:19Z,2026-08-27T13:55:04Z,377,hub,2026-09-17T00:49:00Z,2026-09-17T00:49:00Z,true
severn-trent:SVT00007:1788212678000,severn-trent:SVT00007,severn-trent,2026-08-31T21:44:38Z,2026-08-31T23:07:34Z,83,hub,2026-09-17T00:49:00Z,2026-09-17T00:49:00Z,true
severn-trent:SVT00013:1788108204000,severn-trent:SVT00013,severn-trent,2026-08-30T16:43:24Z,2026-08-30T16:51:08Z,8,hub,2026-09-17T00:49:00Z,2026-09-17T00:49:00Z,true
severn-trent:SVT00014:1787814962000,severn-trent:SVT00014,severn-trent,2026-08-27T07:16:02Z,2026-08-27T07:54:26Z,38,hub,2026-09-17T00:49:00Z,2026-09-17T00:49:00Z,true
severn-trent:SVT00015:1787130220000,severn-trent:SVT00015,severn-trent,2026-08-19T09:03:40Z,2026-08-19T09:59:00Z,55,hub,2026-09-17T00:49:00Z,2026-09-17T00:49:00Z,true
severn-trent:SVT00016:1788172870000,severn-trent:SVT00016,severn-trent,2026-08-31T10:41:10Z,2026-08-31T10:43:36Z,2,hub,2026-09-17T00:49:00Z,2026-09-17T00:49:00Z,true
severn-trent:SVT00021:1788127734000,severn-trent:SVT00021,severn-trent,2026-08-30T22:08:54Z,2026-08-30T22:18:27Z,10,hub,2026-09-17T00:49:00Z,2026-09-17T00:49:00Z,true
severn-trent:SVT00022:1787923700000,severn-trent:SVT00022,severn-trent,2026-08-28T13:28:20Z,2026-08-28T15:11:00Z,103,hub,2026-09-17T00:49:00Z,2026-09-17T00:49:00Z,true
severn-trent:SVT00024:1787815737000,severn-trent:SVT00024,severn-trent,2026-08-27T07:28:57Z,2026-08-27T08:03:25Z,34,hub,2026-09-17T00:49:00Z,2026-09-17T00:49:00Z,true
severn-trent:SVT00027:1788115387000,severn-trent:SVT00027,severn-trent,2026-08-30T18:43:07Z,2026-08-30T19:48:20Z,65,hub,2026-09-17T00:49:00Z,2026-09-17T00:49:00Z,true
severn-trent:SVT00028:1787896024000,severn-trent:SVT00028,severn-trent,2026-08-28T05:47:04Z,2026-08-28T07:20:00Z,93,hub,2026-09-17T00:49:00Z,2026-09-17T00:49:00Z,true
severn-trent:SVT00029:1787816426000,severn-trent:SVT00029,severn-trent,2026-08-27T07:40:26Z,2026-08-27T10:24:05Z,164,hub,2026-09-17T00:49:00Z,2026-09-17T00:49:00Z,true
severn-trent:SVT00030:1787855020000,severn-trent:SVT00030,severn-trent,2026-08-27T18:23:40Z,2026-08-27T19:02:25Z,39,hub,2026-09-17T00:49:00Z,2026-09-17T00:49:00Z,true
severn-trent:SVT00031:1788172396000,severn-trent:SVT00031,severn-trent,2026-08-31T10:33:16Z,2026-08-31T11:07:31Z,34,hub,2026-09-17T00:49:00Z,2026-09-17T00:49:00Z,true
severn-trent:SVT00034:1788132548000,severn-trent:SVT00034,severn-trent,2026-08-30T23:29:08Z,2026-08-30T23:34:12Z,5,hub,2026-09-17T00:49:00Z,2026-09-17T00:49:00Z,true
severn-trent:SVT00035:1788130568000,severn-trent:SVT00035,severn-trent,2026-08-30T22:56:08Z,2026-08-30T23:17:29Z,21,hub,2026-09-17T00:49:00Z,2026-09-17T00:49:00Z,true
severn-trent:SVT00036:1788130775000,severn-trent:SVT00036,severn-trent,2026-08-30T22:59:35Z,2026-08-30T23:01:09Z,2,hub,2026-09-17T00:49:00Z,2026-09-17T00:49:00Z,true
severn-trent:SVT00037:1787864783000,severn-trent:SVT00037,severn-trent,2026-08-27T21:06:23Z,2026-08-27T21:53:42Z,47,hub,2026-09-17T00:49:00Z,2026-09-17T00:49:00Z,true
severn-trent:SVT00038:1787860594000,severn-trent:SVT00038,severn-trent,2026-08-27T19:56:34Z,2026-08-27T20:38:01Z,41,hub,2026-09-17T00:49:00Z,2026-09-17T00:49:00Z,true
severn-trent:SVT00050:1788140096000,severn-trent:SVT00050,severn-trent,2026-08-31T01:34:56Z,2026-08-31T04:06:37Z,152,hub,2026-09-17T00:49:00Z,2026-09-17T00:49:00Z,true
severn-trent:SVT00052:1788117168000,severn-trent:SVT00052,severn-trent,2026-08-30T19:12:48Z,2026-08-30T20:02:27Z,50,hub,2026-09-17T00:49:00Z,2026-09-17T00:49:00Z,true
severn-trent:SVT00055:1787812999000,severn-trent:SVT00055,severn-trent,2026-08-27T06:43:19Z,2026-08-27T06:59:30Z,16,hub,2026-09-17T00:49:00Z,2026-09-17T00:49:00Z,true
severn-trent:SVT00057:1787864990000,severn-trent:SVT00057,severn-trent,2026-08-27T21:09:50Z,2026-08-27T21:17:10Z,7,hub,2026-09-17T00:49:00Z,2026-09-17T00:49:00Z,true
severn-trent:SVT00061:1788138682000,severn-trent:SVT00061,severn-trent,2026-08-31T01:11:22Z,2026-08-31T05:35:00Z,264,hub,2026-09-17T00:49:00Z,2026-09-17T00:49:00Z,true
severn-trent:SVT00062:1787826118000,severn-trent:SVT00062,severn-trent,2026-08-27T10:21:58Z,2026-08-27T10:36:18Z,14,hub,2026-09-17T00:49:00Z,2026-09-17T00:49:00Z,true
severn-trent:SVT00067:1787837141000,severn-trent:SVT00067,severn-trent,2026-08-27T13:25:41Z,2026-08-27T13:29:31Z,4,hub,2026-09-17T00:49:00Z,2026-09-17T00:49:00Z,true
severn-trent:SVT00068:1787837100000,severn-trent:SVT00068,severn-trent,2026-08-27T13:25:00Z,2026-08-27T13:50:00Z,25,hub,2026-09-17T00:49:00Z,2026-09-17T00:49:00Z,true
severn-trent:SVT00080:1788133715000,severn-trent:SVT00080,severn-trent,2026-08-30T23:48:35Z,2026-08-30T23:54:46Z,6,hub,2026-09-17T00:49:00Z,2026-09-17T00:49:00Z,true
severn-trent:SVT00081:1787830670000,severn-trent:SVT00081,severn-trent,2026-08-27T11:37:50Z,2026-08-27T12:41:19Z,63,hub,2026-09-17T00:49:00Z,2026-09-17T00:49:00Z,true
severn-trent:SVT00082:1787923185000,severn-trent:SVT00082,severn-trent,2026-08-28T13:19:45Z,2026-08-28T13:37:01Z,17,hub,2026-09-17T00:49:00Z,2026-09-17T00:49:00Z,true
severn-trent:SVT00084:1788129236000,severn-trent:SVT00084,severn-trent,2026-08-30T22:33:56Z,2026-08-30T23:11:05Z,37,hub,2026-09-17T00:49:00Z,2026-09-17T00:49:00Z,true
severn-trent:SVT00085:1787870312000,severn-trent:SVT00085,severn-trent,2026-08-27T22:38:32Z,2026-08-27T22:50:00Z,11,hub,2026-09-17T00:49:00Z,2026-09-17T00:49:00Z,true
severn-trent:SVT00086:1788133638000,severn-trent:SVT00086,severn-trent,2026-08-30T23:47:18Z,2026-08-31T00:14:34Z,27,hub,2026-09-17T00:49:00Z,2026-09-17T00:49:00Z,true
severn-trent:SVT00089:1788117995000,severn-trent:SVT00089,severn-trent,2026-08-30T19:26:35Z,2026-08-30T19:34:11Z,8,hub,2026-09-17T00:49:00Z,2026-09-17T00:49:00Z,true
severn-trent:SVT00094:1788127371000,severn-trent:SVT00094,severn-trent,2026-08-30T22:02:51Z,2026-08-30T22:22:22Z,20,hub,2026-09-17T00:49:00Z,2026-09-17T00:49:00Z,true
severn-trent:SVT00096:1788127731000,severn-trent:SVT00096,severn-trent,2026-08-30T22:08:51Z,2026-08-30T22:30:26Z,22,hub,2026-09-17T00:49:00Z,2026-09-17T00:49:00Z,true
severn-trent:SVT00098:1787876596000,severn-trent:SVT00098,severn-trent,2026-08-28T00:23:16Z,2026-08-28T00:50:00Z,27,hub,2026-09-17T00:49:00Z,2026-09-17T00:49:00Z,true
severn-trent:SVT00099:1787829380000,severn-trent:SVT00099,severn-trent,2026-08-27T11:16:20Z,2026-08-27T14:27:49Z,191,hub,2026-09-17T00:49:00Z,2026-09-17T00:49:00Z,true
severn-trent:SVT00103:1787822569000,severn-trent:SVT00103,severn-trent,2026-08-27T09:22:49Z,2026-08-27T09:43:05Z,20,hub,2026-09-17T00:49:00Z,2026-09-17T00:49:00Z,true
severn-trent:SVT00105:1787823070000,severn-trent:SVT00105,severn-trent,2026-08-27T09:31:10Z,2026-08-27T09:51:50Z,21,hub,2026-09-17T00:49:00Z,2026-09-17T00:49:00Z,true
severn-trent:SVT00106:1787867122000,severn-trent:SVT00106,severn-trent,2026-08-27T21:45:22Z,2026-08-27T21:46:40Z,1,hub,2026-09-17T00:49:00Z,2026-09-17T00:49:00Z,true
severn-trent:SVT00108:1788135283000,severn-trent:SVT00108,severn-trent,2026-08-31T00:14:43Z,2026-08-31T00:16:42Z,2,hub,2026-09-17T00:49:00Z,2026-09-17T00:49:00Z,true
severn-trent:SVT00109:1788140636000,severn-trent:SVT00109,severn-trent,2026-08-31T01:43:56Z,2026-08-31T02:24:06Z,40,hub,2026-09-17T00:49:00Z,2026-09-17T00:49:00Z,true
severn-trent:SVT00112:1787822347000,severn-trent:SVT00112,severn-trent,2026-08-27T09:19:07Z,2026-08-27T12:32:02Z,193,hub,2026-09-17T00:49:00Z,2026-09-17T00:49:00Z,true
severn-trent:SVT00117:1787825622000,severn-trent:SVT00117,severn-trent,2026-08-27T10:13:42Z,2026-08-27T13:33:32Z,200,hub,2026-09-17T00:49:00Z,2026-09-17T00:49:00Z,true
severn-trent:SVT00118:1787835051000,severn-trent:SVT00118,severn-trent,2026-08-27T12:50:51Z,2026-08-27T14:27:48Z,97,hub,2026-09-17T00:49:00Z,2026-09-17T00:49:00Z,true
severn-trent:SVT00120:1787821305000,severn-trent:SVT00120,severn-trent,2026-08-27T09:01:45Z,2026-08-27T13:41:34Z,280,hub,2026-09-17T00:49:00Z,2026-09-17T00:49:00Z,true
severn-trent:SVT00128:1788122339000,severn-trent:SVT00128,severn-trent,2026-08-30T20:38:59Z,2026-08-30T20:49:16Z,10,hub,2026-09-17T00:49:00Z,2026-09-17T00:49:00Z,true
severn-trent:SVT00133:1787821916000,severn-trent:SVT00133,severn-trent,2026-08-27T09:11:56Z,2026-08-27T12:53:11Z,221,hub,2026-09-17T00:49:00Z,2026-09-17T00:49:00Z,true
severn-trent:SVT00134:1787927602000,severn-trent:SVT00134,severn-trent,2026-08-28T14:33:22Z,2026-08-28T15:29:25Z,56,hub,2026-09-17T00:49:00Z,2026-09-17T00:49:00Z,true
severn-trent:SVT00141:1787830390000,severn-trent:SVT00141,severn-trent,2026-08-27T11:33:10Z,2026-08-27T12:56:01Z,83,hub,2026-09-17T00:49:00Z,2026-09-17T00:49:00Z,true
severn-trent:SVT00148:1787859926000,severn-trent:SVT00148,severn-trent,2026-08-27T19:45:26Z,2026-08-27T20:37:28Z,52,hub,2026-09-17T00:49:00Z,2026-09-17T00:49:00Z,true
severn-trent:SVT00158:1787903337000,severn-trent:SVT00158,severn-trent,2026-08-28T07:48:57Z,2026-08-29T12:47:20Z,1738,hub,2026-09-17T00:49:00Z,2026-09-17T00:49:00Z,true
severn-trent:SVT00161:1787928912000,severn-trent:SVT00161,severn-trent,2026-08-28T14:55:12Z,2026-08-28T15:46:45Z,52,hub,2026-09-17T00:49:00Z,2026-09-17T00:49:00Z,true
severn-trent:SVT00163:1788117174000,severn-trent:SVT00163,severn-trent,2026-08-30T19:12:54Z,2026-08-30T19:34:21Z,21,hub,2026-09-17T00:49:00Z,2026-09-17T00:49:00Z,true
severn-trent:SVT00166:1787862115000,severn-trent:SVT00166,severn-trent,2026-08-27T20:21:55Z,2026-08-27T20:57:45Z,36,hub,2026-09-17T00:49:00Z,2026-09-17T00:49:00Z,true
severn-trent:SVT00172:1787819754000,severn-trent:SVT00172,severn-trent,2026-08-27T08:35:54Z,2026-08-27T08:41:01Z,5,hub,2026-09-17T00:49:00Z,2026-09-17T00:49:00Z,true
severn-trent:SVT00175:1788128061000,severn-trent:SVT00175,severn-trent,2026-08-30T22:14:21Z,2026-08-31T00:03:16Z,109,hub,2026-09-17T00:49:00Z,2026-09-17T00:49:00Z,true
severn-trent:SVT00180:1788130500000,severn-trent:SVT00180,severn-trent,2026-08-30T22:55:00Z,2026-08-31T02:35:00Z,220,hub,2026-09-17T00:49:00Z,2026-09-17T00:49:00Z,true
severn-trent:SVT00183:1787858886000,severn-trent:SVT00183,severn-trent,2026-08-27T19:28:06Z,2026-08-27T22:43:48Z,196,hub,2026-09-17T00:49:00Z,2026-09-17T00:49:00Z,true
severn-trent:SVT00184:1787763889000,severn-trent:SVT00184,severn-trent,2026-08-26T17:04:49Z,2026-08-26T17:39:32Z,35,hub,2026-09-17T00:49:00Z,2026-09-17T00:49:00Z,true
severn-trent:SVT00186:1787870054000,severn-trent:SVT00186,severn-trent,2026-08-27T22:34:14Z,2026-08-28T01:05:59Z,152,hub,2026-09-17T00:49:00Z,2026-09-17T00:49:00Z,true
severn-trent:SVT00188:1788174358000,severn-trent:SVT00188,severn-trent,2026-08-31T11:05:58Z,2026-08-31T11:10:03Z,4,hub,2026-09-17T00:49:00Z,2026-09-17T00:49:00Z,true
severn-trent:SVT00189:1787854736000,severn-trent:SVT00189,severn-trent,2026-08-27T18:18:56Z,2026-08-27T18:59:02Z,40,hub,2026-09-17T00:49:00Z,2026-09-17T00:49:00Z,true
severn-trent:SVT00190:1788120400000,severn-trent:SVT00190,severn-trent,2026-08-30T20:06:40Z,2026-08-30T20:28:36Z,22,hub,2026-09-17T00:49:00Z,2026-09-17T00:49:00Z,true
severn-trent:SVT00191:1788120858000,severn-trent:SVT00191,severn-trent,2026-08-30T20:14:18Z,2026-08-30T21:47:38Z,93,hub,2026-09-17T00:49:00Z,2026-09-17T00:49:00Z,true
severn-trent:SVT00193:1787859429000,severn-trent:SVT00193,severn-trent,2026-08-27T19:37:09Z,2026-08-27T19:57:20Z,20,hub,2026-09-17T00:49:00Z,2026-09-17T00:49:00Z,true
severn-trent:SVT00194:1787831884000,severn-trent:SVT00194,severn-trent,2026-08-27T11:58:04Z,2026-08-27T12:05:00Z,7,hub,2026-09-17T00:49:00Z,2026-09-17T00:49:00Z,true
severn-trent:SVT00196:1787922622000,severn-trent:SVT00196,severn-trent,2026-08-28T13:10:22Z,2026-08-28T14:18:57Z,69,hub,2026-09-17T00:49:00Z,2026-09-17T00:49:00Z,true
severn-trent:SVT00204:1787344409000,severn-trent:SVT00204,severn-trent,2026-08-21T20:33:29Z,2026-08-21T20:49:24Z,16,hub,2026-09-17T00:49:00Z,2026-09-17T00:49:00Z,true
severn-trent:SVT00206:1787853265000,severn-trent:SVT00206,severn-trent,2026-08-27T17:54:25Z,2026-08-27T18:30:19Z,36,hub,2026-09-17T00:49:00Z,2026-09-17T00:49:00Z,true
severn-trent:SVT00207:1788134100000,severn-trent:SVT00207,severn-trent,2026-08-30T23:55:00Z,2026-08-31T00:20:20Z,25,hub,2026-09-17T00:49:00Z,2026-09-17T00:49:00Z,true
severn-trent:SVT00208:1788133159000,severn-trent:SVT00208,severn-trent,2026-08-30T23:39:19Z,2026-08-30T23:47:34Z,8,hub,2026-09-17T00:49:00Z,2026-09-17T00:49:00Z,true
severn-trent:SVT00217:1788138384000,severn-trent:SVT00217,severn-trent,2026-08-31T01:06:24Z,2026-08-31T01:14:15Z,8,hub,2026-09-17T00:49:00Z,2026-09-17T00:49:00Z,true
severn-trent:SVT00218:1788138588000,severn-trent:SVT00218,severn-trent,2026-08-31T01:09:48Z,2026-08-31T01:10:49Z,1,hub,2026-09-17T00:49:00Z,2026-09-17T00:49:00Z,true
severn-trent:SVT00219:1788138281000,severn-trent:SVT00219,severn-trent,2026-08-31T01:04:41Z,2026-08-31T01:09:17Z,5,hub,2026-09-17T00:49:00Z,2026-09-17T00:49:00Z,true
severn-trent:SVT00220:1787854574000,severn-trent:SVT00220,severn-trent,2026-08-27T18:16:14Z,2026-08-27T19:09:05Z,53,hub,2026-09-17T00:49:00Z,2026-09-17T00:49:00Z,true
severn-trent:SVT00224:1787931607000,severn-trent:SVT00224,severn-trent,2026-08-28T15:40:07Z,2026-08-28T16:01:29Z,21,hub,2026-09-17T00:49:00Z,2026-09-17T00:49:00Z,true
severn-trent:SVT00225:1787931549000,severn-trent:SVT00225,severn-trent,2026-08-28T15:39:09Z,2026-08-28T15:44:23Z,5,hub,2026-09-17T00:49:00Z,2026-09-17T00:49:00Z,true
severn-trent:SVT00226:1787932817000,severn-trent:SVT00226,severn-trent,2026-08-28T16:00:17Z,2026-08-28T16:40:48Z,41,hub,2026-09-17T00:49:00Z,2026-09-17T00:49:00Z,true
severn-trent:SVT00227:1787932826000,severn-trent:SVT00227,severn-trent,2026-08-28T16:00:26Z,2026-08-28T16:41:04Z,41,hub,2026-09-17T00:49:00Z,2026-09-17T00:49:00Z,true
severn-trent:SVT00228:1787859829000,severn-trent:SVT00228,severn-trent,2026-08-27T19:43:49Z,2026-08-27T19:46:37Z,3,hub,2026-09-17T00:49:00Z,2026-09-17T00:49:00Z,true
severn-trent:SVT00232:1787867991000,severn-trent:SVT00232,severn-trent,2026-08-27T21:59:51Z,2026-08-27T22:18:28Z,19,hub,2026-09-17T00:49:00Z,2026-09-17T00:49:00Z,true
severn-trent:SVT00238:1787857725000,severn-trent:SVT00238,severn-trent,2026-08-27T19:08:45Z,2026-08-27T20:35:34Z,87,hub,2026-09-17T00:49:00Z,2026-09-17T00:49:00Z,true
severn-trent:SVT00239:1787770372000,severn-trent:SVT00239,severn-trent,2026-08-26T18:52:52Z,2026-08-26T20:23:40Z,91,hub,2026-09-17T00:49:00Z,2026-09-17T00:49:00Z,true
severn-trent:SVT00240:1788117799000,severn-trent:SVT00240,severn-trent,2026-08-30T19:23:19Z,2026-08-30T19:38:03Z,15,hub,2026-09-17T00:49:00Z,2026-09-17T00:49:00Z,true
severn-trent:SVT00243:1788127923000,severn-trent:SVT00243,severn-trent,2026-08-30T22:12:03Z,2026-08-30T22:45:24Z,33,hub,2026-09-17T00:49:00Z,2026-09-17T00:49:00Z,true
severn-trent:SVT00257:1788135216000,severn-trent:SVT00257,severn-trent,2026-08-31T00:13:36Z,2026-08-31T00:31:38Z,18,hub,2026-09-17T00:49:00Z,2026-09-17T00:49:00Z,true
severn-trent:SVT00259:1788109987000,severn-trent:SVT00259,severn-trent,2026-08-30T17:13:07Z,2026-08-30T17:21:38Z,9,hub,2026-09-17T00:49:00Z,2026-09-17T00:49:00Z,true
severn-trent:SVT00260:1787835033000,severn-trent:SVT00260,severn-trent,2026-08-27T12:50:33Z,2026-08-27T13:11:05Z,21,hub,2026-09-17T00:49:00Z,2026-09-17T00:49:00Z,true
severn-trent:SVT00261:1787819195000,severn-trent:SVT00261,severn-trent,2026-08-27T08:26:35Z,2026-08-27T09:29:01Z,62,hub,2026-09-17T00:49:00Z,2026-09-17T00:49:00Z,true
severn-trent:SVT00263:1787856907000,severn-trent:SVT00263,severn-trent,2026-08-27T18:55:07Z,2026-08-27T18:56:40Z,2,hub,2026-09-17T00:49:00Z,2026-09-17T00:49:00Z,true
severn-trent:SVT00268:1787851430000,severn-trent:SVT00268,severn-trent,2026-08-27T17:23:50Z,2026-08-27T17:34:32Z,11,hub,2026-09-17T00:49:00Z,2026-09-17T00:49:00Z,true
severn-trent:SVT00271:1788117466000,severn-trent:SVT00271,severn-trent,2026-08-30T19:17:46Z,2026-08-30T19:50:44Z,33,hub,2026-09-17T00:49:00Z,2026-09-17T00:49:00Z,true
severn-trent:SVT00273:1787345903000,severn-trent:SVT00273,severn-trent,2026-08-21T20:58:23Z,2026-08-21T21:46:07Z,48,hub,2026-09-17T00:49:00Z,2026-09-17T00:49:00Z,true
severn-trent:SVT00275:1788118066000,severn-trent:SVT00275,severn-trent,2026-08-30T19:27:46Z,2026-08-30T19:30:00Z,2,hub,2026-09-17T00:49:00Z,2026-09-17T00:49:00Z,true
severn-trent:SVT00281:1787858013000,severn-trent:SVT00281,severn-trent,2026-08-27T19:13:33Z,2026-08-27T20:04:47Z,51,hub,2026-09-17T00:49:00Z,2026-09-17T00:49:00Z,true
severn-trent:SVT00288:1787867145000,severn-trent:SVT00288,severn-trent,2026-08-27T21:45:45Z,2026-08-27T23:24:55Z,99,hub,2026-09-17T00:49:00Z,2026-09-17T00:49:00Z,true
severn-trent:SVT00289:1788137890000,severn-trent:SVT00289,severn-trent,2026-08-31T00:58:10Z,2026-08-31T01:05:37Z,7,hub,2026-09-17T00:49:00Z,2026-09-17T00:49:00Z,true
severn-trent:SVT00293:1788131809000,severn-trent:SVT00293,severn-trent,2026-08-30T23:16:49Z,2026-08-30T23:54:34Z,38,hub,2026-09-17T00:49:00Z,2026-09-17T00:49:00Z,true
severn-trent:SVT00299:1788132575000,severn-trent:SVT00299,severn-trent,2026-08-30T23:29:35Z,2026-08-31T00:44:41Z,75,hub,2026-09-17T00:49:00Z,2026-09-17T00:49:00Z,true
severn-trent:SVT00302:1787856000000,severn-trent:SVT00302,severn-trent,2026-08-27T18:40:00Z,2026-08-27T18:50:00Z,10,hub,2026-09-17T00:49:00Z,2026-09-17T00:49:00Z,true
severn-trent:SVT00305:1787819365000,severn-trent:SVT00305,severn-trent,2026-08-27T08:29:25Z,2026-08-27T08:30:53Z,1,hub,2026-09-17T00:49:00Z,2026-09-17T00:49:00Z,true
severn-trent:SVT00306:1788116909000,severn-trent:SVT00306,severn-trent,2026-08-30T19:08:29Z,2026-08-30T19:42:53Z,34,hub,2026-09-17T00:49:00Z,2026-09-17T00:49:00Z,true
severn-trent:SVT00309:1788110844000,severn-trent:SVT00309,severn-trent,2026-08-30T17:27:24Z,2026-08-30T17:40:49Z,13,hub,2026-09-17T00:49:00Z,2026-09-17T00:49:00Z,true
severn-trent:SVT00312:1787859301000,severn-trent:SVT00312,severn-trent,2026-08-27T19:35:01Z,2026-08-27T19:58:41Z,24,hub,2026-09-17T00:49:00Z,2026-09-17T00:49:00Z,true
severn-trent:SVT00313:1788137140000,severn-trent:SVT00313,severn-trent,2026-08-31T00:45:40Z,2026-08-31T02:35:00Z,109,hub,2026-09-17T00:49:00Z,2026-09-17T00:49:00Z,true
severn-trent:SVT00326:1788130434000,severn-trent:SVT00326,severn-trent,2026-08-30T22:53:54Z,2026-08-31T08:12:55Z,559,hub,2026-09-17T00:49:00Z,2026-09-17T00:49:00Z,true
severn-trent:SVT00327:1787865965000,severn-trent:SVT00327,severn-trent,2026-08-27T21:26:05Z,2026-08-27T22:15:18Z,49,hub,2026-09-17T00:49:00Z,2026-09-17T00:49:00Z,true
severn-trent:SVT00329:1787863213000,severn-trent:SVT00329,severn-trent,2026-08-27T20:40:13Z,2026-08-27T21:05:00Z,25,hub,2026-09-17T00:49:00Z,2026-09-17T00:49:00Z,true
severn-trent:SVT00330:1788138834000,severn-trent:SVT00330,severn-trent,2026-08-31T01:13:54Z,2026-08-31T01:26:15Z,12,hub,2026-09-17T00:49:00Z,2026-09-17T00:49:00Z,true
severn-trent:SVT00331:1788135000000,severn-trent:SVT00331,severn-trent,2026-08-31T00:10:00Z,2026-08-31T00:20:00Z,10,hub,2026-09-17T00:49:00Z,2026-09-17T00:49:00Z,true
severn-trent:SVT00334:1788124289000,severn-trent:SVT00334,severn-trent,2026-08-30T21:11:29Z,2026-08-30T21:29:01Z,18,hub,2026-09-17T00:49:00Z,2026-09-17T00:49:00Z,true
severn-trent:SVT00335:1787866884000,severn-trent:SVT00335,severn-trent,2026-08-27T21:41:24Z,2026-08-27T22:10:02Z,29,hub,2026-09-17T00:49:00Z,2026-09-17T00:49:00Z,true
severn-trent:SVT00337:1787859054000,severn-trent:SVT00337,severn-trent,2026-08-27T19:30:54Z,2026-08-27T20:05:14Z,34,hub,2026-09-17T00:49:00Z,2026-09-17T00:49:00Z,true
severn-trent:SVT00346:1788127184000,severn-trent:SVT00346,severn-trent,2026-08-30T21:59:44Z,2026-08-30T22:16:50Z,17,hub,2026-09-17T00:49:00Z,2026-09-17T00:49:00Z,true
severn-trent:SVT00347:1788041133000,severn-trent:SVT00347,severn-trent,2026-08-29T22:05:33Z,2026-08-29T22:28:11Z,23,hub,2026-09-17T00:49:00Z,2026-09-17T00:49:00Z,true
severn-trent:SVT00348:1787780199000,severn-trent:SVT00348,severn-trent,2026-08-26T21:36:39Z,2026-08-26T21:42:13Z,6,hub,2026-09-17T00:49:00Z,2026-09-17T00:49:00Z,true
severn-trent:SVT00351:1787773415000,severn-trent:SVT00351,severn-trent,2026-08-26T19:43:35Z,2026-08-26T20:17:34Z,34,hub,2026-09-17T00:49:00Z,2026-09-17T00:49:00Z,true
severn-trent:SVT00352:1787853172000,severn-trent:SVT00352,severn-trent,2026-08-27T17:52:52Z,2026-08-27T17:59:19Z,6,hub,2026-09-17T00:49:00Z,2026-09-17T00:49:00Z,true
severn-trent:SVT00353:1787814925000,severn-trent:SVT00353,severn-trent,2026-08-27T07:15:25Z,2026-08-27T07:18:47Z,3,hub,2026-09-17T00:49:00Z,2026-09-17T00:49:00Z,true
severn-trent:SVT00354:1788182965000,severn-trent:SVT00354,severn-trent,2026-08-31T13:29:25Z,2026-08-31T13:47:51Z,18,hub,2026-09-17T00:49:00Z,2026-09-17T00:49:00Z,true
severn-trent:SVT00357:1787859502000,severn-trent:SVT00357,severn-trent,2026-08-27T19:38:22Z,2026-08-27T19:56:48Z,18,hub,2026-09-17T00:49:00Z,2026-09-17T00:49:00Z,true
severn-trent:SVT00363:1787865736000,severn-trent:SVT00363,severn-trent,2026-08-27T21:22:16Z,2026-08-27T22:13:35Z,51,hub,2026-09-17T00:49:00Z,2026-09-17T00:49:00Z,true
severn-trent:SVT00364:1787841166000,severn-trent:SVT00364,severn-trent,2026-08-27T14:32:46Z,2026-08-27T17:47:20Z,195,hub,2026-09-17T00:49:00Z,2026-09-17T00:49:00Z,true
severn-trent:SVT00369:1787854659000,severn-trent:SVT00369,severn-trent,2026-08-27T18:17:39Z,2026-08-27T20:50:00Z,152,hub,2026-09-17T00:49:00Z,2026-09-17T00:49:00Z,true
severn-trent:SVT00374:1788118392000,severn-trent:SVT00374,severn-trent,2026-08-30T19:33:12Z,2026-08-30T20:12:57Z,40,hub,2026-09-17T00:49:00Z,2026-09-17T00:49:00Z,true
severn-trent:SVT00375:1788135020000,severn-trent:SVT00375,severn-trent,2026-08-31T00:10:20Z,2026-08-31T01:19:31Z,69,hub,2026-09-17T00:49:00Z,2026-09-17T00:49:00Z,true
severn-trent:SVT00377:1788129626000,severn-trent:SVT00377,severn-trent,2026-08-30T22:40:26Z,2026-08-30T22:51:29Z,11,hub,2026-09-17T00:49:00Z,2026-09-17T00:49:00Z,true
severn-trent:SVT00379:1788110829000,severn-trent:SVT00379,severn-trent,2026-08-30T17:27:09Z,2026-08-30T17:49:17Z,22,hub,2026-09-17T00:49:00Z,2026-09-17T00:49:00Z,true
severn-trent:SVT00382:1787857618000,severn-trent:SVT00382,severn-trent,2026-08-27T19:06:58Z,2026-08-27T20:49:04Z,102,hub,2026-09-17T00:49:00Z,2026-09-17T00:49:00Z,true
severn-trent:SVT00389:1788137993000,severn-trent:SVT00389,severn-trent,2026-08-31T00:59:53Z,2026-08-31T01:52:18Z,52,hub,2026-09-17T00:49:00Z,2026-09-17T00:49:00Z,true
severn-trent:SVT00391:1787870439000,severn-trent:SVT00391,severn-trent,2026-08-27T22:40:39Z,2026-08-28T00:24:33Z,104,hub,2026-09-17T00:49:00Z,2026-09-17T00:49:00Z,true
severn-trent:SVT00393:1787951812000,severn-trent:SVT00393,severn-trent,2026-08-28T21:16:52Z,2026-08-28T21:27:03Z,10,hub,2026-09-17T00:49:00Z,2026-09-17T00:49:00Z,true
severn-trent:SVT00394:1787149114000,severn-trent:SVT00394,severn-trent,2026-08-19T14:18:34Z,2026-08-19T14:23:10Z,5,hub,2026-09-17T00:49:00Z,2026-09-17T00:49:00Z,true
severn-trent:SVT00395:1787815610000,severn-trent:SVT00395,severn-trent,2026-08-27T07:26:50Z,2026-08-27T09:04:45Z,98,hub,2026-09-17T00:49:00Z,2026-09-17T00:49:00Z,true
severn-trent:SVT00396:1787829407000,severn-trent:SVT00396,severn-trent,2026-08-27T11:16:47Z,2026-08-27T11:49:04Z,32,hub,2026-09-17T00:49:00Z,2026-09-17T00:49:00Z,true
severn-trent:SVT00397:1788166670000,severn-trent:SVT00397,severn-trent,2026-08-31T08:57:50Z,2026-08-31T09:06:59Z,9,hub,2026-09-17T00:49:00Z,2026-09-17T00:49:00Z,true
severn-trent:SVT00401:1788107283000,severn-trent:SVT00401,severn-trent,2026-08-30T16:28:03Z,2026-08-30T16:34:08Z,6,hub,2026-09-17T00:49:00Z,2026-09-17T00:49:00Z,true
severn-trent:SVT00403:1787775909000,severn-trent:SVT00403,severn-trent,2026-08-26T20:25:09Z,2026-08-26T20:36:38Z,11,hub,2026-09-17T00:49:00Z,2026-09-17T00:49:00Z,true
severn-trent:SVT00410:1787815257000,severn-trent:SVT00410,severn-trent,2026-08-27T07:20:57Z,2026-08-27T07:30:00Z,9,hub,2026-09-17T00:49:00Z,2026-09-17T00:49:00Z,true
severn-trent:SVT00422:1787817042000,severn-trent:SVT00422,severn-trent,2026-08-27T07:50:42Z,2026-08-28T01:10:22Z,1040,hub,2026-09-17T00:49:00Z,2026-09-17T00:49:00Z,true
severn-trent:SVT00429:1787863736000,severn-trent:SVT00429,severn-trent,2026-08-27T20:48:56Z,2026-08-27T21:12:28Z,24,hub,2026-09-17T00:49:00Z,2026-09-17T00:49:00Z,true
severn-trent:SVT00430:1787941006000,severn-trent:SVT00430,severn-trent,2026-08-28T18:16:46Z,2026-08-28T19:25:16Z,69,hub,2026-09-17T00:49:00Z,2026-09-17T00:49:00Z,true
severn-trent:SVT00432:1787946514000,severn-trent:SVT00432,severn-trent,2026-08-28T19:48:34Z,2026-08-28T20:13:03Z,24,hub,2026-09-17T00:49:00Z,2026-09-17T00:49:00Z,true
severn-trent:SVT00433:1788139101000,severn-trent:SVT00433,severn-trent,2026-08-31T01:18:21Z,2026-08-31T03:02:38Z,104,hub,2026-09-17T00:49:00Z,2026-09-17T00:49:00Z,true
severn-trent:SVT00436:1788120342000,severn-trent:SVT00436,severn-trent,2026-08-30T20:05:42Z,2026-08-30T20:44:50Z,39,hub,2026-09-17T00:49:00Z,2026-09-17T00:49:00Z,true
severn-trent:SVT00438:1787923346000,severn-trent:SVT00438,severn-trent,2026-08-28T13:22:26Z,2026-08-28T13:57:58Z,36,hub,2026-09-17T00:49:00Z,2026-09-17T00:49:00Z,true
severn-trent:SVT00443:1788138250000,severn-trent:SVT00443,severn-trent,2026-08-31T01:04:10Z,2026-08-31T02:06:40Z,63,hub,2026-09-17T00:49:00Z,2026-09-17T00:49:00Z,true
severn-trent:SVT00444:1787758874000,severn-trent:SVT00444,severn-trent,2026-08-26T15:41:14Z,2026-08-26T15:45:43Z,4,hub,2026-09-17T00:49:00Z,2026-09-17T00:49:00Z,true
severn-trent:SVT00445:1787826312000,severn-trent:SVT00445,severn-trent,2026-08-27T10:25:12Z,2026-08-27T13:26:56Z,182,hub,2026-09-17T00:49:00Z,2026-09-17T00:49:00Z,true
severn-trent:SVT00448:1787855336000,severn-trent:SVT00448,severn-trent,2026-08-27T18:28:56Z,2026-08-27T19:42:37Z,74,hub,2026-09-17T00:49:00Z,2026-09-17T00:49:00Z,true
severn-trent:SVT00449:1788134878000,severn-trent:SVT00449,severn-trent,2026-08-31T00:07:58Z,2026-08-31T00:50:55Z,43,hub,2026-09-17T00:49:00Z,2026-09-17T00:49:00Z,true
severn-trent:SVT00453:1788117349000,severn-trent:SVT00453,severn-trent,2026-08-30T19:15:49Z,2026-08-30T19:30:32Z,15,hub,2026-09-17T00:49:00Z,2026-09-17T00:49:00Z,true
severn-trent:SVT00454:1788117340000,severn-trent:SVT00454,severn-trent,2026-08-30T19:15:40Z,2026-08-30T19:23:10Z,8,hub,2026-09-17T00:49:00Z,2026-09-17T00:49:00Z,true
severn-trent:SVT00456:1787822050000,severn-trent:SVT00456,severn-trent,2026-08-27T09:14:10Z,2026-08-27T09:20:37Z,6,hub,2026-09-17T00:49:00Z,2026-09-17T00:49:00Z,true
severn-trent:SVT00461:1787860653000,severn-trent:SVT00461,severn-trent,2026-08-27T19:57:33Z,2026-08-27T20:02:09Z,5,hub,2026-09-17T00:49:00Z,2026-09-17T00:49:00Z,true
severn-trent:SVT00467:1787820053000,severn-trent:SVT00467,severn-trent,2026-08-27T08:40:53Z,2026-08-27T08:44:34Z,4,hub,2026-09-17T00:49:00Z,2026-09-17T00:49:00Z,true
severn-trent:SVT00468:1787923821000,severn-trent:SVT00468,severn-trent,2026-08-28T13:30:21Z,2026-08-28T13:35:55Z,6,hub,2026-09-17T00:49:00Z,2026-09-17T00:49:00Z,true
severn-trent:SVT00469:1787819998000,severn-trent:SVT00469,severn-trent,2026-08-27T08:39:58Z,2026-08-27T09:04:17Z,24,hub,2026-09-17T00:49:00Z,2026-09-17T00:49:00Z,true
severn-trent:SVT00473:1787833209000,severn-trent:SVT00473,severn-trent,2026-08-27T12:20:09Z,2026-08-27T12:23:42Z,4,hub,2026-09-17T00:49:00Z,2026-09-17T00:49:00Z,true
severn-trent:SVT00476:1787919228000,severn-trent:SVT00476,severn-trent,2026-08-28T12:13:48Z,2026-08-28T12:16:15Z,2,hub,2026-09-17T00:49:00Z,2026-09-17T00:49:00Z,true
severn-trent:SVT00483:1787878330000,severn-trent:SVT00483,severn-trent,2026-08-28T00:52:10Z,2026-08-28T00:57:49Z,6,hub,2026-09-17T00:49:00Z,2026-09-17T00:49:00Z,true
severn-trent:SVT00489:1788144882000,severn-trent:SVT00489,severn-trent,2026-08-31T02:54:42Z,2026-08-31T03:03:47Z,9,hub,2026-09-17T00:49:00Z,2026-09-17T00:49:00Z,true
severn-trent:SVT00490:1788119852000,severn-trent:SVT00490,severn-trent,2026-08-30T19:57:32Z,2026-08-30T20:19:59Z,22,hub,2026-09-17T00:49:00Z,2026-09-17T00:49:00Z,true
severn-trent:SVT00491:1787816144000,severn-trent:SVT00491,severn-trent,2026-08-27T07:35:44Z,2026-08-27T07:54:54Z,19,hub,2026-09-17T00:49:00Z,2026-09-17T00:49:00Z,true
severn-trent:SVT00492:1788127426000,severn-trent:SVT00492,severn-trent,2026-08-30T22:03:46Z,2026-08-30T22:12:39Z,9,hub,2026-09-17T00:49:00Z,2026-09-17T00:49:00Z,true
severn-trent:SVT00497:1787856643000,severn-trent:SVT00497,severn-trent,2026-08-27T18:50:43Z,2026-08-27T21:13:28Z,143,hub,2026-09-17T00:49:00Z,2026-09-17T00:49:00Z,true
severn-trent:SVT00498:1787863404000,severn-trent:SVT00498,severn-trent,2026-08-27T20:43:24Z,2026-08-27T21:43:42Z,60,hub,2026-09-17T00:49:00Z,2026-09-17T00:49:00Z,true
severn-trent:SVT00499:1787856301000,severn-trent:SVT00499,severn-trent,2026-08-27T18:45:01Z,2026-08-27T19:07:43Z,23,hub,2026-09-17T00:49:00Z,2026-09-17T00:49:00Z,true
severn-trent:SVT00501:1787832870000,severn-trent:SVT00501,severn-trent,2026-08-27T12:14:30Z,2026-08-27T13:03:41Z,49,hub,2026-09-17T00:49:00Z,2026-09-17T00:49:00Z,true
severn-trent:SVT00502:1788118133000,severn-trent:SVT00502,severn-trent,2026-08-30T19:28:53Z,2026-08-30T20:01:20Z,32,hub,2026-09-17T00:49:00Z,2026-09-17T00:49:00Z,true
severn-trent:SVT00505:1787943543000,severn-trent:SVT00505,severn-trent,2026-08-28T18:59:03Z,2026-08-28T20:05:00Z,66,hub,2026-09-17T00:49:00Z,2026-09-17T00:49:00Z,true
severn-trent:SVT00509:1786357178000,severn-trent:SVT00509,severn-trent,2026-08-10T10:19:38Z,2026-08-10T10:22:22Z,3,hub,2026-09-17T00:49:00Z,2026-09-17T00:49:00Z,true
severn-trent:SVT00510:1787815580000,severn-trent:SVT00510,severn-trent,2026-08-27T07:26:20Z,2026-08-27T07:46:57Z,21,hub,2026-09-17T00:49:00Z,2026-09-17T00:49:00Z,true
severn-trent:SVT00516:1788119715000,severn-trent:SVT00516,severn-trent,2026-08-30T19:55:15Z,2026-08-30T20:09:25Z,14,hub,2026-09-17T00:49:00Z,2026-09-17T00:49:00Z,true
severn-trent:SVT00523:1787835735000,severn-trent:SVT00523,severn-trent,2026-08-27T13:02:15Z,2026-08-27T14:00:13Z,58,hub,2026-09-17T00:49:00Z,2026-09-17T00:49:00Z,true
severn-trent:SVT00524:1787931512000,severn-trent:SVT00524,severn-trent,2026-08-28T15:38:32Z,2026-08-28T15:55:02Z,17,hub,2026-09-17T00:49:00Z,2026-09-17T00:49:00Z,true
severn-trent:SVT00527:1787235901000,severn-trent:SVT00527,severn-trent,2026-08-20T14:25:01Z,2026-08-20T16:13:27Z,108,hub,2026-09-17T00:49:00Z,2026-09-17T00:49:00Z,true
severn-trent:SVT00532:1787925098000,severn-trent:SVT00532,severn-trent,2026-08-28T13:51:38Z,2026-08-28T13:54:52Z,3,hub,2026-09-17T00:49:00Z,2026-09-17T00:49:00Z,true
severn-trent:SVT00534:1787868651000,severn-trent:SVT00534,severn-trent,2026-08-27T22:10:51Z,2026-08-27T22:28:32Z,18,hub,2026-09-17T00:49:00Z,2026-09-17T00:49:00Z,true
severn-trent:SVT00535:1787839028000,severn-trent:SVT00535,severn-trent,2026-08-27T13:57:08Z,2026-08-27T15:32:31Z,95,hub,2026-09-17T00:49:00Z,2026-09-17T00:49:00Z,true
severn-trent:SVT00540:1787860006000,severn-trent:SVT00540,severn-trent,2026-08-27T19:46:46Z,2026-08-27T20:04:28Z,18,hub,2026-09-17T00:49:00Z,2026-09-17T00:49:00Z,true
severn-trent:SVT00542:1787831396000,severn-trent:SVT00542,severn-trent,2026-08-27T11:49:56Z,2026-08-27T12:39:16Z,49,hub,2026-09-17T00:49:00Z,2026-09-17T00:49:00Z,true
severn-trent:SVT00543:1787860666000,severn-trent:SVT00543,severn-trent,2026-08-27T19:57:46Z,2026-08-27T20:21:44Z,24,hub,2026-09-17T00:49:00Z,2026-09-17T00:49:00Z,true
severn-trent:SVT00546:1787863805000,severn-trent:SVT00546,severn-trent,2026-08-27T20:50:05Z,2026-08-27T21:18:11Z,28,hub,2026-09-17T00:49:00Z,2026-09-17T00:49:00Z,true
severn-trent:SVT00550:1788133345000,severn-trent:SVT00550,severn-trent,2026-08-30T23:42:25Z,2026-08-31T00:29:31Z,47,hub,2026-09-17T00:49:00Z,2026-09-17T00:49:00Z,true
severn-trent:SVT00552:1788116482000,severn-trent:SVT00552,severn-trent,2026-08-30T19:01:22Z,2026-08-30T19:15:34Z,14,hub,2026-09-17T00:49:00Z,2026-09-17T00:49:00Z,true
severn-trent:SVT00555:1787813956000,severn-trent:SVT00555,severn-trent,2026-08-27T06:59:16Z,2026-08-27T07:07:59Z,9,hub,2026-09-17T00:49:00Z,2026-09-17T00:49:00Z,true
severn-trent:SVT00557:1787829494000,severn-trent:SVT00557,severn-trent,2026-08-27T11:18:14Z,2026-08-27T12:25:04Z,67,hub,2026-09-17T00:49:00Z,2026-09-17T00:49:00Z,true
severn-trent:SVT00560:1787844261000,severn-trent:SVT00560,severn-trent,2026-08-27T15:24:21Z,2026-08-27T15:47:04Z,23,hub,2026-09-17T00:49:00Z,2026-09-17T00:49:00Z,true
severn-trent:SVT00561:1787842877000,severn-trent:SVT00561,severn-trent,2026-08-27T15:01:17Z,2026-08-27T15:45:55Z,45,hub,2026-09-17T00:49:00Z,2026-09-17T00:49:00Z,true
severn-trent:SVT00567:1787856632000,severn-trent:SVT00567,severn-trent,2026-08-27T18:50:32Z,2026-08-27T18:58:55Z,8,hub,2026-09-17T00:49:00Z,2026-09-17T00:49:00Z,true
severn-trent:SVT00568:1787858632000,severn-trent:SVT00568,severn-trent,2026-08-27T19:23:52Z,2026-08-27T19:27:33Z,4,hub,2026-09-17T00:49:00Z,2026-09-17T00:49:00Z,true
severn-trent:SVT00571:1787929412000,severn-trent:SVT00571,severn-trent,2026-08-28T15:03:32Z,2026-08-28T18:15:00Z,191,hub,2026-09-17T00:49:00Z,2026-09-17T00:49:00Z,true
severn-trent:SVT00573:1788130013000,severn-trent:SVT00573,severn-trent,2026-08-30T22:46:53Z,2026-08-31T00:35:00Z,108,hub,2026-09-17T00:49:00Z,2026-09-17T00:49:00Z,true
severn-trent:SVT00577:1787833232000,severn-trent:SVT00577,severn-trent,2026-08-27T12:20:32Z,2026-08-27T12:33:30Z,13,hub,2026-09-17T00:49:00Z,2026-09-17T00:49:00Z,true
severn-trent:SVT00590:1787829786000,severn-trent:SVT00590,severn-trent,2026-08-27T11:23:06Z,2026-08-27T18:07:43Z,405,hub,2026-09-17T00:49:00Z,2026-09-17T00:49:00Z,true
severn-trent:SVT00591:1787126232000,severn-trent:SVT00591,severn-trent,2026-08-19T07:57:12Z,2026-08-19T08:10:23Z,13,hub,2026-09-17T00:49:00Z,2026-09-17T00:49:00Z,true
severn-trent:SVT00595:1787944462000,severn-trent:SVT00595,severn-trent,2026-08-28T19:14:22Z,2026-08-28T19:15:00Z,1,hub,2026-09-17T00:49:00Z,2026-09-17T00:49:00Z,true
severn-trent:SVT00596:1787944441000,severn-trent:SVT00596,severn-trent,2026-08-28T19:14:01Z,2026-08-28T19:17:02Z,3,hub,2026-09-17T00:49:00Z,2026-09-17T00:49:00Z,true
severn-trent:SVT00599:1787864901000,severn-trent:SVT00599,severn-trent,2026-08-27T21:08:21Z,2026-08-27T21:15:00Z,7,hub,2026-09-17T00:49:00Z,2026-09-17T00:49:00Z,true
severn-trent:SVT00600:1787866077000,severn-trent:SVT00600,severn-trent,2026-08-27T21:27:57Z,2026-08-27T21:33:19Z,5,hub,2026-09-17T00:49:00Z,2026-09-17T00:49:00Z,true
severn-trent:SVT00601:1787864649000,severn-trent:SVT00601,severn-trent,2026-08-27T21:04:09Z,2026-08-27T23:39:23Z,155,hub,2026-09-17T00:49:00Z,2026-09-17T00:49:00Z,true
severn-trent:SVT00603:1787822338000,severn-trent:SVT00603,severn-trent,2026-08-27T09:18:58Z,2026-08-27T12:49:09Z,210,hub,2026-09-17T00:49:00Z,2026-09-17T00:49:00Z,true
severn-trent:SVT00605:1788146372000,severn-trent:SVT00605,severn-trent,2026-08-31T03:19:32Z,2026-08-31T11:30:01Z,490,hub,2026-09-17T00:49:00Z,2026-09-17T00:49:00Z,true
severn-trent:SVT00608:1788115049000,severn-trent:SVT00608,severn-trent,2026-08-30T18:37:29Z,2026-08-30T19:53:54Z,76,hub,2026-09-17T00:49:00Z,2026-09-17T00:49:00Z,true
severn-trent:SVT00617:1787914500000,severn-trent:SVT00617,severn-trent,2026-08-28T10:55:00Z,2026-08-28T11:20:00Z,25,hub,2026-09-17T00:49:00Z,2026-09-17T00:49:00Z,true
severn-trent:SVT00620:1788132758000,severn-trent:SVT00620,severn-trent,2026-08-30T23:32:38Z,2026-08-31T00:32:57Z,60,hub,2026-09-17T00:49:00Z,2026-09-17T00:49:00Z,true
severn-trent:SVT00621:1788146612000,severn-trent:SVT00621,severn-trent,2026-08-31T03:23:32Z,2026-08-31T03:36:48Z,13,hub,2026-09-17T00:49:00Z,2026-09-17T00:49:00Z,true
severn-trent:SVT00622:1788117905000,severn-trent:SVT00622,severn-trent,2026-08-30T19:25:05Z,2026-08-30T19:32:37Z,8,hub,2026-09-17T00:49:00Z,2026-09-17T00:49:00Z,true
severn-trent:SVT00623:1788127175000,severn-trent:SVT00623,severn-trent,2026-08-30T21:59:35Z,2026-08-30T22:04:39Z,5,hub,2026-09-17T00:49:00Z,2026-09-17T00:49:00Z,true
severn-trent:SVT00626:1787857604000,severn-trent:SVT00626,severn-trent,2026-08-27T19:06:44Z,2026-08-27T19:09:51Z,3,hub,2026-09-17T00:49:00Z,2026-09-17T00:49:00Z,true
severn-trent:SVT00627:1787857966000,severn-trent:SVT00627,severn-trent,2026-08-27T19:12:46Z,2026-08-27T20:22:28Z,70,hub,2026-09-17T00:49:00Z,2026-09-17T00:49:00Z,true
severn-trent:SVT00631:1787827202000,severn-trent:SVT00631,severn-trent,2026-08-27T10:40:02Z,2026-08-27T11:37:50Z,58,hub,2026-09-17T00:49:00Z,2026-09-17T00:49:00Z,true
severn-trent:SVT00632:1787926817000,severn-trent:SVT00632,severn-trent,2026-08-28T14:20:17Z,2026-08-28T14:47:24Z,27,hub,2026-09-17T00:49:00Z,2026-09-17T00:49:00Z,true
severn-trent:SVT00633:1788109552000,severn-trent:SVT00633,severn-trent,2026-08-30T17:05:52Z,2026-08-30T17:08:55Z,3,hub,2026-09-17T00:49:00Z,2026-09-17T00:49:00Z,true
severn-trent:SVT00639:1787863176000,severn-trent:SVT00639,severn-trent,2026-08-27T20:39:36Z,2026-08-27T20:40:33Z,1,hub,2026-09-17T00:49:00Z,2026-09-17T00:49:00Z,true
severn-trent:SVT00641:1787822421000,severn-trent:SVT00641,severn-trent,2026-08-27T09:20:21Z,2026-08-27T10:07:32Z,47,hub,2026-09-17T00:49:00Z,2026-09-17T00:49:00Z,true
severn-trent:SVT00643:1788121063000,severn-trent:SVT00643,severn-trent,2026-08-30T20:17:43Z,2026-08-30T20:22:51Z,5,hub,2026-09-17T00:49:00Z,2026-09-17T00:49:00Z,true
severn-trent:SVT00649:1787936228000,severn-trent:SVT00649,severn-trent,2026-08-28T16:57:08Z,2026-08-29T20:23:41Z,1647,hub,2026-09-17T00:49:00Z,2026-09-17T00:49:00Z,true
severn-trent:SVT00651:1787856358000,severn-trent:SVT00651,severn-trent,2026-08-27T18:45:58Z,2026-08-27T22:20:00Z,214,hub,2026-09-17T00:49:00Z,2026-09-17T00:49:00Z,true
severn-trent:SVT00654:1787855472000,severn-trent:SVT00654,severn-trent,2026-08-27T18:31:12Z,2026-08-27T19:25:57Z,55,hub,2026-09-17T00:49:00Z,2026-09-17T00:49:00Z,true
severn-trent:SVT00656:1787858089000,severn-trent:SVT00656,severn-trent,2026-08-27T19:14:49Z,2026-08-27T19:20:27Z,6,hub,2026-09-17T00:49:00Z,2026-09-17T00:49:00Z,true
severn-trent:SVT00658:1787813937000,severn-trent:SVT00658,severn-trent,2026-08-27T06:58:57Z,2026-08-27T07:49:09Z,50,hub,2026-09-17T00:49:00Z,2026-09-17T00:49:00Z,true
severn-trent:SVT00663:1787864901000,severn-trent:SVT00663,severn-trent,2026-08-27T21:08:21Z,2026-08-27T21:28:30Z,20,hub,2026-09-17T00:49:00Z,2026-09-17T00:49:00Z,true
severn-trent:SVT00664:1788128710000,severn-trent:SVT00664,severn-trent,2026-08-30T22:25:10Z,2026-08-30T22:33:46Z,9,hub,2026-09-17T00:49:00Z,2026-09-17T00:49:00Z,true
severn-trent:SVT00665:1787865401000,severn-trent:SVT00665,severn-trent,2026-08-27T21:16:41Z,2026-08-27T21:25:47Z,9,hub,2026-09-17T00:49:00Z,2026-09-17T00:49:00Z,true
severn-trent:SVT00666:1788128870000,severn-trent:SVT00666,severn-trent,2026-08-30T22:27:50Z,2026-08-30T22:34:49Z,7,hub,2026-09-17T00:49:00Z,2026-09-17T00:49:00Z,true
severn-trent:SVT00668:1788131657000,severn-trent:SVT00668,severn-trent,2026-08-30T23:14:17Z,2026-08-30T23:19:46Z,5,hub,2026-09-17T00:49:00Z,2026-09-17T00:49:00Z,true
severn-trent:SVT00669:1788138454000,severn-trent:SVT00669,severn-trent,2026-08-31T01:07:34Z,2026-08-31T01:21:27Z,14,hub,2026-09-17T00:49:00Z,2026-09-17T00:49:00Z,true
severn-trent:SVT00678:1787873546000,severn-trent:SVT00678,severn-trent,2026-08-27T23:32:26Z,2026-08-28T03:29:41Z,237,hub,2026-09-17T00:49:00Z,2026-09-17T00:49:00Z,true
severn-trent:SVT00681:1787859357000,severn-trent:SVT00681,severn-trent,2026-08-27T19:35:57Z,2026-08-27T19:38:41Z,3,hub,2026-09-17T00:49:00Z,2026-09-17T00:49:00Z,true
severn-trent:SVT00690:1787856577000,severn-trent:SVT00690,severn-trent,2026-08-27T18:49:37Z,2026-08-27T19:01:39Z,12,hub,2026-09-17T00:49:00Z,2026-09-17T00:49:00Z,true
severn-trent:SVT00691:1787864598000,severn-trent:SVT00691,severn-trent,2026-08-27T21:03:18Z,2026-08-27T22:07:54Z,65,hub,2026-09-17T00:49:00Z,2026-09-17T00:49:00Z,true
severn-trent:SVT00692:1787757252000,severn-trent:SVT00692,severn-trent,2026-08-26T15:14:12Z,2026-08-26T15:40:48Z,27,hub,2026-09-17T00:49:00Z,2026-09-17T00:49:00Z,true
severn-trent:SVT00695:1788116250000,severn-trent:SVT00695,severn-trent,2026-08-30T18:57:30Z,2026-08-30T19:21:55Z,24,hub,2026-09-17T00:49:00Z,2026-09-17T00:49:00Z,true
severn-trent:SVT00697:1787824316000,severn-trent:SVT00697,severn-trent,2026-08-27T09:51:56Z,2026-08-27T11:33:50Z,102,hub,2026-09-17T00:49:00Z,2026-09-17T00:49:00Z,true
severn-trent:SVT00702:1787814151000,severn-trent:SVT00702,severn-trent,2026-08-27T07:02:31Z,2026-08-27T07:33:51Z,31,hub,2026-09-17T00:49:00Z,2026-09-17T00:49:00Z,true
severn-trent:SVT00703:1787827443000,severn-trent:SVT00703,severn-trent,2026-08-27T10:44:03Z,2026-08-27T15:43:17Z,299,hub,2026-09-17T00:49:00Z,2026-09-17T00:49:00Z,true
severn-trent:SVT00705:1788140364000,severn-trent:SVT00705,severn-trent,2026-08-31T01:39:24Z,2026-08-31T02:51:33Z,72,hub,2026-09-17T00:49:00Z,2026-09-17T00:49:00Z,true
severn-trent:SVT00706:1787837704000,severn-trent:SVT00706,severn-trent,2026-08-27T13:35:04Z,2026-08-27T13:43:42Z,9,hub,2026-09-17T00:49:00Z,2026-09-17T00:49:00Z,true
severn-trent:SVT00709:1787823806000,severn-trent:SVT00709,severn-trent,2026-08-27T09:43:26Z,2026-08-27T12:05:07Z,142,hub,2026-09-17T00:49:00Z,2026-09-17T00:49:00Z,true
severn-trent:SVT00719:1788107318000,severn-trent:SVT00719,severn-trent,2026-08-30T16:28:38Z,2026-08-30T17:17:31Z,49,hub,2026-09-17T00:49:00Z,2026-09-17T00:49:00Z,true
severn-trent:SVT00725:1788120207000,severn-trent:SVT00725,severn-trent,2026-08-30T20:03:27Z,2026-08-30T20:30:26Z,27,hub,2026-09-17T00:49:00Z,2026-09-17T00:49:00Z,true
severn-trent:SVT00728:1787859942000,severn-trent:SVT00728,severn-trent,2026-08-27T19:45:42Z,2026-08-27T20:42:44Z,57,hub,2026-09-17T00:49:00Z,2026-09-17T00:49:00Z,true
severn-trent:SVT00730:1788127756000,severn-trent:SVT00730,severn-trent,2026-08-30T22:09:16Z,2026-08-30T22:23:53Z,15,hub,2026-09-17T00:49:00Z,2026-09-17T00:49:00Z,true
severn-trent:SVT00738:1788130335000,severn-trent:SVT00738,severn-trent,2026-08-30T22:52:15Z,2026-08-30T22:57:10Z,5,hub,2026-09-17T00:49:00Z,2026-09-17T00:49:00Z,true
severn-trent:SVT00739:1787867383000,severn-trent:SVT00739,severn-trent,2026-08-27T21:49:43Z,2026-08-27T22:11:57Z,22,hub,2026-09-17T00:49:00Z,2026-09-17T00:49:00Z,true
severn-trent:SVT00741:1787918698000,severn-trent:SVT00741,severn-trent,2026-08-28T12:04:58Z,2026-08-28T12:13:55Z,9,hub,2026-09-17T00:49:00Z,2026-09-17T00:49:00Z,true
severn-trent:SVT00744:1787823605000,severn-trent:SVT00744,severn-trent,2026-08-27T09:40:05Z,2026-08-27T11:45:07Z,125,hub,2026-09-17T00:49:00Z,2026-09-17T00:49:00Z,true
severn-trent:SVT00747:1788108982000,severn-trent:SVT00747,severn-trent,2026-08-30T16:56:22Z,2026-08-30T17:05:29Z,9,hub,2026-09-17T00:49:00Z,2026-09-17T00:49:00Z,true
severn-trent:SVT00749:1787857656000,severn-trent:SVT00749,severn-trent,2026-08-27T19:07:36Z,2026-08-27T19:31:41Z,24,hub,2026-09-17T00:49:00Z,2026-09-17T00:49:00Z,true
severn-trent:SVT00750:1787829914000,severn-trent:SVT00750,severn-trent,2026-08-27T11:25:14Z,2026-08-27T12:35:36Z,70,hub,2026-09-17T00:49:00Z,2026-09-17T00:49:00Z,true
severn-trent:SVT00753:1788127360000,severn-trent:SVT00753,severn-trent,2026-08-30T22:02:40Z,2026-08-30T22:24:13Z,22,hub,2026-09-17T00:49:00Z,2026-09-17T00:49:00Z,true
severn-trent:SVT00755:1787231669000,severn-trent:SVT00755,severn-trent,2026-08-20T13:14:29Z,2026-08-20T13:24:30Z,10,hub,2026-09-17T00:49:00Z,2026-09-17T00:49:00Z,true
severn-trent:SVT00764:1787861570000,severn-trent:SVT00764,severn-trent,2026-08-27T20:12:50Z,2026-08-27T22:20:55Z,128,hub,2026-09-17T00:49:00Z,2026-09-17T00:49:00Z,true
severn-trent:SVT00768:1788037339000,severn-trent:SVT00768,severn-trent,2026-08-29T21:02:19Z,2026-08-29T22:33:32Z,91,hub,2026-09-17T00:49:00Z,2026-09-17T00:49:00Z,true
severn-trent:SVT00770:1787812863000,severn-trent:SVT00770,severn-trent,2026-08-27T06:41:03Z,2026-08-27T06:43:30Z,2,hub,2026-09-17T00:49:00Z,2026-09-17T00:49:00Z,true
severn-trent:SVT00771:1788133768000,severn-trent:SVT00771,severn-trent,2026-08-30T23:49:28Z,2026-08-31T02:34:50Z,165,hub,2026-09-17T00:49:00Z,2026-09-17T00:49:00Z,true
severn-trent:SVT00772:1787929250000,severn-trent:SVT00772,severn-trent,2026-08-28T15:00:50Z,2026-08-28T22:50:00Z,469,hub,2026-09-17T00:49:00Z,2026-09-17T00:49:00Z,true
severn-trent:SVT00773:1788120453000,severn-trent:SVT00773,severn-trent,2026-08-30T20:07:33Z,2026-08-30T20:14:40Z,7,hub,2026-09-17T00:49:00Z,2026-09-17T00:49:00Z,true
severn-trent:SVT00775:1787859596000,severn-trent:SVT00775,severn-trent,2026-08-27T19:39:56Z,2026-08-27T20:24:12Z,44,hub,2026-09-17T00:49:00Z,2026-09-17T00:49:00Z,true
severn-trent:SVT00777:1788135751000,severn-trent:SVT00777,severn-trent,2026-08-31T00:22:31Z,2026-08-31T01:54:18Z,92,hub,2026-09-17T00:49:00Z,2026-09-17T00:49:00Z,true
severn-trent:SVT00781:1787856254000,severn-trent:SVT00781,severn-trent,2026-08-27T18:44:14Z,2026-08-27T19:10:26Z,26,hub,2026-09-17T00:49:00Z,2026-09-17T00:49:00Z,true
severn-trent:SVT00783:1788105787000,severn-trent:SVT00783,severn-trent,2026-08-30T16:03:07Z,2026-08-30T16:40:52Z,38,hub,2026-09-17T00:49:00Z,2026-09-17T00:49:00Z,true
severn-trent:SVT00784:1787867748000,severn-trent:SVT00784,severn-trent,2026-08-27T21:55:48Z,2026-08-27T21:56:11Z,0,hub,2026-09-17T00:49:00Z,2026-09-17T00:49:00Z,true
severn-trent:SVT00790:1787814687000,severn-trent:SVT00790,severn-trent,2026-08-27T07:11:27Z,2026-08-27T07:50:01Z,39,hub,2026-09-17T00:49:00Z,2026-09-17T00:49:00Z,true
severn-trent:SVT00792:1788119727000,severn-trent:SVT00792,severn-trent,2026-08-30T19:55:27Z,2026-08-30T20:08:24Z,13,hub,2026-09-17T00:49:00Z,2026-09-17T00:49:00Z,true
severn-trent:SVT00793:1787825871000,severn-trent:SVT00793,severn-trent,2026-08-27T10:17:51Z,2026-08-27T10:51:18Z,33,hub,2026-09-17T00:49:00Z,2026-09-17T00:49:00Z,true
severn-trent:SVT00794:1788143734000,severn-trent:SVT00794,severn-trent,2026-08-31T02:35:34Z,2026-08-31T02:43:04Z,8,hub,2026-09-17T00:49:00Z,2026-09-17T00:49:00Z,true
severn-trent:SVT00796:1787856901000,severn-trent:SVT00796,severn-trent,2026-08-27T18:55:01Z,2026-08-27T19:05:20Z,10,hub,2026-09-17T00:49:00Z,2026-09-17T00:49:00Z,true
severn-trent:SVT00797:1787857131000,severn-trent:SVT00797,severn-trent,2026-08-27T18:58:51Z,2026-08-27T19:01:24Z,3,hub,2026-09-17T00:49:00Z,2026-09-17T00:49:00Z,true
severn-trent:SVT00799:1787815609000,severn-trent:SVT00799,severn-trent,2026-08-27T07:26:49Z,2026-08-27T07:50:07Z,23,hub,2026-09-17T00:49:00Z,2026-09-17T00:49:00Z,true
severn-trent:SVT00810:1788127973000,severn-trent:SVT00810,severn-trent,2026-08-30T22:12:53Z,2026-08-30T22:30:45Z,18,hub,2026-09-17T00:49:00Z,2026-09-17T00:49:00Z,true
severn-trent:SVT00813:1788139214000,severn-trent:SVT00813,severn-trent,2026-08-31T01:20:14Z,2026-08-31T02:10:34Z,50,hub,2026-09-17T00:49:00Z,2026-09-17T00:49:00Z,true
severn-trent:SVT00814:1788042856000,severn-trent:SVT00814,severn-trent,2026-08-29T22:34:16Z,2026-08-30T05:20:00Z,406,hub,2026-09-17T00:49:00Z,2026-09-17T00:49:00Z,true
severn-trent:SVT00817:1787932857000,severn-trent:SVT00817,severn-trent,2026-08-28T16:00:57Z,2026-08-28T19:50:17Z,229,hub,2026-09-17T00:49:00Z,2026-09-17T00:49:00Z,true
severn-trent:SVT00827:1786400608000,severn-trent:SVT00827,severn-trent,2026-08-10T22:23:28Z,2026-08-10T23:16:52Z,53,hub,2026-09-17T00:49:00Z,2026-09-17T00:49:00Z,true
severn-trent:SVT00829:1785578807000,severn-trent:SVT00829,severn-trent,2026-08-01T10:06:47Z,2026-08-01T10:10:28Z,4,hub,2026-09-17T00:49:00Z,2026-09-17T00:49:00Z,true
severn-trent:SVT00831:1787826166000,severn-trent:SVT00831,severn-trent,2026-08-27T10:22:46Z,2026-08-27T14:11:56Z,229,hub,2026-09-17T00:49:00Z,2026-09-17T00:49:00Z,true
severn-trent:SVT00835:1788118869000,severn-trent:SVT00835,severn-trent,2026-08-30T19:41:09Z,2026-08-30T20:04:43Z,24,hub,2026-09-17T00:49:00Z,2026-09-17T00:49:00Z,true
severn-trent:SVT00844:1787861054000,severn-trent:SVT00844,severn-trent,2026-08-27T20:04:14Z,2026-08-27T20:40:32Z,36,hub,2026-09-17T00:49:00Z,2026-09-17T00:49:00Z,true
severn-trent:SVT00847:1788132300000,severn-trent:SVT00847,severn-trent,2026-08-30T23:25:00Z,2026-08-31T01:05:00Z,100,hub,2026-09-17T00:49:00Z,2026-09-17T00:49:00Z,true
severn-trent:SVT00853:1787836974000,severn-trent:SVT00853,severn-trent,2026-08-27T13:22:54Z,2026-08-27T15:53:01Z,150,hub,2026-09-17T00:49:00Z,2026-09-17T00:49:00Z,true
severn-trent:SVT00860:1787771254000,severn-trent:SVT00860,severn-trent,2026-08-26T19:07:34Z,2026-08-26T19:38:49Z,31,hub,2026-09-17T00:49:00Z,2026-09-17T00:49:00Z,true
severn-trent:SVT00861:1787815264000,severn-trent:SVT00861,severn-trent,2026-08-27T07:21:04Z,2026-08-27T09:57:42Z,157,hub,2026-09-17T00:49:00Z,2026-09-17T00:49:00Z,true
severn-trent:SVT00867:1787876197000,severn-trent:SVT00867,severn-trent,2026-08-28T00:16:37Z,2026-08-28T00:23:13Z,7,hub,2026-09-17T00:49:00Z,2026-09-17T00:49:00Z,true
severn-trent:SVT00870:1788128704000,severn-trent:SVT00870,severn-trent,2026-08-30T22:25:04Z,2026-08-30T23:01:30Z,36,hub,2026-09-17T00:49:00Z,2026-09-17T00:49:00Z,true
severn-trent:SVT00877:1787875496000,severn-trent:SVT00877,severn-trent,2026-08-28T00:04:56Z,2026-09-03T14:01:00Z,9476,hub,2026-09-17T00:49:00Z,2026-09-17T00:49:00Z,true
severn-trent:SVT00882:1787856650000,severn-trent:SVT00882,severn-trent,2026-08-27T18:50:50Z,2026-08-27T20:03:21Z,73,hub,2026-09-17T00:49:00Z,2026-09-17T00:49:00Z,true
severn-trent:SVT00883:1788038168000,severn-trent:SVT00883,severn-trent,2026-08-29T21:16:08Z,2026-08-29T22:12:24Z,56,hub,2026-09-17T00:49:00Z,2026-09-17T00:49:00Z,true
severn-trent:SVT00884:1787814152000,severn-trent:SVT00884,severn-trent,2026-08-27T07:02:32Z,2026-08-27T08:04:31Z,62,hub,2026-09-17T00:49:00Z,2026-09-17T00:49:00Z,true
severn-trent:SVT00886:1787873000000,severn-trent:SVT00886,severn-trent,2026-08-27T23:23:20Z,2026-08-28T02:24:32Z,181,hub,2026-09-17T00:49:00Z,2026-09-17T00:49:00Z,true
severn-trent:SVT00888:1787868546000,severn-trent:SVT00888,severn-trent,2026-08-27T22:09:06Z,2026-08-28T00:50:00Z,161,hub,2026-09-17T00:49:00Z,2026-09-17T00:49:00Z,true
severn-trent:SVT00891:1788044672000,severn-trent:SVT00891,severn-trent,2026-08-29T23:04:32Z,2026-08-29T23:49:26Z,45,hub,2026-09-17T00:49:00Z,2026-09-17T00:49:00Z,true
severn-trent:SVT00894:1787859697000,severn-trent:SVT00894,severn-trent,2026-08-27T19:41:37Z,2026-08-27T19:50:13Z,9,hub,2026-09-17T00:49:00Z,2026-09-17T00:49:00Z,true
severn-trent:SVT00895:1788035689000,severn-trent:SVT00895,severn-trent,2026-08-29T20:34:49Z,2026-08-29T21:44:24Z,70,hub,2026-09-17T00:49:00Z,2026-09-17T00:49:00Z,true
severn-trent:SVT00896:1788125737000,severn-trent:SVT00896,severn-trent,2026-08-30T21:35:37Z,2026-08-30T21:36:00Z,0,hub,2026-09-17T00:49:00Z,2026-09-17T00:49:00Z,true
severn-trent:SVT00898:1788129840000,severn-trent:SVT00898,severn-trent,2026-08-30T22:44:00Z,2026-08-30T23:18:04Z,34,hub,2026-09-17T00:49:00Z,2026-09-17T00:49:00Z,true
severn-trent:SVT00899:1788138725000,severn-trent:SVT00899,severn-trent,2026-08-31T01:12:05Z,2026-08-31T01:17:40Z,6,hub,2026-09-17T00:49:00Z,2026-09-17T00:49:00Z,true
severn-trent:SVT00903:1787826284000,severn-trent:SVT00903,severn-trent,2026-08-27T10:24:44Z,2026-08-27T13:38:57Z,194,hub,2026-09-17T00:49:00Z,2026-09-17T00:49:00Z,true
severn-trent:SVT00904:1787932353000,severn-trent:SVT00904,severn-trent,2026-08-28T15:52:33Z,2026-08-28T16:15:07Z,23,hub,2026-09-17T00:49:00Z,2026-09-17T00:49:00Z,true
severn-trent:SVT00908:1788119813000,severn-trent:SVT00908,severn-trent,2026-08-30T19:56:53Z,2026-08-30T21:03:17Z,66,hub,2026-09-17T00:49:00Z,2026-09-17T00:49:00Z,true
severn-trent:SVT00915:1788114902000,severn-trent:SVT00915,severn-trent,2026-08-30T18:35:02Z,2026-08-30T18:49:59Z,15,hub,2026-09-17T00:49:00Z,2026-09-17T00:49:00Z,true
severn-trent:SVT00920:1787832381000,severn-trent:SVT00920,severn-trent,2026-08-27T12:06:21Z,2026-08-27T13:08:30Z,62,hub,2026-09-17T00:49:00Z,2026-09-17T00:49:00Z,true
severn-trent:SVT00921:1788118005000,severn-trent:SVT00921,severn-trent,2026-08-30T19:26:45Z,2026-08-30T19:37:23Z,11,hub,2026-09-17T00:49:00Z,2026-09-17T00:49:00Z,true
severn-trent:SVT00923:1788117582000,severn-trent:SVT00923,severn-trent,2026-08-30T19:19:42Z,2026-08-30T19:26:33Z,7,hub,2026-09-17T00:49:00Z,2026-09-17T00:49:00Z,true
severn-trent:SVT00929:1788118732000,severn-trent:SVT00929,severn-trent,2026-08-30T19:38:52Z,2026-08-30T19:51:23Z,13,hub,2026-09-17T00:49:00Z,2026-09-17T00:49:00Z,true
severn-trent:SVT00930:1787863296000,severn-trent:SVT00930,severn-trent,2026-08-27T20:41:36Z,2026-08-27T21:16:06Z,35,hub,2026-09-17T00:49:00Z,2026-09-17T00:49:00Z,true
severn-trent:SVT00948:1788136194000,severn-trent:SVT00948,severn-trent,2026-08-31T00:29:54Z,2026-08-31T00:57:28Z,28,hub,2026-09-17T00:49:00Z,2026-09-17T00:49:00Z,true
severn-trent:SVT00950:1788119272000,severn-trent:SVT00950,severn-trent,2026-08-30T19:47:52Z,2026-08-30T20:02:25Z,15,hub,2026-09-17T00:49:00Z,2026-09-17T00:49:00Z,true
severn-trent:SVT00951:1788120316000,severn-trent:SVT00951,severn-trent,2026-08-30T20:05:16Z,2026-08-30T20:08:00Z,3,hub,2026-09-17T00:49:00Z,2026-09-17T00:49:00Z,true
severn-trent:SVT00955:1788037171000,severn-trent:SVT00955,severn-trent,2026-08-29T20:59:31Z,2026-08-29T21:50:00Z,50,hub,2026-09-17T00:49:00Z,2026-09-17T00:49:00Z,true
severn-trent:SVT00959:1787938063000,severn-trent:SVT00959,severn-trent,2026-08-28T17:27:43Z,2026-08-28T17:35:24Z,8,hub,2026-09-17T00:49:00Z,2026-09-17T00:49:00Z,true
severn-trent:SVT00960:1787934946000,severn-trent:SVT00960,severn-trent,2026-08-28T16:35:46Z,2026-08-28T17:10:31Z,35,hub,2026-09-17T00:49:00Z,2026-09-17T00:49:00Z,true
severn-trent:SVT00962:1788138532000,severn-trent:SVT00962,severn-trent,2026-08-31T01:08:52Z,2026-08-31T01:18:56Z,10,hub,2026-09-17T00:49:00Z,2026-09-17T00:49:00Z,true
severn-trent:SVT00963:1787929109000,severn-trent:SVT00963,severn-trent,2026-08-28T14:58:29Z,2026-08-28T15:00:00Z,2,hub,2026-09-17T00:49:00Z,2026-09-17T00:49:00Z,true
severn-trent:SVT00965:1787844990000,severn-trent:SVT00965,severn-trent,2026-08-27T15:36:30Z,2026-08-27T17:26:00Z,110,hub,2026-09-17T00:49:00Z,2026-09-17T00:49:00Z,true
severn-trent:SVT00966:1787845446000,severn-trent:SVT00966,severn-trent,2026-08-27T15:44:06Z,2026-08-27T18:42:48Z,179,hub,2026-09-17T00:49:00Z,2026-09-17T00:49:00Z,true
severn-trent:SVT00968:1787859661000,severn-trent:SVT00968,severn-trent,2026-08-27T19:41:01Z,2026-08-27T20:04:02Z,23,hub,2026-09-17T00:49:00Z,2026-09-17T00:49:00Z,true
severn-trent:SVT00974:1787862578000,severn-trent:SVT00974,severn-trent,2026-08-27T20:29:38Z,2026-08-27T21:18:10Z,49,hub,2026-09-17T00:49:00Z,2026-09-17T00:49:00Z,true
severn-trent:SVT00976:1787818610000,severn-trent:SVT00976,severn-trent,2026-08-27T08:16:50Z,2026-08-27T08:43:29Z,27,hub,2026-09-17T00:49:00Z,2026-09-17T00:49:00Z,true
severn-trent:SVT00982:1788138275000,severn-trent:SVT00982,severn-trent,2026-08-31T01:04:35Z,2026-09-01T15:29:16Z,2305,hub,2026-09-17T00:49:00Z,2026-09-17T00:49:00Z,true
severn-trent:SVT00984:1788183078000,severn-trent:SVT00984,severn-trent,2026-08-31T13:31:18Z,2026-08-31T14:13:44Z,42,hub,2026-09-17T00:49:00Z,2026-09-17T00:49:00Z,true
severn-trent:SVT00988:1787931584000,severn-trent:SVT00988,severn-trent,2026-08-28T15:39:44Z,2026-08-28T15:51:20Z,12,hub,2026-09-17T00:49:00Z,2026-09-17T00:49:00Z,true
severn-trent:SVT00991:1787858473000,severn-trent:SVT00991,severn-trent,2026-08-27T19:21:13Z,2026-08-27T19:33:08Z,12,hub,2026-09-17T00:49:00Z,2026-09-17T00:49:00Z,true
severn-trent:SVT00993:1787822705000,severn-trent:SVT00993,severn-trent,2026-08-27T09:25:05Z,2026-08-27T12:32:07Z,187,hub,2026-09-17T00:49:00Z,2026-09-17T00:49:00Z,true
severn-trent:SVT00997:1787922310000,severn-trent:SVT00997,severn-trent,2026-08-28T13:05:10Z,2026-08-28T14:01:46Z,57,hub,2026-09-17T00:49:00Z,2026-09-17T00:49:00Z,true
severn-trent:SVT01000:1787944431000,severn-trent:SVT01000,severn-trent,2026-08-28T19:13:51Z,2026-08-28T19:16:49Z,3,hub,2026-09-17T00:49:00Z,2026-09-17T00:49:00Z,true
severn-trent:SVT01001:1788127500000,severn-trent:SVT01001,severn-trent,2026-08-30T22:05:00Z,2026-08-30T22:13:17Z,8,hub,2026-09-17T00:49:00Z,2026-09-17T00:49:00Z,true
severn-trent:SVT01004:1787813909000,severn-trent:SVT01004,severn-trent,2026-08-27T06:58:29Z,2026-08-27T07:27:17Z,29,hub,2026-09-17T00:49:00Z,2026-09-17T00:49:00Z,true
severn-trent:SVT01010:1787840871000,severn-trent:SVT01010,severn-trent,2026-08-27T14:27:51Z,2026-08-27T14:47:00Z,19,hub,2026-09-17T00:49:00Z,2026-09-17T00:49:00Z,true
severn-trent:SVT01013:1788118066000,severn-trent:SVT01013,severn-trent,2026-08-30T19:27:46Z,2026-08-30T19:35:30Z,8,hub,2026-09-17T00:49:00Z,2026-09-17T00:49:00Z,true
severn-trent:SVT01015:1787876305000,severn-trent:SVT01015,severn-trent,2026-08-28T00:18:25Z,2026-08-28T01:54:54Z,96,hub,2026-09-17T00:49:00Z,2026-09-17T00:49:00Z,true
severn-trent:SVT01019:1787813231000,severn-trent:SVT01019,severn-trent,2026-08-27T06:47:11Z,2026-08-27T07:27:57Z,41,hub,2026-09-17T00:49:00Z,2026-09-17T00:49:00Z,true
severn-trent:SVT01021:1788141825000,severn-trent:SVT01021,severn-trent,2026-08-31T02:03:45Z,2026-08-31T02:07:17Z,4,hub,2026-09-17T00:49:00Z,2026-09-17T00:49:00Z,true
severn-trent:SVT01024:1788116889000,severn-trent:SVT01024,severn-trent,2026-08-30T19:08:09Z,2026-08-30T19:23:53Z,16,hub,2026-09-17T00:49:00Z,2026-09-17T00:49:00Z,true
severn-trent:SVT01026:1788110817000,severn-trent:SVT01026,severn-trent,2026-08-30T17:26:57Z,2026-08-30T17:38:21Z,11,hub,2026-09-17T00:49:00Z,2026-09-17T00:49:00Z,true
severn-trent:SVT01028:1788136934000,severn-trent:SVT01028,severn-trent,2026-08-31T00:42:14Z,2026-08-31T02:00:54Z,79,hub,2026-09-17T00:49:00Z,2026-09-17T00:49:00Z,true
severn-trent:SVT01034:1787770214000,severn-trent:SVT01034,severn-trent,2026-08-26T18:50:14Z,2026-08-26T19:49:30Z,59,hub,2026-09-17T00:49:00Z,2026-09-17T00:49:00Z,true
severn-trent:SVT01035:1787771749000,severn-trent:SVT01035,severn-trent,2026-08-26T19:15:49Z,2026-08-26T19:29:58Z,14,hub,2026-09-17T00:49:00Z,2026-09-17T00:49:00Z,true
severn-trent:SVT01036:1787823182000,severn-trent:SVT01036,severn-trent,2026-08-27T09:33:02Z,2026-08-27T09:36:03Z,3,hub,2026-09-17T00:49:00Z,2026-09-17T00:49:00Z,true
severn-trent:SVT01042:1788116812000,severn-trent:SVT01042,severn-trent,2026-08-30T19:06:52Z,2026-08-30T19:37:21Z,30,hub,2026-09-17T00:49:00Z,2026-09-17T00:49:00Z,true
severn-trent:SVT01043:1788117740000,severn-trent:SVT01043,severn-trent,2026-08-30T19:22:20Z,2026-08-30T19:59:34Z,37,hub,2026-09-17T00:49:00Z,2026-09-17T00:49:00Z,true
severn-trent:SVT01044:1788117771000,severn-trent:SVT01044,severn-trent,2026-08-30T19:22:51Z,2026-08-30T19:51:38Z,29,hub,2026-09-17T00:49:00Z,2026-09-17T00:49:00Z,true
severn-trent:SVT01045:1787769920000,severn-trent:SVT01045,severn-trent,2026-08-26T18:45:20Z,2026-08-26T18:52:29Z,7,hub,2026-09-17T00:49:00Z,2026-09-17T00:49:00Z,true
severn-trent:SVT01046:1788119943000,severn-trent:SVT01046,severn-trent,2026-08-30T19:59:03Z,2026-08-30T20:16:02Z,17,hub,2026-09-17T00:49:00Z,2026-09-17T00:49:00Z,true
severn-trent:SVT01053:1788117441000,severn-trent:SVT01053,severn-trent,2026-08-30T19:17:21Z,2026-08-30T19:22:18Z,5,hub,2026-09-17T00:49:00Z,2026-09-17T00:49:00Z,true
severn-trent:SVT01054:1788116972000,severn-trent:SVT01054,severn-trent,2026-08-30T19:09:32Z,2026-08-30T19:16:06Z,7,hub,2026-09-17T00:49:00Z,2026-09-17T00:49:00Z,true
severn-trent:SVT01055:1788133488000,severn-trent:SVT01055,severn-trent,2026-08-30T23:44:48Z,2026-08-30T23:56:33Z,12,hub,2026-09-17T00:49:00Z,2026-09-17T00:49:00Z,true
severn-trent:SVT01061:1787834452000,severn-trent:SVT01061,severn-trent,2026-08-27T12:40:52Z,2026-08-27T13:04:06Z,23,hub,2026-09-17T00:49:00Z,2026-09-17T00:49:00Z,true
severn-trent:SVT01066:1787870745000,severn-trent:SVT01066,severn-trent,2026-08-27T22:45:45Z,2026-08-28T21:54:49Z,1389,hub,2026-09-17T00:49:00Z,2026-09-17T00:49:00Z,true
severn-trent:SVT01067:1788110058000,severn-trent:SVT01067,severn-trent,2026-08-30T17:14:18Z,2026-08-30T17:15:00Z,1,hub,2026-09-17T00:49:00Z,2026-09-17T00:49:00Z,true
severn-trent:SVT01068:1788169313000,severn-trent:SVT01068,severn-trent,2026-08-31T09:41:53Z,2026-08-31T09:47:42Z,6,hub,2026-09-17T00:49:00Z,2026-09-17T00:49:00Z,true
severn-trent:SVT01069:1788121793000,severn-trent:SVT01069,severn-trent,2026-08-30T20:29:53Z,2026-08-30T20:38:10Z,8,hub,2026-09-17T00:49:00Z,2026-09-17T00:49:00Z,true
severn-trent:SVT01070:1788133367000,severn-trent:SVT01070,severn-trent,2026-08-30T23:42:47Z,2026-08-30T23:49:22Z,7,hub,2026-09-17T00:49:00Z,2026-09-17T00:49:00Z,true
severn-trent:SVT01071:1787919700000,severn-trent:SVT01071,severn-trent,2026-08-28T12:21:40Z,2026-08-28T12:30:20Z,9,hub,2026-09-17T00:49:00Z,2026-09-17T00:49:00Z,true
severn-trent:SVT01077:1788135518000,severn-trent:SVT01077,severn-trent,2026-08-31T00:18:38Z,2026-08-31T01:29:53Z,71,hub,2026-09-17T00:49:00Z,2026-09-17T00:49:00Z,true
severn-trent:SVT01078:1788133719000,severn-trent:SVT01078,severn-trent,2026-08-30T23:48:39Z,2026-08-31T00:50:36Z,62,hub,2026-09-17T00:49:00Z,2026-09-17T00:49:00Z,true
severn-trent:SVT01079:1787924803000,severn-trent:SVT01079,severn-trent,2026-08-28T13:46:43Z,2026-08-28T14:35:00Z,48,hub,2026-09-17T00:49:00Z,2026-09-17T00:49:00Z,true
severn-trent:SVT01081:1787859584000,severn-trent:SVT01081,severn-trent,2026-08-27T19:39:44Z,2026-08-27T19:54:14Z,15,hub,2026-09-17T00:49:00Z,2026-09-17T00:49:00Z,true
severn-trent:SVT01082:1788168763000,severn-trent:SVT01082,severn-trent,2026-08-31T09:32:43Z,2026-08-31T09:41:25Z,9,hub,2026-09-17T00:49:00Z,2026-09-17T00:49:00Z,true
severn-trent:SVT01083:1787925672000,severn-trent:SVT01083,severn-trent,2026-08-28T14:01:12Z,2026-08-28T14:11:13Z,10,hub,2026-09-17T00:49:00Z,2026-09-17T00:49:00Z,true
severn-trent:SVT01085:1787919055000,severn-trent:SVT01085,severn-trent,2026-08-28T12:10:55Z,2026-08-28T12:19:53Z,9,hub,2026-09-17T00:49:00Z,2026-09-17T00:49:00Z,true
severn-trent:SVT01086:1787885356000,severn-trent:SVT01086,severn-trent,2026-08-28T02:49:16Z,2026-08-28T02:54:46Z,6,hub,2026-09-17T00:49:00Z,2026-09-17T00:49:00Z,true
severn-trent:SVT01087:1787867791000,severn-trent:SVT01087,severn-trent,2026-08-27T21:56:31Z,2026-08-27T23:40:58Z,104,hub,2026-09-17T00:49:00Z,2026-09-17T00:49:00Z,true
severn-trent:SVT01089:1787851769000,severn-trent:SVT01089,severn-trent,2026-08-27T17:29:29Z,2026-08-27T17:46:44Z,17,hub,2026-09-17T00:49:00Z,2026-09-17T00:49:00Z,true
severn-trent:SVT01090:1787868328000,severn-trent:SVT01090,severn-trent,2026-08-27T22:05:28Z,2026-08-27T22:23:06Z,18,hub,2026-09-17T00:49:00Z,2026-09-17T00:49:00Z,true
severn-trent:SVT01094:1788142667000,severn-trent:SVT01094,severn-trent,2026-08-31T02:17:47Z,2026-08-31T03:11:22Z,54,hub,2026-09-17T00:49:00Z,2026-09-17T00:49:00Z,true
severn-trent:SVT01097:1787867034000,severn-trent:SVT01097,severn-trent,2026-08-27T21:43:54Z,2026-08-27T22:45:27Z,62,hub,2026-09-17T00:49:00Z,2026-09-17T00:49:00Z,true
severn-trent:SVT01101:1787864509000,severn-trent:SVT01101,severn-trent,2026-08-27T21:01:49Z,2026-08-27T21:15:00Z,13,hub,2026-09-17T00:49:00Z,2026-09-17T00:49:00Z,true
severn-trent:SVT01105:1788121408000,severn-trent:SVT01105,severn-trent,2026-08-30T20:23:28Z,2026-08-30T20:39:31Z,16,hub,2026-09-17T00:49:00Z,2026-09-17T00:49:00Z,true
severn-trent:SVT01106:1787818525000,severn-trent:SVT01106,severn-trent,2026-08-27T08:15:25Z,2026-08-27T08:52:18Z,37,hub,2026-09-17T00:49:00Z,2026-09-17T00:49:00Z,true
severn-trent:SVT01107:1787937149000,severn-trent:SVT01107,severn-trent,2026-08-28T17:12:29Z,2026-08-28T17:34:15Z,22,hub,2026-09-17T00:49:00Z,2026-09-17T00:49:00Z,true
severn-trent:SVT01108:1787865076000,severn-trent:SVT01108,severn-trent,2026-08-27T21:11:16Z,2026-08-27T22:06:05Z,55,hub,2026-09-17T00:49:00Z,2026-09-17T00:49:00Z,true
severn-trent:SVT01112:1787815863000,severn-trent:SVT01112,severn-trent,2026-08-27T07:31:03Z,2026-08-27T07:35:27Z,4,hub,2026-09-17T00:49:00Z,2026-09-17T00:49:00Z,true
severn-trent:SVT01113:1787854473000,severn-trent:SVT01113,severn-trent,2026-08-27T18:14:33Z,2026-08-27T19:58:51Z,104,hub,2026-09-17T00:49:00Z,2026-09-17T00:49:00Z,true
severn-trent:SVT01115:1788121663000,severn-trent:SVT01115,severn-trent,2026-08-30T20:27:43Z,2026-08-30T20:46:50Z,19,hub,2026-09-17T00:49:00Z,2026-09-17T00:49:00Z,true
severn-trent:SVT01118:1787823092000,severn-trent:SVT01118,severn-trent,2026-08-27T09:31:32Z,2026-08-27T09:39:18Z,8,hub,2026-09-17T00:49:00Z,2026-09-17T00:49:00Z,true
severn-trent:SVT01119:1787830049000,severn-trent:SVT01119,severn-trent,2026-08-27T11:27:29Z,2026-08-27T12:34:20Z,67,hub,2026-09-17T00:49:00Z,2026-09-17T00:49:00Z,true
severn-trent:SVT01122:1787815158000,severn-trent:SVT01122,severn-trent,2026-08-27T07:19:18Z,2026-08-27T07:30:00Z,11,hub,2026-09-17T00:49:00Z,2026-09-17T00:49:00Z,true
severn-trent:SVT01123:1787922792000,severn-trent:SVT01123,severn-trent,2026-08-28T13:13:12Z,2026-08-28T14:05:39Z,52,hub,2026-09-17T00:49:00Z,2026-09-17T00:49:00Z,true
severn-trent:SVT01125:1787814221000,severn-trent:SVT01125,severn-trent,2026-08-27T07:03:41Z,2026-08-27T07:19:48Z,16,hub,2026-09-17T00:49:00Z,2026-09-17T00:49:00Z,true
severn-trent:SVT01127:1787855004000,severn-trent:SVT01127,severn-trent,2026-08-27T18:23:24Z,2026-08-27T18:34:03Z,11,hub,2026-09-17T00:49:00Z,2026-09-17T00:49:00Z,true
severn-trent:SVT01129:1788139692000,severn-trent:SVT01129,severn-trent,2026-08-31T01:28:12Z,2026-08-31T01:31:22Z,3,hub,2026-09-17T00:49:00Z,2026-09-17T00:49:00Z,true
severn-trent:SVT01131:1787345295000,severn-trent:SVT01131,severn-trent,2026-08-21T20:48:15Z,2026-08-21T21:34:31Z,46,hub,2026-09-17T00:49:00Z,2026-09-17T00:49:00Z,true
severn-trent:SVT01134:1787815556000,severn-trent:SVT01134,severn-trent,2026-08-27T07:25:56Z,2026-08-27T07:55:49Z,30,hub,2026-09-17T00:49:00Z,2026-09-17T00:49:00Z,true
severn-trent:SVT01137:1787856838000,severn-trent:SVT01137,severn-trent,2026-08-27T18:53:58Z,2026-08-27T19:31:56Z,38,hub,2026-09-17T00:49:00Z,2026-09-17T00:49:00Z,true
severn-trent:SVT01138:1788046919000,severn-trent:SVT01138,severn-trent,2026-08-29T23:41:59Z,2026-08-30T01:58:49Z,137,hub,2026-09-17T00:49:00Z,2026-09-17T00:49:00Z,true
severn-trent:SVT01139:1787876381000,severn-trent:SVT01139,severn-trent,2026-08-28T00:19:41Z,2026-08-28T00:40:39Z,21,hub,2026-09-17T00:49:00Z,2026-09-17T00:49:00Z,true
severn-trent:SVT01141:1787820573000,severn-trent:SVT01141,severn-trent,2026-08-27T08:49:33Z,2026-08-27T09:11:13Z,22,hub,2026-09-17T00:49:00Z,2026-09-17T00:49:00Z,true
severn-trent:SVT01143:1787872950000,severn-trent:SVT01143,severn-trent,2026-08-27T23:22:30Z,2026-08-28T02:06:05Z,164,hub,2026-09-17T00:49:00Z,2026-09-17T00:49:00Z,true
severn-trent:SVT01146:1787816680000,severn-trent:SVT01146,severn-trent,2026-08-27T07:44:40Z,2026-08-27T08:02:36Z,18,hub,2026-09-17T00:49:00Z,2026-09-17T00:49:00Z,true
severn-trent:SVT01151:1787849866000,severn-trent:SVT01151,severn-trent,2026-08-27T16:57:46Z,2026-08-27T16:58:11Z,0,hub,2026-09-17T00:49:00Z,2026-09-17T00:49:00Z,true
severn-trent:SVT01153:1787923368000,severn-trent:SVT01153,severn-trent,2026-08-28T13:22:48Z,2026-08-28T19:31:13Z,368,hub,2026-09-17T00:49:00Z,2026-09-17T00:49:00Z,true
severn-trent:SVT01154:1788135348000,severn-trent:SVT01154,severn-trent,2026-08-31T00:15:48Z,2026-08-31T03:06:59Z,171,hub,2026-09-17T00:49:00Z,2026-09-17T00:49:00Z,true
severn-trent:SVT01156:1788116813000,severn-trent:SVT01156,severn-trent,2026-08-30T19:06:53Z,2026-08-30T20:05:58Z,59,hub,2026-09-17T00:49:00Z,2026-09-17T00:49:00Z,true
severn-trent:SVT01160:1787764093000,severn-trent:SVT01160,severn-trent,2026-08-26T17:08:13Z,2026-08-26T17:26:31Z,18,hub,2026-09-17T00:49:00Z,2026-09-17T00:49:00Z,true
severn-trent:SVT01164:1787241907000,severn-trent:SVT01164,severn-trent,2026-08-20T16:05:07Z,2026-08-20T16:08:33Z,3,hub,2026-09-17T00:49:00Z,2026-09-17T00:49:00Z,true
severn-trent:SVT01165:1787238891000,severn-trent:SVT01165,severn-trent,2026-08-20T15:14:51Z,2026-08-20T15:19:06Z,4,hub,2026-09-17T00:49:00Z,2026-09-17T00:49:00Z,true
severn-trent:SVT01166:1787351441000,severn-trent:SVT01166,severn-trent,2026-08-21T22:30:41Z,2026-08-21T22:42:53Z,12,hub,2026-09-17T00:49:00Z,2026-09-17T00:49:00Z,true
severn-trent:SVT01171:1787849907000,severn-trent:SVT01171,severn-trent,2026-08-27T16:58:27Z,2026-08-27T17:16:26Z,18,hub,2026-09-17T00:49:00Z,2026-09-17T00:49:00Z,true
severn-trent:SVT01173:1787857147000,severn-trent:SVT01173,severn-trent,2026-08-27T18:59:07Z,2026-08-27T20:50:48Z,112,hub,2026-09-17T00:49:00Z,2026-09-17T00:49:00Z,true
severn-trent:SVT01176:1787855525000,severn-trent:SVT01176,severn-trent,2026-08-27T18:32:05Z,2026-08-27T18:41:24Z,9,hub,2026-09-17T00:49:00Z,2026-09-17T00:49:00Z,true
severn-trent:SVT01178:1788108343000,severn-trent:SVT01178,severn-trent,2026-08-30T16:45:43Z,2026-08-30T17:00:00Z,14,hub,2026-09-17T00:49:00Z,2026-09-17T00:49:00Z,true
severn-trent:SVT01181:1788017271000,severn-trent:SVT01181,severn-trent,2026-08-29T15:27:51Z,2026-08-29T16:15:21Z,48,hub,2026-09-17T00:49:00Z,2026-09-17T00:49:00Z,true
severn-trent:SVT01183:1788138821000,severn-trent:SVT01183,severn-trent,2026-08-31T01:13:41Z,2026-08-31T01:43:17Z,30,hub,2026-09-17T00:49:00Z,2026-09-17T00:49:00Z,true
severn-trent:SVT01184:1788139981000,severn-trent:SVT01184,severn-trent,2026-08-31T01:33:01Z,2026-08-31T02:02:10Z,29,hub,2026-09-17T00:49:00Z,2026-09-17T00:49:00Z,true
severn-trent:SVT01188:1788130267000,severn-trent:SVT01188,severn-trent,2026-08-30T22:51:07Z,2026-08-30T22:57:13Z,6,hub,2026-09-17T00:49:00Z,2026-09-17T00:49:00Z,true
severn-trent:SVT01199:1787867657000,severn-trent:SVT01199,severn-trent,2026-08-27T21:54:17Z,2026-08-28T03:20:00Z,326,hub,2026-09-17T00:49:00Z,2026-09-17T00:49:00Z,true
severn-trent:SVT01201:1787865495000,severn-trent:SVT01201,severn-trent,2026-08-27T21:18:15Z,2026-08-27T23:50:00Z,152,hub,2026-09-17T00:49:00Z,2026-09-17T00:49:00Z,true
severn-trent:SVT01218:1788112954000,severn-trent:SVT01218,severn-trent,2026-08-30T18:02:34Z,2026-08-30T18:07:27Z,5,hub,2026-09-17T00:49:00Z,2026-09-17T00:49:00Z,true
severn-trent:SVT01224:1787932126000,severn-trent:SVT01224,severn-trent,2026-08-28T15:48:46Z,2026-08-28T15:55:08Z,6,hub,2026-09-17T00:49:00Z,2026-09-17T00:49:00Z,true
severn-trent:SVT01225:1788118099000,severn-trent:SVT01225,severn-trent,2026-08-30T19:28:19Z,2026-08-30T20:09:12Z,41,hub,2026-09-17T00:49:00Z,2026-09-17T00:49:00Z,true
severn-trent:SVT01228:1787834622000,severn-trent:SVT01228,severn-trent,2026-08-27T12:43:42Z,2026-08-27T12:46:19Z,3,hub,2026-09-17T00:49:00Z,2026-09-17T00:49:00Z,true
severn-trent:SVT01229:1787856596000,severn-trent:SVT01229,severn-trent,2026-08-27T18:49:56Z,2026-08-27T18:52:57Z,3,hub,2026-09-17T00:49:00Z,2026-09-17T00:49:00Z,true
severn-trent:SVT01230:1788034780000,severn-trent:SVT01230,severn-trent,2026-08-29T20:19:40Z,2026-08-29T20:31:10Z,12,hub,2026-09-17T00:49:00Z,2026-09-17T00:49:00Z,true
severn-trent:SVT01231:1787771736000,severn-trent:SVT01231,severn-trent,2026-08-26T19:15:36Z,2026-08-26T19:35:37Z,20,hub,2026-09-17T00:49:00Z,2026-09-17T00:49:00Z,true
severn-trent:SVT01232:1787770869000,severn-trent:SVT01232,severn-trent,2026-08-26T19:01:09Z,2026-08-26T19:36:58Z,36,hub,2026-09-17T00:49:00Z,2026-09-17T00:49:00Z,true
severn-trent:SVT01234:1787859256000,severn-trent:SVT01234,severn-trent,2026-08-27T19:34:16Z,2026-08-27T19:40:52Z,7,hub,2026-09-17T00:49:00Z,2026-09-17T00:49:00Z,true
severn-trent:SVT01236:1788121687000,severn-trent:SVT01236,severn-trent,2026-08-30T20:28:07Z,2026-08-30T20:41:43Z,14,hub,2026-09-17T00:49:00Z,2026-09-17T00:49:00Z,true
severn-trent:SVT01238:1788127880000,severn-trent:SVT01238,severn-trent,2026-08-30T22:11:20Z,2026-08-30T22:26:02Z,15,hub,2026-09-17T00:49:00Z,2026-09-17T00:49:00Z,true
severn-trent:SVT01246:1788047365000,severn-trent:SVT01246,severn-trent,2026-08-29T23:49:25Z,2026-08-30T00:14:23Z,25,hub,2026-09-17T00:49:00Z,2026-09-17T00:49:00Z,true
severn-trent:SVT01251:1787822866000,severn-trent:SVT01251,severn-trent,2026-08-27T09:27:46Z,2026-08-27T11:34:22Z,127,hub,2026-09-17T00:49:00Z,2026-09-17T00:49:00Z,true
severn-trent:SVT01258:1787765302000,severn-trent:SVT01258,severn-trent,2026-08-26T17:28:22Z,2026-08-26T17:32:07Z,4,hub,2026-09-17T00:49:00Z,2026-09-17T00:49:00Z,true
severn-trent:SVT01261:1788046258000,severn-trent:SVT01261,severn-trent,2026-08-29T23:30:58Z,2026-08-30T00:40:41Z,70,hub,2026-09-17T00:49:00Z,2026-09-17T00:49:00Z,true
severn-trent:SVT01262:1788131543000,severn-trent:SVT01262,severn-trent,2026-08-30T23:12:23Z,2026-08-30T23:43:40Z,31,hub,2026-09-17T00:49:00Z,2026-09-17T00:49:00Z,true
severn-trent:SVT01263:1788131238000,severn-trent:SVT01263,severn-trent,2026-08-30T23:07:18Z,2026-08-30T23:33:23Z,26,hub,2026-09-17T00:49:00Z,2026-09-17T00:49:00Z,true
severn-trent:SVT01264:1788135035000,severn-trent:SVT01264,severn-trent,2026-08-31T00:10:35Z,2026-08-31T01:20:42Z,70,hub,2026-09-17T00:49:00Z,2026-09-17T00:49:00Z,true
severn-trent:SVT01265:1787939502000,severn-trent:SVT01265,severn-trent,2026-08-28T17:51:42Z,2026-08-28T17:54:09Z,2,hub,2026-09-17T00:49:00Z,2026-09-17T00:49:00Z,true
severn-trent:SVT01271:1787865658000,severn-trent:SVT01271,severn-trent,2026-08-27T21:20:58Z,2026-08-27T21:23:15Z,2,hub,2026-09-17T00:49:00Z,2026-09-17T00:49:00Z,true
severn-trent:SVT01272:1788038028000,severn-trent:SVT01272,severn-trent,2026-08-29T21:13:48Z,2026-08-29T22:00:52Z,47,hub,2026-09-17T00:49:00Z,2026-09-17T00:49:00Z,true
severn-trent:SVT01283:1788139277000,severn-trent:SVT01283,severn-trent,2026-08-31T01:21:17Z,2026-08-31T01:29:23Z,8,hub,2026-09-17T00:49:00Z,2026-09-17T00:49:00Z,true
severn-trent:SVT01284:1787342364000,severn-trent:SVT01284,severn-trent,2026-08-21T19:59:24Z,2026-08-21T20:18:45Z,19,hub,2026-09-17T00:49:00Z,2026-09-17T00:49:00Z,true
severn-trent:SVT01286:1787827972000,severn-trent:SVT01286,severn-trent,2026-08-27T10:52:52Z,2026-08-27T14:57:49Z,245,hub,2026-09-17T00:49:00Z,2026-09-17T00:49:00Z,true
severn-trent:SVT01287:1787865821000,severn-trent:SVT01287,severn-trent,2026-08-27T21:23:41Z,2026-08-27T21:26:45Z,3,hub,2026-09-17T00:49:00Z,2026-09-17T00:49:00Z,true
severn-trent:SVT01297:1788128926000,severn-trent:SVT01297,severn-trent,2026-08-30T22:28:46Z,2026-08-30T23:39:00Z,70,hub,2026-09-17T00:49:00Z,2026-09-17T00:49:00Z,true
severn-trent:SVT01299:1788133326000,severn-trent:SVT01299,severn-trent,2026-08-30T23:42:06Z,2026-08-30T23:54:17Z,12,hub,2026-09-17T00:49:00Z,2026-09-17T00:49:00Z,true
severn-trent:SVT01300:1788109574000,severn-trent:SVT01300,severn-trent,2026-08-30T17:06:14Z,2026-08-30T17:23:57Z,18,hub,2026-09-17T00:49:00Z,2026-09-17T00:49:00Z,true
severn-trent:SVT01305:1788127091000,severn-trent:SVT01305,severn-trent,2026-08-30T21:58:11Z,2026-08-30T22:16:50Z,19,hub,2026-09-17T00:49:00Z,2026-09-17T00:49:00Z,true
severn-trent:SVT01306:1787817289000,severn-trent:SVT01306,severn-trent,2026-08-27T07:54:49Z,2026-08-27T14:12:24Z,378,hub,2026-09-17T00:49:00Z,2026-09-17T00:49:00Z,true
severn-trent:SVT01308:1788107028000,severn-trent:SVT01308,severn-trent,2026-08-30T16:23:48Z,2026-08-30T16:41:01Z,17,hub,2026-09-17T00:49:00Z,2026-09-17T00:49:00Z,true
severn-trent:SVT01309:1787853374000,severn-trent:SVT01309,severn-trent,2026-08-27T17:56:14Z,2026-08-27T19:50:37Z,114,hub,2026-09-17T00:49:00Z,2026-09-17T00:49:00Z,true
severn-trent:SVT01311:1787867586000,severn-trent:SVT01311,severn-trent,2026-08-27T21:53:06Z,2026-08-27T23:27:25Z,94,hub,2026-09-17T00:49:00Z,2026-09-17T00:49:00Z,true
severn-trent:SVT01312:1787857654000,severn-trent:SVT01312,severn-trent,2026-08-27T19:07:34Z,2026-08-27T19:26:52Z,19,hub,2026-09-17T00:49:00Z,2026-09-17T00:49:00Z,true
severn-trent:SVT01313:1787821514000,severn-trent:SVT01313,severn-trent,2026-08-27T09:05:14Z,2026-08-27T10:49:23Z,104,hub,2026-09-17T00:49:00Z,2026-09-17T00:49:00Z,true
severn-trent:SVT01314:1787850957000,severn-trent:SVT01314,severn-trent,2026-08-27T17:15:57Z,2026-08-27T17:27:48Z,12,hub,2026-09-17T00:49:00Z,2026-09-17T00:49:00Z,true
severn-trent:SVT01315:1787864889000,severn-trent:SVT01315,severn-trent,2026-08-27T21:08:09Z,2026-08-27T21:29:54Z,22,hub,2026-09-17T00:49:00Z,2026-09-17T00:49:00Z,true
severn-trent:SVT01316:1788129667000,severn-trent:SVT01316,severn-trent,2026-08-30T22:41:07Z,2026-08-30T23:08:31Z,27,hub,2026-09-17T00:49:00Z,2026-09-17T00:49:00Z,true
severn-trent:SVT01318:1788117059000,severn-trent:SVT01318,severn-trent,2026-08-30T19:10:59Z,2026-08-30T20:26:13Z,75,hub,2026-09-17T00:49:00Z,2026-09-17T00:49:00Z,true
severn-trent:SVT01319:1787827307000,severn-trent:SVT01319,severn-trent,2026-08-27T10:41:47Z,2026-08-27T12:40:02Z,118,hub,2026-09-17T00:49:00Z,2026-09-17T00:49:00Z,true
severn-trent:SVT01321:1787346417000,severn-trent:SVT01321,severn-trent,2026-08-21T21:06:57Z,2026-08-21T21:46:42Z,40,hub,2026-09-17T00:49:00Z,2026-09-17T00:49:00Z,true
severn-trent:SVT01323:1788118177000,severn-trent:SVT01323,severn-trent,2026-08-30T19:29:37Z,2026-08-30T19:30:22Z,1,hub,2026-09-17T00:49:00Z,2026-09-17T00:49:00Z,true
severn-trent:SVT01324:1788115096000,severn-trent:SVT01324,severn-trent,2026-08-30T18:38:16Z,2026-08-30T19:49:59Z,72,hub,2026-09-17T00:49:00Z,2026-09-17T00:49:00Z,true
severn-trent:SVT01325:1788168831000,severn-trent:SVT01325,severn-trent,2026-08-31T09:33:51Z,2026-08-31T09:48:24Z,15,hub,2026-09-17T00:49:00Z,2026-09-17T00:49:00Z,true
severn-trent:SVT01326:1788133565000,severn-trent:SVT01326,severn-trent,2026-08-30T23:46:05Z,2026-08-31T00:50:00Z,64,hub,2026-09-17T00:49:00Z,2026-09-17T00:49:00Z,true
severn-trent:SVT01333:1788040693000,severn-trent:SVT01333,severn-trent,2026-08-29T21:58:13Z,2026-08-29T22:26:53Z,29,hub,2026-09-17T00:49:00Z,2026-09-17T00:49:00Z,true
severn-trent:SVT01334:1787828900000,severn-trent:SVT01334,severn-trent,2026-08-27T11:08:20Z,2026-08-27T11:41:07Z,33,hub,2026-09-17T00:49:00Z,2026-09-17T00:49:00Z,true
severn-trent:SVT01348:1787862349000,severn-trent:SVT01348,severn-trent,2026-08-27T20:25:49Z,2026-08-27T20:50:50Z,25,hub,2026-09-17T00:49:00Z,2026-09-17T00:49:00Z,true
severn-trent:SVT01351:1787870882000,severn-trent:SVT01351,severn-trent,2026-08-27T22:48:02Z,2026-08-27T23:00:42Z,13,hub,2026-09-17T00:49:00Z,2026-09-17T00:49:00Z,true
severn-trent:SVT01355:1787817637000,severn-trent:SVT01355,severn-trent,2026-08-27T08:00:37Z,2026-08-27T08:30:51Z,30,hub,2026-09-17T00:49:00Z,2026-09-17T00:49:00Z,true
severn-trent:SVT01356:1787821544000,severn-trent:SVT01356,severn-trent,2026-08-27T09:05:44Z,2026-08-27T09:10:18Z,5,hub,2026-09-17T00:49:00Z,2026-09-17T00:49:00Z,true
severn-trent:SVT01360:1787929818000,severn-trent:SVT01360,severn-trent,2026-08-28T15:10:18Z,2026-08-28T15:26:46Z,16,hub,2026-09-17T00:49:00Z,2026-09-17T00:49:00Z,true
severn-trent:SVT01362:1787241942000,severn-trent:SVT01362,severn-trent,2026-08-20T16:05:42Z,2026-08-20T16:25:07Z,19,hub,2026-09-17T00:49:00Z,2026-09-17T00:49:00Z,true
severn-trent:SVT01369:1787827472000,severn-trent:SVT01369,severn-trent,2026-08-27T10:44:32Z,2026-08-27T11:46:02Z,62,hub,2026-09-17T00:49:00Z,2026-09-17T00:49:00Z,true
severn-trent:SVT01370:1787830386000,severn-trent:SVT01370,severn-trent,2026-08-27T11:33:06Z,2026-08-27T11:37:57Z,5,hub,2026-09-17T00:49:00Z,2026-09-17T00:49:00Z,true
severn-trent:SVT01373:1787930397000,severn-trent:SVT01373,severn-trent,2026-08-28T15:19:57Z,2026-08-28T15:20:00Z,0,hub,2026-09-17T00:49:00Z,2026-09-17T00:49:00Z,true
severn-trent:SVT01378:1787825271000,severn-trent:SVT01378,severn-trent,2026-08-27T10:07:51Z,2026-08-27T10:51:45Z,44,hub,2026-09-17T00:49:00Z,2026-09-17T00:49:00Z,true
severn-trent:SVT01382:1787841579000,severn-trent:SVT01382,severn-trent,2026-08-27T14:39:39Z,2026-08-27T14:45:22Z,6,hub,2026-09-17T00:49:00Z,2026-09-17T00:49:00Z,true
severn-trent:SVT01384:1788138466000,severn-trent:SVT01384,severn-trent,2026-08-31T01:07:46Z,2026-08-31T02:11:34Z,64,hub,2026-09-17T00:49:00Z,2026-09-17T00:49:00Z,true
severn-trent:SVT01385:1787818455000,severn-trent:SVT01385,severn-trent,2026-08-27T08:14:15Z,2026-08-27T14:29:09Z,375,hub,2026-09-17T00:49:00Z,2026-09-17T00:49:00Z,true
severn-trent:SVT01387:1787517600000,severn-trent:SVT01387,severn-trent,2026-08-23T20:40:00Z,2026-08-23T20:58:38Z,19,hub,2026-09-17T00:49:00Z,2026-09-17T00:49:00Z,true
severn-trent:SVT01389:1787818077000,severn-trent:SVT01389,severn-trent,2026-08-27T08:07:57Z,2026-08-27T08:38:49Z,31,hub,2026-09-17T00:49:00Z,2026-09-17T00:49:00Z,true
severn-trent:SVT01391:1787811585000,severn-trent:SVT01391,severn-trent,2026-08-27T06:19:45Z,2026-08-27T06:22:25Z,3,hub,2026-09-17T00:49:00Z,2026-09-17T00:49:00Z,true
severn-trent:SVT01396:1788134100000,severn-trent:SVT01396,severn-trent,2026-08-30T23:55:00Z,2026-08-31T00:07:30Z,13,hub,2026-09-17T00:49:00Z,2026-09-17T00:49:00Z,true
severn-trent:SVT01397:1788117579000,severn-trent:SVT01397,severn-trent,2026-08-30T19:19:39Z,2026-08-30T19:31:33Z,12,hub,2026-09-17T00:49:00Z,2026-09-17T00:49:00Z,true
severn-trent:SVT01399:1788119368000,severn-trent:SVT01399,severn-trent,2026-08-30T19:49:28Z,2026-08-30T19:55:37Z,6,hub,2026-09-17T00:49:00Z,2026-09-17T00:49:00Z,true
severn-trent:SVT01401:1787819724000,severn-trent:SVT01401,severn-trent,2026-08-27T08:35:24Z,2026-08-27T09:24:58Z,50,hub,2026-09-17T00:49:00Z,2026-09-17T00:49:00Z,true
severn-trent:SVT01402:1787863244000,severn-trent:SVT01402,severn-trent,2026-08-27T20:40:44Z,2026-08-27T21:40:56Z,60,hub,2026-09-17T00:49:00Z,2026-09-17T00:49:00Z,true
severn-trent:SVT01410:1788118800000,severn-trent:SVT01410,severn-trent,2026-08-30T19:40:00Z,2026-08-30T20:06:24Z,26,hub,2026-09-17T00:49:00Z,2026-09-17T00:49:00Z,true
severn-trent:SVT01415:1787839262000,severn-trent:SVT01415,severn-trent,2026-08-27T14:01:02Z,2026-08-27T15:12:23Z,71,hub,2026-09-17T00:49:00Z,2026-09-17T00:49:00Z,true
severn-trent:SVT01418:1787864822000,severn-trent:SVT01418,severn-trent,2026-08-27T21:07:02Z,2026-08-27T21:39:00Z,32,hub,2026-09-17T00:49:00Z,2026-09-17T00:49:00Z,true
severn-trent:SVT01423:1787868937000,severn-trent:SVT01423,severn-trent,2026-08-27T22:15:37Z,2026-08-28T00:42:20Z,147,hub,2026-09-17T00:49:00Z,2026-09-17T00:49:00Z,true
severn-trent:SVT01426:1787858354000,severn-trent:SVT01426,severn-trent,2026-08-27T19:19:14Z,2026-08-27T19:20:20Z,1,hub,2026-09-17T00:49:00Z,2026-09-17T00:49:00Z,true
severn-trent:SVT01427:1787343847000,severn-trent:SVT01427,severn-trent,2026-08-21T20:24:07Z,2026-08-21T20:27:16Z,3,hub,2026-09-17T00:49:00Z,2026-09-17T00:49:00Z,true
severn-trent:SVT01431:1787852993000,severn-trent:SVT01431,severn-trent,2026-08-27T17:49:53Z,2026-08-27T17:59:22Z,9,hub,2026-09-17T00:49:00Z,2026-09-17T00:49:00Z,true
severn-trent:SVT01433:1787810615000,severn-trent:SVT01433,severn-trent,2026-08-27T06:03:35Z,2026-08-27T06:20:00Z,16,hub,2026-09-17T00:49:00Z,2026-09-17T00:49:00Z,true
severn-trent:SVT01437:1787922616000,severn-trent:SVT01437,severn-trent,2026-08-28T13:10:16Z,2026-08-28T13:15:48Z,6,hub,2026-09-17T00:49:00Z,2026-09-17T00:49:00Z,true
severn-trent:SVT01443:1787859621000,severn-trent:SVT01443,severn-trent,2026-08-27T19:40:21Z,2026-08-27T20:11:11Z,31,hub,2026-09-17T00:49:00Z,2026-09-17T00:49:00Z,true
severn-trent:SVT01451:1787813971000,severn-trent:SVT01451,severn-trent,2026-08-27T06:59:31Z,2026-08-27T07:20:44Z,21,hub,2026-09-17T00:49:00Z,2026-09-17T00:49:00Z,true
severn-trent:SVT01452:1788171936000,severn-trent:SVT01452,severn-trent,2026-08-31T10:25:36Z,2026-08-31T10:31:40Z,6,hub,2026-09-17T00:49:00Z,2026-09-17T00:49:00Z,true
severn-trent:SVT01461:1787856105000,severn-trent:SVT01461,severn-trent,2026-08-27T18:41:45Z,2026-08-27T18:47:24Z,6,hub,2026-09-17T00:49:00Z,2026-09-17T00:49:00Z,true
severn-trent:SVT01465:1788135220000,severn-trent:SVT01465,severn-trent,2026-08-31T00:13:40Z,2026-08-31T00:31:49Z,18,hub,2026-09-17T00:49:00Z,2026-09-17T00:49:00Z,true
severn-trent:SVT01466:1788133302000,severn-trent:SVT01466,severn-trent,2026-08-30T23:41:42Z,2026-08-31T00:13:59Z,32,hub,2026-09-17T00:49:00Z,2026-09-17T00:49:00Z,true
severn-trent:SVT01467:1787893029000,severn-trent:SVT01467,severn-trent,2026-08-28T04:57:09Z,2026-08-28T05:32:45Z,36,hub,2026-09-17T00:49:00Z,2026-09-17T00:49:00Z,true
severn-trent:SVT01468:1788135850000,severn-trent:SVT01468,severn-trent,2026-08-31T00:24:10Z,2026-08-31T00:58:34Z,34,hub,2026-09-17T00:49:00Z,2026-09-17T00:49:00Z,true
severn-trent:SVT01476:1788131129000,severn-trent:SVT01476,severn-trent,2026-08-30T23:05:29Z,2026-08-31T00:14:09Z,69,hub,2026-09-17T00:49:00Z,2026-09-17T00:49:00Z,true
severn-trent:SVT01483:1787829798000,severn-trent:SVT01483,severn-trent,2026-08-27T11:23:18Z,2026-08-27T11:32:09Z,9,hub,2026-09-17T00:49:00Z,2026-09-17T00:49:00Z,true
severn-trent:SVT01485:1788130474000,severn-trent:SVT01485,severn-trent,2026-08-30T22:54:34Z,2026-08-30T23:33:10Z,39,hub,2026-09-17T00:49:00Z,2026-09-17T00:49:00Z,true
severn-trent:SVT01491:1787713230000,severn-trent:SVT01491,severn-trent,2026-08-26T03:00:30Z,2026-08-26T10:14:36Z,434,hub,2026-09-17T00:49:00Z,2026-09-17T00:49:00Z,true
severn-trent:SVT01492:1787844215000,severn-trent:SVT01492,severn-trent,2026-08-27T15:23:35Z,2026-08-27T22:59:10Z,456,hub,2026-09-17T00:49:00Z,2026-09-17T00:49:00Z,true
severn-trent:SVT01496:1788127974000,severn-trent:SVT01496,severn-trent,2026-08-30T22:12:54Z,2026-08-30T22:35:13Z,22,hub,2026-09-17T00:49:00Z,2026-09-17T00:49:00Z,true
severn-trent:SVT01500:1788016473000,severn-trent:SVT01500,severn-trent,2026-08-29T15:14:33Z,2026-08-29T15:16:11Z,2,hub,2026-09-17T00:49:00Z,2026-09-17T00:49:00Z,true
severn-trent:SVT01501:1787295050000,severn-trent:SVT01501,severn-trent,2026-08-21T06:50:50Z,2026-08-21T07:05:09Z,14,hub,2026-09-17T00:49:00Z,2026-09-17T00:49:00Z,true
severn-trent:SVT01504:1787821087000,severn-trent:SVT01504,severn-trent,2026-08-27T08:58:07Z,2026-08-27T09:26:44Z,29,hub,2026-09-17T00:49:00Z,2026-09-17T00:49:00Z,true
severn-trent:SVT01505:1787937927000,severn-trent:SVT01505,severn-trent,2026-08-28T17:25:27Z,2026-08-28T18:04:21Z,39,hub,2026-09-17T00:49:00Z,2026-09-17T00:49:00Z,true
severn-trent:SVT01506:1787864590000,severn-trent:SVT01506,severn-trent,2026-08-27T21:03:10Z,2026-08-27T21:57:36Z,54,hub,2026-09-17T00:49:00Z,2026-09-17T00:49:00Z,true
severn-trent:SVT01510:1787398649000,severn-trent:SVT01510,severn-trent,2026-08-22T11:37:29Z,2026-08-22T11:40:39Z,3,hub,2026-09-17T00:49:00Z,2026-09-17T00:49:00Z,true
severn-trent:SVT01514:1787819365000,severn-trent:SVT01514,severn-trent,2026-08-27T08:29:25Z,2026-08-27T08:34:08Z,5,hub,2026-09-17T00:49:00Z,2026-09-17T00:49:00Z,true
severn-trent:SVT01517:1787830587000,severn-trent:SVT01517,severn-trent,2026-08-27T11:36:27Z,2026-08-27T11:59:27Z,23,hub,2026-09-17T00:49:00Z,2026-09-17T00:49:00Z,true
severn-trent:SVT01518:1788187242000,severn-trent:SVT01518,severn-trent,2026-08-31T14:40:42Z,2026-08-31T14:53:08Z,12,hub,2026-09-17T00:49:00Z,2026-09-17T00:49:00Z,true
severn-trent:SVT01519:1788131525000,severn-trent:SVT01519,severn-trent,2026-08-30T23:12:05Z,2026-08-31T00:12:05Z,60,hub,2026-09-17T00:49:00Z,2026-09-17T00:49:00Z,true
severn-trent:SVT01523:1788129924000,severn-trent:SVT01523,severn-trent,2026-08-30T22:45:24Z,2026-08-31T00:47:55Z,123,hub,2026-09-17T00:49:00Z,2026-09-17T00:49:00Z,true
severn-trent:SVT01531:1787829622000,severn-trent:SVT01531,severn-trent,2026-08-27T11:20:22Z,2026-08-27T11:43:04Z,23,hub,2026-09-17T00:49:00Z,2026-09-17T00:49:00Z,true
severn-trent:SVT01532:1788128855000,severn-trent:SVT01532,severn-trent,2026-08-30T22:27:35Z,2026-08-30T23:33:23Z,66,hub,2026-09-17T00:49:00Z,2026-09-17T00:49:00Z,true
severn-trent:SVT01534:1787824940000,severn-trent:SVT01534,severn-trent,2026-08-27T10:02:20Z,2026-08-27T10:54:59Z,53,hub,2026-09-17T00:49:00Z,2026-09-17T00:49:00Z,true
severn-trent:SVT01539:1787946006000,severn-trent:SVT01539,severn-trent,2026-08-28T19:40:06Z,2026-08-28T19:55:37Z,16,hub,2026-09-17T00:49:00Z,2026-09-17T00:49:00Z,true
severn-trent:SVT01541:1787945319000,severn-trent:SVT01541,severn-trent,2026-08-28T19:28:39Z,2026-08-28T20:31:51Z,63,hub,2026-09-17T00:49:00Z,2026-09-17T00:49:00Z,true
severn-trent:SVT01544:1788160252000,severn-trent:SVT01544,severn-trent,2026-08-31T07:10:52Z,2026-08-31T07:31:38Z,21,hub,2026-09-17T00:49:00Z,2026-09-17T00:49:00Z,true
severn-trent:SVT01560:1787347733000,severn-trent:SVT01560,severn-trent,2026-08-21T21:28:53Z,2026-08-21T22:16:53Z,48,hub,2026-09-17T00:49:00Z,2026-09-17T00:49:00Z,true
severn-trent:SVT01562:1787856652000,severn-trent:SVT01562,severn-trent,2026-08-27T18:50:52Z,2026-08-27T19:44:34Z,54,hub,2026-09-17T00:49:00Z,2026-09-17T00:49:00Z,true
severn-trent:SVT01574:1788136623000,severn-trent:SVT01574,severn-trent,2026-08-31T00:37:03Z,2026-08-31T00:42:54Z,6,hub,2026-09-17T00:49:00Z,2026-09-17T00:49:00Z,true
severn-trent:SVT01576:1787839976000,severn-trent:SVT01576,severn-trent,2026-08-27T14:12:56Z,2026-08-27T14:47:36Z,35,hub,2026-09-17T00:49:00Z,2026-09-17T00:49:00Z,true
severn-trent:SVT01580:1788128022000,severn-trent:SVT01580,severn-trent,2026-08-30T22:13:42Z,2026-08-30T22:17:16Z,4,hub,2026-09-17T00:49:00Z,2026-09-17T00:49:00Z,true
severn-trent:SVT01583:1788117062000,severn-trent:SVT01583,severn-trent,2026-08-30T19:11:02Z,2026-08-30T19:13:53Z,3,hub,2026-09-17T00:49:00Z,2026-09-17T00:49:00Z,true
severn-trent:SVT01591:1788129550000,severn-trent:SVT01591,severn-trent,2026-08-30T22:39:10Z,2026-08-30T23:18:08Z,39,hub,2026-09-17T00:49:00Z,2026-09-17T00:49:00Z,true
severn-trent:SVT01594:1788109927000,severn-trent:SVT01594,severn-trent,2026-08-30T17:12:07Z,2026-08-30T17:15:00Z,3,hub,2026-09-17T00:49:00Z,2026-09-17T00:49:00Z,true
severn-trent:SVT01595:1788038557000,severn-trent:SVT01595,severn-trent,2026-08-29T21:22:37Z,2026-08-29T23:02:30Z,100,hub,2026-09-17T00:49:00Z,2026-09-17T00:49:00Z,true
severn-trent:SVT01596:1787820246000,severn-trent:SVT01596,severn-trent,2026-08-27T08:44:06Z,2026-08-27T13:04:58Z,261,hub,2026-09-17T00:49:00Z,2026-09-17T00:49:00Z,true
severn-trent:SVT01597:1788136609000,severn-trent:SVT01597,severn-trent,2026-08-31T00:36:49Z,2026-08-31T00:54:03Z,17,hub,2026-09-17T00:49:00Z,2026-09-17T00:49:00Z,true
severn-trent:SVT01602:1788138659000,severn-trent:SVT01602,severn-trent,2026-08-31T01:10:59Z,2026-08-31T01:37:09Z,26,hub,2026-09-17T00:49:00Z,2026-09-17T00:49:00Z,true
severn-trent:SVT01608:1788140018000,severn-trent:SVT01608,severn-trent,2026-08-31T01:33:38Z,2026-08-31T01:38:00Z,4,hub,2026-09-17T00:49:00Z,2026-09-17T00:49:00Z,true
severn-trent:SVT01611:1788139355000,severn-trent:SVT01611,severn-trent,2026-08-31T01:22:35Z,2026-08-31T02:27:57Z,65,hub,2026-09-17T00:49:00Z,2026-09-17T00:49:00Z,true
severn-trent:SVT01614:1787831916000,severn-trent:SVT01614,severn-trent,2026-08-27T11:58:36Z,2026-08-27T13:20:00Z,81,hub,2026-09-17T00:49:00Z,2026-09-17T00:49:00Z,true
severn-trent:SVT01615:1787347728000,severn-trent:SVT01615,severn-trent,2026-08-21T21:28:48Z,2026-08-21T22:03:49Z,35,hub,2026-09-17T00:49:00Z,2026-09-17T00:49:00Z,true
severn-trent:SVT01618:1787857773000,severn-trent:SVT01618,severn-trent,2026-08-27T19:09:33Z,2026-08-27T19:19:10Z,10,hub,2026-09-17T00:49:00Z,2026-09-17T00:49:00Z,true
severn-trent:SVT01619:1788119919000,severn-trent:SVT01619,severn-trent,2026-08-30T19:58:39Z,2026-08-30T20:13:58Z,15,hub,2026-09-17T00:49:00Z,2026-09-17T00:49:00Z,true
severn-trent:SVT01620:1787347980000,severn-trent:SVT01620,severn-trent,2026-08-21T21:33:00Z,2026-08-21T21:39:02Z,6,hub,2026-09-17T00:49:00Z,2026-09-17T00:49:00Z,true
severn-trent:SVT01623:1787874900000,severn-trent:SVT01623,severn-trent,2026-08-27T23:55:00Z,2026-08-28T00:16:23Z,21,hub,2026-09-17T00:49:00Z,2026-09-17T00:49:00Z,true
severn-trent:SVT01625:1787865971000,severn-trent:SVT01625,severn-trent,2026-08-27T21:26:11Z,2026-08-27T21:48:50Z,23,hub,2026-09-17T00:49:00Z,2026-09-17T00:49:00Z,true
severn-trent:SVT01629:1787932770000,severn-trent:SVT01629,severn-trent,2026-08-28T15:59:30Z,2026-08-28T16:15:43Z,16,hub,2026-09-17T00:49:00Z,2026-09-17T00:49:00Z,true
severn-trent:SVT01631:1787859353000,severn-trent:SVT01631,severn-trent,2026-08-27T19:35:53Z,2026-08-27T19:40:48Z,5,hub,2026-09-17T00:49:00Z,2026-09-17T00:49:00Z,true
severn-trent:SVT01636:1788117823000,severn-trent:SVT01636,severn-trent,2026-08-30T19:23:43Z,2026-08-30T19:40:08Z,16,hub,2026-09-17T00:49:00Z,2026-09-17T00:49:00Z,true
severn-trent:SVT01637:1787861013000,severn-trent:SVT01637,severn-trent,2026-08-27T20:03:33Z,2026-08-27T20:21:27Z,18,hub,2026-09-17T00:49:00Z,2026-09-17T00:49:00Z,true
severn-trent:SVT01638:1787856792000,severn-trent:SVT01638,severn-trent,2026-08-27T18:53:12Z,2026-08-27T19:12:01Z,19,hub,2026-09-17T00:49:00Z,2026-09-17T00:49:00Z,true
severn-trent:SVT01639:1787856228000,severn-trent:SVT01639,severn-trent,2026-08-27T18:43:48Z,2026-08-27T19:41:38Z,58,hub,2026-09-17T00:49:00Z,2026-09-17T00:49:00Z,true
severn-trent:SVT01640:1787825493000,severn-trent:SVT01640,severn-trent,2026-08-27T10:11:33Z,2026-08-28T05:33:29Z,1162,hub,2026-09-17T00:49:00Z,2026-09-17T00:49:00Z,true
severn-trent:SVT01650:1787865565000,severn-trent:SVT01650,severn-trent,2026-08-27T21:19:25Z,2026-08-27T22:07:39Z,48,hub,2026-09-17T00:49:00Z,2026-09-17T00:49:00Z,true
severn-trent:SVT01651:1788128896000,severn-trent:SVT01651,severn-trent,2026-08-30T22:28:16Z,2026-08-30T22:38:54Z,11,hub,2026-09-17T00:49:00Z,2026-09-17T00:49:00Z,true
severn-trent:SVT01653:1787930025000,severn-trent:SVT01653,severn-trent,2026-08-28T15:13:45Z,2026-08-28T15:16:43Z,3,hub,2026-09-17T00:49:00Z,2026-09-17T00:49:00Z,true
severn-trent:SVT01658:1787827887000,severn-trent:SVT01658,severn-trent,2026-08-27T10:51:27Z,2026-08-27T11:33:51Z,42,hub,2026-09-17T00:49:00Z,2026-09-17T00:49:00Z,true
severn-trent:SVT01663:1787822340000,severn-trent:SVT01663,severn-trent,2026-08-27T09:19:00Z,2026-08-27T09:36:04Z,17,hub,2026-09-17T00:49:00Z,2026-09-17T00:49:00Z,true
severn-trent:SVT01664:1787856943000,severn-trent:SVT01664,severn-trent,2026-08-27T18:55:43Z,2026-08-27T19:23:00Z,27,hub,2026-09-17T00:49:00Z,2026-09-17T00:49:00Z,true
severn-trent:SVT01668:1787860477000,severn-trent:SVT01668,severn-trent,2026-08-27T19:54:37Z,2026-08-27T20:06:48Z,12,hub,2026-09-17T00:49:00Z,2026-09-17T00:49:00Z,true
severn-trent:SVT01672:1787867338000,severn-trent:SVT01672,severn-trent,2026-08-27T21:48:58Z,2026-08-27T21:55:04Z,6,hub,2026-09-17T00:49:00Z,2026-09-17T00:49:00Z,true
severn-trent:SVT01674:1787935256000,severn-trent:SVT01674,severn-trent,2026-08-28T16:40:56Z,2026-08-28T17:15:31Z,35,hub,2026-09-17T00:49:00Z,2026-09-17T00:49:00Z,true
severn-trent:SVT01677:1787859055000,severn-trent:SVT01677,severn-trent,2026-08-27T19:30:55Z,2026-08-27T23:57:24Z,266,hub,2026-09-17T00:49:00Z,2026-09-17T00:49:00Z,true
severn-trent:SVT01683:1787826542000,severn-trent:SVT01683,severn-trent,2026-08-27T10:29:02Z,2026-08-27T12:17:13Z,108,hub,2026-09-17T00:49:00Z,2026-09-17T00:49:00Z,true
severn-trent:SVT01689:1788129968000,severn-trent:SVT01689,severn-trent,2026-08-30T22:46:08Z,2026-08-30T23:05:00Z,19,hub,2026-09-17T00:49:00Z,2026-09-17T00:49:00Z,true
severn-trent:SVT01691:1787866671000,severn-trent:SVT01691,severn-trent,2026-08-27T21:37:51Z,2026-08-27T22:50:25Z,73,hub,2026-09-17T00:49:00Z,2026-09-17T00:49:00Z,true
severn-trent:SVT01692:1787946088000,severn-trent:SVT01692,severn-trent,2026-08-28T19:41:28Z,2026-08-28T19:48:04Z,7,hub,2026-09-17T00:49:00Z,2026-09-17T00:49:00Z,true
severn-trent:SVT01694:1788019477000,severn-trent:SVT01694,severn-trent,2026-08-29T16:04:37Z,2026-08-29T16:09:42Z,5,hub,2026-09-17T00:49:00Z,2026-09-17T00:49:00Z,true
severn-trent:SVT01698:1787920186000,severn-trent:SVT01698,severn-trent,2026-08-28T12:29:46Z,2026-08-28T12:47:21Z,18,hub,2026-09-17T00:49:00Z,2026-09-17T00:49:00Z,true
severn-trent:SVT01705:1788128263000,severn-trent:SVT01705,severn-trent,2026-08-30T22:17:43Z,2026-08-30T23:11:35Z,54,hub,2026-09-17T00:49:00Z,2026-09-17T00:49:00Z,true
severn-trent:SVT01712:1788173011000,severn-trent:SVT01712,severn-trent,2026-08-31T10:43:31Z,2026-08-31T10:49:30Z,6,hub,2026-09-17T00:49:00Z,2026-09-17T00:49:00Z,true
severn-trent:SVT01713:1788172254000,severn-trent:SVT01713,severn-trent,2026-08-31T10:30:54Z,2026-08-31T10:52:09Z,21,hub,2026-09-17T00:49:00Z,2026-09-17T00:49:00Z,true
severn-trent:SVT01716:1787829656000,severn-trent:SVT01716,severn-trent,2026-08-27T11:20:56Z,2026-08-27T11:47:19Z,26,hub,2026-09-17T00:49:00Z,2026-09-17T00:49:00Z,true
severn-trent:SVT01717:1787924594000,severn-trent:SVT01717,severn-trent,2026-08-28T13:43:14Z,2026-08-28T14:02:22Z,19,hub,2026-09-17T00:49:00Z,2026-09-17T00:49:00Z,true
severn-trent:SVT01721:1787819527000,severn-trent:SVT01721,severn-trent,2026-08-27T08:32:07Z,2026-08-27T08:45:39Z,14,hub,2026-09-17T00:49:00Z,2026-09-17T00:49:00Z,true
severn-trent:SVT01723:1788114815000,severn-trent:SVT01723,severn-trent,2026-08-30T18:33:35Z,2026-08-30T18:36:53Z,3,hub,2026-09-17T00:49:00Z,2026-09-17T00:49:00Z,true
severn-trent:SVT01724:1788133926000,severn-trent:SVT01724,severn-trent,2026-08-30T23:52:06Z,2026-08-31T01:44:55Z,113,hub,2026-09-17T00:49:00Z,2026-09-17T00:49:00Z,true
severn-trent:SVT01728:1788133426000,severn-trent:SVT01728,severn-trent,2026-08-30T23:43:46Z,2026-08-30T23:45:00Z,1,hub,2026-09-17T00:49:00Z,2026-09-17T00:49:00Z,true
severn-trent:SVT01731:1787933300000,severn-trent:SVT01731,severn-trent,2026-08-28T16:08:20Z,2026-08-28T16:14:00Z,6,hub,2026-09-17T00:49:00Z,2026-09-17T00:49:00Z,true
severn-trent:SVT01734:1787828805000,severn-trent:SVT01734,severn-trent,2026-08-27T11:06:45Z,2026-08-27T13:01:19Z,115,hub,2026-09-17T00:49:00Z,2026-09-17T00:49:00Z,true
severn-trent:SVT01736:1787861627000,severn-trent:SVT01736,severn-trent,2026-08-27T20:13:47Z,2026-08-27T20:30:54Z,17,hub,2026-09-17T00:49:00Z,2026-09-17T00:49:00Z,true
severn-trent:SVT01739:1788117564000,severn-trent:SVT01739,severn-trent,2026-08-30T19:19:24Z,2026-08-30T19:33:28Z,14,hub,2026-09-17T00:49:00Z,2026-09-17T00:49:00Z,true
severn-trent:SVT01740:1787865685000,severn-trent:SVT01740,severn-trent,2026-08-27T21:21:25Z,2026-08-27T21:39:53Z,18,hub,2026-09-17T00:49:00Z,2026-09-17T00:49:00Z,true
severn-trent:SVT01750:1788134982000,severn-trent:SVT01750,severn-trent,2026-08-31T00:09:42Z,2026-08-31T00:46:36Z,37,hub,2026-09-17T00:49:00Z,2026-09-17T00:49:00Z,true
severn-trent:SVT01752:1788133707000,severn-trent:SVT01752,severn-trent,2026-08-30T23:48:27Z,2026-08-30T23:54:54Z,6,hub,2026-09-17T00:49:00Z,2026-09-17T00:49:00Z,true
severn-trent:SVT01756:1788107012000,severn-trent:SVT01756,severn-trent,2026-08-30T16:23:32Z,2026-08-30T16:36:12Z,13,hub,2026-09-17T00:49:00Z,2026-09-17T00:49:00Z,true
severn-trent:SVT01758:1787856261000,severn-trent:SVT01758,severn-trent,2026-08-27T18:44:21Z,2026-08-27T18:57:51Z,14,hub,2026-09-17T00:49:00Z,2026-09-17T00:49:00Z,true
severn-trent:SVT01760:1787856707000,severn-trent:SVT01760,severn-trent,2026-08-27T18:51:47Z,2026-08-27T18:52:00Z,0,hub,2026-09-17T00:49:00Z,2026-09-17T00:49:00Z,true
severn-trent:SVT01761:1788137385000,severn-trent:SVT01761,severn-trent,2026-08-31T00:49:45Z,2026-08-31T01:06:40Z,17,hub,2026-09-17T00:49:00Z,2026-09-17T00:49:00Z,true
severn-trent:SVT01765:1787858251000,severn-trent:SVT01765,severn-trent,2026-08-27T19:17:31Z,2026-08-27T19:33:15Z,16,hub,2026-09-17T00:49:00Z,2026-09-17T00:49:00Z,true
severn-trent:SVT01766:1787841752000,severn-trent:SVT01766,severn-trent,2026-08-27T14:42:32Z,2026-08-27T15:20:00Z,37,hub,2026-09-17T00:49:00Z,2026-09-17T00:49:00Z,true
severn-trent:SVT01768:1787762257000,severn-trent:SVT01768,severn-trent,2026-08-26T16:37:37Z,2026-08-26T16:38:00Z,0,hub,2026-09-17T00:49:00Z,2026-09-17T00:49:00Z,true
severn-trent:SVT01774:1787863493000,severn-trent:SVT01774,severn-trent,2026-08-27T20:44:53Z,2026-08-27T20:45:41Z,1,hub,2026-09-17T00:49:00Z,2026-09-17T00:49:00Z,true
severn-trent:SVT01775:1787862549000,severn-trent:SVT01775,severn-trent,2026-08-27T20:29:09Z,2026-08-27T20:36:00Z,7,hub,2026-09-17T00:49:00Z,2026-09-17T00:49:00Z,true
severn-trent:SVT01780:1787857146000,severn-trent:SVT01780,severn-trent,2026-08-27T18:59:06Z,2026-08-28T00:37:56Z,339,hub,2026-09-17T00:49:00Z,2026-09-17T00:49:00Z,true
severn-trent:SVT01785:1788129489000,severn-trent:SVT01785,severn-trent,2026-08-30T22:38:09Z,2026-08-30T22:54:49Z,17,hub,2026-09-17T00:49:00Z,2026-09-17T00:49:00Z,true
severn-trent:SVT01789:1787819617000,severn-trent:SVT01789,severn-trent,2026-08-27T08:33:37Z,2026-08-27T09:19:04Z,45,hub,2026-09-17T00:49:00Z,2026-09-17T00:49:00Z,true
severn-trent:SVT01794:1787859948000,severn-trent:SVT01794,severn-trent,2026-08-27T19:45:48Z,2026-08-27T19:53:18Z,8,hub,2026-09-17T00:49:00Z,2026-09-17T00:49:00Z,true
severn-trent:SVT01796:1787768986000,severn-trent:SVT01796,severn-trent,2026-08-26T18:29:46Z,2026-08-26T18:33:09Z,3,hub,2026-09-17T00:49:00Z,2026-09-17T00:49:00Z,true
severn-trent:SVT01800:1787822836000,severn-trent:SVT01800,severn-trent,2026-08-27T09:27:16Z,2026-08-27T11:59:06Z,152,hub,2026-09-17T00:49:00Z,2026-09-17T00:49:00Z,true
severn-trent:SVT01801:1788129676000,severn-trent:SVT01801,severn-trent,2026-08-30T22:41:16Z,2026-08-30T23:50:00Z,69,hub,2026-09-17T00:49:00Z,2026-09-17T00:49:00Z,true
severn-trent:SVT01803:1788111233000,severn-trent:SVT01803,severn-trent,2026-08-30T17:33:53Z,2026-08-30T17:40:10Z,6,hub,2026-09-17T00:49:00Z,2026-09-17T00:49:00Z,true
severn-trent:SVT01807:1787826129000,severn-trent:SVT01807,severn-trent,2026-08-27T10:22:09Z,2026-08-27T11:39:24Z,77,hub,2026-09-17T00:49:00Z,2026-09-17T00:49:00Z,true
severn-trent:SVT01808:1788032434000,severn-trent:SVT01808,severn-trent,2026-08-29T19:40:34Z,2026-08-29T19:55:10Z,15,hub,2026-09-17T00:49:00Z,2026-09-17T00:49:00Z,true
severn-trent:SVT01809:1787238072000,severn-trent:SVT01809,severn-trent,2026-08-20T15:01:12Z,2026-08-20T15:44:11Z,43,hub,2026-09-17T00:49:00Z,2026-09-17T00:49:00Z,true
severn-trent:SVT01812:1788110130000,severn-trent:SVT01812,severn-trent,2026-08-30T17:15:30Z,2026-08-30T17:28:34Z,13,hub,2026-09-17T00:49:00Z,2026-09-17T00:49:00Z,true
severn-trent:SVT01813:1788172133000,severn-trent:SVT01813,severn-trent,2026-08-31T10:28:53Z,2026-08-31T10:44:56Z,16,hub,2026-09-17T00:49:00Z,2026-09-17T00:49:00Z,true
severn-trent:SVT01814:1788127667000,severn-trent:SVT01814,severn-trent,2026-08-30T22:07:47Z,2026-08-30T22:08:00Z,0,hub,2026-09-17T00:49:00Z,2026-09-17T00:49:00Z,true
severn-trent:SVT01817:1787346791000,severn-trent:SVT01817,severn-trent,2026-08-21T21:13:11Z,2026-08-21T21:15:00Z,2,hub,2026-09-17T00:49:00Z,2026-09-17T00:49:00Z,true
severn-trent:SVT01822:1787234889000,severn-trent:SVT01822,severn-trent,2026-08-20T14:08:09Z,2026-08-20T15:20:21Z,72,hub,2026-09-17T00:49:00Z,2026-09-17T00:49:00Z,true
severn-trent:SVT01826:1788041348000,severn-trent:SVT01826,severn-trent,2026-08-29T22:09:08Z,2026-08-29T23:47:30Z,98,hub,2026-09-17T00:49:00Z,2026-09-17T00:49:00Z,true
severn-trent:SVT01829:1787861302000,severn-trent:SVT01829,severn-trent,2026-08-27T20:08:22Z,2026-08-27T20:16:13Z,8,hub,2026-09-17T00:49:00Z,2026-09-17T00:49:00Z,true
severn-trent:SVT01830:1788139042000,severn-trent:SVT01830,severn-trent,2026-08-31T01:17:22Z,2026-08-31T01:40:43Z,23,hub,2026-09-17T00:49:00Z,2026-09-17T00:49:00Z,true
severn-trent:SVT01832:1787941647000,severn-trent:SVT01832,severn-trent,2026-08-28T18:27:27Z,2026-08-28T18:49:28Z,22,hub,2026-09-17T00:49:00Z,2026-09-17T00:49:00Z,true
severn-trent:SVT01835:1788127809000,severn-trent:SVT01835,severn-trent,2026-08-30T22:10:09Z,2026-08-30T22:17:13Z,7,hub,2026-09-17T00:49:00Z,2026-09-17T00:49:00Z,true
severn-trent:SVT01837:1788119845000,severn-trent:SVT01837,severn-trent,2026-08-30T19:57:25Z,2026-08-30T20:23:22Z,26,hub,2026-09-17T00:49:00Z,2026-09-17T00:49:00Z,true
severn-trent:SVT01840:1788079118000,severn-trent:SVT01840,severn-trent,2026-08-30T08:38:38Z,2026-08-30T18:02:14Z,564,hub,2026-09-17T00:49:00Z,2026-09-17T00:49:00Z,true
severn-trent:SVT01844:1788132330000,severn-trent:SVT01844,severn-trent,2026-08-30T23:25:30Z,2026-08-30T23:28:30Z,3,hub,2026-09-17T00:49:00Z,2026-09-17T00:49:00Z,true
severn-trent:SVT01845:1788136984000,severn-trent:SVT01845,severn-trent,2026-08-31T00:43:04Z,2026-08-31T01:00:26Z,17,hub,2026-09-17T00:49:00Z,2026-09-17T00:49:00Z,true
severn-trent:SVT01846:1788173132000,severn-trent:SVT01846,severn-trent,2026-08-31T10:45:32Z,2026-08-31T11:15:06Z,30,hub,2026-09-17T00:49:00Z,2026-09-17T00:49:00Z,true
severn-trent:SVT01851:1788122950000,severn-trent:SVT01851,severn-trent,2026-08-30T20:49:10Z,2026-08-31T00:03:33Z,194,hub,2026-09-17T00:49:00Z,2026-09-17T00:49:00Z,true
severn-trent:SVT01854:1788115315000,severn-trent:SVT01854,severn-trent,2026-08-30T18:41:55Z,2026-08-30T19:02:02Z,20,hub,2026-09-17T00:49:00Z,2026-09-17T00:49:00Z,true
severn-trent:SVT01855:1788115194000,severn-trent:SVT01855,severn-trent,2026-08-30T18:39:54Z,2026-08-30T18:45:17Z,5,hub,2026-09-17T00:49:00Z,2026-09-17T00:49:00Z,true
severn-trent:SVT01859:1787844470000,severn-trent:SVT01859,severn-trent,2026-08-27T15:27:50Z,2026-08-27T16:34:11Z,66,hub,2026-09-17T00:49:00Z,2026-09-17T00:49:00Z,true
severn-trent:SVT01863:1788135680000,severn-trent:SVT01863,severn-trent,2026-08-31T00:21:20Z,2026-08-31T01:11:28Z,50,hub,2026-09-17T00:49:00Z,2026-09-17T00:49:00Z,true
severn-trent:SVT01864:1787822511000,severn-trent:SVT01864,severn-trent,2026-08-27T09:21:51Z,2026-08-27T09:34:05Z,12,hub,2026-09-17T00:49:00Z,2026-09-17T00:49:00Z,true
severn-trent:SVT01866:1787367793000,severn-trent:SVT01866,severn-trent,2026-08-22T03:03:13Z,2026-08-22T03:14:49Z,12,hub,2026-09-17T00:49:00Z,2026-09-17T00:49:00Z,true
severn-trent:SVT01867:1788138646000,severn-trent:SVT01867,severn-trent,2026-08-31T01:10:46Z,2026-08-31T02:05:54Z,55,hub,2026-09-17T00:49:00Z,2026-09-17T00:49:00Z,true
severn-trent:SVT01868:1788132108000,severn-trent:SVT01868,severn-trent,2026-08-30T23:21:48Z,2026-08-31T01:18:41Z,117,hub,2026-09-17T00:49:00Z,2026-09-17T00:49:00Z,true
severn-trent:SVT01870:1788139605000,severn-trent:SVT01870,severn-trent,2026-08-31T01:26:45Z,2026-08-31T02:36:53Z,70,hub,2026-09-17T00:49:00Z,2026-09-17T00:49:00Z,true
severn-trent:SVT01873:1788116789000,severn-trent:SVT01873,severn-trent,2026-08-30T19:06:29Z,2026-08-30T19:26:54Z,20,hub,2026-09-17T00:49:00Z,2026-09-17T00:49:00Z,true
severn-trent:SVT01882:1786421214000,severn-trent:SVT01882,severn-trent,2026-08-11T04:06:54Z,2026-08-11T04:13:07Z,6,hub,2026-09-17T00:49:00Z,2026-09-17T00:49:00Z,true
severn-trent:SVT01884:1787930233000,severn-trent:SVT01884,severn-trent,2026-08-28T15:17:13Z,2026-08-28T16:08:35Z,51,hub,2026-09-17T00:49:00Z,2026-09-17T00:49:00Z,true
severn-trent:SVT01885:1787881635000,severn-trent:SVT01885,severn-trent,2026-08-28T01:47:15Z,2026-08-28T04:09:44Z,142,hub,2026-09-17T00:49:00Z,2026-09-17T00:49:00Z,true
severn-trent:SVT01890:1788129816000,severn-trent:SVT01890,severn-trent,2026-08-30T22:43:36Z,2026-08-30T22:47:31Z,4,hub,2026-09-17T00:49:00Z,2026-09-17T00:49:00Z,true
severn-trent:SVT01891:1787866165000,severn-trent:SVT01891,severn-trent,2026-08-27T21:29:25Z,2026-08-27T21:30:42Z,1,hub,2026-09-17T00:49:00Z,2026-09-17T00:49:00Z,true
severn-trent:SVT01894:1788120075000,severn-trent:SVT01894,severn-trent,2026-08-30T20:01:15Z,2026-08-30T20:43:24Z,42,hub,2026-09-17T00:49:00Z,2026-09-17T00:49:00Z,true
severn-trent:SVT01897:1787819036000,severn-trent:SVT01897,severn-trent,2026-08-27T08:23:56Z,2026-08-27T08:30:36Z,7,hub,2026-09-17T00:49:00Z,2026-09-17T00:49:00Z,true
severn-trent:SVT01900:1787834560000,severn-trent:SVT01900,severn-trent,2026-08-27T12:42:40Z,2026-08-27T12:47:30Z,5,hub,2026-09-17T00:49:00Z,2026-09-17T00:49:00Z,true
severn-trent:SVT01902:1788121411000,severn-trent:SVT01902,severn-trent,2026-08-30T20:23:31Z,2026-08-30T22:35:00Z,131,hub,2026-09-17T00:49:00Z,2026-09-17T00:49:00Z,true
severn-trent:SVT01903:1788122501000,severn-trent:SVT01903,severn-trent,2026-08-30T20:41:41Z,2026-08-30T21:17:01Z,35,hub,2026-09-17T00:49:00Z,2026-09-17T00:49:00Z,true
severn-trent:SVT01904:1787931345000,severn-trent:SVT01904,severn-trent,2026-08-28T15:35:45Z,2026-08-28T15:46:08Z,10,hub,2026-09-17T00:49:00Z,2026-09-17T00:49:00Z,true
severn-trent:SVT01906:1788129553000,severn-trent:SVT01906,severn-trent,2026-08-30T22:39:13Z,2026-08-30T22:52:23Z,13,hub,2026-09-17T00:49:00Z,2026-09-17T00:49:00Z,true
severn-trent:SVT01909:1787946512000,severn-trent:SVT01909,severn-trent,2026-08-28T19:48:32Z,2026-08-28T21:01:22Z,73,hub,2026-09-17T00:49:00Z,2026-09-17T00:49:00Z,true
severn-trent:SVT01910:1787836719000,severn-trent:SVT01910,severn-trent,2026-08-27T13:18:39Z,2026-08-27T13:43:58Z,25,hub,2026-09-17T00:49:00Z,2026-09-17T00:49:00Z,true
severn-trent:SVT01911:1787855775000,severn-trent:SVT01911,severn-trent,2026-08-27T18:36:15Z,2026-08-27T22:05:24Z,209,hub,2026-09-17T00:49:00Z,2026-09-17T00:49:00Z,true
severn-trent:SVT01913:1787954318000,severn-trent:SVT01913,severn-trent,2026-08-28T21:58:38Z,2026-08-28T22:15:30Z,17,hub,2026-09-17T00:49:00Z,2026-09-17T00:49:00Z,true
severn-trent:SVT01915:1788107858000,severn-trent:SVT01915,severn-trent,2026-08-30T16:37:38Z,2026-08-30T16:58:59Z,21,hub,2026-09-17T00:49:00Z,2026-09-17T00:49:00Z,true
severn-trent:SVT01916:1787856171000,severn-trent:SVT01916,severn-trent,2026-08-27T18:42:51Z,2026-08-27T18:47:25Z,5,hub,2026-09-17T00:49:00Z,2026-09-17T00:49:00Z,true
severn-trent:SVT01919:1788039757000,severn-trent:SVT01919,severn-trent,2026-08-29T21:42:37Z,2026-08-30T01:25:40Z,223,hub,2026-09-17T00:49:00Z,2026-09-17T00:49:00Z,true
severn-trent:SVT01923:1787779238000,severn-trent:SVT01923,severn-trent,2026-08-26T21:20:38Z,2026-08-26T22:23:40Z,63,hub,2026-09-17T00:49:00Z,2026-09-17T00:49:00Z,true
severn-trent:SVT01924:1787829714000,severn-trent:SVT01924,severn-trent,2026-08-27T11:21:54Z,2026-08-27T11:26:21Z,4,hub,2026-09-17T00:49:00Z,2026-09-17T00:49:00Z,true
severn-trent:SVT01926:1787829329000,severn-trent:SVT01926,severn-trent,2026-08-27T11:15:29Z,2026-08-27T11:46:19Z,31,hub,2026-09-17T00:49:00Z,2026-09-17T00:49:00Z,true
severn-trent:SVT01927:1787821244000,severn-trent:SVT01927,severn-trent,2026-08-27T09:00:44Z,2026-08-27T11:57:12Z,176,hub,2026-09-17T00:49:00Z,2026-09-17T00:49:00Z,true
severn-trent:SVT01930:1787862501000,severn-trent:SVT01930,severn-trent,2026-08-27T20:28:21Z,2026-08-27T23:41:53Z,194,hub,2026-09-17T00:49:00Z,2026-09-17T00:49:00Z,true
severn-trent:SVT01932:1787822192000,severn-trent:SVT01932,severn-trent,2026-08-27T09:16:32Z,2026-08-27T14:15:36Z,299,hub,2026-09-17T00:49:00Z,2026-09-17T00:49:00Z,true
severn-trent:SVT01933:1788118409000,severn-trent:SVT01933,severn-trent,2026-08-30T19:33:29Z,2026-08-30T19:34:25Z,1,hub,2026-09-17T00:49:00Z,2026-09-17T00:49:00Z,true
severn-trent:SVT01937:1788111830000,severn-trent:SVT01937,severn-trent,2026-08-30T17:43:50Z,2026-08-30T17:45:58Z,2,hub,2026-09-17T00:49:00Z,2026-09-17T00:49:00Z,true
severn-trent:SVT01939:1787897332000,severn-trent:SVT01939,severn-trent,2026-08-28T06:08:52Z,2026-08-28T07:49:50Z,101,hub,2026-09-17T00:49:00Z,2026-09-17T00:49:00Z,true
severn-trent:SVT01949:1788115233000,severn-trent:SVT01949,severn-trent,2026-08-30T18:40:33Z,2026-08-30T18:50:20Z,10,hub,2026-09-17T00:49:00Z,2026-09-17T00:49:00Z,true
severn-trent:SVT01956:1787840026000,severn-trent:SVT01956,severn-trent,2026-08-27T14:13:46Z,2026-08-27T14:50:00Z,36,hub,2026-09-17T00:49:00Z,2026-09-17T00:49:00Z,true
severn-trent:SVT01959:1788136818000,severn-trent:SVT01959,severn-trent,2026-08-31T00:40:18Z,2026-08-31T00:53:41Z,13,hub,2026-09-17T00:49:00Z,2026-09-17T00:49:00Z,true
severn-trent:SVT01960:1788183316000,severn-trent:SVT01960,severn-trent,2026-08-31T13:35:16Z,2026-08-31T13:47:22Z,12,hub,2026-09-17T00:49:00Z,2026-09-17T00:49:00Z,true
severn-trent:SVT01961:1788182929000,severn-trent:SVT01961,severn-trent,2026-08-31T13:28:49Z,2026-08-31T13:36:04Z,7,hub,2026-09-17T00:49:00Z,2026-09-17T00:49:00Z,true
severn-trent:SVT01963:1788135114000,severn-trent:SVT01963,severn-trent,2026-08-31T00:11:54Z,2026-08-31T00:53:18Z,41,hub,2026-09-17T00:49:00Z,2026-09-17T00:49:00Z,true
severn-trent:SVT01964:1788136127000,severn-trent:SVT01964,severn-trent,2026-08-31T00:28:47Z,2026-08-31T01:04:41Z,36,hub,2026-09-17T00:49:00Z,2026-09-17T00:49:00Z,true
severn-trent:SVT01966:1788136734000,severn-trent:SVT01966,severn-trent,2026-08-31T00:38:54Z,2026-08-31T01:04:22Z,25,hub,2026-09-17T00:49:00Z,2026-09-17T00:49:00Z,true
severn-trent:SVT01968:1788131378000,severn-trent:SVT01968,severn-trent,2026-08-30T23:09:38Z,2026-08-31T05:50:00Z,400,hub,2026-09-17T00:49:00Z,2026-09-17T00:49:00Z,true
severn-trent:SVT01970:1788138966000,severn-trent:SVT01970,severn-trent,2026-08-31T01:16:06Z,2026-08-31T03:58:54Z,163,hub,2026-09-17T00:49:00Z,2026-09-17T00:49:00Z,true
severn-trent:SVT01974:1788131913000,severn-trent:SVT01974,severn-trent,2026-08-30T23:18:33Z,2026-08-31T00:24:44Z,66,hub,2026-09-17T00:49:00Z,2026-09-17T00:49:00Z,true
severn-trent:SVT01978:1787844292000,severn-trent:SVT01978,severn-trent,2026-08-27T15:24:52Z,2026-08-27T23:09:33Z,465,hub,2026-09-17T00:49:00Z,2026-09-17T00:49:00Z,true
severn-trent:SVT01981:1787835292000,severn-trent:SVT01981,severn-trent,2026-08-27T12:54:52Z,2026-08-27T13:27:04Z,32,hub,2026-09-17T00:49:00Z,2026-09-17T00:49:00Z,true
severn-trent:SVT01986:1788118912000,severn-trent:SVT01986,severn-trent,2026-08-30T19:41:52Z,2026-08-30T20:16:33Z,35,hub,2026-09-17T00:49:00Z,2026-09-17T00:49:00Z,true
severn-trent:SVT01987:1788185358000,severn-trent:SVT01987,severn-trent,2026-08-31T14:09:18Z,2026-08-31T14:31:08Z,22,hub,2026-09-17T00:49:00Z,2026-09-17T00:49:00Z,true
severn-trent:SVT01993:1788131330000,severn-trent:SVT01993,severn-trent,2026-08-30T23:08:50Z,2026-08-30T23:12:47Z,4,hub,2026-09-17T00:49:00Z,2026-09-17T00:49:00Z,true
severn-trent:SVT01995:1788118021000,severn-trent:SVT01995,severn-trent,2026-08-30T19:27:01Z,2026-08-30T19:46:40Z,20,hub,2026-09-17T00:49:00Z,2026-09-17T00:49:00Z,true
severn-trent:SVT01997:1787774003000,severn-trent:SVT01997,severn-trent,2026-08-26T19:53:23Z,2026-08-26T20:27:36Z,34,hub,2026-09-17T00:49:00Z,2026-09-17T00:49:00Z,true
severn-trent:SVT01999:1787828183000,severn-trent:SVT01999,severn-trent,2026-08-27T10:56:23Z,2026-08-27T14:31:18Z,215,hub,2026-09-17T00:49:00Z,2026-09-17T00:49:00Z,true
severn-trent:SVT02000:1787859818000,severn-trent:SVT02000,severn-trent,2026-08-27T19:43:38Z,2026-08-27T19:49:17Z,6,hub,2026-09-17T00:49:00Z,2026-09-17T00:49:00Z,true
severn-trent:SVT02002:1788144728000,severn-trent:SVT02002,severn-trent,2026-08-31T02:52:08Z,2026-08-31T03:01:44Z,10,hub,2026-09-17T00:49:00Z,2026-09-17T00:49:00Z,true
severn-trent:SVT02004:1788139628000,severn-trent:SVT02004,severn-trent,2026-08-31T01:27:08Z,2026-08-31T02:20:32Z,53,hub,2026-09-17T00:49:00Z,2026-09-17T00:49:00Z,true
severn-trent:SVT02015:1787931562000,severn-trent:SVT02015,severn-trent,2026-08-28T15:39:22Z,2026-08-28T15:59:08Z,20,hub,2026-09-17T00:49:00Z,2026-09-17T00:49:00Z,true
severn-trent:SVT02017:1787855025000,severn-trent:SVT02017,severn-trent,2026-08-27T18:23:45Z,2026-08-27T19:12:34Z,49,hub,2026-09-17T00:49:00Z,2026-09-17T00:49:00Z,true
severn-trent:SVT02022:1788131304000,severn-trent:SVT02022,severn-trent,2026-08-30T23:08:24Z,2026-08-31T01:11:15Z,123,hub,2026-09-17T00:49:00Z,2026-09-17T00:49:00Z,true
severn-trent:SVT02029:1788120357000,severn-trent:SVT02029,severn-trent,2026-08-30T20:05:57Z,2026-08-30T20:39:58Z,34,hub,2026-09-17T00:49:00Z,2026-09-17T00:49:00Z,true
severn-trent:SVT02032:1788172223000,severn-trent:SVT02032,severn-trent,2026-08-31T10:30:23Z,2026-08-31T10:53:30Z,23,hub,2026-09-17T00:49:00Z,2026-09-17T00:49:00Z,true
severn-trent:SVT02039:1788008866000,severn-trent:SVT02039,severn-trent,2026-08-29T13:07:46Z,2026-08-29T14:39:41Z,92,hub,2026-09-17T00:49:00Z,2026-09-17T00:49:00Z,true
severn-trent:SVT02044:1787865466000,severn-trent:SVT02044,severn-trent,2026-08-27T21:17:46Z,2026-08-27T23:20:00Z,122,hub,2026-09-17T00:49:00Z,2026-09-17T00:49:00Z,true
severn-trent:SVT02047:1787819109000,severn-trent:SVT02047,severn-trent,2026-08-27T08:25:09Z,2026-08-27T08:34:54Z,10,hub,2026-09-17T00:49:00Z,2026-09-17T00:49:00Z,true
severn-trent:SVT02048:1787832587000,severn-trent:SVT02048,severn-trent,2026-08-27T12:09:47Z,2026-08-27T14:24:46Z,135,hub,2026-09-17T00:49:00Z,2026-09-17T00:49:00Z,true
severn-trent:SVT02051:1787918251000,severn-trent:SVT02051,severn-trent,2026-08-28T11:57:31Z,2026-08-28T12:14:40Z,17,hub,2026-09-17T00:49:00Z,2026-09-17T00:49:00Z,true
severn-trent:SVT02061:1788130912000,severn-trent:SVT02061,severn-trent,2026-08-30T23:01:52Z,2026-08-31T03:20:00Z,258,hub,2026-09-17T00:49:00Z,2026-09-17T00:49:00Z,true
severn-trent:SVT02066:1788111047000,severn-trent:SVT02066,severn-trent,2026-08-30T17:30:47Z,2026-08-30T17:59:12Z,28,hub,2026-09-17T00:49:00Z,2026-09-17T00:49:00Z,true
severn-trent:SVT02067:1787813802000,severn-trent:SVT02067,severn-trent,2026-08-27T06:56:42Z,2026-08-27T07:01:15Z,5,hub,2026-09-17T00:49:00Z,2026-09-17T00:49:00Z,true
severn-trent:SVT02070:1788133882000,severn-trent:SVT02070,severn-trent,2026-08-30T23:51:22Z,2026-08-30T23:52:00Z,1,hub,2026-09-17T00:49:00Z,2026-09-17T00:49:00Z,true
severn-trent:SVT02073:1788119741000,severn-trent:SVT02073,severn-trent,2026-08-30T19:55:41Z,2026-08-30T20:10:43Z,15,hub,2026-09-17T00:49:00Z,2026-09-17T00:49:00Z,true
severn-trent:SVT02074:1787862230000,severn-trent:SVT02074,severn-trent,2026-08-27T20:23:50Z,2026-08-27T20:26:43Z,3,hub,2026-09-17T00:49:00Z,2026-09-17T00:49:00Z,true
severn-trent:SVT02083:1787839773000,severn-trent:SVT02083,severn-trent,2026-08-27T14:09:33Z,2026-08-28T11:39:26Z,1290,hub,2026-09-17T00:49:00Z,2026-09-17T00:49:00Z,true
severn-trent:SVT02084:1787823667000,severn-trent:SVT02084,severn-trent,2026-08-27T09:41:07Z,2026-08-27T14:04:40Z,264,hub,2026-09-17T00:49:00Z,2026-09-17T00:49:00Z,true
severn-trent:SVT02085:1787943962000,severn-trent:SVT02085,severn-trent,2026-08-28T19:06:02Z,2026-08-28T19:41:47Z,36,hub,2026-09-17T00:49:00Z,2026-09-17T00:49:00Z,true
severn-trent:SVT02090:1787854059000,severn-trent:SVT02090,severn-trent,2026-08-27T18:07:39Z,2026-08-27T18:49:07Z,41,hub,2026-09-17T00:49:00Z,2026-09-17T00:49:00Z,true
severn-trent:SVT02093:1788127527000,severn-trent:SVT02093,severn-trent,2026-08-30T22:05:27Z,2026-08-30T22:10:42Z,5,hub,2026-09-17T00:49:00Z,2026-09-17T00:49:00Z,true
severn-trent:SVT02095:1788130500000,severn-trent:SVT02095,severn-trent,2026-08-30T22:55:00Z,2026-08-30T23:57:03Z,62,hub,2026-09-17T00:49:00Z,2026-09-17T00:49:00Z,true
severn-trent:SVT02097:1788129529000,severn-trent:SVT02097,severn-trent,2026-08-30T22:38:49Z,2026-08-30T23:16:02Z,37,hub,2026-09-17T00:49:00Z,2026-09-17T00:49:00Z,true
severn-trent:SVT02099:1788115339000,severn-trent:SVT02099,severn-trent,2026-08-30T18:42:19Z,2026-08-30T19:00:57Z,19,hub,2026-09-17T00:49:00Z,2026-09-17T00:49:00Z,true
severn-trent:SVT02104:1787855576000,severn-trent:SVT02104,severn-trent,2026-08-27T18:32:56Z,2026-08-27T21:22:18Z,169,hub,2026-09-17T00:49:00Z,2026-09-17T00:49:00Z,true
severn-trent:SVT02110:1788129571000,severn-trent:SVT02110,severn-trent,2026-08-30T22:39:31Z,2026-08-30T22:47:00Z,7,hub,2026-09-17T00:49:00Z,2026-09-17T00:49:00Z,true
severn-trent:SVT02113:1787865336000,severn-trent:SVT02113,severn-trent,2026-08-27T21:15:36Z,2026-08-27T21:58:29Z,43,hub,2026-09-17T00:49:00Z,2026-09-17T00:49:00Z,true
severn-trent:SVT02114:1787866797000,severn-trent:SVT02114,severn-trent,2026-08-27T21:39:57Z,2026-08-27T22:45:00Z,65,hub,2026-09-17T00:49:00Z,2026-09-17T00:49:00Z,true
severn-trent:SVT02116:1787857969000,severn-trent:SVT02116,severn-trent,2026-08-27T19:12:49Z,2026-08-27T19:30:13Z,17,hub,2026-09-17T00:49:00Z,2026-09-17T00:49:00Z,true
severn-trent:SVT02117:1787860683000,severn-trent:SVT02117,severn-trent,2026-08-27T19:58:03Z,2026-08-27T20:34:28Z,36,hub,2026-09-17T00:49:00Z,2026-09-17T00:49:00Z,true
severn-trent:SVT02119:1787825315000,severn-trent:SVT02119,severn-trent,2026-08-27T10:08:35Z,2026-08-27T11:09:58Z,61,hub,2026-09-17T00:49:00Z,2026-09-17T00:49:00Z,true
severn-trent:SVT02122:1788125981000,severn-trent:SVT02122,severn-trent,2026-08-30T21:39:41Z,2026-08-30T21:41:28Z,2,hub,2026-09-17T00:49:00Z,2026-09-17T00:49:00Z,true
severn-trent:SVT02124:1788115246000,severn-trent:SVT02124,severn-trent,2026-08-30T18:40:46Z,2026-08-30T18:49:51Z,9,hub,2026-09-17T00:49:00Z,2026-09-17T00:49:00Z,true
severn-trent:SVT02125:1788140431000,severn-trent:SVT02125,severn-trent,2026-08-31T01:40:31Z,2026-08-31T03:40:50Z,120,hub,2026-09-17T00:49:00Z,2026-09-17T00:49:00Z,true
severn-trent:SVT02127:1788134100000,severn-trent:SVT02127,severn-trent,2026-08-30T23:55:00Z,2026-08-31T00:01:58Z,7,hub,2026-09-17T00:49:00Z,2026-09-17T00:49:00Z,true
severn-trent:SVT02131:1788116265000,severn-trent:SVT02131,severn-trent,2026-08-30T18:57:45Z,2026-08-30T20:09:55Z,72,hub,2026-09-17T00:49:00Z,2026-09-17T00:49:00Z,true
severn-trent:SVT02132:1787828916000,severn-trent:SVT02132,severn-trent,2026-08-27T11:08:36Z,2026-08-27T11:12:29Z,4,hub,2026-09-17T00:49:00Z,2026-09-17T00:49:00Z,true
severn-trent:SVT02133:1788128910000,severn-trent:SVT02133,severn-trent,2026-08-30T22:28:30Z,2026-08-30T22:31:35Z,3,hub,2026-09-17T00:49:00Z,2026-09-17T00:49:00Z,true
severn-trent:SVT02134:1788130714000,severn-trent:SVT02134,severn-trent,2026-08-30T22:58:34Z,2026-08-30T23:17:00Z,18,hub,2026-09-17T00:49:00Z,2026-09-17T00:49:00Z,true
severn-trent:SVT02135:1788128856000,severn-trent:SVT02135,severn-trent,2026-08-30T22:27:36Z,2026-08-30T23:05:27Z,38,hub,2026-09-17T00:49:00Z,2026-09-17T00:49:00Z,true
severn-trent:SVT02136:1787815689000,severn-trent:SVT02136,severn-trent,2026-08-27T07:28:09Z,2026-08-27T09:03:37Z,95,hub,2026-09-17T00:49:00Z,2026-09-17T00:49:00Z,true
severn-trent:SVT02138:1788131734000,severn-trent:SVT02138,severn-trent,2026-08-30T23:15:34Z,2026-08-30T23:30:00Z,14,hub,2026-09-17T00:49:00Z,2026-09-17T00:49:00Z,true
severn-trent:SVT02152:1787935595000,severn-trent:SVT02152,severn-trent,2026-08-28T16:46:35Z,2026-08-28T18:42:09Z,116,hub,2026-09-17T00:49:00Z,2026-09-17T00:49:00Z,true
severn-trent:SVT02154:1788107172000,severn-trent:SVT02154,severn-trent,2026-08-30T16:26:12Z,2026-08-30T16:38:05Z,12,hub,2026-09-17T00:49:00Z,2026-09-17T00:49:00Z,true
severn-trent:SVT02156:1787821735000,severn-trent:SVT02156,severn-trent,2026-08-27T09:08:55Z,2026-08-27T13:55:28Z,287,hub,2026-09-17T00:49:00Z,2026-09-17T00:49:00Z,true
severn-trent:SVT02159:1788039910000,severn-trent:SVT02159,severn-trent,2026-08-29T21:45:10Z,2026-08-29T22:19:18Z,34,hub,2026-09-17T00:49:00Z,2026-09-17T00:49:00Z,true
severn-trent:SVT02160:1788133732000,severn-trent:SVT02160,severn-trent,2026-08-30T23:48:52Z,2026-08-30T23:57:17Z,8,hub,2026-09-17T00:49:00Z,2026-09-17T00:49:00Z,true
severn-trent:SVT02163:1787091352000,severn-trent:SVT02163,severn-trent,2026-08-18T22:15:52Z,2026-08-18T22:18:52Z,3,hub,2026-09-17T00:49:00Z,2026-09-17T00:49:00Z,true
severn-trent:SVT02170:1788129774000,severn-trent:SVT02170,severn-trent,2026-08-30T22:42:54Z,2026-08-30T23:11:03Z,28,hub,2026-09-17T00:49:00Z,2026-09-17T00:49:00Z,true
severn-trent:SVT02179:1787943535000,severn-trent:SVT02179,severn-trent,2026-08-28T18:58:55Z,2026-08-28T19:08:04Z,9,hub,2026-09-17T00:49:00Z,2026-09-17T00:49:00Z,true
severn-trent:SVT02183:1787857027000,severn-trent:SVT02183,severn-trent,2026-08-27T18:57:07Z,2026-08-27T19:51:09Z,54,hub,2026-09-17T00:49:00Z,2026-09-17T00:49:00Z,true
severn-trent:SVT02184:1787866121000,severn-trent:SVT02184,severn-trent,2026-08-27T21:28:41Z,2026-08-27T21:40:41Z,12,hub,2026-09-17T00:49:00Z,2026-09-17T00:49:00Z,true
severn-trent:SVT02186:1787869301000,severn-trent:SVT02186,severn-trent,2026-08-27T22:21:41Z,2026-08-28T01:15:27Z,174,hub,2026-09-17T00:49:00Z,2026-09-17T00:49:00Z,true
severn-trent:SVT02190:1787923385000,severn-trent:SVT02190,severn-trent,2026-08-28T13:23:05Z,2026-08-28T14:27:37Z,65,hub,2026-09-17T00:49:00Z,2026-09-17T00:49:00Z,true
severn-trent:SVT02192:1788132519000,severn-trent:SVT02192,severn-trent,2026-08-30T23:28:39Z,2026-08-31T00:23:43Z,55,hub,2026-09-17T00:49:00Z,2026-09-17T00:49:00Z,true
severn-trent:SVT02196:1788123300000,severn-trent:SVT02196,severn-trent,2026-08-30T20:55:00Z,2026-08-30T21:00:55Z,6,hub,2026-09-17T00:49:00Z,2026-09-17T00:49:00Z,true
severn-trent:SVT02206:1787851473000,severn-trent:SVT02206,severn-trent,2026-08-27T17:24:33Z,2026-08-27T18:23:50Z,59,hub,2026-09-17T00:49:00Z,2026-09-17T00:49:00Z,true
severn-trent:SVT02210:1787935103000,severn-trent:SVT02210,severn-trent,2026-08-28T16:38:23Z,2026-08-28T17:09:39Z,31,hub,2026-09-17T00:49:00Z,2026-09-17T00:49:00Z,true
severn-trent:SVT02212:1787919690000,severn-trent:SVT02212,severn-trent,2026-08-28T12:21:30Z,2026-08-28T12:22:00Z,1,hub,2026-09-17T00:49:00Z,2026-09-17T00:49:00Z,true
severn-trent:SVT02224:1787813690000,severn-trent:SVT02224,severn-trent,2026-08-27T06:54:50Z,2026-08-27T07:28:59Z,34,hub,2026-09-17T00:49:00Z,2026-09-17T00:49:00Z,true
severn-trent:SVT02231:1787346108000,severn-trent:SVT02231,severn-trent,2026-08-21T21:01:48Z,2026-08-21T22:05:59Z,64,hub,2026-09-17T00:49:00Z,2026-09-17T00:49:00Z,true
severn-trent:SVT02237:1787863443000,severn-trent:SVT02237,severn-trent,2026-08-27T20:44:03Z,2026-08-27T21:52:52Z,69,hub,2026-09-17T00:49:00Z,2026-09-17T00:49:00Z,true
severn-trent:SVT02241:1787317323000,severn-trent:SVT02241,severn-trent,2026-08-21T13:02:03Z,2026-08-21T13:08:20Z,6,hub,2026-09-17T00:49:00Z,2026-09-17T00:49:00Z,true
severn-trent:SVT02243:1787831704000,severn-trent:SVT02243,severn-trent,2026-08-27T11:55:04Z,2026-08-27T12:07:28Z,12,hub,2026-09-17T00:49:00Z,2026-09-17T00:49:00Z,true
severn-trent:SVT02245:1787854537000,severn-trent:SVT02245,severn-trent,2026-08-27T18:15:37Z,2026-08-27T18:49:10Z,34,hub,2026-09-17T00:49:00Z,2026-09-17T00:49:00Z,true
severn-trent:SVT02246:1787814488000,severn-trent:SVT02246,severn-trent,2026-08-27T07:08:08Z,2026-08-27T08:33:31Z,85,hub,2026-09-17T00:49:00Z,2026-09-17T00:49:00Z,true
severn-trent:SVT02249:1787878147000,severn-trent:SVT02249,severn-trent,2026-08-28T00:49:07Z,2026-08-28T00:52:00Z,3,hub,2026-09-17T00:49:00Z,2026-09-17T00:49:00Z,true
severn-trent:SVT02250:1788130788000,severn-trent:SVT02250,severn-trent,2026-08-30T22:59:48Z,2026-08-30T23:00:33Z,1,hub,2026-09-17T00:49:00Z,2026-09-17T00:49:00Z,true
severn-trent:SVT02255:1788131290000,severn-trent:SVT02255,severn-trent,2026-08-30T23:08:10Z,2026-08-31T00:16:01Z,68,hub,2026-09-17T00:49:00Z,2026-09-17T00:49:00Z,true
severn-trent:SVT02258:1787924405000,severn-trent:SVT02258,severn-trent,2026-08-28T13:40:05Z,2026-08-28T13:44:41Z,5,hub,2026-09-17T00:49:00Z,2026-09-17T00:49:00Z,true
severn-trent:SVT02259:1787925148000,severn-trent:SVT02259,severn-trent,2026-08-28T13:52:28Z,2026-08-28T14:17:07Z,25,hub,2026-09-17T00:49:00Z,2026-09-17T00:49:00Z,true
severn-trent:SVT02265:1787815519000,severn-trent:SVT02265,severn-trent,2026-08-27T07:25:19Z,2026-08-27T07:39:34Z,14,hub,2026-09-17T00:49:00Z,2026-09-17T00:49:00Z,true
severn-trent:SVT02273:1787867716000,severn-trent:SVT02273,severn-trent,2026-08-27T21:55:16Z,2026-08-27T21:56:41Z,1,hub,2026-09-17T00:49:00Z,2026-09-17T00:49:00Z,true
severn-trent:SVT02278:1787816433000,severn-trent:SVT02278,severn-trent,2026-08-27T07:40:33Z,2026-08-27T10:25:51Z,165,hub,2026-09-17T00:49:00Z,2026-09-17T00:49:00Z,true
severn-trent:SVT02280:1788135810000,severn-trent:SVT02280,severn-trent,2026-08-31T00:23:30Z,2026-08-31T01:28:50Z,65,hub,2026-09-17T00:49:00Z,2026-09-17T00:49:00Z,true
severn-trent:SVT02285:1787923378000,severn-trent:SVT02285,severn-trent,2026-08-28T13:22:58Z,2026-08-28T13:49:07Z,26,hub,2026-09-17T00:49:00Z,2026-09-17T00:49:00Z,true
severn-trent:SVT02287:1787864773000,severn-trent:SVT02287,severn-trent,2026-08-27T21:06:13Z,2026-08-27T21:22:45Z,17,hub,2026-09-17T00:49:00Z,2026-09-17T00:49:00Z,true
severn-trent:SVT02288:1787826300000,severn-trent:SVT02288,severn-trent,2026-08-27T10:25:00Z,2026-08-27T12:43:01Z,138,hub,2026-09-17T00:49:00Z,2026-09-17T00:49:00Z,true
severn-trent:SVT02289:1788121727000,severn-trent:SVT02289,severn-trent,2026-08-30T20:28:47Z,2026-08-30T20:31:29Z,3,hub,2026-09-17T00:49:00Z,2026-09-17T00:49:00Z,true
severn-trent:SVT02290:1787814459000,severn-trent:SVT02290,severn-trent,2026-08-27T07:07:39Z,2026-08-27T07:08:45Z,1,hub,2026-09-17T00:49:00Z,2026-09-17T00:49:00Z,true
severn-trent:SVT02292:1787860059000,severn-trent:SVT02292,severn-trent,2026-08-27T19:47:39Z,2026-08-27T19:53:12Z,6,hub,2026-09-17T00:49:00Z,2026-09-17T00:49:00Z,true
severn-trent:SVT02293:1787863275000,severn-trent:SVT02293,severn-trent,2026-08-27T20:41:15Z,2026-08-27T22:52:28Z,131,hub,2026-09-17T00:49:00Z,2026-09-17T00:49:00Z,true
severn-trent:SVT02297:1787923301000,severn-trent:SVT02297,severn-trent,2026-08-28T13:21:41Z,2026-08-28T13:23:26Z,2,hub,2026-09-17T00:49:00Z,2026-09-17T00:49:00Z,true
severn-trent:SVT02298:1788139101000,severn-trent:SVT02298,severn-trent,2026-08-31T01:18:21Z,2026-08-31T01:32:50Z,14,hub,2026-09-17T00:49:00Z,2026-09-17T00:49:00Z,true
severn-trent:SVT02299:1787837467000,severn-trent:SVT02299,severn-trent,2026-08-27T13:31:07Z,2026-08-27T14:51:41Z,81,hub,2026-09-17T00:49:00Z,2026-09-17T00:49:00Z,true
severn-trent:SVT02300:1788130451000,severn-trent:SVT02300,severn-trent,2026-08-30T22:54:11Z,2026-08-30T23:05:03Z,11,hub,2026-09-17T00:49:00Z,2026-09-17T00:49:00Z,true
severn-trent:SVT02302:1787839213000,severn-trent:SVT02302,severn-trent,2026-08-27T14:00:13Z,2026-08-27T14:43:06Z,43,hub,2026-09-17T00:49:00Z,2026-09-17T00:49:00Z,true
severn-trent:SVT02303:1787775942000,severn-trent:SVT02303,severn-trent,2026-08-26T20:25:42Z,2026-08-26T20:31:43Z,6,hub,2026-09-17T00:49:00Z,2026-09-17T00:49:00Z,true
severn-trent:SVT02304:1788107670000,severn-trent:SVT02304,severn-trent,2026-08-30T16:34:30Z,2026-08-30T16:36:30Z,2,hub,2026-09-17T00:49:00Z,2026-09-17T00:49:00Z,true
severn-trent:SVT02306:1786361612000,severn-trent:SVT02306,severn-trent,2026-08-10T11:33:32Z,2026-08-10T11:34:30Z,1,hub,2026-09-17T00:49:00Z,2026-09-17T00:49:00Z,true
severn-trent:SVT02312:1787863985000,severn-trent:SVT02312,severn-trent,2026-08-27T20:53:05Z,2026-08-27T20:58:37Z,6,hub,2026-09-17T00:49:00Z,2026-09-17T00:49:00Z,true
severn-trent:SVT02313:1787945532000,severn-trent:SVT02313,severn-trent,2026-08-28T19:32:12Z,2026-08-28T20:14:45Z,43,hub,2026-09-17T00:49:00Z,2026-09-17T00:49:00Z,true
severn-trent:SVT02314:1787819041000,severn-trent:SVT02314,severn-trent,2026-08-27T08:24:01Z,2026-08-27T08:36:48Z,13,hub,2026-09-17T00:49:00Z,2026-09-17T00:49:00Z,true
severn-trent:SVT02315:1788035600000,severn-trent:SVT02315,severn-trent,2026-08-29T20:33:20Z,2026-08-29T21:35:29Z,62,hub,2026-09-17T00:49:00Z,2026-09-17T00:49:00Z,true
severn-trent:SVT02317:1787867468000,severn-trent:SVT02317,severn-trent,2026-08-27T21:51:08Z,2026-08-27T22:00:00Z,9,hub,2026-09-17T00:49:00Z,2026-09-17T00:49:00Z,true
severn-trent:SVT02319:1787891891000,severn-trent:SVT02319,severn-trent,2026-08-28T04:38:11Z,2026-08-28T06:47:55Z,130,hub,2026-09-17T00:49:00Z,2026-09-17T00:49:00Z,true
severn-trent:SVT02322:1787855734000,severn-trent:SVT02322,severn-trent,2026-08-27T18:35:34Z,2026-08-27T18:53:11Z,18,hub,2026-09-17T00:49:00Z,2026-09-17T00:49:00Z,true
severn-trent:SVT02330:1787848087000,severn-trent:SVT02330,severn-trent,2026-08-27T16:28:07Z,2026-08-27T19:09:52Z,162,hub,2026-09-17T00:49:00Z,2026-09-17T00:49:00Z,true
severn-trent:SVT02332:1787225860000,severn-trent:SVT02332,severn-trent,2026-08-20T11:37:40Z,2026-08-20T12:10:21Z,33,hub,2026-09-17T00:49:00Z,2026-09-17T00:49:00Z,true
severn-trent:SVT02333:1788123978000,severn-trent:SVT02333,severn-trent,2026-08-30T21:06:18Z,2026-08-30T22:19:57Z,74,hub,2026-09-17T00:49:00Z,2026-09-17T00:49:00Z,true
severn-trent:SVT02337:1787868377000,severn-trent:SVT02337,severn-trent,2026-08-27T22:06:17Z,2026-08-28T00:56:05Z,170,hub,2026-09-17T00:49:00Z,2026-09-17T00:49:00Z,true
severn-trent:SVT02339:1788134100000,severn-trent:SVT02339,severn-trent,2026-08-30T23:55:00Z,2026-08-31T00:16:35Z,22,hub,2026-09-17T00:49:00Z,2026-09-17T00:49:00Z,true
severn-trent:SVT02345:1787858322000,severn-trent:SVT02345,severn-trent,2026-08-27T19:18:42Z,2026-08-27T23:42:54Z,264,hub,2026-09-17T00:49:00Z,2026-09-17T00:49:00Z,true
severn-trent:SVT02348:1788138858000,severn-trent:SVT02348,severn-trent,2026-08-31T01:14:18Z,2026-08-31T01:49:41Z,35,hub,2026-09-17T00:49:00Z,2026-09-17T00:49:00Z,true
severn-trent:SVT02349:1787844025000,severn-trent:SVT02349,severn-trent,2026-08-27T15:20:25Z,2026-08-27T15:27:23Z,7,hub,2026-09-17T00:49:00Z,2026-09-17T00:49:00Z,true
severn-trent:SVT02351:1787945783000,severn-trent:SVT02351,severn-trent,2026-08-28T19:36:23Z,2026-08-28T21:23:34Z,107,hub,2026-09-17T00:49:00Z,2026-09-17T00:49:00Z,true
severn-trent:SVT02352:1788119673000,severn-trent:SVT02352,severn-trent,2026-08-30T19:54:33Z,2026-08-30T20:43:34Z,49,hub,2026-09-17T00:49:00Z,2026-09-17T00:49:00Z,true
severn-trent:SVT02355:1788130164000,severn-trent:SVT02355,severn-trent,2026-08-30T22:49:24Z,2026-08-30T23:01:16Z,12,hub,2026-09-17T00:49:00Z,2026-09-17T00:49:00Z,true
severn-trent:SVT02357:1787868581000,severn-trent:SVT02357,severn-trent,2026-08-27T22:09:41Z,2026-08-27T22:11:52Z,2,hub,2026-09-17T00:49:00Z,2026-09-17T00:49:00Z,true
severn-trent:SVT02358:1788130909000,severn-trent:SVT02358,severn-trent,2026-08-30T23:01:49Z,2026-08-30T23:16:40Z,15,hub,2026-09-17T00:49:00Z,2026-09-17T00:49:00Z,true
severn-trent:SVT02364:1787819184000,severn-trent:SVT02364,severn-trent,2026-08-27T08:26:24Z,2026-08-27T08:39:52Z,13,hub,2026-09-17T00:49:00Z,2026-09-17T00:49:00Z,true
severn-trent:SVT02367:1787346525000,severn-trent:SVT02367,severn-trent,2026-08-21T21:08:45Z,2026-08-21T21:31:45Z,23,hub,2026-09-17T00:49:00Z,2026-09-17T00:49:00Z,true
severn-trent:SVT02369:1786569000000,severn-trent:SVT02369,severn-trent,2026-08-12T21:10:00Z,2026-08-12T21:20:00Z,10,hub,2026-09-17T00:49:00Z,2026-09-17T00:49:00Z,true
severn-trent:SVT02377:1788127763000,severn-trent:SVT02377,severn-trent,2026-08-30T22:09:23Z,2026-08-30T22:12:37Z,3,hub,2026-09-17T00:49:00Z,2026-09-17T00:49:00Z,true
severn-trent:SVT02378:1788127872000,severn-trent:SVT02378,severn-trent,2026-08-30T22:11:12Z,2026-08-30T22:14:23Z,3,hub,2026-09-17T00:49:00Z,2026-09-17T00:49:00Z,true
severn-trent:SVT02383:1787813950000,severn-trent:SVT02383,severn-trent,2026-08-27T06:59:10Z,2026-08-27T07:12:38Z,13,hub,2026-09-17T00:49:00Z,2026-09-17T00:49:00Z,true
severn-trent:SVT02389:1788126263000,severn-trent:SVT02389,severn-trent,2026-08-30T21:44:23Z,2026-08-30T21:53:38Z,9,hub,2026-09-17T00:49:00Z,2026-09-17T00:49:00Z,true
severn-trent:SVT02396:1787946444000,severn-trent:SVT02396,severn-trent,2026-08-28T19:47:24Z,2026-08-28T21:03:48Z,76,hub,2026-09-17T00:49:00Z,2026-09-17T00:49:00Z,true
severn-trent:SVT02397:1787822210000,severn-trent:SVT02397,severn-trent,2026-08-27T09:16:50Z,2026-08-27T13:25:35Z,249,hub,2026-09-17T00:49:00Z,2026-09-17T00:49:00Z,true
severn-trent:SVT02398:1787822682000,severn-trent:SVT02398,severn-trent,2026-08-27T09:24:42Z,2026-08-27T13:02:19Z,218,hub,2026-09-17T00:49:00Z,2026-09-17T00:49:00Z,true
severn-trent:SVT02399:1787947386000,severn-trent:SVT02399,severn-trent,2026-08-28T20:03:06Z,2026-08-28T20:32:53Z,30,hub,2026-09-17T00:49:00Z,2026-09-17T00:49:00Z,true
severn-trent:SVT02414:1788172913000,severn-trent:SVT02414,severn-trent,2026-08-31T10:41:53Z,2026-08-31T11:09:36Z,28,hub,2026-09-17T00:49:00Z,2026-09-17T00:49:00Z,true
severn-trent:SVT02416:1787859139000,severn-trent:SVT02416,severn-trent,2026-08-27T19:32:19Z,2026-08-27T19:42:30Z,10,hub,2026-09-17T00:49:00Z,2026-09-17T00:49:00Z,true
severn-trent:SVT02418:1788128621000,severn-trent:SVT02418,severn-trent,2026-08-30T22:23:41Z,2026-08-30T22:46:26Z,23,hub,2026-09-17T00:49:00Z,2026-09-17T00:49:00Z,true
severn-trent:SVT02420:1787818236000,severn-trent:SVT02420,severn-trent,2026-08-27T08:10:36Z,2026-08-27T09:20:00Z,69,hub,2026-09-17T00:49:00Z,2026-09-17T00:49:00Z,true
severn-trent:SVT02421:1788134474000,severn-trent:SVT02421,severn-trent,2026-08-31T00:01:14Z,2026-08-31T00:16:56Z,16,hub,2026-09-17T00:49:00Z,2026-09-17T00:49:00Z,true
severn-trent:SVT02423:1788111169000,severn-trent:SVT02423,severn-trent,2026-08-30T17:32:49Z,2026-08-30T17:43:52Z,11,hub,2026-09-17T00:49:00Z,2026-09-17T00:49:00Z,true
severn-trent:SVT02425:1787924893000,severn-trent:SVT02425,severn-trent,2026-08-28T13:48:13Z,2026-08-28T13:59:45Z,12,hub,2026-09-17T00:49:00Z,2026-09-17T00:49:00Z,true
severn-trent:SVT02427:1788110052000,severn-trent:SVT02427,severn-trent,2026-08-30T17:14:12Z,2026-08-30T17:16:16Z,2,hub,2026-09-17T00:49:00Z,2026-09-17T00:49:00Z,true
severn-trent:SVT02433:1787831901000,severn-trent:SVT02433,severn-trent,2026-08-27T11:58:21Z,2026-08-27T12:43:53Z,46,hub,2026-09-17T00:49:00Z,2026-09-17T00:49:00Z,true
severn-trent:SVT02435:1787817928000,severn-trent:SVT02435,severn-trent,2026-08-27T08:05:28Z,2026-08-27T08:10:23Z,5,hub,2026-09-17T00:49:00Z,2026-09-17T00:49:00Z,true
severn-trent:SVT02436:1787836493000,severn-trent:SVT02436,severn-trent,2026-08-27T13:14:53Z,2026-08-27T13:19:17Z,4,hub,2026-09-17T00:49:00Z,2026-09-17T00:49:00Z,true
severn-trent:SVT02437:1787824216000,severn-trent:SVT02437,severn-trent,2026-08-27T09:50:16Z,2026-08-27T13:02:30Z,192,hub,2026-09-17T00:49:00Z,2026-09-17T00:49:00Z,true
severn-trent:SVT02439:1787848255000,severn-trent:SVT02439,severn-trent,2026-08-27T16:30:55Z,2026-08-27T16:58:18Z,27,hub,2026-09-17T00:49:00Z,2026-09-17T00:49:00Z,true
severn-trent:SVT02440:1787924671000,severn-trent:SVT02440,severn-trent,2026-08-28T13:44:31Z,2026-08-28T14:55:16Z,71,hub,2026-09-17T00:49:00Z,2026-09-17T00:49:00Z,true
severn-trent:SVT02446:1788134100000,severn-trent:SVT02446,severn-trent,2026-08-30T23:55:00Z,2026-08-31T01:20:00Z,85,hub,2026-09-17T00:49:00Z,2026-09-17T00:49:00Z,true
severn-trent:SVT02447:1788133731000,severn-trent:SVT02447,severn-trent,2026-08-30T23:48:51Z,2026-08-31T01:05:31Z,77,hub,2026-09-17T00:49:00Z,2026-09-17T00:49:00Z,true
severn-trent:SVT02448:1787410280000,severn-trent:SVT02448,severn-trent,2026-08-22T14:51:20Z,2026-08-22T15:03:55Z,13,hub,2026-09-17T00:49:00Z,2026-09-17T00:49:00Z,true
severn-trent:SVT02451:1787824047000,severn-trent:SVT02451,severn-trent,2026-08-27T09:47:27Z,2026-08-27T10:44:26Z,57,hub,2026-09-17T00:49:00Z,2026-09-17T00:49:00Z,true
severn-trent:SVT02452:1788133586000,severn-trent:SVT02452,severn-trent,2026-08-30T23:46:26Z,2026-08-31T00:23:50Z,37,hub,2026-09-17T00:49:00Z,2026-09-17T00:49:00Z,true
severn-trent:SVT02455:1787856653000,severn-trent:SVT02455,severn-trent,2026-08-27T18:50:53Z,2026-08-27T19:11:06Z,20,hub,2026-09-17T00:49:00Z,2026-09-17T00:49:00Z,true
severn-trent:SVT02470:1787857662000,severn-trent:SVT02470,severn-trent,2026-08-27T19:07:42Z,2026-08-27T19:10:57Z,3,hub,2026-09-17T00:49:00Z,2026-09-17T00:49:00Z,true
severn-trent:SVT02472:1788166300000,severn-trent:SVT02472,severn-trent,2026-08-31T08:51:40Z,2026-08-31T08:52:00Z,0,hub,2026-09-17T00:49:00Z,2026-09-17T00:49:00Z,true
severn-trent:SVT02473:1787814353000,severn-trent:SVT02473,severn-trent,2026-08-27T07:05:53Z,2026-08-27T07:13:34Z,8,hub,2026-09-17T00:49:00Z,2026-09-17T00:49:00Z,true
severn-trent:SVT02474:1788130341000,severn-trent:SVT02474,severn-trent,2026-08-30T22:52:21Z,2026-08-30T23:08:23Z,16,hub,2026-09-17T00:49:00Z,2026-09-17T00:49:00Z,true
severn-trent:SVT02475:1787810491000,severn-trent:SVT02475,severn-trent,2026-08-27T06:01:31Z,2026-08-27T06:15:00Z,13,hub,2026-09-17T00:49:00Z,2026-09-17T00:49:00Z,true
severn-trent:SVT02485:1788042757000,severn-trent:SVT02485,severn-trent,2026-08-29T22:32:37Z,2026-08-29T23:17:39Z,45,hub,2026-09-17T00:49:00Z,2026-09-17T00:49:00Z,true
severn-trent:SVT02490:1787821833000,severn-trent:SVT02490,severn-trent,2026-08-27T09:10:33Z,2026-08-27T09:58:14Z,48,hub,2026-09-17T00:49:00Z,2026-09-17T00:49:00Z,true
severn-trent:SVT02492:1788117084000,severn-trent:SVT02492,severn-trent,2026-08-30T19:11:24Z,2026-08-30T19:24:35Z,13,hub,2026-09-17T00:49:00Z,2026-09-17T00:49:00Z,true
severn-trent:SVT02500:1787863658000,severn-trent:SVT02500,severn-trent,2026-08-27T20:47:38Z,2026-08-27T21:18:18Z,31,hub,2026-09-17T00:49:00Z,2026-09-17T00:49:00Z,true
severn-trent:SVT02510:1787114590000,severn-trent:SVT02510,severn-trent,2026-08-19T04:43:10Z,2026-08-19T04:45:00Z,2,hub,2026-09-17T00:49:00Z,2026-09-17T00:49:00Z,true
severn-trent:SVT02512:1788123532000,severn-trent:SVT02512,severn-trent,2026-08-30T20:58:52Z,2026-08-30T21:13:50Z,15,hub,2026-09-17T00:49:00Z,2026-09-17T00:49:00Z,true
severn-trent:SVT02516:1787858889000,severn-trent:SVT02516,severn-trent,2026-08-27T19:28:09Z,2026-08-27T20:00:56Z,33,hub,2026-09-17T00:49:00Z,2026-09-17T00:49:00Z,true
severn-trent:SVT02517:1788168945000,severn-trent:SVT02517,severn-trent,2026-08-31T09:35:45Z,2026-08-31T09:53:24Z,18,hub,2026-09-17T00:49:00Z,2026-09-17T00:49:00Z,true
severn-trent:SVT02519:1788118154000,severn-trent:SVT02519,severn-trent,2026-08-30T19:29:14Z,2026-08-30T19:34:55Z,6,hub,2026-09-17T00:49:00Z,2026-09-17T00:49:00Z,true
severn-trent:SVT02520:1787856418000,severn-trent:SVT02520,severn-trent,2026-08-27T18:46:58Z,2026-08-27T20:09:50Z,83,hub,2026-09-17T00:49:00Z,2026-09-17T00:49:00Z,true
severn-trent:SVT02521:1787858990000,severn-trent:SVT02521,severn-trent,2026-08-27T19:29:50Z,2026-08-27T20:11:58Z,42,hub,2026-09-17T00:49:00Z,2026-09-17T00:49:00Z,true
severn-trent:SVT02527:1787825092000,severn-trent:SVT02527,severn-trent,2026-08-27T10:04:52Z,2026-08-27T10:34:53Z,30,hub,2026-09-17T00:49:00Z,2026-09-17T00:49:00Z,true
severn-trent:SVT02529:1788133284000,severn-trent:SVT02529,severn-trent,2026-08-30T23:41:24Z,2026-08-31T00:02:14Z,21,hub,2026-09-17T00:49:00Z,2026-09-17T00:49:00Z,true
severn-trent:SVT02530:1787867933000,severn-trent:SVT02530,severn-trent,2026-08-27T21:58:53Z,2026-08-27T22:30:52Z,32,hub,2026-09-17T00:49:00Z,2026-09-17T00:49:00Z,true
severn-trent:SVT02532:1787867700000,severn-trent:SVT02532,severn-trent,2026-08-27T21:55:00Z,2026-08-27T22:10:00Z,15,hub,2026-09-17T00:49:00Z,2026-09-17T00:49:00Z,true
severn-trent:SVT02548:1787923077000,severn-trent:SVT02548,severn-trent,2026-08-28T13:17:57Z,2026-08-28T13:24:08Z,6,hub,2026-09-17T00:49:00Z,2026-09-17T00:49:00Z,true
severn-trent:SVT02549:1787876789000,severn-trent:SVT02549,severn-trent,2026-08-28T00:26:29Z,2026-08-28T01:10:31Z,44,hub,2026-09-17T00:49:00Z,2026-09-17T00:49:00Z,true
severn-trent:SVT02552:1787857518000,severn-trent:SVT02552,severn-trent,2026-08-27T19:05:18Z,2026-08-27T20:28:42Z,83,hub,2026-09-17T00:49:00Z,2026-09-17T00:49:00Z,true
severn-trent:SVT02559:1787932300000,severn-trent:SVT02559,severn-trent,2026-08-28T15:51:40Z,2026-08-28T16:04:38Z,13,hub,2026-09-17T00:49:00Z,2026-09-17T00:49:00Z,true
severn-trent:SVT02562:1787861400000,severn-trent:SVT02562,severn-trent,2026-08-27T20:10:00Z,2026-08-27T22:17:31Z,128,hub,2026-09-17T00:49:00Z,2026-09-17T00:49:00Z,true
severn-trent:SVT02564:1787919549000,severn-trent:SVT02564,severn-trent,2026-08-28T12:19:09Z,2026-08-28T12:44:54Z,26,hub,2026-09-17T00:49:00Z,2026-09-17T00:49:00Z,true
severn-trent:SVT02568:1788118891000,severn-trent:SVT02568,severn-trent,2026-08-30T19:41:31Z,2026-08-30T19:44:58Z,3,hub,2026-09-17T00:49:00Z,2026-09-17T00:49:00Z,true
severn-trent:SVT02571:1787852763000,severn-trent:SVT02571,severn-trent,2026-08-27T17:46:03Z,2026-08-27T18:48:08Z,62,hub,2026-09-17T00:49:00Z,2026-09-17T00:49:00Z,true
severn-trent:SVT02573:1787343701000,severn-trent:SVT02573,severn-trent,2026-08-21T20:21:41Z,2026-08-21T20:50:33Z,29,hub,2026-09-17T00:49:00Z,2026-09-17T00:49:00Z,true
severn-trent:SVT02576:1787813748000,severn-trent:SVT02576,severn-trent,2026-08-27T06:55:48Z,2026-08-27T07:05:10Z,9,hub,2026-09-17T00:49:00Z,2026-09-17T00:49:00Z,true
severn-trent:SVT02582:1787773962000,severn-trent:SVT02582,severn-trent,2026-08-26T19:52:42Z,2026-08-26T19:56:34Z,4,hub,2026-09-17T00:49:00Z,2026-09-17T00:49:00Z,true
severn-trent:SVT02584:1787769680000,severn-trent:SVT02584,severn-trent,2026-08-26T18:41:20Z,2026-08-26T19:21:11Z,40,hub,2026-09-17T00:49:00Z,2026-09-17T00:49:00Z,true
severn-trent:SVT02589:1788169344000,severn-trent:SVT02589,severn-trent,2026-08-31T09:42:24Z,2026-08-31T09:44:22Z,2,hub,2026-09-17T00:49:00Z,2026-09-17T00:49:00Z,true
severn-trent:SVT02592:1787856294000,severn-trent:SVT02592,severn-trent,2026-08-27T18:44:54Z,2026-08-27T19:17:08Z,32,hub,2026-09-17T00:49:00Z,2026-09-17T00:49:00Z,true
severn-trent:SVT02596:1787857730000,severn-trent:SVT02596,severn-trent,2026-08-27T19:08:50Z,2026-08-27T20:01:03Z,52,hub,2026-09-17T00:49:00Z,2026-09-17T00:49:00Z,true
severn-trent:SVT02600:1787856363000,severn-trent:SVT02600,severn-trent,2026-08-27T18:46:03Z,2026-08-27T18:57:30Z,11,hub,2026-09-17T00:49:00Z,2026-09-17T00:49:00Z,true
severn-trent:SVT02606:1787858668000,severn-trent:SVT02606,severn-trent,2026-08-27T19:24:28Z,2026-08-27T19:53:40Z,29,hub,2026-09-17T00:49:00Z,2026-09-17T00:49:00Z,true
severn-trent:SVT02612:1787869249000,severn-trent:SVT02612,severn-trent,2026-08-27T22:20:49Z,2026-08-28T00:38:11Z,137,hub,2026-09-17T00:49:00Z,2026-09-17T00:49:00Z,true
severn-trent:SVT02614:1787863352000,severn-trent:SVT02614,severn-trent,2026-08-27T20:42:32Z,2026-08-27T21:09:48Z,27,hub,2026-09-17T00:49:00Z,2026-09-17T00:49:00Z,true
severn-trent:SVT02620:1787926014000,severn-trent:SVT02620,severn-trent,2026-08-28T14:06:54Z,2026-08-28T14:58:48Z,52,hub,2026-09-17T00:49:00Z,2026-09-17T00:49:00Z,true
severn-trent:SVT02622:1788108087000,severn-trent:SVT02622,severn-trent,2026-08-30T16:41:27Z,2026-08-30T17:33:34Z,52,hub,2026-09-17T00:49:00Z,2026-09-17T00:49:00Z,true
severn-trent:SVT02628:1788044581000,severn-trent:SVT02628,severn-trent,2026-08-29T23:03:01Z,2026-08-30T01:08:03Z,125,hub,2026-09-17T00:49:00Z,2026-09-17T00:49:00Z,true
severn-trent:SVT02636:1788130912000,severn-trent:SVT02636,severn-trent,2026-08-30T23:01:52Z,2026-08-31T03:35:42Z,274,hub,2026-09-17T00:49:00Z,2026-09-17T00:49:00Z,true
severn-trent:SVT02637:1788136645000,severn-trent:SVT02637,severn-trent,2026-08-31T00:37:25Z,2026-08-31T01:07:08Z,30,hub,2026-09-17T00:49:00Z,2026-09-17T00:49:00Z,true
severn-trent:SVT02638:1787851823000,severn-trent:SVT02638,severn-trent,2026-08-27T17:30:23Z,2026-08-27T17:39:09Z,9,hub,2026-09-17T00:49:00Z,2026-09-17T00:49:00Z,true
severn-trent:SVT02643:1788132827000,severn-trent:SVT02643,severn-trent,2026-08-30T23:33:47Z,2026-08-31T01:29:06Z,115,hub,2026-09-17T00:49:00Z,2026-09-17T00:49:00Z,true
severn-trent:SVT02644:1787948364000,severn-trent:SVT02644,severn-trent,2026-08-28T20:19:24Z,2026-08-28T20:57:00Z,38,hub,2026-09-17T00:49:00Z,2026-09-17T00:49:00Z,true
severn-trent:SVT02647:1788112407000,severn-trent:SVT02647,severn-trent,2026-08-30T17:53:27Z,2026-08-30T20:36:33Z,163,hub,2026-09-17T00:49:00Z,2026-09-17T00:49:00Z,true
severn-trent:SVT02648:1788118704000,severn-trent:SVT02648,severn-trent,2026-08-30T19:38:24Z,2026-08-30T21:10:42Z,92,hub,2026-09-17T00:49:00Z,2026-09-17T00:49:00Z,true
severn-trent:SVT02657:1788125012000,severn-trent:SVT02657,severn-trent,2026-08-30T21:23:32Z,2026-08-30T22:22:24Z,59,hub,2026-09-17T00:49:00Z,2026-09-17T00:49:00Z,true
severn-trent:SVT02673:1788040728000,severn-trent:SVT02673,severn-trent,2026-08-29T21:58:48Z,2026-08-29T22:35:00Z,36,hub,2026-09-17T00:49:00Z,2026-09-17T00:49:00Z,true
severn-trent:SVT02688:1787810169000,severn-trent:SVT02688,severn-trent,2026-08-27T05:56:09Z,2026-08-27T06:06:08Z,10,hub,2026-09-17T00:49:00Z,2026-09-17T00:49:00Z,true
severn-trent:SVT02689:1788136991000,severn-trent:SVT02689,severn-trent,2026-08-31T00:43:11Z,2026-08-31T01:01:41Z,19,hub,2026-09-17T00:49:00Z,2026-09-17T00:49:00Z,true
severn-trent:SVT02713:1787819010000,severn-trent:SVT02713,severn-trent,2026-08-27T08:23:30Z,2026-08-27T09:39:58Z,76,hub,2026-09-17T00:49:00Z,2026-09-17T00:49:00Z,true
severn-trent:SVT02726:1787826748000,severn-trent:SVT02726,severn-trent,2026-08-27T10:32:28Z,2026-08-27T13:43:38Z,191,hub,2026-09-17T00:49:00Z,2026-09-17T00:49:00Z,true
severn-trent:SVTZ005:1788109580000,severn-trent:SVTZ005,severn-trent,2026-08-30T17:06:20Z,2026-08-30T17:29:08Z,23,hub,2026-09-17T00:49:00Z,2026-09-17T00:49:00Z,true
south-west:SBB00004:1787977800200,south-west:SBB00004,south-west,2026-08-29T04:30:00Z,2026-08-29T04:46:10Z,16,hub,2026-09-17T00:49:00Z,2026-09-17T00:49:00Z,true
south-west:SBB00007:1787995890600,south-west:SBB00007,south-west,2026-08-29T09:31:30Z,2026-08-29T09:39:00Z,8,hub,2026-09-17T00:49:00Z,2026-09-17T00:49:00Z,true
south-west:SBB00011:1788120278000,south-west:SBB00011,south-west,2026-08-30T20:04:38Z,2026-08-30T20:10:44Z,6,hub,2026-09-17T00:49:00Z,2026-09-17T00:49:00Z,true
south-west:SBB00013:1787999990300,south-west:SBB00013,south-west,2026-08-29T10:39:50Z,2026-08-29T10:45:20Z,6,hub,2026-09-17T00:49:00Z,2026-09-17T00:49:00Z,true
south-west:SBB00018:1787996525200,south-west:SBB00018,south-west,2026-08-29T09:42:05Z,2026-08-29T10:00:05Z,18,hub,2026-09-17T00:49:00Z,2026-09-17T00:49:00Z,true
south-west:SBB00019:1787994915000,south-west:SBB00019,south-west,2026-08-29T09:15:15Z,2026-08-29T09:20:14Z,5,hub,2026-09-17T00:49:00Z,2026-09-17T00:49:00Z,true
south-west:SBB00021:1785921005170,south-west:SBB00021,south-west,2026-08-05T09:10:05Z,2026-08-05T09:12:05Z,2,hub,2026-09-17T00:49:00Z,2026-09-17T00:49:00Z,true
south-west:SBB00025:1788014045170,south-west:SBB00025,south-west,2026-08-29T14:34:05Z,2026-08-29T14:46:05Z,12,hub,2026-09-17T00:49:00Z,2026-09-17T00:49:00Z,true
south-west:SBB00027:1788092030200,south-west:SBB00027,south-west,2026-08-30T12:13:50Z,2026-08-30T12:35:20Z,22,hub,2026-09-17T00:49:00Z,2026-09-17T00:49:00Z,true
south-west:SBB00028:1787801974000,south-west:SBB00028,south-west,2026-08-27T03:39:34Z,2026-08-27T03:42:54Z,3,hub,2026-09-17T00:49:00Z,2026-09-17T00:49:00Z,true
south-west:SBB00029:1787977894000,south-west:SBB00029,south-west,2026-08-29T04:31:34Z,2026-08-29T04:42:54Z,11,hub,2026-09-17T00:49:00Z,2026-09-17T00:49:00Z,true
south-west:SBB00031:1787996765200,south-west:SBB00031,south-west,2026-08-29T09:46:05Z,2026-08-29T09:58:05Z,12,hub,2026-09-17T00:49:00Z,2026-09-17T00:49:00Z,true
south-west:SBB00033:1788119554000,south-west:SBB00033,south-west,2026-08-30T19:52:34Z,2026-08-30T19:56:24Z,4,hub,2026-09-17T00:49:00Z,2026-09-17T00:49:00Z,true
south-west:SBB00034:1788120221000,south-west:SBB00034,south-west,2026-08-30T20:03:41Z,2026-08-30T20:07:04Z,3,hub,2026-09-17T00:49:00Z,2026-09-17T00:49:00Z,true
south-west:SBB00035:1787994054000,south-west:SBB00035,south-west,2026-08-29T09:00:54Z,2026-08-29T09:04:14Z,3,hub,2026-09-17T00:49:00Z,2026-09-17T00:49:00Z,true
south-west:SBB00040:1787134621000,south-west:SBB00040,south-west,2026-08-19T10:17:01Z,2026-08-19T10:21:21Z,4,hub,2026-09-17T00:49:00Z,2026-09-17T00:49:00Z,true
south-west:SBB00056:1788124591000,south-west:SBB00056,south-west,2026-08-30T21:16:31Z,2026-08-30T21:32:50Z,16,hub,2026-09-17T00:49:00Z,2026-09-17T00:49:00Z,true
south-west:SBB00073:1788107623000,south-west:SBB00073,south-west,2026-08-30T16:33:43Z,2026-08-30T16:40:34Z,7,hub,2026-09-17T00:49:00Z,2026-09-17T00:49:00Z,true
south-west:SBB00076:1787993911000,south-west:SBB00076,south-west,2026-08-29T08:58:31Z,2026-08-29T09:32:41Z,34,hub,2026-09-17T00:49:00Z,2026-09-17T00:49:00Z,true
south-west:SBB00077:1787979814000,south-west:SBB00077,south-west,2026-08-29T05:03:34Z,2026-08-29T05:13:47Z,10,hub,2026-09-17T00:49:00Z,2026-09-17T00:49:00Z,true
south-west:SBB00080:1787804961000,south-west:SBB00080,south-west,2026-08-27T04:29:21Z,2026-08-27T04:52:01Z,23,hub,2026-09-17T00:49:00Z,2026-09-17T00:49:00Z,true
south-west:SBB00087:1788092141000,south-west:SBB00087,south-west,2026-08-30T12:15:41Z,2026-08-30T12:35:51Z,20,hub,2026-09-17T00:49:00Z,2026-09-17T00:49:00Z,true
south-west:SBB00097:1788120545000,south-west:SBB00097,south-west,2026-08-30T20:09:05Z,2026-08-30T20:16:54Z,8,hub,2026-09-17T00:49:00Z,2026-09-17T00:49:00Z,true
south-west:SBB00098:1788120904000,south-west:SBB00098,south-west,2026-08-30T20:15:04Z,2026-08-30T20:20:06Z,5,hub,2026-09-17T00:49:00Z,2026-09-17T00:49:00Z,true
south-west:SBB00104:1787995704000,south-west:SBB00104,south-west,2026-08-29T09:28:24Z,2026-08-29T09:33:54Z,6,hub,2026-09-17T00:49:00Z,2026-09-17T00:49:00Z,true
south-west:SBB00105:1788125820270,south-west:SBB00105,south-west,2026-08-30T21:37:00Z,2026-08-30T21:42:10Z,5,hub,2026-09-17T00:49:00Z,2026-09-17T00:49:00Z,true
south-west:SBB00107:1787977821000,south-west:SBB00107,south-west,2026-08-29T04:30:21Z,2026-08-29T05:02:21Z,32,hub,2026-09-17T00:49:00Z,2026-09-17T00:49:00Z,true
south-west:SBB00108:1788102422000,south-west:SBB00108,south-west,2026-08-30T15:07:02Z,2026-08-30T15:29:54Z,23,hub,2026-09-17T00:49:00Z,2026-09-17T00:49:00Z,true
south-west:SBB00109:1788125171000,south-west:SBB00109,south-west,2026-08-30T21:26:11Z,2026-08-30T21:39:21Z,13,hub,2026-09-17T00:49:00Z,2026-09-17T00:49:00Z,true
south-west:SBB00120:1788122660400,south-west:SBB00120,south-west,2026-08-30T20:44:20Z,2026-08-30T20:50:00Z,6,hub,2026-09-17T00:49:00Z,2026-09-17T00:49:00Z,true
south-west:SBB00121:1788093125200,south-west:SBB00121,south-west,2026-08-30T12:32:05Z,2026-08-30T12:40:05Z,8,hub,2026-09-17T00:49:00Z,2026-09-17T00:49:00Z,true
south-west:SBB00122:1788102181000,south-west:SBB00122,south-west,2026-08-30T15:03:01Z,2026-08-30T15:08:11Z,5,hub,2026-09-17T00:49:00Z,2026-09-17T00:49:00Z,true
south-west:SBB00124:1788098441000,south-west:SBB00124,south-west,2026-08-30T14:00:41Z,2026-08-30T14:18:31Z,18,hub,2026-09-17T00:49:00Z,2026-09-17T00:49:00Z,true
south-west:SBB00128:1787828560400,south-west:SBB00128,south-west,2026-08-27T11:02:40Z,2026-08-27T11:12:20Z,10,hub,2026-09-17T00:49:00Z,2026-09-17T00:49:00Z,true
south-west:SBB00130:1787997890200,south-west:SBB00130,south-west,2026-08-29T10:04:50Z,2026-08-29T10:15:20Z,11,hub,2026-09-17T00:49:00Z,2026-09-17T00:49:00Z,true
south-west:SBB00132:1785969710100,south-west:SBB00132,south-west,2026-08-05T22:41:50Z,2026-08-05T23:09:00Z,27,hub,2026-09-17T00:49:00Z,2026-09-17T00:49:00Z,true
south-west:SBB00135:1787794085260,south-west:SBB00135,south-west,2026-08-27T01:28:05Z,2026-08-27T01:36:05Z,8,hub,2026-09-17T00:49:00Z,2026-09-17T00:49:00Z,true
south-west:SBB00148:1787997350000,south-west:SBB00148,south-west,2026-08-29T09:55:50Z,2026-08-29T10:14:31Z,19,hub,2026-09-17T00:49:00Z,2026-09-17T00:49:00Z,true
south-west:SBB00150:1787805725200,south-west:SBB00150,south-west,2026-08-27T04:42:05Z,2026-08-27T05:24:05Z,42,hub,2026-09-17T00:49:00Z,2026-09-17T00:49:00Z,true
south-west:SBB00152:1788122711000,south-west:SBB00152,south-west,2026-08-30T20:45:11Z,2026-08-30T20:52:01Z,7,hub,2026-09-17T00:49:00Z,2026-09-17T00:49:00Z,true
south-west:SBB00153:1788107734000,south-west:SBB00153,south-west,2026-08-30T16:35:34Z,2026-08-30T16:40:29Z,5,hub,2026-09-17T00:49:00Z,2026-09-17T00:49:00Z,true
south-west:SBB00156:1788122963000,south-west:SBB00156,south-west,2026-08-30T20:49:23Z,2026-08-30T21:11:32Z,22,hub,2026-09-17T00:49:00Z,2026-09-17T00:49:00Z,true
south-west:SBB00157:1787804931000,south-west:SBB00157,south-west,2026-08-27T04:28:51Z,2026-08-27T04:34:31Z,6,hub,2026-09-17T00:49:00Z,2026-09-17T00:49:00Z,true
south-west:SBB00159:1787830462000,south-west:SBB00159,south-west,2026-08-27T11:34:22Z,2026-08-27T11:37:41Z,3,hub,2026-09-17T00:49:00Z,2026-09-17T00:49:00Z,true
south-west:SBB00163:1787995431000,south-west:SBB00163,south-west,2026-08-29T09:23:51Z,2026-08-29T09:59:11Z,35,hub,2026-09-17T00:49:00Z,2026-09-17T00:49:00Z,true
south-west:SBB00167:1787992060300,south-west:SBB00167,south-west,2026-08-29T08:27:40Z,2026-08-29T08:36:30Z,9,hub,2026-09-17T00:49:00Z,2026-09-17T00:49:00Z,true
south-west:SBB00168:1788003150400,south-west:SBB00168,south-west,2026-08-29T11:32:30Z,2026-08-29T12:40:10Z,68,hub,2026-09-17T00:49:00Z,2026-09-17T00:49:00Z,true
south-west:SBB00170:1788121741000,south-west:SBB00170,south-west,2026-08-30T20:29:01Z,2026-08-30T20:42:41Z,14,hub,2026-09-17T00:49:00Z,2026-09-17T00:49:00Z,true
south-west:SBB00173:1787804790200,south-west:SBB00173,south-west,2026-08-27T04:26:30Z,2026-08-27T05:10:10Z,44,hub,2026-09-17T00:49:00Z,2026-09-17T00:49:00Z,true
south-west:SBB00174:1788116480200,south-west:SBB00174,south-west,2026-08-30T19:01:20Z,2026-08-30T19:04:10Z,3,hub,2026-09-17T00:49:00Z,2026-09-17T00:49:00Z,true
south-west:SBB00180:1788160681000,south-west:SBB00180,south-west,2026-08-31T07:18:01Z,2026-08-31T14:56:31Z,459,hub,2026-09-17T00:49:00Z,2026-09-17T00:49:00Z,true
south-west:SBB00181:1788104711000,south-west:SBB00181,south-west,2026-08-30T15:45:11Z,2026-08-30T16:20:01Z,35,hub,2026-09-17T00:49:00Z,2026-09-17T00:49:00Z,true
south-west:SBB00188:1787994485170,south-west:SBB00188,south-west,2026-08-29T09:08:05Z,2026-08-29T09:10:05Z,2,hub,2026-09-17T00:49:00Z,2026-09-17T00:49:00Z,true
south-west:SBB00190:1787228885200,south-west:SBB00190,south-west,2026-08-20T12:28:05Z,2026-08-20T12:30:05Z,2,hub,2026-09-17T00:49:00Z,2026-09-17T00:49:00Z,true
south-west:SBB00192:1787995140000,south-west:SBB00192,south-west,2026-08-29T09:19:00Z,2026-08-29T09:23:32Z,5,hub,2026-09-17T00:49:00Z,2026-09-17T00:49:00Z,true
south-west:SBB00193:1788118850200,south-west:SBB00193,south-west,2026-08-30T19:40:50Z,2026-08-30T19:45:20Z,5,hub,2026-09-17T00:49:00Z,2026-09-17T00:49:00Z,true
south-west:SBB00201:1787784845170,south-west:SBB00201,south-west,2026-08-26T22:54:05Z,2026-08-26T23:10:05Z,16,hub,2026-09-17T00:49:00Z,2026-09-17T00:49:00Z,true
south-west:SBB00202:1786521538000,south-west:SBB00202,south-west,2026-08-12T07:58:58Z,2026-08-12T08:03:05Z,4,hub,2026-09-17T00:49:00Z,2026-09-17T00:49:00Z,true
south-west:SBB00208:1787785020200,south-west:SBB00208,south-west,2026-08-26T22:57:00Z,2026-08-26T23:16:46Z,20,hub,2026-09-17T00:49:00Z,2026-09-17T00:49:00Z,true
south-west:SBB00210:1788116421000,south-west:SBB00210,south-west,2026-08-30T19:00:21Z,2026-08-30T19:06:01Z,6,hub,2026-09-17T00:49:00Z,2026-09-17T00:49:00Z,true
south-west:SBB00214:1787808711000,south-west:SBB00214,south-west,2026-08-27T05:31:51Z,2026-08-27T06:34:21Z,63,hub,2026-09-17T00:49:00Z,2026-09-17T00:49:00Z,true
south-west:SBB00217:1788109120100,south-west:SBB00217,south-west,2026-08-30T16:58:40Z,2026-08-30T17:02:00Z,3,hub,2026-09-17T00:49:00Z,2026-09-17T00:49:00Z,true
south-west:SBB00218:1788123188000,south-west:SBB00218,south-west,2026-08-30T20:53:08Z,2026-08-30T21:04:24Z,11,hub,2026-09-17T00:49:00Z,2026-09-17T00:49:00Z,true
south-west:SBB00219:1787977604000,south-west:SBB00219,south-west,2026-08-29T04:26:44Z,2026-08-29T04:42:50Z,16,hub,2026-09-17T00:49:00Z,2026-09-17T00:49:00Z,true
south-west:SBB00221:1787802080300,south-west:SBB00221,south-west,2026-08-27T03:41:20Z,2026-08-27T03:47:01Z,6,hub,2026-09-17T00:49:00Z,2026-09-17T00:49:00Z,true
south-west:SBB00224:1788123960300,south-west:SBB00224,south-west,2026-08-30T21:06:00Z,2026-08-30T21:54:10Z,48,hub,2026-09-17T00:49:00Z,2026-09-17T00:49:00Z,true
south-west:SBB00225:1788106085170,south-west:SBB00225,south-west,2026-08-30T16:08:05Z,2026-08-30T16:10:05Z,2,hub,2026-09-17T00:49:00Z,2026-09-17T00:49:00Z,true
south-west:SBB00226:1787805245200,south-west:SBB00226,south-west,2026-08-27T04:34:05Z,2026-08-27T04:36:05Z,2,hub,2026-09-17T00:49:00Z,2026-09-17T00:49:00Z,true
south-west:SBB00231:1788000150200,south-west:SBB00231,south-west,2026-08-29T10:42:30Z,2026-08-29T10:47:50Z,5,hub,2026-09-17T00:49:00Z,2026-09-17T00:49:00Z,true
south-west:SBB00232:1788097260200,south-west:SBB00232,south-west,2026-08-30T13:41:00Z,2026-08-30T13:50:00Z,9,hub,2026-09-17T00:49:00Z,2026-09-17T00:49:00Z,true
south-west:SBB00234:1787977731000,south-west:SBB00234,south-west,2026-08-29T04:28:51Z,2026-08-29T04:31:51Z,3,hub,2026-09-17T00:49:00Z,2026-09-17T00:49:00Z,true
south-west:SBB00235:1787987525200,south-west:SBB00235,south-west,2026-08-29T07:12:05Z,2026-08-29T07:16:05Z,4,hub,2026-09-17T00:49:00Z,2026-09-17T00:49:00Z,true
south-west:SBB00242:1788107107000,south-west:SBB00242,south-west,2026-08-30T16:25:07Z,2026-08-31T05:56:14Z,811,hub,2026-09-17T00:49:00Z,2026-09-17T00:49:00Z,true
south-west:SBB00243:1787920080170,south-west:SBB00243,south-west,2026-08-28T12:28:00Z,2026-08-28T12:38:00Z,10,hub,2026-09-17T00:49:00Z,2026-09-17T00:49:00Z,true
south-west:SBB00246:1787805125170,south-west:SBB00246,south-west,2026-08-27T04:32:05Z,2026-08-27T04:36:05Z,4,hub,2026-09-17T00:49:00Z,2026-09-17T00:49:00Z,true
south-west:SBB00247:1788102005170,south-west:SBB00247,south-west,2026-08-30T15:00:05Z,2026-08-30T15:12:05Z,12,hub,2026-09-17T00:49:00Z,2026-09-17T00:49:00Z,true
south-west:SBB00248:1788108600500,south-west:SBB00248,south-west,2026-08-30T16:50:00Z,2026-08-31T03:22:50Z,633,hub,2026-09-17T00:49:00Z,2026-09-17T00:49:00Z,true
south-west:SBB00249:1788124650400,south-west:SBB00249,south-west,2026-08-30T21:17:30Z,2026-08-30T21:22:30Z,5,hub,2026-09-17T00:49:00Z,2026-09-17T00:49:00Z,true
south-west:SBB00250:1788124750200,south-west:SBB00250,south-west,2026-08-30T21:19:10Z,2026-08-30T21:47:30Z,28,hub,2026-09-17T00:49:00Z,2026-09-17T00:49:00Z,true
south-west:SBB00259:1787735869100,south-west:SBB00259,south-west,2026-08-26T09:17:49Z,2026-08-26T09:19:12Z,1,hub,2026-09-17T00:49:00Z,2026-09-17T00:49:00Z,true
south-west:SBB00261:1788123828000,south-west:SBB00261,south-west,2026-08-30T21:03:48Z,2026-08-30T21:06:04Z,2,hub,2026-09-17T00:49:00Z,2026-09-17T00:49:00Z,true
south-west:SBB00264:1787994965200,south-west:SBB00264,south-west,2026-08-29T09:16:05Z,2026-08-29T09:26:05Z,10,hub,2026-09-17T00:49:00Z,2026-09-17T00:49:00Z,true
south-west:SBB00266:1787732991100,south-west:SBB00266,south-west,2026-08-26T08:29:51Z,2026-08-26T08:31:22Z,2,hub,2026-09-17T00:49:00Z,2026-09-17T00:49:00Z,true
south-west:SBB00267:1787977565170,south-west:SBB00267,south-west,2026-08-29T04:26:05Z,2026-08-29T04:34:05Z,8,hub,2026-09-17T00:49:00Z,2026-09-17T00:49:00Z,true
south-west:SBB00271:1787854581000,south-west:SBB00271,south-west,2026-08-27T18:16:21Z,2026-08-27T18:27:30Z,11,hub,2026-09-17T00:49:00Z,2026-09-17T00:49:00Z,true
south-west:SBB00273:1787665180000,south-west:SBB00273,south-west,2026-08-25T13:39:40Z,2026-08-25T13:47:31Z,8,hub,2026-09-17T00:49:00Z,2026-09-17T00:49:00Z,true
south-west:SBB00275:1787814438000,south-west:SBB00275,south-west,2026-08-27T07:07:18Z,2026-08-27T07:11:18Z,4,hub,2026-09-17T00:49:00Z,2026-09-17T00:49:00Z,true
south-west:SBB00281:1787329301000,south-west:SBB00281,south-west,2026-08-21T16:21:41Z,2026-08-21T16:23:30Z,2,hub,2026-09-17T00:49:00Z,2026-09-17T00:49:00Z,true
south-west:SBB00285:1785977859000,south-west:SBB00285,south-west,2026-08-06T00:57:39Z,2026-08-06T01:23:51Z,26,hub,2026-09-17T00:49:00Z,2026-09-17T00:49:00Z,true
south-west:SBB00288:1787999885170,south-west:SBB00288,south-west,2026-08-29T10:38:05Z,2026-08-29T10:40:05Z,2,hub,2026-09-17T00:49:00Z,2026-09-17T00:49:00Z,true
south-west:SBB00293:1786964640200,south-west:SBB00293,south-west,2026-08-17T11:04:00Z,2026-08-17T12:51:40Z,108,hub,2026-09-17T00:49:00Z,2026-09-17T00:49:00Z,true
south-west:SBB00296:1788037493000,south-west:SBB00296,south-west,2026-08-29T21:04:53Z,2026-08-30T01:42:56Z,278,hub,2026-09-17T00:49:00Z,2026-09-17T00:49:00Z,true
south-west:SBB00299:1788099731000,south-west:SBB00299,south-west,2026-08-30T14:22:11Z,2026-08-30T15:12:24Z,50,hub,2026-09-17T00:49:00Z,2026-09-17T00:49:00Z,true
south-west:SBB00302:1788089371000,south-west:SBB00302,south-west,2026-08-30T11:29:31Z,2026-08-30T11:46:26Z,17,hub,2026-09-17T00:49:00Z,2026-09-17T00:49:00Z,true
south-west:SBB00304:1788119134000,south-west:SBB00304,south-west,2026-08-30T19:45:34Z,2026-08-30T19:50:14Z,5,hub,2026-09-17T00:49:00Z,2026-09-17T00:49:00Z,true
south-west:SBB00305:1788104950000,south-west:SBB00305,south-west,2026-08-30T15:49:10Z,2026-08-30T16:16:55Z,28,hub,2026-09-17T00:49:00Z,2026-09-17T00:49:00Z,true
south-west:SBB00306:1788006213000,south-west:SBB00306,south-west,2026-08-29T12:23:33Z,2026-08-29T12:30:24Z,7,hub,2026-09-17T00:49:00Z,2026-09-17T00:49:00Z,true
south-west:SBB00308:1787805721000,south-west:SBB00308,south-west,2026-08-27T04:42:01Z,2026-08-27T05:30:21Z,48,hub,2026-09-17T00:49:00Z,2026-09-17T00:49:00Z,true
south-west:SBB00311:1788138341000,south-west:SBB00311,south-west,2026-08-31T01:05:41Z,2026-08-31T02:02:41Z,57,hub,2026-09-17T00:49:00Z,2026-09-17T00:49:00Z,true
south-west:SBB00313:1788105485200,south-west:SBB00313,south-west,2026-08-30T15:58:05Z,2026-08-30T16:00:05Z,2,hub,2026-09-17T00:49:00Z,2026-09-17T00:49:00Z,true
south-west:SBB00316:1788096541000,south-west:SBB00316,south-west,2026-08-30T13:29:01Z,2026-08-30T13:31:31Z,3,hub,2026-09-17T00:49:00Z,2026-09-17T00:49:00Z,true
south-west:SBB00317:1788092551000,south-west:SBB00317,south-west,2026-08-30T12:22:31Z,2026-08-30T14:06:21Z,104,hub,2026-09-17T00:49:00Z,2026-09-17T00:49:00Z,true
south-west:SBB00318:1787158893000,south-west:SBB00318,south-west,2026-08-19T17:01:33Z,2026-08-19T17:03:54Z,2,hub,2026-09-17T00:49:00Z,2026-09-17T00:49:00Z,true
south-west:SBB00319:1788107813000,south-west:SBB00319,south-west,2026-08-30T16:36:53Z,2026-08-30T16:43:24Z,7,hub,2026-09-17T00:49:00Z,2026-09-17T00:49:00Z,true
south-west:SBB00324:1787809730200,south-west:SBB00324,south-west,2026-08-27T05:48:50Z,2026-08-27T06:07:30Z,19,hub,2026-09-17T00:49:00Z,2026-09-17T00:49:00Z,true
south-west:SBB00326:1788102874000,south-west:SBB00326,south-west,2026-08-30T15:14:34Z,2026-08-30T16:28:31Z,74,hub,2026-09-17T00:49:00Z,2026-09-17T00:49:00Z,true
south-west:SBB00327:1788004146000,south-west:SBB00327,south-west,2026-08-29T11:49:06Z,2026-08-29T11:50:17Z,1,hub,2026-09-17T00:49:00Z,2026-09-17T00:49:00Z,true
south-west:SBB00342:1786524791000,south-west:SBB00342,south-west,2026-08-12T08:53:11Z,2026-08-12T08:55:41Z,3,hub,2026-09-17T00:49:00Z,2026-09-17T00:49:00Z,true
south-west:SBB00347:1787977903000,south-west:SBB00347,south-west,2026-08-29T04:31:43Z,2026-08-29T05:00:44Z,29,hub,2026-09-17T00:49:00Z,2026-09-17T00:49:00Z,true
south-west:SBB00348:1787985958000,south-west:SBB00348,south-west,2026-08-29T06:45:58Z,2026-08-29T06:46:59Z,1,hub,2026-09-17T00:49:00Z,2026-09-17T00:49:00Z,true
south-west:SBB00372:1788123005170,south-west:SBB00372,south-west,2026-08-30T20:50:05Z,2026-08-30T20:54:05Z,4,hub,2026-09-17T00:49:00Z,2026-09-17T00:49:00Z,true
south-west:SBB00377:1785838941000,south-west:SBB00377,south-west,2026-08-04T10:22:21Z,2026-08-04T10:25:01Z,3,hub,2026-09-17T00:49:00Z,2026-09-17T00:49:00Z,true
south-west:SBB00379:1788001240300,south-west:SBB00379,south-west,2026-08-29T11:00:40Z,2026-08-29T11:29:30Z,29,hub,2026-09-17T00:49:00Z,2026-09-17T00:49:00Z,true
south-west:SBB00389:1788122693000,south-west:SBB00389,south-west,2026-08-30T20:44:53Z,2026-08-30T20:48:47Z,4,hub,2026-09-17T00:49:00Z,2026-09-17T00:49:00Z,true
south-west:SBB00393:1787801249000,south-west:SBB00393,south-west,2026-08-27T03:27:29Z,2026-08-27T03:28:40Z,1,hub,2026-09-17T00:49:00Z,2026-09-17T00:49:00Z,true
south-west:SBB00396:1788125110100,south-west:SBB00396,south-west,2026-08-30T21:25:10Z,2026-08-30T21:37:10Z,12,hub,2026-09-17T00:49:00Z,2026-09-17T00:49:00Z,true
south-west:SBB00397:1788002491000,south-west:SBB00397,south-west,2026-08-29T11:21:31Z,2026-08-29T11:36:21Z,15,hub,2026-09-17T00:49:00Z,2026-09-17T00:49:00Z,true
south-west:SBB00398:1788118537000,south-west:SBB00398,south-west,2026-08-30T19:35:37Z,2026-08-30T19:53:46Z,18,hub,2026-09-17T00:49:00Z,2026-09-17T00:49:00Z,true
south-west:SBB00400:1788120491000,south-west:SBB00400,south-west,2026-08-30T20:08:11Z,2026-08-30T23:04:21Z,176,hub,2026-09-17T00:49:00Z,2026-09-17T00:49:00Z,true
south-west:SBB00403:1787980015000,south-west:SBB00403,south-west,2026-08-29T05:06:55Z,2026-08-29T05:32:22Z,25,hub,2026-09-17T00:49:00Z,2026-09-17T00:49:00Z,true
south-west:SBB00405:1787113230200,south-west:SBB00405,south-west,2026-08-19T04:20:30Z,2026-08-19T04:22:00Z,2,hub,2026-09-17T00:49:00Z,2026-09-17T00:49:00Z,true
south-west:SBB00410:1787978698000,south-west:SBB00410,south-west,2026-08-29T04:44:58Z,2026-08-29T05:13:55Z,29,hub,2026-09-17T00:49:00Z,2026-09-17T00:49:00Z,true
south-west:SBB00429:1788124694000,south-west:SBB00429,south-west,2026-08-30T21:18:14Z,2026-08-30T21:21:54Z,4,hub,2026-09-17T00:49:00Z,2026-09-17T00:49:00Z,true
south-west:SBB00430:1787334071000,south-west:SBB00430,south-west,2026-08-21T17:41:11Z,2026-08-21T18:37:01Z,56,hub,2026-09-17T00:49:00Z,2026-09-17T00:49:00Z,true
south-west:SBB00436:1785921247000,south-west:SBB00436,south-west,2026-08-05T09:14:07Z,2026-08-05T09:15:00Z,1,hub,2026-09-17T00:49:00Z,2026-09-17T00:49:00Z,true
south-west:SBB00437:1787646430100,south-west:SBB00437,south-west,2026-08-25T08:27:10Z,2026-08-25T08:28:30Z,1,hub,2026-09-17T00:49:00Z,2026-09-17T00:49:00Z,true
south-west:SBB00442:1787977610200,south-west:SBB00442,south-west,2026-08-29T04:26:50Z,2026-08-29T04:56:20Z,30,hub,2026-09-17T00:49:00Z,2026-09-17T00:49:00Z,true
south-west:SBB00446:1788124561000,south-west:SBB00446,south-west,2026-08-30T21:16:01Z,2026-08-30T21:22:11Z,6,hub,2026-09-17T00:49:00Z,2026-09-17T00:49:00Z,true
south-west:SBB00448:1788122525200,south-west:SBB00448,south-west,2026-08-30T20:42:05Z,2026-08-30T20:48:05Z,6,hub,2026-09-17T00:49:00Z,2026-09-17T00:49:00Z,true
south-west:SBB00451:1787313400300,south-west:SBB00451,south-west,2026-08-21T11:56:40Z,2026-08-21T12:02:20Z,6,hub,2026-09-17T00:49:00Z,2026-09-17T00:49:00Z,true
south-west:SBB00455:1787994690200,south-west:SBB00455,south-west,2026-08-29T09:11:30Z,2026-08-29T09:19:00Z,7,hub,2026-09-17T00:49:00Z,2026-09-17T00:49:00Z,true
south-west:SBB00457:1787981571000,south-west:SBB00457,south-west,2026-08-29T05:32:51Z,2026-08-29T05:35:11Z,2,hub,2026-09-17T00:49:00Z,2026-09-17T00:49:00Z,true
south-west:SBB00463:1787995390200,south-west:SBB00463,south-west,2026-08-29T09:23:10Z,2026-08-29T09:26:50Z,4,hub,2026-09-17T00:49:00Z,2026-09-17T00:49:00Z,true
south-west:SBB00467:1787993981000,south-west:SBB00467,south-west,2026-08-29T08:59:41Z,2026-08-29T09:06:51Z,7,hub,2026-09-17T00:49:00Z,2026-09-17T00:49:00Z,true
south-west:SBB00473:1788123845170,south-west:SBB00473,south-west,2026-08-30T21:04:05Z,2026-08-30T21:14:05Z,10,hub,2026-09-17T00:49:00Z,2026-09-17T00:49:00Z,true
south-west:SBB00474:1788121085200,south-west:SBB00474,south-west,2026-08-30T20:18:05Z,2026-08-30T20:28:05Z,10,hub,2026-09-17T00:49:00Z,2026-09-17T00:49:00Z,true
south-west:SBB00486:1787996252000,south-west:SBB00486,south-west,2026-08-29T09:37:32Z,2026-08-29T09:45:48Z,8,hub,2026-09-17T00:49:00Z,2026-09-17T00:49:00Z,true
south-west:SBB00489:1788125080100,south-west:SBB00489,south-west,2026-08-30T21:24:40Z,2026-08-30T21:45:10Z,21,hub,2026-09-17T00:49:00Z,2026-09-17T00:49:00Z,true
south-west:SBB00491:1786607270200,south-west:SBB00491,south-west,2026-08-13T07:47:50Z,2026-08-14T08:36:40Z,1489,hub,2026-09-17T00:49:00Z,2026-09-17T00:49:00Z,true
south-west:SBB00492:1786175900000,south-west:SBB00492,south-west,2026-08-08T07:58:20Z,2026-08-08T07:58:30Z,0,hub,2026-09-17T00:49:00Z,2026-09-17T00:49:00Z,true
south-west:SBB00493:1787996441000,south-west:SBB00493,south-west,2026-08-29T09:40:41Z,2026-08-29T10:07:01Z,26,hub,2026-09-17T00:49:00Z,2026-09-17T00:49:00Z,true
south-west:SBB00496:1788107664000,south-west:SBB00496,south-west,2026-08-30T16:34:24Z,2026-08-30T16:42:14Z,8,hub,2026-09-17T00:49:00Z,2026-09-17T00:49:00Z,true
south-west:SBB00498:1787245241000,south-west:SBB00498,south-west,2026-08-20T17:00:41Z,2026-08-20T17:10:11Z,10,hub,2026-09-17T00:49:00Z,2026-09-17T00:49:00Z,true
south-west:SBB00502:1788096978000,south-west:SBB00502,south-west,2026-08-30T13:36:18Z,2026-08-30T14:07:48Z,32,hub,2026-09-17T00:49:00Z,2026-09-17T00:49:00Z,true
south-west:SBB00505:1788125470200,south-west:SBB00505,south-west,2026-08-30T21:31:10Z,2026-08-30T21:35:40Z,5,hub,2026-09-17T00:49:00Z,2026-09-17T00:49:00Z,true
south-west:SBB00506:1787993541200,south-west:SBB00506,south-west,2026-08-29T08:52:21Z,2026-08-29T08:55:31Z,3,hub,2026-09-17T00:49:00Z,2026-09-17T00:49:00Z,true
south-west:SBB00507:1788092040200,south-west:SBB00507,south-west,2026-08-30T12:14:00Z,2026-08-30T12:21:30Z,8,hub,2026-09-17T00:49:00Z,2026-09-17T00:49:00Z,true
south-west:SBB00513:1788081971000,south-west:SBB00513,south-west,2026-08-30T09:26:11Z,2026-08-30T09:46:51Z,21,hub,2026-09-17T00:49:00Z,2026-09-17T00:49:00Z,true
south-west:SBB00521:1788101870100,south-west:SBB00521,south-west,2026-08-30T14:57:50Z,2026-08-30T15:23:00Z,25,hub,2026-09-17T00:49:00Z,2026-09-17T00:49:00Z,true
south-west:SBB00522:1788102203000,south-west:SBB00522,south-west,2026-08-30T15:03:23Z,2026-08-30T15:44:32Z,41,hub,2026-09-17T00:49:00Z,2026-09-17T00:49:00Z,true
south-west:SBB00527:1788117245170,south-west:SBB00527,south-west,2026-08-30T19:14:05Z,2026-08-30T19:18:05Z,4,hub,2026-09-17T00:49:00Z,2026-09-17T00:49:00Z,true
south-west:SBB00534:1788100452000,south-west:SBB00534,south-west,2026-08-30T14:34:12Z,2026-08-30T15:24:46Z,51,hub,2026-09-17T00:49:00Z,2026-09-17T00:49:00Z,true
south-west:SBB00536:1786361821000,south-west:SBB00536,south-west,2026-08-10T11:37:01Z,2026-08-10T11:38:31Z,2,hub,2026-09-17T00:49:00Z,2026-09-17T00:49:00Z,true
south-west:SBB00541:1787803445170,south-west:SBB00541,south-west,2026-08-27T04:04:05Z,2026-08-27T04:20:05Z,16,hub,2026-09-17T00:49:00Z,2026-09-17T00:49:00Z,true
south-west:SBB00546:1788127890900,south-west:SBB00546,south-west,2026-08-30T22:11:30Z,2026-08-31T01:10:30Z,179,hub,2026-09-17T00:49:00Z,2026-09-17T00:49:00Z,true
south-west:SBB00549:1788104525170,south-west:SBB00549,south-west,2026-08-30T15:42:05Z,2026-08-30T16:00:05Z,18,hub,2026-09-17T00:49:00Z,2026-09-17T00:49:00Z,true
south-west:SBB00550:1788120605200,south-west:SBB00550,south-west,2026-08-30T20:10:05Z,2026-08-30T20:18:05Z,8,hub,2026-09-17T00:49:00Z,2026-09-17T00:49:00Z,true
south-west:SBB00551:1787214725170,south-west:SBB00551,south-west,2026-08-20T08:32:05Z,2026-08-20T08:36:05Z,4,hub,2026-09-17T00:49:00Z,2026-09-17T00:49:00Z,true
south-west:SBB00556:1787801794000,south-west:SBB00556,south-west,2026-08-27T03:36:34Z,2026-08-27T03:40:44Z,4,hub,2026-09-17T00:49:00Z,2026-09-17T00:49:00Z,true
south-west:SBB00558:1788119765170,south-west:SBB00558,south-west,2026-08-30T19:56:05Z,2026-08-30T19:58:05Z,2,hub,2026-09-17T00:49:00Z,2026-09-17T00:49:00Z,true
south-west:SBB00563:1788193659000,south-west:SBB00563,south-west,2026-08-31T16:27:39Z,2026-08-31T16:29:42Z,2,hub,2026-09-17T00:49:00Z,2026-09-17T00:49:00Z,true
south-west:SBB00564:1787666551000,south-west:SBB00564,south-west,2026-08-25T14:02:31Z,2026-08-25T14:04:11Z,2,hub,2026-09-17T00:49:00Z,2026-09-17T00:49:00Z,true
south-west:SBB00565:1788125239000,south-west:SBB00565,south-west,2026-08-30T21:27:19Z,2026-08-30T21:36:47Z,9,hub,2026-09-17T00:49:00Z,2026-09-17T00:49:00Z,true
south-west:SBB00566:1787980030300,south-west:SBB00566,south-west,2026-08-29T05:07:10Z,2026-08-29T05:10:40Z,4,hub,2026-09-17T00:49:00Z,2026-09-17T00:49:00Z,true
south-west:SBB00575:1787805531000,south-west:SBB00575,south-west,2026-08-27T04:38:51Z,2026-08-27T04:40:21Z,2,hub,2026-09-17T00:49:00Z,2026-09-17T00:49:00Z,true
south-west:SBB00576:1787804981000,south-west:SBB00576,south-west,2026-08-27T04:29:41Z,2026-08-27T04:47:01Z,17,hub,2026-09-17T00:49:00Z,2026-09-17T00:49:00Z,true
south-west:SBB00579:1788009974000,south-west:SBB00579,south-west,2026-08-29T13:26:14Z,2026-08-29T13:34:13Z,8,hub,2026-09-17T00:49:00Z,2026-09-17T00:49:00Z,true
south-west:SBB00580:1788000810200,south-west:SBB00580,south-west,2026-08-29T10:53:30Z,2026-08-29T11:02:00Z,8,hub,2026-09-17T00:49:00Z,2026-09-17T00:49:00Z,true
south-west:SBB00590:1787996214000,south-west:SBB00590,south-west,2026-08-29T09:36:54Z,2026-08-29T09:40:24Z,4,hub,2026-09-17T00:49:00Z,2026-09-17T00:49:00Z,true
south-west:SBB00594:1787977384000,south-west:SBB00594,south-west,2026-08-29T04:23:04Z,2026-08-29T04:34:04Z,11,hub,2026-09-17T00:49:00Z,2026-09-17T00:49:00Z,true
south-west:SBB00596:1787998141000,south-west:SBB00596,south-west,2026-08-29T10:09:01Z,2026-08-29T10:11:21Z,2,hub,2026-09-17T00:49:00Z,2026-09-17T00:49:00Z,true
south-west:SBB00605:1787979891000,south-west:SBB00605,south-west,2026-08-29T05:04:51Z,2026-08-29T06:55:01Z,110,hub,2026-09-17T00:49:00Z,2026-09-17T00:49:00Z,true
south-west:SBB00620:1787977588000,south-west:SBB00620,south-west,2026-08-29T04:26:28Z,2026-08-29T04:56:34Z,30,hub,2026-09-17T00:49:00Z,2026-09-17T00:49:00Z,true
south-west:SBB00621:1788125365200,south-west:SBB00621,south-west,2026-08-30T21:29:25Z,2026-08-30T21:38:55Z,10,hub,2026-09-17T00:49:00Z,2026-09-17T00:49:00Z,true
south-west:SBB00623:1788104440200,south-west:SBB00623,south-west,2026-08-30T15:40:40Z,2026-08-30T15:54:50Z,14,hub,2026-09-17T00:49:00Z,2026-09-17T00:49:00Z,true
south-west:SBB00627:1786635431000,south-west:SBB00627,south-west,2026-08-13T15:37:11Z,2026-08-13T15:41:21Z,4,hub,2026-09-17T00:49:00Z,2026-09-17T00:49:00Z,true
south-west:SBB00633:1788123005170,south-west:SBB00633,south-west,2026-08-30T20:50:05Z,2026-08-30T20:56:05Z,6,hub,2026-09-17T00:49:00Z,2026-09-17T00:49:00Z,true
south-west:SBB00635:1787785085170,south-west:SBB00635,south-west,2026-08-26T22:58:05Z,2026-08-26T23:10:05Z,12,hub,2026-09-17T00:49:00Z,2026-09-17T00:49:00Z,true
south-west:SBB00636:1787994060200,south-west:SBB00636,south-west,2026-08-29T09:01:00Z,2026-08-29T09:06:20Z,5,hub,2026-09-17T00:49:00Z,2026-09-17T00:49:00Z,true
south-west:SBB00638:1788119525200,south-west:SBB00638,south-west,2026-08-30T19:52:05Z,2026-08-30T20:38:05Z,46,hub,2026-09-17T00:49:00Z,2026-09-17T00:49:00Z,true
south-west:SBB00639:1786329005200,south-west:SBB00639,south-west,2026-08-10T02:30:05Z,2026-08-10T02:32:05Z,2,hub,2026-09-17T00:49:00Z,2026-09-17T00:49:00Z,true
south-west:SBB00640:1788212320000,south-west:SBB00640,south-west,2026-08-31T21:38:40Z,2026-08-31T21:39:50Z,1,hub,2026-09-17T00:49:00Z,2026-09-17T00:49:00Z,true
south-west:SBB00641:1787977071000,south-west:SBB00641,south-west,2026-08-29T04:17:51Z,2026-08-29T04:53:11Z,35,hub,2026-09-17T00:49:00Z,2026-09-17T00:49:00Z,true
south-west:SBB00649:1787299288000,south-west:SBB00649,south-west,2026-08-21T08:01:28Z,2026-08-21T08:16:32Z,15,hub,2026-09-17T00:49:00Z,2026-09-17T00:49:00Z,true
south-west:SBB00650:1786017994000,south-west:SBB00650,south-west,2026-08-06T12:06:34Z,2026-08-06T12:07:46Z,1,hub,2026-09-17T00:49:00Z,2026-09-17T00:49:00Z,true
south-west:SBB00656:1788121925200,south-west:SBB00656,south-west,2026-08-30T20:32:05Z,2026-08-30T20:38:05Z,6,hub,2026-09-17T00:49:00Z,2026-09-17T00:49:00Z,true
south-west:SBB00657:1786096941000,south-west:SBB00657,south-west,2026-08-07T10:02:21Z,2026-08-07T10:03:41Z,1,hub,2026-09-17T00:49:00Z,2026-09-17T00:49:00Z,true
south-west:SBB00658:1788101580000,south-west:SBB00658,south-west,2026-08-30T14:53:00Z,2026-08-30T17:57:02Z,184,hub,2026-09-17T00:49:00Z,2026-09-17T00:49:00Z,true
south-west:SBB00662:1787995445170,south-west:SBB00662,south-west,2026-08-29T09:24:05Z,2026-08-29T09:40:05Z,16,hub,2026-09-17T00:49:00Z,2026-09-17T00:49:00Z,true
south-west:SBB00663:1787992001000,south-west:SBB00663,south-west,2026-08-29T08:26:41Z,2026-08-29T08:38:21Z,12,hub,2026-09-17T00:49:00Z,2026-09-17T00:49:00Z,true
south-west:SBB00666:1788092740200,south-west:SBB00666,south-west,2026-08-30T12:25:40Z,2026-08-30T12:36:00Z,10,hub,2026-09-17T00:49:00Z,2026-09-17T00:49:00Z,true
south-west:SBB00667:1788099301000,south-west:SBB00667,south-west,2026-08-30T14:15:01Z,2026-08-30T14:31:00Z,16,hub,2026-09-17T00:49:00Z,2026-09-17T00:49:00Z,true
south-west:SBB00671:1787999910200,south-west:SBB00671,south-west,2026-08-29T10:38:30Z,2026-08-29T10:41:00Z,3,hub,2026-09-17T00:49:00Z,2026-09-17T00:49:00Z,true
south-west:SBB00673:1788102365170,south-west:SBB00673,south-west,2026-08-30T15:06:05Z,2026-08-30T15:10:05Z,4,hub,2026-09-17T00:49:00Z,2026-09-17T00:49:00Z,true
south-west:SBB00674:1788123845200,south-west:SBB00674,south-west,2026-08-30T21:04:05Z,2026-08-30T21:14:05Z,10,hub,2026-09-17T00:49:00Z,2026-09-17T00:49:00Z,true
south-west:SBB00676:1788100710100,south-west:SBB00676,south-west,2026-08-30T14:38:30Z,2026-08-30T14:52:10Z,14,hub,2026-09-17T00:49:00Z,2026-09-17T00:49:00Z,true
south-west:SBB00677:1787805280000,south-west:SBB00677,south-west,2026-08-27T04:34:40Z,2026-08-27T05:19:21Z,45,hub,2026-09-17T00:49:00Z,2026-09-17T00:49:00Z,true
south-west:SBB00680:1787785200300,south-west:SBB00680,south-west,2026-08-26T23:00:00Z,2026-08-26T23:04:10Z,4,hub,2026-09-17T00:49:00Z,2026-09-17T00:49:00Z,true
south-west:SBB00681:1787827689000,south-west:SBB00681,south-west,2026-08-27T10:48:09Z,2026-08-27T11:25:11Z,37,hub,2026-09-17T00:49:00Z,2026-09-17T00:49:00Z,true
south-west:SBB00682:1788116660200,south-west:SBB00682,south-west,2026-08-30T19:04:20Z,2026-08-30T19:06:00Z,2,hub,2026-09-17T00:49:00Z,2026-09-17T00:49:00Z,true
south-west:SBB00687:1788107386000,south-west:SBB00687,south-west,2026-08-30T16:29:46Z,2026-08-30T16:34:52Z,5,hub,2026-09-17T00:49:00Z,2026-09-17T00:49:00Z,true
south-west:SBB00688:1788101091000,south-west:SBB00688,south-west,2026-08-30T14:44:51Z,2026-08-30T16:12:11Z,87,hub,2026-09-17T00:49:00Z,2026-09-17T00:49:00Z,true
south-west:SBB00703:1788104765170,south-west:SBB00703,south-west,2026-08-30T15:46:05Z,2026-08-30T15:50:05Z,4,hub,2026-09-17T00:49:00Z,2026-09-17T00:49:00Z,true
south-west:SBB00712:1787979363000,south-west:SBB00712,south-west,2026-08-29T04:56:03Z,2026-08-29T06:11:22Z,75,hub,2026-09-17T00:49:00Z,2026-09-17T00:49:00Z,true
south-west:SBB00714:1788121445200,south-west:SBB00714,south-west,2026-08-30T20:24:05Z,2026-08-30T20:36:05Z,12,hub,2026-09-17T00:49:00Z,2026-09-17T00:49:00Z,true
south-west:SBB00721:1786457109000,south-west:SBB00721,south-west,2026-08-11T14:05:09Z,2026-08-11T14:06:48Z,2,hub,2026-09-17T00:49:00Z,2026-09-17T00:49:00Z,true
south-west:SBB00722:1788122321000,south-west:SBB00722,south-west,2026-08-30T20:38:41Z,2026-08-30T21:47:21Z,69,hub,2026-09-17T00:49:00Z,2026-09-17T00:49:00Z,true
south-west:SBB00727:1787335762000,south-west:SBB00727,south-west,2026-08-21T18:09:22Z,2026-08-21T18:10:54Z,2,hub,2026-09-17T00:49:00Z,2026-09-17T00:49:00Z,true
south-west:SBB00729:1787568102000,south-west:SBB00729,south-west,2026-08-24T10:41:42Z,2026-08-24T10:43:13Z,2,hub,2026-09-17T00:49:00Z,2026-09-17T00:49:00Z,true
south-west:SBB00743:1787016245170,south-west:SBB00743,south-west,2026-08-18T01:24:05Z,2026-08-18T01:26:05Z,2,hub,2026-09-17T00:49:00Z,2026-09-17T00:49:00Z,true
south-west:SBB00746:1788117051000,south-west:SBB00746,south-west,2026-08-30T19:10:51Z,2026-08-30T20:07:00Z,56,hub,2026-09-17T00:49:00Z,2026-09-17T00:49:00Z,true
south-west:SBB00748:1787843270300,south-west:SBB00748,south-west,2026-08-27T15:07:50Z,2026-08-27T15:13:30Z,6,hub,2026-09-17T00:49:00Z,2026-09-17T00:49:00Z,true
south-west:SBB00753:1787808371000,south-west:SBB00753,south-west,2026-08-27T05:26:11Z,2026-08-27T08:14:41Z,169,hub,2026-09-17T00:49:00Z,2026-09-17T00:49:00Z,true
south-west:SBB00755:1788003098000,south-west:SBB00755,south-west,2026-08-29T11:31:38Z,2026-08-29T11:32:08Z,1,hub,2026-09-17T00:49:00Z,2026-09-17T00:49:00Z,true
south-west:SBB00757:1788120761000,south-west:SBB00757,south-west,2026-08-30T20:12:41Z,2026-08-30T20:19:11Z,7,hub,2026-09-17T00:49:00Z,2026-09-17T00:49:00Z,true
south-west:SBB00760:1787310089000,south-west:SBB00760,south-west,2026-08-21T11:01:29Z,2026-08-21T11:24:27Z,23,hub,2026-09-17T00:49:00Z,2026-09-17T00:49:00Z,true
south-west:SBB00764:1788120471000,south-west:SBB00764,south-west,2026-08-30T20:07:51Z,2026-08-30T21:24:42Z,77,hub,2026-09-17T00:49:00Z,2026-09-17T00:49:00Z,true
south-west:SBB00765:1787843470200,south-west:SBB00765,south-west,2026-08-27T15:11:10Z,2026-08-27T15:13:40Z,3,hub,2026-09-17T00:49:00Z,2026-09-17T00:49:00Z,true
south-west:SBB00766:1788097501000,south-west:SBB00766,south-west,2026-08-30T13:45:01Z,2026-08-30T14:04:51Z,20,hub,2026-09-17T00:49:00Z,2026-09-17T00:49:00Z,true
south-west:SBB00768:1787907642000,south-west:SBB00768,south-west,2026-08-28T09:00:42Z,2026-08-28T09:08:18Z,8,hub,2026-09-17T00:49:00Z,2026-09-17T00:49:00Z,true
south-west:SBB00771:1788123845200,south-west:SBB00771,south-west,2026-08-30T21:04:05Z,2026-08-30T21:14:05Z,10,hub,2026-09-17T00:49:00Z,2026-09-17T00:49:00Z,true
south-west:SBB00776:1788122980200,south-west:SBB00776,south-west,2026-08-30T20:49:40Z,2026-08-30T20:55:30Z,6,hub,2026-09-17T00:49:00Z,2026-09-17T00:49:00Z,true
south-west:SBB00777:1788125410200,south-west:SBB00777,south-west,2026-08-30T21:30:10Z,2026-08-30T21:48:20Z,18,hub,2026-09-17T00:49:00Z,2026-09-17T00:49:00Z,true
south-west:SBB00778:1787995475000,south-west:SBB00778,south-west,2026-08-29T09:24:35Z,2026-08-29T10:26:27Z,62,hub,2026-09-17T00:49:00Z,2026-09-17T00:49:00Z,true
south-west:SBB00779:1788092091000,south-west:SBB00779,south-west,2026-08-30T12:14:51Z,2026-08-30T12:23:31Z,9,hub,2026-09-17T00:49:00Z,2026-09-17T00:49:00Z,true
south-west:SBB00780:1787994670000,south-west:SBB00780,south-west,2026-08-29T09:11:10Z,2026-08-29T09:23:01Z,12,hub,2026-09-17T00:49:00Z,2026-09-17T00:49:00Z,true
south-west:SBB00781:1788182765170,south-west:SBB00781,south-west,2026-08-31T13:26:05Z,2026-08-31T13:28:05Z,2,hub,2026-09-17T00:49:00Z,2026-09-17T00:49:00Z,true
south-west:SBB00789:1787807220000,south-west:SBB00789,south-west,2026-08-27T05:07:00Z,2026-08-27T05:47:01Z,40,hub,2026-09-17T00:49:00Z,2026-09-17T00:49:00Z,true
south-west:SBB00794:1788093365170,south-west:SBB00794,south-west,2026-08-30T12:36:05Z,2026-08-30T13:04:05Z,28,hub,2026-09-17T00:49:00Z,2026-09-17T00:49:00Z,true
south-west:SBB00795:1788119890100,south-west:SBB00795,south-west,2026-08-30T19:58:10Z,2026-08-30T20:15:40Z,18,hub,2026-09-17T00:49:00Z,2026-09-17T00:49:00Z,true
south-west:SBB00806:1788000001000,south-west:SBB00806,south-west,2026-08-29T10:40:01Z,2026-08-29T16:25:41Z,346,hub,2026-09-17T00:49:00Z,2026-09-17T00:49:00Z,true
south-west:SBB00807:1788000721000,south-west:SBB00807,south-west,2026-08-29T10:52:01Z,2026-08-29T11:56:21Z,64,hub,2026-09-17T00:49:00Z,2026-09-17T00:49:00Z,true
south-west:SBB00809:1788090365200,south-west:SBB00809,south-west,2026-08-30T11:46:05Z,2026-08-30T11:48:05Z,2,hub,2026-09-17T00:49:00Z,2026-09-17T00:49:00Z,true
south-west:SBB00813:1787991551000,south-west:SBB00813,south-west,2026-08-29T08:19:11Z,2026-08-29T08:21:01Z,2,hub,2026-09-17T00:49:00Z,2026-09-17T00:49:00Z,true
south-west:SBB00821:1787977371000,south-west:SBB00821,south-west,2026-08-29T04:22:51Z,2026-08-29T05:03:51Z,41,hub,2026-09-17T00:49:00Z,2026-09-17T00:49:00Z,true
south-west:SBB00827:1787840020200,south-west:SBB00827,south-west,2026-08-27T14:13:40Z,2026-08-27T15:11:20Z,58,hub,2026-09-17T00:49:00Z,2026-09-17T00:49:00Z,true
south-west:SBB00829:1787971300200,south-west:SBB00829,south-west,2026-08-29T02:41:40Z,2026-08-29T03:12:40Z,31,hub,2026-09-17T00:49:00Z,2026-09-17T00:49:00Z,true
south-west:SBB00833:1787978360200,south-west:SBB00833,south-west,2026-08-29T04:39:20Z,2026-08-29T04:43:40Z,4,hub,2026-09-17T00:49:00Z,2026-09-17T00:49:00Z,true
south-west:SBB00841:1787994605200,south-west:SBB00841,south-west,2026-08-29T09:10:05Z,2026-08-29T09:16:05Z,6,hub,2026-09-17T00:49:00Z,2026-09-17T00:49:00Z,true
south-west:SBB00842:1788125319000,south-west:SBB00842,south-west,2026-08-30T21:28:39Z,2026-08-30T22:21:20Z,53,hub,2026-09-17T00:49:00Z,2026-09-17T00:49:00Z,true
south-west:SBB00844:1787856830600,south-west:SBB00844,south-west,2026-08-27T18:53:50Z,2026-08-27T22:03:50Z,190,hub,2026-09-17T00:49:00Z,2026-09-17T00:49:00Z,true
south-west:SBB00848:1787807765170,south-west:SBB00848,south-west,2026-08-27T05:16:05Z,2026-08-27T05:20:05Z,4,hub,2026-09-17T00:49:00Z,2026-09-17T00:49:00Z,true
south-west:SBB00855:1787995710200,south-west:SBB00855,south-west,2026-08-29T09:28:30Z,2026-08-29T09:55:10Z,27,hub,2026-09-17T00:49:00Z,2026-09-17T00:49:00Z,true
south-west:SBB00857:1788158930400,south-west:SBB00857,south-west,2026-08-31T06:48:50Z,2026-08-31T06:52:50Z,4,hub,2026-09-17T00:49:00Z,2026-09-17T00:49:00Z,true
south-west:SBB00862:1788004111000,south-west:SBB00862,south-west,2026-08-29T11:48:31Z,2026-08-29T12:08:00Z,19,hub,2026-09-17T00:49:00Z,2026-09-17T00:49:00Z,true
south-west:SBB00864:1787994220200,south-west:SBB00864,south-west,2026-08-29T09:03:40Z,2026-08-29T09:12:20Z,9,hub,2026-09-17T00:49:00Z,2026-09-17T00:49:00Z,true
south-west:SBB00865:1787977661000,south-west:SBB00865,south-west,2026-08-29T04:27:41Z,2026-08-29T06:55:41Z,148,hub,2026-09-17T00:49:00Z,2026-09-17T00:49:00Z,true
south-west:SBB00868:1786539101000,south-west:SBB00868,south-west,2026-08-12T12:51:41Z,2026-08-12T12:55:23Z,4,hub,2026-09-17T00:49:00Z,2026-09-17T00:49:00Z,true
south-west:SBB00870:1787785080200,south-west:SBB00870,south-west,2026-08-26T22:58:00Z,2026-08-26T23:29:30Z,32,hub,2026-09-17T00:49:00Z,2026-09-17T00:49:00Z,true
south-west:SBB00873:1788103685170,south-west:SBB00873,south-west,2026-08-30T15:28:05Z,2026-08-30T15:34:05Z,6,hub,2026-09-17T00:49:00Z,2026-09-17T00:49:00Z,true
south-west:SBB00874:1787807645170,south-west:SBB00874,south-west,2026-08-27T05:14:05Z,2026-08-27T05:18:05Z,4,hub,2026-09-17T00:49:00Z,2026-09-17T00:49:00Z,true
south-west:SBB00876:1787993121000,south-west:SBB00876,south-west,2026-08-29T08:45:21Z,2026-08-29T08:51:01Z,6,hub,2026-09-17T00:49:00Z,2026-09-17T00:49:00Z,true
south-west:SBB00877:1788093245200,south-west:SBB00877,south-west,2026-08-30T12:34:05Z,2026-08-30T12:44:05Z,10,hub,2026-09-17T00:49:00Z,2026-09-17T00:49:00Z,true
south-west:SBB00880:1787040261000,south-west:SBB00880,south-west,2026-08-18T08:04:21Z,2026-08-18T08:06:11Z,2,hub,2026-09-17T00:49:00Z,2026-09-17T00:49:00Z,true
south-west:SBB00886:1787977570000,south-west:SBB00886,south-west,2026-08-29T04:26:10Z,2026-08-29T04:30:34Z,4,hub,2026-09-17T00:49:00Z,2026-09-17T00:49:00Z,true
south-west:SBB00892:1787792270300,south-west:SBB00892,south-west,2026-08-27T00:57:50Z,2026-08-27T01:19:10Z,21,hub,2026-09-17T00:49:00Z,2026-09-17T00:49:00Z,true
south-west:SBB00895:1787980781000,south-west:SBB00895,south-west,2026-08-29T05:19:41Z,2026-08-29T05:21:51Z,2,hub,2026-09-17T00:49:00Z,2026-09-17T00:49:00Z,true
south-west:SBB00897:1786339637000,south-west:SBB00897,south-west,2026-08-10T05:27:17Z,2026-08-10T07:26:00Z,119,hub,2026-09-17T00:49:00Z,2026-09-17T00:49:00Z,true
south-west:SBB00907:1788123000200,south-west:SBB00907,south-west,2026-08-30T20:50:00Z,2026-08-30T20:58:30Z,9,hub,2026-09-17T00:49:00Z,2026-09-17T00:49:00Z,true
south-west:SBB00908:1788160730300,south-west:SBB00908,south-west,2026-08-31T07:18:50Z,2026-08-31T07:23:40Z,5,hub,2026-09-17T00:49:00Z,2026-09-17T00:49:00Z,true
south-west:SBB00911:1787806730200,south-west:SBB00911,south-west,2026-08-27T04:58:50Z,2026-08-27T05:13:40Z,15,hub,2026-09-17T00:49:00Z,2026-09-17T00:49:00Z,true
south-west:SBB00919:1788089551000,south-west:SBB00919,south-west,2026-08-30T11:32:31Z,2026-08-30T11:36:40Z,4,hub,2026-09-17T00:49:00Z,2026-09-17T00:49:00Z,true
south-west:SBB00922:1787999920200,south-west:SBB00922,south-west,2026-08-29T10:38:40Z,2026-08-29T10:58:20Z,20,hub,2026-09-17T00:49:00Z,2026-09-17T00:49:00Z,true
south-west:SBB00925:1788105520300,south-west:SBB00925,south-west,2026-08-30T15:58:40Z,2026-08-30T16:51:01Z,52,hub,2026-09-17T00:49:00Z,2026-09-17T00:49:00Z,true
south-west:SBB00926:1787851630100,south-west:SBB00926,south-west,2026-08-27T17:27:10Z,2026-08-27T17:45:30Z,18,hub,2026-09-17T00:49:00Z,2026-09-17T00:49:00Z,true
south-west:SBB00930:1788002525170,south-west:SBB00930,south-west,2026-08-29T11:22:05Z,2026-08-29T11:26:05Z,4,hub,2026-09-17T00:49:00Z,2026-09-17T00:49:00Z,true
south-west:SBB00932:1788124610100,south-west:SBB00932,south-west,2026-08-30T21:16:50Z,2026-08-30T21:22:30Z,6,hub,2026-09-17T00:49:00Z,2026-09-17T00:49:00Z,true
south-west:SBB00933:1787995850250,south-west:SBB00933,south-west,2026-08-29T09:30:50Z,2026-08-29T09:39:20Z,9,hub,2026-09-17T00:49:00Z,2026-09-17T00:49:00Z,true
south-west:SBB00937:1788103261000,south-west:SBB00937,south-west,2026-08-30T15:21:01Z,2026-08-30T19:35:41Z,255,hub,2026-09-17T00:49:00Z,2026-09-17T00:49:00Z,true
south-west:SBB00938:1787996270300,south-west:SBB00938,south-west,2026-08-29T09:37:50Z,2026-08-29T09:44:10Z,6,hub,2026-09-17T00:49:00Z,2026-09-17T00:49:00Z,true
south-west:SBB00940:1788103805200,south-west:SBB00940,south-west,2026-08-30T15:30:05Z,2026-08-30T15:34:05Z,4,hub,2026-09-17T00:49:00Z,2026-09-17T00:49:00Z,true
south-west:SBB00941:1788102200000,south-west:SBB00941,south-west,2026-08-30T15:03:20Z,2026-08-30T15:08:11Z,5,hub,2026-09-17T00:49:00Z,2026-09-17T00:49:00Z,true
south-west:SBB00944:1788120431000,south-west:SBB00944,south-west,2026-08-30T20:07:11Z,2026-08-30T21:13:51Z,67,hub,2026-09-17T00:49:00Z,2026-09-17T00:49:00Z,true
south-west:SBB00947:1787806564000,south-west:SBB00947,south-west,2026-08-27T04:56:04Z,2026-08-27T05:02:54Z,7,hub,2026-09-17T00:49:00Z,2026-09-17T00:49:00Z,true
south-west:SBB00952:1788097999000,south-west:SBB00952,south-west,2026-08-30T13:53:19Z,2026-08-30T14:12:51Z,20,hub,2026-09-17T00:49:00Z,2026-09-17T00:49:00Z,true
south-west:SBB00953:1787104641000,south-west:SBB00953,south-west,2026-08-19T01:57:21Z,2026-08-19T02:12:45Z,15,hub,2026-09-17T00:49:00Z,2026-09-17T00:49:00Z,true
south-west:SBB00958:1788099281000,south-west:SBB00958,south-west,2026-08-30T14:14:41Z,2026-08-30T14:24:01Z,9,hub,2026-09-17T00:49:00Z,2026-09-17T00:49:00Z,true
south-west:SBB00959:1788099061000,south-west:SBB00959,south-west,2026-08-30T14:11:01Z,2026-08-30T14:30:11Z,19,hub,2026-09-17T00:49:00Z,2026-09-17T00:49:00Z,true
south-west:SBB00960:1788099554000,south-west:SBB00960,south-west,2026-08-30T14:19:14Z,2026-08-30T14:27:27Z,8,hub,2026-09-17T00:49:00Z,2026-09-17T00:49:00Z,true
south-west:SBB00979:1786416913000,south-west:SBB00979,south-west,2026-08-11T02:55:13Z,2026-08-11T03:28:35Z,33,hub,2026-09-17T00:49:00Z,2026-09-17T00:49:00Z,true
south-west:SBB00984:1788122353000,south-west:SBB00984,south-west,2026-08-30T20:39:13Z,2026-08-30T21:08:33Z,29,hub,2026-09-17T00:49:00Z,2026-09-17T00:49:00Z,true
south-west:SBB00990:1786787420000,south-west:SBB00990,south-west,2026-08-15T09:50:20Z,2026-08-15T09:51:27Z,1,hub,2026-09-17T00:49:00Z,2026-09-17T00:49:00Z,true
south-west:SBB00996:1788068653000,south-west:SBB00996,south-west,2026-08-30T05:44:13Z,2026-08-30T06:06:04Z,22,hub,2026-09-17T00:49:00Z,2026-09-17T00:49:00Z,true
south-west:SBB01002:1788090510500,south-west:SBB01002,south-west,2026-08-30T11:48:30Z,2026-08-30T11:49:40Z,1,hub,2026-09-17T00:49:00Z,2026-09-17T00:49:00Z,true
south-west:SBB01003:1788119651000,south-west:SBB01003,south-west,2026-08-30T19:54:11Z,2026-08-30T19:58:51Z,5,hub,2026-09-17T00:49:00Z,2026-09-17T00:49:00Z,true
south-west:SBB01010:1788107525200,south-west:SBB01010,south-west,2026-08-30T16:32:05Z,2026-08-30T16:40:05Z,8,hub,2026-09-17T00:49:00Z,2026-09-17T00:49:00Z,true
south-west:SBB01011:1787977666000,south-west:SBB01011,south-west,2026-08-29T04:27:46Z,2026-08-29T05:07:37Z,40,hub,2026-09-17T00:49:00Z,2026-09-17T00:49:00Z,true
south-west:SBB01013:1787952037000,south-west:SBB01013,south-west,2026-08-28T21:20:37Z,2026-08-28T21:21:37Z,1,hub,2026-09-17T00:49:00Z,2026-09-17T00:49:00Z,true
south-west:SBB01015:1787729181100,south-west:SBB01015,south-west,2026-08-26T07:26:21Z,2026-08-26T07:27:14Z,1,hub,2026-09-17T00:49:00Z,2026-09-17T00:49:00Z,true
south-west:SBB01016:1788014030100,south-west:SBB01016,south-west,2026-08-29T14:33:50Z,2026-08-29T14:45:50Z,12,hub,2026-09-17T00:49:00Z,2026-09-17T00:49:00Z,true
south-west:SBB01018:1788097910200,south-west:SBB01018,south-west,2026-08-30T13:51:50Z,2026-08-30T14:30:10Z,38,hub,2026-09-17T00:49:00Z,2026-09-17T00:49:00Z,true
south-west:SBB01024:1788004939000,south-west:SBB01024,south-west,2026-08-29T12:02:19Z,2026-08-29T12:08:31Z,6,hub,2026-09-17T00:49:00Z,2026-09-17T00:49:00Z,true
south-west:SBB01025:1788118550300,south-west:SBB01025,south-west,2026-08-30T19:35:50Z,2026-08-30T19:51:20Z,16,hub,2026-09-17T00:49:00Z,2026-09-17T00:49:00Z,true
south-west:SBB01026:1788100521000,south-west:SBB01026,south-west,2026-08-30T14:35:21Z,2026-08-30T14:57:01Z,22,hub,2026-09-17T00:49:00Z,2026-09-17T00:49:00Z,true
south-west:SBB01028:1787792405170,south-west:SBB01028,south-west,2026-08-27T01:00:05Z,2026-08-27T12:26:05Z,686,hub,2026-09-17T00:49:00Z,2026-09-17T00:49:00Z,true
south-west:SBB01033:1788202151000,south-west:SBB01033,south-west,2026-08-31T18:49:11Z,2026-08-31T20:08:54Z,80,hub,2026-09-17T00:49:00Z,2026-09-17T00:49:00Z,true
south-west:SBB01039:1788106250200,south-west:SBB01039,south-west,2026-08-30T16:10:50Z,2026-08-30T16:18:40Z,8,hub,2026-09-17T00:49:00Z,2026-09-17T00:49:00Z,true
south-west:SBB01041:1787977282000,south-west:SBB01041,south-west,2026-08-29T04:21:22Z,2026-08-29T04:43:54Z,23,hub,2026-09-17T00:49:00Z,2026-09-17T00:49:00Z,true
south-west:SBB01045:1787977714000,south-west:SBB01045,south-west,2026-08-29T04:28:34Z,2026-08-29T05:02:24Z,34,hub,2026-09-17T00:49:00Z,2026-09-17T00:49:00Z,true
south-west:SBB01048:1788108260300,south-west:SBB01048,south-west,2026-08-30T16:44:20Z,2026-08-30T18:00:00Z,76,hub,2026-09-17T00:49:00Z,2026-09-17T00:49:00Z,true
south-west:SBB01056:1787806253000,south-west:SBB01056,south-west,2026-08-27T04:50:53Z,2026-08-27T06:00:22Z,69,hub,2026-09-17T00:49:00Z,2026-09-17T00:49:00Z,true
south-west:SBB01058:1787986481000,south-west:SBB01058,south-west,2026-08-29T06:54:41Z,2026-08-29T07:02:11Z,8,hub,2026-09-17T00:49:00Z,2026-09-17T00:49:00Z,true
south-west:SBB01065:1788104285170,south-west:SBB01065,south-west,2026-08-30T15:38:05Z,2026-08-30T15:44:05Z,6,hub,2026-09-17T00:49:00Z,2026-09-17T00:49:00Z,true
south-west:SBB01069:1787802024000,south-west:SBB01069,south-west,2026-08-27T03:40:24Z,2026-08-27T03:51:28Z,11,hub,2026-09-17T00:49:00Z,2026-09-17T00:49:00Z,true
south-west:SBB01070:1787977374000,south-west:SBB01070,south-west,2026-08-29T04:22:54Z,2026-08-29T04:31:34Z,9,hub,2026-09-17T00:49:00Z,2026-09-17T00:49:00Z,true
south-west:SBB01071:1787977390600,south-west:SBB01071,south-west,2026-08-29T04:23:10Z,2026-08-29T05:08:00Z,45,hub,2026-09-17T00:49:00Z,2026-09-17T00:49:00Z,true
south-west:SBB01073:1787805110000,south-west:SBB01073,south-west,2026-08-27T04:31:50Z,2026-08-27T04:38:21Z,7,hub,2026-09-17T00:49:00Z,2026-09-17T00:49:00Z,true
south-west:SBB01077:1787978412000,south-west:SBB01077,south-west,2026-08-29T04:40:12Z,2026-08-29T05:00:29Z,20,hub,2026-09-17T00:49:00Z,2026-09-17T00:49:00Z,true
south-west:SBB01081:1787994420100,south-west:SBB01081,south-west,2026-08-29T09:07:00Z,2026-08-29T09:20:00Z,13,hub,2026-09-17T00:49:00Z,2026-09-17T00:49:00Z,true
south-west:SBB01082:1788014164000,south-west:SBB01082,south-west,2026-08-29T14:36:04Z,2026-08-29T14:45:35Z,10,hub,2026-09-17T00:49:00Z,2026-09-17T00:49:00Z,true
south-west:SBB01087:1787856905100,south-west:SBB01087,south-west,2026-08-27T18:55:05Z,2026-08-27T20:21:05Z,86,hub,2026-09-17T00:49:00Z,2026-09-17T00:49:00Z,true
south-west:SBB01089:1787995861000,south-west:SBB01089,south-west,2026-08-29T09:31:01Z,2026-08-29T09:35:41Z,5,hub,2026-09-17T00:49:00Z,2026-09-17T00:49:00Z,true
south-west:SBB01091:1788102518000,south-west:SBB01091,south-west,2026-08-30T15:08:38Z,2026-08-30T16:01:04Z,52,hub,2026-09-17T00:49:00Z,2026-09-17T00:49:00Z,true
south-west:SBB01092:1787233670200,south-west:SBB01092,south-west,2026-08-20T13:47:50Z,2026-08-20T13:49:00Z,1,hub,2026-09-17T00:49:00Z,2026-09-17T00:49:00Z,true
south-west:SBB01104:1788119579000,south-west:SBB01104,south-west,2026-08-30T19:52:59Z,2026-08-30T20:01:35Z,9,hub,2026-09-17T00:49:00Z,2026-09-17T00:49:00Z,true
south-west:SBB01105:1788119060300,south-west:SBB01105,south-west,2026-08-30T19:44:20Z,2026-08-30T19:50:10Z,6,hub,2026-09-17T00:49:00Z,2026-09-17T00:49:00Z,true
south-west:SBB01109:1787805870000,south-west:SBB01109,south-west,2026-08-27T04:44:30Z,2026-08-27T04:49:31Z,5,hub,2026-09-17T00:49:00Z,2026-09-17T00:49:00Z,true
south-west:SBB01110:1787977980200,south-west:SBB01110,south-west,2026-08-29T04:33:00Z,2026-08-29T05:04:20Z,31,hub,2026-09-17T00:49:00Z,2026-09-17T00:49:00Z,true
south-west:SBB01113:1788091480200,south-west:SBB01113,south-west,2026-08-30T12:04:40Z,2026-08-30T12:16:10Z,12,hub,2026-09-17T00:49:00Z,2026-09-17T00:49:00Z,true
south-west:SBB01125:1788090245170,south-west:SBB01125,south-west,2026-08-30T11:44:05Z,2026-08-30T11:46:05Z,2,hub,2026-09-17T00:49:00Z,2026-09-17T00:49:00Z,true
south-west:SBB01128:1787981959000,south-west:SBB01128,south-west,2026-08-29T05:39:19Z,2026-08-29T05:46:26Z,7,hub,2026-09-17T00:49:00Z,2026-09-17T00:49:00Z,true
south-west:SBB01130:1788101741000,south-west:SBB01130,south-west,2026-08-30T14:55:41Z,2026-08-30T16:12:11Z,77,hub,2026-09-17T00:49:00Z,2026-09-17T00:49:00Z,true
south-west:SBB01133:1787785610200,south-west:SBB01133,south-west,2026-08-26T23:06:50Z,2026-08-26T23:12:50Z,6,hub,2026-09-17T00:49:00Z,2026-09-17T00:49:00Z,true
south-west:SBB01136:1787992701000,south-west:SBB01136,south-west,2026-08-29T08:38:21Z,2026-08-29T08:44:21Z,6,hub,2026-09-17T00:49:00Z,2026-09-17T00:49:00Z,true
south-west:SBB01138:1788014165200,south-west:SBB01138,south-west,2026-08-29T14:36:05Z,2026-08-29T14:42:05Z,6,hub,2026-09-17T00:49:00Z,2026-09-17T00:49:00Z,true
south-west:SBB01141:1788094720100,south-west:SBB01141,south-west,2026-08-30T12:58:40Z,2026-08-30T13:32:10Z,34,hub,2026-09-17T00:49:00Z,2026-09-17T00:49:00Z,true
south-west:SBB01143:1787993396000,south-west:SBB01143,south-west,2026-08-29T08:49:56Z,2026-08-29T09:18:04Z,28,hub,2026-09-17T00:49:00Z,2026-09-17T00:49:00Z,true
south-west:SBB01147:1787298365170,south-west:SBB01147,south-west,2026-08-21T07:46:05Z,2026-08-21T08:02:05Z,16,hub,2026-09-17T00:49:00Z,2026-09-17T00:49:00Z,true
south-west:SBB01159:1787992160000,south-west:SBB01159,south-west,2026-08-29T08:29:20Z,2026-08-29T08:36:48Z,7,hub,2026-09-17T00:49:00Z,2026-09-17T00:49:00Z,true
south-west:SBB01161:1787986384000,south-west:SBB01161,south-west,2026-08-29T06:53:04Z,2026-08-29T07:12:31Z,19,hub,2026-09-17T00:49:00Z,2026-09-17T00:49:00Z,true
south-west:SBB01168:1788106400200,south-west:SBB01168,south-west,2026-08-30T16:13:20Z,2026-08-30T16:22:40Z,9,hub,2026-09-17T00:49:00Z,2026-09-17T00:49:00Z,true
south-west:SBB01169:1787980890200,south-west:SBB01169,south-west,2026-08-29T05:21:30Z,2026-08-29T05:36:40Z,15,hub,2026-09-17T00:49:00Z,2026-09-17T00:49:00Z,true
south-west:SBB01170:1787973140100,south-west:SBB01170,south-west,2026-08-29T03:12:20Z,2026-08-29T04:32:40Z,80,hub,2026-09-17T00:49:00Z,2026-09-17T00:49:00Z,true
south-west:SBB01174:1787998231000,south-west:SBB01174,south-west,2026-08-29T10:10:31Z,2026-08-29T10:14:21Z,4,hub,2026-09-17T00:49:00Z,2026-09-17T00:49:00Z,true
south-west:SBB01179:1788121690400,south-west:SBB01179,south-west,2026-08-30T20:28:10Z,2026-08-30T20:51:50Z,24,hub,2026-09-17T00:49:00Z,2026-09-17T00:49:00Z,true
south-west:SBB01180:1787808810500,south-west:SBB01180,south-west,2026-08-27T05:33:30Z,2026-08-27T05:56:20Z,23,hub,2026-09-17T00:49:00Z,2026-09-17T00:49:00Z,true
south-west:SBB01181:1786356661000,south-west:SBB01181,south-west,2026-08-10T10:11:01Z,2026-08-10T10:13:51Z,3,hub,2026-09-17T00:49:00Z,2026-09-17T00:49:00Z,true
south-west:SBB01183:1787656671000,south-west:SBB01183,south-west,2026-08-25T11:17:51Z,2026-08-25T11:20:11Z,2,hub,2026-09-17T00:49:00Z,2026-09-17T00:49:00Z,true
south-west:SBB01188:1788004244000,south-west:SBB01188,south-west,2026-08-29T11:50:44Z,2026-08-29T12:08:04Z,17,hub,2026-09-17T00:49:00Z,2026-09-17T00:49:00Z,true
south-west:SBB01189:1787808982000,south-west:SBB01189,south-west,2026-08-27T05:36:22Z,2026-08-27T06:32:51Z,56,hub,2026-09-17T00:49:00Z,2026-09-17T00:49:00Z,true
south-west:SBB01190:1787979461000,south-west:SBB01190,south-west,2026-08-29T04:57:41Z,2026-08-29T05:54:31Z,57,hub,2026-09-17T00:49:00Z,2026-09-17T00:49:00Z,true
south-west:SBB01192:1787808130200,south-west:SBB01192,south-west,2026-08-27T05:22:10Z,2026-08-27T06:36:30Z,74,hub,2026-09-17T00:49:00Z,2026-09-17T00:49:00Z,true
south-west:SBB01195:1787828645170,south-west:SBB01195,south-west,2026-08-27T11:04:05Z,2026-08-27T11:08:05Z,4,hub,2026-09-17T00:49:00Z,2026-09-17T00:49:00Z,true
south-west:SBB01196:1788014285200,south-west:SBB01196,south-west,2026-08-29T14:38:05Z,2026-08-29T14:42:05Z,4,hub,2026-09-17T00:49:00Z,2026-09-17T00:49:00Z,true
south-west:SBB01199:1787995450200,south-west:SBB01199,south-west,2026-08-29T09:24:10Z,2026-08-29T09:44:10Z,20,hub,2026-09-17T00:49:00Z,2026-09-17T00:49:00Z,true
south-west:SBB01200:1787785214000,south-west:SBB01200,south-west,2026-08-26T23:00:14Z,2026-08-26T23:04:19Z,4,hub,2026-09-17T00:49:00Z,2026-09-17T00:49:00Z,true
south-west:SBB01201:1788124121000,south-west:SBB01201,south-west,2026-08-30T21:08:41Z,2026-08-30T21:44:51Z,36,hub,2026-09-17T00:49:00Z,2026-09-17T00:49:00Z,true
south-west:SBB01208:1788001980400,south-west:SBB01208,south-west,2026-08-29T11:13:00Z,2026-08-29T11:43:40Z,31,hub,2026-09-17T00:49:00Z,2026-09-17T00:49:00Z,true
south-west:SBB01210:1788102520000,south-west:SBB01210,south-west,2026-08-30T15:08:40Z,2026-08-30T15:54:48Z,46,hub,2026-09-17T00:49:00Z,2026-09-17T00:49:00Z,true
south-west:SBB01212:1788106763000,south-west:SBB01212,south-west,2026-08-30T16:19:23Z,2026-08-30T16:33:18Z,14,hub,2026-09-17T00:49:00Z,2026-09-17T00:49:00Z,true
south-west:SBB01216:1787994683000,south-west:SBB01216,south-west,2026-08-29T09:11:23Z,2026-08-29T09:16:54Z,6,hub,2026-09-17T00:49:00Z,2026-09-17T00:49:00Z,true
south-west:SBB01218:1787041445170,south-west:SBB01218,south-west,2026-08-18T08:24:05Z,2026-08-18T08:26:05Z,2,hub,2026-09-17T00:49:00Z,2026-09-17T00:49:00Z,true
south-west:SBB01223:1787999525170,south-west:SBB01223,south-west,2026-08-29T10:32:05Z,2026-08-29T10:40:05Z,8,hub,2026-09-17T00:49:00Z,2026-09-17T00:49:00Z,true
south-west:SBB01224:1786371017100,south-west:SBB01224,south-west,2026-08-10T14:10:17Z,2026-08-10T14:10:18Z,0,hub,2026-09-17T00:49:00Z,2026-09-17T00:49:00Z,true
south-west:SBB01232:1787219045170,south-west:SBB01232,south-west,2026-08-20T09:44:05Z,2026-08-20T09:46:05Z,2,hub,2026-09-17T00:49:00Z,2026-09-17T00:49:00Z,true
south-west:SBB01234:1788104560200,south-west:SBB01234,south-west,2026-08-30T15:42:40Z,2026-08-30T15:46:00Z,3,hub,2026-09-17T00:49:00Z,2026-09-17T00:49:00Z,true
south-west:SBB01235:1788102194000,south-west:SBB01235,south-west,2026-08-30T15:03:14Z,2026-08-30T15:09:04Z,6,hub,2026-09-17T00:49:00Z,2026-09-17T00:49:00Z,true
south-west:SBB01236:1788118510200,south-west:SBB01236,south-west,2026-08-30T19:35:10Z,2026-08-30T19:40:20Z,5,hub,2026-09-17T00:49:00Z,2026-09-17T00:49:00Z,true
south-west:SBB01241:1787994664000,south-west:SBB01241,south-west,2026-08-29T09:11:04Z,2026-08-29T09:12:14Z,1,hub,2026-09-17T00:49:00Z,2026-09-17T00:49:00Z,true
south-west:SBB01244:1788100849000,south-west:SBB01244,south-west,2026-08-30T14:40:49Z,2026-08-30T14:52:52Z,12,hub,2026-09-17T00:49:00Z,2026-09-17T00:49:00Z,true
south-west:SBB01245:1787805725170,south-west:SBB01245,south-west,2026-08-27T04:42:05Z,2026-08-27T04:44:05Z,2,hub,2026-09-17T00:49:00Z,2026-09-17T00:49:00Z,true
south-west:SBB01247:1788161400000,south-west:SBB01247,south-west,2026-08-31T07:30:00Z,2026-08-31T07:30:16Z,0,hub,2026-09-17T00:49:00Z,2026-09-17T00:49:00Z,true
south-west:SBB01253:1787791925200,south-west:SBB01253,south-west,2026-08-27T00:52:05Z,2026-08-27T00:54:05Z,2,hub,2026-09-17T00:49:00Z,2026-09-17T00:49:00Z,true
south-west:SBB01254:1787802845200,south-west:SBB01254,south-west,2026-08-27T03:54:05Z,2026-08-27T04:00:05Z,6,hub,2026-09-17T00:49:00Z,2026-09-17T00:49:00Z,true
south-west:SBB01258:1787994251000,south-west:SBB01258,south-west,2026-08-29T09:04:11Z,2026-08-29T09:09:41Z,6,hub,2026-09-17T00:49:00Z,2026-09-17T00:49:00Z,true
south-west:SBB01260:1788125464000,south-west:SBB01260,south-west,2026-08-30T21:31:04Z,2026-08-30T21:32:24Z,1,hub,2026-09-17T00:49:00Z,2026-09-17T00:49:00Z,true
south-west:SBB01261:1787994851000,south-west:SBB01261,south-west,2026-08-29T09:14:11Z,2026-08-29T09:29:31Z,15,hub,2026-09-17T00:49:00Z,2026-09-17T00:49:00Z,true
south-west:SBB01262:1787044352000,south-west:SBB01262,south-west,2026-08-18T09:12:32Z,2026-08-18T09:23:47Z,11,hub,2026-09-17T00:49:00Z,2026-09-17T00:49:00Z,true
south-west:SBB01274:1788098645170,south-west:SBB01274,south-west,2026-08-30T14:04:05Z,2026-08-30T14:06:05Z,2,hub,2026-09-17T00:49:00Z,2026-09-17T00:49:00Z,true
south-west:SBB01277:1787991831000,south-west:SBB01277,south-west,2026-08-29T08:23:51Z,2026-08-29T08:28:11Z,4,hub,2026-09-17T00:49:00Z,2026-09-17T00:49:00Z,true
south-west:SBB01282:1788090361000,south-west:SBB01282,south-west,2026-08-30T11:46:01Z,2026-08-30T12:01:51Z,16,hub,2026-09-17T00:49:00Z,2026-09-17T00:49:00Z,true
south-west:SBB01285:1788099005170,south-west:SBB01285,south-west,2026-08-30T14:10:05Z,2026-08-30T14:24:05Z,14,hub,2026-09-17T00:49:00Z,2026-09-17T00:49:00Z,true
south-west:SBB01290:1788119881000,south-west:SBB01290,south-west,2026-08-30T19:58:01Z,2026-08-30T20:01:51Z,4,hub,2026-09-17T00:49:00Z,2026-09-17T00:49:00Z,true
south-west:SBB01291:1787977571000,south-west:SBB01291,south-west,2026-08-29T04:26:11Z,2026-08-29T05:02:51Z,37,hub,2026-09-17T00:49:00Z,2026-09-17T00:49:00Z,true
south-west:SBB01292:1787997491000,south-west:SBB01292,south-west,2026-08-29T09:58:11Z,2026-08-29T10:31:41Z,34,hub,2026-09-17T00:49:00Z,2026-09-17T00:49:00Z,true
south-west:SBB01294:1787978361000,south-west:SBB01294,south-west,2026-08-29T04:39:21Z,2026-08-29T04:58:21Z,19,hub,2026-09-17T00:49:00Z,2026-09-17T00:49:00Z,true
south-west:SBB01296:1786441112000,south-west:SBB01296,south-west,2026-08-11T09:38:32Z,2026-08-11T09:40:33Z,2,hub,2026-09-17T00:49:00Z,2026-09-17T00:49:00Z,true
south-west:SBB01305:1787807250200,south-west:SBB01305,south-west,2026-08-27T05:07:30Z,2026-08-27T05:09:10Z,2,hub,2026-09-17T00:49:00Z,2026-09-17T00:49:00Z,true
south-west:SBB01310:1788123625000,south-west:SBB01310,south-west,2026-08-30T21:00:25Z,2026-08-30T21:03:36Z,3,hub,2026-09-17T00:49:00Z,2026-09-17T00:49:00Z,true
south-west:SBB01311:1788124391000,south-west:SBB01311,south-west,2026-08-30T21:13:11Z,2026-08-30T21:16:11Z,3,hub,2026-09-17T00:49:00Z,2026-09-17T00:49:00Z,true
south-west:SBB01313:1787998371000,south-west:SBB01313,south-west,2026-08-29T10:12:51Z,2026-08-29T10:58:41Z,46,hub,2026-09-17T00:49:00Z,2026-09-17T00:49:00Z,true
south-west:SBB01315:1787850521000,south-west:SBB01315,south-west,2026-08-27T17:08:41Z,2026-08-27T18:14:41Z,66,hub,2026-09-17T00:49:00Z,2026-09-17T00:49:00Z,true
south-west:SBB01324:1788124245000,south-west:SBB01324,south-west,2026-08-30T21:10:45Z,2026-08-30T22:14:38Z,64,hub,2026-09-17T00:49:00Z,2026-09-17T00:49:00Z,true
south-west:SBB01325:1788108014000,south-west:SBB01325,south-west,2026-08-30T16:40:14Z,2026-08-30T16:46:54Z,7,hub,2026-09-17T00:49:00Z,2026-09-17T00:49:00Z,true
south-west:SBB01327:1786444351000,south-west:SBB01327,south-west,2026-08-11T10:32:31Z,2026-08-11T10:38:41Z,6,hub,2026-09-17T00:49:00Z,2026-09-17T00:49:00Z,true
south-west:SBB01335:1788102657000,south-west:SBB01335,south-west,2026-08-30T15:10:57Z,2026-08-30T15:48:44Z,38,hub,2026-09-17T00:49:00Z,2026-09-17T00:49:00Z,true
south-west:SBB01345:1788123930300,south-west:SBB01345,south-west,2026-08-30T21:05:30Z,2026-08-30T21:14:40Z,9,hub,2026-09-17T00:49:00Z,2026-09-17T00:49:00Z,true
south-west:SBB01347:1788109348000,south-west:SBB01347,south-west,2026-08-30T17:02:28Z,2026-08-30T17:33:04Z,31,hub,2026-09-17T00:49:00Z,2026-09-17T00:49:00Z,true
south-west:SBB01349:1787904502000,south-west:SBB01349,south-west,2026-08-28T08:08:22Z,2026-08-28T08:11:13Z,3,hub,2026-09-17T00:49:00Z,2026-09-17T00:49:00Z,true
south-west:SBB01350:1788128020000,south-west:SBB01350,south-west,2026-08-30T22:13:40Z,2026-08-30T23:13:56Z,60,hub,2026-09-17T00:49:00Z,2026-09-17T00:49:00Z,true
south-west:SBB01351:1788104991000,south-west:SBB01351,south-west,2026-08-30T15:49:51Z,2026-08-30T15:53:31Z,4,hub,2026-09-17T00:49:00Z,2026-09-17T00:49:00Z,true
south-west:SBB01356:1788098180200,south-west:SBB01356,south-west,2026-08-30T13:56:20Z,2026-08-30T14:11:30Z,15,hub,2026-09-17T00:49:00Z,2026-09-17T00:49:00Z,true
south-west:SBB01357:1787148770300,south-west:SBB01357,south-west,2026-08-19T14:12:50Z,2026-08-19T14:18:30Z,6,hub,2026-09-17T00:49:00Z,2026-09-17T00:49:00Z,true
south-west:SBB01358:1787977991000,south-west:SBB01358,south-west,2026-08-29T04:33:11Z,2026-08-29T05:07:11Z,34,hub,2026-09-17T00:49:00Z,2026-09-17T00:49:00Z,true
south-west:SBB01360:1788100601000,south-west:SBB01360,south-west,2026-08-30T14:36:41Z,2026-08-30T14:58:31Z,22,hub,2026-09-17T00:49:00Z,2026-09-17T00:49:00Z,true
south-west:SBB01362:1788128191000,south-west:SBB01362,south-west,2026-08-30T22:16:31Z,2026-08-30T22:33:01Z,17,hub,2026-09-17T00:49:00Z,2026-09-17T00:49:00Z,true
south-west:SBB01363:1786628841000,south-west:SBB01363,south-west,2026-08-13T13:47:21Z,2026-08-13T13:50:41Z,3,hub,2026-09-17T00:49:00Z,2026-09-17T00:49:00Z,true
south-west:SBB01366:1787996029000,south-west:SBB01366,south-west,2026-08-29T09:33:49Z,2026-08-29T09:38:57Z,5,hub,2026-09-17T00:49:00Z,2026-09-17T00:49:00Z,true
south-west:SBB01369:1788121461000,south-west:SBB01369,south-west,2026-08-30T20:24:21Z,2026-08-30T20:42:31Z,18,hub,2026-09-17T00:49:00Z,2026-09-17T00:49:00Z,true
south-west:SBB01370:1788019070500,south-west:SBB01370,south-west,2026-08-29T15:57:50Z,2026-08-29T16:04:40Z,7,hub,2026-09-17T00:49:00Z,2026-09-17T00:49:00Z,true
south-west:SBB01371:1787052790300,south-west:SBB01371,south-west,2026-08-18T11:33:10Z,2026-08-18T11:36:40Z,4,hub,2026-09-17T00:49:00Z,2026-09-17T00:49:00Z,true
south-west:SBB01372:1787803071000,south-west:SBB01372,south-west,2026-08-27T03:57:51Z,2026-08-27T04:00:41Z,3,hub,2026-09-17T00:49:00Z,2026-09-17T00:49:00Z,true
south-west:SBB01377:1785751601000,south-west:SBB01377,south-west,2026-08-03T10:06:41Z,2026-08-03T10:08:01Z,1,hub,2026-09-17T00:49:00Z,2026-09-17T00:49:00Z,true
south-west:SBB01379:1787996648000,south-west:SBB01379,south-west,2026-08-29T09:44:08Z,2026-08-29T11:58:21Z,134,hub,2026-09-17T00:49:00Z,2026-09-17T00:49:00Z,true
south-west:SBB01381:1788101891000,south-west:SBB01381,south-west,2026-08-30T14:58:11Z,2026-08-30T15:28:21Z,30,hub,2026-09-17T00:49:00Z,2026-09-17T00:49:00Z,true
south-west:SBB01382:1788007960400,south-west:SBB01382,south-west,2026-08-29T12:52:40Z,2026-08-29T13:00:00Z,7,hub,2026-09-17T00:49:00Z,2026-09-17T00:49:00Z,true
south-west:SBB01386:1787803443000,south-west:SBB01386,south-west,2026-08-27T04:04:03Z,2026-08-27T05:03:46Z,60,hub,2026-09-17T00:49:00Z,2026-09-17T00:49:00Z,true
south-west:SBB01387:1786577897000,south-west:SBB01387,south-west,2026-08-12T23:38:17Z,2026-08-12T23:40:07Z,2,hub,2026-09-17T00:49:00Z,2026-09-17T00:49:00Z,true
south-west:SBB01390:1788219751000,south-west:SBB01390,south-west,2026-08-31T23:42:31Z,2026-09-01T01:02:11Z,80,hub,2026-09-17T00:49:00Z,2026-09-17T00:49:00Z,true
south-west:SBB01391:1787992010300,south-west:SBB01391,south-west,2026-08-29T08:26:50Z,2026-08-29T09:12:20Z,46,hub,2026-09-17T00:49:00Z,2026-09-17T00:49:00Z,true
south-west:SBB01395:1788123660200,south-west:SBB01395,south-west,2026-08-30T21:01:00Z,2026-08-30T21:15:50Z,15,hub,2026-09-17T00:49:00Z,2026-09-17T00:49:00Z,true
south-west:SBB01403:1788125320200,south-west:SBB01403,south-west,2026-08-30T21:28:40Z,2026-08-30T21:32:50Z,4,hub,2026-09-17T00:49:00Z,2026-09-17T00:49:00Z,true
south-west:SBB01408:1787992325170,south-west:SBB01408,south-west,2026-08-29T08:32:05Z,2026-08-29T08:34:05Z,2,hub,2026-09-17T00:49:00Z,2026-09-17T00:49:00Z,true
south-west:SBB01412:1788107405200,south-west:SBB01412,south-west,2026-08-30T16:30:05Z,2026-08-30T16:44:05Z,14,hub,2026-09-17T00:49:00Z,2026-09-17T00:49:00Z,true
south-west:SBB01415:1787803325170,south-west:SBB01415,south-west,2026-08-27T04:02:05Z,2026-08-27T04:18:05Z,16,hub,2026-09-17T00:49:00Z,2026-09-17T00:49:00Z,true
south-west:SBB01418:1788108845170,south-west:SBB01418,south-west,2026-08-30T16:54:05Z,2026-08-30T16:56:05Z,2,hub,2026-09-17T00:49:00Z,2026-09-17T00:49:00Z,true
south-west:SBB01420:1788107645200,south-west:SBB01420,south-west,2026-08-30T16:34:05Z,2026-08-30T16:42:05Z,8,hub,2026-09-17T00:49:00Z,2026-09-17T00:49:00Z,true
south-west:SBB01427:1788124805170,south-west:SBB01427,south-west,2026-08-30T21:20:05Z,2026-08-30T21:26:05Z,6,hub,2026-09-17T00:49:00Z,2026-09-17T00:49:00Z,true
south-west:SBB01429:1788107885200,south-west:SBB01429,south-west,2026-08-30T16:38:05Z,2026-08-30T16:42:05Z,4,hub,2026-09-17T00:49:00Z,2026-09-17T00:49:00Z,true
south-west:SBB01432:1788129130400,south-west:SBB01432,south-west,2026-08-30T22:32:10Z,2026-08-30T23:19:00Z,47,hub,2026-09-17T00:49:00Z,2026-09-17T00:49:00Z,true
south-west:SBB01434:1788128760100,south-west:SBB01434,south-west,2026-08-30T22:26:00Z,2026-08-30T22:28:30Z,3,hub,2026-09-17T00:49:00Z,2026-09-17T00:49:00Z,true
southern:SWS00001:1787343290000,southern:SWS00001,southern,2026-08-21T20:14:50Z,2026-08-21T20:30:49Z,16,hub,2026-09-17T00:49:00Z,2026-09-17T00:49:00Z,true
southern:SWS00009:1788137747000,southern:SWS00009,southern,2026-08-31T00:55:47Z,2026-08-31T01:11:03Z,15,hub,2026-09-17T00:49:00Z,2026-09-17T00:49:00Z,true
southern:SWS00024:1788117960000,southern:SWS00024,southern,2026-08-30T19:26:00Z,2026-08-30T19:44:00Z,18,hub,2026-09-17T00:49:00Z,2026-09-17T00:49:00Z,true
southern:SWS00058:1787202683000,southern:SWS00058,southern,2026-08-20T05:21:00Z,2026-08-20T06:08:26Z,47,hub,2026-09-17T00:49:00Z,2026-09-17T11:32:49Z,true
southern:SWS00074:1787817120000,southern:SWS00074,southern,2026-08-27T07:52:00Z,2026-08-27T09:25:00Z,93,hub,2026-09-17T00:49:00Z,2026-09-17T00:49:00Z,true
southern:SWS00076:1787812854000,southern:SWS00076,southern,2026-08-27T06:40:54Z,2026-08-27T07:35:56Z,55,hub,2026-09-17T00:49:00Z,2026-09-17T00:49:00Z,true
southern:SWS00106:1787819462000,southern:SWS00106,southern,2026-08-27T08:31:02Z,2026-08-27T08:42:10Z,11,hub,2026-09-17T00:49:00Z,2026-09-17T00:49:00Z,true
southern:SWS00113:1787932440000,southern:SWS00113,southern,2026-08-28T15:54:00Z,2026-08-28T16:06:00Z,12,hub,2026-09-17T00:49:00Z,2026-09-17T00:49:00Z,true
southern:SWS00114:1787932440000,southern:SWS00114,southern,2026-08-28T15:54:00Z,2026-08-28T15:56:00Z,2,hub,2026-09-17T00:49:00Z,2026-09-17T00:49:00Z,true
southern:SWS00125:1787125680000,southern:SWS00125,southern,2026-08-19T07:48:00Z,2026-08-19T07:50:00Z,2,hub,2026-09-17T00:49:00Z,2026-09-17T00:49:00Z,true
southern:SWS00143:1787819830000,southern:SWS00143,southern,2026-08-27T08:37:10Z,2026-08-27T08:55:46Z,19,hub,2026-09-17T00:49:00Z,2026-09-17T00:49:00Z,true
southern:SWS00147:1788144520000,southern:SWS00147,southern,2026-08-31T02:48:40Z,2026-08-31T03:01:07Z,12,hub,2026-09-17T00:49:00Z,2026-09-17T00:49:00Z,true
southern:SWS00149:1788118123000,southern:SWS00149,southern,2026-08-30T19:28:43Z,2026-08-30T19:36:31Z,8,hub,2026-09-17T00:49:00Z,2026-09-17T00:49:00Z,true
southern:SWS00163:1788005760000,southern:SWS00163,southern,2026-08-29T12:16:00Z,2026-08-29T12:28:00Z,12,hub,2026-09-17T00:49:00Z,2026-09-17T00:49:00Z,true
southern:SWS00166:1788004440000,southern:SWS00166,southern,2026-08-29T11:54:00Z,2026-08-29T12:20:00Z,26,hub,2026-09-17T00:49:00Z,2026-09-17T00:49:00Z,true
southern:SWS00185:1787227156000,southern:SWS00185,southern,2026-08-20T11:59:16Z,2026-08-20T13:10:34Z,71,hub,2026-09-17T00:49:00Z,2026-09-17T00:49:00Z,true
southern:SWS00186:1787819040000,southern:SWS00186,southern,2026-08-27T08:24:00Z,2026-08-27T08:26:00Z,2,hub,2026-09-17T00:49:00Z,2026-09-17T00:49:00Z,true
southern:SWS00195:1788004440000,southern:SWS00195,southern,2026-08-29T11:54:00Z,2026-08-29T12:06:00Z,12,hub,2026-09-17T00:49:00Z,2026-09-17T00:49:00Z,true
southern:SWS00198:1787204746000,southern:SWS00198,southern,2026-08-20T05:45:46Z,2026-08-20T10:07:22Z,262,hub,2026-09-17T00:49:00Z,2026-09-17T00:49:00Z,true
southern:SWS00203:1788004440000,southern:SWS00203,southern,2026-08-29T11:54:00Z,2026-08-29T12:20:00Z,26,hub,2026-09-17T00:49:00Z,2026-09-17T00:49:00Z,true
southern:SWS00209:1788140760000,southern:SWS00209,southern,2026-08-31T01:46:00Z,2026-08-31T02:06:00Z,20,hub,2026-09-17T00:49:00Z,2026-09-17T00:49:00Z,true
southern:SWS00217:1787233395000,southern:SWS00217,southern,2026-08-20T13:43:15Z,2026-08-20T13:49:28Z,6,hub,2026-09-17T00:49:00Z,2026-09-17T00:49:00Z,true
southern:SWS00218:1787931969000,southern:SWS00218,southern,2026-08-28T15:46:09Z,2026-08-28T15:51:09Z,5,hub,2026-09-17T00:49:00Z,2026-09-17T00:49:00Z,true
southern:SWS00219:1787932023000,southern:SWS00219,southern,2026-08-28T15:47:03Z,2026-08-28T15:57:47Z,11,hub,2026-09-17T00:49:00Z,2026-09-17T00:49:00Z,true
southern:SWS00220:1787935439000,southern:SWS00220,southern,2026-08-28T16:43:59Z,2026-08-28T16:52:39Z,9,hub,2026-09-17T00:49:00Z,2026-09-17T00:49:00Z,true
southern:SWS00232:1787932093000,southern:SWS00232,southern,2026-08-28T15:48:13Z,2026-08-28T15:54:04Z,6,hub,2026-09-17T00:49:00Z,2026-09-17T00:49:00Z,true
southern:SWS00242:1788140773000,southern:SWS00242,southern,2026-08-31T01:46:13Z,2026-08-31T02:07:49Z,22,hub,2026-09-17T00:49:00Z,2026-09-17T00:49:00Z,true
southern:SWS00257:1787342983000,southern:SWS00257,southern,2026-08-21T20:09:43Z,2026-08-21T20:28:46Z,19,hub,2026-09-17T00:49:00Z,2026-09-17T00:49:00Z,true
southern:SWS00268:1787129866000,southern:SWS00268,southern,2026-08-19T08:57:46Z,2026-08-19T09:14:27Z,17,hub,2026-09-17T00:49:00Z,2026-09-17T00:49:00Z,true
southern:SWS00272:1787340040000,southern:SWS00272,southern,2026-08-21T19:20:40Z,2026-08-21T19:47:43Z,27,hub,2026-09-17T00:49:00Z,2026-09-17T00:49:00Z,true
southern:SWS00274:1787799478000,southern:SWS00274,southern,2026-08-27T02:57:58Z,2026-08-27T03:14:00Z,16,hub,2026-09-17T00:49:00Z,2026-09-17T00:49:00Z,true
southern:SWS00275:1787807717000,southern:SWS00275,southern,2026-08-27T05:15:17Z,2026-08-27T05:20:59Z,6,hub,2026-09-17T00:49:00Z,2026-09-17T00:49:00Z,true
southern:SWS00309:1787813935000,southern:SWS00309,southern,2026-08-27T06:58:55Z,2026-08-27T08:08:00Z,69,hub,2026-09-17T00:49:00Z,2026-09-17T00:49:00Z,true
southern:SWS00342:1787217088000,southern:SWS00342,southern,2026-08-20T09:11:28Z,2026-08-20T09:14:47Z,3,hub,2026-09-17T00:49:00Z,2026-09-17T00:49:00Z,true
southern:SWS00349:1787835840000,southern:SWS00349,southern,2026-08-27T13:04:00Z,2026-08-27T13:20:00Z,16,hub,2026-09-17T00:49:00Z,2026-09-17T00:49:00Z,true
southern:SWS00367:1788118079000,southern:SWS00367,southern,2026-08-30T19:27:59Z,2026-08-30T19:31:36Z,4,hub,2026-09-17T00:49:00Z,2026-09-17T00:49:00Z,true
southern:SWS00417:1787303355000,southern:SWS00417,southern,2026-08-21T09:09:15Z,2026-08-21T09:17:30Z,8,hub,2026-09-17T00:49:00Z,2026-09-17T00:49:00Z,true
southern:SWS00420:1787932080000,southern:SWS00420,southern,2026-08-28T15:48:00Z,2026-08-28T15:50:00Z,2,hub,2026-09-17T00:49:00Z,2026-09-17T00:49:00Z,true
southern:SWS00448:1787800021000,southern:SWS00448,southern,2026-08-27T03:07:01Z,2026-08-27T03:07:48Z,1,hub,2026-09-17T00:49:00Z,2026-09-17T00:49:00Z,true
southern:SWS00451:1788135650000,southern:SWS00451,southern,2026-08-31T00:20:50Z,2026-08-31T00:51:58Z,31,hub,2026-09-17T00:49:00Z,2026-09-17T00:49:00Z,true
southern:SWS00462:1788117317000,southern:SWS00462,southern,2026-08-30T19:15:17Z,2026-08-30T19:55:48Z,41,hub,2026-09-17T00:49:00Z,2026-09-17T00:49:00Z,true
southern:SWS00482:1787199462000,southern:SWS00482,southern,2026-08-20T04:17:42Z,2026-08-20T04:35:39Z,18,hub,2026-09-17T00:49:00Z,2026-09-17T00:49:00Z,true
southern:SWS00483:1787996803000,southern:SWS00483,southern,2026-08-29T09:46:43Z,2026-08-29T12:19:27Z,153,hub,2026-09-17T00:49:00Z,2026-09-17T00:49:00Z,true
southern:SWS00497:1788117480000,southern:SWS00497,southern,2026-08-30T19:18:00Z,2026-08-30T19:22:00Z,4,hub,2026-09-17T00:49:00Z,2026-09-17T00:49:00Z,true
southern:SWS00512:1787800979000,southern:SWS00512,southern,2026-08-27T03:22:59Z,2026-08-27T03:54:50Z,32,hub,2026-09-17T00:49:00Z,2026-09-17T00:49:00Z,true
southern:SWS00522:1787233569000,southern:SWS00522,southern,2026-08-20T13:46:09Z,2026-08-20T13:52:15Z,6,hub,2026-09-17T00:49:00Z,2026-09-17T00:49:00Z,true
southern:SWS00532:1787222938000,southern:SWS00532,southern,2026-08-20T10:48:58Z,2026-08-20T10:53:58Z,5,hub,2026-09-17T00:49:00Z,2026-09-17T00:49:00Z,true
southern:SWS00537:1788004440000,southern:SWS00537,southern,2026-08-29T11:54:00Z,2026-08-29T12:10:00Z,16,hub,2026-09-17T00:49:00Z,2026-09-17T00:49:00Z,true
southern:SWS00538:1788005251000,southern:SWS00538,southern,2026-08-29T12:07:31Z,2026-08-29T12:11:04Z,4,hub,2026-09-17T00:49:00Z,2026-09-17T00:49:00Z,true
southern:SWS00562:1788004320000,southern:SWS00562,southern,2026-08-29T11:52:00Z,2026-08-29T11:56:00Z,4,hub,2026-09-17T00:49:00Z,2026-09-17T00:49:00Z,true
southern:SWS00566:1788138793000,southern:SWS00566,southern,2026-08-31T01:13:13Z,2026-08-31T01:31:40Z,18,hub,2026-09-17T00:49:00Z,2026-09-17T00:49:00Z,true
southern:SWS00569:1787134320000,southern:SWS00569,southern,2026-08-19T10:12:00Z,2026-08-19T10:40:00Z,28,hub,2026-09-17T00:49:00Z,2026-09-17T00:49:00Z,true
southern:SWS00577:1788138348000,southern:SWS00577,southern,2026-08-31T01:05:48Z,2026-08-31T01:28:22Z,23,hub,2026-09-17T00:49:00Z,2026-09-17T00:49:00Z,true
southern:SWS00611:1788140777000,southern:SWS00611,southern,2026-08-31T01:46:17Z,2026-08-31T01:52:05Z,6,hub,2026-09-17T00:49:00Z,2026-09-17T00:49:00Z,true
southern:SWS00630:1787931678000,southern:SWS00630,southern,2026-08-28T15:41:18Z,2026-08-28T16:03:00Z,22,hub,2026-09-17T00:49:00Z,2026-09-17T00:49:00Z,true
southern:SWS00650:1787814595000,southern:SWS00650,southern,2026-08-27T07:09:55Z,2026-08-27T07:58:22Z,48,hub,2026-09-17T00:49:00Z,2026-09-17T00:49:00Z,true
southern:SWS00660:1787999925000,southern:SWS00660,southern,2026-08-29T10:38:45Z,2026-08-29T11:23:29Z,45,hub,2026-09-17T00:49:00Z,2026-09-17T00:49:00Z,true
southern:SWS00662:1787208220000,southern:SWS00662,southern,2026-08-20T06:43:40Z,2026-08-20T06:56:43Z,13,hub,2026-09-17T00:49:00Z,2026-09-17T00:49:00Z,true
southern:SWS00663:1787797333000,southern:SWS00663,southern,2026-08-27T02:22:13Z,2026-08-27T02:58:56Z,37,hub,2026-09-17T00:49:00Z,2026-09-17T00:49:00Z,true
southern:SWS00668:1787205690000,southern:SWS00668,southern,2026-08-20T06:01:30Z,2026-08-20T10:25:00Z,264,hub,2026-09-17T00:49:00Z,2026-09-17T00:49:00Z,true
southern:SWS00684:1787932860000,southern:SWS00684,southern,2026-08-28T16:01:00Z,2026-08-28T16:39:00Z,38,hub,2026-09-17T00:49:00Z,2026-09-17T00:49:00Z,true
southern:SWS00701:1788137729000,southern:SWS00701,southern,2026-08-31T00:55:29Z,2026-08-31T01:41:53Z,46,hub,2026-09-17T00:49:00Z,2026-09-17T00:49:00Z,true
southern:SWS00706:1788004680000,southern:SWS00706,southern,2026-08-29T11:58:00Z,2026-08-29T12:14:00Z,16,hub,2026-09-17T00:49:00Z,2026-09-17T00:49:00Z,true
southern:SWS00719:1787241552000,southern:SWS00719,southern,2026-08-20T15:59:12Z,2026-08-20T16:03:33Z,4,hub,2026-09-17T00:49:00Z,2026-09-17T00:49:00Z,true
southern:SWS00750:1787312134000,southern:SWS00750,southern,2026-08-21T11:35:34Z,2026-08-21T11:40:00Z,4,hub,2026-09-17T00:49:00Z,2026-09-17T00:49:00Z,true
southern:SWS00757:1788004560000,southern:SWS00757,southern,2026-08-29T11:56:00Z,2026-08-29T11:58:00Z,2,hub,2026-09-17T00:49:00Z,2026-09-17T00:49:00Z,true
southern:SWS00759:1788005040000,southern:SWS00759,southern,2026-08-29T12:04:00Z,2026-08-29T12:28:00Z,24,hub,2026-09-17T00:49:00Z,2026-09-17T00:49:00Z,true
southern:SWS00777:1788117213000,southern:SWS00777,southern,2026-08-30T19:13:33Z,2026-08-30T19:25:56Z,12,hub,2026-09-17T00:49:00Z,2026-09-17T00:49:00Z,true
southern:SWS00796:1788031620000,southern:SWS00796,southern,2026-08-29T19:27:00Z,2026-08-29T20:50:00Z,83,hub,2026-09-17T00:49:00Z,2026-09-17T00:49:00Z,true
southern:SWS00798:1788117120000,southern:SWS00798,southern,2026-08-30T19:12:00Z,2026-08-30T19:22:00Z,10,hub,2026-09-17T00:49:00Z,2026-09-17T00:49:00Z,true
southern:SWS00810:1787991240000,southern:SWS00810,southern,2026-08-29T08:14:00Z,2026-08-29T09:53:00Z,99,hub,2026-09-17T00:49:00Z,2026-09-17T00:49:00Z,true
southern:SWS00814:1787815167000,southern:SWS00814,southern,2026-08-27T07:19:27Z,2026-08-27T07:40:05Z,21,hub,2026-09-17T00:49:00Z,2026-09-17T00:49:00Z,true
southern:SWS00827:1787931840000,southern:SWS00827,southern,2026-08-28T15:44:00Z,2026-08-28T16:13:15Z,29,hub,2026-09-17T00:49:00Z,2026-09-17T00:49:00Z,true
southern:SWS00836:1788141700000,southern:SWS00836,southern,2026-08-31T02:01:40Z,2026-08-31T05:24:46Z,203,hub,2026-09-17T00:49:00Z,2026-09-17T00:49:00Z,true
southern:SWS00863:1787806920000,southern:SWS00863,southern,2026-08-27T05:02:00Z,2026-08-27T05:18:00Z,16,hub,2026-09-17T00:49:00Z,2026-09-17T00:49:00Z,true
southern:SWS00867:1788008724000,southern:SWS00867,southern,2026-08-29T13:05:24Z,2026-08-29T13:11:34Z,6,hub,2026-09-17T00:49:00Z,2026-09-17T00:49:00Z,true
southern:SWS00895:1787798188000,southern:SWS00895,southern,2026-08-27T02:36:28Z,2026-08-27T03:03:44Z,27,hub,2026-09-17T00:49:00Z,2026-09-17T00:49:00Z,true
southern:SWS00896:1788141840000,southern:SWS00896,southern,2026-08-31T02:04:00Z,2026-08-31T02:18:00Z,14,hub,2026-09-17T00:49:00Z,2026-09-17T00:49:00Z,true
southern:SWS00904:1787326012000,southern:SWS00904,southern,2026-08-21T15:26:52Z,2026-08-21T15:36:13Z,9,hub,2026-09-17T00:49:00Z,2026-09-17T00:49:00Z,true
southern:SWS00907:1787796960000,southern:SWS00907,southern,2026-08-27T02:16:00Z,2026-08-27T02:22:00Z,6,hub,2026-09-17T00:49:00Z,2026-09-17T00:49:00Z,true
southern:SWS00922:1788138780000,southern:SWS00922,southern,2026-08-31T01:13:00Z,2026-08-31T01:14:21Z,1,hub,2026-09-17T00:49:00Z,2026-09-17T00:49:00Z,true
southern:SWS00937:1787990760000,southern:SWS00937,southern,2026-08-29T08:06:00Z,2026-08-29T08:14:00Z,8,hub,2026-09-17T00:49:00Z,2026-09-17T00:49:00Z,true
southern:SWS00949:1788005938000,southern:SWS00949,southern,2026-08-29T12:18:58Z,2026-08-29T12:40:40Z,22,hub,2026-09-17T00:49:00Z,2026-09-17T00:49:00Z,true
southern:SWS00964:1788004653000,southern:SWS00964,southern,2026-08-29T11:57:33Z,2026-08-29T12:07:19Z,10,hub,2026-09-17T00:49:00Z,2026-09-17T00:49:00Z,true
southern:SWS00966:1787931733000,southern:SWS00966,southern,2026-08-28T15:42:13Z,2026-08-28T16:01:26Z,19,hub,2026-09-17T00:49:00Z,2026-09-17T00:49:00Z,true
southern:SWS00976:1787819665000,southern:SWS00976,southern,2026-08-27T08:34:25Z,2026-08-27T09:06:07Z,32,hub,2026-09-17T00:49:00Z,2026-09-17T00:49:00Z,true
southern:SWS00978:1787205073000,southern:SWS00978,southern,2026-08-20T05:51:13Z,2026-08-20T06:00:45Z,10,hub,2026-09-17T00:49:00Z,2026-09-17T00:49:00Z,true
southern:SWS90003:1787257099000,southern:SWS90003,southern,2026-08-20T20:18:19Z,2026-08-20T21:59:11Z,101,hub,2026-09-17T00:49:00Z,2026-09-17T00:49:00Z,true
southern:SWS90016:1787820397000,southern:SWS90016,southern,2026-08-27T08:46:37Z,2026-08-27T09:22:22Z,36,hub,2026-09-17T00:49:00Z,2026-09-17T00:49:00Z,true
southern:SWS90079:1787876228000,southern:SWS90079,southern,2026-08-28T00:17:08Z,2026-08-28T00:24:01Z,7,hub,2026-09-17T00:49:00Z,2026-09-17T00:49:00Z,true
southern:SWS90091:1788209270000,southern:SWS90091,southern,2026-08-31T20:47:50Z,2026-08-31T21:00:35Z,13,hub,2026-09-17T00:49:00Z,2026-09-17T00:49:00Z,true
southern:SWS90137:1787933040000,southern:SWS90137,southern,2026-08-28T16:04:00Z,2026-08-28T16:05:00Z,1,hub,2026-09-17T00:49:00Z,2026-09-17T00:49:00Z,true
thames:TWL00000:1788015480000,thames:TWL00000,thames,2026-08-29T14:58:00Z,2026-08-29T15:08:00Z,10,hub,2026-09-17T00:49:00Z,2026-09-17T00:49:00Z,true
thames:TWL00002:1788211800000,thames:TWL00002,thames,2026-08-31T21:30:00Z,2026-08-31T22:00:00Z,30,hub,2026-09-17T00:49:00Z,2026-09-17T00:49:00Z,true
thames:TWL00023:1787819400000,thames:TWL00023,thames,2026-08-27T08:30:00Z,2026-08-27T09:15:00Z,45,hub,2026-09-17T00:49:00Z,2026-09-17T00:49:00Z,true
thames:TWL00024:1787841900000,thames:TWL00024,thames,2026-08-27T14:45:00Z,2026-08-27T16:45:00Z,120,hub,2026-09-17T00:49:00Z,2026-09-17T00:49:00Z,true
thames:TWL00027:1787858100000,thames:TWL00027,thames,2026-08-27T19:15:00Z,2026-08-27T20:15:00Z,60,hub,2026-09-17T00:49:00Z,2026-09-17T00:49:00Z,true
thames:TWL00041:1786445640000,thames:TWL00041,thames,2026-08-11T10:54:00Z,2026-08-11T10:58:00Z,4,hub,2026-09-17T00:49:00Z,2026-09-17T00:49:00Z,true
thames:TWL00052:1787928300000,thames:TWL00052,thames,2026-08-28T14:45:00Z,2026-08-28T15:45:00Z,60,hub,2026-09-17T00:49:00Z,2026-09-17T00:49:00Z,true
thames:TWL00055:1788025500000,thames:TWL00055,thames,2026-08-29T17:45:00Z,2026-08-29T19:15:00Z,90,hub,2026-09-17T00:49:00Z,2026-09-17T00:49:00Z,true
thames:TWL00062:1787858100000,thames:TWL00062,thames,2026-08-27T19:15:00Z,2026-08-27T20:45:00Z,90,hub,2026-09-17T00:49:00Z,2026-09-17T00:49:00Z,true
thames:TWL00063:1788012900000,thames:TWL00063,thames,2026-08-29T14:15:00Z,2026-08-29T16:45:00Z,150,hub,2026-09-17T00:49:00Z,2026-09-17T00:49:00Z,true
thames:TWL00078:1788011100000,thames:TWL00078,thames,2026-08-29T13:45:00Z,2026-08-29T14:30:00Z,45,hub,2026-09-17T00:49:00Z,2026-09-17T00:49:00Z,true
thames:TWL00082:1788014700000,thames:TWL00082,thames,2026-08-29T14:45:00Z,2026-08-29T15:15:00Z,30,hub,2026-09-17T00:49:00Z,2026-09-17T00:49:00Z,true
thames:TWL00108:1787850900000,thames:TWL00108,thames,2026-08-27T17:15:00Z,2026-08-27T18:30:00Z,75,hub,2026-09-17T00:49:00Z,2026-09-17T00:49:00Z,true
thames:TWL00109:1786638600000,thames:TWL00109,thames,2026-08-13T16:30:00Z,2026-08-13T17:00:00Z,30,hub,2026-09-17T00:49:00Z,2026-09-17T00:49:00Z,true
thames:TWL00110:1788020100000,thames:TWL00110,thames,2026-08-29T16:15:00Z,2026-08-29T18:30:00Z,135,hub,2026-09-17T00:49:00Z,2026-09-17T00:49:00Z,true
thames:TWL00119:1788010200000,thames:TWL00119,thames,2026-08-29T13:30:00Z,2026-08-29T15:00:00Z,90,hub,2026-09-17T00:49:00Z,2026-09-17T00:49:00Z,true
thames:TWL00160:1788013800000,thames:TWL00160,thames,2026-08-29T14:30:00Z,2026-08-29T15:00:00Z,30,hub,2026-09-17T00:49:00Z,2026-09-17T00:49:00Z,true
thames:TWL00177:1788012900000,thames:TWL00177,thames,2026-08-29T14:15:00Z,2026-08-29T15:15:00Z,60,hub,2026-09-17T00:49:00Z,2026-09-17T00:49:00Z,true
thames:TWL00188:1788012000000,thames:TWL00188,thames,2026-08-29T14:00:00Z,2026-08-29T15:30:00Z,90,hub,2026-09-17T00:49:00Z,2026-09-17T00:49:00Z,true
thames:TWL00204:1788014700000,thames:TWL00204,thames,2026-08-29T14:45:00Z,2026-08-29T19:00:00Z,255,hub,2026-09-17T00:49:00Z,2026-09-17T00:49:00Z,true
thames:TWL00218:1787318100000,thames:TWL00218,thames,2026-08-21T13:15:00Z,2026-08-21T15:00:00Z,105,hub,2026-09-17T00:49:00Z,2026-09-17T00:49:00Z,true
thames:TWL00227:1788011100000,thames:TWL00227,thames,2026-08-29T13:45:00Z,2026-08-29T18:30:00Z,285,hub,2026-09-17T00:49:00Z,2026-09-17T00:49:00Z,true
thames:TWL00228:1787942700000,thames:TWL00228,thames,2026-08-28T18:45:00Z,2026-08-28T19:15:00Z,30,hub,2026-09-17T00:49:00Z,2026-09-17T00:49:00Z,true
thames:TWL00235:1787856300000,thames:TWL00235,thames,2026-08-27T18:45:00Z,2026-08-27T19:15:00Z,30,hub,2026-09-17T00:49:00Z,2026-09-17T00:49:00Z,true
thames:TWL00238:1788014700000,thames:TWL00238,thames,2026-08-29T14:45:00Z,2026-08-29T16:00:00Z,75,hub,2026-09-17T00:49:00Z,2026-09-17T00:49:00Z,true
thames:TWL00244:1788028200000,thames:TWL00244,thames,2026-08-29T18:30:00Z,2026-08-29T19:30:00Z,60,hub,2026-09-17T00:49:00Z,2026-09-17T00:49:00Z,true
thames:TWL00252:1787811300000,thames:TWL00252,thames,2026-08-27T06:15:00Z,2026-08-27T07:45:00Z,90,hub,2026-09-17T00:49:00Z,2026-09-17T00:49:00Z,true
thames:TWL00256:1787999400000,thames:TWL00256,thames,2026-08-29T10:30:00Z,2026-08-29T11:00:00Z,30,hub,2026-09-17T00:49:00Z,2026-09-17T00:49:00Z,true
thames:TWL00269:1788029100000,thames:TWL00269,thames,2026-08-29T18:45:00Z,2026-08-29T20:45:00Z,120,hub,2026-09-17T00:49:00Z,2026-09-17T00:49:00Z,true
thames:TWL00278:1787816700000,thames:TWL00278,thames,2026-08-27T07:45:00Z,2026-08-27T09:30:00Z,105,hub,2026-09-17T00:49:00Z,2026-09-17T00:49:00Z,true
thames:TWL00282:1786267800000,thames:TWL00282,thames,2026-08-09T09:30:00Z,2026-08-09T09:34:00Z,4,hub,2026-09-17T00:49:00Z,2026-09-17T00:49:00Z,true
thames:TWL00283:1788021000000,thames:TWL00283,thames,2026-08-29T16:30:00Z,2026-08-29T17:00:00Z,30,hub,2026-09-17T00:49:00Z,2026-09-17T00:49:00Z,true
thames:TWL00305:1785915000000,thames:TWL00305,thames,2026-08-05T07:30:00Z,2026-08-05T08:00:00Z,30,hub,2026-09-17T00:49:00Z,2026-09-17T00:49:00Z,true
thames:TWL00306:1786550400000,thames:TWL00306,thames,2026-08-12T16:00:00Z,2026-08-12T17:30:00Z,90,hub,2026-09-17T00:49:00Z,2026-09-17T00:49:00Z,true
thames:TWL00337:1788012900000,thames:TWL00337,thames,2026-08-29T14:15:00Z,2026-08-30T19:30:00Z,1755,hub,2026-09-17T00:49:00Z,2026-09-17T00:49:00Z,true
thames:TWL00412:1788027300000,thames:TWL00412,thames,2026-08-29T18:15:00Z,2026-08-29T19:15:00Z,60,hub,2026-09-17T00:49:00Z,2026-09-17T00:49:00Z,true
thames:TWL00420:1788020100000,thames:TWL00420,thames,2026-08-29T16:15:00Z,2026-08-29T20:45:00Z,270,hub,2026-09-17T00:49:00Z,2026-09-17T00:49:00Z,true
thames:TWL00439:1788011100000,thames:TWL00439,thames,2026-08-29T13:45:00Z,2026-08-29T15:00:00Z,75,hub,2026-09-17T00:49:00Z,2026-09-17T00:49:00Z,true
thames:TWL00445:1786324500000,thames:TWL00445,thames,2026-08-10T01:15:00Z,2026-08-10T01:45:00Z,30,hub,2026-09-17T00:49:00Z,2026-09-17T00:49:00Z,true
thames:TWL00446:1788017400000,thames:TWL00446,thames,2026-08-29T15:30:00Z,2026-08-29T19:00:00Z,210,hub,2026-09-17T00:49:00Z,2026-09-17T00:49:00Z,true
thames:TWL00449:1787943600000,thames:TWL00449,thames,2026-08-28T19:00:00Z,2026-08-29T04:15:00Z,555,hub,2026-09-17T00:49:00Z,2026-09-17T00:49:00Z,true
thames:TWL00450:1788030000000,thames:TWL00450,thames,2026-08-29T19:00:00Z,2026-08-29T21:45:00Z,165,hub,2026-09-17T00:49:00Z,2026-09-17T00:49:00Z,true
thames:TWL00461:1788014700000,thames:TWL00461,thames,2026-08-29T14:45:00Z,2026-08-29T15:30:00Z,45,hub,2026-09-17T00:49:00Z,2026-09-17T00:49:00Z,true
thames:TWL00468:1786089960000,thames:TWL00468,thames,2026-08-07T08:06:00Z,2026-08-07T08:32:00Z,26,hub,2026-09-17T00:49:00Z,2026-09-17T00:49:00Z,true
thames:TWL00480:1787652480000,thames:TWL00480,thames,2026-08-25T10:08:00Z,2026-08-25T10:12:00Z,4,hub,2026-09-17T00:49:00Z,2026-09-17T00:49:00Z,true
thames:TWL00515:1787815920000,thames:TWL00515,thames,2026-08-27T07:32:00Z,2026-08-27T07:38:00Z,6,hub,2026-09-17T00:49:00Z,2026-09-17T00:49:00Z,true
thames:TWL00600:1788013080000,thames:TWL00600,thames,2026-08-29T14:18:00Z,2026-08-29T14:26:00Z,8,hub,2026-09-17T00:49:00Z,2026-09-17T00:49:00Z,true
thames:TWL00678:1787940960000,thames:TWL00678,thames,2026-08-28T18:16:00Z,2026-08-28T18:26:00Z,10,hub,2026-09-17T00:49:00Z,2026-09-17T00:49:00Z,true
thames:TWL00689:1787818500000,thames:TWL00689,thames,2026-08-27T08:15:00Z,2026-08-27T08:45:00Z,30,hub,2026-09-17T00:49:00Z,2026-09-17T00:49:00Z,true
thames:TWL00726:1787812200000,thames:TWL00726,thames,2026-08-27T06:30:00Z,2026-08-27T10:30:00Z,240,hub,2026-09-17T00:49:00Z,2026-09-17T00:49:00Z,true
united-utilities:UUP00002:1787837880000,united-utilities:UUP00002,united-utilities,2026-08-27T13:38:00Z,2026-08-27T14:48:00Z,70,hub,2026-09-17T00:49:00Z,2026-09-17T00:49:00Z,true
united-utilities:UUP00004:1788168120000,united-utilities:UUP00004,united-utilities,2026-08-31T09:22:00Z,2026-08-31T09:26:00Z,4,hub,2026-09-17T00:49:00Z,2026-09-17T00:49:00Z,true
united-utilities:UUP00005:1787909361000,united-utilities:UUP00005,united-utilities,2026-08-28T09:29:21Z,2026-08-28T09:34:40Z,5,hub,2026-09-17T00:49:00Z,2026-09-17T00:49:00Z,true
united-utilities:UUP00011:1787914200000,united-utilities:UUP00011,united-utilities,2026-08-28T10:50:00Z,2026-08-28T10:58:00Z,8,hub,2026-09-17T00:49:00Z,2026-09-17T00:49:00Z,true
united-utilities:UUP00017:1788109680000,united-utilities:UUP00017,united-utilities,2026-08-30T17:08:00Z,2026-08-30T17:14:00Z,6,hub,2026-09-17T00:49:00Z,2026-09-17T00:49:00Z,true
united-utilities:UUP00023:1786230541000,united-utilities:UUP00023,united-utilities,2026-08-08T23:09:01Z,2026-08-08T23:20:31Z,12,hub,2026-09-17T00:49:00Z,2026-09-17T00:49:00Z,true
united-utilities:UUP00026:1787908560000,united-utilities:UUP00026,united-utilities,2026-08-28T09:16:00Z,2026-08-28T11:08:00Z,112,hub,2026-09-17T00:49:00Z,2026-09-17T00:49:00Z,true
united-utilities:UUP00030:1788165960000,united-utilities:UUP00030,united-utilities,2026-08-31T08:46:00Z,2026-08-31T09:06:00Z,20,hub,2026-09-17T00:49:00Z,2026-09-17T00:49:00Z,true
united-utilities:UUP00031:1787907960000,united-utilities:UUP00031,united-utilities,2026-08-28T09:06:00Z,2026-08-28T09:10:00Z,4,hub,2026-09-17T00:49:00Z,2026-09-17T00:49:00Z,true
united-utilities:UUP00034:1788044520000,united-utilities:UUP00034,united-utilities,2026-08-29T23:02:00Z,2026-08-29T23:12:00Z,10,hub,2026-09-17T00:49:00Z,2026-09-17T00:49:00Z,true
united-utilities:UUP00040:1787866440000,united-utilities:UUP00040,united-utilities,2026-08-27T21:34:00Z,2026-08-27T21:42:00Z,8,hub,2026-09-17T00:49:00Z,2026-09-17T00:49:00Z,true
united-utilities:UUP00041:1788038880000,united-utilities:UUP00041,united-utilities,2026-08-29T21:28:00Z,2026-08-29T21:36:00Z,8,hub,2026-09-17T00:49:00Z,2026-09-17T00:49:00Z,true
united-utilities:UUP00044:1785863160000,united-utilities:UUP00044,united-utilities,2026-08-04T17:06:00Z,2026-08-04T17:36:00Z,30,hub,2026-09-17T00:49:00Z,2026-09-17T00:49:00Z,true
united-utilities:UUP00052:1787207280000,united-utilities:UUP00052,united-utilities,2026-08-20T06:28:00Z,2026-08-20T06:46:00Z,18,hub,2026-09-17T00:49:00Z,2026-09-17T00:49:00Z,true
united-utilities:UUP00058:1787866560000,united-utilities:UUP00058,united-utilities,2026-08-27T21:36:00Z,2026-08-27T21:46:00Z,10,hub,2026-09-17T00:49:00Z,2026-09-17T00:49:00Z,true
united-utilities:UUP00063:1787214720000,united-utilities:UUP00063,united-utilities,2026-08-20T08:32:00Z,2026-08-20T08:36:00Z,4,hub,2026-09-17T00:49:00Z,2026-09-17T00:49:00Z,true
united-utilities:UUP00064:1787915400000,united-utilities:UUP00064,united-utilities,2026-08-28T11:10:00Z,2026-08-28T11:26:00Z,16,hub,2026-09-17T00:49:00Z,2026-09-17T00:49:00Z,true
united-utilities:UUP00067:1787913120000,united-utilities:UUP00067,united-utilities,2026-08-28T10:32:00Z,2026-08-28T10:38:00Z,6,hub,2026-09-17T00:49:00Z,2026-09-17T00:49:00Z,true
united-utilities:UUP00075:1787220346000,united-utilities:UUP00075,united-utilities,2026-08-20T10:05:46Z,2026-08-20T11:06:16Z,61,hub,2026-09-17T00:49:00Z,2026-09-17T00:49:00Z,true
united-utilities:UUP00078:1788038400000,united-utilities:UUP00078,united-utilities,2026-08-29T21:20:00Z,2026-08-29T21:44:00Z,24,hub,2026-09-17T00:49:00Z,2026-09-17T00:49:00Z,true
united-utilities:UUP00082:1787183640000,united-utilities:UUP00082,united-utilities,2026-08-19T23:54:00Z,2026-08-19T23:58:00Z,4,hub,2026-09-17T00:49:00Z,2026-09-17T00:49:00Z,true
united-utilities:UUP00084:1788106680000,united-utilities:UUP00084,united-utilities,2026-08-30T16:18:00Z,2026-08-30T16:22:00Z,4,hub,2026-09-17T00:49:00Z,2026-09-17T00:49:00Z,true
united-utilities:UUP00087:1787864880000,united-utilities:UUP00087,united-utilities,2026-08-27T21:08:00Z,2026-08-27T21:12:00Z,4,hub,2026-09-17T00:49:00Z,2026-09-17T00:49:00Z,true
united-utilities:UUP00092:1788024677000,united-utilities:UUP00092,united-utilities,2026-08-29T17:31:17Z,2026-08-29T17:52:14Z,21,hub,2026-09-17T00:49:00Z,2026-09-17T00:49:00Z,true
united-utilities:UUP00105:1787932200000,united-utilities:UUP00105,united-utilities,2026-08-28T15:50:00Z,2026-08-28T16:20:00Z,30,hub,2026-09-17T00:49:00Z,2026-09-17T00:49:00Z,true
united-utilities:UUP00108:1787915760000,united-utilities:UUP00108,united-utilities,2026-08-28T11:16:00Z,2026-08-28T11:24:00Z,8,hub,2026-09-17T00:49:00Z,2026-09-17T00:49:00Z,true
united-utilities:UUP00121:1787908440000,united-utilities:UUP00121,united-utilities,2026-08-28T09:14:00Z,2026-08-28T09:18:00Z,4,hub,2026-09-17T00:49:00Z,2026-09-17T00:49:00Z,true
united-utilities:UUP00124:1786360325000,united-utilities:UUP00124,united-utilities,2026-08-10T11:12:05Z,,,hub,2026-09-17T00:49:00Z,2026-09-17T00:49:00Z,
united-utilities:UUP00136:1788019800000,united-utilities:UUP00136,united-utilities,2026-08-29T16:10:00Z,2026-08-29T16:16:00Z,6,hub,2026-09-17T00:49:00Z,2026-09-17T00:49:00Z,true
united-utilities:UUP00141:1787864520000,united-utilities:UUP00141,united-utilities,2026-08-27T21:02:00Z,2026-08-27T21:24:00Z,22,hub,2026-09-17T00:49:00Z,2026-09-17T00:49:00Z,true
united-utilities:UUP00147:1787871120000,united-utilities:UUP00147,united-utilities,2026-08-27T22:52:00Z,2026-08-29T04:24:00Z,1772,hub,2026-09-17T00:49:00Z,2026-09-17T00:49:00Z,true
united-utilities:UUP00157:1788165840000,united-utilities:UUP00157,united-utilities,2026-08-31T08:44:00Z,2026-08-31T09:10:00Z,26,hub,2026-09-17T00:49:00Z,2026-09-17T00:49:00Z,true
united-utilities:UUP00162:1787116920000,united-utilities:UUP00162,united-utilities,2026-08-19T05:22:00Z,2026-08-19T05:40:00Z,18,hub,2026-09-17T00:49:00Z,2026-09-17T00:49:00Z,true
united-utilities:UUP00171:1788112296000,united-utilities:UUP00171,united-utilities,2026-08-30T17:51:36Z,2026-08-30T18:19:58Z,28,hub,2026-09-17T00:49:00Z,2026-09-17T00:49:00Z,true
united-utilities:UUP00174:1787199240000,united-utilities:UUP00174,united-utilities,2026-08-20T04:14:00Z,2026-08-20T05:36:00Z,82,hub,2026-09-17T00:49:00Z,2026-09-17T00:49:00Z,true
united-utilities:UUP00176:1788108000000,united-utilities:UUP00176,united-utilities,2026-08-30T16:40:00Z,2026-08-30T16:50:00Z,10,hub,2026-09-17T00:49:00Z,2026-09-17T00:49:00Z,true
united-utilities:UUP00181:1788109440000,united-utilities:UUP00181,united-utilities,2026-08-30T17:04:00Z,2026-08-30T17:18:00Z,14,hub,2026-09-17T00:49:00Z,2026-09-17T00:49:00Z,true
united-utilities:UUP00185:1788107400000,united-utilities:UUP00185,united-utilities,2026-08-30T16:30:00Z,2026-08-30T16:46:00Z,16,hub,2026-09-17T00:49:00Z,2026-09-17T00:49:00Z,true
united-utilities:UUP00187:1787915160000,united-utilities:UUP00187,united-utilities,2026-08-28T11:06:00Z,2026-08-28T11:10:00Z,4,hub,2026-09-17T00:49:00Z,2026-09-17T00:49:00Z,true
united-utilities:UUP00194:1787903812000,united-utilities:UUP00194,united-utilities,2026-08-28T07:56:52Z,2026-09-19T11:16:33Z,31880,hub,2026-09-17T00:49:00Z,2026-09-17T00:49:00Z,false
united-utilities:UUP00205:1788114756000,united-utilities:UUP00205,united-utilities,2026-08-30T18:32:36Z,2026-08-30T18:46:59Z,14,hub,2026-09-17T00:49:00Z,2026-09-17T00:49:00Z,true
united-utilities:UUP00208:1787911080000,united-utilities:UUP00208,united-utilities,2026-08-28T09:58:00Z,2026-08-28T10:14:00Z,16,hub,2026-09-17T00:49:00Z,2026-09-17T00:49:00Z,true
united-utilities:UUP00212:1788110400000,united-utilities:UUP00212,united-utilities,2026-08-30T17:20:00Z,2026-08-30T17:26:00Z,6,hub,2026-09-17T00:49:00Z,2026-09-17T00:49:00Z,true
united-utilities:UUP00221:1787865000000,united-utilities:UUP00221,united-utilities,2026-08-27T21:10:00Z,2026-08-27T21:20:00Z,10,hub,2026-09-17T00:49:00Z,2026-09-17T00:49:00Z,true
united-utilities:UUP00241:1787864760000,united-utilities:UUP00241,united-utilities,2026-08-27T21:06:00Z,2026-08-27T21:20:00Z,14,hub,2026-09-17T00:49:00Z,2026-09-17T00:49:00Z,true
united-utilities:UUP00249:1788112200000,united-utilities:UUP00249,united-utilities,2026-08-30T17:50:00Z,2026-08-30T17:54:00Z,4,hub,2026-09-17T00:49:00Z,2026-09-17T00:49:00Z,true
united-utilities:UUP00292:1786997640000,united-utilities:UUP00292,united-utilities,2026-08-17T20:14:00Z,2026-08-17T21:40:00Z,86,hub,2026-09-17T00:49:00Z,2026-09-17T00:49:00Z,true
united-utilities:UUP00294:1787866800000,united-utilities:UUP00294,united-utilities,2026-08-27T21:40:00Z,2026-08-27T21:52:00Z,12,hub,2026-09-17T00:49:00Z,2026-09-17T00:49:00Z,true
united-utilities:UUP00298:1787904240000,united-utilities:UUP00298,united-utilities,2026-08-28T08:04:00Z,2026-08-28T08:08:00Z,4,hub,2026-09-17T00:49:00Z,2026-09-17T00:49:00Z,true
united-utilities:UUP00300:1787913840000,united-utilities:UUP00300,united-utilities,2026-08-28T10:44:00Z,2026-08-28T11:02:00Z,18,hub,2026-09-17T00:49:00Z,2026-09-17T00:49:00Z,true
united-utilities:UUP00311:1787180640000,united-utilities:UUP00311,united-utilities,2026-08-19T23:04:00Z,2026-08-19T23:40:00Z,36,hub,2026-09-17T00:49:00Z,2026-09-17T00:49:00Z,true
united-utilities:UUP00313:1787884125000,united-utilities:UUP00313,united-utilities,2026-08-28T02:28:45Z,2026-08-28T02:33:07Z,4,hub,2026-09-17T00:49:00Z,2026-09-17T00:49:00Z,true
united-utilities:UUP00315:1788167040000,united-utilities:UUP00315,united-utilities,2026-08-31T09:04:00Z,2026-08-31T09:08:00Z,4,hub,2026-09-17T00:49:00Z,2026-09-17T00:49:00Z,true
united-utilities:UUP00317:1788110520000,united-utilities:UUP00317,united-utilities,2026-08-30T17:22:00Z,2026-08-30T17:40:00Z,18,hub,2026-09-17T00:49:00Z,2026-09-17T00:49:00Z,true
united-utilities:UUP00318:1788110280000,united-utilities:UUP00318,united-utilities,2026-08-30T17:18:00Z,2026-08-30T17:32:00Z,14,hub,2026-09-17T00:49:00Z,2026-09-17T00:49:00Z,true
united-utilities:UUP00321:1787860440000,united-utilities:UUP00321,united-utilities,2026-08-27T19:54:00Z,2026-08-27T20:02:00Z,8,hub,2026-09-17T00:49:00Z,2026-09-17T00:49:00Z,true
united-utilities:UUP00329:1787213520000,united-utilities:UUP00329,united-utilities,2026-08-20T08:12:00Z,2026-08-20T08:20:00Z,8,hub,2026-09-17T00:49:00Z,2026-09-17T00:49:00Z,true
united-utilities:UUP00346:1787916840000,united-utilities:UUP00346,united-utilities,2026-08-28T11:34:00Z,2026-08-28T11:40:00Z,6,hub,2026-09-17T00:49:00Z,2026-09-17T00:49:00Z,true
united-utilities:UUP00376:1788110520000,united-utilities:UUP00376,united-utilities,2026-08-30T17:22:00Z,2026-08-30T17:28:00Z,6,hub,2026-09-17T00:49:00Z,2026-09-17T00:49:00Z,true
united-utilities:UUP00381:1788111600000,united-utilities:UUP00381,united-utilities,2026-08-30T17:40:00Z,2026-08-30T17:58:00Z,18,hub,2026-09-17T00:49:00Z,2026-09-17T00:49:00Z,true
united-utilities:UUP00394:1787899080000,united-utilities:UUP00394,united-utilities,2026-08-28T06:38:00Z,2026-08-28T06:52:00Z,14,hub,2026-09-17T00:49:00Z,2026-09-17T00:49:00Z,true
united-utilities:UUP00404:1785744121000,united-utilities:UUP00404,united-utilities,2026-08-03T08:02:01Z,,,hub,2026-09-17T00:49:00Z,2026-09-17T00:49:00Z,
united-utilities:UUP00412:1787914200000,united-utilities:UUP00412,united-utilities,2026-08-28T10:50:00Z,2026-08-28T10:54:00Z,4,hub,2026-09-17T00:49:00Z,2026-09-17T00:49:00Z,true
united-utilities:UUP00414:1787863920000,united-utilities:UUP00414,united-utilities,2026-08-27T20:52:00Z,2026-08-27T20:58:00Z,6,hub,2026-09-17T00:49:00Z,2026-09-17T00:49:00Z,true
united-utilities:UUP00416:1788108240000,united-utilities:UUP00416,united-utilities,2026-08-30T16:44:00Z,2026-08-30T16:50:00Z,6,hub,2026-09-17T00:49:00Z,2026-09-17T00:49:00Z,true
united-utilities:UUP00419:1787099760000,united-utilities:UUP00419,united-utilities,2026-08-19T00:36:00Z,2026-08-19T00:44:00Z,8,hub,2026-09-17T00:49:00Z,2026-09-17T00:49:00Z,true
united-utilities:UUP00423:1787856120000,united-utilities:UUP00423,united-utilities,2026-08-27T18:42:00Z,2026-08-27T18:48:00Z,6,hub,2026-09-17T00:49:00Z,2026-09-17T00:49:00Z,true
united-utilities:UUP00434:1788110400000,united-utilities:UUP00434,united-utilities,2026-08-30T17:20:00Z,2026-08-30T17:32:00Z,12,hub,2026-09-17T00:49:00Z,2026-09-17T00:49:00Z,true
united-utilities:UUP00437:1788109560000,united-utilities:UUP00437,united-utilities,2026-08-30T17:06:00Z,2026-08-30T17:16:00Z,10,hub,2026-09-17T00:49:00Z,2026-09-17T00:49:00Z,true
united-utilities:UUP00451:1788111360000,united-utilities:UUP00451,united-utilities,2026-08-30T17:36:00Z,2026-08-30T17:42:00Z,6,hub,2026-09-17T00:49:00Z,2026-09-17T00:49:00Z,true
united-utilities:UUP00453:1788110280000,united-utilities:UUP00453,united-utilities,2026-08-30T17:18:00Z,2026-08-30T18:46:00Z,88,hub,2026-09-17T00:49:00Z,2026-09-17T00:49:00Z,true
united-utilities:UUP00460:1788110587000,united-utilities:UUP00460,united-utilities,2026-08-30T17:23:07Z,2026-08-30T17:38:10Z,15,hub,2026-09-17T00:49:00Z,2026-09-17T00:49:00Z,true
united-utilities:UUP00462:1787105880000,united-utilities:UUP00462,united-utilities,2026-08-19T02:18:00Z,2026-08-19T02:28:00Z,10,hub,2026-09-17T00:49:00Z,2026-09-17T00:49:00Z,true
united-utilities:UUP00463:1787915520000,united-utilities:UUP00463,united-utilities,2026-08-28T11:12:00Z,2026-08-28T11:18:00Z,6,hub,2026-09-17T00:49:00Z,2026-09-17T00:49:00Z,true
united-utilities:UUP00476:1788084720000,united-utilities:UUP00476,united-utilities,2026-08-30T10:12:00Z,2026-08-30T10:18:00Z,6,hub,2026-09-17T00:49:00Z,2026-09-17T00:49:00Z,true
united-utilities:UUP00483:1787856720000,united-utilities:UUP00483,united-utilities,2026-08-27T18:52:00Z,2026-08-27T18:58:00Z,6,hub,2026-09-17T00:49:00Z,2026-09-17T00:49:00Z,true
united-utilities:UUP00487:1787865480000,united-utilities:UUP00487,united-utilities,2026-08-27T21:18:00Z,2026-08-27T21:48:00Z,30,hub,2026-09-17T00:49:00Z,2026-09-17T00:49:00Z,true
united-utilities:UUP00501:1788110400000,united-utilities:UUP00501,united-utilities,2026-08-30T17:20:00Z,2026-08-30T17:44:00Z,24,hub,2026-09-17T00:49:00Z,2026-09-17T00:49:00Z,true
united-utilities:UUP00503:1788020079000,united-utilities:UUP00503,united-utilities,2026-08-29T16:14:39Z,2026-08-29T18:09:29Z,115,hub,2026-09-17T00:49:00Z,2026-09-17T00:49:00Z,true
united-utilities:UUP00505:1787865360000,united-utilities:UUP00505,united-utilities,2026-08-27T21:16:00Z,2026-08-27T21:56:00Z,40,hub,2026-09-17T00:49:00Z,2026-09-17T00:49:00Z,true
united-utilities:UUP00517:1788145680000,united-utilities:UUP00517,united-utilities,2026-08-31T03:08:00Z,2026-08-31T03:34:00Z,26,hub,2026-09-17T00:49:00Z,2026-09-17T00:49:00Z,true
united-utilities:UUP00519:1788161090000,united-utilities:UUP00519,united-utilities,2026-08-31T07:24:50Z,,,hub,2026-09-17T00:49:00Z,2026-09-17T00:49:00Z,
united-utilities:UUP00522:1787909520000,united-utilities:UUP00522,united-utilities,2026-08-28T09:32:00Z,2026-08-28T10:34:00Z,62,hub,2026-09-17T00:49:00Z,2026-09-17T00:49:00Z,true
united-utilities:UUP00532:1787866834000,united-utilities:UUP00532,united-utilities,2026-08-27T21:40:34Z,2026-08-27T21:44:38Z,4,hub,2026-09-17T00:49:00Z,2026-09-17T00:49:00Z,true
united-utilities:UUP00543:1787899200000,united-utilities:UUP00543,united-utilities,2026-08-28T06:40:00Z,2026-08-28T06:56:00Z,16,hub,2026-09-17T00:49:00Z,2026-09-17T00:49:00Z,true
united-utilities:UUP00555:1785862200000,united-utilities:UUP00555,united-utilities,2026-08-04T16:50:00Z,2026-08-04T16:54:00Z,4,hub,2026-09-17T00:49:00Z,2026-09-17T00:49:00Z,true
united-utilities:UUP00569:1787864640000,united-utilities:UUP00569,united-utilities,2026-08-27T21:04:00Z,2026-08-27T21:08:00Z,4,hub,2026-09-17T00:49:00Z,2026-09-17T00:49:00Z,true
united-utilities:UUP00572:1787100600000,united-utilities:UUP00572,united-utilities,2026-08-19T00:50:00Z,2026-08-19T00:54:00Z,4,hub,2026-09-17T00:49:00Z,2026-09-17T00:49:00Z,true
united-utilities:UUP00588:1788168120000,united-utilities:UUP00588,united-utilities,2026-08-31T09:22:00Z,2026-08-31T09:44:00Z,22,hub,2026-09-17T00:49:00Z,2026-09-17T00:49:00Z,true
united-utilities:UUP00594:1787865000000,united-utilities:UUP00594,united-utilities,2026-08-27T21:10:00Z,2026-08-27T21:30:00Z,20,hub,2026-09-17T00:49:00Z,2026-09-17T00:49:00Z,true
united-utilities:UUP00599:1787197320000,united-utilities:UUP00599,united-utilities,2026-08-20T03:42:00Z,2026-08-20T04:48:00Z,66,hub,2026-09-17T00:49:00Z,2026-09-17T00:49:00Z,true
united-utilities:UUP00600:1787200789000,united-utilities:UUP00600,united-utilities,2026-08-20T04:39:49Z,2026-08-21T09:00:25Z,1701,hub,2026-09-17T00:49:00Z,2026-09-17T00:49:00Z,true
united-utilities:UUP00602:1787898720000,united-utilities:UUP00602,united-utilities,2026-08-28T06:32:00Z,2026-08-28T07:00:00Z,28,hub,2026-09-17T00:49:00Z,2026-09-17T00:49:00Z,true
united-utilities:UUP00614:1787222400000,united-utilities:UUP00614,united-utilities,2026-08-20T10:40:00Z,2026-08-20T10:44:00Z,4,hub,2026-09-17T00:49:00Z,2026-09-17T00:49:00Z,true
united-utilities:UUP00616:1787914800000,united-utilities:UUP00616,united-utilities,2026-08-28T11:00:00Z,2026-08-28T11:10:00Z,10,hub,2026-09-17T00:49:00Z,2026-09-17T00:49:00Z,true
united-utilities:UUP00622:1787855520000,united-utilities:UUP00622,united-utilities,2026-08-27T18:32:00Z,2026-08-27T18:38:00Z,6,hub,2026-09-17T00:49:00Z,2026-09-17T00:49:00Z,true
united-utilities:UUP00628:1785962400000,united-utilities:UUP00628,united-utilities,2026-08-05T20:40:00Z,2026-08-05T21:10:00Z,30,hub,2026-09-17T00:49:00Z,2026-09-17T00:49:00Z,true
united-utilities:UUP00634:1787911560000,united-utilities:UUP00634,united-utilities,2026-08-28T10:06:00Z,2026-08-28T10:14:00Z,8,hub,2026-09-17T00:49:00Z,2026-09-17T00:49:00Z,true
united-utilities:UUP00638:1787210880000,united-utilities:UUP00638,united-utilities,2026-08-20T07:28:00Z,2026-08-20T07:40:00Z,12,hub,2026-09-17T00:49:00Z,2026-09-17T00:49:00Z,true
united-utilities:UUP00647:1788018874000,united-utilities:UUP00647,united-utilities,2026-08-29T15:54:34Z,2026-08-29T16:01:36Z,7,hub,2026-09-17T00:49:00Z,2026-09-17T00:49:00Z,true
united-utilities:UUP00650:1787864760000,united-utilities:UUP00650,united-utilities,2026-08-27T21:06:00Z,2026-08-27T21:20:00Z,14,hub,2026-09-17T00:49:00Z,2026-09-17T00:49:00Z,true
united-utilities:UUP00662:1788170040000,united-utilities:UUP00662,united-utilities,2026-08-31T09:54:00Z,2026-08-31T09:58:00Z,4,hub,2026-09-17T00:49:00Z,2026-09-17T00:49:00Z,true
united-utilities:UUP00663:1787865480000,united-utilities:UUP00663,united-utilities,2026-08-27T21:18:00Z,2026-08-27T21:26:00Z,8,hub,2026-09-17T00:49:00Z,2026-09-17T00:49:00Z,true
united-utilities:UUP00664:1787921080000,united-utilities:UUP00664,united-utilities,2026-08-28T12:44:40Z,2026-08-28T14:14:29Z,90,hub,2026-09-17T00:49:00Z,2026-09-17T00:49:00Z,true
united-utilities:UUP00666:1786356523000,united-utilities:UUP00666,united-utilities,2026-08-10T10:08:43Z,2026-08-10T10:15:50Z,7,hub,2026-09-17T00:49:00Z,2026-09-17T00:49:00Z,true
united-utilities:UUP00688:1788110280000,united-utilities:UUP00688,united-utilities,2026-08-30T17:18:00Z,2026-08-30T17:30:00Z,12,hub,2026-09-17T00:49:00Z,2026-09-17T00:49:00Z,true
united-utilities:UUP00722:1788110400000,united-utilities:UUP00722,united-utilities,2026-08-30T17:20:00Z,2026-08-30T17:34:00Z,14,hub,2026-09-17T00:49:00Z,2026-09-17T00:49:00Z,true
united-utilities:UUP00727:1788111360000,united-utilities:UUP00727,united-utilities,2026-08-30T17:36:00Z,2026-08-30T17:56:00Z,20,hub,2026-09-17T00:49:00Z,2026-09-17T00:49:00Z,true
united-utilities:UUP00730:1785890400000,united-utilities:UUP00730,united-utilities,2026-08-05T00:40:00Z,2026-08-05T00:44:00Z,4,hub,2026-09-17T00:49:00Z,2026-09-17T00:49:00Z,true
united-utilities:UUP00734:1787117280000,united-utilities:UUP00734,united-utilities,2026-08-19T05:28:00Z,2026-08-19T05:46:00Z,18,hub,2026-09-17T00:49:00Z,2026-09-17T00:49:00Z,true
united-utilities:UUP00743:1787916240000,united-utilities:UUP00743,united-utilities,2026-08-28T11:24:00Z,2026-08-28T11:36:00Z,12,hub,2026-09-17T00:49:00Z,2026-09-17T00:49:00Z,true
united-utilities:UUP00757:1787916941000,united-utilities:UUP00757,united-utilities,2026-08-28T11:35:41Z,2026-08-28T11:59:22Z,24,hub,2026-09-17T00:49:00Z,2026-09-17T00:49:00Z,true
united-utilities:UUP00770:1787103522000,united-utilities:UUP00770,united-utilities,2026-08-19T01:38:42Z,2026-08-19T02:48:49Z,70,hub,2026-09-17T00:49:00Z,2026-09-17T00:49:00Z,true
united-utilities:UUP00772:1787176583000,united-utilities:UUP00772,united-utilities,2026-08-19T21:56:23Z,2026-08-19T22:00:11Z,4,hub,2026-09-17T00:49:00Z,2026-09-17T00:49:00Z,true
united-utilities:UUP00775:1788106800000,united-utilities:UUP00775,united-utilities,2026-08-30T16:20:00Z,2026-08-30T16:42:00Z,22,hub,2026-09-17T00:49:00Z,2026-09-17T00:49:00Z,true
united-utilities:UUP00780:1787908920000,united-utilities:UUP00780,united-utilities,2026-08-28T09:22:00Z,2026-08-28T09:28:00Z,6,hub,2026-09-17T00:49:00Z,2026-09-17T00:49:00Z,true
united-utilities:UUP00798:1788084120000,united-utilities:UUP00798,united-utilities,2026-08-30T10:02:00Z,2026-08-30T10:06:00Z,4,hub,2026-09-17T00:49:00Z,2026-09-17T00:49:00Z,true
united-utilities:UUP00812:1787865240000,united-utilities:UUP00812,united-utilities,2026-08-27T21:14:00Z,2026-08-27T21:24:00Z,10,hub,2026-09-17T00:49:00Z,2026-09-17T00:49:00Z,true
united-utilities:UUP00817:1787207602000,united-utilities:UUP00817,united-utilities,2026-08-20T06:33:22Z,,,hub,2026-09-17T00:49:00Z,2026-09-17T00:49:00Z,
united-utilities:UUP00822:1787863746000,united-utilities:UUP00822,united-utilities,2026-08-27T20:49:06Z,2026-08-27T21:08:04Z,19,hub,2026-09-17T00:49:00Z,2026-09-17T00:49:00Z,true
united-utilities:UUP00828:1788050640000,united-utilities:UUP00828,united-utilities,2026-08-30T00:44:00Z,2026-08-30T00:50:00Z,6,hub,2026-09-17T00:49:00Z,2026-09-17T00:49:00Z,true
united-utilities:UUP00833:1788039240000,united-utilities:UUP00833,united-utilities,2026-08-29T21:34:00Z,2026-08-29T21:54:00Z,20,hub,2026-09-17T00:49:00Z,2026-09-17T00:49:00Z,true
united-utilities:UUP00840:1787099640000,united-utilities:UUP00840,united-utilities,2026-08-19T00:34:00Z,2026-08-19T00:40:00Z,6,hub,2026-09-17T00:49:00Z,2026-09-17T00:49:00Z,true
united-utilities:UUP00843:1788022339000,united-utilities:UUP00843,united-utilities,2026-08-29T16:52:19Z,2026-08-29T17:13:09Z,21,hub,2026-09-17T00:49:00Z,2026-09-17T00:49:00Z,true
united-utilities:UUP00846:1788051720000,united-utilities:UUP00846,united-utilities,2026-08-30T01:02:00Z,2026-08-30T01:24:00Z,22,hub,2026-09-17T00:49:00Z,2026-09-17T00:49:00Z,true
united-utilities:UUP00848:1787201657000,united-utilities:UUP00848,united-utilities,2026-08-20T04:54:17Z,2026-08-20T06:00:33Z,66,hub,2026-09-17T00:49:00Z,2026-09-17T00:49:00Z,true
united-utilities:UUP00856:1787865600000,united-utilities:UUP00856,united-utilities,2026-08-27T21:20:00Z,2026-08-27T21:50:00Z,30,hub,2026-09-17T00:49:00Z,2026-09-17T00:49:00Z,true
united-utilities:UUP00877:1787834498000,united-utilities:UUP00877,united-utilities,2026-08-27T12:41:38Z,2026-08-27T16:32:37Z,231,hub,2026-09-17T00:49:00Z,2026-09-17T00:49:00Z,true
united-utilities:UUP00879:1786784054000,united-utilities:UUP00879,united-utilities,2026-08-15T08:54:14Z,2026-08-15T10:26:47Z,93,hub,2026-09-17T00:49:00Z,2026-09-17T00:49:00Z,true
united-utilities:UUP00885:1787825880000,united-utilities:UUP00885,united-utilities,2026-08-27T10:18:00Z,2026-08-27T10:26:00Z,8,hub,2026-09-17T00:49:00Z,2026-09-17T00:49:00Z,true
united-utilities:UUP00894:1788111000000,united-utilities:UUP00894,united-utilities,2026-08-30T17:30:00Z,2026-08-30T17:46:00Z,16,hub,2026-09-17T00:49:00Z,2026-09-17T00:49:00Z,true
united-utilities:UUP00910:1788108480000,united-utilities:UUP00910,united-utilities,2026-08-30T16:48:00Z,2026-08-30T17:06:00Z,18,hub,2026-09-17T00:49:00Z,2026-09-17T00:49:00Z,true
united-utilities:UUP00911:1788166080000,united-utilities:UUP00911,united-utilities,2026-08-31T08:48:00Z,2026-08-31T09:00:00Z,12,hub,2026-09-17T00:49:00Z,2026-09-17T00:49:00Z,true
united-utilities:UUP00912:1788165600000,united-utilities:UUP00912,united-utilities,2026-08-31T08:40:00Z,2026-08-31T08:48:00Z,8,hub,2026-09-17T00:49:00Z,2026-09-17T00:49:00Z,true
united-utilities:UUP00913:1787866200000,united-utilities:UUP00913,united-utilities,2026-08-27T21:30:00Z,2026-08-27T21:32:00Z,2,hub,2026-09-17T00:49:00Z,2026-09-17T00:49:00Z,true
united-utilities:UUP00922:1788169440000,united-utilities:UUP00922,united-utilities,2026-08-31T09:44:00Z,2026-08-31T09:54:00Z,10,hub,2026-09-17T00:49:00Z,2026-09-17T00:49:00Z,true
united-utilities:UUP00923:1788109320000,united-utilities:UUP00923,united-utilities,2026-08-30T17:02:00Z,2026-08-30T17:10:00Z,8,hub,2026-09-17T00:49:00Z,2026-09-17T00:49:00Z,true
united-utilities:UUP00950:1787893174000,united-utilities:UUP00950,united-utilities,2026-08-28T04:59:34Z,2026-08-28T05:14:49Z,15,hub,2026-09-17T00:49:00Z,2026-09-17T00:49:00Z,true
united-utilities:UUP00952:1788111480000,united-utilities:UUP00952,united-utilities,2026-08-30T17:38:00Z,2026-08-30T17:44:00Z,6,hub,2026-09-17T00:49:00Z,2026-09-17T00:49:00Z,true
united-utilities:UUP00964:1787919360000,united-utilities:UUP00964,united-utilities,2026-08-28T12:16:00Z,2026-08-28T12:26:00Z,10,hub,2026-09-17T00:49:00Z,2026-09-17T00:49:00Z,true
united-utilities:UUP00975:1788108480000,united-utilities:UUP00975,united-utilities,2026-08-30T16:48:00Z,2026-08-30T16:56:00Z,8,hub,2026-09-17T00:49:00Z,2026-09-17T00:49:00Z,true
united-utilities:UUP00990:1787179140000,united-utilities:UUP00990,united-utilities,2026-08-19T22:39:00Z,2026-08-20T02:07:22Z,208,hub,2026-09-17T00:49:00Z,2026-09-17T00:49:00Z,true
united-utilities:UUP00993:1785850920000,united-utilities:UUP00993,united-utilities,2026-08-04T13:42:00Z,2026-08-04T13:46:00Z,4,hub,2026-09-17T00:49:00Z,2026-09-17T00:49:00Z,true
united-utilities:UUP01001:1788111000000,united-utilities:UUP01001,united-utilities,2026-08-30T17:30:00Z,2026-08-30T17:54:00Z,24,hub,2026-09-17T00:49:00Z,2026-09-17T00:49:00Z,true
united-utilities:UUP01016:1787913240000,united-utilities:UUP01016,united-utilities,2026-08-28T10:34:00Z,2026-08-28T10:40:00Z,6,hub,2026-09-17T00:49:00Z,2026-09-17T00:49:00Z,true
united-utilities:UUP01017:1787131800000,united-utilities:UUP01017,united-utilities,2026-08-19T09:30:00Z,2026-08-19T09:36:00Z,6,hub,2026-09-17T00:49:00Z,2026-09-17T00:49:00Z,true
united-utilities:UUP01034:1788111720000,united-utilities:UUP01034,united-utilities,2026-08-30T17:42:00Z,2026-08-30T17:48:00Z,6,hub,2026-09-17T00:49:00Z,2026-09-17T00:49:00Z,true
united-utilities:UUP01041:1787919000000,united-utilities:UUP01041,united-utilities,2026-08-28T12:10:00Z,2026-08-28T12:16:00Z,6,hub,2026-09-17T00:49:00Z,2026-09-17T00:49:00Z,true
united-utilities:UUP01042:1787919000000,united-utilities:UUP01042,united-utilities,2026-08-28T12:10:00Z,2026-08-28T12:16:00Z,6,hub,2026-09-17T00:49:00Z,2026-09-17T00:49:00Z,true
united-utilities:UUP01047:1788120120000,united-utilities:UUP01047,united-utilities,2026-08-30T20:02:00Z,2026-08-30T20:24:00Z,22,hub,2026-09-17T00:49:00Z,2026-09-17T00:49:00Z,true
united-utilities:UUP01054:1787188680000,united-utilities:UUP01054,united-utilities,2026-08-20T01:18:00Z,2026-08-20T01:24:00Z,6,hub,2026-09-17T00:49:00Z,2026-09-17T00:49:00Z,true
united-utilities:UUP01061:1788165611000,united-utilities:UUP01061,united-utilities,2026-08-31T08:40:11Z,2026-08-31T08:46:36Z,6,hub,2026-09-17T00:49:00Z,2026-09-17T00:49:00Z,true
united-utilities:UUP01063:1787851363000,united-utilities:UUP01063,united-utilities,2026-08-27T17:22:43Z,2026-08-27T17:24:47Z,2,hub,2026-09-17T00:49:00Z,2026-09-17T00:49:00Z,true
united-utilities:UUP01068:1787864160000,united-utilities:UUP01068,united-utilities,2026-08-27T20:56:00Z,2026-08-27T21:00:00Z,4,hub,2026-09-17T00:49:00Z,2026-09-17T00:49:00Z,true
united-utilities:UUP01105:1787841840000,united-utilities:UUP01105,united-utilities,2026-08-27T14:44:00Z,2026-08-27T14:50:00Z,6,hub,2026-09-17T00:49:00Z,2026-09-17T00:49:00Z,true
united-utilities:UUP01107:1788111000000,united-utilities:UUP01107,united-utilities,2026-08-30T17:30:00Z,2026-08-30T17:52:00Z,22,hub,2026-09-17T00:49:00Z,2026-09-17T00:49:00Z,true
united-utilities:UUP01109:1787048332000,united-utilities:UUP01109,united-utilities,2026-08-18T10:18:52Z,2026-08-18T10:28:40Z,10,hub,2026-09-17T00:49:00Z,2026-09-17T00:49:00Z,true
united-utilities:UUP01112:1787216175000,united-utilities:UUP01112,united-utilities,2026-08-20T08:56:15Z,2026-08-20T09:10:47Z,15,hub,2026-09-17T00:49:00Z,2026-09-17T00:49:00Z,true
united-utilities:UUP01114:1787908320000,united-utilities:UUP01114,united-utilities,2026-08-28T09:12:00Z,2026-08-28T09:20:00Z,8,hub,2026-09-17T00:49:00Z,2026-09-17T00:49:00Z,true
united-utilities:UUP01133:1788114000000,united-utilities:UUP01133,united-utilities,2026-08-30T18:20:00Z,2026-08-30T18:30:00Z,10,hub,2026-09-17T00:49:00Z,2026-09-17T00:49:00Z,true
united-utilities:UUP01136:1787204520000,united-utilities:UUP01136,united-utilities,2026-08-20T05:42:00Z,2026-08-20T05:46:00Z,4,hub,2026-09-17T00:49:00Z,2026-09-17T00:49:00Z,true
united-utilities:UUP01144:1788108240000,united-utilities:UUP01144,united-utilities,2026-08-30T16:44:00Z,2026-08-30T16:52:00Z,8,hub,2026-09-17T00:49:00Z,2026-09-17T00:49:00Z,true
united-utilities:UUP01155:1788021057000,united-utilities:UUP01155,united-utilities,2026-08-29T16:30:57Z,2026-08-29T17:32:28Z,62,hub,2026-09-17T00:49:00Z,2026-09-17T00:49:00Z,true
united-utilities:UUP01176:1788110880000,united-utilities:UUP01176,united-utilities,2026-08-30T17:28:00Z,2026-08-30T17:44:00Z,16,hub,2026-09-17T00:49:00Z,2026-09-17T00:49:00Z,true
united-utilities:UUP01189:1788034560000,united-utilities:UUP01189,united-utilities,2026-08-29T20:16:00Z,2026-08-29T20:32:00Z,16,hub,2026-09-17T00:49:00Z,2026-09-17T00:49:00Z,true
united-utilities:UUP01193:1787912280000,united-utilities:UUP01193,united-utilities,2026-08-28T10:18:00Z,2026-08-28T10:26:00Z,8,hub,2026-09-17T00:49:00Z,2026-09-17T00:49:00Z,true
united-utilities:UUP01208:1785862996000,united-utilities:UUP01208,united-utilities,2026-08-04T17:03:16Z,2026-08-04T17:19:35Z,16,hub,2026-09-17T00:49:00Z,2026-09-17T00:49:00Z,true
united-utilities:UUP01210:1787916240000,united-utilities:UUP01210,united-utilities,2026-08-28T11:24:00Z,2026-08-28T11:34:00Z,10,hub,2026-09-17T00:49:00Z,2026-09-17T00:49:00Z,true
united-utilities:UUP01211:1788114480000,united-utilities:UUP01211,united-utilities,2026-08-30T18:28:00Z,2026-08-30T18:56:00Z,28,hub,2026-09-17T00:49:00Z,2026-09-17T00:49:00Z,true
united-utilities:UUP01222:1788111480000,united-utilities:UUP01222,united-utilities,2026-08-30T17:38:00Z,2026-08-30T17:42:00Z,4,hub,2026-09-17T00:49:00Z,2026-09-17T00:49:00Z,true
united-utilities:UUP01226:1788110640000,united-utilities:UUP01226,united-utilities,2026-08-30T17:24:00Z,2026-08-30T17:46:00Z,22,hub,2026-09-17T00:49:00Z,2026-09-17T00:49:00Z,true
united-utilities:UUP01229:1787215920000,united-utilities:UUP01229,united-utilities,2026-08-20T08:52:00Z,2026-08-20T09:10:00Z,18,hub,2026-09-17T00:49:00Z,2026-09-17T00:49:00Z,true
united-utilities:UUP01237:1787215680000,united-utilities:UUP01237,united-utilities,2026-08-20T08:48:00Z,2026-08-20T09:00:00Z,12,hub,2026-09-17T00:49:00Z,2026-09-17T00:49:00Z,true
united-utilities:UUP01239:1788111000000,united-utilities:UUP01239,united-utilities,2026-08-30T17:30:00Z,2026-08-30T17:42:00Z,12,hub,2026-09-17T00:49:00Z,2026-09-17T00:49:00Z,true
united-utilities:UUP01243:1787859720000,united-utilities:UUP01243,united-utilities,2026-08-27T19:42:00Z,2026-08-27T20:08:00Z,26,hub,2026-09-17T00:49:00Z,2026-09-17T00:49:00Z,true
united-utilities:UUP01245:1787196600000,united-utilities:UUP01245,united-utilities,2026-08-20T03:30:00Z,2026-08-20T03:32:00Z,2,hub,2026-09-17T00:49:00Z,2026-09-17T00:49:00Z,true
united-utilities:UUP01247:1787908320000,united-utilities:UUP01247,united-utilities,2026-08-28T09:12:00Z,2026-08-28T09:18:00Z,6,hub,2026-09-17T00:49:00Z,2026-09-17T00:49:00Z,true
united-utilities:UUP01249:1787899560000,united-utilities:UUP01249,united-utilities,2026-08-28T06:46:00Z,2026-08-28T06:58:00Z,12,hub,2026-09-17T00:49:00Z,2026-09-17T00:49:00Z,true
united-utilities:UUP01253:1785850920000,united-utilities:UUP01253,united-utilities,2026-08-04T13:42:00Z,2026-08-04T13:50:00Z,8,hub,2026-09-17T00:49:00Z,2026-09-17T00:49:00Z,true
united-utilities:UUP01254:1787866320000,united-utilities:UUP01254,united-utilities,2026-08-27T21:32:00Z,2026-08-27T21:36:00Z,4,hub,2026-09-17T00:49:00Z,2026-09-17T00:49:00Z,true
united-utilities:UUP01259:1787864040000,united-utilities:UUP01259,united-utilities,2026-08-27T20:54:00Z,2026-08-27T21:26:00Z,32,hub,2026-09-17T00:49:00Z,2026-09-17T00:49:00Z,true
united-utilities:UUP01261:1788111240000,united-utilities:UUP01261,united-utilities,2026-08-30T17:34:00Z,2026-08-30T17:50:00Z,16,hub,2026-09-17T00:49:00Z,2026-09-17T00:49:00Z,true
united-utilities:UUP01262:1787859600000,united-utilities:UUP01262,united-utilities,2026-08-27T19:40:00Z,2026-08-27T19:50:00Z,10,hub,2026-09-17T00:49:00Z,2026-09-17T00:49:00Z,true
united-utilities:UUP01272:1787209737000,united-utilities:UUP01272,united-utilities,2026-08-20T07:08:57Z,2026-08-20T07:11:13Z,2,hub,2026-09-17T00:49:00Z,2026-09-17T00:49:00Z,true
united-utilities:UUP01273:1787915005000,united-utilities:UUP01273,united-utilities,2026-08-28T11:03:25Z,2026-08-28T11:12:30Z,9,hub,2026-09-17T00:49:00Z,2026-09-17T00:49:00Z,true
united-utilities:UUP01276:1787119080000,united-utilities:UUP01276,united-utilities,2026-08-19T05:58:00Z,2026-08-19T06:06:00Z,8,hub,2026-09-17T00:49:00Z,2026-09-17T00:49:00Z,true
united-utilities:UUP01280:1787215320000,united-utilities:UUP01280,united-utilities,2026-08-20T08:42:00Z,2026-08-20T10:00:00Z,78,hub,2026-09-17T00:49:00Z,2026-09-17T00:49:00Z,true
united-utilities:UUP01294:1788114240000,united-utilities:UUP01294,united-utilities,2026-08-30T18:24:00Z,2026-08-30T18:44:00Z,20,hub,2026-09-17T00:49:00Z,2026-09-17T00:49:00Z,true
united-utilities:UUP01298:1787218610000,united-utilities:UUP01298,united-utilities,2026-08-20T09:36:50Z,2026-08-20T09:37:44Z,1,hub,2026-09-17T00:49:00Z,2026-09-17T00:49:00Z,true
united-utilities:UUP01299:1787863200000,united-utilities:UUP01299,united-utilities,2026-08-27T20:40:00Z,2026-08-27T20:48:00Z,8,hub,2026-09-17T00:49:00Z,2026-09-17T00:49:00Z,true
united-utilities:UUP01302:1788165960000,united-utilities:UUP01302,united-utilities,2026-08-31T08:46:00Z,2026-08-31T09:04:00Z,18,hub,2026-09-17T00:49:00Z,2026-09-17T00:49:00Z,true
united-utilities:UUP01309:1787916360000,united-utilities:UUP01309,united-utilities,2026-08-28T11:26:00Z,2026-08-28T11:30:00Z,4,hub,2026-09-17T00:49:00Z,2026-09-17T00:49:00Z,true
united-utilities:UUP01310:1787919062000,united-utilities:UUP01310,united-utilities,2026-08-28T12:11:02Z,2026-08-28T12:17:27Z,6,hub,2026-09-17T00:49:00Z,2026-09-17T00:49:00Z,true
united-utilities:UUP01314:1787190551000,united-utilities:UUP01314,united-utilities,2026-08-20T01:49:11Z,2026-08-20T03:13:58Z,85,hub,2026-09-17T00:49:00Z,2026-09-17T00:49:00Z,true
united-utilities:UUP01334:1788110640000,united-utilities:UUP01334,united-utilities,2026-08-30T17:24:00Z,2026-08-30T17:28:00Z,4,hub,2026-09-17T00:49:00Z,2026-09-17T00:49:00Z,true
united-utilities:UUP01338:1787834160000,united-utilities:UUP01338,united-utilities,2026-08-27T12:36:00Z,,,hub,2026-09-17T00:49:00Z,2026-09-17T00:49:00Z,
united-utilities:UUP01339:1785941040000,united-utilities:UUP01339,united-utilities,2026-08-05T14:44:00Z,2026-08-05T14:54:00Z,10,hub,2026-09-17T00:49:00Z,2026-09-17T00:49:00Z,true
united-utilities:UUP01356:1788020040000,united-utilities:UUP01356,united-utilities,2026-08-29T16:14:00Z,2026-08-29T16:44:00Z,30,hub,2026-09-17T00:49:00Z,2026-09-17T00:49:00Z,true
united-utilities:UUP01359:1788110040000,united-utilities:UUP01359,united-utilities,2026-08-30T17:14:00Z,2026-08-30T17:32:00Z,18,hub,2026-09-17T00:49:00Z,2026-09-17T00:49:00Z,true
united-utilities:UUP01369:1787901960000,united-utilities:UUP01369,united-utilities,2026-08-28T07:26:00Z,2026-08-28T07:34:00Z,8,hub,2026-09-17T00:49:00Z,2026-09-17T00:49:00Z,true
united-utilities:UUP01379:1787909040000,united-utilities:UUP01379,united-utilities,2026-08-28T09:24:00Z,2026-08-28T09:34:00Z,10,hub,2026-09-17T00:49:00Z,2026-09-17T00:49:00Z,true
united-utilities:UUP01386:1787919120000,united-utilities:UUP01386,united-utilities,2026-08-28T12:12:00Z,2026-08-28T12:16:00Z,4,hub,2026-09-17T00:49:00Z,2026-09-17T00:49:00Z,true
united-utilities:UUP01396:1788109320000,united-utilities:UUP01396,united-utilities,2026-08-30T17:02:00Z,2026-08-30T17:20:00Z,18,hub,2026-09-17T00:49:00Z,2026-09-17T00:49:00Z,true
united-utilities:UUP01414:1787908320000,united-utilities:UUP01414,united-utilities,2026-08-28T09:12:00Z,2026-08-28T09:28:00Z,16,hub,2026-09-17T00:49:00Z,2026-09-17T00:49:00Z,true
united-utilities:UUP01416:1787199240000,united-utilities:UUP01416,united-utilities,2026-08-20T04:14:00Z,2026-08-20T04:18:00Z,4,hub,2026-09-17T00:49:00Z,2026-09-17T00:49:00Z,true
united-utilities:UUP01421:1787857800000,united-utilities:UUP01421,united-utilities,2026-08-27T19:10:00Z,2026-08-27T19:28:00Z,18,hub,2026-09-17T00:49:00Z,2026-09-17T00:49:00Z,true
united-utilities:UUP01422:1787857680000,united-utilities:UUP01422,united-utilities,2026-08-27T19:08:00Z,2026-08-27T19:24:00Z,16,hub,2026-09-17T00:49:00Z,2026-09-17T00:49:00Z,true
united-utilities:UUP01430:1787861520000,united-utilities:UUP01430,united-utilities,2026-08-27T20:12:00Z,2026-08-27T20:16:00Z,4,hub,2026-09-17T00:49:00Z,2026-09-17T00:49:00Z,true
united-utilities:UUP01433:1787131680000,united-utilities:UUP01433,united-utilities,2026-08-19T09:28:00Z,2026-08-19T09:34:00Z,6,hub,2026-09-17T00:49:00Z,2026-09-17T00:49:00Z,true
united-utilities:UUP01441:1788110280000,united-utilities:UUP01441,united-utilities,2026-08-30T17:18:00Z,2026-08-30T17:22:00Z,4,hub,2026-09-17T00:49:00Z,2026-09-17T00:49:00Z,true
united-utilities:UUP01444:1787914800000,united-utilities:UUP01444,united-utilities,2026-08-28T11:00:00Z,2026-08-28T11:06:00Z,6,hub,2026-09-17T00:49:00Z,2026-09-17T00:49:00Z,true
united-utilities:UUP01450:1785850800000,united-utilities:UUP01450,united-utilities,2026-08-04T13:40:00Z,2026-08-04T13:52:00Z,12,hub,2026-09-17T00:49:00Z,2026-09-17T00:49:00Z,true
united-utilities:UUP01462:1787856764000,united-utilities:UUP01462,united-utilities,2026-08-27T18:52:44Z,2026-08-27T22:32:56Z,220,hub,2026-09-17T00:49:00Z,2026-09-17T00:49:00Z,true
united-utilities:UUP01468:1787117400000,united-utilities:UUP01468,united-utilities,2026-08-19T05:30:00Z,2026-08-19T05:32:00Z,2,hub,2026-09-17T00:49:00Z,2026-09-17T00:49:00Z,true
united-utilities:UUP01479:1786542744000,united-utilities:UUP01479,united-utilities,2026-08-12T13:52:24Z,,,hub,2026-09-17T00:49:00Z,2026-09-17T00:49:00Z,
united-utilities:UUP01484:1787859360000,united-utilities:UUP01484,united-utilities,2026-08-27T19:36:00Z,2026-08-27T20:06:00Z,30,hub,2026-09-17T00:49:00Z,2026-09-17T00:49:00Z,true
united-utilities:UUP01494:1788114813000,united-utilities:UUP01494,united-utilities,2026-08-30T18:33:33Z,2026-08-30T19:09:54Z,36,hub,2026-09-17T00:49:00Z,2026-09-17T00:49:00Z,true
united-utilities:UUP01511:1788110400000,united-utilities:UUP01511,united-utilities,2026-08-30T17:20:00Z,2026-08-30T17:28:00Z,8,hub,2026-09-17T00:49:00Z,2026-09-17T00:49:00Z,true
united-utilities:UUP01515:1787913120000,united-utilities:UUP01515,united-utilities,2026-08-28T10:32:00Z,2026-08-28T10:38:00Z,6,hub,2026-09-17T00:49:00Z,2026-09-17T00:49:00Z,true
united-utilities:UUP01532:1786540960000,united-utilities:UUP01532,united-utilities,2026-08-12T13:22:40Z,2026-08-12T13:26:47Z,4,hub,2026-09-17T00:49:00Z,2026-09-17T00:49:00Z,true
united-utilities:UUP01549:1786537432000,united-utilities:UUP01549,united-utilities,2026-08-12T12:23:52Z,2026-08-12T12:53:49Z,30,hub,2026-09-17T00:49:00Z,2026-09-17T00:49:00Z,true
united-utilities:UUP01552:1787196840000,united-utilities:UUP01552,united-utilities,2026-08-20T03:34:00Z,2026-08-20T03:38:00Z,4,hub,2026-09-17T00:49:00Z,2026-09-17T00:49:00Z,true
united-utilities:UUP01557:1787711640000,united-utilities:UUP01557,united-utilities,2026-08-26T02:34:00Z,2026-08-26T02:36:00Z,2,hub,2026-09-17T00:49:00Z,2026-09-17T00:49:00Z,true
united-utilities:UUP01561:1787673480000,united-utilities:UUP01561,united-utilities,2026-08-25T15:58:00Z,2026-08-25T17:32:00Z,94,hub,2026-09-17T00:49:00Z,2026-09-17T00:49:00Z,true
united-utilities:UUP01562:1787914680000,united-utilities:UUP01562,united-utilities,2026-08-28T10:58:00Z,2026-08-28T11:04:00Z,6,hub,2026-09-17T00:49:00Z,2026-09-17T00:49:00Z,true
united-utilities:UUP01564:1787187600000,united-utilities:UUP01564,united-utilities,2026-08-20T01:00:00Z,2026-08-20T01:02:00Z,2,hub,2026-09-17T00:49:00Z,2026-09-17T00:49:00Z,true
united-utilities:UUP01591:1787916600000,united-utilities:UUP01591,united-utilities,2026-08-28T11:30:00Z,2026-08-28T11:40:00Z,10,hub,2026-09-17T00:49:00Z,2026-09-17T00:49:00Z,true
united-utilities:UUP01598:1788110760000,united-utilities:UUP01598,united-utilities,2026-08-30T17:26:00Z,2026-08-30T17:42:00Z,16,hub,2026-09-17T00:49:00Z,2026-09-17T00:49:00Z,true
united-utilities:UUP01604:1788114840000,united-utilities:UUP01604,united-utilities,2026-08-30T18:34:00Z,2026-08-30T19:20:00Z,46,hub,2026-09-17T00:49:00Z,2026-09-17T00:49:00Z,true
united-utilities:UUP01608:1788116042000,united-utilities:UUP01608,united-utilities,2026-08-30T18:54:02Z,2026-08-30T19:12:19Z,18,hub,2026-09-17T00:49:00Z,2026-09-17T00:49:00Z,true
united-utilities:UUP01611:1787219280000,united-utilities:UUP01611,united-utilities,2026-08-20T09:48:00Z,2026-08-20T09:54:00Z,6,hub,2026-09-17T00:49:00Z,2026-09-17T00:49:00Z,true
united-utilities:UUP01638:1787117400000,united-utilities:UUP01638,united-utilities,2026-08-19T05:30:00Z,2026-08-19T05:32:00Z,2,hub,2026-09-17T00:49:00Z,2026-09-17T00:49:00Z,true
united-utilities:UUP01643:1787908680000,united-utilities:UUP01643,united-utilities,2026-08-28T09:18:00Z,2026-08-28T09:56:00Z,38,hub,2026-09-17T00:49:00Z,2026-09-17T00:49:00Z,true
united-utilities:UUP01645:1787225400000,united-utilities:UUP01645,united-utilities,2026-08-20T11:30:00Z,2026-08-20T11:32:00Z,2,hub,2026-09-17T00:49:00Z,2026-09-17T00:49:00Z,true
united-utilities:UUP01646:1787103120000,united-utilities:UUP01646,united-utilities,2026-08-19T01:32:00Z,2026-08-19T01:36:00Z,4,hub,2026-09-17T00:49:00Z,2026-09-17T00:49:00Z,true
united-utilities:UUP01648:1788018000000,united-utilities:UUP01648,united-utilities,2026-08-29T15:40:00Z,2026-08-29T15:46:00Z,6,hub,2026-09-17T00:49:00Z,2026-09-17T00:49:00Z,true
united-utilities:UUP01662:1787865360000,united-utilities:UUP01662,united-utilities,2026-08-27T21:16:00Z,2026-08-27T21:24:00Z,8,hub,2026-09-17T00:49:00Z,2026-09-17T00:49:00Z,true
united-utilities:UUP01671:1788111480000,united-utilities:UUP01671,united-utilities,2026-08-30T17:38:00Z,2026-08-30T17:44:00Z,6,hub,2026-09-17T00:49:00Z,2026-09-17T00:49:00Z,true
united-utilities:UUP01681:1788110400000,united-utilities:UUP01681,united-utilities,2026-08-30T17:20:00Z,2026-08-30T17:42:00Z,22,hub,2026-09-17T00:49:00Z,2026-09-17T00:49:00Z,true
united-utilities:UUP01700:1786512600000,united-utilities:UUP01700,united-utilities,2026-08-12T05:30:00Z,2026-08-12T05:40:00Z,10,hub,2026-09-17T00:49:00Z,2026-09-17T00:49:00Z,true
united-utilities:UUP01713:1788102737000,united-utilities:UUP01713,united-utilities,2026-08-30T15:12:17Z,2026-08-30T16:12:35Z,60,hub,2026-09-17T00:49:00Z,2026-09-17T00:49:00Z,true
united-utilities:UUP01714:1785850998000,united-utilities:UUP01714,united-utilities,2026-08-04T13:43:18Z,2026-08-04T13:55:04Z,12,hub,2026-09-17T00:49:00Z,2026-09-17T00:49:00Z,true
united-utilities:UUP01715:1786623381000,united-utilities:UUP01715,united-utilities,2026-08-13T12:16:21Z,2026-08-13T13:53:53Z,98,hub,2026-09-17T00:49:00Z,2026-09-17T00:49:00Z,true
united-utilities:UUP01723:1788116055000,united-utilities:UUP01723,united-utilities,2026-08-30T18:54:15Z,2026-08-30T19:22:25Z,28,hub,2026-09-17T00:49:00Z,2026-09-17T00:49:00Z,true
united-utilities:UUP01728:1787914200000,united-utilities:UUP01728,united-utilities,2026-08-28T10:50:00Z,2026-08-28T10:54:00Z,4,hub,2026-09-17T00:49:00Z,2026-09-17T00:49:00Z,true
united-utilities:UUP01730:1787101080000,united-utilities:UUP01730,united-utilities,2026-08-19T00:58:00Z,2026-08-19T01:34:00Z,36,hub,2026-09-17T00:49:00Z,2026-09-17T00:49:00Z,true
united-utilities:UUP01738:1788100440000,united-utilities:UUP01738,united-utilities,2026-08-30T14:34:00Z,2026-08-30T14:40:00Z,6,hub,2026-09-17T00:49:00Z,2026-09-17T00:49:00Z,true
united-utilities:UUP01739:1787956775000,united-utilities:UUP01739,united-utilities,2026-08-28T22:39:35Z,2026-08-28T22:41:46Z,2,hub,2026-09-17T00:49:00Z,2026-09-17T00:49:00Z,true
united-utilities:UUP01747:1788111000000,united-utilities:UUP01747,united-utilities,2026-08-30T17:30:00Z,2026-08-30T17:32:00Z,2,hub,2026-09-17T00:49:00Z,2026-09-17T00:49:00Z,true
united-utilities:UUP01756:1787213640000,united-utilities:UUP01756,united-utilities,2026-08-20T08:14:00Z,2026-08-20T08:30:00Z,16,hub,2026-09-17T00:49:00Z,2026-09-17T00:49:00Z,true
united-utilities:UUP01757:1787908920000,united-utilities:UUP01757,united-utilities,2026-08-28T09:22:00Z,2026-08-28T09:42:00Z,20,hub,2026-09-17T00:49:00Z,2026-09-17T00:49:00Z,true
united-utilities:UUP01768:1788114360000,united-utilities:UUP01768,united-utilities,2026-08-30T18:26:00Z,2026-08-30T18:32:00Z,6,hub,2026-09-17T00:49:00Z,2026-09-17T00:49:00Z,true
united-utilities:UUP01784:1788111240000,united-utilities:UUP01784,united-utilities,2026-08-30T17:34:00Z,2026-08-30T17:50:00Z,16,hub,2026-09-17T00:49:00Z,2026-09-17T00:49:00Z,true
united-utilities:UUP01796:1787862240000,united-utilities:UUP01796,united-utilities,2026-08-27T20:24:00Z,2026-08-28T01:20:00Z,296,hub,2026-09-17T00:49:00Z,2026-09-17T00:49:00Z,true
united-utilities:UUP01798:1785864360000,united-utilities:UUP01798,united-utilities,2026-08-04T17:26:00Z,2026-08-04T17:30:00Z,4,hub,2026-09-17T00:49:00Z,2026-09-17T00:49:00Z,true
united-utilities:UUP01800:1788051960000,united-utilities:UUP01800,united-utilities,2026-08-30T01:06:00Z,2026-08-30T01:10:00Z,4,hub,2026-09-17T00:49:00Z,2026-09-17T00:49:00Z,true
united-utilities:UUP01810:1787867466000,united-utilities:UUP01810,united-utilities,2026-08-27T21:51:06Z,2026-08-27T22:27:36Z,37,hub,2026-09-17T00:49:00Z,2026-09-17T00:49:00Z,true
united-utilities:UUP01817:1788052320000,united-utilities:UUP01817,united-utilities,2026-08-30T01:12:00Z,2026-08-30T01:34:00Z,22,hub,2026-09-17T00:49:00Z,2026-09-17T00:49:00Z,true
united-utilities:UUP01821:1787204280000,united-utilities:UUP01821,united-utilities,2026-08-20T05:38:00Z,2026-08-20T05:42:00Z,4,hub,2026-09-17T00:49:00Z,2026-09-17T00:49:00Z,true
united-utilities:UUP01825:1788108960000,united-utilities:UUP01825,united-utilities,2026-08-30T16:56:00Z,2026-08-30T17:00:00Z,4,hub,2026-09-17T00:49:00Z,2026-09-17T00:49:00Z,true
united-utilities:UUP01830:1787866708000,united-utilities:UUP01830,united-utilities,2026-08-27T21:38:28Z,2026-08-27T21:54:00Z,16,hub,2026-09-17T00:49:00Z,2026-09-17T00:49:00Z,true
united-utilities:UUP01838:1785851400000,united-utilities:UUP01838,united-utilities,2026-08-04T13:50:00Z,2026-08-04T13:54:00Z,4,hub,2026-09-17T00:49:00Z,2026-09-17T00:49:00Z,true
united-utilities:UUP01841:1785852240000,united-utilities:UUP01841,united-utilities,2026-08-04T14:04:00Z,2026-08-04T14:10:00Z,6,hub,2026-09-17T00:49:00Z,2026-09-17T00:49:00Z,true
united-utilities:UUP01842:1787908800000,united-utilities:UUP01842,united-utilities,2026-08-28T09:20:00Z,2026-08-28T09:30:00Z,10,hub,2026-09-17T00:49:00Z,2026-09-17T00:49:00Z,true
united-utilities:UUP01849:1787865158000,united-utilities:UUP01849,united-utilities,2026-08-27T21:12:38Z,2026-08-27T22:05:06Z,52,hub,2026-09-17T00:49:00Z,2026-09-17T00:49:00Z,true
united-utilities:UUP01874:1788108600000,united-utilities:UUP01874,united-utilities,2026-08-30T16:50:00Z,2026-08-30T16:56:00Z,6,hub,2026-09-17T00:49:00Z,2026-09-17T00:49:00Z,true
united-utilities:UUP01919:1788023640000,united-utilities:UUP01919,united-utilities,2026-08-29T17:14:00Z,2026-08-29T17:44:00Z,30,hub,2026-09-17T00:49:00Z,2026-09-17T00:49:00Z,true
united-utilities:UUP01923:1787760000000,united-utilities:UUP01923,united-utilities,2026-08-26T16:00:00Z,2026-08-26T16:02:00Z,2,hub,2026-09-17T00:49:00Z,2026-09-17T00:49:00Z,true
united-utilities:UUP01929:1787900747000,united-utilities:UUP01929,united-utilities,2026-08-28T07:05:47Z,2026-08-28T08:13:47Z,68,hub,2026-09-17T00:49:00Z,2026-09-17T00:49:00Z,true
united-utilities:UUP01932:1788106200000,united-utilities:UUP01932,united-utilities,2026-08-30T16:10:00Z,2026-08-30T17:24:00Z,74,hub,2026-09-17T00:49:00Z,2026-09-17T00:49:00Z,true
united-utilities:UUP01936:1787912760000,united-utilities:UUP01936,united-utilities,2026-08-28T10:26:00Z,2026-08-28T10:30:00Z,4,hub,2026-09-17T00:49:00Z,2026-09-17T00:49:00Z,true
united-utilities:UUP01939:1788165647000,united-utilities:UUP01939,united-utilities,2026-08-31T08:40:47Z,2026-08-31T08:47:44Z,7,hub,2026-09-17T00:49:00Z,2026-09-17T00:49:00Z,true
united-utilities:UUP01940:1787205832000,united-utilities:UUP01940,united-utilities,2026-08-20T06:03:52Z,2026-08-20T06:18:00Z,14,hub,2026-09-17T00:49:00Z,2026-09-17T00:49:00Z,true
united-utilities:UUP01945:1788111000000,united-utilities:UUP01945,united-utilities,2026-08-30T17:30:00Z,2026-08-30T17:32:00Z,2,hub,2026-09-17T00:49:00Z,2026-09-17T00:49:00Z,true
united-utilities:UUP01990:1788110760000,united-utilities:UUP01990,united-utilities,2026-08-30T17:26:00Z,2026-08-30T17:32:00Z,6,hub,2026-09-17T00:49:00Z,2026-09-17T00:49:00Z,true
united-utilities:UUP01992:1787203920000,united-utilities:UUP01992,united-utilities,2026-08-20T05:32:00Z,2026-08-20T07:06:00Z,94,hub,2026-09-17T00:49:00Z,2026-09-17T00:49:00Z,true
united-utilities:UUP01996:1788111600000,united-utilities:UUP01996,united-utilities,2026-08-30T17:40:00Z,2026-08-30T17:56:00Z,16,hub,2026-09-17T00:49:00Z,2026-09-17T00:49:00Z,true
united-utilities:UUP02008:1787864640000,united-utilities:UUP02008,united-utilities,2026-08-27T21:04:00Z,2026-08-27T22:12:00Z,68,hub,2026-09-17T00:49:00Z,2026-09-17T00:49:00Z,true
united-utilities:UUP02012:1787867160000,united-utilities:UUP02012,united-utilities,2026-08-27T21:46:00Z,2026-08-27T22:00:00Z,14,hub,2026-09-17T00:49:00Z,2026-09-17T00:49:00Z,true
united-utilities:UUP02015:1787909744000,united-utilities:UUP02015,united-utilities,2026-08-28T09:35:44Z,2026-08-28T09:51:11Z,15,hub,2026-09-17T00:49:00Z,2026-09-17T00:49:00Z,true
united-utilities:UUP02026:1787209560000,united-utilities:UUP02026,united-utilities,2026-08-20T07:06:00Z,2026-08-20T07:32:00Z,26,hub,2026-09-17T00:49:00Z,2026-09-17T00:49:00Z,true
united-utilities:UUP02037:1788111600000,united-utilities:UUP02037,united-utilities,2026-08-30T17:40:00Z,2026-08-30T17:44:00Z,4,hub,2026-09-17T00:49:00Z,2026-09-17T00:49:00Z,true
united-utilities:UUP02039:1788110520000,united-utilities:UUP02039,united-utilities,2026-08-30T17:22:00Z,2026-08-30T17:32:00Z,10,hub,2026-09-17T00:49:00Z,2026-09-17T00:49:00Z,true
united-utilities:UUP02050:1788108000000,united-utilities:UUP02050,united-utilities,2026-08-30T16:40:00Z,2026-08-30T16:44:00Z,4,hub,2026-09-17T00:49:00Z,2026-09-17T00:49:00Z,true
united-utilities:UUP02063:1787178495000,united-utilities:UUP02063,united-utilities,2026-08-19T22:28:15Z,2026-08-19T22:30:29Z,2,hub,2026-09-17T00:49:00Z,2026-09-17T00:49:00Z,true
united-utilities:UUP02083:1787913600000,united-utilities:UUP02083,united-utilities,2026-08-28T10:40:00Z,2026-08-28T10:44:00Z,4,hub,2026-09-17T00:49:00Z,2026-09-17T00:49:00Z,true
united-utilities:UUP02096:1787904873000,united-utilities:UUP02096,united-utilities,2026-08-28T08:14:33Z,2026-08-28T08:17:28Z,3,hub,2026-09-17T00:49:00Z,2026-09-17T00:49:00Z,true
united-utilities:UUP02097:1787865600000,united-utilities:UUP02097,united-utilities,2026-08-27T21:20:00Z,2026-08-28T00:50:00Z,210,hub,2026-09-17T00:49:00Z,2026-09-17T00:49:00Z,true
united-utilities:UUP02098:1787908320000,united-utilities:UUP02098,united-utilities,2026-08-28T09:12:00Z,2026-08-28T09:16:00Z,4,hub,2026-09-17T00:49:00Z,2026-09-17T00:49:00Z,true
united-utilities:UUP02101:1787908560000,united-utilities:UUP02101,united-utilities,2026-08-28T09:16:00Z,2026-08-28T09:22:00Z,6,hub,2026-09-17T00:49:00Z,2026-09-17T00:49:00Z,true
united-utilities:UUP02102:1787907960000,united-utilities:UUP02102,united-utilities,2026-08-28T09:06:00Z,2026-08-28T09:22:00Z,16,hub,2026-09-17T00:49:00Z,2026-09-17T00:49:00Z,true
united-utilities:UUP02106:1788050280000,united-utilities:UUP02106,united-utilities,2026-08-30T00:38:00Z,2026-08-30T02:26:00Z,108,hub,2026-09-17T00:49:00Z,2026-09-17T00:49:00Z,true
united-utilities:UUP02111:1787834280000,united-utilities:UUP02111,united-utilities,2026-08-27T12:38:00Z,2026-08-27T13:22:00Z,44,hub,2026-09-17T00:49:00Z,2026-09-17T00:49:00Z,true
united-utilities:UUP02116:1787917440000,united-utilities:UUP02116,united-utilities,2026-08-28T11:44:00Z,2026-08-28T11:54:00Z,10,hub,2026-09-17T00:49:00Z,2026-09-17T00:49:00Z,true
united-utilities:UUP02124:1787210116000,united-utilities:UUP02124,united-utilities,2026-08-20T07:15:16Z,2026-08-20T07:38:21Z,23,hub,2026-09-17T00:49:00Z,2026-09-17T00:49:00Z,true
united-utilities:UUP02141:1787250397000,united-utilities:UUP02141,united-utilities,2026-08-20T18:26:37Z,2026-08-20T18:45:03Z,18,hub,2026-09-17T00:49:00Z,2026-09-17T00:49:00Z,true
united-utilities:UUP02142:1788110880000,united-utilities:UUP02142,united-utilities,2026-08-30T17:28:00Z,2026-08-30T17:32:00Z,4,hub,2026-09-17T00:49:00Z,2026-09-17T00:49:00Z,true
united-utilities:UUP02144:1788051720000,united-utilities:UUP02144,united-utilities,2026-08-30T01:02:00Z,2026-08-30T01:14:00Z,12,hub,2026-09-17T00:49:00Z,2026-09-17T00:49:00Z,true
united-utilities:UUP02149:1787203418000,united-utilities:UUP02149,united-utilities,2026-08-20T05:23:38Z,2026-08-20T05:57:48Z,34,hub,2026-09-17T00:49:00Z,2026-09-17T00:49:00Z,true
united-utilities:UUP02157:1787852280000,united-utilities:UUP02157,united-utilities,2026-08-27T17:38:00Z,2026-08-27T17:42:00Z,4,hub,2026-09-17T00:49:00Z,2026-09-17T00:49:00Z,true
united-utilities:UUP02168:1788109680000,united-utilities:UUP02168,united-utilities,2026-08-30T17:08:00Z,2026-08-30T17:12:00Z,4,hub,2026-09-17T00:49:00Z,2026-09-17T00:49:00Z,true
united-utilities:UUP02183:1787931600000,united-utilities:UUP02183,united-utilities,2026-08-28T15:40:00Z,2026-08-28T15:56:00Z,16,hub,2026-09-17T00:49:00Z,2026-09-17T00:49:00Z,true
united-utilities:UUP02190:1786346725000,united-utilities:UUP02190,united-utilities,2026-08-10T07:25:25Z,2026-08-10T07:32:30Z,7,hub,2026-09-17T00:49:00Z,2026-09-17T00:49:00Z,true
united-utilities:UUP02197:1788112320000,united-utilities:UUP02197,united-utilities,2026-08-30T17:52:00Z,2026-08-30T18:06:00Z,14,hub,2026-09-17T00:49:00Z,2026-09-17T00:49:00Z,true
united-utilities:UUP02205:1788112200000,united-utilities:UUP02205,united-utilities,2026-08-30T17:50:00Z,2026-08-30T17:54:00Z,4,hub,2026-09-17T00:49:00Z,2026-09-17T00:49:00Z,true
united-utilities:UUP02209:1788051360000,united-utilities:UUP02209,united-utilities,2026-08-30T00:56:00Z,2026-08-30T01:16:00Z,20,hub,2026-09-17T00:49:00Z,2026-09-17T00:49:00Z,true
united-utilities:UUP02212:1785695760000,united-utilities:UUP02212,united-utilities,2026-08-02T18:36:00Z,2026-08-02T18:38:00Z,2,hub,2026-09-17T00:49:00Z,2026-09-17T00:49:00Z,true
united-utilities:UUP02242:1787202360000,united-utilities:UUP02242,united-utilities,2026-08-20T05:06:00Z,2026-08-20T05:40:00Z,34,hub,2026-09-17T00:49:00Z,2026-09-17T00:49:00Z,true
united-utilities:UUP02250:1788141960000,united-utilities:UUP02250,united-utilities,2026-08-31T02:06:00Z,2026-08-31T02:10:00Z,4,hub,2026-09-17T00:49:00Z,2026-09-17T00:49:00Z,true
united-utilities:UUP02263:1786294920000,united-utilities:UUP02263,united-utilities,2026-08-09T17:02:00Z,2026-08-09T18:10:00Z,68,hub,2026-09-17T00:49:00Z,2026-09-17T00:49:00Z,true
united-utilities:UUP02266:1787856840000,united-utilities:UUP02266,united-utilities,2026-08-27T18:54:00Z,2026-08-27T19:46:00Z,52,hub,2026-09-17T00:49:00Z,2026-09-17T00:49:00Z,true
united-utilities:UUP02269:1787889600000,united-utilities:UUP02269,united-utilities,2026-08-28T04:00:00Z,2026-08-28T04:10:00Z,10,hub,2026-09-17T00:49:00Z,2026-09-17T00:49:00Z,true
united-utilities:UUP02271:1787123744000,united-utilities:UUP02271,united-utilities,2026-08-19T07:15:44Z,2026-08-19T07:19:46Z,4,hub,2026-09-17T00:49:00Z,2026-09-17T00:49:00Z,true
united-utilities:UUP02274:1788055080000,united-utilities:UUP02274,united-utilities,2026-08-30T01:58:00Z,2026-08-30T02:16:00Z,18,hub,2026-09-17T00:49:00Z,2026-09-17T00:49:00Z,true
united-utilities:UUP02279:1786996680000,united-utilities:UUP02279,united-utilities,2026-08-17T19:58:00Z,2026-08-17T20:10:00Z,12,hub,2026-09-17T00:49:00Z,2026-09-17T00:49:00Z,true
united-utilities:UUP02282:1788166080000,united-utilities:UUP02282,united-utilities,2026-08-31T08:48:00Z,2026-08-31T08:58:00Z,10,hub,2026-09-17T00:49:00Z,2026-09-17T00:49:00Z,true
wessex:WSX10120:1788007080000,wessex:WSX10120,wessex,2026-08-29T12:38:00Z,2026-08-29T12:56:00Z,18,hub,2026-09-17T00:49:00Z,2026-09-17T00:49:00Z,true
wessex:WSX10123:1788006960000,wessex:WSX10123,wessex,2026-08-29T12:36:00Z,2026-08-29T14:08:00Z,92,hub,2026-09-17T00:49:00Z,2026-09-17T00:49:00Z,true
wessex:WSX10150:1788007260000,wessex:WSX10150,wessex,2026-08-29T12:41:00Z,2026-08-29T13:52:00Z,71,hub,2026-09-17T00:49:00Z,2026-09-17T00:49:00Z,true
wessex:WSX10152:1787798940000,wessex:WSX10152,wessex,2026-08-27T02:49:00Z,2026-08-27T03:31:00Z,42,hub,2026-09-17T00:49:00Z,2026-09-17T00:49:00Z,true
wessex:WSX10161:1788009060000,wessex:WSX10161,wessex,2026-08-29T13:11:00Z,2026-08-29T15:09:00Z,118,hub,2026-09-17T00:49:00Z,2026-09-17T00:49:00Z,true
wessex:WSX10177:1788011220000,wessex:WSX10177,wessex,2026-08-29T13:47:00Z,2026-08-29T13:49:00Z,2,hub,2026-09-17T00:49:00Z,2026-09-17T00:49:00Z,true
wessex:WXW00003:1787191320000,wessex:WXW00003,wessex,2026-08-20T02:02:00Z,2026-08-20T02:04:00Z,2,hub,2026-09-17T00:49:00Z,2026-09-17T00:49:00Z,true
wessex:WXW00010:1787808840000,wessex:WXW00010,wessex,2026-08-27T05:34:00Z,2026-08-27T05:40:00Z,6,hub,2026-09-17T00:49:00Z,2026-09-17T00:49:00Z,true
wessex:WXW00016:1787807880000,wessex:WXW00016,wessex,2026-08-27T05:18:00Z,2026-08-27T05:28:00Z,10,hub,2026-09-17T00:49:00Z,2026-09-17T00:49:00Z,true
wessex:WXW00018:1787807160000,wessex:WXW00018,wessex,2026-08-27T05:06:00Z,2026-08-27T05:08:00Z,2,hub,2026-09-17T00:49:00Z,2026-09-17T00:49:00Z,true
wessex:WXW00020:1787808480000,wessex:WXW00020,wessex,2026-08-27T05:28:00Z,2026-08-27T05:54:00Z,26,hub,2026-09-17T00:49:00Z,2026-09-17T00:49:00Z,true
wessex:WXW00021:1788004440000,wessex:WXW00021,wessex,2026-08-29T11:54:00Z,2026-08-29T12:02:00Z,8,hub,2026-09-17T00:49:00Z,2026-09-17T00:49:00Z,true
wessex:WXW00022:1787808120000,wessex:WXW00022,wessex,2026-08-27T05:22:00Z,2026-08-27T05:30:00Z,8,hub,2026-09-17T00:49:00Z,2026-09-17T00:49:00Z,true
wessex:WXW00024:1787803800000,wessex:WXW00024,wessex,2026-08-27T04:10:00Z,2026-08-27T04:14:00Z,4,hub,2026-09-17T00:49:00Z,2026-09-17T00:49:00Z,true
wessex:WXW00026:1788116400000,wessex:WXW00026,wessex,2026-08-30T19:00:00Z,2026-08-30T19:04:00Z,4,hub,2026-09-17T00:49:00Z,2026-09-17T00:49:00Z,true
wessex:WXW00027:1787990640000,wessex:WXW00027,wessex,2026-08-29T08:04:00Z,2026-08-29T08:12:00Z,8,hub,2026-09-17T00:49:00Z,2026-09-17T00:49:00Z,true
wessex:WXW00029:1787801280000,wessex:WXW00029,wessex,2026-08-27T03:28:00Z,2026-08-27T03:32:00Z,4,hub,2026-09-17T00:49:00Z,2026-09-17T00:49:00Z,true
wessex:WXW00031:1788142560000,wessex:WXW00031,wessex,2026-08-31T02:16:00Z,2026-08-31T03:00:00Z,44,hub,2026-09-17T00:49:00Z,2026-09-17T00:49:00Z,true
wessex:WXW00032:1787806560000,wessex:WXW00032,wessex,2026-08-27T04:56:00Z,2026-08-27T05:28:00Z,32,hub,2026-09-22T15:30:30Z,2026-09-22T15:30:30Z,true
wessex:WXW00032:1787807640000,wessex:WXW00032,wessex,2026-08-27T05:14:00Z,2026-08-27T05:28:00Z,14,hub,2026-09-17T00:49:00Z,2026-09-17T00:49:00Z,true
wessex:WXW00036:1787187000000,wessex:WXW00036,wessex,2026-08-20T00:50:00Z,2026-08-20T00:54:00Z,4,hub,2026-09-17T00:49:00Z,2026-09-17T00:49:00Z,true
wessex:WXW00041:1787808000000,wessex:WXW00041,wessex,2026-08-27T05:20:00Z,2026-08-27T05:26:00Z,6,hub,2026-09-17T00:49:00Z,2026-09-17T00:49:00Z,true
wessex:WXW00042:1787987640000,wessex:WXW00042,wessex,2026-08-29T07:14:00Z,2026-08-29T07:16:00Z,2,hub,2026-09-17T00:49:00Z,2026-09-17T00:49:00Z,true
wessex:WXW00047:1788021480000,wessex:WXW00047,wessex,2026-08-29T16:38:00Z,2026-08-29T16:44:00Z,6,hub,2026-09-17T00:49:00Z,2026-09-17T00:49:00Z,true
wessex:WXW00048:1788000000000,wessex:WXW00048,wessex,2026-08-29T10:40:00Z,2026-08-29T10:42:00Z,2,hub,2026-09-17T00:49:00Z,2026-09-17T00:49:00Z,true
wessex:WXW00049:1787803320000,wessex:WXW00049,wessex,2026-08-27T04:02:00Z,2026-08-27T04:10:00Z,8,hub,2026-09-17T00:49:00Z,2026-09-17T00:49:00Z,true
wessex:WXW00051:1788012000000,wessex:WXW00051,wessex,2026-08-29T14:00:00Z,2026-08-29T14:06:00Z,6,hub,2026-09-17T00:49:00Z,2026-09-17T00:49:00Z,true
wessex:WXW00052:1787807880000,wessex:WXW00052,wessex,2026-08-27T05:18:00Z,2026-08-27T05:22:00Z,4,hub,2026-09-17T00:49:00Z,2026-09-17T00:49:00Z,true
wessex:WXW00054:1785862800000,wessex:WXW00054,wessex,2026-08-04T17:00:00Z,2026-08-04T17:08:00Z,8,hub,2026-09-17T00:49:00Z,2026-09-17T00:49:00Z,true
wessex:WXW00055:1787807160000,wessex:WXW00055,wessex,2026-08-27T05:06:00Z,2026-08-27T05:44:00Z,38,hub,2026-09-17T00:49:00Z,2026-09-17T00:49:00Z,true
wessex:WXW00058:1787802600000,wessex:WXW00058,wessex,2026-08-27T03:50:00Z,2026-08-27T04:10:00Z,20,hub,2026-09-17T00:49:00Z,2026-09-17T00:49:00Z,true
wessex:WXW00062:1788144600000,wessex:WXW00062,wessex,2026-08-31T02:50:00Z,2026-08-31T03:10:00Z,20,hub,2026-09-17T00:49:00Z,2026-09-17T00:49:00Z,true
wessex:WXW00063:1787800320000,wessex:WXW00063,wessex,2026-08-27T03:12:00Z,2026-08-27T03:22:00Z,10,hub,2026-09-17T00:49:00Z,2026-09-17T00:49:00Z,true
wessex:WXW00065:1787807640000,wessex:WXW00065,wessex,2026-08-27T05:14:00Z,2026-08-27T05:30:00Z,16,hub,2026-09-17T00:49:00Z,2026-09-17T00:49:00Z,true
wessex:WXW00079:1787186400000,wessex:WXW00079,wessex,2026-08-20T00:40:00Z,2026-08-20T01:00:00Z,20,hub,2026-09-17T00:49:00Z,2026-09-17T00:49:00Z,true
wessex:WXW00084:1787806920000,wessex:WXW00084,wessex,2026-08-27T05:02:00Z,2026-08-27T05:40:00Z,38,hub,2026-09-17T00:49:00Z,2026-09-17T00:49:00Z,true
wessex:WXW00085:1788008340000,wessex:WXW00085,wessex,2026-08-29T12:59:00Z,2026-08-29T13:09:00Z,10,hub,2026-09-17T00:49:00Z,2026-09-17T00:49:00Z,true
wessex:WXW00088:1787188380000,wessex:WXW00088,wessex,2026-08-20T01:13:00Z,2026-08-20T01:18:00Z,5,hub,2026-09-17T00:49:00Z,2026-09-17T00:49:00Z,true
wessex:WXW00091:1787808420000,wessex:WXW00091,wessex,2026-08-27T05:27:00Z,2026-08-27T05:39:00Z,12,hub,2026-09-17T00:49:00Z,2026-09-17T00:49:00Z,true
wessex:WXW00095:1788002220000,wessex:WXW00095,wessex,2026-08-29T11:17:00Z,2026-08-29T11:23:00Z,6,hub,2026-09-17T00:49:00Z,2026-09-17T00:49:00Z,true
wessex:WXW00110:1785859320000,wessex:WXW00110,wessex,2026-08-04T16:02:00Z,2026-08-04T16:12:00Z,10,hub,2026-09-17T00:49:00Z,2026-09-17T00:49:00Z,true
wessex:WXW00112:1787998560000,wessex:WXW00112,wessex,2026-08-29T10:16:00Z,2026-08-29T10:17:00Z,1,hub,2026-09-17T00:49:00Z,2026-09-17T00:49:00Z,true
wessex:WXW00115:1788003240000,wessex:WXW00115,wessex,2026-08-29T11:34:00Z,2026-08-29T11:54:00Z,20,hub,2026-09-17T00:49:00Z,2026-09-17T00:49:00Z,true
wessex:WXW00117:1788004680000,wessex:WXW00117,wessex,2026-08-29T11:58:00Z,2026-08-29T12:00:00Z,2,hub,2026-09-17T00:49:00Z,2026-09-17T00:49:00Z,true
wessex:WXW00118:1787190840000,wessex:WXW00118,wessex,2026-08-20T01:54:00Z,2026-08-20T02:02:00Z,8,hub,2026-09-17T00:49:00Z,2026-09-17T00:49:00Z,true
wessex:WXW00119:1788004320000,wessex:WXW00119,wessex,2026-08-29T11:52:00Z,2026-08-29T12:04:00Z,12,hub,2026-09-17T00:49:00Z,2026-09-17T00:49:00Z,true
wessex:WXW00119:1788009720000,wessex:WXW00119,wessex,2026-08-29T13:22:00Z,2026-08-29T13:28:00Z,6,hub,2026-09-21T14:20:24Z,2026-09-21T14:20:24Z,true
wessex:WXW00123:1787807700000,wessex:WXW00123,wessex,2026-08-27T05:15:00Z,2026-08-27T05:23:00Z,8,hub,2026-09-17T00:49:00Z,2026-09-17T00:49:00Z,true
wessex:WXW00124:1787803800000,wessex:WXW00124,wessex,2026-08-27T04:10:00Z,2026-08-27T05:34:00Z,84,hub,2026-09-17T00:49:00Z,2026-09-17T00:49:00Z,true
wessex:WXW00126:1788004680000,wessex:WXW00126,wessex,2026-08-29T11:58:00Z,2026-08-29T12:06:00Z,8,hub,2026-09-17T00:49:00Z,2026-09-17T00:49:00Z,true
wessex:WXW00127:1788022920000,wessex:WXW00127,wessex,2026-08-29T17:02:00Z,2026-08-29T17:16:00Z,14,hub,2026-09-17T00:49:00Z,2026-09-17T00:49:00Z,true
wessex:WXW00129:1787806080000,wessex:WXW00129,wessex,2026-08-27T04:48:00Z,2026-08-27T04:54:00Z,6,hub,2026-09-17T00:49:00Z,2026-09-17T00:49:00Z,true
wessex:WXW00130:1787806080000,wessex:WXW00130,wessex,2026-08-27T04:48:00Z,2026-08-27T05:16:00Z,28,hub,2026-09-17T00:49:00Z,2026-09-17T00:49:00Z,true
wessex:WXW00140:1788115500000,wessex:WXW00140,wessex,2026-08-30T18:45:00Z,2026-08-30T19:26:00Z,41,hub,2026-09-17T00:49:00Z,2026-09-17T00:49:00Z,true
wessex:WXW00145:1788009480000,wessex:WXW00145,wessex,2026-08-29T13:18:00Z,2026-08-29T13:40:00Z,22,hub,2026-09-17T00:49:00Z,2026-09-17T00:49:00Z,true
wessex:WXW00148:1787999640000,wessex:WXW00148,wessex,2026-08-29T10:34:00Z,2026-08-29T10:56:00Z,22,hub,2026-09-17T00:49:00Z,2026-09-17T00:49:00Z,true
wessex:WXW00164:1788006840000,wessex:WXW00164,wessex,2026-08-29T12:34:00Z,2026-08-29T14:24:00Z,110,hub,2026-09-17T00:49:00Z,2026-09-17T00:49:00Z,true
wessex:WXW00166:1787806800000,wessex:WXW00166,wessex,2026-08-27T05:00:00Z,2026-08-27T05:22:00Z,22,hub,2026-09-17T00:49:00Z,2026-09-17T00:49:00Z,true
wessex:WXW00167:1788008520000,wessex:WXW00167,wessex,2026-08-29T13:02:00Z,2026-08-29T14:02:00Z,60,hub,2026-09-17T00:49:00Z,2026-09-17T00:49:00Z,true
wessex:WXW00170:1787800560000,wessex:WXW00170,wessex,2026-08-27T03:16:00Z,2026-08-27T03:30:00Z,14,hub,2026-09-17T00:49:00Z,2026-09-17T00:49:00Z,true
wessex:WXW00183:1785862800000,wessex:WXW00183,wessex,2026-08-04T17:00:00Z,2026-08-04T17:02:00Z,2,hub,2026-09-17T00:49:00Z,2026-09-17T00:49:00Z,true
wessex:WXW00184:1787994480000,wessex:WXW00184,wessex,2026-08-29T09:08:00Z,2026-08-29T13:36:00Z,268,hub,2026-09-17T00:49:00Z,2026-09-17T00:49:00Z,true
wessex:WXW00185:1788006660000,wessex:WXW00185,wessex,2026-08-29T12:31:00Z,2026-08-29T13:00:00Z,29,hub,2026-09-17T00:49:00Z,2026-09-17T00:49:00Z,true
wessex:WXW00190:1788010080000,wessex:WXW00190,wessex,2026-08-29T13:28:00Z,2026-08-29T14:02:00Z,34,hub,2026-09-17T00:49:00Z,2026-09-17T00:49:00Z,true
wessex:WXW00199:1787807040000,wessex:WXW00199,wessex,2026-08-27T05:04:00Z,2026-08-27T05:30:00Z,26,hub,2026-09-17T00:49:00Z,2026-09-17T00:49:00Z,true
wessex:WXW00202:1788020880000,wessex:WXW00202,wessex,2026-08-29T16:28:00Z,2026-08-29T16:40:00Z,12,hub,2026-09-17T00:49:00Z,2026-09-17T00:49:00Z,true
wessex:WXW00207:1787225940000,wessex:WXW00207,wessex,2026-08-20T11:39:00Z,2026-08-20T11:57:00Z,18,hub,2026-09-17T00:49:00Z,2026-09-17T00:49:00Z,true
wessex:WXW00209:1787806800000,wessex:WXW00209,wessex,2026-08-27T05:00:00Z,2026-08-27T05:28:00Z,28,hub,2026-09-17T00:49:00Z,2026-09-17T00:49:00Z,true
wessex:WXW00212:1787807880000,wessex:WXW00212,wessex,2026-08-27T05:18:00Z,2026-08-27T05:24:00Z,6,hub,2026-09-17T00:49:00Z,2026-09-17T00:49:00Z,true
wessex:WXW00214:1787827560000,wessex:WXW00214,wessex,2026-08-27T10:46:00Z,2026-08-27T10:52:00Z,6,hub,2026-09-17T00:49:00Z,2026-09-17T00:49:00Z,true
wessex:WXW00222:1788012900000,wessex:WXW00222,wessex,2026-08-29T14:15:00Z,2026-08-29T14:18:00Z,3,hub,2026-09-17T00:49:00Z,2026-09-17T00:49:00Z,true
wessex:WXW00225:1788005160000,wessex:WXW00225,wessex,2026-08-29T12:06:00Z,2026-08-29T12:08:00Z,2,hub,2026-09-17T00:49:00Z,2026-09-17T00:49:00Z,true
wessex:WXW00227:1788004800000,wessex:WXW00227,wessex,2026-08-29T12:00:00Z,2026-08-29T12:08:00Z,8,hub,2026-09-17T00:49:00Z,2026-09-17T00:49:00Z,true
wessex:WXW00231:1788011160000,wessex:WXW00231,wessex,2026-08-29T13:46:00Z,2026-08-29T15:06:00Z,80,hub,2026-09-17T00:49:00Z,2026-09-17T00:49:00Z,true
wessex:WXW00233:1787799060000,wessex:WXW00233,wessex,2026-08-27T02:51:00Z,2026-08-27T03:06:00Z,15,hub,2026-09-17T00:49:00Z,2026-09-17T00:49:00Z,true
wessex:WXW00235:1788010440000,wessex:WXW00235,wessex,2026-08-29T13:34:00Z,2026-08-29T13:44:00Z,10,hub,2026-09-17T00:49:00Z,2026-09-17T00:49:00Z,true
wessex:WXW00236:1788004560000,wessex:WXW00236,wessex,2026-08-29T11:56:00Z,2026-08-29T12:00:00Z,4,hub,2026-09-17T00:49:00Z,2026-09-17T00:49:00Z,true
wessex:WXW00240:1787806800000,wessex:WXW00240,wessex,2026-08-27T05:00:00Z,2026-08-27T05:28:00Z,28,hub,2026-09-17T00:49:00Z,2026-09-17T00:49:00Z,true
wessex:WXW00247:1785862440000,wessex:WXW00247,wessex,2026-08-04T16:54:00Z,2026-08-04T17:06:00Z,12,hub,2026-09-17T00:49:00Z,2026-09-17T00:49:00Z,true
wessex:WXW00248:1788117480000,wessex:WXW00248,wessex,2026-08-30T19:18:00Z,2026-08-30T19:23:00Z,5,hub,2026-09-17T00:49:00Z,2026-09-17T00:49:00Z,true
wessex:WXW00255:1788006840000,wessex:WXW00255,wessex,2026-08-29T12:34:00Z,2026-08-29T13:18:00Z,44,hub,2026-09-17T00:49:00Z,2026-09-17T00:49:00Z,true
wessex:WXW00259:1788010080000,wessex:WXW00259,wessex,2026-08-29T13:28:00Z,2026-08-29T13:48:00Z,20,hub,2026-09-17T00:49:00Z,2026-09-17T00:49:00Z,true
wessex:WXW00260:1788021360000,wessex:WXW00260,wessex,2026-08-29T16:36:00Z,2026-08-29T16:44:00Z,8,hub,2026-09-17T00:49:00Z,2026-09-17T00:49:00Z,true
wessex:WXW00261:1788020160000,wessex:WXW00261,wessex,2026-08-29T16:16:00Z,2026-08-29T16:28:00Z,12,hub,2026-09-17T00:49:00Z,2026-09-17T00:49:00Z,true
wessex:WXW00264:1788007080000,wessex:WXW00264,wessex,2026-08-29T12:38:00Z,2026-08-29T14:45:00Z,127,hub,2026-09-17T00:49:00Z,2026-09-17T00:49:00Z,true
wessex:WXW00266:1787799000000,wessex:WXW00266,wessex,2026-08-27T02:50:00Z,2026-08-27T03:06:00Z,16,hub,2026-09-17T00:49:00Z,2026-09-17T00:49:00Z,true
wessex:WXW00267:1787984280000,wessex:WXW00267,wessex,2026-08-29T06:18:00Z,2026-08-29T06:34:00Z,16,hub,2026-09-17T00:49:00Z,2026-09-17T00:49:00Z,true
wessex:WXW00271:1787277720000,wessex:WXW00271,wessex,2026-08-21T02:02:00Z,2026-08-21T02:03:00Z,1,hub,2026-09-17T00:49:00Z,2026-09-17T00:49:00Z,true
wessex:WXW00276:1788010800000,wessex:WXW00276,wessex,2026-08-29T13:40:00Z,2026-08-29T15:10:00Z,90,hub,2026-09-17T00:49:00Z,2026-09-17T00:49:00Z,true
wessex:WXW00285:1788007980000,wessex:WXW00285,wessex,2026-08-29T12:53:00Z,2026-08-29T14:17:00Z,84,hub,2026-09-17T00:49:00Z,2026-09-17T00:49:00Z,true
wessex:WXW00289:1788020160000,wessex:WXW00289,wessex,2026-08-29T16:16:00Z,2026-08-29T16:18:00Z,2,hub,2026-09-17T00:49:00Z,2026-09-17T00:49:00Z,true
wessex:WXW00291:1787316600000,wessex:WXW00291,wessex,2026-08-21T12:50:00Z,2026-08-21T13:00:00Z,10,hub,2026-09-17T00:49:00Z,2026-09-17T00:49:00Z,true
wessex:WXW00292:1788004560000,wessex:WXW00292,wessex,2026-08-29T11:56:00Z,2026-08-29T12:08:00Z,12,hub,2026-09-17T00:49:00Z,2026-09-17T00:49:00Z,true
wessex:WXW00295:1787808720000,wessex:WXW00295,wessex,2026-08-27T05:32:00Z,2026-08-27T05:40:00Z,8,hub,2026-09-17T00:49:00Z,2026-09-17T00:49:00Z,true
wessex:WXW00301:1788009840000,wessex:WXW00301,wessex,2026-08-29T13:24:00Z,2026-08-29T13:26:00Z,2,hub,2026-09-17T00:49:00Z,2026-09-17T00:49:00Z,true
wessex:WXW00302:1788142680000,wessex:WXW00302,wessex,2026-08-31T02:18:00Z,2026-08-31T03:12:00Z,54,hub,2026-09-17T00:49:00Z,2026-09-17T00:49:00Z,true
wessex:WXW00303:1787174520000,wessex:WXW00303,wessex,2026-08-19T21:22:00Z,2026-08-19T21:29:00Z,7,hub,2026-09-17T00:49:00Z,2026-09-17T00:49:00Z,true
wessex:WXW00304:1787806500000,wessex:WXW00304,wessex,2026-08-27T04:55:00Z,2026-08-27T05:26:00Z,31,hub,2026-09-17T00:49:00Z,2026-09-17T00:49:00Z,true
wessex:WXW00304:1788007080000,wessex:WXW00304,wessex,2026-08-29T12:38:00Z,2026-08-29T14:09:00Z,91,hub,2026-09-21T10:11:04Z,2026-09-21T10:11:04Z,true
wessex:WXW00305:1787808360000,wessex:WXW00305,wessex,2026-08-27T05:26:00Z,2026-08-27T05:56:00Z,30,hub,2026-09-17T00:49:00Z,2026-09-17T00:49:00Z,true
wessex:WXW00307:1788010320000,wessex:WXW00307,wessex,2026-08-29T13:32:00Z,2026-08-29T13:34:00Z,2,hub,2026-09-17T00:49:00Z,2026-09-17T00:49:00Z,true
wessex:WXW00308:1788014760000,wessex:WXW00308,wessex,2026-08-29T14:46:00Z,2026-08-29T14:50:00Z,4,hub,2026-09-17T00:49:00Z,2026-09-17T00:49:00Z,true
wessex:WXW00315:1788022140000,wessex:WXW00315,wessex,2026-08-29T16:49:00Z,2026-08-29T16:50:00Z,1,hub,2026-09-17T00:49:00Z,2026-09-17T00:49:00Z,true
wessex:WXW00318:1788006960000,wessex:WXW00318,wessex,2026-08-29T12:36:00Z,2026-08-29T15:40:00Z,184,hub,2026-09-17T00:49:00Z,2026-09-17T00:49:00Z,true
wessex:WXW00320:1787992860000,wessex:WXW00320,wessex,2026-08-29T08:41:00Z,2026-08-29T08:52:00Z,11,hub,2026-09-17T00:49:00Z,2026-09-17T00:49:00Z,true
wessex:WXW00322:1787993340000,wessex:WXW00322,wessex,2026-08-29T08:49:00Z,2026-08-29T10:04:00Z,75,hub,2026-09-17T00:49:00Z,2026-09-17T00:49:00Z,true
wessex:WXW00323:1788003000000,wessex:WXW00323,wessex,2026-08-29T11:30:00Z,2026-08-29T11:36:00Z,6,hub,2026-09-17T00:49:00Z,2026-09-17T00:49:00Z,true
wessex:WXW00326:1787799240000,wessex:WXW00326,wessex,2026-08-27T02:54:00Z,2026-08-27T03:02:00Z,8,hub,2026-09-17T00:49:00Z,2026-09-17T00:49:00Z,true
wessex:WXW00328:1788010260000,wessex:WXW00328,wessex,2026-08-29T13:31:00Z,2026-08-29T13:33:00Z,2,hub,2026-09-17T00:49:00Z,2026-09-17T00:49:00Z,true
wessex:WXW00329:1788005280000,wessex:WXW00329,wessex,2026-08-29T12:08:00Z,2026-08-29T12:18:00Z,10,hub,2026-09-17T00:49:00Z,2026-09-17T00:49:00Z,true
wessex:WXW00330:1787807760000,wessex:WXW00330,wessex,2026-08-27T05:16:00Z,2026-08-27T05:38:00Z,22,hub,2026-09-17T00:49:00Z,2026-09-17T00:49:00Z,true
wessex:WXW00333:1788012000000,wessex:WXW00333,wessex,2026-08-29T14:00:00Z,2026-08-29T14:12:00Z,12,hub,2026-09-17T00:49:00Z,2026-09-17T00:49:00Z,true
wessex:WXW00339:1788132960000,wessex:WXW00339,wessex,2026-08-30T23:36:00Z,2026-08-30T23:38:00Z,2,hub,2026-09-17T00:49:00Z,2026-09-17T00:49:00Z,true
wessex:WXW00343:1788002040000,wessex:WXW00343,wessex,2026-08-29T11:14:00Z,2026-08-29T11:31:00Z,17,hub,2026-09-17T00:49:00Z,2026-09-17T00:49:00Z,true
wessex:WXW00344:1788002880000,wessex:WXW00344,wessex,2026-08-29T11:28:00Z,2026-08-29T11:54:00Z,26,hub,2026-09-17T00:49:00Z,2026-09-17T00:49:00Z,true
wessex:WXW00346:1788149940000,wessex:WXW00346,wessex,2026-08-31T04:19:00Z,2026-08-31T04:39:00Z,20,hub,2026-09-17T00:49:00Z,2026-09-17T00:49:00Z,true
wessex:WXW00348:1788005340000,wessex:WXW00348,wessex,2026-08-29T12:09:00Z,2026-08-29T13:18:00Z,69,hub,2026-09-17T00:49:00Z,2026-09-17T00:49:00Z,true
wessex:WXW00349:1787807040000,wessex:WXW00349,wessex,2026-08-27T05:04:00Z,2026-08-27T05:06:00Z,2,hub,2026-09-17T00:49:00Z,2026-09-17T00:49:00Z,true
wessex:WXW00354:1787807040000,wessex:WXW00354,wessex,2026-08-27T05:04:00Z,2026-08-27T05:30:00Z,26,hub,2026-09-17T00:49:00Z,2026-09-17T00:49:00Z,true
wessex:WXW00355:1788005280000,wessex:WXW00355,wessex,2026-08-29T12:08:00Z,2026-08-29T13:54:00Z,106,hub,2026-09-17T00:49:00Z,2026-09-17T00:49:00Z,true
wessex:WXW00363:1788007800000,wessex:WXW00363,wessex,2026-08-29T12:50:00Z,2026-08-29T14:47:00Z,117,hub,2026-09-17T00:49:00Z,2026-09-17T00:49:00Z,true
wessex:WXW00366:1788013080000,wessex:WXW00366,wessex,2026-08-29T14:18:00Z,2026-08-29T14:30:00Z,12,hub,2026-09-17T00:49:00Z,2026-09-17T00:49:00Z,true
wessex:WXW00367:1788145860000,wessex:WXW00367,wessex,2026-08-31T03:11:00Z,2026-08-31T03:14:00Z,3,hub,2026-09-17T00:49:00Z,2026-09-17T00:49:00Z,true
wessex:WXW00376:1787807400000,wessex:WXW00376,wessex,2026-08-27T05:02:00Z,2026-08-27T05:14:00Z,12,hub,2026-09-17T00:49:00Z,2026-09-21T14:30:33Z,true
wessex:WXW00381:1788159480000,wessex:WXW00381,wessex,2026-08-31T06:58:00Z,2026-08-31T07:03:00Z,5,hub,2026-09-17T00:49:00Z,2026-09-17T00:49:00Z,true
wessex:WXW00386:1787247600000,wessex:WXW00386,wessex,2026-08-20T17:40:00Z,2026-08-20T17:47:00Z,7,hub,2026-09-17T00:49:00Z,2026-09-17T00:49:00Z,true
wessex:WXW00387:1787990640000,wessex:WXW00387,wessex,2026-08-29T08:04:00Z,2026-08-29T08:12:00Z,8,hub,2026-09-17T00:49:00Z,2026-09-17T00:49:00Z,true
wessex:WXW00391:1787803320000,wessex:WXW00391,wessex,2026-08-27T04:02:00Z,2026-08-27T04:56:00Z,54,hub,2026-09-17T00:49:00Z,2026-09-17T00:49:00Z,true
wessex:WXW00393:1788005880000,wessex:WXW00393,wessex,2026-08-29T12:18:00Z,2026-08-29T13:57:00Z,99,hub,2026-09-17T00:49:00Z,2026-09-17T00:49:00Z,true
wessex:WXW00395:1788009476000,wessex:WXW00395,wessex,2026-08-29T13:17:56Z,2026-08-29T13:22:16Z,4,hub,2026-09-17T00:49:00Z,2026-09-17T00:49:00Z,true
wessex:WXW00398:1787808120000,wessex:WXW00398,wessex,2026-08-27T05:22:00Z,2026-08-27T05:28:00Z,6,hub,2026-09-17T00:49:00Z,2026-09-17T00:49:00Z,true
wessex:WXW00401:1788006060000,wessex:WXW00401,wessex,2026-08-29T12:21:00Z,2026-08-29T12:22:00Z,1,hub,2026-09-17T00:49:00Z,2026-09-17T00:49:00Z,true
wessex:WXW00405:1787807400000,wessex:WXW00405,wessex,2026-08-27T05:10:00Z,2026-08-27T05:34:00Z,24,hub,2026-09-17T00:49:00Z,2026-09-17T00:49:00Z,true
wessex:WXW00407:1788004440000,wessex:WXW00407,wessex,2026-08-29T11:54:00Z,2026-08-29T11:56:00Z,2,hub,2026-09-17T00:49:00Z,2026-09-17T00:49:00Z,true
wessex:WXW00410:1788155160000,wessex:WXW00410,wessex,2026-08-31T05:46:00Z,2026-08-31T05:52:00Z,6,hub,2026-09-17T00:49:00Z,2026-09-17T00:49:00Z,true
wessex:WXW00420:1787994480000,wessex:WXW00420,wessex,2026-08-29T09:08:00Z,2026-08-29T09:10:00Z,2,hub,2026-09-17T00:49:00Z,2026-09-17T00:49:00Z,true
wessex:WXW00421:1787809920000,wessex:WXW00421,wessex,2026-08-27T05:52:00Z,2026-08-27T06:22:00Z,30,hub,2026-09-17T00:49:00Z,2026-09-17T00:49:00Z,true
wessex:WXW00423:1788005160000,wessex:WXW00423,wessex,2026-08-29T12:06:00Z,2026-08-29T13:22:00Z,76,hub,2026-09-17T00:49:00Z,2026-09-17T00:49:00Z,true
wessex:WXW00425:1787808480000,wessex:WXW00425,wessex,2026-08-27T05:28:00Z,2026-08-27T05:32:00Z,4,hub,2026-09-17T00:49:00Z,2026-09-17T00:49:00Z,true
wessex:WXW00435:1787807760000,wessex:WXW00435,wessex,2026-08-27T05:16:00Z,2026-08-27T05:24:00Z,8,hub,2026-09-17T00:49:00Z,2026-09-17T00:49:00Z,true
wessex:WXW00436:1788009840000,wessex:WXW00436,wessex,2026-08-29T13:24:00Z,2026-08-29T13:32:00Z,8,hub,2026-09-17T00:49:00Z,2026-09-17T00:49:00Z,true
wessex:WXW00439:1787808120000,wessex:WXW00439,wessex,2026-08-27T05:22:00Z,2026-08-27T05:48:00Z,26,hub,2026-09-17T00:49:00Z,2026-09-17T00:49:00Z,true
wessex:WXW00441:1788010920000,wessex:WXW00441,wessex,2026-08-29T13:42:00Z,2026-08-29T14:09:00Z,27,hub,2026-09-17T00:49:00Z,2026-09-17T00:49:00Z,true
wessex:WXW00442:1787808960000,wessex:WXW00442,wessex,2026-08-27T05:36:00Z,2026-08-27T05:42:00Z,6,hub,2026-09-17T00:49:00Z,2026-09-17T00:49:00Z,true
wessex:WXW00447:1787808240000,wessex:WXW00447,wessex,2026-08-27T05:24:00Z,2026-08-27T05:30:00Z,6,hub,2026-09-17T00:49:00Z,2026-09-17T00:49:00Z,true
wessex:WXW00451:1788147200000,wessex:WXW00451,wessex,2026-08-31T03:33:20Z,2026-08-31T03:34:05Z,1,hub,2026-09-17T00:49:00Z,2026-09-17T00:49:00Z,true
wessex:WXW00454:1788012720000,wessex:WXW00454,wessex,2026-08-29T14:12:00Z,2026-08-29T15:02:00Z,50,hub,2026-09-17T00:49:00Z,2026-09-17T00:49:00Z,true
wessex:WXW00456:1788008160000,wessex:WXW00456,wessex,2026-08-29T12:56:00Z,2026-08-29T13:12:00Z,16,hub,2026-09-17T00:49:00Z,2026-09-17T00:49:00Z,true
wessex:WXW00458:1788008880000,wessex:WXW00458,wessex,2026-08-29T13:08:00Z,2026-08-29T13:54:00Z,46,hub,2026-09-17T00:49:00Z,2026-09-17T00:49:00Z,true
wessex:WXW00464:1788028920000,wessex:WXW00464,wessex,2026-08-29T18:42:00Z,2026-08-29T18:44:00Z,2,hub,2026-09-17T00:49:00Z,2026-09-17T00:49:00Z,true
wessex:WXW00467:1788150120000,wessex:WXW00467,wessex,2026-08-31T04:22:00Z,2026-08-31T04:50:00Z,28,hub,2026-09-17T00:49:00Z,2026-09-17T00:49:00Z,true
wessex:WXW00471:1788021120000,wessex:WXW00471,wessex,2026-08-29T16:32:00Z,2026-08-29T16:34:00Z,2,hub,2026-09-17T00:49:00Z,2026-09-17T00:49:00Z,true
wessex:WXW00473:1788009480000,wessex:WXW00473,wessex,2026-08-29T13:18:00Z,2026-08-29T13:32:00Z,14,hub,2026-09-17T00:49:00Z,2026-09-17T00:49:00Z,true
wessex:WXW00474:1788021600000,wessex:WXW00474,wessex,2026-08-29T16:40:00Z,2026-08-29T16:42:00Z,2,hub,2026-09-17T00:49:00Z,2026-09-17T00:49:00Z,true
wessex:WXW00477:1787799600000,wessex:WXW00477,wessex,2026-08-27T03:00:00Z,2026-08-27T03:02:00Z,2,hub,2026-09-17T00:49:00Z,2026-09-17T00:49:00Z,true
wessex:WXW00478:1788015900000,wessex:WXW00478,wessex,2026-08-29T15:05:00Z,2026-08-29T16:14:00Z,69,hub,2026-09-17T00:49:00Z,2026-09-17T00:49:00Z,true
wessex:WXW00484:1788010080000,wessex:WXW00484,wessex,2026-08-29T13:28:00Z,2026-08-29T14:00:00Z,32,hub,2026-09-17T00:49:00Z,2026-09-17T00:49:00Z,true
wessex:WXW00486:1787807640000,wessex:WXW00486,wessex,2026-08-27T05:14:00Z,2026-08-27T05:48:00Z,34,hub,2026-09-17T00:49:00Z,2026-09-17T00:49:00Z,true
wessex:WXW00493:1788006480000,wessex:WXW00493,wessex,2026-08-29T12:28:00Z,2026-08-29T12:45:00Z,17,hub,2026-09-17T00:49:00Z,2026-09-17T00:49:00Z,true
wessex:WXW00502:1787808000000,wessex:WXW00502,wessex,2026-08-27T05:20:00Z,2026-08-27T05:24:00Z,4,hub,2026-09-17T00:49:00Z,2026-09-17T00:49:00Z,true
wessex:WXW00508:1788008880000,wessex:WXW00508,wessex,2026-08-29T13:08:00Z,2026-08-29T13:30:00Z,22,hub,2026-09-17T00:49:00Z,2026-09-17T00:49:00Z,true
wessex:WXW00509:1787803920000,wessex:WXW00509,wessex,2026-08-27T04:12:00Z,2026-08-27T04:22:00Z,10,hub,2026-09-17T00:49:00Z,2026-09-17T00:49:00Z,true
wessex:WXW00513:1788153360000,wessex:WXW00513,wessex,2026-08-31T05:16:00Z,2026-08-31T05:20:00Z,4,hub,2026-09-17T00:49:00Z,2026-09-17T00:49:00Z,true
wessex:WXW00520:1787802360000,wessex:WXW00520,wessex,2026-08-27T03:46:00Z,2026-08-27T03:52:00Z,6,hub,2026-09-17T00:49:00Z,2026-09-17T00:49:00Z,true
wessex:WXW00522:1787991840000,wessex:WXW00522,wessex,2026-08-29T08:24:00Z,2026-08-29T08:28:00Z,4,hub,2026-09-17T00:49:00Z,2026-09-17T00:49:00Z,true
wessex:WXW00527:1787803080000,wessex:WXW00527,wessex,2026-08-27T03:58:00Z,2026-08-27T04:05:00Z,7,hub,2026-09-17T00:49:00Z,2026-09-17T00:49:00Z,true
wessex:WXW00537:1787808000000,wessex:WXW00537,wessex,2026-08-27T05:20:00Z,2026-08-27T05:26:00Z,6,hub,2026-09-17T00:49:00Z,2026-09-17T00:49:00Z,true
wessex:WXW00538:1787806800000,wessex:WXW00538,wessex,2026-08-27T05:00:00Z,2026-08-27T05:28:00Z,28,hub,2026-09-17T00:49:00Z,2026-09-17T00:49:00Z,true
wessex:WXW00540:1787799000000,wessex:WXW00540,wessex,2026-08-27T02:50:00Z,2026-08-27T02:53:00Z,3,hub,2026-09-17T00:49:00Z,2026-09-17T00:49:00Z,true
wessex:WXW00541:1788109320000,wessex:WXW00541,wessex,2026-08-30T17:02:00Z,2026-08-30T17:08:00Z,6,hub,2026-09-17T00:49:00Z,2026-09-17T00:49:00Z,true
wessex:WXW00542:1788108840000,wessex:WXW00542,wessex,2026-08-30T16:54:00Z,2026-08-30T18:12:00Z,78,hub,2026-09-17T00:49:00Z,2026-09-17T00:49:00Z,true
wessex:WXW00545:1788024600000,wessex:WXW00545,wessex,2026-08-29T17:30:00Z,2026-08-29T17:58:00Z,28,hub,2026-09-17T00:49:00Z,2026-09-17T00:49:00Z,true
wessex:WXW00546:1788006000000,wessex:WXW00546,wessex,2026-08-29T12:20:00Z,2026-08-29T13:14:00Z,54,hub,2026-09-17T00:49:00Z,2026-09-17T00:49:00Z,true
wessex:WXW00547:1788123360000,wessex:WXW00547,wessex,2026-08-30T20:56:00Z,2026-08-30T21:02:00Z,6,hub,2026-09-17T00:49:00Z,2026-09-17T00:49:00Z,true
wessex:WXW00549:1788005040000,wessex:WXW00549,wessex,2026-08-29T12:04:00Z,2026-08-29T12:26:00Z,22,hub,2026-09-17T00:49:00Z,2026-09-17T00:49:00Z,true
wessex:WXW00550:1788006600000,wessex:WXW00550,wessex,2026-08-29T12:30:00Z,2026-08-29T15:14:00Z,164,hub,2026-09-17T00:49:00Z,2026-09-17T00:49:00Z,true
wessex:WXW00551:1787807880000,wessex:WXW00551,wessex,2026-08-27T05:18:00Z,2026-08-27T05:24:00Z,6,hub,2026-09-17T00:49:00Z,2026-09-17T00:49:00Z,true
wessex:WXW00553:1787808120000,wessex:WXW00553,wessex,2026-08-27T05:22:00Z,2026-08-27T05:26:00Z,4,hub,2026-09-17T00:49:00Z,2026-09-17T00:49:00Z,true
wessex:WXW00554:1788129480000,wessex:WXW00554,wessex,2026-08-30T22:38:00Z,2026-08-30T22:52:00Z,14,hub,2026-09-17T00:49:00Z,2026-09-17T00:49:00Z,true
wessex:WXW00559:1788144000000,wessex:WXW00559,wessex,2026-08-31T02:40:00Z,2026-08-31T02:54:00Z,14,hub,2026-09-17T00:49:00Z,2026-09-17T00:49:00Z,true
wessex:WXW00561:1787802480000,wessex:WXW00561,wessex,2026-08-27T03:48:00Z,2026-08-27T04:10:00Z,22,hub,2026-09-17T00:49:00Z,2026-09-17T00:49:00Z,true
wessex:WXW00563:1788004560000,wessex:WXW00563,wessex,2026-08-29T11:56:00Z,2026-08-29T12:08:00Z,12,hub,2026-09-17T00:49:00Z,2026-09-17T00:49:00Z,true
wessex:WXW00564:1788006360000,wessex:WXW00564,wessex,2026-08-29T12:26:00Z,2026-08-29T12:46:00Z,20,hub,2026-09-17T00:49:00Z,2026-09-17T00:49:00Z,true
wessex:WXW00566:1787807760000,wessex:WXW00566,wessex,2026-08-27T05:16:00Z,2026-08-27T05:24:00Z,8,hub,2026-09-17T00:49:00Z,2026-09-17T00:49:00Z,true
wessex:WXW00568:1788009960000,wessex:WXW00568,wessex,2026-08-29T13:26:00Z,2026-08-29T15:38:00Z,132,hub,2026-09-17T00:49:00Z,2026-09-17T00:49:00Z,true
wessex:WXW00569:1788009840000,wessex:WXW00569,wessex,2026-08-29T13:24:00Z,2026-08-29T13:26:00Z,2,hub,2026-09-17T00:49:00Z,2026-09-17T00:49:00Z,true
wessex:WXW00572:1788002520000,wessex:WXW00572,wessex,2026-08-29T11:22:00Z,2026-08-29T11:38:00Z,16,hub,2026-09-17T00:49:00Z,2026-09-17T00:49:00Z,true
wessex:WXW00581:1787988480000,wessex:WXW00581,wessex,2026-08-29T07:28:00Z,2026-08-29T07:30:00Z,2,hub,2026-09-17T00:49:00Z,2026-09-17T00:49:00Z,true
wessex:WXW00584:1787344278000,wessex:WXW00584,wessex,2026-08-21T20:31:18Z,2026-08-21T20:33:14Z,2,hub,2026-09-17T00:49:00Z,2026-09-17T00:49:00Z,true
wessex:WXW00589:1788007440000,wessex:WXW00589,wessex,2026-08-29T12:44:00Z,2026-08-29T14:56:00Z,132,hub,2026-09-17T00:49:00Z,2026-09-17T00:49:00Z,true
wessex:WXW00590:1788008220000,wessex:WXW00590,wessex,2026-08-29T12:57:00Z,2026-08-29T14:12:00Z,75,hub,2026-09-17T00:49:00Z,2026-09-17T00:49:00Z,true
wessex:WXW00591:1788012240000,wessex:WXW00591,wessex,2026-08-29T14:04:00Z,2026-08-29T14:54:00Z,50,hub,2026-09-17T00:49:00Z,2026-09-17T00:49:00Z,true
wessex:WXW00592:1787219864000,wessex:WXW00592,wessex,2026-08-20T09:57:44Z,2026-08-20T09:59:55Z,2,hub,2026-09-17T00:49:00Z,2026-09-17T00:49:00Z,true
wessex:WXW00593:1788003720000,wessex:WXW00593,wessex,2026-08-29T11:42:00Z,2026-08-29T11:52:00Z,10,hub,2026-09-17T00:49:00Z,2026-09-17T00:49:00Z,true
wessex:WXW00596:1787220240000,wessex:WXW00596,wessex,2026-08-20T10:04:00Z,2026-08-20T10:06:00Z,2,hub,2026-09-17T00:49:00Z,2026-09-17T00:49:00Z,true
wessex:WXW00609:1788004560000,wessex:WXW00609,wessex,2026-08-29T11:56:00Z,2026-08-29T12:08:00Z,12,hub,2026-09-17T00:49:00Z,2026-09-17T00:49:00Z,true
wessex:WXW00610:1788011400000,wessex:WXW00610,wessex,2026-08-29T13:50:00Z,2026-08-29T14:01:00Z,11,hub,2026-09-17T00:49:00Z,2026-09-17T00:49:00Z,true
wessex:WXW00613:1787809200000,wessex:WXW00613,wessex,2026-08-27T05:32:00Z,2026-08-27T05:42:00Z,10,hub,2026-09-17T00:49:00Z,2026-09-22T12:10:36Z,true
wessex:WXW00616:1787190240000,wessex:WXW00616,wessex,2026-08-20T01:44:00Z,2026-08-20T03:06:00Z,82,hub,2026-09-17T00:49:00Z,2026-09-17T00:49:00Z,true
wessex:WXW00619:1788008520000,wessex:WXW00619,wessex,2026-08-29T13:02:00Z,2026-08-29T13:34:00Z,32,hub,2026-09-17T00:49:00Z,2026-09-17T00:49:00Z,true
wessex:WXW00620:1788009720000,wessex:WXW00620,wessex,2026-08-29T13:22:00Z,2026-08-29T13:38:00Z,16,hub,2026-09-17T00:49:00Z,2026-09-17T00:49:00Z,true
wessex:WXW00622:1788008880000,wessex:WXW00622,wessex,2026-08-29T13:08:00Z,2026-08-29T13:52:00Z,44,hub,2026-09-22T15:40:25Z,2026-09-22T15:40:25Z,true
wessex:WXW00622:1788010320000,wessex:WXW00622,wessex,2026-08-29T13:32:00Z,2026-08-29T13:52:00Z,20,hub,2026-09-17T00:49:00Z,2026-09-17T00:49:00Z,true
wessex:WXW00632:1787121120000,wessex:WXW00632,wessex,2026-08-19T06:32:00Z,2026-08-19T07:38:00Z,66,hub,2026-09-17T00:49:00Z,2026-09-17T00:49:00Z,true
wessex:WXW00633:1788009600000,wessex:WXW00633,wessex,2026-08-29T13:20:00Z,2026-08-29T13:26:00Z,6,hub,2026-09-17T00:49:00Z,2026-09-17T00:49:00Z,true
wessex:WXW00634:1787807880000,wessex:WXW00634,wessex,2026-08-27T05:18:00Z,2026-08-27T05:22:00Z,4,hub,2026-09-17T00:49:00Z,2026-09-17T00:49:00Z,true
wessex:WXW00635:1788010440000,wessex:WXW00635,wessex,2026-08-29T13:34:00Z,2026-08-29T14:36:00Z,62,hub,2026-09-17T00:49:00Z,2026-09-17T00:49:00Z,true
wessex:WXW00636:1788009840000,wessex:WXW00636,wessex,2026-08-29T13:24:00Z,2026-08-29T14:02:00Z,38,hub,2026-09-17T00:49:00Z,2026-09-17T00:49:00Z,true
wessex:WXW00638:1788129120000,wessex:WXW00638,wessex,2026-08-30T22:32:00Z,2026-08-30T22:56:00Z,24,hub,2026-09-17T00:49:00Z,2026-09-17T00:49:00Z,true
wessex:WXW00639:1788011580000,wessex:WXW00639,wessex,2026-08-29T13:53:00Z,2026-08-29T14:21:00Z,28,hub,2026-09-17T00:49:00Z,2026-09-17T00:49:00Z,true
wessex:WXW00640:1787804880000,wessex:WXW00640,wessex,2026-08-27T04:28:00Z,2026-08-27T04:44:00Z,16,hub,2026-09-17T00:49:00Z,2026-09-17T00:49:00Z,true
wessex:WXW00643:1788005880000,wessex:WXW00643,wessex,2026-08-29T12:18:00Z,2026-08-29T12:22:00Z,4,hub,2026-09-17T00:49:00Z,2026-09-17T00:49:00Z,true
wessex:WXW00644:1787799240000,wessex:WXW00644,wessex,2026-08-27T02:54:00Z,2026-08-27T03:06:00Z,12,hub,2026-09-17T00:49:00Z,2026-09-17T00:49:00Z,true
wessex:WXW00645:1787807040000,wessex:WXW00645,wessex,2026-08-27T05:04:00Z,2026-08-27T05:08:00Z,4,hub,2026-09-17T00:49:00Z,2026-09-17T00:49:00Z,true
wessex:WXW00648:1788009840000,wessex:WXW00648,wessex,2026-08-29T13:24:00Z,2026-08-29T13:28:00Z,4,hub,2026-09-17T00:49:00Z,2026-09-17T00:49:00Z,true
wessex:WXW00649:1787807400000,wessex:WXW00649,wessex,2026-08-27T05:10:00Z,2026-08-27T05:24:00Z,14,hub,2026-09-17T00:49:00Z,2026-09-17T00:49:00Z,true
wessex:WXW00650:1787806800000,wessex:WXW00650,wessex,2026-08-27T05:00:00Z,2026-08-27T05:40:00Z,40,hub,2026-09-17T00:49:00Z,2026-09-17T00:49:00Z,true
wessex:WXW00654:1788145080000,wessex:WXW00654,wessex,2026-08-31T02:58:00Z,2026-08-31T03:06:00Z,8,hub,2026-09-17T00:49:00Z,2026-09-17T00:49:00Z,true
wessex:WXW00657:1787186520000,wessex:WXW00657,wessex,2026-08-20T00:42:00Z,2026-08-20T01:02:00Z,20,hub,2026-09-17T00:49:00Z,2026-09-17T00:49:00Z,true
wessex:WXW00660:1788009960000,wessex:WXW00660,wessex,2026-08-29T13:26:00Z,2026-08-29T13:34:00Z,8,hub,2026-09-17T00:49:00Z,2026-09-17T00:49:00Z,true
wessex:WXW00661:1787802720000,wessex:WXW00661,wessex,2026-08-27T03:52:00Z,2026-08-27T04:24:00Z,32,hub,2026-09-17T00:49:00Z,2026-09-17T00:49:00Z,true
wessex:WXW00665:1787806680000,wessex:WXW00665,wessex,2026-08-27T04:58:00Z,2026-08-27T05:12:00Z,14,hub,2026-09-17T00:49:00Z,2026-09-17T00:49:00Z,true
wessex:WXW00666:1788004800000,wessex:WXW00666,wessex,2026-08-29T12:00:00Z,2026-08-29T12:02:00Z,2,hub,2026-09-17T00:49:00Z,2026-09-17T00:49:00Z,true
wessex:WXW00672:1788004560000,wessex:WXW00672,wessex,2026-08-29T11:56:00Z,2026-08-29T12:10:00Z,14,hub,2026-09-17T00:49:00Z,2026-09-17T00:49:00Z,true
wessex:WXW00677:1788023400000,wessex:WXW00677,wessex,2026-08-29T17:10:00Z,2026-08-29T17:15:00Z,5,hub,2026-09-17T00:49:00Z,2026-09-17T00:49:00Z,true
wessex:WXW00678:1788021960000,wessex:WXW00678,wessex,2026-08-29T16:46:00Z,2026-08-29T17:10:00Z,24,hub,2026-09-17T00:49:00Z,2026-09-17T00:49:00Z,true
wessex:WXW00679:1788006153000,wessex:WXW00679,wessex,2026-08-29T12:22:33Z,2026-08-29T12:27:45Z,5,hub,2026-09-17T00:49:00Z,2026-09-17T00:49:00Z,true
wessex:WXW00682:1788021960000,wessex:WXW00682,wessex,2026-08-29T16:46:00Z,2026-08-29T16:52:00Z,6,hub,2026-09-17T00:49:00Z,2026-09-17T00:49:00Z,true
wessex:WXW00688:1787797080000,wessex:WXW00688,wessex,2026-08-27T02:18:00Z,2026-08-27T02:24:00Z,6,hub,2026-09-17T00:49:00Z,2026-09-17T00:49:00Z,true
wessex:WXW00691:1788004920000,wessex:WXW00691,wessex,2026-08-29T12:02:00Z,2026-08-29T12:52:00Z,50,hub,2026-09-22T14:40:25Z,2026-09-22T14:40:25Z,true
wessex:WXW00691:1788007800000,wessex:WXW00691,wessex,2026-08-29T12:50:00Z,2026-08-29T12:52:00Z,2,hub,2026-09-17T00:49:00Z,2026-09-17T00:49:00Z,true
wessex:WXW00692:1788008460000,wessex:WXW00692,wessex,2026-08-29T13:01:00Z,2026-08-29T15:14:00Z,133,hub,2026-09-17T00:49:00Z,2026-09-17T00:49:00Z,true
wessex:WXW00695:1787804670000,wessex:WXW00695,wessex,2026-08-27T04:24:30Z,2026-08-27T04:43:35Z,19,hub,2026-09-17T00:49:00Z,2026-09-17T00:49:00Z,true
wessex:WXW00696:1787805237000,wessex:WXW00696,wessex,2026-08-27T04:33:57Z,2026-08-27T04:38:09Z,4,hub,2026-09-17T00:49:00Z,2026-09-17T00:49:00Z,true
wessex:WXW00699:1788006960000,wessex:WXW00699,wessex,2026-08-29T12:36:00Z,2026-08-29T13:12:00Z,36,hub,2026-09-17T00:49:00Z,2026-09-17T00:49:00Z,true
wessex:WXW00700:1788007920000,wessex:WXW00700,wessex,2026-08-29T12:52:00Z,2026-08-29T13:06:00Z,14,hub,2026-09-17T00:49:00Z,2026-09-17T00:49:00Z,true
wessex:WXW00702:1787806920000,wessex:WXW00702,wessex,2026-08-27T05:02:00Z,2026-08-27T05:26:00Z,24,hub,2026-09-17T00:49:00Z,2026-09-17T00:49:00Z,true
wessex:WXW00705:1788024720000,wessex:WXW00705,wessex,2026-08-29T17:32:00Z,2026-08-29T17:36:00Z,4,hub,2026-09-17T00:49:00Z,2026-09-17T00:49:00Z,true
wessex:WXW00706:1787799360000,wessex:WXW00706,wessex,2026-08-27T02:56:00Z,2026-08-27T03:08:00Z,12,hub,2026-09-17T00:49:00Z,2026-09-17T00:49:00Z,true
wessex:WXW00711:1788012120000,wessex:WXW00711,wessex,2026-08-29T14:02:00Z,2026-08-29T14:12:00Z,10,hub,2026-09-17T00:49:00Z,2026-09-17T00:49:00Z,true
wessex:WXW00712:1788024000000,wessex:WXW00712,wessex,2026-08-29T17:20:00Z,2026-08-29T17:42:00Z,22,hub,2026-09-17T00:49:00Z,2026-09-17T00:49:00Z,true
wessex:WXW00714:1787808600000,wessex:WXW00714,wessex,2026-08-27T05:30:00Z,2026-08-27T05:37:00Z,7,hub,2026-09-17T00:49:00Z,2026-09-17T00:49:00Z,true
wessex:WXW00715:1788124440000,wessex:WXW00715,wessex,2026-08-30T21:14:00Z,2026-08-30T21:32:00Z,18,hub,2026-09-17T00:49:00Z,2026-09-17T00:49:00Z,true
wessex:WXW00719:1787806440000,wessex:WXW00719,wessex,2026-08-27T04:54:00Z,2026-08-27T05:22:00Z,28,hub,2026-09-17T00:49:00Z,2026-09-17T00:49:00Z,true
wessex:WXW00720:1787807100000,wessex:WXW00720,wessex,2026-08-27T05:05:00Z,2026-08-27T06:28:00Z,83,hub,2026-09-17T00:49:00Z,2026-09-17T00:49:00Z,true
wessex:WXW00721:1788006360000,wessex:WXW00721,wessex,2026-08-29T12:26:00Z,2026-08-29T15:13:00Z,167,hub,2026-09-17T00:49:00Z,2026-09-17T00:49:00Z,true
wessex:WXW00726:1788011040000,wessex:WXW00726,wessex,2026-08-29T13:44:00Z,2026-08-29T13:58:00Z,14,hub,2026-09-17T00:49:00Z,2026-09-17T00:49:00Z,true
wessex:WXW00728:1788010080000,wessex:WXW00728,wessex,2026-08-29T13:28:00Z,2026-08-29T13:32:00Z,4,hub,2026-09-17T00:49:00Z,2026-09-17T00:49:00Z,true
wessex:WXW00729:1788010080000,wessex:WXW00729,wessex,2026-08-29T13:28:00Z,2026-08-29T13:48:00Z,20,hub,2026-09-17T00:49:00Z,2026-09-17T00:49:00Z,true
wessex:WXW00733:1787826480000,wessex:WXW00733,wessex,2026-08-27T10:28:00Z,2026-08-27T10:30:00Z,2,hub,2026-09-17T00:49:00Z,2026-09-17T00:49:00Z,true
wessex:WXW00735:1788005160000,wessex:WXW00735,wessex,2026-08-29T12:06:00Z,2026-08-29T13:10:00Z,64,hub,2026-09-17T00:49:00Z,2026-09-17T00:49:00Z,true
wessex:WXW00737:1788155530000,wessex:WXW00737,wessex,2026-08-31T05:52:10Z,2026-08-31T05:53:02Z,1,hub,2026-09-17T00:49:00Z,2026-09-17T00:49:00Z,true
wessex:WXW00742:1788007920000,wessex:WXW00742,wessex,2026-08-29T12:52:00Z,2026-08-29T14:46:00Z,114,hub,2026-09-17T00:49:00Z,2026-09-17T00:49:00Z,true
wessex:WXW00746:1788007920000,wessex:WXW00746,wessex,2026-08-29T12:52:00Z,2026-08-29T13:12:00Z,20,hub,2026-09-17T00:49:00Z,2026-09-17T00:49:00Z,true
wessex:WXW00750:1788124440000,wessex:WXW00750,wessex,2026-08-30T21:14:00Z,2026-08-30T21:46:00Z,32,hub,2026-09-17T00:49:00Z,2026-09-17T00:49:00Z,true
wessex:WXW00751:1788009840000,wessex:WXW00751,wessex,2026-08-29T13:24:00Z,2026-08-29T13:42:00Z,18,hub,2026-09-17T00:49:00Z,2026-09-17T00:49:00Z,true
wessex:WXW00754:1788009720000,wessex:WXW00754,wessex,2026-08-29T13:22:00Z,2026-08-29T13:34:00Z,12,hub,2026-09-17T00:49:00Z,2026-09-17T00:49:00Z,true
wessex:WXW00761:1788007888000,wessex:WXW00761,wessex,2026-08-29T12:51:28Z,2026-08-29T12:52:01Z,1,hub,2026-09-17T00:49:00Z,2026-09-17T00:49:00Z,true
wessex:WXW00764:1787808060000,wessex:WXW00764,wessex,2026-08-27T05:21:00Z,2026-08-27T05:25:00Z,4,hub,2026-09-17T00:49:00Z,2026-09-17T00:49:00Z,true
wessex:WXW00765:1787808120000,wessex:WXW00765,wessex,2026-08-27T05:22:00Z,2026-08-27T05:30:00Z,8,hub,2026-09-17T00:49:00Z,2026-09-17T00:49:00Z,true
wessex:WXW00767:1787186880000,wessex:WXW00767,wessex,2026-08-20T00:48:00Z,2026-08-20T01:08:00Z,20,hub,2026-09-17T00:49:00Z,2026-09-17T00:49:00Z,true
wessex:WXW00768:1788132240000,wessex:WXW00768,wessex,2026-08-30T23:24:00Z,2026-08-30T23:26:00Z,2,hub,2026-09-17T00:49:00Z,2026-09-17T00:49:00Z,true
wessex:WXW00772:1788012840000,wessex:WXW00772,wessex,2026-08-29T14:14:00Z,2026-08-29T14:38:00Z,24,hub,2026-09-17T00:49:00Z,2026-09-17T00:49:00Z,true
wessex:WXW00773:1788115320000,wessex:WXW00773,wessex,2026-08-30T18:42:00Z,2026-08-30T19:06:00Z,24,hub,2026-09-17T00:49:00Z,2026-09-17T00:49:00Z,true
wessex:WXW00779:1787807760000,wessex:WXW00779,wessex,2026-08-27T05:16:00Z,2026-08-27T05:22:00Z,6,hub,2026-09-17T00:49:00Z,2026-09-17T00:49:00Z,true
wessex:WXW00785:1788003900000,wessex:WXW00785,wessex,2026-08-29T11:45:00Z,2026-08-29T11:49:00Z,4,hub,2026-09-17T00:49:00Z,2026-09-17T00:49:00Z,true
wessex:WXW00789:1787807760000,wessex:WXW00789,wessex,2026-08-27T05:16:00Z,2026-08-27T05:24:00Z,8,hub,2026-09-17T00:49:00Z,2026-09-17T00:49:00Z,true
wessex:WXW00792:1788128880000,wessex:WXW00792,wessex,2026-08-30T22:28:00Z,2026-08-30T22:34:00Z,6,hub,2026-09-17T00:49:00Z,2026-09-17T00:49:00Z,true
wessex:WXW00796:1787802360000,wessex:WXW00796,wessex,2026-08-27T03:46:00Z,2026-08-27T04:08:00Z,22,hub,2026-09-17T00:49:00Z,2026-09-17T00:49:00Z,true
wessex:WXW00798:1787808960000,wessex:WXW00798,wessex,2026-08-27T05:36:00Z,2026-08-27T05:38:00Z,2,hub,2026-09-17T00:49:00Z,2026-09-17T00:49:00Z,true
wessex:WXW00800:1788028080000,wessex:WXW00800,wessex,2026-08-29T18:28:00Z,2026-08-29T18:29:00Z,1,hub,2026-09-17T00:49:00Z,2026-09-17T00:49:00Z,true
wessex:WXW00801:1788007800000,wessex:WXW00801,wessex,2026-08-29T12:50:00Z,2026-08-29T13:00:00Z,10,hub,2026-09-17T00:49:00Z,2026-09-17T00:49:00Z,true
wessex:WXW00805:1787931840000,wessex:WXW00805,wessex,2026-08-28T15:44:00Z,2026-08-28T15:54:00Z,10,hub,2026-09-17T00:49:00Z,2026-09-17T00:49:00Z,true
wessex:WXW00806:1787992200000,wessex:WXW00806,wessex,2026-08-29T08:30:00Z,2026-08-29T08:34:00Z,4,hub,2026-09-17T00:49:00Z,2026-09-17T00:49:00Z,true
wessex:WXW00809:1788002640000,wessex:WXW00809,wessex,2026-08-29T11:24:00Z,2026-08-29T11:30:00Z,6,hub,2026-09-17T00:49:00Z,2026-09-17T00:49:00Z,true
wessex:WXW00812:1788006720000,wessex:WXW00812,wessex,2026-08-29T12:32:00Z,2026-08-29T14:39:00Z,127,hub,2026-09-17T00:49:00Z,2026-09-17T00:49:00Z,true
wessex:WXW00816:1788027120000,wessex:WXW00816,wessex,2026-08-29T18:12:00Z,2026-08-29T20:54:00Z,162,hub,2026-09-17T00:49:00Z,2026-09-17T00:49:00Z,true
wessex:WXW00817:1787808600000,wessex:WXW00817,wessex,2026-08-27T05:30:00Z,2026-08-27T05:40:00Z,10,hub,2026-09-17T00:49:00Z,2026-09-17T00:49:00Z,true
wessex:WXW00819:1788135240000,wessex:WXW00819,wessex,2026-08-31T00:14:00Z,2026-08-31T00:16:00Z,2,hub,2026-09-17T00:49:00Z,2026-09-17T00:49:00Z,true
wessex:WXW00822:1788137280000,wessex:WXW00822,wessex,2026-08-31T00:48:00Z,2026-08-31T01:04:00Z,16,hub,2026-09-17T00:49:00Z,2026-09-17T00:49:00Z,true
wessex:WXW00824:1787998800000,wessex:WXW00824,wessex,2026-08-29T10:20:00Z,2026-08-29T10:22:00Z,2,hub,2026-09-17T00:49:00Z,2026-09-17T00:49:00Z,true
wessex:WXW00826:1788005760000,wessex:WXW00826,wessex,2026-08-29T12:16:00Z,2026-08-29T12:24:00Z,8,hub,2026-09-17T00:49:00Z,2026-09-17T00:49:00Z,true
wessex:WXW00831:1788008400000,wessex:WXW00831,wessex,2026-08-29T13:00:00Z,2026-08-29T13:48:00Z,48,hub,2026-09-17T00:49:00Z,2026-09-17T00:49:00Z,true
wessex:WXW00832:1787807280000,wessex:WXW00832,wessex,2026-08-27T05:08:00Z,2026-08-27T05:30:00Z,22,hub,2026-09-17T00:49:00Z,2026-09-17T00:49:00Z,true
wessex:WXW00834:1788002520000,wessex:WXW00834,wessex,2026-08-29T11:22:00Z,2026-08-29T12:10:00Z,48,hub,2026-09-17T00:49:00Z,2026-09-17T00:49:00Z,true
wessex:WXW00835:1787808300000,wessex:WXW00835,wessex,2026-08-27T05:25:00Z,2026-08-27T05:42:00Z,17,hub,2026-09-17T00:49:00Z,2026-09-17T00:49:00Z,true
wessex:WXW00838:1788010200000,wessex:WXW00838,wessex,2026-08-29T13:30:00Z,2026-08-29T13:54:00Z,24,hub,2026-09-17T00:49:00Z,2026-09-17T00:49:00Z,true
wessex:WXW00843:1788009240000,wessex:WXW00843,wessex,2026-08-29T13:14:00Z,2026-08-29T13:16:00Z,2,hub,2026-09-17T00:49:00Z,2026-09-17T00:49:00Z,true
wessex:WXW00849:1788007980000,wessex:WXW00849,wessex,2026-08-29T12:53:00Z,2026-08-29T13:27:00Z,34,hub,2026-09-17T00:49:00Z,2026-09-17T00:49:00Z,true
wessex:WXW00850:1787806800000,wessex:WXW00850,wessex,2026-08-27T05:00:00Z,2026-08-27T05:28:00Z,28,hub,2026-09-17T00:49:00Z,2026-09-17T00:49:00Z,true
wessex:WXW00859:1788023040000,wessex:WXW00859,wessex,2026-08-29T17:04:00Z,2026-08-29T18:32:00Z,88,hub,2026-09-17T00:49:00Z,2026-09-17T00:49:00Z,true
wessex:WXW00871:1787998680000,wessex:WXW00871,wessex,2026-08-29T10:18:00Z,2026-08-29T10:32:00Z,14,hub,2026-09-17T00:49:00Z,2026-09-17T00:49:00Z,true
wessex:WXW00875:1788123060000,wessex:WXW00875,wessex,2026-08-30T20:51:00Z,2026-08-30T20:54:00Z,3,hub,2026-09-17T00:49:00Z,2026-09-17T00:49:00Z,true
wessex:WXW00877:1787797500000,wessex:WXW00877,wessex,2026-08-27T02:25:00Z,2026-08-27T02:27:00Z,2,hub,2026-09-17T00:49:00Z,2026-09-17T00:49:00Z,true
wessex:WXW00878:1787797800000,wessex:WXW00878,wessex,2026-08-27T02:30:00Z,2026-08-27T02:44:00Z,14,hub,2026-09-17T00:49:00Z,2026-09-17T00:49:00Z,true
wessex:WXW00879:1787987880000,wessex:WXW00879,wessex,2026-08-29T07:18:00Z,2026-08-29T07:24:00Z,6,hub,2026-09-17T00:49:00Z,2026-09-17T00:49:00Z,true
wessex:WXW00880:1788144240000,wessex:WXW00880,wessex,2026-08-31T02:44:00Z,2026-08-31T02:50:00Z,6,hub,2026-09-17T00:49:00Z,2026-09-17T00:49:00Z,true
wessex:WXW00882:1788010320000,wessex:WXW00882,wessex,2026-08-29T13:32:00Z,2026-08-29T14:06:00Z,34,hub,2026-09-17T00:49:00Z,2026-09-17T00:49:00Z,true
wessex:WXW00886:1787802360000,wessex:WXW00886,wessex,2026-08-27T03:46:00Z,2026-08-27T03:54:00Z,8,hub,2026-09-17T00:49:00Z,2026-09-17T00:49:00Z,true
wessex:WXW00889:1787806680000,wessex:WXW00889,wessex,2026-08-27T04:58:00Z,2026-08-27T05:14:00Z,16,hub,2026-09-17T00:49:00Z,2026-09-17T00:49:00Z,true
wessex:WXW00890:1787805240000,wessex:WXW00890,wessex,2026-08-27T04:34:00Z,2026-08-27T04:48:00Z,14,hub,2026-09-17T00:49:00Z,2026-09-17T00:49:00Z,true
wessex:WXW00891:1788007440000,wessex:WXW00891,wessex,2026-08-29T12:44:00Z,2026-08-29T17:03:00Z,259,hub,2026-09-17T00:49:00Z,2026-09-17T00:49:00Z,true
wessex:WXW00892:1788080880000,wessex:WXW00892,wessex,2026-08-30T09:08:00Z,2026-08-30T09:10:00Z,2,hub,2026-09-17T00:49:00Z,2026-09-17T00:49:00Z,true
wessex:WXW00894:1788014940000,wessex:WXW00894,wessex,2026-08-29T14:49:00Z,2026-08-29T16:24:00Z,95,hub,2026-09-17T00:49:00Z,2026-09-17T00:49:00Z,true
wessex:WXW00899:1786353720000,wessex:WXW00899,wessex,2026-08-10T09:22:00Z,2026-08-10T09:36:00Z,14,hub,2026-09-17T00:49:00Z,2026-09-17T00:49:00Z,true
wessex:WXW00903:1787806920000,wessex:WXW00903,wessex,2026-08-27T05:02:00Z,2026-08-27T05:34:00Z,32,hub,2026-09-17T00:49:00Z,2026-09-17T00:49:00Z,true
wessex:WXW00904:1787180760000,wessex:WXW00904,wessex,2026-08-19T23:06:00Z,2026-08-19T23:24:00Z,18,hub,2026-09-17T00:49:00Z,2026-09-17T00:49:00Z,true
wessex:WXW00906:1788020280000,wessex:WXW00906,wessex,2026-08-29T16:18:00Z,2026-08-29T16:24:00Z,6,hub,2026-09-17T00:49:00Z,2026-09-17T00:49:00Z,true
wessex:WXW00909:1788004080000,wessex:WXW00909,wessex,2026-08-29T11:48:00Z,2026-08-29T12:04:00Z,16,hub,2026-09-17T00:49:00Z,2026-09-17T00:49:00Z,true
wessex:WXW00917:1788004560000,wessex:WXW00917,wessex,2026-08-29T11:56:00Z,2026-08-29T12:00:00Z,4,hub,2026-09-17T00:49:00Z,2026-09-17T00:49:00Z,true
wessex:WXW00920:1787796780000,wessex:WXW00920,wessex,2026-08-27T02:13:00Z,2026-08-27T03:09:00Z,56,hub,2026-09-17T00:49:00Z,2026-09-17T00:49:00Z,true
wessex:WXW00922:1788005040000,wessex:WXW00922,wessex,2026-08-29T12:04:00Z,2026-08-29T12:12:00Z,8,hub,2026-09-17T00:49:00Z,2026-09-17T00:49:00Z,true
wessex:WXW00923:1788005280000,wessex:WXW00923,wessex,2026-08-29T12:02:00Z,2026-08-29T12:12:00Z,10,hub,2026-09-17T00:49:00Z,2026-09-22T22:50:24Z,true
wessex:WXW00932:1788004560000,wessex:WXW00932,wessex,2026-08-29T11:56:00Z,2026-08-29T12:10:00Z,14,hub,2026-09-17T00:49:00Z,2026-09-17T00:49:00Z,true
wessex:WXW00936:1788012240000,wessex:WXW00936,wessex,2026-08-29T14:04:00Z,2026-08-29T15:10:00Z,66,hub,2026-09-17T00:49:00Z,2026-09-17T00:49:00Z,true
wessex:WXW00940:1788009960000,wessex:WXW00940,wessex,2026-08-29T13:26:00Z,2026-08-29T14:12:00Z,46,hub,2026-09-17T00:49:00Z,2026-09-17T00:49:00Z,true
wessex:WXW00941:1788007920000,wessex:WXW00941,wessex,2026-08-29T12:52:00Z,2026-08-29T13:28:00Z,36,hub,2026-09-17T00:49:00Z,2026-09-17T00:49:00Z,true
wessex:WXW00945:1788004320000,wessex:WXW00945,wessex,2026-08-29T11:52:00Z,2026-08-29T12:00:00Z,8,hub,2026-09-17T00:49:00Z,2026-09-17T00:49:00Z,true
wessex:WXW00947:1787316000000,wessex:WXW00947,wessex,2026-08-21T12:40:00Z,2026-08-21T13:04:00Z,24,hub,2026-09-17T00:49:00Z,2026-09-17T00:49:00Z,true
wessex:WXW00950:1787807280000,wessex:WXW00950,wessex,2026-08-27T05:08:00Z,2026-08-27T05:26:00Z,18,hub,2026-09-17T00:49:00Z,2026-09-17T00:49:00Z,true
wessex:WXW00952:1788056880000,wessex:WXW00952,wessex,2026-08-30T02:28:00Z,2026-08-30T02:32:00Z,4,hub,2026-09-17T00:49:00Z,2026-09-17T00:49:00Z,true
wessex:WXW00964:1788011520000,wessex:WXW00964,wessex,2026-08-29T13:52:00Z,2026-08-29T14:20:00Z,28,hub,2026-09-17T00:49:00Z,2026-09-17T00:49:00Z,true
wessex:WXW00965:1788004800000,wessex:WXW00965,wessex,2026-08-29T12:00:00Z,2026-08-29T12:12:00Z,12,hub,2026-09-17T00:49:00Z,2026-09-17T00:49:00Z,true
wessex:WXW00971:1787805360000,wessex:WXW00971,wessex,2026-08-27T04:36:00Z,2026-08-27T05:38:00Z,62,hub,2026-09-17T00:49:00Z,2026-09-17T00:49:00Z,true
wessex:WXW00974:1787926200000,wessex:WXW00974,wessex,2026-08-28T14:10:00Z,2026-08-28T14:20:00Z,10,hub,2026-09-17T00:49:00Z,2026-09-17T00:49:00Z,true
wessex:WXW00975:1788129600000,wessex:WXW00975,wessex,2026-08-30T22:40:00Z,2026-08-30T23:06:00Z,26,hub,2026-09-17T00:49:00Z,2026-09-17T00:49:00Z,true
wessex:WXW00980:1787806320000,wessex:WXW00980,wessex,2026-08-27T04:52:00Z,2026-08-27T05:24:00Z,32,hub,2026-09-17T00:49:00Z,2026-09-17T00:49:00Z,true
wessex:WXW00982:1787803020000,wessex:WXW00982,wessex,2026-08-27T03:57:00Z,2026-08-27T03:59:00Z,2,hub,2026-09-17T00:49:00Z,2026-09-17T00:49:00Z,true
wessex:WXW00983:1788023880000,wessex:WXW00983,wessex,2026-08-29T17:18:00Z,2026-08-29T18:28:00Z,70,hub,2026-09-17T00:49:00Z,2026-09-17T00:49:00Z,true
wessex:WXW00984:1787803080000,wessex:WXW00984,wessex,2026-08-27T03:58:00Z,2026-08-27T04:30:00Z,32,hub,2026-09-17T00:49:00Z,2026-09-17T00:49:00Z,true
wessex:WXW00998:1788116040000,wessex:WXW00998,wessex,2026-08-30T18:54:00Z,2026-08-30T19:00:00Z,6,hub,2026-09-17T00:49:00Z,2026-09-17T00:49:00Z,true
wessex:WXW00999:1787180520000,wessex:WXW00999,wessex,2026-08-19T23:02:00Z,2026-08-19T23:10:00Z,8,hub,2026-09-17T00:49:00Z,2026-09-17T00:49:00Z,true
wessex:WXW00999:1788115560000,wessex:WXW00999,wessex,2026-08-30T18:46:00Z,2026-08-30T18:56:00Z,10,hub,2026-09-22T22:50:24Z,2026-09-22T22:50:24Z,true
wessex:WXW01005:1787186880000,wessex:WXW01005,wessex,2026-08-20T00:48:00Z,2026-08-20T00:52:00Z,4,hub,2026-09-17T00:49:00Z,2026-09-17T00:49:00Z,true
wessex:WXW01008:1788005280000,wessex:WXW01008,wessex,2026-08-29T12:08:00Z,2026-08-29T12:12:00Z,4,hub,2026-09-17T00:49:00Z,2026-09-17T00:49:00Z,true
wessex:WXW01013:1788010320000,wessex:WXW01013,wessex,2026-08-29T13:32:00Z,2026-08-29T13:46:00Z,14,hub,2026-09-17T00:49:00Z,2026-09-17T00:49:00Z,true
wessex:WXW01020:1788004560000,wessex:WXW01020,wessex,2026-08-29T11:56:00Z,2026-08-29T12:04:00Z,8,hub,2026-09-17T00:49:00Z,2026-09-17T00:49:00Z,true
wessex:WXW01021:1788009360000,wessex:WXW01021,wessex,2026-08-29T13:16:00Z,2026-08-29T13:24:00Z,8,hub,2026-09-17T00:49:00Z,2026-09-17T00:49:00Z,true
wessex:WXW01022:1787796720000,wessex:WXW01022,wessex,2026-08-27T02:12:00Z,2026-08-27T03:02:00Z,50,hub,2026-09-17T00:49:00Z,2026-09-17T00:49:00Z,true
wessex:WXW01027:1787807280000,wessex:WXW01027,wessex,2026-08-27T05:08:00Z,2026-08-27T05:26:00Z,18,hub,2026-09-17T00:49:00Z,2026-09-17T00:49:00Z,true
wessex:WXW01028:1787807760000,wessex:WXW01028,wessex,2026-08-27T05:16:00Z,2026-08-27T05:24:00Z,8,hub,2026-09-17T00:49:00Z,2026-09-17T00:49:00Z,true
wessex:WXW01030:1787808120000,wessex:WXW01030,wessex,2026-08-27T05:22:00Z,2026-08-27T05:44:00Z,22,hub,2026-09-17T00:49:00Z,2026-09-17T00:49:00Z,true
wessex:WXW01035:1785862920000,wessex:WXW01035,wessex,2026-08-04T17:02:00Z,2026-08-04T17:10:00Z,8,hub,2026-09-17T00:49:00Z,2026-09-17T00:49:00Z,true
wessex:WXW01036:1787807280000,wessex:WXW01036,wessex,2026-08-27T05:08:00Z,2026-08-27T05:45:00Z,37,hub,2026-09-17T00:49:00Z,2026-09-17T00:49:00Z,true
wessex:WXW01037:1787807880000,wessex:WXW01037,wessex,2026-08-27T05:18:00Z,2026-08-27T05:28:00Z,10,hub,2026-09-17T00:49:00Z,2026-09-17T00:49:00Z,true
wessex:WXW01040:1788004680000,wessex:WXW01040,wessex,2026-08-29T11:58:00Z,2026-08-29T12:04:00Z,6,hub,2026-09-17T00:49:00Z,2026-09-17T00:49:00Z,true
wessex:WXW01041:1788004800000,wessex:WXW01041,wessex,2026-08-29T12:00:00Z,2026-08-29T12:20:00Z,20,hub,2026-09-17T00:49:00Z,2026-09-17T00:49:00Z,true
wessex:WXW01042:1788014769000,wessex:WXW01042,wessex,2026-08-29T14:46:09Z,2026-08-29T14:48:05Z,2,hub,2026-09-17T00:49:00Z,2026-09-17T00:49:00Z,true
wessex:WXW01045:1788008760000,wessex:WXW01045,wessex,2026-08-29T13:06:00Z,2026-08-29T13:50:00Z,44,hub,2026-09-17T00:49:00Z,2026-09-17T00:49:00Z,true
wessex:WXW01048:1788004800000,wessex:WXW01048,wessex,2026-08-29T12:00:00Z,2026-08-29T14:00:00Z,120,hub,2026-09-17T00:49:00Z,2026-09-17T00:49:00Z,true
wessex:WXW01049:1788115560000,wessex:WXW01049,wessex,2026-08-30T18:46:00Z,2026-08-30T19:20:00Z,34,hub,2026-09-17T00:49:00Z,2026-09-17T00:49:00Z,true
wessex:WXW01051:1788006240000,wessex:WXW01051,wessex,2026-08-29T12:24:00Z,2026-08-29T13:42:00Z,78,hub,2026-09-17T00:49:00Z,2026-09-17T00:49:00Z,true
wessex:WXW01054:1788006360000,wessex:WXW01054,wessex,2026-08-29T12:26:00Z,2026-08-29T12:34:00Z,8,hub,2026-09-17T00:49:00Z,2026-09-17T00:49:00Z,true
wessex:WXW01058:1787809080000,wessex:WXW01058,wessex,2026-08-27T05:38:00Z,2026-08-27T06:08:00Z,30,hub,2026-09-17T00:49:00Z,2026-09-17T00:49:00Z,true
wessex:WXW01060:1788009480000,wessex:WXW01060,wessex,2026-08-29T13:18:00Z,2026-08-29T13:40:00Z,22,hub,2026-09-17T00:49:00Z,2026-09-17T00:49:00Z,true
wessex:WXW01061:1788013680000,wessex:WXW01061,wessex,2026-08-29T14:28:00Z,2026-08-29T14:36:00Z,8,hub,2026-09-17T00:49:00Z,2026-09-17T00:49:00Z,true
wessex:WXW01065:1788123120000,wessex:WXW01065,wessex,2026-08-30T20:52:00Z,2026-08-30T20:58:00Z,6,hub,2026-09-17T00:49:00Z,2026-09-17T00:49:00Z,true
wessex:WXW01067:1787810400000,wessex:WXW01067,wessex,2026-08-27T06:00:00Z,2026-08-27T06:15:00Z,15,hub,2026-09-17T00:49:00Z,2026-09-17T00:49:00Z,true
wessex:WXW01070:1788007320000,wessex:WXW01070,wessex,2026-08-29T12:42:00Z,2026-08-29T12:54:00Z,12,hub,2026-09-17T00:49:00Z,2026-09-17T00:49:00Z,true
wessex:WXW01071:1788008580000,wessex:WXW01071,wessex,2026-08-29T13:03:00Z,2026-08-29T14:40:00Z,97,hub,2026-09-17T00:49:00Z,2026-09-17T00:49:00Z,true
wessex:WXW01072:1788010620000,wessex:WXW01072,wessex,2026-08-29T13:37:00Z,2026-08-29T13:39:00Z,2,hub,2026-09-17T00:49:00Z,2026-09-17T00:49:00Z,true
wessex:WXW01080:1788010560000,wessex:WXW01080,wessex,2026-08-29T13:36:00Z,2026-08-29T14:06:00Z,30,hub,2026-09-17T00:49:00Z,2026-09-17T00:49:00Z,true
wessex:WXW01085:1788004680000,wessex:WXW01085,wessex,2026-08-29T11:58:00Z,2026-08-29T12:12:00Z,14,hub,2026-09-17T00:49:00Z,2026-09-17T00:49:00Z,true
wessex:WXW01088:1788023160000,wessex:WXW01088,wessex,2026-08-29T17:06:00Z,2026-08-29T17:20:00Z,14,hub,2026-09-17T00:49:00Z,2026-09-17T00:49:00Z,true
wessex:WXW01104:1788011520000,wessex:WXW01104,wessex,2026-08-29T13:52:00Z,2026-08-29T14:28:00Z,36,hub,2026-09-17T00:49:00Z,2026-09-17T00:49:00Z,true
wessex:WXW01107:1787806380000,wessex:WXW01107,wessex,2026-08-27T04:53:00Z,2026-08-27T05:40:00Z,47,hub,2026-09-17T00:49:00Z,2026-09-17T00:49:00Z,true
wessex:WXW01109:1787923320000,wessex:WXW01109,wessex,2026-08-28T13:22:00Z,2026-08-28T13:44:00Z,22,hub,2026-09-17T00:49:00Z,2026-09-17T00:49:00Z,true
wessex:WXW01110:1788144360000,wessex:WXW01110,wessex,2026-08-31T02:46:00Z,2026-08-31T03:02:00Z,16,hub,2026-09-17T00:49:00Z,2026-09-17T00:49:00Z,true
wessex:WXW01111:1787915700000,wessex:WXW01111,wessex,2026-08-28T11:15:00Z,2026-08-28T11:24:00Z,9,hub,2026-09-17T00:49:00Z,2026-09-17T00:49:00Z,true
wessex:WXW01119:1788007440000,wessex:WXW01119,wessex,2026-08-29T12:44:00Z,2026-08-29T13:52:00Z,68,hub,2026-09-17T00:49:00Z,2026-09-17T00:49:00Z,true
wessex:WXW01122:1788009797000,wessex:WXW01122,wessex,2026-08-29T13:23:17Z,2026-08-29T13:23:26Z,0,hub,2026-09-17T00:49:00Z,2026-09-17T00:49:00Z,true
wessex:WXW01124:1787797380000,wessex:WXW01124,wessex,2026-08-27T02:23:00Z,2026-08-27T03:42:00Z,79,hub,2026-09-22T15:50:20Z,2026-09-22T15:50:20Z,true
wessex:WXW01124:1787800860000,wessex:WXW01124,wessex,2026-08-27T03:21:00Z,2026-08-27T03:42:00Z,21,hub,2026-09-17T00:49:00Z,2026-09-17T00:49:00Z,true
wessex:WXW01127:1787805840000,wessex:WXW01127,wessex,2026-08-27T04:44:00Z,2026-08-27T05:16:00Z,32,hub,2026-09-17T00:49:00Z,2026-09-17T00:49:00Z,true
wessex:WXW01130:1788009360000,wessex:WXW01130,wessex,2026-08-29T13:16:00Z,2026-08-29T13:18:00Z,2,hub,2026-09-17T00:49:00Z,2026-09-17T00:49:00Z,true
wessex:WXW01137:1787998680000,wessex:WXW01137,wessex,2026-08-29T10:18:00Z,2026-08-29T16:14:00Z,356,hub,2026-09-21T12:00:28Z,2026-09-21T12:00:28Z,true
wessex:WXW01137:1788018660000,wessex:WXW01137,wessex,2026-08-29T15:51:00Z,2026-08-29T16:14:00Z,23,hub,2026-09-17T00:49:00Z,2026-09-17T00:49:00Z,true
wessex:WXW01139:1788129540000,wessex:WXW01139,wessex,2026-08-30T22:39:00Z,2026-08-30T22:55:00Z,16,hub,2026-09-17T00:49:00Z,2026-09-17T00:49:00Z,true
wessex:WXW01141:1788006960000,wessex:WXW01141,wessex,2026-08-29T12:36:00Z,2026-08-29T12:38:00Z,2,hub,2026-09-17T00:49:00Z,2026-09-17T00:49:00Z,true
wessex:WXW01148:1787246760000,wessex:WXW01148,wessex,2026-08-20T17:26:00Z,2026-08-20T18:08:00Z,42,hub,2026-09-17T00:49:00Z,2026-09-17T00:49:00Z,true
wessex:WXW01150:1788004920000,wessex:WXW01150,wessex,2026-08-29T12:02:00Z,2026-08-29T14:20:00Z,138,hub,2026-09-17T00:49:00Z,2026-09-17T00:49:00Z,true
wessex:WXW01154:1788007380000,wessex:WXW01154,wessex,2026-08-29T12:43:00Z,2026-08-29T13:34:00Z,51,hub,2026-09-17T00:49:00Z,2026-09-17T00:49:00Z,true
wessex:WXW01156:1788007680000,wessex:WXW01156,wessex,2026-08-29T12:48:00Z,2026-08-29T12:56:00Z,8,hub,2026-09-17T00:49:00Z,2026-09-17T00:49:00Z,true
wessex:WXW01157:1787808600000,wessex:WXW01157,wessex,2026-08-27T05:30:00Z,2026-08-27T06:00:00Z,30,hub,2026-09-17T00:49:00Z,2026-09-17T00:49:00Z,true
wessex:WXW01158:1787236680000,wessex:WXW01158,wessex,2026-08-20T14:38:00Z,2026-08-20T14:52:00Z,14,hub,2026-09-17T00:49:00Z,2026-09-17T00:49:00Z,true
wessex:WXW01165:1787799240000,wessex:WXW01165,wessex,2026-08-27T02:54:00Z,2026-08-27T03:02:00Z,8,hub,2026-09-17T00:49:00Z,2026-09-17T00:49:00Z,true
wessex:WXW01166:1787999400000,wessex:WXW01166,wessex,2026-08-29T10:30:00Z,2026-08-29T10:50:00Z,20,hub,2026-09-17T00:49:00Z,2026-09-17T00:49:00Z,true
wessex:WXW01169:1787806800000,wessex:WXW01169,wessex,2026-08-27T05:00:00Z,2026-08-27T05:18:00Z,18,hub,2026-09-17T00:49:00Z,2026-09-17T00:49:00Z,true
wessex:WXW01174:1788007680000,wessex:WXW01174,wessex,2026-08-29T12:48:00Z,2026-08-29T12:56:00Z,8,hub,2026-09-17T00:49:00Z,2026-09-17T00:49:00Z,true
wessex:WXW01182:1788004560000,wessex:WXW01182,wessex,2026-08-29T11:56:00Z,2026-08-29T12:00:00Z,4,hub,2026-09-17T00:49:00Z,2026-09-17T00:49:00Z,true
wessex:WXW01183:1788009720000,wessex:WXW01183,wessex,2026-08-29T13:22:00Z,2026-08-29T13:26:00Z,4,hub,2026-09-17T00:49:00Z,2026-09-17T00:49:00Z,true
wessex:WXW01195:1788138120000,wessex:WXW01195,wessex,2026-08-31T01:02:00Z,2026-08-31T01:08:00Z,6,hub,2026-09-17T00:49:00Z,2026-09-17T00:49:00Z,true
wessex:WXW01199:1787803440000,wessex:WXW01199,wessex,2026-08-27T04:04:00Z,2026-08-27T04:10:00Z,6,hub,2026-09-17T00:49:00Z,2026-09-17T00:49:00Z,true
wessex:WXW01201:1788152880000,wessex:WXW01201,wessex,2026-08-31T05:08:00Z,2026-08-31T06:40:00Z,92,hub,2026-09-17T00:49:00Z,2026-09-17T00:49:00Z,true
wessex:WXW01202:1787806920000,wessex:WXW01202,wessex,2026-08-27T05:02:00Z,2026-08-27T05:14:00Z,12,hub,2026-09-17T00:49:00Z,2026-09-17T00:49:00Z,true
wessex:WXW01204:1788007080000,wessex:WXW01204,wessex,2026-08-29T12:38:00Z,2026-08-29T14:00:00Z,82,hub,2026-09-17T00:49:00Z,2026-09-17T00:49:00Z,true
wessex:WXW01208:1788153720000,wessex:WXW01208,wessex,2026-08-31T05:22:00Z,2026-08-31T07:08:00Z,106,hub,2026-09-17T00:49:00Z,2026-09-17T00:49:00Z,true
wessex:WXW01209:1788004320000,wessex:WXW01209,wessex,2026-08-29T11:52:00Z,2026-08-29T11:56:00Z,4,hub,2026-09-17T00:49:00Z,2026-09-17T00:49:00Z,true
wessex:WXW01210:1788004320000,wessex:WXW01210,wessex,2026-08-29T11:52:00Z,2026-08-29T11:56:00Z,4,hub,2026-09-17T00:49:00Z,2026-09-17T00:49:00Z,true
wessex:WXW01211:1788005400000,wessex:WXW01211,wessex,2026-08-29T12:10:00Z,2026-08-29T12:14:00Z,4,hub,2026-09-17T00:49:00Z,2026-09-17T00:49:00Z,true
wessex:WXW01215:1788109560000,wessex:WXW01215,wessex,2026-08-30T17:06:00Z,2026-08-30T17:26:00Z,20,hub,2026-09-17T00:49:00Z,2026-09-17T00:49:00Z,true
wessex:WXW01228:1788002760000,wessex:WXW01228,wessex,2026-08-29T11:26:00Z,2026-08-29T11:54:00Z,28,hub,2026-09-17T00:49:00Z,2026-09-17T00:49:00Z,true
wessex:WXW01229:1787181240000,wessex:WXW01229,wessex,2026-08-19T23:14:00Z,2026-08-19T23:30:00Z,16,hub,2026-09-17T00:49:00Z,2026-09-17T00:49:00Z,true
wessex:WXW01231:1787808360000,wessex:WXW01231,wessex,2026-08-27T05:26:00Z,2026-08-27T06:04:00Z,38,hub,2026-09-17T00:49:00Z,2026-09-17T00:49:00Z,true
wessex:WXW01233:1788002400000,wessex:WXW01233,wessex,2026-08-29T11:20:00Z,2026-08-29T11:26:00Z,6,hub,2026-09-17T00:49:00Z,2026-09-17T00:49:00Z,true
wessex:WXW01235:1788017760000,wessex:WXW01235,wessex,2026-08-29T15:36:00Z,2026-08-29T16:26:00Z,50,hub,2026-09-17T00:49:00Z,2026-09-17T00:49:00Z,true
wessex:WXW01238:1787805840000,wessex:WXW01238,wessex,2026-08-27T04:44:00Z,2026-08-27T05:22:00Z,38,hub,2026-09-17T00:49:00Z,2026-09-17T00:49:00Z,true
wessex:WXW01241:1787798760000,wessex:WXW01241,wessex,2026-08-27T02:46:00Z,2026-08-27T02:52:00Z,6,hub,2026-09-17T00:49:00Z,2026-09-17T00:49:00Z,true
wessex:WXW01245:1788144240000,wessex:WXW01245,wessex,2026-08-31T02:44:00Z,2026-08-31T02:48:00Z,4,hub,2026-09-17T00:49:00Z,2026-09-17T00:49:00Z,true
wessex:WXW01250:1787807760000,wessex:WXW01250,wessex,2026-08-27T05:16:00Z,2026-08-27T06:00:00Z,44,hub,2026-09-17T00:49:00Z,2026-09-17T00:49:00Z,true
wessex:WXW01251:1787806920000,wessex:WXW01251,wessex,2026-08-27T05:02:00Z,2026-08-27T05:46:00Z,44,hub,2026-09-17T00:49:00Z,2026-09-17T00:49:00Z,true
wessex:WXW01254:1788007080000,wessex:WXW01254,wessex,2026-08-29T12:38:00Z,2026-08-29T13:32:00Z,54,hub,2026-09-17T00:49:00Z,2026-09-17T00:49:00Z,true
wessex:WXW01257:1788004560000,wessex:WXW01257,wessex,2026-08-29T11:56:00Z,2026-08-29T12:24:00Z,28,hub,2026-09-17T00:49:00Z,2026-09-17T00:49:00Z,true
wessex:WXW01258:1787806800000,wessex:WXW01258,wessex,2026-08-27T05:00:00Z,2026-08-27T05:08:00Z,8,hub,2026-09-17T00:49:00Z,2026-09-17T00:49:00Z,true
wessex:WXW01260:1788008880000,wessex:WXW01260,wessex,2026-08-29T13:08:00Z,2026-08-29T13:26:00Z,18,hub,2026-09-17T00:49:00Z,2026-09-17T00:49:00Z,true
wessex:WXW01269:1787219400000,wessex:WXW01269,wessex,2026-08-20T09:50:00Z,2026-08-20T10:50:00Z,60,hub,2026-09-17T00:49:00Z,2026-09-17T00:49:00Z,true
wessex:WXW01273:1788108360000,wessex:WXW01273,wessex,2026-08-30T16:46:00Z,2026-08-30T17:16:00Z,30,hub,2026-09-17T00:49:00Z,2026-09-17T00:49:00Z,true
wessex:WXW01274:1788108600000,wessex:WXW01274,wessex,2026-08-30T16:50:00Z,2026-08-30T18:18:00Z,88,hub,2026-09-17T00:49:00Z,2026-09-17T00:49:00Z,true
wessex:WXW01277:1787806860000,wessex:WXW01277,wessex,2026-08-27T05:01:00Z,2026-08-27T05:36:00Z,35,hub,2026-09-17T00:49:00Z,2026-09-17T00:49:00Z,true
wessex:WXW01282:1788154680000,wessex:WXW01282,wessex,2026-08-31T05:38:00Z,2026-08-31T07:22:00Z,104,hub,2026-09-17T00:49:00Z,2026-09-17T00:49:00Z,true
wessex:WXW01283:1788008280000,wessex:WXW01283,wessex,2026-08-29T12:58:00Z,2026-08-29T13:00:00Z,2,hub,2026-09-17T00:49:00Z,2026-09-17T00:49:00Z,true
wessex:WXW01284:1788011640000,wessex:WXW01284,wessex,2026-08-29T13:54:00Z,2026-08-29T13:56:00Z,2,hub,2026-09-17T00:49:00Z,2026-09-17T00:49:00Z,true
wessex:WXW01289:1787987160000,wessex:WXW01289,wessex,2026-08-29T07:06:00Z,2026-08-29T07:09:00Z,3,hub,2026-09-17T00:49:00Z,2026-09-17T00:49:00Z,true
wessex:WXW01294:1788021360000,wessex:WXW01294,wessex,2026-08-29T16:36:00Z,2026-08-29T16:43:00Z,7,hub,2026-09-17T00:49:00Z,2026-09-17T00:49:00Z,true
wessex:WXW01297:1788011640000,wessex:WXW01297,wessex,2026-08-29T13:54:00Z,2026-08-29T14:14:00Z,20,hub,2026-09-17T00:49:00Z,2026-09-17T00:49:00Z,true
wessex:WXW01300:1785929160000,wessex:WXW01300,wessex,2026-08-05T11:26:00Z,2026-08-05T13:44:00Z,138,hub,2026-09-17T00:49:00Z,2026-09-17T00:49:00Z,true
wessex:WXW01304:1787809200000,wessex:WXW01304,wessex,2026-08-27T05:40:00Z,2026-08-27T05:48:00Z,8,hub,2026-09-17T00:49:00Z,2026-09-17T00:49:00Z,true
wessex:WXW01306:1787807640000,wessex:WXW01306,wessex,2026-08-27T05:14:00Z,2026-08-27T05:24:00Z,10,hub,2026-09-17T00:49:00Z,2026-09-17T00:49:00Z,true
wessex:WXW01307:1787796360000,wessex:WXW01307,wessex,2026-08-27T02:06:00Z,2026-08-27T02:13:00Z,7,hub,2026-09-17T00:49:00Z,2026-09-17T00:49:00Z,true
wessex:WXW01309:1787807640000,wessex:WXW01309,wessex,2026-08-27T05:14:00Z,2026-08-27T05:22:00Z,8,hub,2026-09-17T00:49:00Z,2026-09-17T00:49:00Z,true
yorkshire:YWS00002:1788124828000,yorkshire:YWS00002,yorkshire,2026-08-30T21:20:28Z,2026-08-31T00:16:10Z,176,hub,2026-09-17T00:49:00Z,2026-09-17T00:49:00Z,true
yorkshire:YWS00009:1788022020000,yorkshire:YWS00009,yorkshire,2026-08-29T16:47:00Z,2026-08-29T17:30:00Z,43,hub,2026-09-17T00:49:00Z,2026-09-17T00:49:00Z,true
yorkshire:YWS00023:1788116040000,yorkshire:YWS00023,yorkshire,2026-08-30T18:54:00Z,2026-08-30T22:12:00Z,198,hub,2026-09-17T00:49:00Z,2026-09-17T00:49:00Z,true
yorkshire:YWS00026:1787875380000,yorkshire:YWS00026,yorkshire,2026-08-28T00:03:00Z,2026-08-28T00:16:00Z,13,hub,2026-09-17T00:49:00Z,2026-09-17T00:49:00Z,true
yorkshire:YWS00032:1788132720000,yorkshire:YWS00032,yorkshire,2026-08-30T23:32:00Z,2026-08-30T23:46:00Z,14,hub,2026-09-17T00:49:00Z,2026-09-17T00:49:00Z,true
yorkshire:YWS00038:1787867520000,yorkshire:YWS00038,yorkshire,2026-08-27T21:52:00Z,2026-08-27T22:18:06Z,26,hub,2026-09-17T00:49:00Z,2026-09-17T00:49:00Z,true
yorkshire:YWS00039:1787889379000,yorkshire:YWS00039,yorkshire,2026-08-28T03:56:19Z,2026-08-28T06:50:23Z,174,hub,2026-09-17T00:49:00Z,2026-09-17T00:49:00Z,true
yorkshire:YWS00045:1788185820000,yorkshire:YWS00045,yorkshire,2026-08-31T14:17:00Z,2026-08-31T14:31:00Z,14,hub,2026-09-17T00:49:00Z,2026-09-17T00:49:00Z,true
yorkshire:YWS00046:1788119220000,yorkshire:YWS00046,yorkshire,2026-08-30T19:47:00Z,2026-08-30T20:16:00Z,29,hub,2026-09-17T00:49:00Z,2026-09-17T00:49:00Z,true
yorkshire:YWS00050:1788135644000,yorkshire:YWS00050,yorkshire,2026-08-31T00:20:44Z,2026-08-31T00:56:45Z,36,hub,2026-09-17T00:49:00Z,2026-09-17T00:49:00Z,true
yorkshire:YWS00053:1788136320000,yorkshire:YWS00053,yorkshire,2026-08-31T00:32:00Z,2026-08-31T01:31:00Z,59,hub,2026-09-17T00:49:00Z,2026-09-17T00:49:00Z,true
yorkshire:YWS00056:1787893964000,yorkshire:YWS00056,yorkshire,2026-08-28T05:12:44Z,2026-08-28T05:52:23Z,40,hub,2026-09-17T00:49:00Z,2026-09-17T00:49:00Z,true
yorkshire:YWS00057:1787878955000,yorkshire:YWS00057,yorkshire,2026-08-28T01:02:35Z,2026-08-28T02:27:48Z,85,hub,2026-09-17T00:49:00Z,2026-09-17T00:49:00Z,true
yorkshire:YWS00058:1788130080000,yorkshire:YWS00058,yorkshire,2026-08-30T22:48:00Z,2026-08-30T23:25:00Z,37,hub,2026-09-17T00:49:00Z,2026-09-17T00:49:00Z,true
yorkshire:YWS00059:1788114120000,yorkshire:YWS00059,yorkshire,2026-08-30T18:22:00Z,2026-08-30T18:37:00Z,15,hub,2026-09-17T00:49:00Z,2026-09-17T00:49:00Z,true
yorkshire:YWS00061:1788141644000,yorkshire:YWS00061,yorkshire,2026-08-31T02:00:44Z,2026-08-31T02:00:57Z,0,hub,2026-09-17T00:49:00Z,2026-09-17T00:49:00Z,true
yorkshire:YWS00065:1788010718000,yorkshire:YWS00065,yorkshire,2026-08-29T13:38:38Z,2026-08-29T13:45:33Z,7,hub,2026-09-17T00:49:00Z,2026-09-17T00:49:00Z,true
yorkshire:YWS00068:1787892420000,yorkshire:YWS00068,yorkshire,2026-08-28T04:47:00Z,2026-08-28T05:16:00Z,29,hub,2026-09-17T00:49:00Z,2026-09-17T00:49:00Z,true
yorkshire:YWS00074:1788175745000,yorkshire:YWS00074,yorkshire,2026-08-31T11:29:05Z,2026-08-31T11:32:33Z,3,hub,2026-09-17T00:49:00Z,2026-09-17T00:49:00Z,true
yorkshire:YWS00075:1787887500000,yorkshire:YWS00075,yorkshire,2026-08-28T03:25:00Z,2026-08-28T10:14:00Z,409,hub,2026-09-17T00:49:00Z,2026-09-17T00:49:00Z,true
yorkshire:YWS00078:1788134727000,yorkshire:YWS00078,yorkshire,2026-08-31T00:05:27Z,2026-08-31T00:29:50Z,24,hub,2026-09-17T00:49:00Z,2026-09-17T00:49:00Z,true
yorkshire:YWS00080:1788133913000,yorkshire:YWS00080,yorkshire,2026-08-30T23:51:53Z,2026-08-30T23:52:54Z,1,hub,2026-09-17T00:49:00Z,2026-09-17T00:49:00Z,true
yorkshire:YWS00083:1787216520000,yorkshire:YWS00083,yorkshire,2026-08-20T09:02:00Z,2026-08-20T09:16:00Z,14,hub,2026-09-17T00:49:00Z,2026-09-17T00:49:00Z,true
yorkshire:YWS00091:1787906734000,yorkshire:YWS00091,yorkshire,2026-08-28T08:45:34Z,2026-08-28T08:45:57Z,0,hub,2026-09-17T00:49:00Z,2026-09-17T00:49:00Z,true
yorkshire:YWS00092:1788130705000,yorkshire:YWS00092,yorkshire,2026-08-30T22:58:25Z,2026-08-30T23:05:15Z,7,hub,2026-09-17T00:49:00Z,2026-09-17T00:49:00Z,true
yorkshire:YWS00094:1787875715000,yorkshire:YWS00094,yorkshire,2026-08-28T00:08:35Z,2026-08-28T01:46:28Z,98,hub,2026-09-17T00:49:00Z,2026-09-17T00:49:00Z,true
yorkshire:YWS00096:1788017040000,yorkshire:YWS00096,yorkshire,2026-08-29T15:24:00Z,2026-08-29T15:30:29Z,6,hub,2026-09-17T00:49:00Z,2026-09-17T00:49:00Z,true
yorkshire:YWS00097:1788120391000,yorkshire:YWS00097,yorkshire,2026-08-30T20:06:31Z,2026-08-30T20:07:11Z,1,hub,2026-09-17T00:49:00Z,2026-09-17T00:49:00Z,true
yorkshire:YWS00098:1787183280000,yorkshire:YWS00098,yorkshire,2026-08-19T23:48:00Z,2026-08-20T01:46:00Z,118,hub,2026-09-17T00:49:00Z,2026-09-17T00:49:00Z,true
yorkshire:YWS00099:1787216100000,yorkshire:YWS00099,yorkshire,2026-08-20T08:55:00Z,2026-08-20T09:20:00Z,25,hub,2026-09-17T00:49:00Z,2026-09-17T00:49:00Z,true
yorkshire:YWS00103:1787874776000,yorkshire:YWS00103,yorkshire,2026-08-27T23:52:56Z,2026-08-28T03:14:27Z,202,hub,2026-09-17T00:49:00Z,2026-09-17T00:49:00Z,true
yorkshire:YWS00104:1787877468000,yorkshire:YWS00104,yorkshire,2026-08-28T00:37:48Z,2026-08-28T00:39:23Z,2,hub,2026-09-17T00:49:00Z,2026-09-17T00:49:00Z,true
yorkshire:YWS00105:1787870642000,yorkshire:YWS00105,yorkshire,2026-08-27T22:44:02Z,2026-08-27T22:48:39Z,5,hub,2026-09-17T00:49:00Z,2026-09-17T00:49:00Z,true
yorkshire:YWS00106:1787872787000,yorkshire:YWS00106,yorkshire,2026-08-27T23:19:47Z,2026-08-28T01:39:39Z,140,hub,2026-09-17T00:49:00Z,2026-09-17T00:49:00Z,true
yorkshire:YWS00107:1788134001000,yorkshire:YWS00107,yorkshire,2026-08-30T23:53:21Z,2026-08-31T00:05:25Z,12,hub,2026-09-17T00:49:00Z,2026-09-17T00:49:00Z,true
yorkshire:YWS00109:1787902698000,yorkshire:YWS00109,yorkshire,2026-08-28T07:38:18Z,2026-08-28T09:40:12Z,122,hub,2026-09-17T00:49:00Z,2026-09-17T00:49:00Z,true
yorkshire:YWS00114:1788115560000,yorkshire:YWS00114,yorkshire,2026-08-30T18:46:00Z,2026-08-30T19:34:00Z,48,hub,2026-09-17T00:49:00Z,2026-09-17T00:49:00Z,true
yorkshire:YWS00118:1787875562000,yorkshire:YWS00118,yorkshire,2026-08-28T00:06:02Z,2026-08-28T08:53:32Z,528,hub,2026-09-17T00:49:00Z,2026-09-17T00:49:00Z,true
yorkshire:YWS00120:1787892447000,yorkshire:YWS00120,yorkshire,2026-08-28T04:47:27Z,2026-08-28T05:32:05Z,45,hub,2026-09-17T00:49:00Z,2026-09-17T00:49:00Z,true
yorkshire:YWS00123:1787919371000,yorkshire:YWS00123,yorkshire,2026-08-28T12:16:11Z,2026-08-28T12:43:58Z,28,hub,2026-09-17T00:49:00Z,2026-09-17T00:49:00Z,true
yorkshire:YWS00127:1787837750000,yorkshire:YWS00127,yorkshire,2026-08-27T13:35:50Z,2026-08-27T14:38:14Z,62,hub,2026-09-17T00:49:00Z,2026-09-17T00:49:00Z,true
yorkshire:YWS00132:1788112920000,yorkshire:YWS00132,yorkshire,2026-08-30T18:02:00Z,2026-08-30T18:33:00Z,31,hub,2026-09-17T00:49:00Z,2026-09-17T00:49:00Z,true
yorkshire:YWS00134:1787895755000,yorkshire:YWS00134,yorkshire,2026-08-28T05:42:35Z,2026-08-28T05:46:14Z,4,hub,2026-09-17T00:49:00Z,2026-09-17T00:49:00Z,true
yorkshire:YWS00135:1787879670000,yorkshire:YWS00135,yorkshire,2026-08-28T01:14:30Z,2026-08-28T01:52:54Z,38,hub,2026-09-17T00:49:00Z,2026-09-17T00:49:00Z,true
yorkshire:YWS00137:1787901420000,yorkshire:YWS00137,yorkshire,2026-08-28T07:17:00Z,2026-08-28T07:31:00Z,14,hub,2026-09-17T00:49:00Z,2026-09-17T00:49:00Z,true
yorkshire:YWS00140:1788137067000,yorkshire:YWS00140,yorkshire,2026-08-31T00:44:27Z,2026-08-31T00:47:17Z,3,hub,2026-09-17T00:49:00Z,2026-09-17T00:49:00Z,true
yorkshire:YWS00156:1787211120000,yorkshire:YWS00156,yorkshire,2026-08-20T07:32:00Z,2026-08-20T07:46:00Z,14,hub,2026-09-17T00:49:00Z,2026-09-17T00:49:00Z,true
yorkshire:YWS00157:1787891604000,yorkshire:YWS00157,yorkshire,2026-08-28T04:33:24Z,2026-08-28T05:31:17Z,58,hub,2026-09-17T00:49:00Z,2026-09-17T00:49:00Z,true
yorkshire:YWS00158:1788188345000,yorkshire:YWS00158,yorkshire,2026-08-31T14:59:05Z,2026-08-31T15:39:59Z,41,hub,2026-09-17T00:49:00Z,2026-09-17T00:49:00Z,true
yorkshire:YWS00162:1787221080000,yorkshire:YWS00162,yorkshire,2026-08-20T10:18:00Z,2026-08-20T10:48:00Z,30,hub,2026-09-17T00:49:00Z,2026-09-17T00:49:00Z,true
yorkshire:YWS00163:1787833920000,yorkshire:YWS00163,yorkshire,2026-08-27T12:32:00Z,2026-08-27T12:46:00Z,14,hub,2026-09-17T00:49:00Z,2026-09-17T00:49:00Z,true
yorkshire:YWS00168:1787877280000,yorkshire:YWS00168,yorkshire,2026-08-28T00:34:40Z,2026-08-28T12:03:11Z,689,hub,2026-09-17T00:49:00Z,2026-09-17T00:49:00Z,true
yorkshire:YWS00170:1788113617000,yorkshire:YWS00170,yorkshire,2026-08-30T18:13:37Z,2026-08-30T18:54:23Z,41,hub,2026-09-17T00:49:00Z,2026-09-17T00:49:00Z,true
yorkshire:YWS00178:1788114590000,yorkshire:YWS00178,yorkshire,2026-08-30T18:29:50Z,2026-08-30T19:06:18Z,36,hub,2026-09-17T00:49:00Z,2026-09-17T00:49:00Z,true
yorkshire:YWS00181:1788114120000,yorkshire:YWS00181,yorkshire,2026-08-30T18:22:00Z,2026-08-30T19:01:00Z,39,hub,2026-09-17T00:49:00Z,2026-09-17T00:49:00Z,true
yorkshire:YWS00184:1788113880000,yorkshire:YWS00184,yorkshire,2026-08-30T18:18:00Z,2026-08-30T18:33:00Z,15,hub,2026-09-17T00:49:00Z,2026-09-17T00:49:00Z,true
yorkshire:YWS00192:1788124371000,yorkshire:YWS00192,yorkshire,2026-08-30T21:12:51Z,2026-08-30T21:14:01Z,1,hub,2026-09-17T00:49:00Z,2026-09-17T00:49:00Z,true
yorkshire:YWS00199:1788121035000,yorkshire:YWS00199,yorkshire,2026-08-30T20:17:15Z,2026-08-30T20:20:06Z,3,hub,2026-09-17T00:49:00Z,2026-09-17T00:49:00Z,true
yorkshire:YWS00200:1787732961000,yorkshire:YWS00200,yorkshire,2026-08-26T08:29:21Z,2026-08-26T08:30:00Z,1,hub,2026-09-17T00:49:00Z,2026-09-17T00:49:00Z,true
yorkshire:YWS00202:1787625256000,yorkshire:YWS00202,yorkshire,2026-08-25T02:34:16Z,2026-08-25T02:34:30Z,0,hub,2026-09-17T00:49:00Z,2026-09-17T00:49:00Z,true
yorkshire:YWS00205:1788118063000,yorkshire:YWS00205,yorkshire,2026-08-30T19:27:43Z,2026-08-30T19:28:12Z,0,hub,2026-09-17T00:49:00Z,2026-09-17T00:49:00Z,true
yorkshire:YWS00206:1788116337000,yorkshire:YWS00206,yorkshire,2026-08-30T18:58:57Z,2026-08-30T18:59:36Z,1,hub,2026-09-17T00:49:00Z,2026-09-17T00:49:00Z,true
yorkshire:YWS00215:1788114302000,yorkshire:YWS00215,yorkshire,2026-08-30T18:25:02Z,2026-08-30T18:54:49Z,30,hub,2026-09-17T00:49:00Z,2026-09-17T00:49:00Z,true
yorkshire:YWS00216:1788110998000,yorkshire:YWS00216,yorkshire,2026-08-30T17:29:58Z,2026-08-30T17:40:53Z,11,hub,2026-09-17T00:49:00Z,2026-09-17T00:49:00Z,true
yorkshire:YWS00220:1788115040000,yorkshire:YWS00220,yorkshire,2026-08-30T18:37:20Z,2026-08-30T19:42:52Z,66,hub,2026-09-17T00:49:00Z,2026-09-17T00:49:00Z,true
yorkshire:YWS00221:1788115754000,yorkshire:YWS00221,yorkshire,2026-08-30T18:49:14Z,2026-08-30T19:36:51Z,48,hub,2026-09-17T00:49:00Z,2026-09-17T00:49:00Z,true
yorkshire:YWS00222:1788114476000,yorkshire:YWS00222,yorkshire,2026-08-30T18:27:56Z,2026-08-30T19:17:30Z,50,hub,2026-09-17T00:49:00Z,2026-09-17T00:49:00Z,true
yorkshire:YWS00227:1787188259000,yorkshire:YWS00227,yorkshire,2026-08-20T01:10:59Z,2026-08-20T02:38:35Z,88,hub,2026-09-17T00:49:00Z,2026-09-17T00:49:00Z,true
yorkshire:YWS00232:1788115020000,yorkshire:YWS00232,yorkshire,2026-08-30T18:37:00Z,2026-08-30T19:07:00Z,30,hub,2026-09-17T00:49:00Z,2026-09-17T00:49:00Z,true
yorkshire:YWS00234:1788191806000,yorkshire:YWS00234,yorkshire,2026-08-31T15:56:46Z,2026-08-31T15:57:35Z,1,hub,2026-09-17T00:49:00Z,2026-09-17T00:49:00Z,true
yorkshire:YWS00236:1788118154000,yorkshire:YWS00236,yorkshire,2026-08-30T19:29:14Z,2026-08-30T19:29:33Z,0,hub,2026-09-17T00:49:00Z,2026-09-17T00:49:00Z,true
yorkshire:YWS00237:1788112184000,yorkshire:YWS00237,yorkshire,2026-08-30T17:49:44Z,2026-08-30T20:21:59Z,152,hub,2026-09-17T00:49:00Z,2026-09-17T00:49:00Z,true
yorkshire:YWS00238:1788116520000,yorkshire:YWS00238,yorkshire,2026-08-30T19:02:00Z,2026-08-30T21:15:00Z,133,hub,2026-09-17T00:49:00Z,2026-09-17T00:49:00Z,true
yorkshire:YWS00240:1788115620000,yorkshire:YWS00240,yorkshire,2026-08-30T18:47:00Z,2026-08-30T19:01:00Z,14,hub,2026-09-17T00:49:00Z,2026-09-17T00:49:00Z,true
yorkshire:YWS00241:1788115220000,yorkshire:YWS00241,yorkshire,2026-08-30T18:40:20Z,2026-08-30T19:00:56Z,21,hub,2026-09-17T00:49:00Z,2026-09-17T00:49:00Z,true
yorkshire:YWS00244:1788190033000,yorkshire:YWS00244,yorkshire,2026-08-31T15:27:13Z,2026-08-31T15:28:14Z,1,hub,2026-09-17T00:49:00Z,2026-09-17T00:49:00Z,true
yorkshire:YWS00245:1788180773000,yorkshire:YWS00245,yorkshire,2026-08-31T12:52:53Z,2026-08-31T13:13:44Z,21,hub,2026-09-17T00:49:00Z,2026-09-17T00:49:00Z,true
yorkshire:YWS00248:1788114684000,yorkshire:YWS00248,yorkshire,2026-08-30T18:31:24Z,2026-08-30T19:01:01Z,30,hub,2026-09-17T00:49:00Z,2026-09-17T00:49:00Z,true
yorkshire:YWS00250:1787199401000,yorkshire:YWS00250,yorkshire,2026-08-20T04:16:41Z,2026-08-20T04:16:50Z,0,hub,2026-09-17T00:49:00Z,2026-09-17T00:49:00Z,true
yorkshire:YWS00252:1788115620000,yorkshire:YWS00252,yorkshire,2026-08-30T18:47:00Z,2026-08-30T19:01:00Z,14,hub,2026-09-17T00:49:00Z,2026-09-17T00:49:00Z,true
yorkshire:YWS00255:1788114948000,yorkshire:YWS00255,yorkshire,2026-08-30T18:35:48Z,2026-08-30T18:49:43Z,14,hub,2026-09-17T00:49:00Z,2026-09-17T00:49:00Z,true
yorkshire:YWS00256:1788114720000,yorkshire:YWS00256,yorkshire,2026-08-30T18:32:00Z,2026-08-30T19:16:00Z,44,hub,2026-09-17T00:49:00Z,2026-09-17T00:49:00Z,true
yorkshire:YWS00258:1788114840000,yorkshire:YWS00258,yorkshire,2026-08-30T18:34:00Z,2026-08-30T19:16:00Z,42,hub,2026-09-17T00:49:00Z,2026-09-17T00:49:00Z,true
yorkshire:YWS00260:1788115320000,yorkshire:YWS00260,yorkshire,2026-08-30T18:42:00Z,2026-08-30T19:31:00Z,49,hub,2026-09-17T00:49:00Z,2026-09-17T00:49:00Z,true
yorkshire:YWS00261:1788115440000,yorkshire:YWS00261,yorkshire,2026-08-30T18:44:00Z,2026-08-30T19:16:00Z,32,hub,2026-09-17T00:49:00Z,2026-09-17T00:49:00Z,true
yorkshire:YWS00262:1788115320000,yorkshire:YWS00262,yorkshire,2026-08-30T18:42:00Z,2026-08-30T18:53:00Z,11,hub,2026-09-17T00:49:00Z,2026-09-17T00:49:00Z,true
yorkshire:YWS00264:1787187720000,yorkshire:YWS00264,yorkshire,2026-08-20T01:02:00Z,2026-08-20T01:16:00Z,14,hub,2026-09-17T00:49:00Z,2026-09-17T00:49:00Z,true
yorkshire:YWS00265:1788051780000,yorkshire:YWS00265,yorkshire,2026-08-30T01:03:00Z,2026-08-30T01:16:00Z,13,hub,2026-09-17T00:49:00Z,2026-09-17T00:49:00Z,true
yorkshire:YWS00266:1788114720000,yorkshire:YWS00266,yorkshire,2026-08-30T18:32:00Z,2026-08-30T18:46:00Z,14,hub,2026-09-17T00:49:00Z,2026-09-17T00:49:00Z,true
yorkshire:YWS00269:1788114720000,yorkshire:YWS00269,yorkshire,2026-08-30T18:32:00Z,2026-08-30T19:16:00Z,44,hub,2026-09-17T00:49:00Z,2026-09-17T00:49:00Z,true
yorkshire:YWS00273:1788115020000,yorkshire:YWS00273,yorkshire,2026-08-30T18:37:00Z,2026-08-30T19:30:00Z,53,hub,2026-09-17T00:49:00Z,2026-09-17T00:49:00Z,true
yorkshire:YWS00274:1788115500000,yorkshire:YWS00274,yorkshire,2026-08-30T18:45:00Z,2026-08-30T19:16:00Z,31,hub,2026-09-17T00:49:00Z,2026-09-17T00:49:00Z,true
yorkshire:YWS00275:1787187060000,yorkshire:YWS00275,yorkshire,2026-08-20T00:51:00Z,2026-08-20T01:18:00Z,27,hub,2026-09-17T00:49:00Z,2026-09-17T00:49:00Z,true
yorkshire:YWS00276:1788115380000,yorkshire:YWS00276,yorkshire,2026-08-30T18:43:00Z,2026-08-30T18:53:00Z,10,hub,2026-09-17T00:49:00Z,2026-09-17T00:49:00Z,true
yorkshire:YWS00277:1788115440000,yorkshire:YWS00277,yorkshire,2026-08-30T18:44:00Z,2026-08-30T18:55:00Z,11,hub,2026-09-17T00:49:00Z,2026-09-17T00:49:00Z,true
yorkshire:YWS00279:1788116400000,yorkshire:YWS00279,yorkshire,2026-08-30T19:00:00Z,2026-08-30T19:11:00Z,11,hub,2026-09-17T00:49:00Z,2026-09-17T00:49:00Z,true
yorkshire:YWS00283:1788183120000,yorkshire:YWS00283,yorkshire,2026-08-31T13:32:00Z,2026-08-31T14:01:00Z,29,hub,2026-09-17T00:49:00Z,2026-09-17T00:49:00Z,true
yorkshire:YWS00286:1788112540000,yorkshire:YWS00286,yorkshire,2026-08-30T17:55:40Z,2026-08-30T17:56:39Z,1,hub,2026-09-17T00:49:00Z,2026-09-17T00:49:00Z,true
yorkshire:YWS00287:1787219744000,yorkshire:YWS00287,yorkshire,2026-08-20T09:55:44Z,2026-08-20T09:55:53Z,0,hub,2026-09-17T00:49:00Z,2026-09-17T00:49:00Z,true
yorkshire:YWS00288:1787178180000,yorkshire:YWS00288,yorkshire,2026-08-19T22:23:00Z,2026-08-19T23:46:00Z,83,hub,2026-09-17T00:49:00Z,2026-09-17T00:49:00Z,true
yorkshire:YWS00294:1788122400000,yorkshire:YWS00294,yorkshire,2026-08-30T20:40:00Z,2026-08-30T20:40:19Z,0,hub,2026-09-17T00:49:00Z,2026-09-17T00:49:00Z,true
yorkshire:YWS00299:1788184920000,yorkshire:YWS00299,yorkshire,2026-08-31T14:02:00Z,2026-08-31T14:16:00Z,14,hub,2026-09-17T00:49:00Z,2026-09-17T00:49:00Z,true
yorkshire:YWS00302:1788116720000,yorkshire:YWS00302,yorkshire,2026-08-30T19:05:20Z,2026-08-30T19:38:08Z,33,hub,2026-09-17T00:49:00Z,2026-09-17T00:49:00Z,true
yorkshire:YWS00306:1787186098000,yorkshire:YWS00306,yorkshire,2026-08-20T00:34:58Z,2026-08-20T00:48:18Z,13,hub,2026-09-17T00:49:00Z,2026-09-17T00:49:00Z,true
yorkshire:YWS00307:1788017520000,yorkshire:YWS00307,yorkshire,2026-08-29T15:32:00Z,2026-08-29T16:01:00Z,29,hub,2026-09-17T00:49:00Z,2026-09-17T00:49:00Z,true
yorkshire:YWS00308:1788104820000,yorkshire:YWS00308,yorkshire,2026-08-30T15:47:00Z,2026-08-30T16:01:00Z,14,hub,2026-09-17T00:49:00Z,2026-09-17T00:49:00Z,true
yorkshire:YWS00309:1787182320000,yorkshire:YWS00309,yorkshire,2026-08-19T23:32:00Z,2026-08-20T00:16:00Z,44,hub,2026-09-17T00:49:00Z,2026-09-17T00:49:00Z,true
yorkshire:YWS00313:1787185920000,yorkshire:YWS00313,yorkshire,2026-08-20T00:32:00Z,2026-08-20T00:46:00Z,14,hub,2026-09-17T00:49:00Z,2026-09-17T00:49:00Z,true
yorkshire:YWS00317:1788117480000,yorkshire:YWS00317,yorkshire,2026-08-30T19:18:00Z,2026-08-30T19:33:00Z,15,hub,2026-09-17T00:49:00Z,2026-09-17T00:49:00Z,true
yorkshire:YWS00318:1787303040000,yorkshire:YWS00318,yorkshire,2026-08-21T09:04:00Z,2026-08-21T09:16:00Z,12,hub,2026-09-17T00:49:00Z,2026-09-17T00:49:00Z,true
yorkshire:YWS00324:1788188559000,yorkshire:YWS00324,yorkshire,2026-08-31T15:02:39Z,2026-08-31T15:03:29Z,1,hub,2026-09-17T00:49:00Z,2026-09-17T00:49:00Z,true
yorkshire:YWS00326:1788119570000,yorkshire:YWS00326,yorkshire,2026-08-30T19:52:50Z,2026-08-30T20:47:25Z,55,hub,2026-09-17T00:49:00Z,2026-09-17T00:49:00Z,true
yorkshire:YWS00332:1787212365000,yorkshire:YWS00332,yorkshire,2026-08-20T07:52:45Z,2026-08-20T07:53:09Z,0,hub,2026-09-17T00:49:00Z,2026-09-17T00:49:00Z,true
yorkshire:YWS00333:1787213797000,yorkshire:YWS00333,yorkshire,2026-08-20T08:16:37Z,2026-08-20T10:35:29Z,139,hub,2026-09-17T00:49:00Z,2026-09-17T00:49:00Z,true
yorkshire:YWS00334:1787186320000,yorkshire:YWS00334,yorkshire,2026-08-20T00:38:40Z,2026-08-20T01:15:04Z,36,hub,2026-09-17T00:49:00Z,2026-09-17T00:49:00Z,true
yorkshire:YWS00338:1787221837000,yorkshire:YWS00338,yorkshire,2026-08-20T10:30:37Z,2026-08-20T10:30:40Z,0,hub,2026-09-17T00:49:00Z,2026-09-17T00:49:00Z,true
yorkshire:YWS00339:1788118145000,yorkshire:YWS00339,yorkshire,2026-08-30T19:29:05Z,2026-08-30T20:06:11Z,37,hub,2026-09-17T00:49:00Z,2026-09-17T00:49:00Z,true
yorkshire:YWS00341:1788119280000,yorkshire:YWS00341,yorkshire,2026-08-30T19:48:00Z,2026-08-30T20:01:00Z,13,hub,2026-09-17T00:49:00Z,2026-09-17T00:49:00Z,true
yorkshire:YWS00344:1788122110000,yorkshire:YWS00344,yorkshire,2026-08-30T20:35:10Z,2026-08-30T20:49:32Z,14,hub,2026-09-17T00:49:00Z,2026-09-17T00:49:00Z,true
yorkshire:YWS00347:1787212846000,yorkshire:YWS00347,yorkshire,2026-08-20T08:00:46Z,2026-08-20T09:13:38Z,73,hub,2026-09-17T00:49:00Z,2026-09-17T00:49:00Z,true
yorkshire:YWS00350:1787219944000,yorkshire:YWS00350,yorkshire,2026-08-20T09:59:04Z,2026-08-20T10:24:35Z,26,hub,2026-09-17T00:49:00Z,2026-09-17T00:49:00Z,true
yorkshire:YWS00351:1787219977000,yorkshire:YWS00351,yorkshire,2026-08-20T09:59:37Z,2026-08-20T10:12:37Z,13,hub,2026-09-17T00:49:00Z,2026-09-17T00:49:00Z,true
yorkshire:YWS00352:1788120569000,yorkshire:YWS00352,yorkshire,2026-08-30T20:09:29Z,2026-08-30T20:18:29Z,9,hub,2026-09-17T00:49:00Z,2026-09-17T00:49:00Z,true
yorkshire:YWS00359:1787219333000,yorkshire:YWS00359,yorkshire,2026-08-20T09:48:53Z,2026-08-20T11:01:24Z,73,hub,2026-09-17T00:49:00Z,2026-09-17T00:49:00Z,true
yorkshire:YWS00363:1788182715000,yorkshire:YWS00363,yorkshire,2026-08-31T13:25:15Z,2026-08-31T14:27:16Z,62,hub,2026-09-17T00:49:00Z,2026-09-17T00:49:00Z,true
yorkshire:YWS00364:1787224309000,yorkshire:YWS00364,yorkshire,2026-08-20T11:11:49Z,2026-08-20T11:11:58Z,0,hub,2026-09-17T00:49:00Z,2026-09-17T00:49:00Z,true
yorkshire:YWS00366:1788015994000,yorkshire:YWS00366,yorkshire,2026-08-29T15:06:34Z,2026-08-29T15:11:03Z,4,hub,2026-09-17T00:49:00Z,2026-09-17T00:49:00Z,true
yorkshire:YWS00368:1788118175000,yorkshire:YWS00368,yorkshire,2026-08-30T19:29:35Z,2026-08-30T20:12:44Z,43,hub,2026-09-17T00:49:00Z,2026-09-17T00:49:00Z,true
yorkshire:YWS00369:1788116260000,yorkshire:YWS00369,yorkshire,2026-08-30T18:57:40Z,2026-08-30T19:04:00Z,6,hub,2026-09-17T00:49:00Z,2026-09-17T00:49:00Z,true
yorkshire:YWS00370:1788120619000,yorkshire:YWS00370,yorkshire,2026-08-30T20:10:19Z,2026-08-30T20:15:03Z,5,hub,2026-09-17T00:49:00Z,2026-09-17T00:49:00Z,true
yorkshire:YWS00372:1787186777000,yorkshire:YWS00372,yorkshire,2026-08-20T00:46:17Z,2026-08-20T00:49:31Z,3,hub,2026-09-17T00:49:00Z,2026-09-17T00:49:00Z,true
yorkshire:YWS00373:1787224335000,yorkshire:YWS00373,yorkshire,2026-08-20T11:12:15Z,2026-08-20T11:13:17Z,1,hub,2026-09-17T00:49:00Z,2026-09-17T00:49:00Z,true
yorkshire:YWS00375:1787183747000,yorkshire:YWS00375,yorkshire,2026-08-19T23:55:47Z,2026-08-20T00:27:40Z,32,hub,2026-09-17T00:49:00Z,2026-09-17T00:49:00Z,true
yorkshire:YWS00378:1787181420000,yorkshire:YWS00378,yorkshire,2026-08-19T23:17:00Z,2026-08-20T12:23:00Z,786,hub,2026-09-17T00:49:00Z,2026-09-17T00:49:00Z,true
yorkshire:YWS00380:1788119814000,yorkshire:YWS00380,yorkshire,2026-08-30T19:56:54Z,2026-08-30T20:09:25Z,13,hub,2026-09-17T00:49:00Z,2026-09-17T00:49:00Z,true
yorkshire:YWS00381:1787208932000,yorkshire:YWS00381,yorkshire,2026-08-20T06:55:32Z,2026-08-20T08:21:51Z,86,hub,2026-09-17T00:49:00Z,2026-09-17T00:49:00Z,true
yorkshire:YWS00383:1788188823000,yorkshire:YWS00383,yorkshire,2026-08-31T15:07:03Z,2026-08-31T15:11:53Z,5,hub,2026-09-17T00:49:00Z,2026-09-17T00:49:00Z,true
yorkshire:YWS00384:1788132518000,yorkshire:YWS00384,yorkshire,2026-08-30T23:28:38Z,2026-08-31T04:07:38Z,279,hub,2026-09-17T00:49:00Z,2026-09-17T00:49:00Z,true
yorkshire:YWS00389:1788128418000,yorkshire:YWS00389,yorkshire,2026-08-30T22:20:18Z,2026-08-30T22:37:46Z,17,hub,2026-09-17T00:49:00Z,2026-09-17T00:49:00Z,true
yorkshire:YWS00391:1788187792000,yorkshire:YWS00391,yorkshire,2026-08-31T14:49:52Z,2026-08-31T14:52:11Z,2,hub,2026-09-17T00:49:00Z,2026-09-17T00:49:00Z,true
yorkshire:YWS00392:1788116121000,yorkshire:YWS00392,yorkshire,2026-08-30T18:55:21Z,2026-08-30T19:06:05Z,11,hub,2026-09-17T00:49:00Z,2026-09-17T00:49:00Z,true
yorkshire:YWS00394:1788116820000,yorkshire:YWS00394,yorkshire,2026-08-30T19:07:00Z,2026-08-30T20:37:00Z,90,hub,2026-09-17T00:49:00Z,2026-09-17T00:49:00Z,true
yorkshire:YWS00396:1786964108000,yorkshire:YWS00396,yorkshire,2026-08-17T10:55:08Z,2026-08-17T10:56:11Z,1,hub,2026-09-17T00:49:00Z,2026-09-17T00:49:00Z,true
yorkshire:YWS00399:1786029299000,yorkshire:YWS00399,yorkshire,2026-08-06T15:14:59Z,2026-08-06T15:15:18Z,0,hub,2026-09-17T00:49:00Z,2026-09-17T00:49:00Z,true
yorkshire:YWS00402:1788131372000,yorkshire:YWS00402,yorkshire,2026-08-30T23:09:32Z,2026-08-31T04:11:53Z,302,hub,2026-09-17T00:49:00Z,2026-09-17T00:49:00Z,true
yorkshire:YWS00404:1788142248000,yorkshire:YWS00404,yorkshire,2026-08-31T02:10:48Z,2026-08-31T02:22:38Z,12,hub,2026-09-17T00:49:00Z,2026-09-17T00:49:00Z,true
yorkshire:YWS00408:1788112920000,yorkshire:YWS00408,yorkshire,2026-08-30T18:02:00Z,2026-08-30T18:16:00Z,14,hub,2026-09-17T00:49:00Z,2026-09-17T00:49:00Z,true
yorkshire:YWS00409:1788113700000,yorkshire:YWS00409,yorkshire,2026-08-30T18:15:00Z,2026-08-30T18:25:00Z,10,hub,2026-09-17T00:49:00Z,2026-09-17T00:49:00Z,true
yorkshire:YWS00410:1788118320000,yorkshire:YWS00410,yorkshire,2026-08-30T19:32:00Z,2026-08-30T20:16:00Z,44,hub,2026-09-17T00:49:00Z,2026-09-17T00:49:00Z,true
yorkshire:YWS00412:1788139697000,yorkshire:YWS00412,yorkshire,2026-08-31T01:28:17Z,2026-08-31T01:28:31Z,0,hub,2026-09-17T00:49:00Z,2026-09-17T00:49:00Z,true
yorkshire:YWS00414:1788132555000,yorkshire:YWS00414,yorkshire,2026-08-30T23:29:15Z,2026-08-30T23:53:02Z,24,hub,2026-09-17T00:49:00Z,2026-09-17T00:49:00Z,true
yorkshire:YWS00416:1788116400000,yorkshire:YWS00416,yorkshire,2026-08-30T19:00:00Z,2026-08-30T19:31:00Z,31,hub,2026-09-17T00:49:00Z,2026-09-17T00:49:00Z,true
yorkshire:YWS00417:1788116763000,yorkshire:YWS00417,yorkshire,2026-08-30T19:06:03Z,2026-08-30T19:06:57Z,1,hub,2026-09-17T00:49:00Z,2026-09-17T00:49:00Z,true
yorkshire:YWS00418:1788133438000,yorkshire:YWS00418,yorkshire,2026-08-30T23:43:58Z,2026-08-31T00:26:31Z,43,hub,2026-09-17T00:49:00Z,2026-09-17T00:49:00Z,true
yorkshire:YWS00420:1788132880000,yorkshire:YWS00420,yorkshire,2026-08-30T23:34:40Z,2026-08-31T03:36:18Z,242,hub,2026-09-17T00:49:00Z,2026-09-17T00:49:00Z,true
yorkshire:YWS00421:1788133693000,yorkshire:YWS00421,yorkshire,2026-08-30T23:48:13Z,2026-08-31T00:26:56Z,39,hub,2026-09-17T00:49:00Z,2026-09-17T00:49:00Z,true
yorkshire:YWS00422:1788114900000,yorkshire:YWS00422,yorkshire,2026-08-30T18:35:00Z,2026-08-30T19:31:00Z,56,hub,2026-09-17T00:49:00Z,2026-09-17T00:49:00Z,true
yorkshire:YWS00424:1788113573000,yorkshire:YWS00424,yorkshire,2026-08-30T18:12:53Z,2026-08-30T18:49:00Z,36,hub,2026-09-17T00:49:00Z,2026-09-17T00:49:00Z,true
yorkshire:YWS00427:1788131845000,yorkshire:YWS00427,yorkshire,2026-08-30T23:17:25Z,2026-08-30T23:18:26Z,1,hub,2026-09-17T00:49:00Z,2026-09-17T00:49:00Z,true
yorkshire:YWS00428:1788188534000,yorkshire:YWS00428,yorkshire,2026-08-31T15:02:14Z,2026-08-31T15:03:52Z,2,hub,2026-09-17T00:49:00Z,2026-09-17T00:49:00Z,true
yorkshire:YWS00432:1788133394000,yorkshire:YWS00432,yorkshire,2026-08-30T23:43:14Z,2026-08-31T00:09:51Z,27,hub,2026-09-17T00:49:00Z,2026-09-17T00:49:00Z,true
yorkshire:YWS00433:1788117374000,yorkshire:YWS00433,yorkshire,2026-08-30T19:16:14Z,2026-08-30T19:29:20Z,13,hub,2026-09-17T00:49:00Z,2026-09-17T00:49:00Z,true
yorkshire:YWS00434:1788116990000,yorkshire:YWS00434,yorkshire,2026-08-30T19:09:50Z,2026-08-30T20:17:43Z,68,hub,2026-09-17T00:49:00Z,2026-09-17T00:49:00Z,true
yorkshire:YWS00438:1788185402000,yorkshire:YWS00438,yorkshire,2026-08-31T14:10:02Z,2026-08-31T14:19:18Z,9,hub,2026-09-17T00:49:00Z,2026-09-17T00:49:00Z,true
yorkshire:YWS00440:1788152378000,yorkshire:YWS00440,yorkshire,2026-08-31T04:59:38Z,2026-08-31T05:18:11Z,19,hub,2026-09-17T00:49:00Z,2026-09-17T00:49:00Z,true
yorkshire:YWS00443:1788114427000,yorkshire:YWS00443,yorkshire,2026-08-30T18:27:07Z,2026-08-30T18:28:01Z,1,hub,2026-09-17T00:49:00Z,2026-09-17T00:49:00Z,true
yorkshire:YWS00444:1788133320000,yorkshire:YWS00444,yorkshire,2026-08-30T23:42:00Z,2026-08-31T00:22:00Z,40,hub,2026-09-17T00:49:00Z,2026-09-17T00:49:00Z,true
yorkshire:YWS00447:1788182229000,yorkshire:YWS00447,yorkshire,2026-08-31T13:17:09Z,2026-08-31T13:26:04Z,9,hub,2026-09-17T00:49:00Z,2026-09-17T00:49:00Z,true
yorkshire:YWS00448:1788182166000,yorkshire:YWS00448,yorkshire,2026-08-31T13:16:06Z,2026-08-31T13:20:21Z,4,hub,2026-09-17T00:49:00Z,2026-09-17T00:49:00Z,true
yorkshire:YWS00449:1788135038000,yorkshire:YWS00449,yorkshire,2026-08-31T00:10:38Z,2026-08-31T00:13:03Z,2,hub,2026-09-17T00:49:00Z,2026-09-17T00:49:00Z,true
yorkshire:YWS00452:1788136411000,yorkshire:YWS00452,yorkshire,2026-08-31T00:33:31Z,2026-08-31T00:36:25Z,3,hub,2026-09-17T00:49:00Z,2026-09-17T00:49:00Z,true
yorkshire:YWS00454:1788134555000,yorkshire:YWS00454,yorkshire,2026-08-31T00:02:35Z,2026-08-31T00:40:03Z,37,hub,2026-09-17T00:49:00Z,2026-09-17T00:49:00Z,true
yorkshire:YWS00455:1788115074000,yorkshire:YWS00455,yorkshire,2026-08-30T18:37:54Z,2026-08-30T19:18:36Z,41,hub,2026-09-17T00:49:00Z,2026-09-17T00:49:00Z,true
yorkshire:YWS00458:1788133810000,yorkshire:YWS00458,yorkshire,2026-08-30T23:50:10Z,2026-08-31T00:39:16Z,49,hub,2026-09-17T00:49:00Z,2026-09-17T00:49:00Z,true
yorkshire:YWS00459:1788122670000,yorkshire:YWS00459,yorkshire,2026-08-30T20:44:30Z,2026-08-30T20:47:40Z,3,hub,2026-09-17T00:49:00Z,2026-09-17T00:49:00Z,true
yorkshire:YWS00460:1788133246000,yorkshire:YWS00460,yorkshire,2026-08-30T23:40:46Z,2026-08-31T00:25:35Z,45,hub,2026-09-17T00:49:00Z,2026-09-17T00:49:00Z,true
yorkshire:YWS00461:1788182544000,yorkshire:YWS00461,yorkshire,2026-08-31T13:22:24Z,2026-08-31T13:28:04Z,6,hub,2026-09-17T00:49:00Z,2026-09-17T00:49:00Z,true
yorkshire:YWS00462:1788122241000,yorkshire:YWS00462,yorkshire,2026-08-30T20:37:21Z,2026-08-30T20:57:47Z,20,hub,2026-09-17T00:49:00Z,2026-09-17T00:49:00Z,true
yorkshire:YWS00463:1788122414000,yorkshire:YWS00463,yorkshire,2026-08-30T20:40:14Z,2026-08-30T20:43:03Z,3,hub,2026-09-17T00:49:00Z,2026-09-17T00:49:00Z,true
yorkshire:YWS00465:1788122941000,yorkshire:YWS00465,yorkshire,2026-08-30T20:49:01Z,2026-08-30T20:49:10Z,0,hub,2026-09-17T00:49:00Z,2026-09-17T00:49:00Z,true
yorkshire:YWS00466:1788135985000,yorkshire:YWS00466,yorkshire,2026-08-31T00:26:25Z,2026-08-31T00:27:44Z,1,hub,2026-09-17T00:49:00Z,2026-09-17T00:49:00Z,true
yorkshire:YWS00471:1788115800000,yorkshire:YWS00471,yorkshire,2026-08-30T18:50:00Z,2026-08-31T10:11:00Z,921,hub,2026-09-17T00:49:00Z,2026-09-17T00:49:00Z,true
yorkshire:YWS00472:1788134320000,yorkshire:YWS00472,yorkshire,2026-08-30T23:58:40Z,2026-08-31T00:00:34Z,2,hub,2026-09-17T00:49:00Z,2026-09-17T00:49:00Z,true
yorkshire:YWS00476:1788122520000,yorkshire:YWS00476,yorkshire,2026-08-30T20:42:00Z,2026-08-30T21:01:00Z,19,hub,2026-09-17T00:49:00Z,2026-09-17T00:49:00Z,true
yorkshire:YWS00477:1788145706000,yorkshire:YWS00477,yorkshire,2026-08-31T03:08:26Z,2026-08-31T03:36:10Z,28,hub,2026-09-17T00:49:00Z,2026-09-17T00:49:00Z,true
yorkshire:YWS00479:1788116658000,yorkshire:YWS00479,yorkshire,2026-08-30T19:04:18Z,2026-08-30T19:53:33Z,49,hub,2026-09-17T00:49:00Z,2026-09-17T00:49:00Z,true
yorkshire:YWS00480:1788126702000,yorkshire:YWS00480,yorkshire,2026-08-30T21:51:42Z,2026-08-30T22:08:58Z,17,hub,2026-09-17T00:49:00Z,2026-09-17T00:49:00Z,true
yorkshire:YWS00481:1788135064000,yorkshire:YWS00481,yorkshire,2026-08-31T00:11:04Z,2026-08-31T00:12:05Z,1,hub,2026-09-17T00:49:00Z,2026-09-17T00:49:00Z,true
yorkshire:YWS00483:1785776043000,yorkshire:YWS00483,yorkshire,2026-08-03T16:54:03Z,2026-08-04T08:44:02Z,950,hub,2026-09-17T00:49:00Z,2026-09-17T00:49:00Z,true
yorkshire:YWS00487:1786291036000,yorkshire:YWS00487,yorkshire,2026-08-09T15:57:16Z,2026-08-09T15:57:26Z,0,hub,2026-09-17T00:49:00Z,2026-09-17T00:49:00Z,true
yorkshire:YWS00490:1786617087000,yorkshire:YWS00490,yorkshire,2026-08-13T10:31:27Z,2026-08-13T10:34:12Z,3,hub,2026-09-17T00:49:00Z,2026-09-17T00:49:00Z,true
yorkshire:YWS00492:1788116293000,yorkshire:YWS00492,yorkshire,2026-08-30T18:58:13Z,2026-08-30T19:39:42Z,41,hub,2026-09-17T00:49:00Z,2026-09-17T00:49:00Z,true
yorkshire:YWS00501:1788119575000,yorkshire:YWS00501,yorkshire,2026-08-30T19:52:55Z,2026-08-30T20:21:18Z,28,hub,2026-09-17T00:49:00Z,2026-09-17T00:49:00Z,true
yorkshire:YWS00504:1788140882000,yorkshire:YWS00504,yorkshire,2026-08-31T01:48:02Z,2026-08-31T01:48:31Z,0,hub,2026-09-17T00:49:00Z,2026-09-17T00:49:00Z,true
yorkshire:YWS00505:1788124919000,yorkshire:YWS00505,yorkshire,2026-08-30T21:21:59Z,2026-08-30T21:30:40Z,9,hub,2026-09-17T00:49:00Z,2026-09-17T00:49:00Z,true
yorkshire:YWS00506:1788120902000,yorkshire:YWS00506,yorkshire,2026-08-30T20:15:02Z,2026-08-30T20:15:09Z,0,hub,2026-09-17T00:49:00Z,2026-09-17T00:49:00Z,true
yorkshire:YWS00507:1788120246000,yorkshire:YWS00507,yorkshire,2026-08-30T20:04:06Z,2026-08-30T20:17:11Z,13,hub,2026-09-17T00:49:00Z,2026-09-17T00:49:00Z,true
yorkshire:YWS00508:1787934281000,yorkshire:YWS00508,yorkshire,2026-08-28T16:24:41Z,2026-08-28T17:25:26Z,61,hub,2026-09-17T00:49:00Z,2026-09-17T00:49:00Z,true
yorkshire:YWS00510:1788163895000,yorkshire:YWS00510,yorkshire,2026-08-31T08:11:35Z,2026-08-31T08:14:19Z,3,hub,2026-09-17T00:49:00Z,2026-09-17T00:49:00Z,true
yorkshire:YWS00511:1787884868000,yorkshire:YWS00511,yorkshire,2026-08-28T02:41:08Z,2026-08-28T05:55:57Z,195,hub,2026-09-17T00:49:00Z,2026-09-17T00:49:00Z,true
yorkshire:YWS00512:1787885916000,yorkshire:YWS00512,yorkshire,2026-08-28T02:58:36Z,2026-08-28T05:58:19Z,180,hub,2026-09-17T00:49:00Z,2026-09-17T00:49:00Z,true
yorkshire:YWS00513:1788117650000,yorkshire:YWS00513,yorkshire,2026-08-30T19:20:50Z,2026-08-30T19:47:18Z,26,hub,2026-09-17T00:49:00Z,2026-09-17T00:49:00Z,true
yorkshire:YWS00514:1787827985000,yorkshire:YWS00514,yorkshire,2026-08-27T10:53:05Z,2026-08-27T10:53:07Z,0,hub,2026-09-17T00:49:00Z,2026-09-17T00:49:00Z,true
yorkshire:YWS00516:1788126624000,yorkshire:YWS00516,yorkshire,2026-08-30T21:50:24Z,2026-08-30T23:35:30Z,105,hub,2026-09-17T00:49:00Z,2026-09-17T00:49:00Z,true
yorkshire:YWS00518:1787920270000,yorkshire:YWS00518,yorkshire,2026-08-28T12:31:10Z,2026-08-28T13:08:34Z,37,hub,2026-09-17T00:49:00Z,2026-09-17T00:49:00Z,true
yorkshire:YWS00520:1788116950000,yorkshire:YWS00520,yorkshire,2026-08-30T19:09:10Z,2026-08-30T19:35:38Z,26,hub,2026-09-17T00:49:00Z,2026-09-17T00:49:00Z,true
yorkshire:YWS00522:1788125899000,yorkshire:YWS00522,yorkshire,2026-08-30T21:38:19Z,2026-08-30T22:16:25Z,38,hub,2026-09-17T00:49:00Z,2026-09-17T00:49:00Z,true
yorkshire:YWS00523:1788116007000,yorkshire:YWS00523,yorkshire,2026-08-30T18:53:27Z,2026-08-30T19:03:02Z,10,hub,2026-09-17T00:49:00Z,2026-09-17T00:49:00Z,true
yorkshire:YWS00529:1788120671000,yorkshire:YWS00529,yorkshire,2026-08-30T20:11:11Z,2026-08-30T20:42:49Z,32,hub,2026-09-17T00:49:00Z,2026-09-17T00:49:00Z,true
yorkshire:YWS00530:1787943089000,yorkshire:YWS00530,yorkshire,2026-08-28T18:51:29Z,2026-08-28T19:41:49Z,50,hub,2026-09-17T00:49:00Z,2026-09-17T00:49:00Z,true
yorkshire:YWS00537:1787923080000,yorkshire:YWS00537,yorkshire,2026-08-28T13:18:00Z,2026-08-28T13:31:00Z,13,hub,2026-09-17T00:49:00Z,2026-09-17T00:49:00Z,true
yorkshire:YWS00538:1787935620000,yorkshire:YWS00538,yorkshire,2026-08-28T16:47:00Z,2026-08-28T18:31:00Z,104,hub,2026-09-17T00:49:00Z,2026-09-17T00:49:00Z,true
yorkshire:YWS00539:1787192655000,yorkshire:YWS00539,yorkshire,2026-08-20T02:24:15Z,2026-08-20T02:46:56Z,23,hub,2026-09-17T00:49:00Z,2026-09-17T00:49:00Z,true
yorkshire:YWS00541:1788126916000,yorkshire:YWS00541,yorkshire,2026-08-30T21:55:16Z,2026-08-30T22:19:16Z,24,hub,2026-09-17T00:49:00Z,2026-09-17T00:49:00Z,true
yorkshire:YWS00544:1788115440000,yorkshire:YWS00544,yorkshire,2026-08-30T18:44:00Z,2026-08-30T18:55:00Z,11,hub,2026-09-17T00:49:00Z,2026-09-17T00:49:00Z,true
yorkshire:YWS00546:1787839724000,yorkshire:YWS00546,yorkshire,2026-08-27T14:08:44Z,2026-08-27T14:49:43Z,41,hub,2026-09-17T00:49:00Z,2026-09-17T00:49:00Z,true
yorkshire:YWS00547:1787517314000,yorkshire:YWS00547,yorkshire,2026-08-23T20:35:14Z,2026-08-23T20:35:38Z,0,hub,2026-09-17T00:49:00Z,2026-09-17T00:49:00Z,true
yorkshire:YWS00549:1788114957000,yorkshire:YWS00549,yorkshire,2026-08-30T18:35:57Z,2026-08-30T19:23:09Z,47,hub,2026-09-17T00:49:00Z,2026-09-17T00:49:00Z,true
yorkshire:YWS00552:1788116292000,yorkshire:YWS00552,yorkshire,2026-08-30T18:58:12Z,2026-08-30T19:19:59Z,22,hub,2026-09-17T00:49:00Z,2026-09-17T00:49:00Z,true
yorkshire:YWS00556:1788146773000,yorkshire:YWS00556,yorkshire,2026-08-31T03:26:13Z,2026-08-31T03:27:17Z,1,hub,2026-09-17T00:49:00Z,2026-09-17T00:49:00Z,true
yorkshire:YWS00559:1787193120000,yorkshire:YWS00559,yorkshire,2026-08-20T02:32:00Z,2026-08-20T03:15:00Z,43,hub,2026-09-17T00:49:00Z,2026-09-17T00:49:00Z,true
yorkshire:YWS00560:1787895372000,yorkshire:YWS00560,yorkshire,2026-08-28T05:36:12Z,2026-08-28T05:39:52Z,4,hub,2026-09-17T00:49:00Z,2026-09-17T00:49:00Z,true
yorkshire:YWS00561:1787888178000,yorkshire:YWS00561,yorkshire,2026-08-28T03:36:18Z,2026-08-28T04:43:23Z,67,hub,2026-09-17T00:49:00Z,2026-09-17T00:49:00Z,true
yorkshire:YWS00563:1788196402000,yorkshire:YWS00563,yorkshire,2026-08-31T17:13:22Z,2026-08-31T18:20:06Z,67,hub,2026-09-17T00:49:00Z,2026-09-17T00:49:00Z,true
yorkshire:YWS00564:1787839620000,yorkshire:YWS00564,yorkshire,2026-08-27T14:07:00Z,2026-08-27T15:01:00Z,54,hub,2026-09-17T00:49:00Z,2026-09-17T00:49:00Z,true
yorkshire:YWS00567:1788120181000,yorkshire:YWS00567,yorkshire,2026-08-30T20:03:01Z,2026-08-30T20:10:36Z,8,hub,2026-09-17T00:49:00Z,2026-09-17T00:49:00Z,true
yorkshire:YWS00568:1788115687000,yorkshire:YWS00568,yorkshire,2026-08-30T18:48:07Z,2026-08-30T19:01:38Z,14,hub,2026-09-17T00:49:00Z,2026-09-17T00:49:00Z,true
yorkshire:YWS00570:1787840611000,yorkshire:YWS00570,yorkshire,2026-08-27T14:23:31Z,2026-08-27T14:44:23Z,21,hub,2026-09-17T00:49:00Z,2026-09-17T00:49:00Z,true
yorkshire:YWS00571:1788133624000,yorkshire:YWS00571,yorkshire,2026-08-30T23:47:04Z,2026-08-30T23:49:23Z,2,hub,2026-09-17T00:49:00Z,2026-09-17T00:49:00Z,true
yorkshire:YWS00572:1787892720000,yorkshire:YWS00572,yorkshire,2026-08-28T04:52:00Z,2026-08-28T05:38:50Z,47,hub,2026-09-17T00:49:00Z,2026-09-17T00:49:00Z,true
yorkshire:YWS00573:1788116564000,yorkshire:YWS00573,yorkshire,2026-08-30T19:02:44Z,2026-08-30T19:03:43Z,1,hub,2026-09-17T00:49:00Z,2026-09-17T00:49:00Z,true
yorkshire:YWS00578:1788118433000,yorkshire:YWS00578,yorkshire,2026-08-30T19:33:53Z,2026-08-30T19:35:49Z,2,hub,2026-09-17T00:49:00Z,2026-09-17T00:49:00Z,true
yorkshire:YWS00585:1788120294000,yorkshire:YWS00585,yorkshire,2026-08-30T20:04:54Z,2026-08-30T20:09:39Z,5,hub,2026-09-17T00:49:00Z,2026-09-17T00:49:00Z,true
yorkshire:YWS00586:1788120104000,yorkshire:YWS00586,yorkshire,2026-08-30T20:01:44Z,2026-08-30T20:18:14Z,17,hub,2026-09-17T00:49:00Z,2026-09-17T00:49:00Z,true
yorkshire:YWS00587:1788120112000,yorkshire:YWS00587,yorkshire,2026-08-30T20:01:52Z,2026-08-30T20:19:23Z,18,hub,2026-09-17T00:49:00Z,2026-09-17T00:49:00Z,true
yorkshire:YWS00589:1788118755000,yorkshire:YWS00589,yorkshire,2026-08-30T19:39:15Z,2026-08-30T19:54:27Z,15,hub,2026-09-17T00:49:00Z,2026-09-17T00:49:00Z,true
yorkshire:YWS00594:1788117536000,yorkshire:YWS00594,yorkshire,2026-08-30T19:18:56Z,2026-08-30T19:41:38Z,23,hub,2026-09-17T00:49:00Z,2026-09-17T00:49:00Z,true
yorkshire:YWS00595:1788118184000,yorkshire:YWS00595,yorkshire,2026-08-30T19:29:44Z,2026-08-30T19:34:09Z,4,hub,2026-09-17T00:49:00Z,2026-09-17T00:49:00Z,true
yorkshire:YWS00596:1787928550000,yorkshire:YWS00596,yorkshire,2026-08-28T14:49:10Z,2026-08-28T14:50:19Z,1,hub,2026-09-17T00:49:00Z,2026-09-17T00:49:00Z,true
yorkshire:YWS00599:1788119943000,yorkshire:YWS00599,yorkshire,2026-08-30T19:59:03Z,2026-08-30T20:04:22Z,5,hub,2026-09-17T00:49:00Z,2026-09-17T00:49:00Z,true
yorkshire:YWS00602:1788118735000,yorkshire:YWS00602,yorkshire,2026-08-30T19:38:55Z,2026-08-30T19:44:35Z,6,hub,2026-09-17T00:49:00Z,2026-09-17T00:49:00Z,true
yorkshire:YWS00603:1788117387000,yorkshire:YWS00603,yorkshire,2026-08-30T19:16:27Z,2026-08-30T20:19:20Z,63,hub,2026-09-17T00:49:00Z,2026-09-17T00:49:00Z,true
yorkshire:YWS00604:1788118659000,yorkshire:YWS00604,yorkshire,2026-08-30T19:37:39Z,2026-08-30T20:17:50Z,40,hub,2026-09-17T00:49:00Z,2026-09-17T00:49:00Z,true
yorkshire:YWS00605:1788131932000,yorkshire:YWS00605,yorkshire,2026-08-30T23:18:52Z,2026-08-30T23:23:41Z,5,hub,2026-09-17T00:49:00Z,2026-09-17T00:49:00Z,true
yorkshire:YWS00607:1788121186000,yorkshire:YWS00607,yorkshire,2026-08-30T20:19:46Z,2026-08-30T20:35:22Z,16,hub,2026-09-17T00:49:00Z,2026-09-17T00:49:00Z,true
yorkshire:YWS00609:1788119729000,yorkshire:YWS00609,yorkshire,2026-08-30T19:55:29Z,2026-08-30T19:56:18Z,1,hub,2026-09-17T00:49:00Z,2026-09-17T00:49:00Z,true
yorkshire:YWS00610:1788119442000,yorkshire:YWS00610,yorkshire,2026-08-30T19:50:42Z,2026-08-30T20:49:29Z,59,hub,2026-09-17T00:49:00Z,2026-09-17T00:49:00Z,true
yorkshire:YWS00611:1787927208000,yorkshire:YWS00611,yorkshire,2026-08-28T14:26:48Z,2026-08-28T14:27:27Z,1,hub,2026-09-17T00:49:00Z,2026-09-17T00:49:00Z,true
yorkshire:YWS00612:1787309639000,yorkshire:YWS00612,yorkshire,2026-08-21T10:53:59Z,2026-08-21T12:03:36Z,70,hub,2026-09-17T00:49:00Z,2026-09-17T00:49:00Z,true
yorkshire:YWS00618:1788190943000,yorkshire:YWS00618,yorkshire,2026-08-31T15:42:23Z,2026-08-31T15:43:17Z,1,hub,2026-09-17T00:49:00Z,2026-09-17T00:49:00Z,true
yorkshire:YWS00621:1788113210000,yorkshire:YWS00621,yorkshire,2026-08-30T18:06:50Z,2026-08-30T18:16:30Z,10,hub,2026-09-17T00:49:00Z,2026-09-17T00:49:00Z,true
yorkshire:YWS00627:1788133620000,yorkshire:YWS00627,yorkshire,2026-08-30T23:47:00Z,2026-08-31T00:31:00Z,44,hub,2026-09-17T00:49:00Z,2026-09-17T00:49:00Z,true
yorkshire:YWS00628:1788133260000,yorkshire:YWS00628,yorkshire,2026-08-30T23:41:00Z,2026-08-30T23:41:35Z,1,hub,2026-09-17T00:49:00Z,2026-09-17T00:49:00Z,true
yorkshire:YWS00629:1787879211000,yorkshire:YWS00629,yorkshire,2026-08-28T01:06:51Z,2026-08-28T01:10:11Z,3,hub,2026-09-17T00:49:00Z,2026-09-17T00:49:00Z,true
yorkshire:YWS00631:1788138420000,yorkshire:YWS00631,yorkshire,2026-08-31T01:07:00Z,2026-08-31T03:31:00Z,144,hub,2026-09-17T00:49:00Z,2026-09-17T00:49:00Z,true
yorkshire:YWS00632:1788165274000,yorkshire:YWS00632,yorkshire,2026-08-31T08:34:34Z,2026-08-31T08:38:01Z,3,hub,2026-09-17T00:49:00Z,2026-09-17T00:49:00Z,true
yorkshire:YWS00639:1787219631000,yorkshire:YWS00639,yorkshire,2026-08-20T09:53:51Z,2026-08-20T09:55:24Z,2,hub,2026-09-17T00:49:00Z,2026-09-17T00:49:00Z,true
yorkshire:YWS00642:1788112920000,yorkshire:YWS00642,yorkshire,2026-08-30T18:02:00Z,2026-08-30T18:16:00Z,14,hub,2026-09-17T00:49:00Z,2026-09-17T00:49:00Z,true
yorkshire:YWS00644:1788131820000,yorkshire:YWS00644,yorkshire,2026-08-30T23:17:00Z,2026-08-30T23:31:00Z,14,hub,2026-09-17T00:49:00Z,2026-09-17T00:49:00Z,true
yorkshire:YWS00650:1788131826000,yorkshire:YWS00650,yorkshire,2026-08-30T23:17:06Z,2026-08-30T23:46:33Z,29,hub,2026-09-17T00:49:00Z,2026-09-17T00:49:00Z,true
yorkshire:YWS00651:1787869020000,yorkshire:YWS00651,yorkshire,2026-08-27T22:17:00Z,2026-08-28T01:31:00Z,194,hub,2026-09-17T00:49:00Z,2026-09-17T00:49:00Z,true
yorkshire:YWS00654:1788113146000,yorkshire:YWS00654,yorkshire,2026-08-30T18:05:46Z,2026-08-30T18:27:35Z,22,hub,2026-09-17T00:49:00Z,2026-09-17T00:49:00Z,true
yorkshire:YWS00655:1788113321000,yorkshire:YWS00655,yorkshire,2026-08-30T18:08:41Z,2026-08-30T18:10:40Z,2,hub,2026-09-17T00:49:00Z,2026-09-17T00:49:00Z,true
yorkshire:YWS00661:1787892238000,yorkshire:YWS00661,yorkshire,2026-08-28T04:43:58Z,2026-08-28T05:09:33Z,26,hub,2026-09-17T00:49:00Z,2026-09-17T00:49:00Z,true
yorkshire:YWS00663:1787871576000,yorkshire:YWS00663,yorkshire,2026-08-27T22:59:36Z,2026-08-27T23:20:47Z,21,hub,2026-09-17T00:49:00Z,2026-09-17T00:49:00Z,true
yorkshire:YWS00664:1788139020000,yorkshire:YWS00664,yorkshire,2026-08-31T01:17:00Z,2026-08-31T01:31:00Z,14,hub,2026-09-17T00:49:00Z,2026-09-17T00:49:00Z,true
yorkshire:YWS00667:1787819640000,yorkshire:YWS00667,yorkshire,2026-08-27T08:34:00Z,2026-08-27T08:34:09Z,0,hub,2026-09-17T00:49:00Z,2026-09-17T00:49:00Z,true
yorkshire:YWS00675:1788128220000,yorkshire:YWS00675,yorkshire,2026-08-30T22:17:00Z,2026-08-30T22:46:00Z,29,hub,2026-09-17T00:49:00Z,2026-09-17T00:49:00Z,true
yorkshire:YWS00680:1788132915000,yorkshire:YWS00680,yorkshire,2026-08-30T23:35:15Z,2026-08-30T23:59:22Z,24,hub,2026-09-17T00:49:00Z,2026-09-17T00:49:00Z,true
yorkshire:YWS00681:1787887618000,yorkshire:YWS00681,yorkshire,2026-08-28T03:26:58Z,2026-08-28T06:31:11Z,184,hub,2026-09-17T00:49:00Z,2026-09-17T00:49:00Z,true
yorkshire:YWS00682:1788133620000,yorkshire:YWS00682,yorkshire,2026-08-30T23:47:00Z,2026-08-31T00:46:00Z,59,hub,2026-09-17T00:49:00Z,2026-09-17T00:49:00Z,true
yorkshire:YWS00685:1787830402000,yorkshire:YWS00685,yorkshire,2026-08-27T11:33:22Z,2026-08-27T12:29:47Z,56,hub,2026-09-17T00:49:00Z,2026-09-17T00:49:00Z,true
yorkshire:YWS00686:1787921506000,yorkshire:YWS00686,yorkshire,2026-08-28T12:51:46Z,2026-08-28T13:25:08Z,33,hub,2026-09-17T00:49:00Z,2026-09-17T00:49:00Z,true
yorkshire:YWS00687:1788132570000,yorkshire:YWS00687,yorkshire,2026-08-30T23:29:30Z,2026-08-31T00:06:37Z,37,hub,2026-09-17T00:49:00Z,2026-09-17T00:49:00Z,true
yorkshire:YWS00688:1787884380000,yorkshire:YWS00688,yorkshire,2026-08-28T02:33:00Z,2026-08-28T04:01:00Z,88,hub,2026-09-17T00:49:00Z,2026-09-17T00:49:00Z,true
yorkshire:YWS00691:1787831280000,yorkshire:YWS00691,yorkshire,2026-08-27T11:48:00Z,2026-08-27T12:01:00Z,13,hub,2026-09-17T00:49:00Z,2026-09-17T00:49:00Z,true
yorkshire:YWS00694:1788133595000,yorkshire:YWS00694,yorkshire,2026-08-30T23:46:35Z,2026-08-31T00:32:47Z,46,hub,2026-09-17T00:49:00Z,2026-09-17T00:49:00Z,true
yorkshire:YWS00695:1787892705000,yorkshire:YWS00695,yorkshire,2026-08-28T04:51:45Z,2026-08-28T05:23:18Z,32,hub,2026-09-17T00:49:00Z,2026-09-17T00:49:00Z,true
yorkshire:YWS00697:1788115558000,yorkshire:YWS00697,yorkshire,2026-08-30T18:45:58Z,2026-08-30T18:48:52Z,3,hub,2026-09-17T00:49:00Z,2026-09-17T00:49:00Z,true
yorkshire:YWS00698:1788130666000,yorkshire:YWS00698,yorkshire,2026-08-30T22:57:46Z,2026-08-30T23:14:53Z,17,hub,2026-09-17T00:49:00Z,2026-09-17T00:49:00Z,true
yorkshire:YWS00699:1788158697000,yorkshire:YWS00699,yorkshire,2026-08-31T06:44:57Z,2026-08-31T06:45:17Z,0,hub,2026-09-17T00:49:00Z,2026-09-17T00:49:00Z,true
yorkshire:YWS00703:1788134237000,yorkshire:YWS00703,yorkshire,2026-08-30T23:57:17Z,2026-08-31T02:41:24Z,164,hub,2026-09-17T00:49:00Z,2026-09-17T00:49:00Z,true
yorkshire:YWS00712:1788134244000,yorkshire:YWS00712,yorkshire,2026-08-30T23:57:24Z,2026-08-31T00:09:10Z,12,hub,2026-09-17T00:49:00Z,2026-09-17T00:49:00Z,true
yorkshire:YWS00717:1787872560000,yorkshire:YWS00717,yorkshire,2026-08-27T23:16:00Z,2026-08-27T23:45:00Z,29,hub,2026-09-17T00:49:00Z,2026-09-17T00:49:00Z,true
yorkshire:YWS00718:1788130920000,yorkshire:YWS00718,yorkshire,2026-08-30T23:02:00Z,2026-08-30T23:16:00Z,14,hub,2026-09-17T00:49:00Z,2026-09-17T00:49:00Z,true
yorkshire:YWS00720:1787836020000,yorkshire:YWS00720,yorkshire,2026-08-27T13:07:00Z,2026-08-27T13:17:00Z,10,hub,2026-09-17T00:49:00Z,2026-09-17T00:49:00Z,true
yorkshire:YWS00724:1788115165000,yorkshire:YWS00724,yorkshire,2026-08-30T18:39:25Z,2026-08-30T19:09:51Z,30,hub,2026-09-17T00:49:00Z,2026-09-17T00:49:00Z,true
yorkshire:YWS00725:1788132045000,yorkshire:YWS00725,yorkshire,2026-08-30T23:20:45Z,2026-08-30T23:54:11Z,33,hub,2026-09-17T00:49:00Z,2026-09-17T00:49:00Z,true
yorkshire:YWS00726:1788136342000,yorkshire:YWS00726,yorkshire,2026-08-31T00:32:22Z,2026-08-31T00:45:43Z,13,hub,2026-09-17T00:49:00Z,2026-09-17T00:49:00Z,true
yorkshire:YWS00729:1787826356000,yorkshire:YWS00729,yorkshire,2026-08-27T10:25:56Z,2026-08-27T10:27:34Z,2,hub,2026-09-17T00:49:00Z,2026-09-17T00:49:00Z,true
yorkshire:YWS00730:1788117180000,yorkshire:YWS00730,yorkshire,2026-08-30T19:13:00Z,2026-08-30T21:01:00Z,108,hub,2026-09-17T00:49:00Z,2026-09-17T00:49:00Z,true
yorkshire:YWS00736:1787190491000,yorkshire:YWS00736,yorkshire,2026-08-20T01:48:11Z,2026-08-20T01:49:15Z,1,hub,2026-09-17T00:49:00Z,2026-09-17T00:49:00Z,true
yorkshire:YWS00737:1787895041000,yorkshire:YWS00737,yorkshire,2026-08-28T05:30:41Z,2026-08-28T06:54:50Z,84,hub,2026-09-17T00:49:00Z,2026-09-17T00:49:00Z,true
yorkshire:YWS00738:1787871720000,yorkshire:YWS00738,yorkshire,2026-08-27T23:02:00Z,2026-08-28T01:13:00Z,131,hub,2026-09-17T00:49:00Z,2026-09-17T00:49:00Z,true
yorkshire:YWS00739:1788133359000,yorkshire:YWS00739,yorkshire,2026-08-30T23:42:39Z,2026-08-31T00:20:07Z,37,hub,2026-09-17T00:49:00Z,2026-09-17T00:49:00Z,true
yorkshire:YWS00741:1787874726000,yorkshire:YWS00741,yorkshire,2026-08-27T23:52:06Z,2026-08-28T00:01:36Z,10,hub,2026-09-17T00:49:00Z,2026-09-17T00:49:00Z,true
yorkshire:YWS00743:1788149306000,yorkshire:YWS00743,yorkshire,2026-08-31T04:08:26Z,2026-08-31T04:20:20Z,12,hub,2026-09-17T00:49:00Z,2026-09-17T00:49:00Z,true
yorkshire:YWS00745:1787875980000,yorkshire:YWS00745,yorkshire,2026-08-28T00:13:00Z,2026-08-28T06:16:00Z,363,hub,2026-09-17T00:49:00Z,2026-09-17T00:49:00Z,true
yorkshire:YWS00749:1788130337000,yorkshire:YWS00749,yorkshire,2026-08-30T22:52:17Z,2026-08-30T23:00:02Z,8,hub,2026-09-17T00:49:00Z,2026-09-17T00:49:00Z,true
yorkshire:YWS00750:1787836821000,yorkshire:YWS00750,yorkshire,2026-08-27T13:20:21Z,2026-08-27T13:51:27Z,31,hub,2026-09-17T00:49:00Z,2026-09-17T00:49:00Z,true
yorkshire:YWS00751:1787837235000,yorkshire:YWS00751,yorkshire,2026-08-27T13:27:15Z,2026-08-27T13:52:06Z,25,hub,2026-09-17T00:49:00Z,2026-09-17T00:49:00Z,true
yorkshire:YWS00756:1788133422000,yorkshire:YWS00756,yorkshire,2026-08-30T23:43:42Z,2026-08-31T00:48:17Z,65,hub,2026-09-17T00:49:00Z,2026-09-17T00:49:00Z,true
yorkshire:YWS00759:1788135619000,yorkshire:YWS00759,yorkshire,2026-08-31T00:20:19Z,2026-08-31T00:26:09Z,6,hub,2026-09-17T00:49:00Z,2026-09-17T00:49:00Z,true
yorkshire:YWS00764:1788139320000,yorkshire:YWS00764,yorkshire,2026-08-31T01:22:00Z,2026-08-31T02:52:00Z,90,hub,2026-09-17T00:49:00Z,2026-09-17T00:49:00Z,true
yorkshire:YWS00765:1788140640000,yorkshire:YWS00765,yorkshire,2026-08-31T01:44:00Z,2026-08-31T02:01:00Z,17,hub,2026-09-17T00:49:00Z,2026-09-17T00:49:00Z,true
yorkshire:YWS00767:1788114408000,yorkshire:YWS00767,yorkshire,2026-08-30T18:26:48Z,2026-08-30T18:53:40Z,27,hub,2026-09-17T00:49:00Z,2026-09-17T00:49:00Z,true
yorkshire:YWS00768:1788156585000,yorkshire:YWS00768,yorkshire,2026-08-31T06:09:45Z,2026-08-31T06:11:46Z,2,hub,2026-09-17T00:49:00Z,2026-09-17T00:49:00Z,true
yorkshire:YWS00769:1788143589000,yorkshire:YWS00769,yorkshire,2026-08-31T02:33:09Z,2026-08-31T02:33:18Z,0,hub,2026-09-17T00:49:00Z,2026-09-17T00:49:00Z,true
yorkshire:YWS00771:1788149845000,yorkshire:YWS00771,yorkshire,2026-08-31T04:17:25Z,2026-08-31T04:19:39Z,2,hub,2026-09-17T00:49:00Z,2026-09-17T00:49:00Z,true
yorkshire:YWS00772:1788136916000,yorkshire:YWS00772,yorkshire,2026-08-31T00:41:56Z,2026-08-31T01:32:48Z,51,hub,2026-09-17T00:49:00Z,2026-09-17T00:49:00Z,true
yorkshire:YWS00774:1787880527000,yorkshire:YWS00774,yorkshire,2026-08-28T01:28:47Z,2026-08-28T01:29:01Z,0,hub,2026-09-17T00:49:00Z,2026-09-17T00:49:00Z,true
yorkshire:YWS00775:1788130299000,yorkshire:YWS00775,yorkshire,2026-08-30T22:51:39Z,2026-08-30T23:30:22Z,39,hub,2026-09-17T00:49:00Z,2026-09-17T00:49:00Z,true
yorkshire:YWS00777:1787878039000,yorkshire:YWS00777,yorkshire,2026-08-28T00:47:19Z,2026-08-28T10:16:43Z,569,hub,2026-09-17T00:49:00Z,2026-09-17T00:49:00Z,true
yorkshire:YWS00779:1788130594000,yorkshire:YWS00779,yorkshire,2026-08-30T22:56:34Z,2026-08-30T23:57:43Z,61,hub,2026-09-17T00:49:00Z,2026-09-17T00:49:00Z,true
yorkshire:YWS00783:1787937146000,yorkshire:YWS00783,yorkshire,2026-08-28T17:12:26Z,2026-08-28T17:13:05Z,1,hub,2026-09-17T00:49:00Z,2026-09-17T00:49:00Z,true
yorkshire:YWS00784:1788163416000,yorkshire:YWS00784,yorkshire,2026-08-31T08:03:36Z,2026-08-31T08:04:51Z,1,hub,2026-09-17T00:49:00Z,2026-09-17T00:49:00Z,true
yorkshire:YWS00785:1787894400000,yorkshire:YWS00785,yorkshire,2026-08-28T05:20:00Z,2026-08-28T09:05:00Z,225,hub,2026-09-17T00:49:00Z,2026-09-17T00:49:00Z,true
yorkshire:YWS00786:1788118380000,yorkshire:YWS00786,yorkshire,2026-08-30T19:33:00Z,2026-08-30T19:46:00Z,13,hub,2026-09-17T00:49:00Z,2026-09-17T00:49:00Z,true
yorkshire:YWS00790:1787906494000,yorkshire:YWS00790,yorkshire,2026-08-28T08:41:34Z,2026-08-28T08:48:55Z,7,hub,2026-09-17T00:49:00Z,2026-09-17T00:49:00Z,true
yorkshire:YWS00797:1788128114000,yorkshire:YWS00797,yorkshire,2026-08-30T22:15:14Z,2026-08-31T01:51:28Z,216,hub,2026-09-17T00:49:00Z,2026-09-17T00:49:00Z,true
yorkshire:YWS00798:1787871720000,yorkshire:YWS00798,yorkshire,2026-08-27T23:02:00Z,2026-08-27T23:16:00Z,14,hub,2026-09-17T00:49:00Z,2026-09-17T00:49:00Z,true
yorkshire:YWS00799:1787871720000,yorkshire:YWS00799,yorkshire,2026-08-27T23:02:00Z,2026-08-27T23:16:00Z,14,hub,2026-09-17T00:49:00Z,2026-09-17T00:49:00Z,true
yorkshire:YWS00800:1788128220000,yorkshire:YWS00800,yorkshire,2026-08-30T22:17:00Z,2026-08-30T22:46:00Z,29,hub,2026-09-17T00:49:00Z,2026-09-17T00:49:00Z,true
yorkshire:YWS00801:1788127320000,yorkshire:YWS00801,yorkshire,2026-08-30T22:02:00Z,2026-08-30T22:46:00Z,44,hub,2026-09-17T00:49:00Z,2026-09-17T00:49:00Z,true
yorkshire:YWS00802:1787872440000,yorkshire:YWS00802,yorkshire,2026-08-27T23:14:00Z,2026-08-28T00:54:00Z,100,hub,2026-09-17T00:49:00Z,2026-09-17T00:49:00Z,true
yorkshire:YWS00803:1788133680000,yorkshire:YWS00803,yorkshire,2026-08-30T23:48:00Z,2026-08-31T00:01:00Z,13,hub,2026-09-17T00:49:00Z,2026-09-17T00:49:00Z,true
yorkshire:YWS00807:1788116400000,yorkshire:YWS00807,yorkshire,2026-08-30T19:00:00Z,2026-08-30T19:01:00Z,1,hub,2026-09-17T00:49:00Z,2026-09-17T00:49:00Z,true
yorkshire:YWS00812:1788115985000,yorkshire:YWS00812,yorkshire,2026-08-30T18:53:05Z,2026-08-30T19:57:39Z,65,hub,2026-09-17T00:49:00Z,2026-09-17T00:49:00Z,true
yorkshire:YWS00813:1788130920000,yorkshire:YWS00813,yorkshire,2026-08-30T23:02:00Z,2026-08-30T23:27:00Z,25,hub,2026-09-17T00:49:00Z,2026-09-17T00:49:00Z,true
yorkshire:YWS00819:1788127560000,yorkshire:YWS00819,yorkshire,2026-08-30T22:06:00Z,2026-08-30T22:16:00Z,10,hub,2026-09-17T00:49:00Z,2026-09-17T00:49:00Z,true
yorkshire:YWS00821:1788133680000,yorkshire:YWS00821,yorkshire,2026-08-30T23:48:00Z,2026-08-31T00:01:00Z,13,hub,2026-09-17T00:49:00Z,2026-09-17T00:49:00Z,true
yorkshire:YWS00822:1788134400000,yorkshire:YWS00822,yorkshire,2026-08-31T00:00:00Z,2026-08-31T00:01:00Z,1,hub,2026-09-17T00:49:00Z,2026-09-17T00:49:00Z,true
yorkshire:YWS00823:1788133680000,yorkshire:YWS00823,yorkshire,2026-08-30T23:48:00Z,2026-08-31T00:01:00Z,13,hub,2026-09-17T00:49:00Z,2026-09-17T00:49:00Z,true
yorkshire:YWS00829:1788133680000,yorkshire:YWS00829,yorkshire,2026-08-30T23:48:00Z,2026-08-31T00:31:00Z,43,hub,2026-09-17T00:49:00Z,2026-09-17T00:49:00Z,true
yorkshire:YWS00832:1788155572000,yorkshire:YWS00832,yorkshire,2026-08-31T05:52:52Z,2026-08-31T06:06:18Z,13,hub,2026-09-17T00:49:00Z,2026-09-17T00:49:00Z,true
yorkshire:YWS00837:1788131776000,yorkshire:YWS00837,yorkshire,2026-08-30T23:16:16Z,2026-08-30T23:37:42Z,21,hub,2026-09-17T00:49:00Z,2026-09-17T00:49:00Z,true
yorkshire:YWS00838:1788131942000,yorkshire:YWS00838,yorkshire,2026-08-30T23:19:02Z,2026-08-30T23:28:07Z,9,hub,2026-09-17T00:49:00Z,2026-09-17T00:49:00Z,true
yorkshire:YWS00839:1788117066000,yorkshire:YWS00839,yorkshire,2026-08-30T19:11:06Z,2026-08-30T19:35:51Z,25,hub,2026-09-17T00:49:00Z,2026-09-17T00:49:00Z,true
yorkshire:YWS00842:1788132613000,yorkshire:YWS00842,yorkshire,2026-08-30T23:30:13Z,2026-08-31T00:01:00Z,31,hub,2026-09-17T00:49:00Z,2026-09-17T00:49:00Z,true
yorkshire:YWS00844:1787879911000,yorkshire:YWS00844,yorkshire,2026-08-28T01:18:31Z,2026-08-28T02:05:25Z,47,hub,2026-09-17T00:49:00Z,2026-09-17T00:49:00Z,true
yorkshire:YWS00845:1788122922000,yorkshire:YWS00845,yorkshire,2026-08-30T20:48:42Z,2026-08-30T21:08:56Z,20,hub,2026-09-17T00:49:00Z,2026-09-17T00:49:00Z,true
yorkshire:YWS00846:1788134586000,yorkshire:YWS00846,yorkshire,2026-08-31T00:03:06Z,2026-08-31T00:03:48Z,1,hub,2026-09-17T00:49:00Z,2026-09-17T00:49:00Z,true
yorkshire:YWS00848:1788131987000,yorkshire:YWS00848,yorkshire,2026-08-30T23:19:47Z,2026-08-30T23:35:56Z,16,hub,2026-09-17T00:49:00Z,2026-09-17T00:49:00Z,true
yorkshire:YWS00855:1788133616000,yorkshire:YWS00855,yorkshire,2026-08-30T23:46:56Z,2026-08-31T01:14:07Z,87,hub,2026-09-17T00:49:00Z,2026-09-17T00:49:00Z,true
yorkshire:YWS00857:1787897820000,yorkshire:YWS00857,yorkshire,2026-08-28T06:17:00Z,2026-08-28T07:01:00Z,44,hub,2026-09-17T00:49:00Z,2026-09-17T00:49:00Z,true
yorkshire:YWS00860:1788131069000,yorkshire:YWS00860,yorkshire,2026-08-30T23:04:29Z,2026-08-30T23:08:13Z,4,hub,2026-09-17T00:49:00Z,2026-09-17T00:49:00Z,true
yorkshire:YWS00862:1787876280000,yorkshire:YWS00862,yorkshire,2026-08-28T00:18:00Z,2026-08-28T00:31:00Z,13,hub,2026-09-17T00:49:00Z,2026-09-17T00:49:00Z,true
yorkshire:YWS00864:1788145440000,yorkshire:YWS00864,yorkshire,2026-08-31T03:04:00Z,2026-08-31T03:08:00Z,4,hub,2026-09-17T00:49:00Z,2026-09-17T00:49:00Z,true
yorkshire:YWS00865:1788132944000,yorkshire:YWS00865,yorkshire,2026-08-30T23:35:44Z,2026-08-31T00:38:39Z,63,hub,2026-09-17T00:49:00Z,2026-09-17T00:49:00Z,true
yorkshire:YWS00866:1788115000000,yorkshire:YWS00866,yorkshire,2026-08-30T18:36:40Z,2026-08-30T18:43:20Z,7,hub,2026-09-17T00:49:00Z,2026-09-17T00:49:00Z,true
yorkshire:YWS00868:1787895840000,yorkshire:YWS00868,yorkshire,2026-08-28T05:44:00Z,2026-08-28T06:16:00Z,32,hub,2026-09-17T00:49:00Z,2026-09-17T00:49:00Z,true
yorkshire:YWS00870:1787919321000,yorkshire:YWS00870,yorkshire,2026-08-28T12:15:21Z,2026-08-28T12:20:41Z,5,hub,2026-09-17T00:49:00Z,2026-09-17T00:49:00Z,true
yorkshire:YWS00874:1787219280000,yorkshire:YWS00874,yorkshire,2026-08-20T09:48:00Z,2026-08-20T10:14:00Z,26,hub,2026-09-17T00:49:00Z,2026-09-17T00:49:00Z,true
yorkshire:YWS00879:1787895120000,yorkshire:YWS00879,yorkshire,2026-08-28T05:32:00Z,2026-08-28T05:46:00Z,14,hub,2026-09-17T00:49:00Z,2026-09-17T00:49:00Z,true
yorkshire:YWS00885:1787871218000,yorkshire:YWS00885,yorkshire,2026-08-27T22:53:38Z,2026-08-28T00:46:45Z,113,hub,2026-09-17T00:49:00Z,2026-09-17T00:49:00Z,true
yorkshire:YWS00886:1787888820000,yorkshire:YWS00886,yorkshire,2026-08-28T03:47:00Z,2026-08-28T06:46:00Z,179,hub,2026-09-17T00:49:00Z,2026-09-17T00:49:00Z,true
yorkshire:YWS00887:1788135422000,yorkshire:YWS00887,yorkshire,2026-08-31T00:17:02Z,2026-08-31T00:35:54Z,19,hub,2026-09-17T00:49:00Z,2026-09-17T00:49:00Z,true
yorkshire:YWS00888:1788161143000,yorkshire:YWS00888,yorkshire,2026-08-31T07:25:43Z,2026-08-31T07:34:18Z,9,hub,2026-09-17T00:49:00Z,2026-09-17T00:49:00Z,true
yorkshire:YWS00889:1787903744000,yorkshire:YWS00889,yorkshire,2026-08-28T07:55:44Z,2026-08-28T08:02:24Z,7,hub,2026-09-17T00:49:00Z,2026-09-17T00:49:00Z,true
yorkshire:YWS00890:1787835643000,yorkshire:YWS00890,yorkshire,2026-08-27T13:00:43Z,2026-08-27T15:10:46Z,130,hub,2026-09-17T00:49:00Z,2026-09-17T00:49:00Z,true
yorkshire:YWS00901:1788179004000,yorkshire:YWS00901,yorkshire,2026-08-31T12:23:24Z,2026-08-31T12:31:05Z,8,hub,2026-09-17T00:49:00Z,2026-09-17T00:49:00Z,true
yorkshire:YWS00902:1787872755000,yorkshire:YWS00902,yorkshire,2026-08-27T23:19:15Z,2026-08-28T06:55:01Z,456,hub,2026-09-17T00:49:00Z,2026-09-17T00:49:00Z,true
yorkshire:YWS00909:1787875320000,yorkshire:YWS00909,yorkshire,2026-08-28T00:02:00Z,2026-08-28T00:31:00Z,29,hub,2026-09-17T00:49:00Z,2026-09-17T00:49:00Z,true
yorkshire:YWS00912:1788135626000,yorkshire:YWS00912,yorkshire,2026-08-31T00:20:26Z,2026-08-31T00:36:27Z,16,hub,2026-09-17T00:49:00Z,2026-09-17T00:49:00Z,true
yorkshire:YWS00915:1787931710000,yorkshire:YWS00915,yorkshire,2026-08-28T15:41:50Z,2026-08-28T15:43:29Z,2,hub,2026-09-17T00:49:00Z,2026-09-17T00:49:00Z,true
yorkshire:YWS00916:1788133508000,yorkshire:YWS00916,yorkshire,2026-08-30T23:45:08Z,2026-08-31T00:48:54Z,64,hub,2026-09-17T00:49:00Z,2026-09-17T00:49:00Z,true
yorkshire:YWS00917:1788131171000,yorkshire:YWS00917,yorkshire,2026-08-30T23:06:11Z,2026-08-30T23:06:20Z,0,hub,2026-09-17T00:49:00Z,2026-09-17T00:49:00Z,true
yorkshire:YWS00919:1788151979000,yorkshire:YWS00919,yorkshire,2026-08-31T04:52:59Z,2026-08-31T04:53:03Z,0,hub,2026-09-17T00:49:00Z,2026-09-17T00:49:00Z,true
yorkshire:YWS00921:1787876662000,yorkshire:YWS00921,yorkshire,2026-08-28T00:24:22Z,2026-08-28T11:57:54Z,694,hub,2026-09-17T00:49:00Z,2026-09-17T00:49:00Z,true
yorkshire:YWS00925:1787889852000,yorkshire:YWS00925,yorkshire,2026-08-28T04:04:12Z,2026-08-28T04:06:17Z,2,hub,2026-09-17T00:49:00Z,2026-09-17T00:49:00Z,true
yorkshire:YWS00926:1785873434000,yorkshire:YWS00926,yorkshire,2026-08-04T19:57:14Z,2026-08-04T19:59:28Z,2,hub,2026-09-17T00:49:00Z,2026-09-17T00:49:00Z,true
yorkshire:YWS00927:1788143233000,yorkshire:YWS00927,yorkshire,2026-08-31T02:27:13Z,2026-08-31T02:29:07Z,2,hub,2026-09-17T00:49:00Z,2026-09-17T00:49:00Z,true
yorkshire:YWS00928:1788132363000,yorkshire:YWS00928,yorkshire,2026-08-30T23:26:03Z,2026-08-30T23:49:35Z,24,hub,2026-09-17T00:49:00Z,2026-09-17T00:49:00Z,true
yorkshire:YWS00929:1788117843000,yorkshire:YWS00929,yorkshire,2026-08-30T19:24:03Z,2026-08-30T21:05:17Z,101,hub,2026-09-17T00:49:00Z,2026-09-17T00:49:00Z,true
yorkshire:YWS00930:1788146463000,yorkshire:YWS00930,yorkshire,2026-08-31T03:21:03Z,2026-08-31T03:21:22Z,0,hub,2026-09-17T00:49:00Z,2026-09-17T00:49:00Z,true
yorkshire:YWS00931:1788113324000,yorkshire:YWS00931,yorkshire,2026-08-30T18:08:44Z,2026-08-30T18:44:57Z,36,hub,2026-09-17T00:49:00Z,2026-09-17T00:49:00Z,true
yorkshire:YWS00932:1787871451000,yorkshire:YWS00932,yorkshire,2026-08-27T22:57:31Z,2026-08-28T03:54:15Z,297,hub,2026-09-17T00:49:00Z,2026-09-17T00:49:00Z,true
yorkshire:YWS00933:1788117420000,yorkshire:YWS00933,yorkshire,2026-08-30T19:17:00Z,2026-08-30T19:31:00Z,14,hub,2026-09-17T00:49:00Z,2026-09-17T00:49:00Z,true
yorkshire:YWS00935:1788133620000,yorkshire:YWS00935,yorkshire,2026-08-30T23:47:00Z,2026-08-31T00:16:00Z,29,hub,2026-09-17T00:49:00Z,2026-09-17T00:49:00Z,true
yorkshire:YWS00941:1787218320000,yorkshire:YWS00941,yorkshire,2026-08-20T09:32:00Z,2026-08-20T09:46:00Z,14,hub,2026-09-17T00:49:00Z,2026-09-17T00:49:00Z,true
yorkshire:YWS00945:1788134580000,yorkshire:YWS00945,yorkshire,2026-08-31T00:03:00Z,2026-08-31T00:31:00Z,28,hub,2026-09-17T00:49:00Z,2026-09-17T00:49:00Z,true
yorkshire:YWS00950:1787890505000,yorkshire:YWS00950,yorkshire,2026-08-28T04:15:05Z,2026-08-28T04:41:36Z,27,hub,2026-09-17T00:49:00Z,2026-09-17T00:49:00Z,true
yorkshire:YWS00954:1788135660000,yorkshire:YWS00954,yorkshire,2026-08-31T00:21:00Z,2026-09-01T14:57:00Z,2316,hub,2026-09-17T00:49:00Z,2026-09-17T00:49:00Z,true
yorkshire:YWS00955:1787893320000,yorkshire:YWS00955,yorkshire,2026-08-28T05:02:00Z,2026-08-28T05:16:00Z,14,hub,2026-09-17T00:49:00Z,2026-09-17T00:49:00Z,true
yorkshire:YWS00957:1787923371000,yorkshire:YWS00957,yorkshire,2026-08-28T13:22:51Z,2026-08-28T13:24:35Z,2,hub,2026-09-17T00:49:00Z,2026-09-17T00:49:00Z,true
yorkshire:YWS00961:1788139020000,yorkshire:YWS00961,yorkshire,2026-08-31T01:17:00Z,2026-08-31T02:16:00Z,59,hub,2026-09-17T00:49:00Z,2026-09-17T00:49:00Z,true
yorkshire:YWS00963:1788180540000,yorkshire:YWS00963,yorkshire,2026-08-31T12:49:00Z,2026-08-31T13:02:00Z,13,hub,2026-09-17T00:49:00Z,2026-09-17T00:49:00Z,true
yorkshire:YWS00964:1788133080000,yorkshire:YWS00964,yorkshire,2026-08-30T23:38:00Z,2026-08-31T00:01:00Z,23,hub,2026-09-17T00:49:00Z,2026-09-17T00:49:00Z,true
yorkshire:YWS00967:1786555800000,yorkshire:YWS00967,yorkshire,2026-08-12T17:30:00Z,2026-08-12T17:45:00Z,15,hub,2026-09-17T00:49:00Z,2026-09-17T00:49:00Z,true
yorkshire:YWS00971:1785854700000,yorkshire:YWS00971,yorkshire,2026-08-04T14:45:00Z,2026-08-04T14:46:00Z,1,hub,2026-09-17T00:49:00Z,2026-09-17T00:49:00Z,true
yorkshire:YWS00982:1788115006000,yorkshire:YWS00982,yorkshire,2026-08-30T18:36:46Z,2026-08-30T18:40:05Z,3,hub,2026-09-17T00:49:00Z,2026-09-17T00:49:00Z,true
yorkshire:YWS00985:1787893200000,yorkshire:YWS00985,yorkshire,2026-08-28T05:00:00Z,2026-08-28T05:08:00Z,8,hub,2026-09-17T00:49:00Z,2026-09-17T00:49:00Z,true
yorkshire:YWS00987:1787893200000,yorkshire:YWS00987,yorkshire,2026-08-28T05:00:00Z,2026-08-28T05:01:00Z,1,hub,2026-09-17T00:49:00Z,2026-09-17T00:49:00Z,true
yorkshire:YWS00988:1786006920000,yorkshire:YWS00988,yorkshire,2026-08-06T09:02:00Z,2026-08-06T12:01:00Z,179,hub,2026-09-17T00:49:00Z,2026-09-17T00:49:00Z,true
yorkshire:YWS00990:1788115680000,yorkshire:YWS00990,yorkshire,2026-08-30T18:48:00Z,2026-08-30T19:15:00Z,27,hub,2026-09-17T00:49:00Z,2026-09-17T00:49:00Z,true
yorkshire:YWS00992:1788122828000,yorkshire:YWS00992,yorkshire,2026-08-30T20:47:08Z,2026-08-30T21:12:29Z,25,hub,2026-09-17T00:49:00Z,2026-09-17T00:49:00Z,true
yorkshire:YWS01000:1788189597000,yorkshire:YWS01000,yorkshire,2026-08-31T15:19:57Z,2026-08-31T15:20:59Z,1,hub,2026-09-17T00:49:00Z,2026-09-17T00:49:00Z,true
yorkshire:YWS01001:1787907207000,yorkshire:YWS01001,yorkshire,2026-08-28T08:53:27Z,2026-08-28T08:55:22Z,2,hub,2026-09-17T00:49:00Z,2026-09-17T00:49:00Z,true
yorkshire:YWS01002:1788141759000,yorkshire:YWS01002,yorkshire,2026-08-31T02:02:39Z,2026-08-31T02:22:50Z,20,hub,2026-09-17T00:49:00Z,2026-09-17T00:49:00Z,true
yorkshire:YWS01003:1788142810000,yorkshire:YWS01003,yorkshire,2026-08-31T02:20:10Z,2026-08-31T02:34:05Z,14,hub,2026-09-17T00:49:00Z,2026-09-17T00:49:00Z,true
yorkshire:YWS01007:1787209264000,yorkshire:YWS01007,yorkshire,2026-08-20T07:01:04Z,2026-08-20T07:08:04Z,7,hub,2026-09-17T00:49:00Z,2026-09-17T00:49:00Z,true
yorkshire:YWS01009:1785859838000,yorkshire:YWS01009,yorkshire,2026-08-04T16:10:38Z,2026-08-04T16:12:32Z,2,hub,2026-09-17T00:49:00Z,2026-09-17T00:49:00Z,true
yorkshire:YWS01010:1788133500000,yorkshire:YWS01010,yorkshire,2026-08-30T23:45:00Z,2026-08-30T23:46:00Z,1,hub,2026-09-17T00:49:00Z,2026-09-17T00:49:00Z,true
yorkshire:YWS01011:1788126420000,yorkshire:YWS01011,yorkshire,2026-08-30T21:47:00Z,2026-08-30T22:01:00Z,14,hub,2026-09-17T00:49:00Z,2026-09-17T00:49:00Z,true
yorkshire:YWS01012:1787938170000,yorkshire:YWS01012,yorkshire,2026-08-28T17:29:30Z,2026-08-28T17:33:29Z,4,hub,2026-09-17T00:49:00Z,2026-09-17T00:49:00Z,true
yorkshire:YWS01016:1786367256000,yorkshire:YWS01016,yorkshire,2026-08-10T13:07:36Z,2026-08-10T13:08:00Z,0,hub,2026-09-17T00:49:00Z,2026-09-17T00:49:00Z,true
yorkshire:YWS01017:1788131796000,yorkshire:YWS01017,yorkshire,2026-08-30T23:16:36Z,2026-08-31T00:13:48Z,57,hub,2026-09-17T00:49:00Z,2026-09-17T00:49:00Z,true
yorkshire:YWS01019:1788133748000,yorkshire:YWS01019,yorkshire,2026-08-30T23:49:08Z,2026-08-31T01:45:36Z,116,hub,2026-09-17T00:49:00Z,2026-09-17T00:49:00Z,true
yorkshire:YWS01020:1787890879000,yorkshire:YWS01020,yorkshire,2026-08-28T04:21:19Z,2026-08-28T04:25:23Z,4,hub,2026-09-17T00:49:00Z,2026-09-17T00:49:00Z,true
yorkshire:YWS01021:1787870076000,yorkshire:YWS01021,yorkshire,2026-08-27T22:34:36Z,2026-08-28T01:29:16Z,175,hub,2026-09-17T00:49:00Z,2026-09-17T00:49:00Z,true
yorkshire:YWS01022:1788119895000,yorkshire:YWS01022,yorkshire,2026-08-30T19:58:15Z,2026-08-30T20:06:14Z,8,hub,2026-09-17T00:49:00Z,2026-09-17T00:49:00Z,true
yorkshire:YWS01025:1787874779000,yorkshire:YWS01025,yorkshire,2026-08-27T23:52:59Z,2026-08-28T00:11:39Z,19,hub,2026-09-17T00:49:00Z,2026-09-17T00:49:00Z,true
yorkshire:YWS01026:1788113207000,yorkshire:YWS01026,yorkshire,2026-08-30T18:06:47Z,2026-08-30T18:31:54Z,25,hub,2026-09-17T00:49:00Z,2026-09-17T00:49:00Z,true
yorkshire:YWS01034:1788115680000,yorkshire:YWS01034,yorkshire,2026-08-30T18:48:00Z,2026-08-30T19:31:00Z,43,hub,2026-09-17T00:49:00Z,2026-09-17T00:49:00Z,true
yorkshire:YWS01037:1788118580000,yorkshire:YWS01037,yorkshire,2026-08-30T19:36:20Z,2026-08-30T19:47:26Z,11,hub,2026-09-17T00:49:00Z,2026-09-17T00:49:00Z,true
yorkshire:YWS01039:1788135289000,yorkshire:YWS01039,yorkshire,2026-08-31T00:14:49Z,2026-08-31T00:37:50Z,23,hub,2026-09-17T00:49:00Z,2026-09-17T00:49:00Z,true
yorkshire:YWS01040:1788115326000,yorkshire:YWS01040,yorkshire,2026-08-30T18:42:06Z,2026-08-30T19:49:56Z,68,hub,2026-09-17T00:49:00Z,2026-09-17T00:49:00Z,true
yorkshire:YWS01041:1788137725000,yorkshire:YWS01041,yorkshire,2026-08-31T00:55:25Z,2026-08-31T02:09:44Z,74,hub,2026-09-17T00:49:00Z,2026-09-17T00:49:00Z,true
yorkshire:YWS01043:1788179177000,yorkshire:YWS01043,yorkshire,2026-08-31T12:26:17Z,2026-08-31T12:34:27Z,8,hub,2026-09-17T00:49:00Z,2026-09-17T00:49:00Z,true
yorkshire:YWS01044:1787188122000,yorkshire:YWS01044,yorkshire,2026-08-20T01:08:42Z,2026-08-20T01:10:22Z,2,hub,2026-09-17T00:49:00Z,2026-09-17T00:49:00Z,true
yorkshire:YWS01047:1788143105000,yorkshire:YWS01047,yorkshire,2026-08-31T02:25:05Z,2026-08-31T03:35:04Z,70,hub,2026-09-17T00:49:00Z,2026-09-17T00:49:00Z,true
yorkshire:YWS01048:1788116432000,yorkshire:YWS01048,yorkshire,2026-08-30T19:00:32Z,2026-08-30T19:03:52Z,3,hub,2026-09-17T00:49:00Z,2026-09-17T00:49:00Z,true
yorkshire:YWS01049:1787892990000,yorkshire:YWS01049,yorkshire,2026-08-28T04:56:30Z,2026-08-28T05:23:21Z,27,hub,2026-09-17T00:49:00Z,2026-09-17T00:49:00Z,true
yorkshire:YWS01051:1788152162000,yorkshire:YWS01051,yorkshire,2026-08-31T04:56:02Z,2026-08-31T04:56:57Z,1,hub,2026-09-17T00:49:00Z,2026-09-17T00:49:00Z,true
yorkshire:YWS01056:1787871840000,yorkshire:YWS01056,yorkshire,2026-08-27T23:04:00Z,2026-08-27T23:46:00Z,42,hub,2026-09-17T00:49:00Z,2026-09-17T00:49:00Z,true
yorkshire:YWS01057:1787871720000,yorkshire:YWS01057,yorkshire,2026-08-27T23:02:00Z,2026-08-28T01:02:00Z,120,hub,2026-09-17T00:49:00Z,2026-09-17T00:49:00Z,true
yorkshire:YWS01066:1788131940000,yorkshire:YWS01066,yorkshire,2026-08-30T23:19:00Z,2026-08-30T23:31:00Z,12,hub,2026-09-17T00:49:00Z,2026-09-17T00:49:00Z,true
yorkshire:YWS01071:1787893320000,yorkshire:YWS01071,yorkshire,2026-08-28T05:02:00Z,2026-08-28T05:16:00Z,14,hub,2026-09-17T00:49:00Z,2026-09-17T00:49:00Z,true
yorkshire:YWS01072:1788133740000,yorkshire:YWS01072,yorkshire,2026-08-30T23:49:00Z,2026-08-31T00:02:00Z,13,hub,2026-09-17T00:49:00Z,2026-09-17T00:49:00Z,true
yorkshire:YWS01075:1788135000000,yorkshire:YWS01075,yorkshire,2026-08-31T00:10:00Z,2026-08-31T00:21:00Z,11,hub,2026-09-17T00:49:00Z,2026-09-17T00:49:00Z,true
yorkshire:YWS01076:1788133740000,yorkshire:YWS01076,yorkshire,2026-08-30T23:49:00Z,2026-08-31T01:01:00Z,72,hub,2026-09-17T00:49:00Z,2026-09-17T00:49:00Z,true
yorkshire:YWS01079:1788135420000,yorkshire:YWS01079,yorkshire,2026-08-31T00:17:00Z,2026-08-31T00:31:00Z,14,hub,2026-09-17T00:49:00Z,2026-09-17T00:49:00Z,true
yorkshire:YWS01081:1788155248000,yorkshire:YWS01081,yorkshire,2026-08-31T05:47:28Z,2026-08-31T05:48:32Z,1,hub,2026-09-17T00:49:00Z,2026-09-17T00:49:00Z,true
yorkshire:YWS01086:1788116369000,yorkshire:YWS01086,yorkshire,2026-08-30T18:59:29Z,2026-08-30T19:06:04Z,7,hub,2026-09-17T00:49:00Z,2026-09-17T00:49:00Z,true
yorkshire:YWS01087:1788133677000,yorkshire:YWS01087,yorkshire,2026-08-30T23:47:57Z,2026-08-31T00:00:53Z,13,hub,2026-09-17T00:49:00Z,2026-09-17T00:49:00Z,true
yorkshire:YWS01088:1788132214000,yorkshire:YWS01088,yorkshire,2026-08-30T23:23:34Z,2026-08-31T00:32:20Z,69,hub,2026-09-17T00:49:00Z,2026-09-17T00:49:00Z,true
yorkshire:YWS01092:1788114060000,yorkshire:YWS01092,yorkshire,2026-08-30T18:21:00Z,2026-08-30T19:03:00Z,42,hub,2026-09-17T00:49:00Z,2026-09-17T00:49:00Z,true
yorkshire:YWS01094:1788116715000,yorkshire:YWS01094,yorkshire,2026-08-30T19:05:15Z,2026-08-30T19:06:03Z,1,hub,2026-09-17T00:49:00Z,2026-09-17T00:49:00Z,true
yorkshire:YWS01096:1787895712000,yorkshire:YWS01096,yorkshire,2026-08-28T05:41:52Z,2026-08-28T06:28:21Z,46,hub,2026-09-17T00:49:00Z,2026-09-17T00:49:00Z,true
yorkshire:YWS01097:1787828994000,yorkshire:YWS01097,yorkshire,2026-08-27T11:09:54Z,2026-08-27T11:36:40Z,27,hub,2026-09-17T00:49:00Z,2026-09-17T00:49:00Z,true
yorkshire:YWS01099:1788132720000,yorkshire:YWS01099,yorkshire,2026-08-30T23:32:00Z,2026-08-30T23:46:00Z,14,hub,2026-09-17T00:49:00Z,2026-09-17T00:49:00Z,true
yorkshire:YWS01100:1788147060000,yorkshire:YWS01100,yorkshire,2026-08-31T03:31:00Z,2026-08-31T04:40:00Z,69,hub,2026-09-17T00:49:00Z,2026-09-17T00:49:00Z,true
yorkshire:YWS01101:1787909140000,yorkshire:YWS01101,yorkshire,2026-08-28T09:25:40Z,2026-08-28T09:51:13Z,26,hub,2026-09-17T00:49:00Z,2026-09-17T00:49:00Z,true
yorkshire:YWS01102:1787900412000,yorkshire:YWS01102,yorkshire,2026-08-28T07:00:12Z,2026-08-28T07:00:46Z,1,hub,2026-09-17T00:49:00Z,2026-09-17T00:49:00Z,true
yorkshire:YWS01105:1787837379000,yorkshire:YWS01105,yorkshire,2026-08-27T13:29:39Z,2026-08-27T15:34:09Z,125,hub,2026-09-17T00:49:00Z,2026-09-17T00:49:00Z,true
yorkshire:YWS01110:1788145964000,yorkshire:YWS01110,yorkshire,2026-08-31T03:12:44Z,2026-08-31T03:21:46Z,9,hub,2026-09-17T00:49:00Z,2026-09-17T00:49:00Z,true
yorkshire:YWS01115:1788144800000,yorkshire:YWS01115,yorkshire,2026-08-31T02:53:20Z,2026-08-31T03:03:22Z,10,hub,2026-09-17T00:49:00Z,2026-09-17T00:49:00Z,true
yorkshire:YWS01117:1788120098000,yorkshire:YWS01117,yorkshire,2026-08-30T20:01:38Z,2026-08-30T20:28:10Z,27,hub,2026-09-17T00:49:00Z,2026-09-17T00:49:00Z,true
yorkshire:YWS01118:1787938218000,yorkshire:YWS01118,yorkshire,2026-08-28T17:30:18Z,2026-08-28T17:39:43Z,9,hub,2026-09-17T00:49:00Z,2026-09-17T00:49:00Z,true
yorkshire:YWS01119:1788141738000,yorkshire:YWS01119,yorkshire,2026-08-31T02:02:18Z,2026-08-31T02:47:51Z,46,hub,2026-09-17T00:49:00Z,2026-09-17T00:49:00Z,true
yorkshire:YWS01121:1788113588000,yorkshire:YWS01121,yorkshire,2026-08-30T18:13:08Z,2026-08-30T18:25:58Z,13,hub,2026-09-17T00:49:00Z,2026-09-17T00:49:00Z,true
yorkshire:YWS01127:1788114891000,yorkshire:YWS01127,yorkshire,2026-08-30T18:34:51Z,2026-08-30T19:17:40Z,43,hub,2026-09-17T00:49:00Z,2026-09-17T00:49:00Z,true
yorkshire:YWS01128:1788132420000,yorkshire:YWS01128,yorkshire,2026-08-30T23:27:00Z,2026-08-30T23:38:00Z,11,hub,2026-09-17T00:49:00Z,2026-09-17T00:49:00Z,true
yorkshire:YWS01132:1787137320000,yorkshire:YWS01132,yorkshire,2026-08-19T11:02:00Z,2026-08-19T11:16:00Z,14,hub,2026-09-17T00:49:00Z,2026-09-17T00:49:00Z,true
yorkshire:YWS01140:1785616380000,yorkshire:YWS01140,yorkshire,2026-08-01T20:33:00Z,2026-08-01T20:46:00Z,13,hub,2026-09-17T00:49:00Z,2026-09-17T00:49:00Z,true
yorkshire:YWS01141:1788116003000,yorkshire:YWS01141,yorkshire,2026-08-30T18:53:23Z,2026-08-30T18:53:27Z,0,hub,2026-09-17T00:49:00Z,2026-09-17T00:49:00Z,true
yorkshire:YWS01142:1787184120000,yorkshire:YWS01142,yorkshire,2026-08-20T00:02:00Z,2026-08-20T01:00:00Z,58,hub,2026-09-17T00:49:00Z,2026-09-17T00:49:00Z,true
yorkshire:YWS01144:1788113735000,yorkshire:YWS01144,yorkshire,2026-08-30T18:15:35Z,2026-08-30T18:29:41Z,14,hub,2026-09-17T00:49:00Z,2026-09-17T00:49:00Z,true
yorkshire:YWS01149:1788116520000,yorkshire:YWS01149,yorkshire,2026-08-30T19:02:00Z,2026-08-30T19:12:00Z,10,hub,2026-09-17T00:49:00Z,2026-09-17T00:49:00Z,true
yorkshire:YWS01154:1788134640000,yorkshire:YWS01154,yorkshire,2026-08-31T00:04:00Z,2026-08-31T00:32:00Z,28,hub,2026-09-17T00:49:00Z,2026-09-17T00:49:00Z,true
yorkshire:YWS01157:1787215020000,yorkshire:YWS01157,yorkshire,2026-08-20T08:37:00Z,2026-08-20T09:07:00Z,30,hub,2026-09-17T00:49:00Z,2026-09-17T00:49:00Z,true
yorkshire:YWS01159:1788114780000,yorkshire:YWS01159,yorkshire,2026-08-30T18:33:00Z,2026-08-30T19:31:00Z,58,hub,2026-09-17T00:49:00Z,2026-09-17T00:49:00Z,true
yorkshire:YWS01163:1787922029000,yorkshire:YWS01163,yorkshire,2026-08-28T13:00:29Z,2026-08-28T13:01:09Z,1,hub,2026-09-17T00:49:00Z,2026-09-17T00:49:00Z,true
yorkshire:YWS01168:1787892540000,yorkshire:YWS01168,yorkshire,2026-08-28T04:49:00Z,2026-08-28T06:02:00Z,73,hub,2026-09-17T00:49:00Z,2026-09-17T00:49:00Z,true
yorkshire:YWS01169:1788116520000,yorkshire:YWS01169,yorkshire,2026-08-30T19:02:00Z,2026-08-30T19:46:00Z,44,hub,2026-09-17T00:49:00Z,2026-09-17T00:49:00Z,true
yorkshire:YWS01175:1787138280000,yorkshire:YWS01175,yorkshire,2026-08-19T11:18:00Z,2026-08-19T11:29:00Z,11,hub,2026-09-17T00:49:00Z,2026-09-17T00:49:00Z,true
yorkshire:YWS01178:1787880766000,yorkshire:YWS01178,yorkshire,2026-08-28T01:32:46Z,2026-08-28T03:46:31Z,134,hub,2026-09-17T00:49:00Z,2026-09-17T00:49:00Z,true
yorkshire:YWS01180:1788122820000,yorkshire:YWS01180,yorkshire,2026-08-30T20:47:00Z,2026-08-30T21:01:00Z,14,hub,2026-09-17T00:49:00Z,2026-09-17T00:49:00Z,true
yorkshire:YWS01184:1787837100000,yorkshire:YWS01184,yorkshire,2026-08-27T13:25:00Z,2026-08-28T02:20:00Z,775,hub,2026-09-17T00:49:00Z,2026-09-17T00:49:00Z,true
yorkshire:YWS01188:1788117658000,yorkshire:YWS01188,yorkshire,2026-08-30T19:20:58Z,2026-08-30T22:49:26Z,208,hub,2026-09-17T00:49:00Z,2026-09-17T00:49:00Z,true
yorkshire:YWS01189:1788132183000,yorkshire:YWS01189,yorkshire,2026-08-30T23:23:03Z,2026-08-30T23:26:22Z,3,hub,2026-09-17T00:49:00Z,2026-09-17T00:49:00Z,true
yorkshire:YWS01191:1788121380000,yorkshire:YWS01191,yorkshire,2026-08-30T20:23:00Z,2026-08-30T20:38:00Z,15,hub,2026-09-17T00:49:00Z,2026-09-17T00:49:00Z,true
yorkshire:YWS01192:1787219760000,yorkshire:YWS01192,yorkshire,2026-08-20T09:56:00Z,2026-08-20T11:01:00Z,65,hub,2026-09-17T00:49:00Z,2026-09-17T00:49:00Z,true
yorkshire:YWS01194:1786779741000,yorkshire:YWS01194,yorkshire,2026-08-15T07:42:21Z,2026-08-15T07:42:40Z,0,hub,2026-09-17T00:49:00Z,2026-09-17T00:49:00Z,true
yorkshire:YWS01195:1788134520000,yorkshire:YWS01195,yorkshire,2026-08-31T00:02:00Z,2026-08-31T00:16:00Z,14,hub,2026-09-17T00:49:00Z,2026-09-17T00:49:00Z,true
yorkshire:YWS01197:1787879640000,yorkshire:YWS01197,yorkshire,2026-08-28T01:14:00Z,2026-08-28T06:47:00Z,333,hub,2026-09-17T00:49:00Z,2026-09-17T00:49:00Z,true
yorkshire:YWS01200:1788132749000,yorkshire:YWS01200,yorkshire,2026-08-30T23:32:29Z,2026-08-30T23:56:31Z,24,hub,2026-09-17T00:49:00Z,2026-09-17T00:49:00Z,true
yorkshire:YWS01203:1788114908000,yorkshire:YWS01203,yorkshire,2026-08-30T18:35:08Z,2026-08-30T19:35:19Z,60,hub,2026-09-17T00:49:00Z,2026-09-17T00:49:00Z,true
yorkshire:YWS01209:1788122588000,yorkshire:YWS01209,yorkshire,2026-08-30T20:43:08Z,2026-08-30T21:32:57Z,50,hub,2026-09-17T00:49:00Z,2026-09-17T00:49:00Z,true
yorkshire:YWS01211:1788140043000,yorkshire:YWS01211,yorkshire,2026-08-31T01:34:03Z,2026-08-31T03:02:30Z,88,hub,2026-09-17T00:49:00Z,2026-09-17T00:49:00Z,true
yorkshire:YWS01212:1788117205000,yorkshire:YWS01212,yorkshire,2026-08-30T19:13:25Z,2026-08-30T19:44:31Z,31,hub,2026-09-17T00:49:00Z,2026-09-17T00:49:00Z,true
yorkshire:YWS01214:1787893889000,yorkshire:YWS01214,yorkshire,2026-08-28T05:11:29Z,2026-08-28T05:51:32Z,40,hub,2026-09-17T00:49:00Z,2026-09-17T00:49:00Z,true
yorkshire:YWS01221:1787867937000,yorkshire:YWS01221,yorkshire,2026-08-27T21:58:57Z,2026-08-27T22:06:36Z,8,hub,2026-09-17T00:49:00Z,2026-09-17T00:49:00Z,true
yorkshire:YWS01223:1788189695000,yorkshire:YWS01223,yorkshire,2026-08-31T15:21:35Z,2026-08-31T15:27:11Z,6,hub,2026-09-17T00:49:00Z,2026-09-17T00:49:00Z,true
yorkshire:YWS01224:1788141680000,yorkshire:YWS01224,yorkshire,2026-08-31T02:01:20Z,2026-08-31T02:58:46Z,57,hub,2026-09-17T00:49:00Z,2026-09-17T00:49:00Z,true
yorkshire:YWS01231:1788142658000,yorkshire:YWS01231,yorkshire,2026-08-31T02:17:38Z,2026-08-31T03:05:13Z,48,hub,2026-09-17T00:49:00Z,2026-09-17T00:49:00Z,true
yorkshire:YWS01236:1788132991000,yorkshire:YWS01236,yorkshire,2026-08-30T23:36:31Z,2026-08-30T23:44:31Z,8,hub,2026-09-17T00:49:00Z,2026-09-17T00:49:00Z,true
yorkshire:YWS01237:1788123720000,yorkshire:YWS01237,yorkshire,2026-08-30T21:02:00Z,2026-08-30T21:31:00Z,29,hub,2026-09-17T00:49:00Z,2026-09-17T00:49:00Z,true
yorkshire:YWS01242:1788118108000,yorkshire:YWS01242,yorkshire,2026-08-30T19:28:28Z,2026-08-30T21:43:41Z,135,hub,2026-09-17T00:49:00Z,2026-09-17T00:49:00Z,true
yorkshire:YWS01245:1788131960000,yorkshire:YWS01245,yorkshire,2026-08-30T23:19:20Z,2026-08-31T00:21:58Z,63,hub,2026-09-17T00:49:00Z,2026-09-17T00:49:00Z,true
yorkshire:YWS01250:1788149257000,yorkshire:YWS01250,yorkshire,2026-08-31T04:07:37Z,2026-08-31T04:08:52Z,1,hub,2026-09-17T00:49:00Z,2026-09-17T00:49:00Z,true
yorkshire:YWS01251:1788138701000,yorkshire:YWS01251,yorkshire,2026-08-31T01:11:41Z,2026-08-31T02:25:59Z,74,hub,2026-09-17T00:49:00Z,2026-09-17T00:49:00Z,true
yorkshire:YWS01255:1788119280000,yorkshire:YWS01255,yorkshire,2026-08-30T19:48:00Z,2026-08-30T20:31:00Z,43,hub,2026-09-17T00:49:00Z,2026-09-17T00:49:00Z,true
yorkshire:YWS01260:1788137967000,yorkshire:YWS01260,yorkshire,2026-08-31T00:59:27Z,2026-09-01T10:29:14Z,2010,hub,2026-09-17T00:49:00Z,2026-09-17T00:49:00Z,true
yorkshire:YWS01262:1787881940000,yorkshire:YWS01262,yorkshire,2026-08-28T01:52:20Z,2026-08-28T12:06:10Z,614,hub,2026-09-17T00:49:00Z,2026-09-17T00:49:00Z,true
yorkshire:YWS01264:1788132282000,yorkshire:YWS01264,yorkshire,2026-08-30T23:24:42Z,2026-08-30T23:54:20Z,30,hub,2026-09-17T00:49:00Z,2026-09-17T00:49:00Z,true
yorkshire:YWS01266:1788117120000,yorkshire:YWS01266,yorkshire,2026-08-30T19:12:00Z,2026-08-30T20:42:54Z,91,hub,2026-09-17T00:49:00Z,2026-09-17T00:49:00Z,true
yorkshire:YWS01267:1787874995000,yorkshire:YWS01267,yorkshire,2026-08-27T23:56:35Z,2026-08-27T23:56:44Z,0,hub,2026-09-17T00:49:00Z,2026-09-17T00:49:00Z,true
yorkshire:YWS01269:1788131820000,yorkshire:YWS01269,yorkshire,2026-08-30T23:17:00Z,2026-08-30T23:31:00Z,14,hub,2026-09-17T00:49:00Z,2026-09-17T00:49:00Z,true
yorkshire:YWS01270:1788113820000,yorkshire:YWS01270,yorkshire,2026-08-30T18:17:00Z,2026-08-30T19:16:00Z,59,hub,2026-09-17T00:49:00Z,2026-09-17T00:49:00Z,true
yorkshire:YWS01271:1788115620000,yorkshire:YWS01271,yorkshire,2026-08-30T18:47:00Z,2026-08-30T18:58:00Z,11,hub,2026-09-17T00:49:00Z,2026-09-17T00:49:00Z,true
yorkshire:YWS01273:1788133200000,yorkshire:YWS01273,yorkshire,2026-08-30T23:40:00Z,2026-08-31T00:16:00Z,36,hub,2026-09-17T00:49:00Z,2026-09-17T00:49:00Z,true
yorkshire:YWS01274:1788119220000,yorkshire:YWS01274,yorkshire,2026-08-30T19:47:00Z,2026-08-30T20:16:00Z,29,hub,2026-09-17T00:49:00Z,2026-09-17T00:49:00Z,true
yorkshire:YWS01276:1787896020000,yorkshire:YWS01276,yorkshire,2026-08-28T05:47:00Z,2026-08-28T06:16:00Z,29,hub,2026-09-17T00:49:00Z,2026-09-17T00:49:00Z,true
yorkshire:YWS01279:1788131702000,yorkshire:YWS01279,yorkshire,2026-08-30T23:15:02Z,2026-08-30T23:45:33Z,31,hub,2026-09-17T00:49:00Z,2026-09-17T00:49:00Z,true
yorkshire:YWS01285:1788117265000,yorkshire:YWS01285,yorkshire,2026-08-30T19:14:25Z,2026-08-30T19:15:39Z,1,hub,2026-09-17T00:49:00Z,2026-09-17T00:49:00Z,true
yorkshire:YWS01289:1788113732000,yorkshire:YWS01289,yorkshire,2026-08-30T18:15:32Z,2026-08-30T19:13:56Z,58,hub,2026-09-17T00:49:00Z,2026-09-17T00:49:00Z,true
yorkshire:YWS01290:1788128220000,yorkshire:YWS01290,yorkshire,2026-08-30T22:17:00Z,2026-08-30T23:01:00Z,44,hub,2026-09-17T00:49:00Z,2026-09-17T00:49:00Z,true
yorkshire:YWS01292:1787892780000,yorkshire:YWS01292,yorkshire,2026-08-28T04:53:00Z,2026-08-28T05:03:00Z,10,hub,2026-09-17T00:49:00Z,2026-09-17T00:49:00Z,true
yorkshire:YWS01293:1788120219000,yorkshire:YWS01293,yorkshire,2026-08-30T20:03:39Z,2026-08-30T20:05:52Z,2,hub,2026-09-17T00:49:00Z,2026-09-17T00:49:00Z,true
yorkshire:YWS01296:1787892420000,yorkshire:YWS01296,yorkshire,2026-08-28T04:47:00Z,2026-08-28T05:16:00Z,29,hub,2026-09-17T00:49:00Z,2026-09-17T00:49:00Z,true
yorkshire:YWS01297:1788113820000,yorkshire:YWS01297,yorkshire,2026-08-30T18:17:00Z,2026-08-30T18:31:00Z,14,hub,2026-09-17T00:49:00Z,2026-09-17T00:49:00Z,true
yorkshire:YWS01299:1787895780000,yorkshire:YWS01299,yorkshire,2026-08-28T05:43:00Z,2026-08-28T14:20:00Z,517,hub,2026-09-17T00:49:00Z,2026-09-17T00:49:00Z,true
yorkshire:YWS01300:1788054569000,yorkshire:YWS01300,yorkshire,2026-08-30T01:49:29Z,2026-08-30T02:39:20Z,50,hub,2026-09-17T00:49:00Z,2026-09-17T00:49:00Z,true
yorkshire:YWS01301:1787839140000,yorkshire:YWS01301,yorkshire,2026-08-27T13:59:00Z,2026-08-27T14:31:00Z,32,hub,2026-09-17T00:49:00Z,2026-09-17T00:49:00Z,true
yorkshire:YWS01306:1787876220000,yorkshire:YWS01306,yorkshire,2026-08-28T00:17:00Z,2026-08-28T02:01:00Z,104,hub,2026-09-17T00:49:00Z,2026-09-17T00:49:00Z,true
yorkshire:YWS01311:1787184480000,yorkshire:YWS01311,yorkshire,2026-08-20T00:08:00Z,2026-08-20T00:30:00Z,22,hub,2026-09-17T00:49:00Z,2026-09-17T00:49:00Z,true
yorkshire:YWS01312:1788115620000,yorkshire:YWS01312,yorkshire,2026-08-30T18:47:00Z,2026-08-30T19:31:00Z,44,hub,2026-09-17T00:49:00Z,2026-09-17T00:49:00Z,true
yorkshire:YWS01315:1788185677000,yorkshire:YWS01315,yorkshire,2026-08-31T14:14:37Z,2026-08-31T14:32:34Z,18,hub,2026-09-17T00:49:00Z,2026-09-17T00:49:00Z,true
yorkshire:YWS01316:1788134520000,yorkshire:YWS01316,yorkshire,2026-08-31T00:02:00Z,2026-08-31T00:31:00Z,29,hub,2026-09-17T00:49:00Z,2026-09-17T00:49:00Z,true
yorkshire:YWS01318:1788113524000,yorkshire:YWS01318,yorkshire,2026-08-30T18:12:04Z,2026-08-30T18:31:20Z,19,hub,2026-09-17T00:49:00Z,2026-09-17T00:49:00Z,true
yorkshire:YWS01319:1787185912000,yorkshire:YWS01319,yorkshire,2026-08-20T00:31:52Z,2026-08-20T01:28:47Z,57,hub,2026-09-17T00:49:00Z,2026-09-17T00:49:00Z,true
yorkshire:YWS01321:1788113516000,yorkshire:YWS01321,yorkshire,2026-08-30T18:11:56Z,2026-08-30T18:31:36Z,20,hub,2026-09-17T00:49:00Z,2026-09-17T00:49:00Z,true
yorkshire:YWS01322:1787875149000,yorkshire:YWS01322,yorkshire,2026-08-27T23:59:09Z,2026-08-28T01:28:16Z,89,hub,2026-09-17T00:49:00Z,2026-09-17T00:49:00Z,true
yorkshire:YWS01324:1787923316000,yorkshire:YWS01324,yorkshire,2026-08-28T13:21:56Z,2026-08-28T13:32:27Z,11,hub,2026-09-17T00:49:00Z,2026-09-17T00:49:00Z,true
yorkshire:YWS01326:1788145209000,yorkshire:YWS01326,yorkshire,2026-08-31T03:00:09Z,2026-08-31T03:40:59Z,41,hub,2026-09-17T00:49:00Z,2026-09-17T00:49:00Z,true
yorkshire:YWS01329:1788112605000,yorkshire:YWS01329,yorkshire,2026-08-30T17:56:45Z,2026-08-30T18:09:05Z,12,hub,2026-09-17T00:49:00Z,2026-09-17T00:49:00Z,true
yorkshire:YWS01332:1788121943000,yorkshire:YWS01332,yorkshire,2026-08-30T20:32:23Z,2026-08-30T20:37:18Z,5,hub,2026-09-17T00:49:00Z,2026-09-17T00:49:00Z,true
yorkshire:YWS01335:1788134023000,yorkshire:YWS01335,yorkshire,2026-08-30T23:53:43Z,2026-08-31T06:23:59Z,390,hub,2026-09-17T00:49:00Z,2026-09-17T00:49:00Z,true
yorkshire:YWS01338:1788115579000,yorkshire:YWS01338,yorkshire,2026-08-30T18:46:19Z,2026-08-30T19:21:17Z,35,hub,2026-09-17T00:49:00Z,2026-09-17T00:49:00Z,true
yorkshire:YWS01339:1787875512000,yorkshire:YWS01339,yorkshire,2026-08-28T00:05:12Z,2026-08-28T00:42:39Z,37,hub,2026-09-17T00:49:00Z,2026-09-17T00:49:00Z,true
yorkshire:YWS01340:1788115878000,yorkshire:YWS01340,yorkshire,2026-08-30T18:51:18Z,2026-08-30T18:51:19Z,0,hub,2026-09-17T00:49:00Z,2026-09-17T00:49:00Z,true
yorkshire:YWS01341:1788143027000,yorkshire:YWS01341,yorkshire,2026-08-31T02:23:47Z,2026-08-31T03:12:04Z,48,hub,2026-09-17T00:49:00Z,2026-09-17T00:49:00Z,true
yorkshire:YWS01343:1787890760000,yorkshire:YWS01343,yorkshire,2026-08-28T04:19:20Z,2026-08-28T05:02:10Z,43,hub,2026-09-17T00:49:00Z,2026-09-17T00:49:00Z,true
yorkshire:YWS01353:1787823102000,yorkshire:YWS01353,yorkshire,2026-08-27T09:31:42Z,2026-08-27T11:02:25Z,91,hub,2026-09-17T00:49:00Z,2026-09-17T00:49:00Z,true
yorkshire:YWS01355:1787838385000,yorkshire:YWS01355,yorkshire,2026-08-27T13:46:25Z,2026-08-27T14:17:28Z,31,hub,2026-09-17T00:49:00Z,2026-09-17T00:49:00Z,true
yorkshire:YWS01357:1787839360000,yorkshire:YWS01357,yorkshire,2026-08-27T14:02:40Z,2026-08-27T14:20:17Z,18,hub,2026-09-17T00:49:00Z,2026-09-17T00:49:00Z,true
yorkshire:YWS01359:1788135579000,yorkshire:YWS01359,yorkshire,2026-08-31T00:19:39Z,2026-08-31T00:21:26Z,2,hub,2026-09-17T00:49:00Z,2026-09-17T00:49:00Z,true
yorkshire:YWS01361:1787894459000,yorkshire:YWS01361,yorkshire,2026-08-28T05:20:59Z,2026-08-28T05:23:50Z,3,hub,2026-09-17T00:49:00Z,2026-09-17T00:49:00Z,true
yorkshire:YWS01366:1787884139000,yorkshire:YWS01366,yorkshire,2026-08-28T02:28:59Z,2026-08-28T03:20:09Z,51,hub,2026-09-17T00:49:00Z,2026-09-17T00:49:00Z,true
yorkshire:YWS01367:1787940445000,yorkshire:YWS01367,yorkshire,2026-08-28T18:07:25Z,2026-08-28T18:10:45Z,3,hub,2026-09-17T00:49:00Z,2026-09-17T00:49:00Z,true
yorkshire:YWS01369:1787889540000,yorkshire:YWS01369,yorkshire,2026-08-28T03:59:00Z,2026-08-28T06:31:00Z,152,hub,2026-09-17T00:49:00Z,2026-09-17T00:49:00Z,true
yorkshire:YWS01372:1787873917000,yorkshire:YWS01372,yorkshire,2026-08-27T23:38:37Z,2026-08-28T00:25:41Z,47,hub,2026-09-17T00:49:00Z,2026-09-17T00:49:00Z,true
yorkshire:YWS01373:1788142271000,yorkshire:YWS01373,yorkshire,2026-08-31T02:11:11Z,2026-08-31T03:06:51Z,56,hub,2026-09-17T00:49:00Z,2026-09-17T00:49:00Z,true
yorkshire:YWS01374:1788141962000,yorkshire:YWS01374,yorkshire,2026-08-31T02:06:02Z,2026-08-31T02:22:48Z,17,hub,2026-09-17T00:49:00Z,2026-09-17T00:49:00Z,true
yorkshire:YWS01375:1788155141000,yorkshire:YWS01375,yorkshire,2026-08-31T05:45:41Z,2026-08-31T06:19:34Z,34,hub,2026-09-17T00:49:00Z,2026-09-17T00:49:00Z,true
yorkshire:YWS01376:1787936552000,yorkshire:YWS01376,yorkshire,2026-08-28T17:02:32Z,2026-08-28T17:03:42Z,1,hub,2026-09-17T00:49:00Z,2026-09-17T00:49:00Z,true
yorkshire:YWS01378:1788138487000,yorkshire:YWS01378,yorkshire,2026-08-31T01:08:07Z,2026-08-31T04:40:14Z,212,hub,2026-09-17T00:49:00Z,2026-09-17T00:49:00Z,true
yorkshire:YWS01382:1788134520000,yorkshire:YWS01382,yorkshire,2026-08-31T00:02:00Z,2026-08-31T00:32:00Z,30,hub,2026-09-17T00:49:00Z,2026-09-17T00:49:00Z,true
yorkshire:YWS01384:1788134520000,yorkshire:YWS01384,yorkshire,2026-08-31T00:02:00Z,2026-08-31T00:16:00Z,14,hub,2026-09-17T00:49:00Z,2026-09-17T00:49:00Z,true
yorkshire:YWS01390:1788150090000,yorkshire:YWS01390,yorkshire,2026-08-31T04:21:30Z,2026-08-31T04:21:35Z,0,hub,2026-09-17T00:49:00Z,2026-09-17T00:49:00Z,true
yorkshire:YWS01391:1787870820000,yorkshire:YWS01391,yorkshire,2026-08-27T22:47:00Z,2026-08-27T23:31:00Z,44,hub,2026-09-17T00:49:00Z,2026-09-17T00:49:00Z,true
yorkshire:YWS01398:1788130945000,yorkshire:YWS01398,yorkshire,2026-08-30T23:02:25Z,2026-08-30T23:06:29Z,4,hub,2026-09-17T00:49:00Z,2026-09-17T00:49:00Z,true
yorkshire:YWS01407:1787892420000,yorkshire:YWS01407,yorkshire,2026-08-28T04:47:00Z,2026-08-28T05:08:00Z,21,hub,2026-09-17T00:49:00Z,2026-09-17T00:49:00Z,true
yorkshire:YWS01408:1787892540000,yorkshire:YWS01408,yorkshire,2026-08-28T04:49:00Z,2026-08-28T05:02:00Z,13,hub,2026-09-17T00:49:00Z,2026-09-17T00:49:00Z,true
yorkshire:YWS01412:1787891880000,yorkshire:YWS01412,yorkshire,2026-08-28T04:38:00Z,2026-08-28T07:46:00Z,188,hub,2026-09-17T00:49:00Z,2026-09-17T00:49:00Z,true
yorkshire:YWS01419:1787897432000,yorkshire:YWS01419,yorkshire,2026-08-28T06:10:32Z,2026-08-28T06:10:41Z,0,hub,2026-09-17T00:49:00Z,2026-09-17T00:49:00Z,true
yorkshire:YWS01426:1788110857000,yorkshire:YWS01426,yorkshire,2026-08-30T17:27:37Z,2026-08-30T17:34:46Z,7,hub,2026-09-17T00:49:00Z,2026-09-17T00:49:00Z,true
yorkshire:YWS01431:1788140191000,yorkshire:YWS01431,yorkshire,2026-08-31T01:36:31Z,2026-08-31T03:54:46Z,138,hub,2026-09-17T00:49:00Z,2026-09-17T00:49:00Z,true
yorkshire:YWS01434:1788141276000,yorkshire:YWS01434,yorkshire,2026-08-31T01:54:36Z,2026-08-31T01:58:30Z,4,hub,2026-09-17T00:49:00Z,2026-09-17T00:49:00Z,true
yorkshire:YWS01435:1788139944000,yorkshire:YWS01435,yorkshire,2026-08-31T01:32:24Z,2026-08-31T02:49:24Z,77,hub,2026-09-17T00:49:00Z,2026-09-17T00:49:00Z,true
yorkshire:YWS01437:1788142472000,yorkshire:YWS01437,yorkshire,2026-08-31T02:14:32Z,2026-08-31T02:15:41Z,1,hub,2026-09-17T00:49:00Z,2026-09-17T00:49:00Z,true
yorkshire:YWS01438:1788131604000,yorkshire:YWS01438,yorkshire,2026-08-30T23:13:24Z,2026-08-31T09:34:06Z,621,hub,2026-09-17T00:49:00Z,2026-09-17T00:49:00Z,true
yorkshire:YWS01439:1788140182000,yorkshire:YWS01439,yorkshire,2026-08-31T01:36:22Z,2026-08-31T01:36:41Z,0,hub,2026-09-17T00:49:00Z,2026-09-17T00:49:00Z,true
yorkshire:YWS01447:1788130371000,yorkshire:YWS01447,yorkshire,2026-08-30T22:52:51Z,2026-08-30T22:53:40Z,1,hub,2026-09-17T00:49:00Z,2026-09-17T00:49:00Z,true
yorkshire:YWS01449:1787881099000,yorkshire:YWS01449,yorkshire,2026-08-28T01:38:19Z,2026-08-28T02:23:16Z,45,hub,2026-09-17T00:49:00Z,2026-09-17T00:49:00Z,true
yorkshire:YWS01452:1788150075000,yorkshire:YWS01452,yorkshire,2026-08-31T04:21:15Z,2026-08-31T04:25:10Z,4,hub,2026-09-17T00:49:00Z,2026-09-17T00:49:00Z,true
yorkshire:YWS01454:1787897218000,yorkshire:YWS01454,yorkshire,2026-08-28T06:06:58Z,2026-08-28T06:10:12Z,3,hub,2026-09-17T00:49:00Z,2026-09-17T00:49:00Z,true
yorkshire:YWS01459:1788133620000,yorkshire:YWS01459,yorkshire,2026-08-30T23:47:00Z,2026-08-31T00:01:00Z,14,hub,2026-09-17T00:49:00Z,2026-09-17T00:49:00Z,true
yorkshire:YWS01460:1787893500000,yorkshire:YWS01460,yorkshire,2026-08-28T05:05:00Z,2026-08-28T05:35:00Z,30,hub,2026-09-17T00:49:00Z,2026-09-17T00:49:00Z,true
yorkshire:YWS01461:1787394600000,yorkshire:YWS01461,yorkshire,2026-08-22T10:30:00Z,2026-08-22T10:45:00Z,15,hub,2026-09-17T00:49:00Z,2026-09-17T00:49:00Z,true
yorkshire:YWS01463:1788131493000,yorkshire:YWS01463,yorkshire,2026-08-30T23:11:33Z,2026-08-30T23:54:28Z,43,hub,2026-09-17T00:49:00Z,2026-09-17T00:49:00Z,true
yorkshire:YWS01464:1788132021000,yorkshire:YWS01464,yorkshire,2026-08-30T23:20:21Z,2026-08-30T23:50:24Z,30,hub,2026-09-17T00:49:00Z,2026-09-17T00:49:00Z,true
yorkshire:YWS01465:1787875294000,yorkshire:YWS01465,yorkshire,2026-08-28T00:01:34Z,2026-08-28T01:37:13Z,96,hub,2026-09-17T00:49:00Z,2026-09-17T00:49:00Z,true
yorkshire:YWS01466:1788132095000,yorkshire:YWS01466,yorkshire,2026-08-30T23:21:35Z,2026-08-30T23:38:11Z,17,hub,2026-09-17T00:49:00Z,2026-09-17T00:49:00Z,true
yorkshire:YWS01468:1788113046000,yorkshire:YWS01468,yorkshire,2026-08-30T18:04:06Z,2026-08-30T19:06:54Z,63,hub,2026-09-17T00:49:00Z,2026-09-17T00:49:00Z,true
yorkshire:YWS01472:1787892600000,yorkshire:YWS01472,yorkshire,2026-08-28T04:50:00Z,2026-08-28T05:46:00Z,56,hub,2026-09-17T00:49:00Z,2026-09-17T00:49:00Z,true
yorkshire:YWS01474:1788128896000,yorkshire:YWS01474,yorkshire,2026-08-30T22:28:16Z,2026-08-31T07:19:06Z,531,hub,2026-09-17T00:49:00Z,2026-09-17T00:49:00Z,true
yorkshire:YWS01475:1787874705000,yorkshire:YWS01475,yorkshire,2026-08-27T23:51:45Z,2026-08-28T00:09:06Z,17,hub,2026-09-17T00:49:00Z,2026-09-17T00:49:00Z,true
yorkshire:YWS01477:1788179817000,yorkshire:YWS01477,yorkshire,2026-08-31T12:36:57Z,2026-08-31T12:52:12Z,15,hub,2026-09-17T00:49:00Z,2026-09-17T00:49:00Z,true
yorkshire:YWS01478:1787880263000,yorkshire:YWS01478,yorkshire,2026-08-28T01:24:23Z,2026-08-28T02:44:42Z,80,hub,2026-09-17T00:49:00Z,2026-09-17T00:49:00Z,true
yorkshire:YWS01482:1788194974000,yorkshire:YWS01482,yorkshire,2026-08-31T16:49:34Z,2026-08-31T16:52:36Z,3,hub,2026-09-17T00:49:00Z,2026-09-17T00:49:00Z,true
yorkshire:YWS01483:1788185537000,yorkshire:YWS01483,yorkshire,2026-08-31T14:12:17Z,2026-08-31T14:24:17Z,12,hub,2026-09-17T00:49:00Z,2026-09-17T00:49:00Z,true
yorkshire:YWS01484:1787895044000,yorkshire:YWS01484,yorkshire,2026-08-28T05:30:44Z,2026-08-28T06:18:34Z,48,hub,2026-09-17T00:49:00Z,2026-09-17T00:49:00Z,true
yorkshire:YWS01485:1787875320000,yorkshire:YWS01485,yorkshire,2026-08-28T00:02:00Z,2026-08-28T02:16:00Z,134,hub,2026-09-17T00:49:00Z,2026-09-17T00:49:00Z,true
yorkshire:YWS01487:1787881159000,yorkshire:YWS01487,yorkshire,2026-08-28T01:39:19Z,2026-08-28T02:06:41Z,27,hub,2026-09-17T00:49:00Z,2026-09-17T00:49:00Z,true
yorkshire:YWS01489:1788147476000,yorkshire:YWS01489,yorkshire,2026-08-31T03:37:56Z,2026-08-31T03:42:55Z,5,hub,2026-09-17T00:49:00Z,2026-09-17T00:49:00Z,true
yorkshire:YWS01492:1787840428000,yorkshire:YWS01492,yorkshire,2026-08-27T14:20:28Z,2026-08-27T15:00:43Z,40,hub,2026-09-17T00:49:00Z,2026-09-17T00:49:00Z,true
yorkshire:YWS01494:1787884295000,yorkshire:YWS01494,yorkshire,2026-08-28T02:31:35Z,2026-08-28T02:58:51Z,27,hub,2026-09-17T00:49:00Z,2026-09-17T00:49:00Z,true
yorkshire:YWS01495:1787897821000,yorkshire:YWS01495,yorkshire,2026-08-28T06:17:01Z,2026-08-28T06:20:40Z,4,hub,2026-09-17T00:49:00Z,2026-09-17T00:49:00Z,true
yorkshire:YWS01496:1787891306000,yorkshire:YWS01496,yorkshire,2026-08-28T04:28:26Z,2026-08-28T05:13:34Z,45,hub,2026-09-17T00:49:00Z,2026-09-17T00:49:00Z,true
yorkshire:YWS01498:1788183193000,yorkshire:YWS01498,yorkshire,2026-08-31T13:33:13Z,2026-08-31T15:27:13Z,114,hub,2026-09-17T00:49:00Z,2026-09-17T00:49:00Z,true
yorkshire:YWS01500:1787899072000,yorkshire:YWS01500,yorkshire,2026-08-28T06:37:52Z,2026-08-28T06:40:07Z,2,hub,2026-09-17T00:49:00Z,2026-09-17T00:49:00Z,true
yorkshire:YWS01501:1787874420000,yorkshire:YWS01501,yorkshire,2026-08-27T23:47:00Z,2026-08-28T00:01:00Z,14,hub,2026-09-17T00:49:00Z,2026-09-17T00:49:00Z,true
yorkshire:YWS01505:1788132780000,yorkshire:YWS01505,yorkshire,2026-08-30T23:33:00Z,2026-08-30T23:46:00Z,13,hub,2026-09-17T00:49:00Z,2026-09-17T00:49:00Z,true
yorkshire:YWS01507:1787890620000,yorkshire:YWS01507,yorkshire,2026-08-28T04:17:00Z,2026-08-28T06:16:00Z,119,hub,2026-09-17T00:49:00Z,2026-09-17T00:49:00Z,true
yorkshire:YWS01508:1788131333000,yorkshire:YWS01508,yorkshire,2026-08-30T23:08:53Z,2026-08-30T23:55:02Z,46,hub,2026-09-17T00:49:00Z,2026-09-17T00:49:00Z,true
yorkshire:YWS01509:1787890980000,yorkshire:YWS01509,yorkshire,2026-08-28T04:23:00Z,2026-08-28T06:01:00Z,98,hub,2026-09-17T00:49:00Z,2026-09-17T00:49:00Z,true
yorkshire:YWS01515:1787926260000,yorkshire:YWS01515,yorkshire,2026-08-28T14:11:00Z,2026-08-28T14:22:00Z,11,hub,2026-09-17T00:49:00Z,2026-09-17T00:49:00Z,true
yorkshire:YWS01516:1788112800000,yorkshire:YWS01516,yorkshire,2026-08-30T18:00:00Z,2026-08-30T18:18:00Z,18,hub,2026-09-17T00:49:00Z,2026-09-17T00:49:00Z,true
yorkshire:YWS01517:1787892540000,yorkshire:YWS01517,yorkshire,2026-08-28T04:49:00Z,2026-08-28T06:01:00Z,72,hub,2026-09-17T00:49:00Z,2026-09-17T00:49:00Z,true
yorkshire:YWS01523:1787867250000,yorkshire:YWS01523,yorkshire,2026-08-27T21:47:30Z,2026-08-27T22:17:48Z,30,hub,2026-09-17T00:49:00Z,2026-09-17T00:49:00Z,true
yorkshire:YWS01525:1787308680000,yorkshire:YWS01525,yorkshire,2026-08-21T10:38:00Z,2026-08-21T17:16:00Z,398,hub,2026-09-17T00:49:00Z,2026-09-17T00:49:00Z,true
yorkshire:YWS01528:1788150831000,yorkshire:YWS01528,yorkshire,2026-08-31T04:33:51Z,2026-08-31T04:34:53Z,1,hub,2026-09-17T00:49:00Z,2026-09-17T00:49:00Z,true
yorkshire:YWS01534:1787870169000,yorkshire:YWS01534,yorkshire,2026-08-27T22:36:09Z,2026-08-28T01:14:09Z,158,hub,2026-09-17T00:49:00Z,2026-09-17T00:49:00Z,true
yorkshire:YWS01540:1787877300000,yorkshire:YWS01540,yorkshire,2026-08-28T00:35:00Z,2026-08-28T14:28:00Z,833,hub,2026-09-17T00:49:00Z,2026-09-17T00:49:00Z,true
yorkshire:YWS01541:1788128435000,yorkshire:YWS01541,yorkshire,2026-08-30T22:20:35Z,2026-08-30T23:11:51Z,51,hub,2026-09-17T00:49:00Z,2026-09-17T00:49:00Z,true
yorkshire:YWS01542:1787873724000,yorkshire:YWS01542,yorkshire,2026-08-27T23:35:24Z,2026-08-28T00:28:59Z,54,hub,2026-09-17T00:49:00Z,2026-09-17T00:49:00Z,true
yorkshire:YWS01543:1787893320000,yorkshire:YWS01543,yorkshire,2026-08-28T05:02:00Z,2026-08-28T05:31:00Z,29,hub,2026-09-17T00:49:00Z,2026-09-17T00:49:00Z,true
yorkshire:YWS01545:1787904180000,yorkshire:YWS01545,yorkshire,2026-08-28T08:03:00Z,2026-08-28T08:32:00Z,29,hub,2026-09-17T00:49:00Z,2026-09-17T00:49:00Z,true
yorkshire:YWS01547:1788113170000,yorkshire:YWS01547,yorkshire,2026-08-30T18:06:10Z,2026-08-30T18:23:01Z,17,hub,2026-09-17T00:49:00Z,2026-09-17T00:49:00Z,true
yorkshire:YWS01548:1788112920000,yorkshire:YWS01548,yorkshire,2026-08-30T18:02:00Z,2026-08-30T18:16:00Z,14,hub,2026-09-17T00:49:00Z,2026-09-17T00:49:00Z,true
yorkshire:YWS01550:1788128220000,yorkshire:YWS01550,yorkshire,2026-08-30T22:17:00Z,2026-08-30T22:31:00Z,14,hub,2026-09-17T00:49:00Z,2026-09-17T00:49:00Z,true
yorkshire:YWS01551:1788131820000,yorkshire:YWS01551,yorkshire,2026-08-30T23:17:00Z,2026-08-30T23:31:00Z,14,hub,2026-09-17T00:49:00Z,2026-09-17T00:49:00Z,true
yorkshire:YWS01552:1788129569000,yorkshire:YWS01552,yorkshire,2026-08-30T22:39:29Z,2026-08-30T23:07:11Z,28,hub,2026-09-17T00:49:00Z,2026-09-17T00:49:00Z,true
yorkshire:YWS01553:1788154926000,yorkshire:YWS01553,yorkshire,2026-08-31T05:42:06Z,2026-08-31T06:32:57Z,51,hub,2026-09-17T00:49:00Z,2026-09-17T00:49:00Z,true
yorkshire:YWS01554:1787838586000,yorkshire:YWS01554,yorkshire,2026-08-27T13:49:46Z,2026-08-27T14:13:17Z,24,hub,2026-09-17T00:49:00Z,2026-09-17T00:49:00Z,true
yorkshire:YWS01555:1787893500000,yorkshire:YWS01555,yorkshire,2026-08-28T05:05:00Z,2026-08-28T05:31:00Z,26,hub,2026-09-17T00:49:00Z,2026-09-17T00:49:00Z,true
yorkshire:YWS01557:1786447437000,yorkshire:YWS01557,yorkshire,2026-08-11T11:23:57Z,2026-08-11T12:05:15Z,41,hub,2026-09-17T00:49:00Z,2026-09-17T00:49:00Z,true
yorkshire:YWS01563:1788114217000,yorkshire:YWS01563,yorkshire,2026-08-30T18:23:37Z,2026-08-30T18:42:03Z,18,hub,2026-09-17T00:49:00Z,2026-09-17T00:49:00Z,true
yorkshire:YWS01570:1787875015000,yorkshire:YWS01570,yorkshire,2026-08-27T23:56:55Z,2026-08-28T00:26:50Z,30,hub,2026-09-17T00:49:00Z,2026-09-17T00:49:00Z,true
yorkshire:YWS01571:1787875771000,yorkshire:YWS01571,yorkshire,2026-08-28T00:09:31Z,2026-08-28T00:12:46Z,3,hub,2026-09-17T00:49:00Z,2026-09-17T00:49:00Z,true
yorkshire:YWS01574:1788113577000,yorkshire:YWS01574,yorkshire,2026-08-30T18:12:57Z,2026-08-30T18:14:06Z,1,hub,2026-09-17T00:49:00Z,2026-09-17T00:49:00Z,true
yorkshire:YWS01583:1788113447000,yorkshire:YWS01583,yorkshire,2026-08-30T18:10:47Z,2026-08-30T18:19:41Z,9,hub,2026-09-17T00:49:00Z,2026-09-17T00:49:00Z,true
yorkshire:YWS01585:1788112290000,yorkshire:YWS01585,yorkshire,2026-08-30T17:51:30Z,2026-08-30T18:08:22Z,17,hub,2026-09-17T00:49:00Z,2026-09-17T00:49:00Z,true
yorkshire:YWS01591:1788112958000,yorkshire:YWS01591,yorkshire,2026-08-30T18:02:38Z,2026-08-30T18:18:03Z,15,hub,2026-09-17T00:49:00Z,2026-09-17T00:49:00Z,true
yorkshire:YWS01592:1788130020000,yorkshire:YWS01592,yorkshire,2026-08-30T22:47:00Z,2026-08-30T23:31:00Z,44,hub,2026-09-17T00:49:00Z,2026-09-17T00:49:00Z,true
yorkshire:YWS01610:1787146314000,yorkshire:YWS01610,yorkshire,2026-08-19T13:31:54Z,2026-08-19T13:32:00Z,0,hub,2026-09-17T00:49:00Z,2026-09-17T00:49:00Z,true
yorkshire:YWS01614:1788112507000,yorkshire:YWS01614,yorkshire,2026-08-30T17:55:07Z,2026-08-30T19:15:26Z,80,hub,2026-09-17T00:49:00Z,2026-09-17T00:49:00Z,true
yorkshire:YWS01615:1788184499000,yorkshire:YWS01615,yorkshire,2026-08-31T13:54:59Z,2026-08-31T21:21:42Z,447,hub,2026-09-17T00:49:00Z,2026-09-17T00:49:00Z,true
yorkshire:YWS01617:1788128552000,yorkshire:YWS01617,yorkshire,2026-08-30T22:22:32Z,2026-08-31T00:22:15Z,120,hub,2026-09-17T00:49:00Z,2026-09-17T00:49:00Z,true
yorkshire:YWS01619:1787876555000,yorkshire:YWS01619,yorkshire,2026-08-28T00:22:35Z,2026-08-28T00:36:05Z,14,hub,2026-09-17T00:49:00Z,2026-09-17T00:49:00Z,true
yorkshire:YWS01621:1788130686000,yorkshire:YWS01621,yorkshire,2026-08-30T22:58:06Z,2026-08-30T23:02:46Z,5,hub,2026-09-17T00:49:00Z,2026-09-17T00:49:00Z,true
yorkshire:YWS01622:1787870109000,yorkshire:YWS01622,yorkshire,2026-08-27T22:35:09Z,2026-08-27T23:23:58Z,49,hub,2026-09-17T00:49:00Z,2026-09-17T00:49:00Z,true
yorkshire:YWS01623:1788133246000,yorkshire:YWS01623,yorkshire,2026-08-30T23:40:46Z,2026-08-30T23:45:35Z,5,hub,2026-09-17T00:49:00Z,2026-09-17T00:49:00Z,true
yorkshire:YWS01624:1788133245000,yorkshire:YWS01624,yorkshire,2026-08-30T23:40:45Z,2026-08-31T00:59:18Z,79,hub,2026-09-17T00:49:00Z,2026-09-17T00:49:00Z,true
yorkshire:YWS01625:1787875662000,yorkshire:YWS01625,yorkshire,2026-08-28T00:07:42Z,2026-08-28T00:36:39Z,29,hub,2026-09-17T00:49:00Z,2026-09-17T00:49:00Z,true
yorkshire:YWS01626:1788130920000,yorkshire:YWS01626,yorkshire,2026-08-30T23:02:00Z,2026-08-30T23:31:00Z,29,hub,2026-09-17T00:49:00Z,2026-09-17T00:49:00Z,true
yorkshire:YWS01628:1788131050000,yorkshire:YWS01628,yorkshire,2026-08-30T23:04:10Z,2026-08-30T23:10:39Z,6,hub,2026-09-17T00:49:00Z,2026-09-17T00:49:00Z,true
yorkshire:YWS01630:1787831520000,yorkshire:YWS01630,yorkshire,2026-08-27T11:52:00Z,2026-08-27T12:04:00Z,12,hub,2026-09-17T00:49:00Z,2026-09-17T00:49:00Z,true
yorkshire:YWS01632:1787873143000,yorkshire:YWS01632,yorkshire,2026-08-27T23:25:43Z,2026-08-27T23:26:27Z,1,hub,2026-09-17T00:49:00Z,2026-09-17T00:49:00Z,true
yorkshire:YWS01634:1787712240000,yorkshire:YWS01634,yorkshire,2026-08-26T02:44:00Z,2026-08-27T06:38:00Z,1674,hub,2026-09-17T00:49:00Z,2026-09-17T00:49:00Z,true
yorkshire:YWS01635:1788128897000,yorkshire:YWS01635,yorkshire,2026-08-30T22:28:17Z,2026-08-30T23:34:52Z,67,hub,2026-09-17T00:49:00Z,2026-09-17T00:49:00Z,true
yorkshire:YWS01639:1788131311000,yorkshire:YWS01639,yorkshire,2026-08-30T23:08:31Z,2026-08-30T23:21:06Z,13,hub,2026-09-17T00:49:00Z,2026-09-17T00:49:00Z,true
yorkshire:YWS01640:1787895120000,yorkshire:YWS01640,yorkshire,2026-08-28T05:32:00Z,2026-08-28T05:46:00Z,14,hub,2026-09-17T00:49:00Z,2026-09-17T00:49:00Z,true
yorkshire:YWS01641:1788111120000,yorkshire:YWS01641,yorkshire,2026-08-30T17:32:00Z,2026-08-30T17:46:00Z,14,hub,2026-09-17T00:49:00Z,2026-09-17T00:49:00Z,true
yorkshire:YWS01643:1788131429000,yorkshire:YWS01643,yorkshire,2026-08-30T23:10:29Z,2026-08-30T23:14:58Z,4,hub,2026-09-17T00:49:00Z,2026-09-17T00:49:00Z,true
yorkshire:YWS01644:1788112648000,yorkshire:YWS01644,yorkshire,2026-08-30T17:57:28Z,2026-08-30T18:28:35Z,31,hub,2026-09-17T00:49:00Z,2026-09-17T00:49:00Z,true
yorkshire:YWS01647:1788131109000,yorkshire:YWS01647,yorkshire,2026-08-30T23:05:09Z,2026-08-30T23:12:14Z,7,hub,2026-09-17T00:49:00Z,2026-09-17T00:49:00Z,true
yorkshire:YWS01648:1788131041000,yorkshire:YWS01648,yorkshire,2026-08-30T23:04:01Z,2026-08-30T23:15:41Z,12,hub,2026-09-17T00:49:00Z,2026-09-17T00:49:00Z,true
yorkshire:YWS01652:1787208420000,yorkshire:YWS01652,yorkshire,2026-08-20T06:47:00Z,2026-08-20T07:16:00Z,29,hub,2026-09-17T00:49:00Z,2026-09-17T00:49:00Z,true
yorkshire:YWS01664:1788178186000,yorkshire:YWS01664,yorkshire,2026-08-31T12:09:46Z,2026-08-31T12:11:25Z,2,hub,2026-09-17T00:49:00Z,2026-09-17T00:49:00Z,true
yorkshire:YWS01666:1787889681000,yorkshire:YWS01666,yorkshire,2026-08-28T04:01:21Z,2026-08-28T04:59:30Z,58,hub,2026-09-17T00:49:00Z,2026-09-17T00:49:00Z,true
yorkshire:YWS01671:1788112920000,yorkshire:YWS01671,yorkshire,2026-08-30T18:02:00Z,2026-08-30T18:16:00Z,14,hub,2026-09-17T00:49:00Z,2026-09-17T00:49:00Z,true
yorkshire:YWS01672:1788129186000,yorkshire:YWS01672,yorkshire,2026-08-30T22:33:06Z,2026-08-31T01:10:48Z,158,hub,2026-09-17T00:49:00Z,2026-09-17T00:49:00Z,true
yorkshire:YWS01673:1788127772000,yorkshire:YWS01673,yorkshire,2026-08-30T22:09:32Z,2026-08-30T22:10:56Z,1,hub,2026-09-17T00:49:00Z,2026-09-17T00:49:00Z,true
yorkshire:YWS01680:1787869920000,yorkshire:YWS01680,yorkshire,2026-08-27T22:32:00Z,2026-08-27T23:16:00Z,44,hub,2026-09-17T00:49:00Z,2026-09-17T00:49:00Z,true
yorkshire:YWS01681:1787874420000,yorkshire:YWS01681,yorkshire,2026-08-27T23:47:00Z,2026-08-28T00:31:00Z,44,hub,2026-09-17T00:49:00Z,2026-09-17T00:49:00Z,true
yorkshire:YWS01683:1788126420000,yorkshire:YWS01683,yorkshire,2026-08-30T21:47:00Z,2026-08-30T22:31:00Z,44,hub,2026-09-17T00:49:00Z,2026-09-17T00:49:00Z,true
yorkshire:YWS01684:1787875320000,yorkshire:YWS01684,yorkshire,2026-08-28T00:02:00Z,2026-08-28T00:16:00Z,14,hub,2026-09-17T00:49:00Z,2026-09-17T00:49:00Z,true
yorkshire:YWS01686:1787875320000,yorkshire:YWS01686,yorkshire,2026-08-28T00:02:00Z,2026-08-28T00:31:00Z,29,hub,2026-09-17T00:49:00Z,2026-09-17T00:49:00Z,true
yorkshire:YWS01689:1788112182000,yorkshire:YWS01689,yorkshire,2026-08-30T17:49:42Z,2026-08-30T17:50:31Z,1,hub,2026-09-17T00:49:00Z,2026-09-17T00:49:00Z,true
yorkshire:YWS01693:1787869891000,yorkshire:YWS01693,yorkshire,2026-08-27T22:31:31Z,2026-08-27T22:42:29Z,11,hub,2026-09-17T00:49:00Z,2026-09-17T00:49:00Z,true
yorkshire:YWS01694:1787875879000,yorkshire:YWS01694,yorkshire,2026-08-28T00:11:19Z,2026-08-28T02:29:01Z,138,hub,2026-09-17T00:49:00Z,2026-09-17T00:49:00Z,true
yorkshire:YWS01695:1788132043000,yorkshire:YWS01695,yorkshire,2026-08-30T23:20:43Z,2026-08-31T00:18:24Z,58,hub,2026-09-17T00:49:00Z,2026-09-17T00:49:00Z,true
yorkshire:YWS01696:1788112920000,yorkshire:YWS01696,yorkshire,2026-08-30T18:02:00Z,2026-08-30T18:16:00Z,14,hub,2026-09-17T00:49:00Z,2026-09-17T00:49:00Z,true
yorkshire:YWS01701:1788120000000,yorkshire:YWS01701,yorkshire,2026-08-30T20:00:00Z,2026-08-30T20:01:00Z,1,hub,2026-09-17T00:49:00Z,2026-09-17T00:49:00Z,true
yorkshire:YWS01706:1787329717000,yorkshire:YWS01706,yorkshire,2026-08-21T16:28:37Z,2026-08-21T16:30:00Z,1,hub,2026-09-17T00:49:00Z,2026-09-17T00:49:00Z,true
yorkshire:YWS01711:1787894259000,yorkshire:YWS01711,yorkshire,2026-08-28T05:17:39Z,2026-08-28T05:34:34Z,17,hub,2026-09-17T00:49:00Z,2026-09-17T00:49:00Z,true
yorkshire:YWS01714:1788113520000,yorkshire:YWS01714,yorkshire,2026-08-30T18:12:00Z,2026-08-30T18:46:00Z,34,hub,2026-09-17T00:49:00Z,2026-09-17T00:49:00Z,true
yorkshire:YWS01716:1787922155000,yorkshire:YWS01716,yorkshire,2026-08-28T13:02:35Z,2026-08-28T13:02:59Z,0,hub,2026-09-17T00:49:00Z,2026-09-17T00:49:00Z,true
yorkshire:YWS01717:1787893860000,yorkshire:YWS01717,yorkshire,2026-08-28T05:11:00Z,2026-08-28T05:45:00Z,34,hub,2026-09-17T00:49:00Z,2026-09-17T00:49:00Z,true
yorkshire:YWS01722:1788186938000,yorkshire:YWS01722,yorkshire,2026-08-31T14:35:38Z,2026-08-31T14:51:18Z,16,hub,2026-09-17T00:49:00Z,2026-09-17T00:49:00Z,true
yorkshire:YWS01723:1787878020000,yorkshire:YWS01723,yorkshire,2026-08-28T00:47:00Z,2026-08-28T02:46:00Z,119,hub,2026-09-17T00:49:00Z,2026-09-17T00:49:00Z,true
yorkshire:YWS01725:1786207680000,yorkshire:YWS01725,yorkshire,2026-08-08T16:48:00Z,2026-08-08T17:01:00Z,13,hub,2026-09-17T00:49:00Z,2026-09-17T00:49:00Z,true
yorkshire:YWS01730:1788016665000,yorkshire:YWS01730,yorkshire,2026-08-29T15:17:45Z,2026-08-29T16:24:42Z,67,hub,2026-09-17T00:49:00Z,2026-09-17T00:49:00Z,true
yorkshire:YWS01732:1787925346000,yorkshire:YWS01732,yorkshire,2026-08-28T13:55:46Z,2026-08-28T14:22:13Z,26,hub,2026-09-17T00:49:00Z,2026-09-17T00:49:00Z,true
yorkshire:YWS01733:1788149570000,yorkshire:YWS01733,yorkshire,2026-08-31T04:12:50Z,2026-08-31T04:13:34Z,1,hub,2026-09-17T00:49:00Z,2026-09-17T00:49:00Z,true
yorkshire:YWS01735:1787903088000,yorkshire:YWS01735,yorkshire,2026-08-28T07:44:48Z,2026-08-28T07:46:05Z,1,hub,2026-09-17T00:49:00Z,2026-09-17T00:49:00Z,true
yorkshire:YWS01737:1787875052000,yorkshire:YWS01737,yorkshire,2026-08-27T23:57:32Z,2026-08-28T00:18:52Z,21,hub,2026-09-17T00:49:00Z,2026-09-17T00:49:00Z,true
yorkshire:YWS01741:1788128458000,yorkshire:YWS01741,yorkshire,2026-08-30T22:20:58Z,2026-08-30T22:50:09Z,29,hub,2026-09-17T00:49:00Z,2026-09-17T00:49:00Z,true
yorkshire:YWS01743:1788125121000,yorkshire:YWS01743,yorkshire,2026-08-30T21:25:21Z,2026-08-30T21:25:55Z,1,hub,2026-09-17T00:49:00Z,2026-09-17T00:49:00Z,true
yorkshire:YWS01755:1788152106000,yorkshire:YWS01755,yorkshire,2026-08-31T04:55:06Z,2026-08-31T04:57:30Z,2,hub,2026-09-17T00:49:00Z,2026-09-17T00:49:00Z,true
yorkshire:YWS01759:1787890260000,yorkshire:YWS01759,yorkshire,2026-08-28T04:11:00Z,2026-08-28T04:22:00Z,11,hub,2026-09-17T00:49:00Z,2026-09-17T00:49:00Z,true
yorkshire:YWS01760:1788152220000,yorkshire:YWS01760,yorkshire,2026-08-31T04:57:00Z,2026-08-31T05:00:25Z,3,hub,2026-09-17T00:49:00Z,2026-09-17T00:49:00Z,true
yorkshire:YWS01762:1788111485000,yorkshire:YWS01762,yorkshire,2026-08-30T17:38:05Z,2026-08-30T18:01:46Z,24,hub,2026-09-17T00:49:00Z,2026-09-17T00:49:00Z,true
yorkshire:YWS01766:1788111900000,yorkshire:YWS01766,yorkshire,2026-08-30T17:45:00Z,2026-08-30T17:55:00Z,10,hub,2026-09-17T00:49:00Z,2026-09-17T00:49:00Z,true
yorkshire:YWS01772:1787832323000,yorkshire:YWS01772,yorkshire,2026-08-27T12:05:23Z,2026-08-27T12:08:03Z,3,hub,2026-09-17T00:49:00Z,2026-09-17T00:49:00Z,true
yorkshire:YWS01776:1788110984000,yorkshire:YWS01776,yorkshire,2026-08-30T17:29:44Z,2026-08-30T17:34:08Z,4,hub,2026-09-17T00:49:00Z,2026-09-17T00:49:00Z,true
yorkshire:YWS01779:1787891153000,yorkshire:YWS01779,yorkshire,2026-08-28T04:25:53Z,2026-08-28T06:08:06Z,102,hub,2026-09-17T00:49:00Z,2026-09-17T00:49:00Z,true
yorkshire:YWS01782:1787872142000,yorkshire:YWS01782,yorkshire,2026-08-27T23:09:02Z,2026-08-28T01:25:09Z,136,hub,2026-09-17T00:49:00Z,2026-09-17T00:49:00Z,true
yorkshire:YWS01783:1787892270000,yorkshire:YWS01783,yorkshire,2026-08-28T04:44:30Z,2026-08-28T05:35:44Z,51,hub,2026-09-17T00:49:00Z,2026-09-17T00:49:00Z,true
yorkshire:YWS01786:1787875281000,yorkshire:YWS01786,yorkshire,2026-08-28T00:01:21Z,2026-08-28T00:20:22Z,19,hub,2026-09-17T00:49:00Z,2026-09-17T00:49:00Z,true
yorkshire:YWS01791:1787892420000,yorkshire:YWS01791,yorkshire,2026-08-28T04:47:00Z,2026-08-28T05:01:00Z,14,hub,2026-09-17T00:49:00Z,2026-09-17T00:49:00Z,true
yorkshire:YWS01792:1788132035000,yorkshire:YWS01792,yorkshire,2026-08-30T23:20:35Z,2026-08-30T23:23:34Z,3,hub,2026-09-17T00:49:00Z,2026-09-17T00:49:00Z,true
yorkshire:YWS01794:1788132861000,yorkshire:YWS01794,yorkshire,2026-08-30T23:34:21Z,2026-08-30T23:40:11Z,6,hub,2026-09-17T00:49:00Z,2026-09-17T00:49:00Z,true
yorkshire:YWS01796:1788112924000,yorkshire:YWS01796,yorkshire,2026-08-30T18:02:04Z,2026-08-30T18:11:44Z,10,hub,2026-09-17T00:49:00Z,2026-09-17T00:49:00Z,true
yorkshire:YWS01799:1787870116000,yorkshire:YWS01799,yorkshire,2026-08-27T22:35:16Z,2026-08-27T23:09:28Z,34,hub,2026-09-17T00:49:00Z,2026-09-17T00:49:00Z,true
yorkshire:YWS01806:1787893320000,yorkshire:YWS01806,yorkshire,2026-08-28T05:02:00Z,2026-08-28T05:16:00Z,14,hub,2026-09-17T00:49:00Z,2026-09-17T00:49:00Z,true
yorkshire:YWS01807:1788111900000,yorkshire:YWS01807,yorkshire,2026-08-30T17:45:00Z,2026-08-30T17:46:00Z,1,hub,2026-09-17T00:49:00Z,2026-09-17T00:49:00Z,true
yorkshire:YWS01808:1788115561000,yorkshire:YWS01808,yorkshire,2026-08-30T18:46:01Z,2026-08-30T18:46:40Z,1,hub,2026-09-17T00:49:00Z,2026-09-17T00:49:00Z,true
yorkshire:YWS01811:1788131524000,yorkshire:YWS01811,yorkshire,2026-08-30T23:12:04Z,2026-08-31T00:23:56Z,72,hub,2026-09-17T00:49:00Z,2026-09-17T00:49:00Z,true
yorkshire:YWS01812:1788130255000,yorkshire:YWS01812,yorkshire,2026-08-30T22:50:55Z,2026-08-30T23:18:22Z,27,hub,2026-09-17T00:49:00Z,2026-09-17T00:49:00Z,true
yorkshire:YWS01816:1787874420000,yorkshire:YWS01816,yorkshire,2026-08-27T23:47:00Z,2026-08-28T00:46:00Z,59,hub,2026-09-17T00:49:00Z,2026-09-17T00:49:00Z,true
yorkshire:YWS01818:1787832043000,yorkshire:YWS01818,yorkshire,2026-08-27T12:00:43Z,2026-08-27T14:28:10Z,147,hub,2026-09-17T00:49:00Z,2026-09-17T00:49:00Z,true
yorkshire:YWS01822:1787869935000,yorkshire:YWS01822,yorkshire,2026-08-27T22:32:15Z,2026-08-28T02:11:51Z,220,hub,2026-09-17T00:49:00Z,2026-09-17T00:49:00Z,true
yorkshire:YWS01824:1788173186000,yorkshire:YWS01824,yorkshire,2026-08-31T10:46:26Z,2026-08-31T11:12:32Z,26,hub,2026-09-17T00:49:00Z,2026-09-17T00:49:00Z,true
yorkshire:YWS01826:1787890237000,yorkshire:YWS01826,yorkshire,2026-08-28T04:10:37Z,2026-08-28T04:22:58Z,12,hub,2026-09-17T00:49:00Z,2026-09-17T00:49:00Z,true
yorkshire:YWS01833:1787136874000,yorkshire:YWS01833,yorkshire,2026-08-19T10:54:34Z,2026-08-19T11:05:55Z,11,hub,2026-09-17T00:49:00Z,2026-09-17T00:49:00Z,true
yorkshire:YWS01836:1787136569000,yorkshire:YWS01836,yorkshire,2026-08-19T10:49:29Z,2026-08-19T10:58:29Z,9,hub,2026-09-17T00:49:00Z,2026-09-17T00:49:00Z,true
yorkshire:YWS01840:1787834700000,yorkshire:YWS01840,yorkshire,2026-08-27T12:45:00Z,2026-08-27T13:16:00Z,31,hub,2026-09-17T00:49:00Z,2026-09-17T00:49:00Z,true
yorkshire:YWS01841:1788113940000,yorkshire:YWS01841,yorkshire,2026-08-30T18:19:00Z,2026-08-30T18:44:00Z,25,hub,2026-09-17T00:49:00Z,2026-09-17T00:49:00Z,true
yorkshire:YWS01842:1787834640000,yorkshire:YWS01842,yorkshire,2026-08-27T12:44:00Z,2026-08-27T13:31:00Z,47,hub,2026-09-17T00:49:00Z,2026-09-17T00:49:00Z,true
yorkshire:YWS01843:1787834820000,yorkshire:YWS01843,yorkshire,2026-08-27T12:47:00Z,2026-08-27T13:01:00Z,14,hub,2026-09-17T00:49:00Z,2026-09-17T00:49:00Z,true
yorkshire:YWS01844:1788113820000,yorkshire:YWS01844,yorkshire,2026-08-30T18:17:00Z,2026-08-30T18:31:00Z,14,hub,2026-09-17T00:49:00Z,2026-09-17T00:49:00Z,true
yorkshire:YWS01845:1788113820000,yorkshire:YWS01845,yorkshire,2026-08-30T18:17:00Z,2026-08-30T18:31:00Z,14,hub,2026-09-17T00:49:00Z,2026-09-17T00:49:00Z,true
yorkshire:YWS01853:1787137440000,yorkshire:YWS01853,yorkshire,2026-08-19T11:04:00Z,2026-08-19T11:17:00Z,13,hub,2026-09-17T00:49:00Z,2026-09-17T00:49:00Z,true
yorkshire:YWS01855:1788131686000,yorkshire:YWS01855,yorkshire,2026-08-30T23:14:46Z,2026-08-30T23:29:46Z,15,hub,2026-09-17T00:49:00Z,2026-09-17T00:49:00Z,true
yorkshire:YWS01861:1788149820000,yorkshire:YWS01861,yorkshire,2026-08-31T04:17:00Z,2026-08-31T04:54:00Z,37,hub,2026-09-17T00:49:00Z,2026-09-17T00:49:00Z,true
yorkshire:YWS01866:1787832379000,yorkshire:YWS01866,yorkshire,2026-08-27T12:06:19Z,2026-08-27T13:59:05Z,113,hub,2026-09-17T00:49:00Z,2026-09-17T00:49:00Z,true
yorkshire:YWS01867:1787834820000,yorkshire:YWS01867,yorkshire,2026-08-27T12:47:00Z,2026-08-27T13:01:00Z,14,hub,2026-09-17T00:49:00Z,2026-09-17T00:49:00Z,true
yorkshire:YWS01869:1788149641000,yorkshire:YWS01869,yorkshire,2026-08-31T04:14:01Z,2026-08-31T04:24:01Z,10,hub,2026-09-17T00:49:00Z,2026-09-17T00:49:00Z,true
yorkshire:YWS01876:1787873091000,yorkshire:YWS01876,yorkshire,2026-08-27T23:24:51Z,2026-08-28T00:21:46Z,57,hub,2026-09-17T00:49:00Z,2026-09-17T00:49:00Z,true
yorkshire:YWS01877:1788133654000,yorkshire:YWS01877,yorkshire,2026-08-30T23:47:34Z,2026-08-31T00:38:23Z,51,hub,2026-09-17T00:49:00Z,2026-09-17T00:49:00Z,true
yorkshire:YWS01883:1787892320000,yorkshire:YWS01883,yorkshire,2026-08-28T04:45:20Z,2026-08-28T06:04:23Z,79,hub,2026-09-17T00:49:00Z,2026-09-17T00:49:00Z,true
yorkshire:YWS01884:1788130020000,yorkshire:YWS01884,yorkshire,2026-08-30T22:47:00Z,2026-08-30T23:01:00Z,14,hub,2026-09-17T00:49:00Z,2026-09-17T00:49:00Z,true
yorkshire:YWS01890:1787835780000,yorkshire:YWS01890,yorkshire,2026-08-27T13:03:00Z,2026-08-27T13:16:00Z,13,hub,2026-09-17T00:49:00Z,2026-09-17T00:49:00Z,true
yorkshire:YWS01897:1788115235000,yorkshire:YWS01897,yorkshire,2026-08-30T18:40:35Z,2026-08-30T18:51:35Z,11,hub,2026-09-17T00:49:00Z,2026-09-17T00:49:00Z,true
yorkshire:YWS01898:1787208595000,yorkshire:YWS01898,yorkshire,2026-08-20T06:49:55Z,2026-08-20T07:02:54Z,13,hub,2026-09-17T00:49:00Z,2026-09-17T00:49:00Z,true
yorkshire:YWS01906:1788015170000,yorkshire:YWS01906,yorkshire,2026-08-29T14:52:50Z,2026-08-29T14:52:54Z,0,hub,2026-09-17T00:49:00Z,2026-09-17T00:49:00Z,true
yorkshire:YWS01910:1788111120000,yorkshire:YWS01910,yorkshire,2026-08-30T17:32:00Z,2026-08-30T17:46:00Z,14,hub,2026-09-17T00:49:00Z,2026-09-17T00:49:00Z,true
yorkshire:YWS01913:1788111240000,yorkshire:YWS01913,yorkshire,2026-08-30T17:34:00Z,2026-08-30T17:35:14Z,1,hub,2026-09-17T00:49:00Z,2026-09-17T00:49:00Z,true
yorkshire:YWS01916:1787892864000,yorkshire:YWS01916,yorkshire,2026-08-28T04:54:24Z,2026-08-28T05:24:56Z,31,hub,2026-09-17T00:49:00Z,2026-09-17T00:49:00Z,true
yorkshire:YWS01917:1787889780000,yorkshire:YWS01917,yorkshire,2026-08-28T04:03:00Z,2026-08-28T05:31:00Z,88,hub,2026-09-17T00:49:00Z,2026-09-17T00:49:00Z,true
yorkshire:YWS01918:1787888820000,yorkshire:YWS01918,yorkshire,2026-08-28T03:47:00Z,2026-08-28T06:16:00Z,149,hub,2026-09-17T00:49:00Z,2026-09-17T00:49:00Z,true
yorkshire:YWS01920:1787888580000,yorkshire:YWS01920,yorkshire,2026-08-28T03:43:00Z,2026-08-28T04:08:00Z,25,hub,2026-09-17T00:49:00Z,2026-09-17T00:49:00Z,true
yorkshire:YWS01933:1787834602000,yorkshire:YWS01933,yorkshire,2026-08-27T12:43:22Z,2026-08-27T13:02:23Z,19,hub,2026-09-17T00:49:00Z,2026-09-17T00:49:00Z,true
yorkshire:YWS01934:1787868780000,yorkshire:YWS01934,yorkshire,2026-08-27T22:13:00Z,2026-08-27T22:32:00Z,19,hub,2026-09-17T00:49:00Z,2026-09-17T00:49:00Z,true
yorkshire:YWS01936:1788132506000,yorkshire:YWS01936,yorkshire,2026-08-30T23:28:26Z,2026-08-30T23:34:39Z,6,hub,2026-09-17T00:49:00Z,2026-09-17T00:49:00Z,true
yorkshire:YWS01938:1788133804000,yorkshire:YWS01938,yorkshire,2026-08-30T23:50:04Z,2026-08-31T00:09:36Z,20,hub,2026-09-17T00:49:00Z,2026-09-17T00:49:00Z,true
yorkshire:YWS01939:1788131752000,yorkshire:YWS01939,yorkshire,2026-08-30T23:15:52Z,2026-08-31T00:19:00Z,63,hub,2026-09-17T00:49:00Z,2026-09-17T00:49:00Z,true
yorkshire:YWS01940:1787869230000,yorkshire:YWS01940,yorkshire,2026-08-27T22:20:30Z,2026-08-27T22:47:32Z,27,hub,2026-09-17T00:49:00Z,2026-09-17T00:49:00Z,true
yorkshire:YWS01942:1788132951000,yorkshire:YWS01942,yorkshire,2026-08-30T23:35:51Z,2026-08-30T23:39:41Z,4,hub,2026-09-17T00:49:00Z,2026-09-17T00:49:00Z,true
yorkshire:YWS01945:1787834146000,yorkshire:YWS01945,yorkshire,2026-08-27T12:35:46Z,2026-08-27T13:13:08Z,37,hub,2026-09-17T00:49:00Z,2026-09-17T00:49:00Z,true
yorkshire:YWS01947:1788097609000,yorkshire:YWS01947,yorkshire,2026-08-30T13:46:49Z,2026-08-30T13:57:14Z,10,hub,2026-09-17T00:49:00Z,2026-09-17T00:49:00Z,true
yorkshire:YWS01950:1787890034000,yorkshire:YWS01950,yorkshire,2026-08-28T04:07:14Z,2026-08-28T04:16:00Z,9,hub,2026-09-17T00:49:00Z,2026-09-17T00:49:00Z,true
yorkshire:YWS01953:1788113106000,yorkshire:YWS01953,yorkshire,2026-08-30T18:05:06Z,2026-08-30T18:23:48Z,19,hub,2026-09-17T00:49:00Z,2026-09-17T00:49:00Z,true
yorkshire:YWS01960:1787911659000,yorkshire:YWS01960,yorkshire,2026-08-28T10:07:39Z,2026-08-28T10:08:03Z,0,hub,2026-09-17T00:49:00Z,2026-09-17T00:49:00Z,true
yorkshire:YWS01968:1787875144000,yorkshire:YWS01968,yorkshire,2026-08-27T23:59:04Z,2026-08-28T00:22:50Z,24,hub,2026-09-17T00:49:00Z,2026-09-17T00:49:00Z,true
yorkshire:YWS01969:1787870587000,yorkshire:YWS01969,yorkshire,2026-08-27T22:43:07Z,2026-08-27T23:10:58Z,28,hub,2026-09-17T00:49:00Z,2026-09-17T00:49:00Z,true
yorkshire:YWS01970:1788196620000,yorkshire:YWS01970,yorkshire,2026-08-31T17:17:00Z,2026-09-01T08:24:00Z,907,hub,2026-09-17T00:49:00Z,2026-09-17T00:49:00Z,true
yorkshire:YWS01974:1788157865000,yorkshire:YWS01974,yorkshire,2026-08-31T06:31:05Z,2026-08-31T06:31:25Z,0,hub,2026-09-17T00:49:00Z,2026-09-17T00:49:00Z,true
yorkshire:YWS01975:1787878866000,yorkshire:YWS01975,yorkshire,2026-08-28T01:01:06Z,2026-08-28T03:30:49Z,150,hub,2026-09-17T00:49:00Z,2026-09-17T00:49:00Z,true
yorkshire:YWS01976:1787877628000,yorkshire:YWS01976,yorkshire,2026-08-28T00:40:28Z,2026-08-28T02:59:05Z,139,hub,2026-09-17T00:49:00Z,2026-09-17T00:49:00Z,true
yorkshire:YWS01979:1787827780000,yorkshire:YWS01979,yorkshire,2026-08-27T10:49:40Z,2026-08-27T11:06:29Z,17,hub,2026-09-17T00:49:00Z,2026-09-17T00:49:00Z,true
yorkshire:YWS01980:1788132605000,yorkshire:YWS01980,yorkshire,2026-08-30T23:30:05Z,2026-08-31T00:19:01Z,49,hub,2026-09-17T00:49:00Z,2026-09-17T00:49:00Z,true
yorkshire:YWS01982:1788144823000,yorkshire:YWS01982,yorkshire,2026-08-31T02:53:43Z,2026-08-31T03:31:33Z,38,hub,2026-09-17T00:49:00Z,2026-09-17T00:49:00Z,true
yorkshire:YWS01984:1787910543000,yorkshire:YWS01984,yorkshire,2026-08-28T09:49:03Z,2026-08-28T09:50:58Z,2,hub,2026-09-17T00:49:00Z,2026-09-17T00:49:00Z,true
yorkshire:YWS01985:1787926384000,yorkshire:YWS01985,yorkshire,2026-08-28T14:13:04Z,2026-08-28T14:34:55Z,22,hub,2026-09-17T00:49:00Z,2026-09-17T00:49:00Z,true
yorkshire:YWS01986:1788112440000,yorkshire:YWS01986,yorkshire,2026-08-30T17:54:00Z,2026-08-30T18:27:13Z,33,hub,2026-09-17T00:49:00Z,2026-09-17T00:49:00Z,true
yorkshire:YWS01987:1787136926000,yorkshire:YWS01987,yorkshire,2026-08-19T10:55:26Z,2026-08-19T11:05:46Z,10,hub,2026-09-17T00:49:00Z,2026-09-17T00:49:00Z,true
yorkshire:YWS01990:1788124478000,yorkshire:YWS01990,yorkshire,2026-08-30T21:14:38Z,2026-08-30T21:27:48Z,13,hub,2026-09-17T00:49:00Z,2026-09-17T00:49:00Z,true
yorkshire:YWS01992:1787901376000,yorkshire:YWS01992,yorkshire,2026-08-28T07:16:16Z,2026-08-28T07:20:12Z,4,hub,2026-09-17T00:49:00Z,2026-09-17T00:49:00Z,true
yorkshire:YWS01998:1786956300000,yorkshire:YWS01998,yorkshire,2026-08-17T08:45:00Z,2026-08-17T08:48:00Z,3,hub,2026-09-17T00:49:00Z,2026-09-17T00:49:00Z,true
yorkshire:YWS01999:1787875440000,yorkshire:YWS01999,yorkshire,2026-08-28T00:04:00Z,2026-08-28T00:16:00Z,12,hub,2026-09-17T00:49:00Z,2026-09-17T00:49:00Z,true
yorkshire:YWS02000:1787871720000,yorkshire:YWS02000,yorkshire,2026-08-27T23:02:00Z,2026-08-28T00:16:00Z,74,hub,2026-09-17T00:49:00Z,2026-09-17T00:49:00Z,true
yorkshire:YWS02002:1787834820000,yorkshire:YWS02002,yorkshire,2026-08-27T12:47:00Z,2026-08-27T13:16:00Z,29,hub,2026-09-17T00:49:00Z,2026-09-17T00:49:00Z,true
yorkshire:YWS02003:1788131820000,yorkshire:YWS02003,yorkshire,2026-08-30T23:17:00Z,2026-08-30T23:46:00Z,29,hub,2026-09-17T00:49:00Z,2026-09-17T00:49:00Z,true
yorkshire:YWS02004:1788132900000,yorkshire:YWS02004,yorkshire,2026-08-30T23:35:00Z,2026-08-31T00:02:00Z,27,hub,2026-09-17T00:49:00Z,2026-09-17T00:49:00Z,true
yorkshire:YWS02010:1788064380000,yorkshire:YWS02010,yorkshire,2026-08-30T04:33:00Z,2026-08-30T04:46:00Z,13,hub,2026-09-17T00:49:00Z,2026-09-17T00:49:00Z,true
yorkshire:YWS02015:1788112920000,yorkshire:YWS02015,yorkshire,2026-08-30T18:02:00Z,2026-08-30T18:16:00Z,14,hub,2026-09-17T00:49:00Z,2026-09-17T00:49:00Z,true
yorkshire:YWS02017:1788130920000,yorkshire:YWS02017,yorkshire,2026-08-30T23:02:00Z,2026-08-30T23:16:00Z,14,hub,2026-09-17T00:49:00Z,2026-09-17T00:49:00Z,true
yorkshire:YWS02020:1787870314000,yorkshire:YWS02020,yorkshire,2026-08-27T22:38:34Z,2026-08-27T23:24:20Z,46,hub,2026-09-17T00:49:00Z,2026-09-17T00:49:00Z,true
yorkshire:YWS02026:1787872320000,yorkshire:YWS02026,yorkshire,2026-08-27T23:12:00Z,2026-08-27T23:23:00Z,11,hub,2026-09-17T00:49:00Z,2026-09-17T00:49:00Z,true
yorkshire:YWS02030:1788127320000,yorkshire:YWS02030,yorkshire,2026-08-30T22:02:00Z,2026-08-30T22:31:00Z,29,hub,2026-09-17T00:49:00Z,2026-09-17T00:49:00Z,true
yorkshire:YWS02031:1787982300000,yorkshire:YWS02031,yorkshire,2026-08-29T05:45:00Z,2026-08-29T05:46:00Z,1,hub,2026-09-17T00:49:00Z,2026-09-17T00:49:00Z,true
yorkshire:YWS02032:1787871720000,yorkshire:YWS02032,yorkshire,2026-08-27T23:02:00Z,2026-08-28T00:46:00Z,104,hub,2026-09-17T00:49:00Z,2026-09-17T00:49:00Z,true
yorkshire:YWS02047:1787137380000,yorkshire:YWS02047,yorkshire,2026-08-19T11:03:00Z,2026-08-19T11:16:00Z,13,hub,2026-09-17T00:49:00Z,2026-09-17T00:49:00Z,true
yorkshire:YWS02054:1788112740000,yorkshire:YWS02054,yorkshire,2026-08-30T17:59:00Z,2026-08-30T18:09:00Z,10,hub,2026-09-17T00:49:00Z,2026-09-17T00:49:00Z,true
yorkshire:YWS02055:1788113220000,yorkshire:YWS02055,yorkshire,2026-08-30T18:07:00Z,2026-08-30T18:18:00Z,11,hub,2026-09-17T00:49:00Z,2026-09-17T00:49:00Z,true
yorkshire:YWS02059:1787413680000,yorkshire:YWS02059,yorkshire,2026-08-22T15:48:00Z,2026-08-22T16:01:00Z,13,hub,2026-09-17T00:49:00Z,2026-09-17T00:49:00Z,true
yorkshire:YWS02063:1787834820000,yorkshire:YWS02063,yorkshire,2026-08-27T12:47:00Z,2026-08-27T15:16:00Z,149,hub,2026-09-17T00:49:00Z,2026-09-17T00:49:00Z,true
yorkshire:YWS02066:1787892420000,yorkshire:YWS02066,yorkshire,2026-08-28T04:47:00Z,2026-08-28T06:01:00Z,74,hub,2026-09-17T00:49:00Z,2026-09-17T00:49:00Z,true
yorkshire:YWS02067:1787894220000,yorkshire:YWS02067,yorkshire,2026-08-28T05:17:00Z,2026-08-28T05:31:00Z,14,hub,2026-09-17T00:49:00Z,2026-09-17T00:49:00Z,true
yorkshire:YWS02071:1787891820000,yorkshire:YWS02071,yorkshire,2026-08-28T04:37:00Z,2026-08-28T05:16:00Z,39,hub,2026-09-17T00:49:00Z,2026-09-17T00:49:00Z,true
yorkshire:YWS02076:1787893440000,yorkshire:YWS02076,yorkshire,2026-08-28T05:04:00Z,2026-08-28T05:31:00Z,27,hub,2026-09-17T00:49:00Z,2026-09-17T00:49:00Z,true
yorkshire:YWS02079:1787830200000,yorkshire:YWS02079,yorkshire,2026-08-27T11:30:00Z,2026-08-27T12:01:00Z,31,hub,2026-09-17T00:49:00Z,2026-09-17T00:49:00Z,true
yorkshire:YWS02082:1788133620000,yorkshire:YWS02082,yorkshire,2026-08-30T23:47:00Z,2026-08-31T00:15:00Z,28,hub,2026-09-17T00:49:00Z,2026-09-17T00:49:00Z,true
yorkshire:YWS02084:1787875320000,yorkshire:YWS02084,yorkshire,2026-08-28T00:02:00Z,2026-08-28T00:31:00Z,29,hub,2026-09-17T00:49:00Z,2026-09-17T00:49:00Z,true
yorkshire:YWS02085:1787871720000,yorkshire:YWS02085,yorkshire,2026-08-27T23:02:00Z,2026-08-28T00:46:00Z,104,hub,2026-09-17T00:49:00Z,2026-09-17T00:49:00Z,true
yorkshire:YWS02086:1787870820000,yorkshire:YWS02086,yorkshire,2026-08-27T22:47:00Z,2026-08-27T23:01:00Z,14,hub,2026-09-17T00:49:00Z,2026-09-17T00:49:00Z,true
yorkshire:YWS02087:1787872440000,yorkshire:YWS02087,yorkshire,2026-08-27T23:14:00Z,2026-08-27T23:31:00Z,17,hub,2026-09-17T00:49:00Z,2026-09-17T00:49:00Z,true
yorkshire:YWS02088:1787871720000,yorkshire:YWS02088,yorkshire,2026-08-27T23:02:00Z,2026-08-28T00:46:00Z,104,hub,2026-09-17T00:49:00Z,2026-09-17T00:49:00Z,true
yorkshire:YWS02091:1787875380000,yorkshire:YWS02091,yorkshire,2026-08-28T00:03:00Z,2026-08-28T00:31:00Z,28,hub,2026-09-17T00:49:00Z,2026-09-17T00:49:00Z,true
yorkshire:YWS02093:1787875320000,yorkshire:YWS02093,yorkshire,2026-08-28T00:02:00Z,2026-08-28T00:16:00Z,14,hub,2026-09-17T00:49:00Z,2026-09-17T00:49:00Z,true
yorkshire:YWS02099:1788150720000,yorkshire:YWS02099,yorkshire,2026-08-31T04:32:00Z,2026-08-31T04:46:00Z,14,hub,2026-09-17T00:49:00Z,2026-09-17T00:49:00Z,true
yorkshire:YWS02100:1787891520000,yorkshire:YWS02100,yorkshire,2026-08-28T04:32:00Z,2026-08-28T06:01:00Z,89,hub,2026-09-17T00:49:00Z,2026-09-17T00:49:00Z,true
yorkshire:YWS02103:1787872008000,yorkshire:YWS02103,yorkshire,2026-08-27T23:06:48Z,2026-08-28T02:07:29Z,181,hub,2026-09-17T00:49:00Z,2026-09-17T00:49:00Z,true
yorkshire:YWS02104:1788132720000,yorkshire:YWS02104,yorkshire,2026-08-30T23:32:00Z,2026-08-30T23:46:00Z,14,hub,2026-09-17T00:49:00Z,2026-09-17T00:49:00Z,true
yorkshire:YWS02106:1787827740000,yorkshire:YWS02106,yorkshire,2026-08-27T10:49:00Z,2026-08-27T11:16:00Z,27,hub,2026-09-17T00:49:00Z,2026-09-17T00:49:00Z,true
yorkshire:YWS02107:1787826720000,yorkshire:YWS02107,yorkshire,2026-08-27T10:32:00Z,2026-08-27T10:46:00Z,14,hub,2026-09-17T00:49:00Z,2026-09-17T00:49:00Z,true
yorkshire:YWS02109:1788132840000,yorkshire:YWS02109,yorkshire,2026-08-30T23:34:00Z,2026-08-30T23:48:00Z,14,hub,2026-09-17T00:49:00Z,2026-09-17T00:49:00Z,true
yorkshire:YWS02111:1788131180000,yorkshire:YWS02111,yorkshire,2026-08-30T23:06:20Z,2026-08-30T23:17:23Z,11,hub,2026-09-17T00:49:00Z,2026-09-17T00:49:00Z,true
yorkshire:YWS02113:1787870460000,yorkshire:YWS02113,yorkshire,2026-08-27T22:41:00Z,2026-08-28T00:26:00Z,105,hub,2026-09-17T00:49:00Z,2026-09-17T00:49:00Z,true
yorkshire:YWS02117:1787872620000,yorkshire:YWS02117,yorkshire,2026-08-27T23:17:00Z,2026-08-27T23:59:00Z,42,hub,2026-09-17T00:49:00Z,2026-09-17T00:49:00Z,true
yorkshire:YWS02118:1788128220000,yorkshire:YWS02118,yorkshire,2026-08-30T22:17:00Z,2026-08-30T22:46:00Z,29,hub,2026-09-17T00:49:00Z,2026-09-17T00:49:00Z,true
yorkshire:YWS02128:1787891520000,yorkshire:YWS02128,yorkshire,2026-08-28T04:32:00Z,2026-08-28T05:31:00Z,59,hub,2026-09-17T00:49:00Z,2026-09-17T00:49:00Z,true
yorkshire:YWS02136:1788132720000,yorkshire:YWS02136,yorkshire,2026-08-30T23:32:00Z,2026-08-31T00:46:00Z,74,hub,2026-09-17T00:49:00Z,2026-09-17T00:49:00Z,true
yorkshire:YWS02137:1787920740000,yorkshire:YWS02137,yorkshire,2026-08-28T12:39:00Z,2026-08-28T12:49:00Z,10,hub,2026-09-17T00:49:00Z,2026-09-17T00:49:00Z,true
yorkshire:YWS02138:1787921220000,yorkshire:YWS02138,yorkshire,2026-08-28T12:47:00Z,2026-08-28T13:01:00Z,14,hub,2026-09-17T00:49:00Z,2026-09-17T00:49:00Z,true
yorkshire:YWS02139:1787870820000,yorkshire:YWS02139,yorkshire,2026-08-27T22:47:00Z,2026-08-27T23:01:00Z,14,hub,2026-09-17T00:49:00Z,2026-09-17T00:49:00Z,true
yorkshire:YWS02140:1787875380000,yorkshire:YWS02140,yorkshire,2026-08-28T00:03:00Z,2026-08-28T01:01:00Z,58,hub,2026-09-17T00:49:00Z,2026-09-17T00:49:00Z,true
yorkshire:YWS02141:1788133620000,yorkshire:YWS02141,yorkshire,2026-08-30T23:47:00Z,2026-08-31T00:16:00Z,29,hub,2026-09-17T00:49:00Z,2026-09-17T00:49:00Z,true
yorkshire:YWS02145:1787874420000,yorkshire:YWS02145,yorkshire,2026-08-27T23:47:00Z,2026-08-28T00:46:00Z,59,hub,2026-09-17T00:49:00Z,2026-09-17T00:49:00Z,true
yorkshire:YWS02147:1787888880000,yorkshire:YWS02147,yorkshire,2026-08-28T03:48:00Z,2026-08-28T04:16:00Z,28,hub,2026-09-17T00:49:00Z,2026-09-17T00:49:00Z,true
yorkshire:YWS02157:1788112020000,yorkshire:YWS02157,yorkshire,2026-08-30T17:47:00Z,2026-08-30T18:01:00Z,14,hub,2026-09-17T00:49:00Z,2026-09-17T00:49:00Z,true
yorkshire:YWS02158:1787890800000,yorkshire:YWS02158,yorkshire,2026-08-28T04:20:00Z,2026-08-28T04:31:00Z,11,hub,2026-09-17T00:49:00Z,2026-09-17T00:49:00Z,true
yorkshire:YWS02168:1788111900000,yorkshire:YWS02168,yorkshire,2026-08-30T17:45:00Z,2026-08-30T17:48:00Z,3,hub,2026-09-17T00:49:00Z,2026-09-17T00:49:00Z,true
yorkshire:YWS02174:1787894520000,yorkshire:YWS02174,yorkshire,2026-08-28T05:22:00Z,2026-08-28T05:46:00Z,24,hub,2026-09-17T00:49:00Z,2026-09-17T00:49:00Z,true
yorkshire:YWS02176:1787891520000,yorkshire:YWS02176,yorkshire,2026-08-28T04:32:00Z,2026-08-28T05:16:00Z,44,hub,2026-09-17T00:49:00Z,2026-09-17T00:49:00Z,true
yorkshire:YWS02180:1788134520000,yorkshire:YWS02180,yorkshire,2026-08-31T00:02:00Z,2026-08-31T00:16:00Z,14,hub,2026-09-17T00:49:00Z,2026-09-17T00:49:00Z,true
yorkshire:YWS02188:1786700434000,yorkshire:YWS02188,yorkshire,2026-08-14T09:40:34Z,2026-08-14T09:45:19Z,5,hub,2026-09-17T00:49:00Z,2026-09-17T00:49:00Z,true
yorkshire:YWS02190:1788135838000,yorkshire:YWS02190,yorkshire,2026-08-31T00:23:58Z,2026-08-31T00:28:01Z,4,hub,2026-09-17T00:49:00Z,2026-09-17T00:49:00Z,true
yorkshire:YWS02196:1788141903000,yorkshire:YWS02196,yorkshire,2026-08-31T02:05:03Z,2026-08-31T02:57:54Z,53,hub,2026-09-17T00:49:00Z,2026-09-17T00:49:00Z,true
yorkshire:YWS02198:1787878920000,yorkshire:YWS02198,yorkshire,2026-08-28T01:02:00Z,2026-08-28T01:16:00Z,14,hub,2026-09-17T00:49:00Z,2026-09-17T00:49:00Z,true
yorkshire:YWS02202:1788133620000,yorkshire:YWS02202,yorkshire,2026-08-30T23:47:00Z,2026-08-31T00:01:00Z,14,hub,2026-09-17T00:49:00Z,2026-09-17T00:49:00Z,true
yorkshire:YWS02206:1788139020000,yorkshire:YWS02206,yorkshire,2026-08-31T01:17:00Z,2026-08-31T01:31:00Z,14,hub,2026-09-17T00:49:00Z,2026-09-17T00:49:00Z,true
yorkshire:YWS02207:1788115620000,yorkshire:YWS02207,yorkshire,2026-08-30T18:47:00Z,2026-08-30T19:01:00Z,14,hub,2026-09-17T00:49:00Z,2026-09-17T00:49:00Z,true
yorkshire:YWS02211:1787836980000,yorkshire:YWS02211,yorkshire,2026-08-27T13:23:00Z,2026-08-28T03:16:00Z,833,hub,2026-09-17T00:49:00Z,2026-09-17T00:49:00Z,true
yorkshire:YWS02220:1788117420000,yorkshire:YWS02220,yorkshire,2026-08-30T19:17:00Z,2026-08-30T19:46:00Z,29,hub,2026-09-17T00:49:00Z,2026-09-17T00:49:00Z,true
yorkshire:YWS02222:1788137220000,yorkshire:YWS02222,yorkshire,2026-08-31T00:47:00Z,2026-08-31T01:16:00Z,29,hub,2026-09-17T00:49:00Z,2026-09-17T00:49:00Z,true
yorkshire:YWS02227:1788180480000,yorkshire:YWS02227,yorkshire,2026-08-31T12:48:00Z,2026-08-31T16:01:00Z,193,hub,2026-09-17T00:49:00Z,2026-09-17T00:49:00Z,true
yorkshire:YWS02236:1788121260000,yorkshire:YWS02236,yorkshire,2026-08-30T20:21:00Z,2026-08-30T20:36:00Z,15,hub,2026-09-17T00:49:00Z,2026-09-17T00:49:00Z,true
yorkshire:YWS02240:1787871720000,yorkshire:YWS02240,yorkshire,2026-08-27T23:02:00Z,2026-08-27T23:31:00Z,29,hub,2026-09-17T00:49:00Z,2026-09-17T00:49:00Z,true
yorkshire:YWS02241:1787886120000,yorkshire:YWS02241,yorkshire,2026-08-28T03:02:00Z,2026-08-28T03:16:00Z,14,hub,2026-09-17T00:49:00Z,2026-09-17T00:49:00Z,true
yorkshire:YWS02243:1787962726000,yorkshire:YWS02243,yorkshire,2026-08-29T00:18:46Z,2026-08-29T00:21:48Z,3,hub,2026-09-17T00:49:00Z,2026-09-17T00:49:00Z,true
yorkshire:YWS02245:1787879907000,yorkshire:YWS02245,yorkshire,2026-08-28T01:18:27Z,2026-08-28T04:42:50Z,204,hub,2026-09-17T00:49:00Z,2026-09-17T00:49:00Z,true
yorkshire:YWS02247:1788121920000,yorkshire:YWS02247,yorkshire,2026-08-30T20:32:00Z,2026-08-30T20:46:00Z,14,hub,2026-09-17T00:49:00Z,2026-09-17T00:49:00Z,true
yorkshire:YWS02252:1787838810000,yorkshire:YWS02252,yorkshire,2026-08-27T13:53:30Z,2026-08-27T14:32:28Z,39,hub,2026-09-17T00:49:00Z,2026-09-17T00:49:00Z,true
yorkshire:YWS02253:1788114939000,yorkshire:YWS02253,yorkshire,2026-08-30T18:35:39Z,2026-08-30T18:58:00Z,22,hub,2026-09-17T00:49:00Z,2026-09-17T00:49:00Z,true
yorkshire:YWS02256:1788133620000,yorkshire:YWS02256,yorkshire,2026-08-30T23:47:00Z,2026-08-31T02:16:00Z,149,hub,2026-09-17T00:49:00Z,2026-09-17T00:49:00Z,true
yorkshire:YWS02260:1788115278000,yorkshire:YWS02260,yorkshire,2026-08-30T18:41:18Z,2026-08-30T18:55:56Z,15,hub,2026-09-17T00:49:00Z,2026-09-17T00:49:00Z,true
yorkshire:YWS02262:1787892420000,yorkshire:YWS02262,yorkshire,2026-08-28T04:47:00Z,2026-08-28T05:09:00Z,22,hub,2026-09-17T00:49:00Z,2026-09-17T00:49:00Z,true
yorkshire:YWS02271:1787869920000,yorkshire:YWS02271,yorkshire,2026-08-27T22:32:00Z,2026-08-27T23:16:00Z,44,hub,2026-09-17T00:49:00Z,2026-09-17T00:49:00Z,true
yorkshire:YWS02275:1788118380000,yorkshire:YWS02275,yorkshire,2026-08-30T19:33:00Z,2026-08-30T20:16:00Z,43,hub,2026-09-17T00:49:00Z,2026-09-17T00:49:00Z,true
yorkshire:YWS02276:1787831040000,yorkshire:YWS02276,yorkshire,2026-08-27T11:44:00Z,2026-08-27T12:07:00Z,23,hub,2026-09-17T00:49:00Z,2026-09-17T00:49:00Z,true
yorkshire:YWS02284:1787891520000,yorkshire:YWS02284,yorkshire,2026-08-28T04:32:00Z,2026-08-28T05:31:00Z,59,hub,2026-09-17T00:49:00Z,2026-09-17T00:49:00Z,true
yorkshire:YWS02287:1788143688000,yorkshire:YWS02287,yorkshire,2026-08-31T02:34:48Z,2026-08-31T02:37:22Z,3,hub,2026-09-17T00:49:00Z,2026-09-17T00:49:00Z,true
yorkshire:YWS02289:1788134432000,yorkshire:YWS02289,yorkshire,2026-08-31T00:00:32Z,2026-08-31T01:03:43Z,63,hub,2026-09-17T00:49:00Z,2026-09-17T00:49:00Z,true
yorkshire:YWS02294:1787884121000,yorkshire:YWS02294,yorkshire,2026-08-28T02:28:41Z,2026-08-28T06:52:49Z,264,hub,2026-09-17T00:49:00Z,2026-09-17T00:49:00Z,true
yorkshire:YWS02295:1788131820000,yorkshire:YWS02295,yorkshire,2026-08-30T23:17:00Z,2026-08-30T23:46:00Z,29,hub,2026-09-17T00:49:00Z,2026-09-17T00:49:00Z,true
yorkshire:YWS02297:1788124810000,yorkshire:YWS02297,yorkshire,2026-08-30T21:20:10Z,2026-08-30T21:43:17Z,23,hub,2026-09-17T00:49:00Z,2026-09-17T00:49:00Z,true
