event_id,overflow_key,company_slug,start_utc,end_utc,duration_min,source,first_observed_utc,last_observed_utc,end_observed
anglian:AWS00008:1772213951000,anglian:AWS00008,anglian,2026-02-27T17:39:11Z,2026-02-27T17:48:40Z,9,hub,2026-09-17T00:49:00Z,2026-09-17T00:49:00Z,true
anglian:AWS00029:1771533301000,anglian:AWS00029,anglian,2026-02-19T20:35:01Z,2026-02-19T20:35:04Z,0,hub,2026-09-17T00:49:00Z,2026-09-17T00:49:00Z,true
anglian:AWS00070:1771233447000,anglian:AWS00070,anglian,2026-02-16T09:17:27Z,2026-02-16T10:48:00Z,91,hub,2026-09-17T00:49:00Z,2026-09-17T00:49:00Z,true
anglian:AWS00100:1770506749000,anglian:AWS00100,anglian,2026-02-07T23:25:49Z,2026-02-07T23:35:06Z,9,hub,2026-09-17T00:49:00Z,2026-09-17T00:49:00Z,true
anglian:AWS00109:1771616493000,anglian:AWS00109,anglian,2026-02-20T19:41:33Z,2026-02-20T21:19:09Z,98,hub,2026-09-17T00:49:00Z,2026-09-17T00:49:00Z,true
anglian:AWS00132:1772257246000,anglian:AWS00132,anglian,2026-02-28T05:40:46Z,2026-02-28T16:33:26Z,653,hub,2026-09-17T00:49:00Z,2026-09-17T00:49:00Z,true
anglian:AWS00147:1771181087000,anglian:AWS00147,anglian,2026-02-15T18:44:47Z,2026-02-15T19:25:13Z,40,hub,2026-09-17T00:49:00Z,2026-09-17T00:49:00Z,true
anglian:AWS00152:1771468991000,anglian:AWS00152,anglian,2026-02-19T02:43:11Z,2026-02-19T02:43:11Z,0,hub,2026-09-17T00:49:00Z,2026-09-17T00:49:00Z,true
anglian:AWS00187:1771172329000,anglian:AWS00187,anglian,2026-02-15T16:18:49Z,2026-02-15T16:23:13Z,4,hub,2026-09-17T00:49:00Z,2026-09-17T00:49:00Z,true
anglian:AWS00197:1770642257000,anglian:AWS00197,anglian,2026-02-09T13:04:17Z,2026-02-09T13:06:13Z,2,hub,2026-09-17T00:49:00Z,2026-09-17T00:49:00Z,true
anglian:AWS00214:1770999832000,anglian:AWS00214,anglian,2026-02-13T16:23:52Z,2026-02-13T17:04:16Z,40,hub,2026-09-17T00:49:00Z,2026-09-17T00:49:00Z,true
anglian:AWS00217:1771266796000,anglian:AWS00217,anglian,2026-02-16T18:33:16Z,2026-02-16T18:33:17Z,0,hub,2026-09-17T00:49:00Z,2026-09-17T00:49:00Z,true
anglian:AWS00218:1770364891000,anglian:AWS00218,anglian,2026-02-06T08:01:31Z,2026-02-06T20:17:15Z,736,hub,2026-09-17T00:49:00Z,2026-09-17T00:49:00Z,true
anglian:AWS00223:1771199506000,anglian:AWS00223,anglian,2026-02-15T23:51:46Z,2026-02-16T08:07:52Z,496,hub,2026-09-17T00:49:00Z,2026-09-17T00:49:00Z,true
anglian:AWS00231:1771792874000,anglian:AWS00231,anglian,2026-02-22T20:41:14Z,2026-02-22T20:45:16Z,4,hub,2026-09-17T00:49:00Z,2026-09-17T00:49:00Z,true
anglian:AWS00237:1772024611000,anglian:AWS00237,anglian,2026-02-25T13:03:31Z,2026-02-25T13:17:20Z,14,hub,2026-09-17T00:49:00Z,2026-09-17T00:49:00Z,true
anglian:AWS00240:1771220961000,anglian:AWS00240,anglian,2026-02-16T05:49:21Z,2026-02-16T05:53:54Z,5,hub,2026-09-17T00:49:00Z,2026-09-17T00:49:00Z,true
anglian:AWS00267:1771499542000,anglian:AWS00267,anglian,2026-02-19T11:12:22Z,2026-02-19T12:32:08Z,80,hub,2026-09-17T00:49:00Z,2026-09-17T00:49:00Z,true
anglian:AWS00281:1771173212000,anglian:AWS00281,anglian,2026-02-15T16:33:32Z,2026-02-15T16:51:44Z,18,hub,2026-09-17T00:49:00Z,2026-09-17T00:49:00Z,true
anglian:AWS00305:1771185762000,anglian:AWS00305,anglian,2026-02-15T20:02:42Z,2026-02-15T20:11:11Z,8,hub,2026-09-17T00:49:00Z,2026-09-17T00:49:00Z,true
anglian:AWS00321:1771173844000,anglian:AWS00321,anglian,2026-02-15T16:44:04Z,2026-02-15T21:17:27Z,273,hub,2026-09-17T00:49:00Z,2026-09-17T00:49:00Z,true
anglian:AWS00378:1771161876000,anglian:AWS00378,anglian,2026-02-15T13:24:36Z,2026-02-16T00:51:14Z,687,hub,2026-09-17T00:49:00Z,2026-09-17T00:49:00Z,true
anglian:AWS00393:1771880180000,anglian:AWS00393,anglian,2026-02-23T20:56:20Z,2026-02-23T21:06:27Z,10,hub,2026-09-17T00:49:00Z,2026-09-17T00:49:00Z,true
anglian:AWS00406:1770421487000,anglian:AWS00406,anglian,2026-02-06T23:44:47Z,2026-02-18T12:25:08Z,16600,hub,2026-09-17T00:49:00Z,2026-09-17T00:49:00Z,true
anglian:AWS00428:1771172253000,anglian:AWS00428,anglian,2026-02-15T16:17:33Z,2026-02-16T12:16:52Z,1199,hub,2026-09-17T00:49:00Z,2026-09-17T00:49:00Z,true
anglian:AWS00435:1771181162000,anglian:AWS00435,anglian,2026-02-15T18:46:02Z,2026-02-15T20:10:31Z,84,hub,2026-09-17T00:49:00Z,2026-09-17T00:49:00Z,true
anglian:AWS00462:1771165241000,anglian:AWS00462,anglian,2026-02-15T14:20:41Z,2026-02-20T14:44:54Z,7224,hub,2026-09-17T00:49:00Z,2026-09-17T00:49:00Z,true
anglian:AWS00469:1771785424000,anglian:AWS00469,anglian,2026-02-22T18:37:04Z,2026-02-23T15:05:45Z,1229,hub,2026-09-17T00:49:00Z,2026-09-17T00:49:00Z,true
anglian:AWS00473:1771290139000,anglian:AWS00473,anglian,2026-02-17T01:02:19Z,2026-02-17T01:02:21Z,0,hub,2026-09-17T00:49:00Z,2026-09-17T00:49:00Z,true
anglian:AWS00475:1771153014000,anglian:AWS00475,anglian,2026-02-15T10:56:54Z,2026-02-15T11:11:30Z,15,hub,2026-09-17T00:49:00Z,2026-09-17T00:49:00Z,true
anglian:AWS00481:1771182506000,anglian:AWS00481,anglian,2026-02-15T19:08:26Z,2026-02-15T19:17:50Z,9,hub,2026-09-17T00:49:00Z,2026-09-17T00:49:00Z,true
anglian:AWS00482:1771252967000,anglian:AWS00482,anglian,2026-02-16T14:42:47Z,2026-02-17T00:37:20Z,595,hub,2026-09-17T00:49:00Z,2026-09-17T00:49:00Z,true
anglian:AWS00503:1771463419000,anglian:AWS00503,anglian,2026-02-19T01:10:19Z,2026-02-20T01:10:21Z,1440,hub,2026-09-17T00:49:00Z,2026-09-17T00:49:00Z,true
anglian:AWS00518:1771199021000,anglian:AWS00518,anglian,2026-02-15T23:43:41Z,2026-02-15T23:57:26Z,14,hub,2026-09-17T00:49:00Z,2026-09-17T00:49:00Z,true
anglian:AWS00532:1772229850000,anglian:AWS00532,anglian,2026-02-27T22:04:10Z,2026-02-27T22:04:14Z,0,hub,2026-09-17T00:49:00Z,2026-09-17T00:49:00Z,true
anglian:AWS00540:1771002433000,anglian:AWS00540,anglian,2026-02-13T17:07:13Z,2026-02-23T04:00:16Z,13613,hub,2026-09-17T00:49:00Z,2026-09-17T00:49:00Z,true
anglian:AWS00541:1771162073000,anglian:AWS00541,anglian,2026-02-15T13:27:53Z,2026-02-15T19:18:28Z,351,hub,2026-09-17T00:49:00Z,2026-09-17T00:49:00Z,true
anglian:AWS00579:1771164047000,anglian:AWS00579,anglian,2026-02-15T14:00:47Z,2026-02-16T23:21:38Z,2001,hub,2026-09-17T00:49:00Z,2026-09-17T00:49:00Z,true
anglian:AWS00585:1772210965000,anglian:AWS00585,anglian,2026-02-27T16:49:25Z,2026-02-27T18:07:46Z,78,hub,2026-09-17T00:49:00Z,2026-09-17T00:49:00Z,true
anglian:AWS00587:1770418063000,anglian:AWS00587,anglian,2026-02-06T22:47:43Z,2026-02-06T22:56:09Z,8,hub,2026-09-17T00:49:00Z,2026-09-17T00:49:00Z,true
anglian:AWS00625:1771160306000,anglian:AWS00625,anglian,2026-02-15T12:58:26Z,2026-02-15T23:42:56Z,645,hub,2026-09-17T00:49:00Z,2026-09-17T00:49:00Z,true
anglian:AWS00631:1771630449000,anglian:AWS00631,anglian,2026-02-20T23:34:09Z,2026-02-20T23:38:33Z,4,hub,2026-09-17T00:49:00Z,2026-09-17T00:49:00Z,true
anglian:AWS00639:1770209584000,anglian:AWS00639,anglian,2026-02-04T12:53:04Z,2026-02-04T12:53:04Z,0,hub,2026-09-17T00:49:00Z,2026-09-17T00:49:00Z,true
anglian:AWS00660:1771969658000,anglian:AWS00660,anglian,2026-02-24T21:47:38Z,2026-02-24T21:49:48Z,2,hub,2026-09-17T00:49:00Z,2026-09-17T00:49:00Z,true
anglian:AWS00662:1772028674000,anglian:AWS00662,anglian,2026-02-25T14:11:14Z,2026-02-25T14:22:52Z,12,hub,2026-09-17T00:49:00Z,2026-09-17T00:49:00Z,true
anglian:AWS00701:1772197172000,anglian:AWS00701,anglian,2026-02-27T12:59:32Z,2026-02-27T13:08:47Z,9,hub,2026-09-17T00:49:00Z,2026-09-17T00:49:00Z,true
anglian:AWS00702:1770290164000,anglian:AWS00702,anglian,2026-02-05T11:16:04Z,2026-02-05T11:16:04Z,0,hub,2026-09-17T00:49:00Z,2026-09-17T00:49:00Z,true
anglian:AWS00715:1771239781000,anglian:AWS00715,anglian,2026-02-16T11:03:01Z,2026-02-16T11:07:48Z,5,hub,2026-09-17T00:49:00Z,2026-09-17T00:49:00Z,true
anglian:AWS00717:1771297194000,anglian:AWS00717,anglian,2026-02-17T02:59:54Z,2026-02-17T03:16:35Z,17,hub,2026-09-17T00:49:00Z,2026-09-17T00:49:00Z,true
anglian:AWS00720:1771594553000,anglian:AWS00720,anglian,2026-02-20T13:35:53Z,2026-02-20T13:37:13Z,1,hub,2026-09-17T00:49:00Z,2026-09-17T00:49:00Z,true
anglian:AWS00754:1771229777000,anglian:AWS00754,anglian,2026-02-16T08:16:17Z,2026-02-16T09:30:05Z,74,hub,2026-09-17T00:49:00Z,2026-09-17T00:49:00Z,true
anglian:AWS00826:1771182321000,anglian:AWS00826,anglian,2026-02-15T19:05:21Z,2026-02-15T19:08:14Z,3,hub,2026-09-17T00:49:00Z,2026-09-17T00:49:00Z,true
anglian:AWS00830:1771184750000,anglian:AWS00830,anglian,2026-02-15T19:45:50Z,2026-02-16T22:37:42Z,1612,hub,2026-09-17T00:49:00Z,2026-09-17T00:49:00Z,true
anglian:AWS00863:1771186209000,anglian:AWS00863,anglian,2026-02-15T20:10:09Z,2026-02-16T00:28:37Z,258,hub,2026-09-17T00:49:00Z,2026-09-17T00:49:00Z,true
anglian:AWS00906:1771154759000,anglian:AWS00906,anglian,2026-02-15T11:25:59Z,2026-02-16T15:50:10Z,1704,hub,2026-09-17T00:49:00Z,2026-09-17T00:49:00Z,true
anglian:AWS00961:1771251301000,anglian:AWS00961,anglian,2026-02-16T14:15:01Z,2026-02-16T14:30:01Z,15,hub,2026-09-17T00:49:00Z,2026-09-17T00:49:00Z,true
anglian:AWS00970:1771613140000,anglian:AWS00970,anglian,2026-02-20T18:45:40Z,2026-02-20T22:27:34Z,222,hub,2026-09-17T00:49:00Z,2026-09-17T00:49:00Z,true
anglian:AWS01012:1771675737000,anglian:AWS01012,anglian,2026-02-21T12:08:57Z,2026-02-21T12:13:39Z,5,hub,2026-09-17T00:49:00Z,2026-09-17T00:49:00Z,true
anglian:AWS01021:1772192142000,anglian:AWS01021,anglian,2026-02-27T11:35:42Z,2026-02-27T11:49:12Z,14,hub,2026-09-17T00:49:00Z,2026-09-17T00:49:00Z,true
anglian:AWS01037:1771176426000,anglian:AWS01037,anglian,2026-02-15T17:27:06Z,2026-02-16T09:29:04Z,962,hub,2026-09-17T00:49:00Z,2026-09-17T00:49:00Z,true
anglian:AWS01048:1771180365000,anglian:AWS01048,anglian,2026-02-15T18:32:45Z,2026-02-15T19:55:04Z,82,hub,2026-09-17T00:49:00Z,2026-09-17T00:49:00Z,true
anglian:AWS01050:1771512301000,anglian:AWS01050,anglian,2026-02-19T14:45:01Z,2026-02-19T15:00:01Z,15,hub,2026-09-17T00:49:00Z,2026-09-17T00:49:00Z,true
anglian:AWS01093:1771175521000,anglian:AWS01093,anglian,2026-02-15T17:12:01Z,2026-02-15T17:16:45Z,5,hub,2026-09-17T00:49:00Z,2026-09-17T00:49:00Z,true
anglian:AWS01104:1772205721000,anglian:AWS01104,anglian,2026-02-27T15:22:01Z,2026-03-03T01:55:12Z,4953,hub,2026-09-17T00:49:00Z,2026-09-17T00:49:00Z,true
anglian:AWS01109:1772246951000,anglian:AWS01109,anglian,2026-02-28T02:49:11Z,2026-03-01T06:13:50Z,1645,hub,2026-09-17T00:49:00Z,2026-09-17T00:49:00Z,true
anglian:AWS01138:1770666146000,anglian:AWS01138,anglian,2026-02-09T19:42:26Z,2026-02-09T22:03:15Z,141,hub,2026-09-17T00:49:00Z,2026-09-17T00:49:00Z,true
anglian:AWS01248:1772239581000,anglian:AWS01248,anglian,2026-02-28T00:46:21Z,2026-03-02T00:46:22Z,2880,hub,2026-09-17T00:49:00Z,2026-09-17T00:49:00Z,true
anglian:AWS01261:1771510039000,anglian:AWS01261,anglian,2026-02-19T14:07:19Z,2026-02-19T14:08:43Z,1,hub,2026-09-17T00:49:00Z,2026-09-17T00:49:00Z,true
anglian:AWS01281:1771178401000,anglian:AWS01281,anglian,2026-02-15T18:00:01Z,2026-02-15T18:15:01Z,15,hub,2026-09-17T00:49:00Z,2026-09-17T00:49:00Z,true
anglian:AWS01282:1771179333000,anglian:AWS01282,anglian,2026-02-15T18:15:33Z,2026-02-15T18:50:43Z,35,hub,2026-09-17T00:49:00Z,2026-09-17T00:49:00Z,true
anglian:AWS01288:1771179453000,anglian:AWS01288,anglian,2026-02-15T18:17:33Z,2026-02-16T00:24:57Z,367,hub,2026-09-17T00:49:00Z,2026-09-17T00:49:00Z,true
anglian:AWS01290:1771256054000,anglian:AWS01290,anglian,2026-02-16T15:34:14Z,2026-02-17T14:38:29Z,1384,hub,2026-09-17T00:49:00Z,2026-09-17T00:49:00Z,true
anglian:AWS01301:1772273810000,anglian:AWS01301,anglian,2026-02-28T10:16:50Z,2026-03-01T19:20:00Z,1983,hub,2026-09-17T00:49:00Z,2026-09-17T00:49:00Z,true
anglian:AWS01311:1771625381000,anglian:AWS01311,anglian,2026-02-20T22:09:41Z,2026-02-20T22:09:45Z,0,hub,2026-09-17T00:49:00Z,2026-09-17T00:49:00Z,true
anglian:AWS01375:1772139334000,anglian:AWS01375,anglian,2026-02-26T20:55:34Z,2026-02-26T21:04:55Z,9,hub,2026-09-17T00:49:00Z,2026-09-17T00:49:00Z,true
anglian:AWS01409:1771276979000,anglian:AWS01409,anglian,2026-02-16T21:22:59Z,2026-02-16T21:23:00Z,0,hub,2026-09-17T00:49:00Z,2026-09-17T00:49:00Z,true
anglian:AWS01470:1771168693000,anglian:AWS01470,anglian,2026-02-15T15:18:13Z,2026-02-15T16:34:20Z,76,hub,2026-09-17T00:49:00Z,2026-09-17T00:49:00Z,true
anglian:AWS01488:1771495770000,anglian:AWS01488,anglian,2026-02-19T10:09:30Z,2026-02-19T10:09:44Z,0,hub,2026-09-17T00:49:00Z,2026-09-17T00:49:00Z,true
anglian:AWS01503:1771322167000,anglian:AWS01503,anglian,2026-02-17T09:56:07Z,2026-02-18T07:29:48Z,1294,hub,2026-09-17T00:49:00Z,2026-09-17T00:49:00Z,true
anglian:AWS01557:1772032117000,anglian:AWS01557,anglian,2026-02-25T15:08:37Z,2026-02-25T15:38:40Z,30,hub,2026-09-17T00:49:00Z,2026-09-17T00:49:00Z,true
anglian:AWS01573:1771275762000,anglian:AWS01573,anglian,2026-02-16T21:02:42Z,2026-02-16T21:21:04Z,18,hub,2026-09-17T00:49:00Z,2026-09-17T00:49:00Z,true
northumbrian:NWL00126:1770870359000,northumbrian:NWL00126,northumbrian,2026-02-12T04:25:59Z,2026-02-12T04:27:59Z,2,hub,2026-09-17T00:49:00Z,2026-09-17T00:49:00Z,true
northumbrian:NWL00152:1771367816000,northumbrian:NWL00152,northumbrian,2026-02-17T22:36:56Z,2026-02-17T22:58:56Z,22,hub,2026-09-17T00:49:00Z,2026-09-17T00:49:00Z,true
northumbrian:NWL00209(1):1771198117000,northumbrian:NWL00209(1),northumbrian,2026-02-15T23:28:37Z,2026-02-15T23:30:37Z,2,hub,2026-09-17T00:49:00Z,2026-09-17T00:49:00Z,true
northumbrian:NWL00209(2):1771190197000,northumbrian:NWL00209(2),northumbrian,2026-02-15T21:16:37Z,2026-02-15T21:18:37Z,2,hub,2026-09-17T00:49:00Z,2026-09-17T00:49:00Z,true
northumbrian:NWL00227:1770859199000,northumbrian:NWL00227,northumbrian,2026-02-12T01:19:59Z,2026-02-12T01:21:59Z,2,hub,2026-09-17T00:49:00Z,2026-09-17T00:49:00Z,true
northumbrian:NWL00273:1770912360000,northumbrian:NWL00273,northumbrian,2026-02-12T16:06:00Z,2026-02-12T16:08:00Z,2,hub,2026-09-17T00:49:00Z,2026-09-17T00:49:00Z,true
northumbrian:NWL00425:1770315120000,northumbrian:NWL00425,northumbrian,2026-02-05T18:12:00Z,2026-02-05T18:14:00Z,2,hub,2026-09-17T00:49:00Z,2026-09-17T00:49:00Z,true
northumbrian:NWL00442:1770852719000,northumbrian:NWL00442,northumbrian,2026-02-11T23:31:59Z,2026-02-12T03:43:59Z,252,hub,2026-09-17T00:49:00Z,2026-09-17T00:49:00Z,true
northumbrian:NWL00447:1770986542000,northumbrian:NWL00447,northumbrian,2026-02-13T12:42:22Z,2026-02-13T12:44:59Z,3,hub,2026-09-17T00:49:00Z,2026-09-17T00:49:00Z,true
northumbrian:NWL00501:1770890519000,northumbrian:NWL00501,northumbrian,2026-02-12T10:01:59Z,2026-02-12T10:03:59Z,2,hub,2026-09-17T00:49:00Z,2026-09-17T00:49:00Z,true
northumbrian:NWL00502:1770902399000,northumbrian:NWL00502,northumbrian,2026-02-12T13:19:59Z,2026-02-12T13:21:59Z,2,hub,2026-09-17T00:49:00Z,2026-09-17T00:49:00Z,true
northumbrian:NWL00509:1770848279000,northumbrian:NWL00509,northumbrian,2026-02-11T22:17:59Z,2026-02-12T05:41:59Z,444,hub,2026-09-17T00:49:00Z,2026-09-17T00:49:00Z,true
northumbrian:NWL00595:1771847071000,northumbrian:NWL00595,northumbrian,2026-02-23T11:44:31Z,2026-02-23T11:45:29Z,1,hub,2026-09-17T00:49:00Z,2026-09-17T00:49:00Z,true
northumbrian:NWL00634:1770812640000,northumbrian:NWL00634,northumbrian,2026-02-11T12:24:00Z,2026-02-13T08:54:42Z,2671,hub,2026-09-17T00:49:00Z,2026-09-17T00:49:00Z,true
northumbrian:NWL00648:1771149253000,northumbrian:NWL00648,northumbrian,2026-02-15T09:54:13Z,2026-02-15T09:54:38Z,0,hub,2026-09-17T00:49:00Z,2026-09-17T00:49:00Z,true
northumbrian:NWL00726:1771284830000,northumbrian:NWL00726,northumbrian,2026-02-16T23:33:50Z,2026-02-16T23:34:00Z,0,hub,2026-09-17T00:49:00Z,2026-09-17T00:49:00Z,true
northumbrian:NWL00944:1770937079000,northumbrian:NWL00944,northumbrian,2026-02-12T22:57:59Z,2026-02-12T23:27:59Z,30,hub,2026-09-17T00:49:00Z,2026-09-17T00:49:00Z,true
northumbrian:NWL01076:1771352229000,northumbrian:NWL01076,northumbrian,2026-02-17T18:17:09Z,2026-02-17T18:37:03Z,20,hub,2026-09-17T00:49:00Z,2026-09-17T00:49:00Z,true
northumbrian:NWL01167:1771851539000,northumbrian:NWL01167,northumbrian,2026-02-23T12:58:59Z,2026-02-23T13:47:37Z,49,hub,2026-09-17T00:49:00Z,2026-09-17T00:49:00Z,true
northumbrian:NWL01177:1771900502000,northumbrian:NWL01177,northumbrian,2026-02-24T02:35:02Z,2026-02-24T02:44:59Z,10,hub,2026-09-17T00:49:00Z,2026-09-17T00:49:00Z,true
northumbrian:NWL01190:1770884879000,northumbrian:NWL01190,northumbrian,2026-02-12T08:27:59Z,2026-02-12T08:29:59Z,2,hub,2026-09-17T00:49:00Z,2026-09-17T00:49:00Z,true
northumbrian:NWL01207:1770805957000,northumbrian:NWL01207,northumbrian,2026-02-11T10:32:37Z,2026-02-11T10:34:37Z,2,hub,2026-09-17T00:49:00Z,2026-09-17T00:49:00Z,true
northumbrian:NWL01223:1770823919000,northumbrian:NWL01223,northumbrian,2026-02-11T15:31:59Z,2026-02-11T15:37:59Z,6,hub,2026-09-17T00:49:00Z,2026-09-17T00:49:00Z,true
northumbrian:NWL01277:1770832370000,northumbrian:NWL01277,northumbrian,2026-02-11T17:52:50Z,2026-02-12T17:02:00Z,1389,hub,2026-09-17T00:49:00Z,2026-09-17T00:49:00Z,true
northumbrian:NWL01438:1770768637000,northumbrian:NWL01438,northumbrian,2026-02-11T00:10:37Z,2026-02-13T20:52:37Z,4122,hub,2026-09-17T00:49:00Z,2026-09-17T00:49:00Z,true
northumbrian:NWL01518:1770832439000,northumbrian:NWL01518,northumbrian,2026-02-11T17:53:59Z,2026-02-11T17:55:59Z,2,hub,2026-09-17T00:49:00Z,2026-09-17T00:49:00Z,true
severn-trent:SVT00146:1772275505000,severn-trent:SVT00146,severn-trent,2026-02-28T10:45:05Z,2026-02-28T11:07:51Z,23,hub,2026-09-17T00:49:00Z,2026-09-17T00:49:00Z,true
severn-trent:SVT00150:1770365400000,severn-trent:SVT00150,severn-trent,2026-02-06T08:10:00Z,2026-02-06T08:20:00Z,10,hub,2026-09-17T00:49:00Z,2026-09-17T00:49:00Z,true
severn-trent:SVT00156:1771448590000,severn-trent:SVT00156,severn-trent,2026-02-18T21:03:10Z,2026-02-19T23:26:50Z,1584,hub,2026-09-17T00:49:00Z,2026-09-17T00:49:00Z,true
severn-trent:SVT00159:1770939094000,severn-trent:SVT00159,severn-trent,2026-02-12T23:31:34Z,2026-02-12T23:42:43Z,11,hub,2026-09-17T00:49:00Z,2026-09-17T00:49:00Z,true
severn-trent:SVT00192:1772255897000,severn-trent:SVT00192,severn-trent,2026-02-28T05:18:17Z,2026-02-28T07:49:16Z,151,hub,2026-09-17T00:49:00Z,2026-09-17T00:49:00Z,true
severn-trent:SVT00198:1772223662000,severn-trent:SVT00198,severn-trent,2026-02-27T20:21:02Z,2026-02-27T20:25:45Z,5,hub,2026-09-17T00:49:00Z,2026-09-17T00:49:00Z,true
severn-trent:SVT00205:1772267369000,severn-trent:SVT00205,severn-trent,2026-02-28T08:29:29Z,2026-03-01T00:24:31Z,955,hub,2026-09-17T00:49:00Z,2026-09-17T00:49:00Z,true
severn-trent:SVT00235:1772259006000,severn-trent:SVT00235,severn-trent,2026-02-28T06:10:06Z,2026-02-28T08:02:27Z,112,hub,2026-09-17T00:49:00Z,2026-09-17T00:49:00Z,true
severn-trent:SVT00262:1770410895000,severn-trent:SVT00262,severn-trent,2026-02-06T20:48:15Z,2026-02-06T22:26:20Z,98,hub,2026-09-17T00:49:00Z,2026-09-17T00:49:00Z,true
severn-trent:SVT00264:1770500219000,severn-trent:SVT00264,severn-trent,2026-02-07T21:36:59Z,2026-02-08T03:13:17Z,336,hub,2026-09-17T00:49:00Z,2026-09-17T00:49:00Z,true
severn-trent:SVT00285:1772303945000,severn-trent:SVT00285,severn-trent,2026-02-28T18:39:05Z,2026-03-01T08:47:00Z,848,hub,2026-09-17T00:49:00Z,2026-09-17T00:49:00Z,true
severn-trent:SVT00286:1770409500000,severn-trent:SVT00286,severn-trent,2026-02-06T20:25:00Z,2026-02-06T21:35:00Z,70,hub,2026-09-17T00:49:00Z,2026-09-17T00:49:00Z,true
severn-trent:SVT00300:1770975419000,severn-trent:SVT00300,severn-trent,2026-02-13T09:36:59Z,2026-02-13T13:53:22Z,256,hub,2026-09-17T00:49:00Z,2026-09-17T00:49:00Z,true
severn-trent:SVT00336:1772227246000,severn-trent:SVT00336,severn-trent,2026-02-27T21:20:46Z,2026-02-28T20:50:00Z,1409,hub,2026-09-17T00:49:00Z,2026-09-17T00:49:00Z,true
severn-trent:SVT00360:1772220366000,severn-trent:SVT00360,severn-trent,2026-02-27T19:26:06Z,2026-02-28T10:35:00Z,909,hub,2026-09-17T00:49:00Z,2026-09-17T00:49:00Z,true
severn-trent:SVT00370:1770575572000,severn-trent:SVT00370,severn-trent,2026-02-08T18:32:52Z,2026-02-08T22:35:00Z,242,hub,2026-09-17T00:49:00Z,2026-09-17T00:49:00Z,true
severn-trent:SVT00475:1771268248000,severn-trent:SVT00475,severn-trent,2026-02-16T18:57:28Z,2026-02-16T19:11:45Z,14,hub,2026-09-17T00:49:00Z,2026-09-17T00:49:00Z,true
severn-trent:SVT00484:1772176964000,severn-trent:SVT00484,severn-trent,2026-02-27T07:22:44Z,2026-03-02T00:05:00Z,3882,hub,2026-09-17T00:49:00Z,2026-09-17T00:49:00Z,true
severn-trent:SVT00520:1772239192000,severn-trent:SVT00520,severn-trent,2026-02-28T00:39:52Z,2026-02-28T05:32:32Z,293,hub,2026-09-17T00:49:00Z,2026-09-17T00:49:00Z,true
severn-trent:SVT00547:1772291895000,severn-trent:SVT00547,severn-trent,2026-02-28T15:18:15Z,2026-03-02T00:36:45Z,1999,hub,2026-09-17T00:49:00Z,2026-09-17T00:49:00Z,true
severn-trent:SVT00562:1770521100000,severn-trent:SVT00562,severn-trent,2026-02-08T03:25:00Z,2026-02-11T14:22:22Z,4977,hub,2026-09-17T00:49:00Z,2026-09-17T00:49:00Z,true
severn-trent:SVT00574:1770815567000,severn-trent:SVT00574,severn-trent,2026-02-11T13:12:47Z,2026-02-11T14:23:39Z,71,hub,2026-09-17T00:49:00Z,2026-09-17T00:49:00Z,true
severn-trent:SVT00594:1772246295000,severn-trent:SVT00594,severn-trent,2026-02-28T02:38:15Z,2026-02-28T08:39:29Z,361,hub,2026-09-17T00:49:00Z,2026-09-17T00:49:00Z,true
severn-trent:SVT00637:1772255722000,severn-trent:SVT00637,severn-trent,2026-02-28T05:15:22Z,2026-02-28T15:01:51Z,586,hub,2026-09-17T00:49:00Z,2026-09-17T00:49:00Z,true
severn-trent:SVT00675:1771325951000,severn-trent:SVT00675,severn-trent,2026-02-17T10:59:11Z,2026-02-17T11:02:08Z,3,hub,2026-09-17T00:49:00Z,2026-09-17T00:49:00Z,true
severn-trent:SVT00713:1772269898000,severn-trent:SVT00713,severn-trent,2026-02-28T09:11:38Z,2026-03-01T01:33:01Z,981,hub,2026-09-17T00:49:00Z,2026-09-17T00:49:00Z,true
severn-trent:SVT00742:1772249841000,severn-trent:SVT00742,severn-trent,2026-02-28T03:37:21Z,2026-02-28T13:14:45Z,577,hub,2026-09-17T00:49:00Z,2026-09-17T00:49:00Z,true
severn-trent:SVT00761:1772281612000,severn-trent:SVT00761,severn-trent,2026-02-28T12:26:52Z,2026-02-28T12:36:17Z,9,hub,2026-09-17T00:49:00Z,2026-09-17T00:49:00Z,true
severn-trent:SVT00787:1770617629000,severn-trent:SVT00787,severn-trent,2026-02-09T06:13:49Z,2026-02-09T07:09:47Z,56,hub,2026-09-17T00:49:00Z,2026-09-17T00:49:00Z,true
severn-trent:SVT00800:1771473994000,severn-trent:SVT00800,severn-trent,2026-02-19T04:06:34Z,2026-02-19T04:12:20Z,6,hub,2026-09-17T00:49:00Z,2026-09-17T00:49:00Z,true
severn-trent:SVT00845:1772279098000,severn-trent:SVT00845,severn-trent,2026-02-28T11:44:58Z,2026-02-28T11:54:53Z,10,hub,2026-09-17T00:49:00Z,2026-09-17T00:49:00Z,true
severn-trent:SVT00890:1770999000000,severn-trent:SVT00890,severn-trent,2026-02-13T16:10:00Z,2026-02-13T16:23:55Z,14,hub,2026-09-17T00:49:00Z,2026-09-17T00:49:00Z,true
severn-trent:SVT00906:1772233028000,severn-trent:SVT00906,severn-trent,2026-02-27T22:57:08Z,2026-02-28T02:27:12Z,210,hub,2026-09-17T00:49:00Z,2026-09-17T00:49:00Z,true
severn-trent:SVT00924:1770405900000,severn-trent:SVT00924,severn-trent,2026-02-06T19:25:00Z,2026-02-06T19:50:00Z,25,hub,2026-09-17T00:49:00Z,2026-09-17T00:49:00Z,true
severn-trent:SVT00937:1772278593000,severn-trent:SVT00937,severn-trent,2026-02-28T11:36:33Z,2026-02-28T11:39:34Z,3,hub,2026-09-17T00:49:00Z,2026-09-17T00:49:00Z,true
severn-trent:SVT00957:1772255344000,severn-trent:SVT00957,severn-trent,2026-02-28T05:09:04Z,2026-02-28T06:35:01Z,86,hub,2026-09-17T00:49:00Z,2026-09-17T00:49:00Z,true
severn-trent:SVT00961:1772291505000,severn-trent:SVT00961,severn-trent,2026-02-28T15:11:45Z,2026-02-28T17:15:56Z,124,hub,2026-09-17T00:49:00Z,2026-09-17T00:49:00Z,true
severn-trent:SVT00967:1770375683000,severn-trent:SVT00967,severn-trent,2026-02-06T11:01:23Z,2026-02-06T16:58:42Z,357,hub,2026-09-17T00:49:00Z,2026-09-17T00:49:00Z,true
severn-trent:SVT01022:1770997746000,severn-trent:SVT01022,severn-trent,2026-02-13T15:49:06Z,2026-02-13T23:13:28Z,444,hub,2026-09-17T00:49:00Z,2026-09-17T00:49:00Z,true
severn-trent:SVT01111:1772253415000,severn-trent:SVT01111,severn-trent,2026-02-28T04:36:55Z,2026-02-28T10:35:00Z,358,hub,2026-09-17T00:49:00Z,2026-09-17T00:49:00Z,true
severn-trent:SVT01217:1770803105000,severn-trent:SVT01217,severn-trent,2026-02-11T09:45:05Z,2026-02-11T09:51:17Z,6,hub,2026-09-17T00:49:00Z,2026-09-17T00:49:00Z,true
severn-trent:SVT01260:1772294547000,severn-trent:SVT01260,severn-trent,2026-02-28T16:02:27Z,2026-02-28T18:10:21Z,128,hub,2026-09-17T00:49:00Z,2026-09-17T00:49:00Z,true
severn-trent:SVT01277:1772303347000,severn-trent:SVT01277,severn-trent,2026-02-28T18:29:07Z,2026-02-28T18:30:00Z,1,hub,2026-09-17T00:49:00Z,2026-09-17T00:49:00Z,true
severn-trent:SVT01280:1772298180000,severn-trent:SVT01280,severn-trent,2026-02-28T17:03:00Z,2026-02-28T17:33:19Z,30,hub,2026-09-17T00:49:00Z,2026-09-17T00:49:00Z,true
severn-trent:SVT01361:1771169195000,severn-trent:SVT01361,severn-trent,2026-02-15T15:26:35Z,2026-02-16T21:13:52Z,1787,hub,2026-09-17T00:49:00Z,2026-09-17T00:49:00Z,true
severn-trent:SVT01390:1772238072000,severn-trent:SVT01390,severn-trent,2026-02-28T00:21:12Z,2026-02-28T19:57:46Z,1177,hub,2026-09-17T00:49:00Z,2026-09-17T00:49:00Z,true
severn-trent:SVT01405:1771532537000,severn-trent:SVT01405,severn-trent,2026-02-19T20:22:17Z,2026-02-19T23:25:54Z,184,hub,2026-09-17T00:49:00Z,2026-09-17T00:49:00Z,true
severn-trent:SVT01424:1771471675000,severn-trent:SVT01424,severn-trent,2026-02-19T03:27:55Z,2026-02-20T02:05:00Z,1357,hub,2026-09-17T00:49:00Z,2026-09-17T00:49:00Z,true
severn-trent:SVT01434:1771013778000,severn-trent:SVT01434,severn-trent,2026-02-13T20:16:18Z,2026-02-13T20:23:07Z,7,hub,2026-09-17T00:49:00Z,2026-09-17T00:49:00Z,true
severn-trent:SVT01453:1771800025000,severn-trent:SVT01453,severn-trent,2026-02-22T22:40:25Z,2026-02-23T07:28:00Z,528,hub,2026-09-17T00:49:00Z,2026-09-17T00:49:00Z,true
severn-trent:SVT01540:1772264343000,severn-trent:SVT01540,severn-trent,2026-02-28T07:39:03Z,2026-02-28T13:35:00Z,356,hub,2026-09-17T00:49:00Z,2026-09-17T00:49:00Z,true
severn-trent:SVT01565:1771158291000,severn-trent:SVT01565,severn-trent,2026-02-15T12:24:51Z,2026-02-16T14:31:20Z,1566,hub,2026-09-17T00:49:00Z,2026-09-17T00:49:00Z,true
severn-trent:SVT01585:1771172422000,severn-trent:SVT01585,severn-trent,2026-02-15T16:20:22Z,2026-02-15T23:06:30Z,406,hub,2026-09-17T00:49:00Z,2026-09-17T00:49:00Z,true
severn-trent:SVT01601:1772256118000,severn-trent:SVT01601,severn-trent,2026-02-28T05:21:58Z,2026-02-28T06:20:00Z,58,hub,2026-09-17T00:49:00Z,2026-09-17T00:49:00Z,true
severn-trent:SVT01686:1772241736000,severn-trent:SVT01686,severn-trent,2026-02-28T01:22:16Z,2026-02-28T22:58:08Z,1296,hub,2026-09-17T00:49:00Z,2026-09-17T00:49:00Z,true
severn-trent:SVT01735:1771853919000,severn-trent:SVT01735,severn-trent,2026-02-23T13:38:39Z,2026-02-24T00:30:17Z,652,hub,2026-09-17T00:49:00Z,2026-09-17T00:49:00Z,true
severn-trent:SVT01772:1772224539000,severn-trent:SVT01772,severn-trent,2026-02-27T20:35:39Z,2026-02-28T14:20:00Z,1064,hub,2026-09-17T00:49:00Z,2026-09-17T00:49:00Z,true
severn-trent:SVT01811:1772239721000,severn-trent:SVT01811,severn-trent,2026-02-28T00:48:41Z,2026-02-28T01:13:12Z,25,hub,2026-09-17T00:49:00Z,2026-09-17T00:49:00Z,true
severn-trent:SVT01820:1772280087000,severn-trent:SVT01820,severn-trent,2026-02-28T12:01:27Z,2026-02-28T12:05:07Z,4,hub,2026-09-17T00:49:00Z,2026-09-17T00:49:00Z,true
severn-trent:SVT01828:1772241802000,severn-trent:SVT01828,severn-trent,2026-02-28T01:23:22Z,2026-02-28T20:42:40Z,1159,hub,2026-09-17T00:49:00Z,2026-09-17T00:49:00Z,true
severn-trent:SVT01879:1772241463000,severn-trent:SVT01879,severn-trent,2026-02-28T01:17:43Z,2026-02-28T01:44:50Z,27,hub,2026-09-17T00:49:00Z,2026-09-17T00:49:00Z,true
severn-trent:SVT01975:1771524957000,severn-trent:SVT01975,severn-trent,2026-02-19T18:15:57Z,2026-02-19T23:58:57Z,343,hub,2026-09-17T00:49:00Z,2026-09-17T00:49:00Z,true
severn-trent:SVT01985:1770640661000,severn-trent:SVT01985,severn-trent,2026-02-09T12:37:41Z,2026-02-09T12:45:33Z,8,hub,2026-09-17T00:49:00Z,2026-09-17T00:49:00Z,true
severn-trent:SVT02038:1770486770000,severn-trent:SVT02038,severn-trent,2026-02-07T17:52:50Z,2026-02-07T18:03:11Z,10,hub,2026-09-17T00:49:00Z,2026-09-17T00:49:00Z,true
severn-trent:SVT02054:1772254642000,severn-trent:SVT02054,severn-trent,2026-02-28T04:57:22Z,2026-02-28T13:54:41Z,537,hub,2026-09-17T00:49:00Z,2026-09-17T00:49:00Z,true
severn-trent:SVT02075:1772272291000,severn-trent:SVT02075,severn-trent,2026-02-28T09:51:31Z,2026-02-28T09:59:53Z,8,hub,2026-09-17T00:49:00Z,2026-09-17T00:49:00Z,true
severn-trent:SVT02098:1772230067000,severn-trent:SVT02098,severn-trent,2026-02-27T22:07:47Z,2026-02-28T04:56:05Z,408,hub,2026-09-17T00:49:00Z,2026-09-17T00:49:00Z,true
severn-trent:SVT02194:1771221618000,severn-trent:SVT02194,severn-trent,2026-02-16T06:00:18Z,2026-02-16T06:07:23Z,7,hub,2026-09-17T00:49:00Z,2026-09-17T00:49:00Z,true
severn-trent:SVT02219:1771028956000,severn-trent:SVT02219,severn-trent,2026-02-14T00:29:16Z,2026-02-14T01:22:30Z,53,hub,2026-09-17T00:49:00Z,2026-09-17T00:49:00Z,true
severn-trent:SVT02223:1772258328000,severn-trent:SVT02223,severn-trent,2026-02-28T05:58:48Z,2026-02-28T07:14:31Z,76,hub,2026-09-17T00:49:00Z,2026-09-17T00:49:00Z,true
severn-trent:SVT02242:1771276740000,severn-trent:SVT02242,severn-trent,2026-02-16T21:19:00Z,2026-02-16T21:26:26Z,7,hub,2026-09-17T00:49:00Z,2026-09-17T00:49:00Z,true
severn-trent:SVT02269:1772263873000,severn-trent:SVT02269,severn-trent,2026-02-28T07:31:13Z,2026-02-28T07:58:33Z,27,hub,2026-09-17T00:49:00Z,2026-09-17T00:49:00Z,true
severn-trent:SVT02282:1770486137000,severn-trent:SVT02282,severn-trent,2026-02-07T17:42:17Z,2026-02-07T17:47:44Z,5,hub,2026-09-17T00:49:00Z,2026-09-17T00:49:00Z,true
severn-trent:SVT02329:1770485093000,severn-trent:SVT02329,severn-trent,2026-02-07T17:24:53Z,2026-02-08T00:21:28Z,417,hub,2026-09-17T00:49:00Z,2026-09-17T00:49:00Z,true
severn-trent:SVT02406:1772229701000,severn-trent:SVT02406,severn-trent,2026-02-27T22:01:41Z,2026-03-01T22:24:46Z,2903,hub,2026-09-17T00:49:00Z,2026-09-17T00:49:00Z,true
severn-trent:SVT02468:1771159719000,severn-trent:SVT02468,severn-trent,2026-02-15T12:48:39Z,2026-02-15T19:05:00Z,376,hub,2026-09-17T00:49:00Z,2026-09-17T00:49:00Z,true
severn-trent:SVT02481:1770985839000,severn-trent:SVT02481,severn-trent,2026-02-13T12:30:39Z,2026-02-14T02:23:47Z,833,hub,2026-09-17T00:49:00Z,2026-09-17T00:49:00Z,true
severn-trent:SVT02496:1770511206000,severn-trent:SVT02496,severn-trent,2026-02-08T00:40:06Z,2026-02-08T00:48:50Z,9,hub,2026-09-17T00:49:00Z,2026-09-17T00:49:00Z,true
severn-trent:SVT02498:1770491660000,severn-trent:SVT02498,severn-trent,2026-02-07T19:14:20Z,2026-02-08T05:50:00Z,636,hub,2026-09-17T00:49:00Z,2026-09-17T00:49:00Z,true
severn-trent:SVT02515:1772314123000,severn-trent:SVT02515,severn-trent,2026-02-28T21:28:43Z,2026-03-01T00:03:53Z,155,hub,2026-09-17T00:49:00Z,2026-09-17T00:49:00Z,true
severn-trent:SVT02544:1770993253000,severn-trent:SVT02544,severn-trent,2026-02-13T14:34:13Z,2026-02-13T23:57:57Z,564,hub,2026-09-17T00:49:00Z,2026-09-17T00:49:00Z,true
severn-trent:SVT02570:1772253688000,severn-trent:SVT02570,severn-trent,2026-02-28T04:41:28Z,2026-02-28T14:21:39Z,580,hub,2026-09-17T00:49:00Z,2026-09-17T00:49:00Z,true
severn-trent:SVT02574:1772249550000,severn-trent:SVT02574,severn-trent,2026-02-28T03:32:30Z,2026-03-01T16:20:00Z,2208,hub,2026-09-17T00:49:00Z,2026-09-17T00:49:00Z,true
severn-trent:SVT02613:1772263510000,severn-trent:SVT02613,severn-trent,2026-02-28T07:25:10Z,2026-03-01T00:23:03Z,1018,hub,2026-09-17T00:49:00Z,2026-09-17T00:49:00Z,true
severn-trent:SVT02623:1772253851000,severn-trent:SVT02623,severn-trent,2026-02-28T04:44:11Z,2026-02-28T05:05:58Z,22,hub,2026-09-17T00:49:00Z,2026-09-17T00:49:00Z,true
severn-trent:SVT02626:1772250900000,severn-trent:SVT02626,severn-trent,2026-02-28T03:55:00Z,2026-03-01T06:50:00Z,1615,hub,2026-09-17T00:49:00Z,2026-09-17T00:49:00Z,true
severn-trent:SVT02646:1772227202000,severn-trent:SVT02646,severn-trent,2026-02-27T21:20:02Z,2026-02-27T21:44:03Z,24,hub,2026-09-17T00:49:00Z,2026-09-17T00:49:00Z,true
severn-trent:SVT02654:1770408679000,severn-trent:SVT02654,severn-trent,2026-02-06T20:11:19Z,2026-02-06T20:18:20Z,7,hub,2026-09-17T00:49:00Z,2026-09-17T00:49:00Z,true
severn-trent:SVT02661:1772259135000,severn-trent:SVT02661,severn-trent,2026-02-28T06:12:15Z,2026-02-28T07:14:13Z,62,hub,2026-09-17T00:49:00Z,2026-09-17T00:49:00Z,true
severn-trent:SVT02662:1770285276000,severn-trent:SVT02662,severn-trent,2026-02-05T09:54:36Z,2026-02-05T10:07:42Z,13,hub,2026-09-17T00:49:00Z,2026-09-17T00:49:00Z,true
severn-trent:SVT02669:1770953941000,severn-trent:SVT02669,severn-trent,2026-02-13T03:39:01Z,2026-02-13T03:42:36Z,4,hub,2026-09-17T00:49:00Z,2026-09-17T00:49:00Z,true
severn-trent:SVT02693:1772252613000,severn-trent:SVT02693,severn-trent,2026-02-28T04:23:33Z,2026-02-28T05:33:40Z,70,hub,2026-09-17T00:49:00Z,2026-09-17T00:49:00Z,true
south-west:SBB00005:1770891054000,south-west:SBB00005,south-west,2026-02-12T10:10:54Z,2026-02-12T10:12:13Z,1,hub,2026-09-17T00:49:00Z,2026-09-17T00:49:00Z,true
south-west:SBB00012:1771419340300,south-west:SBB00012,south-west,2026-02-18T12:55:40Z,2026-02-18T12:58:40Z,3,hub,2026-09-17T00:49:00Z,2026-09-17T00:49:00Z,true
south-west:SBB00016:1770529360200,south-west:SBB00016,south-west,2026-02-08T05:42:40Z,2026-02-08T05:46:50Z,4,hub,2026-09-17T00:49:00Z,2026-09-17T00:49:00Z,true
south-west:SBB00022:1770642854000,south-west:SBB00022,south-west,2026-02-09T13:14:14Z,2026-02-09T13:17:24Z,3,hub,2026-09-17T00:49:00Z,2026-09-17T00:49:00Z,true
south-west:SBB00050:1771425211000,south-west:SBB00050,south-west,2026-02-18T14:33:31Z,2026-02-19T01:28:59Z,655,hub,2026-09-17T00:49:00Z,2026-09-17T00:49:00Z,true
south-west:SBB00053:1772168552000,south-west:SBB00053,south-west,2026-02-27T05:02:32Z,2026-02-27T05:13:02Z,11,hub,2026-09-17T00:49:00Z,2026-09-17T00:49:00Z,true
south-west:SBB00057:1771442856000,south-west:SBB00057,south-west,2026-02-18T19:27:36Z,2026-02-18T22:58:06Z,211,hub,2026-09-17T00:49:00Z,2026-09-17T00:49:00Z,true
south-west:SBB00091:1772172306000,south-west:SBB00091,south-west,2026-02-27T06:05:06Z,2026-03-03T20:09:18Z,6604,hub,2026-09-17T00:49:00Z,2026-09-17T00:49:00Z,true
south-west:SBB00101:1770713910200,south-west:SBB00101,south-west,2026-02-10T08:58:30Z,2026-02-10T09:09:00Z,10,hub,2026-09-17T00:49:00Z,2026-09-17T00:49:00Z,true
south-west:SBB00118:1772148081000,south-west:SBB00118,south-west,2026-02-26T23:21:21Z,2026-03-01T10:27:51Z,3547,hub,2026-09-17T00:49:00Z,2026-09-17T00:49:00Z,true
south-west:SBB00134:1771728870000,south-west:SBB00134,south-west,2026-02-22T02:54:30Z,2026-02-22T02:55:31Z,1,hub,2026-09-17T00:49:00Z,2026-09-17T00:49:00Z,true
south-west:SBB00141:1770317525170,south-west:SBB00141,south-west,2026-02-05T18:52:05Z,2026-02-05T19:06:05Z,14,hub,2026-09-17T00:49:00Z,2026-09-17T00:49:00Z,true
south-west:SBB00142:1770985445000,south-west:SBB00142,south-west,2026-02-13T12:24:05Z,2026-02-13T13:32:07Z,68,hub,2026-09-17T00:49:00Z,2026-09-17T00:49:00Z,true
south-west:SBB00144:1771659851000,south-west:SBB00144,south-west,2026-02-21T07:44:11Z,2026-02-21T15:51:21Z,487,hub,2026-09-17T00:49:00Z,2026-09-17T00:49:00Z,true
south-west:SBB00164:1771442100600,south-west:SBB00164,south-west,2026-02-18T19:15:00Z,2026-02-19T16:03:11Z,1248,hub,2026-09-17T00:49:00Z,2026-09-17T00:49:00Z,true
south-west:SBB00182:1770588140200,south-west:SBB00182,south-west,2026-02-08T22:02:20Z,2026-02-09T03:27:10Z,325,hub,2026-09-17T00:49:00Z,2026-09-17T00:49:00Z,true
south-west:SBB00185:1770889223000,south-west:SBB00185,south-west,2026-02-12T09:40:23Z,2026-02-12T09:42:04Z,2,hub,2026-09-17T00:49:00Z,2026-09-17T00:49:00Z,true
south-west:SBB00198:1771407679000,south-west:SBB00198,south-west,2026-02-18T09:41:19Z,2026-02-19T10:39:48Z,1498,hub,2026-09-17T00:49:00Z,2026-09-17T00:49:00Z,true
south-west:SBB00220:1772148010400,south-west:SBB00220,south-west,2026-02-26T23:20:10Z,2026-02-27T03:04:20Z,224,hub,2026-09-17T00:49:00Z,2026-09-17T00:49:00Z,true
south-west:SBB00251:1771767190500,south-west:SBB00251,south-west,2026-02-22T13:33:10Z,2026-02-22T14:08:10Z,35,hub,2026-09-17T00:49:00Z,2026-09-17T00:49:00Z,true
south-west:SBB00272:1770649391000,south-west:SBB00272,south-west,2026-02-09T15:03:11Z,2026-02-09T17:31:30Z,148,hub,2026-09-17T00:49:00Z,2026-09-17T00:49:00Z,true
south-west:SBB00295:1772235691000,south-west:SBB00295,south-west,2026-02-27T23:41:31Z,2026-02-28T01:08:01Z,87,hub,2026-09-17T00:49:00Z,2026-09-17T00:49:00Z,true
south-west:SBB00320:1769986491000,south-west:SBB00320,south-west,2026-02-01T22:54:51Z,2026-02-01T22:58:01Z,3,hub,2026-09-17T00:49:00Z,2026-09-17T00:49:00Z,true
south-west:SBB00331:1771160911000,south-west:SBB00331,south-west,2026-02-15T13:08:31Z,2026-02-15T20:05:31Z,417,hub,2026-09-17T00:49:00Z,2026-09-17T00:49:00Z,true
south-west:SBB00350:1772176205200,south-west:SBB00350,south-west,2026-02-27T07:10:05Z,2026-02-27T09:10:05Z,120,hub,2026-09-17T00:49:00Z,2026-09-17T00:49:00Z,true
south-west:SBB00352:1771006014000,south-west:SBB00352,south-west,2026-02-13T18:06:54Z,2026-02-13T18:13:47Z,7,hub,2026-09-17T00:49:00Z,2026-09-17T00:49:00Z,true
south-west:SBB00353:1771445541000,south-west:SBB00353,south-west,2026-02-18T20:12:21Z,2026-02-18T20:25:51Z,14,hub,2026-09-17T00:49:00Z,2026-09-17T00:49:00Z,true
south-west:SBB00363:1771448721000,south-west:SBB00363,south-west,2026-02-18T21:05:21Z,2026-02-18T21:11:00Z,6,hub,2026-09-17T00:49:00Z,2026-09-17T00:49:00Z,true
south-west:SBB00365:1770083691000,south-west:SBB00365,south-west,2026-02-03T01:54:51Z,2026-02-03T02:05:30Z,11,hub,2026-09-17T00:49:00Z,2026-09-17T00:49:00Z,true
south-west:SBB00378:1771520000400,south-west:SBB00378,south-west,2026-02-19T16:53:20Z,2026-02-19T17:01:20Z,8,hub,2026-09-17T00:49:00Z,2026-09-17T00:49:00Z,true
south-west:SBB00404:1771415025000,south-west:SBB00404,south-west,2026-02-18T11:43:45Z,2026-02-18T11:57:48Z,14,hub,2026-09-17T00:49:00Z,2026-09-17T00:49:00Z,true
south-west:SBB00413:1771432085170,south-west:SBB00413,south-west,2026-02-18T16:28:05Z,2026-02-18T17:08:05Z,40,hub,2026-09-17T00:49:00Z,2026-09-17T00:49:00Z,true
south-west:SBB00416:1772160870400,south-west:SBB00416,south-west,2026-02-27T02:54:30Z,2026-02-27T02:56:20Z,2,hub,2026-09-17T00:49:00Z,2026-09-17T00:49:00Z,true
south-west:SBB00425:1771438028000,south-west:SBB00425,south-west,2026-02-18T18:07:08Z,2026-02-19T01:47:45Z,461,hub,2026-09-17T00:49:00Z,2026-09-17T00:49:00Z,true
south-west:SBB00426:1771683512000,south-west:SBB00426,south-west,2026-02-21T14:18:32Z,2026-02-21T14:20:51Z,2,hub,2026-09-17T00:49:00Z,2026-09-17T00:49:00Z,true
south-west:SBB00456:1771432350000,south-west:SBB00456,south-west,2026-02-18T16:32:30Z,2026-02-18T16:41:41Z,9,hub,2026-09-17T00:49:00Z,2026-09-17T00:49:00Z,true
south-west:SBB00461:1772242424000,south-west:SBB00461,south-west,2026-02-28T01:33:44Z,2026-02-28T13:07:33Z,694,hub,2026-09-17T00:49:00Z,2026-09-17T00:49:00Z,true
south-west:SBB00469:1771415626000,south-west:SBB00469,south-west,2026-02-18T11:53:46Z,2026-02-18T11:55:47Z,2,hub,2026-09-17T00:49:00Z,2026-09-17T00:49:00Z,true
south-west:SBB00470:1770279421000,south-west:SBB00470,south-west,2026-02-05T08:17:01Z,2026-02-05T08:48:11Z,31,hub,2026-09-17T00:49:00Z,2026-09-17T00:49:00Z,true
south-west:SBB00476:1770572890100,south-west:SBB00476,south-west,2026-02-08T17:48:10Z,2026-02-08T17:54:50Z,7,hub,2026-09-17T00:49:00Z,2026-09-17T00:49:00Z,true
south-west:SBB00485:1771742731000,south-west:SBB00485,south-west,2026-02-22T06:45:31Z,2026-02-22T14:13:29Z,448,hub,2026-09-17T00:49:00Z,2026-09-17T00:49:00Z,true
south-west:SBB00512:1771164230200,south-west:SBB00512,south-west,2026-02-15T14:03:50Z,2026-02-15T14:11:20Z,8,hub,2026-09-17T00:49:00Z,2026-09-17T00:49:00Z,true
south-west:SBB00529:1771438561000,south-west:SBB00529,south-west,2026-02-18T18:16:01Z,2026-02-19T00:45:21Z,389,hub,2026-09-17T00:49:00Z,2026-09-17T00:49:00Z,true
south-west:SBB00552:1772173470000,south-west:SBB00552,south-west,2026-02-27T06:24:30Z,2026-02-27T17:01:07Z,637,hub,2026-09-17T00:49:00Z,2026-09-17T00:49:00Z,true
south-west:SBB00562:1771448941000,south-west:SBB00562,south-west,2026-02-18T21:09:01Z,2026-02-19T03:02:51Z,354,hub,2026-09-17T00:49:00Z,2026-09-17T00:49:00Z,true
south-west:SBB00574:1772216560200,south-west:SBB00574,south-west,2026-02-27T18:22:40Z,2026-02-27T18:46:50Z,24,hub,2026-09-17T00:49:00Z,2026-09-17T00:49:00Z,true
south-west:SBB00593:1770285534000,south-west:SBB00593,south-west,2026-02-05T09:58:54Z,2026-02-05T11:42:43Z,104,hub,2026-09-17T00:49:00Z,2026-09-17T00:49:00Z,true
south-west:SBB00609:1771447101000,south-west:SBB00609,south-west,2026-02-18T20:38:21Z,2026-02-19T07:05:31Z,627,hub,2026-09-17T00:49:00Z,2026-09-17T00:49:00Z,true
south-west:SBB00616:1770379294000,south-west:SBB00616,south-west,2026-02-06T12:01:34Z,2026-02-06T12:59:00Z,57,hub,2026-09-17T00:49:00Z,2026-09-17T00:49:00Z,true
south-west:SBB00634:1771757021000,south-west:SBB00634,south-west,2026-02-22T10:43:41Z,2026-02-22T10:44:51Z,1,hub,2026-09-17T00:49:00Z,2026-09-17T00:49:00Z,true
south-west:SBB00637:1772103710000,south-west:SBB00637,south-west,2026-02-26T11:01:50Z,2026-02-26T11:05:51Z,4,hub,2026-09-17T00:49:00Z,2026-09-17T00:49:00Z,true
south-west:SBB00647:1770744151000,south-west:SBB00647,south-west,2026-02-10T17:22:31Z,2026-02-10T22:43:51Z,321,hub,2026-09-17T00:49:00Z,2026-09-17T00:49:00Z,true
south-west:SBB00648:1770281130200,south-west:SBB00648,south-west,2026-02-05T08:45:30Z,2026-02-05T08:57:10Z,12,hub,2026-09-17T00:49:00Z,2026-09-17T00:49:00Z,true
south-west:SBB00685:1772018970500,south-west:SBB00685,south-west,2026-02-25T11:29:30Z,2026-02-25T11:31:20Z,2,hub,2026-09-17T00:49:00Z,2026-09-17T00:49:00Z,true
south-west:SBB00700:1772157551000,south-west:SBB00700,south-west,2026-02-27T01:59:11Z,2026-02-27T01:59:31Z,0,hub,2026-09-17T00:49:00Z,2026-09-17T00:49:00Z,true
south-west:SBB00739:1771439645170,south-west:SBB00739,south-west,2026-02-18T18:34:05Z,2026-02-18T18:42:05Z,8,hub,2026-09-17T00:49:00Z,2026-09-17T00:49:00Z,true
south-west:SBB00741:1771454009000,south-west:SBB00741,south-west,2026-02-18T22:33:29Z,2026-02-19T00:48:21Z,135,hub,2026-09-17T00:49:00Z,2026-09-17T00:49:00Z,true
south-west:SBB00750:1771418661000,south-west:SBB00750,south-west,2026-02-18T12:44:21Z,2026-02-18T13:10:41Z,26,hub,2026-09-17T00:49:00Z,2026-09-17T00:49:00Z,true
south-west:SBB00783:1770659709000,south-west:SBB00783,south-west,2026-02-09T17:55:09Z,2026-02-09T18:51:25Z,56,hub,2026-09-17T00:49:00Z,2026-09-17T00:49:00Z,true
south-west:SBB00800:1771086831000,south-west:SBB00800,south-west,2026-02-14T16:33:51Z,2026-02-14T17:59:01Z,85,hub,2026-09-17T00:49:00Z,2026-09-17T00:49:00Z,true
south-west:SBB00824:1772113991000,south-west:SBB00824,south-west,2026-02-26T13:53:11Z,2026-02-26T13:54:51Z,2,hub,2026-09-17T00:49:00Z,2026-09-17T00:49:00Z,true
south-west:SBB00832:1770039590300,south-west:SBB00832,south-west,2026-02-02T13:39:50Z,2026-02-02T13:42:20Z,3,hub,2026-09-17T00:49:00Z,2026-09-17T00:49:00Z,true
south-west:SBB00902:1769919383000,south-west:SBB00902,south-west,2026-02-01T04:16:23Z,2026-02-01T04:35:56Z,20,hub,2026-09-17T00:49:00Z,2026-09-17T00:49:00Z,true
south-west:SBB00917:1770802565170,south-west:SBB00917,south-west,2026-02-11T09:36:05Z,2026-02-11T09:38:05Z,2,hub,2026-09-17T00:49:00Z,2026-09-17T00:49:00Z,true
south-west:SBB00918:1770120061000,south-west:SBB00918,south-west,2026-02-03T12:01:01Z,2026-03-27T13:01:01Z,74940,hub,2026-09-17T00:49:00Z,2026-09-17T00:49:00Z,true
south-west:SBB00927:1770447790000,south-west:SBB00927,south-west,2026-02-07T07:03:10Z,2026-02-07T21:06:10Z,843,hub,2026-09-17T00:49:00Z,2026-09-17T00:49:00Z,true
south-west:SBB00948:1772270011000,south-west:SBB00948,south-west,2026-02-28T09:13:31Z,2026-02-28T10:21:21Z,68,hub,2026-09-17T00:49:00Z,2026-09-17T00:49:00Z,true
south-west:SBB00973:1771430046000,south-west:SBB00973,south-west,2026-02-18T15:54:06Z,2026-02-18T16:59:09Z,65,hub,2026-09-17T00:49:00Z,2026-09-17T00:49:00Z,true
south-west:SBB00982:1771416531000,south-west:SBB00982,south-west,2026-02-18T12:08:51Z,2026-02-18T12:20:11Z,11,hub,2026-09-17T00:49:00Z,2026-09-17T00:49:00Z,true
south-west:SBB00987:1770280802000,south-west:SBB00987,south-west,2026-02-05T08:40:02Z,2026-02-05T10:11:38Z,92,hub,2026-09-17T00:49:00Z,2026-09-17T00:49:00Z,true
south-west:SBB00995:1771429205170,south-west:SBB00995,south-west,2026-02-18T15:40:05Z,2026-02-18T16:28:05Z,48,hub,2026-09-17T00:49:00Z,2026-09-17T00:49:00Z,true
south-west:SBB00999:1772143641000,south-west:SBB00999,south-west,2026-02-26T22:07:21Z,2026-02-26T22:23:41Z,16,hub,2026-09-17T00:49:00Z,2026-09-17T00:49:00Z,true
south-west:SBB01001:1771420621000,south-west:SBB01001,south-west,2026-02-18T13:17:01Z,2026-02-18T20:13:41Z,417,hub,2026-09-17T00:49:00Z,2026-09-17T00:49:00Z,true
south-west:SBB01022:1771155740200,south-west:SBB01022,south-west,2026-02-15T11:42:20Z,2026-02-15T11:48:00Z,6,hub,2026-09-17T00:49:00Z,2026-09-17T00:49:00Z,true
south-west:SBB01027:1771438631000,south-west:SBB01027,south-west,2026-02-18T18:17:11Z,2026-02-18T18:26:31Z,9,hub,2026-09-17T00:49:00Z,2026-09-17T00:49:00Z,true
south-west:SBB01029:1771442645200,south-west:SBB01029,south-west,2026-02-18T19:24:05Z,2026-02-18T19:26:05Z,2,hub,2026-09-17T00:49:00Z,2026-09-17T00:49:00Z,true
south-west:SBB01032:1772141470000,south-west:SBB01032,south-west,2026-02-26T21:31:10Z,2026-02-27T02:41:18Z,310,hub,2026-09-17T00:49:00Z,2026-09-17T00:49:00Z,true
south-west:SBB01059:1770372561000,south-west:SBB01059,south-west,2026-02-06T10:09:21Z,2026-02-06T10:39:31Z,30,hub,2026-09-17T00:49:00Z,2026-09-17T00:49:00Z,true
south-west:SBB01063:1771003310200,south-west:SBB01063,south-west,2026-02-13T17:21:50Z,2026-02-13T17:56:19Z,34,hub,2026-09-17T00:49:00Z,2026-09-17T00:49:00Z,true
south-west:SBB01088:1771460880280,south-west:SBB01088,south-west,2026-02-19T00:28:00Z,2026-02-19T00:29:30Z,2,hub,2026-09-17T00:49:00Z,2026-09-17T00:49:00Z,true
south-west:SBB01103:1771431088290,south-west:SBB01103,south-west,2026-02-18T16:11:28Z,2026-02-18T16:19:21Z,8,hub,2026-09-17T00:49:00Z,2026-09-17T00:49:00Z,true
south-west:SBB01106:1771492721000,south-west:SBB01106,south-west,2026-02-19T09:18:41Z,2026-02-19T09:29:31Z,11,hub,2026-09-17T00:49:00Z,2026-09-17T00:49:00Z,true
south-west:SBB01134:1772152240000,south-west:SBB01134,south-west,2026-02-27T00:30:40Z,2026-02-27T00:39:14Z,9,hub,2026-09-17T00:49:00Z,2026-09-17T00:49:00Z,true
south-west:SBB01151:1770283671000,south-west:SBB01151,south-west,2026-02-05T09:27:51Z,2026-02-05T09:30:41Z,3,hub,2026-09-17T00:49:00Z,2026-09-17T00:49:00Z,true
south-west:SBB01171:1771502300300,south-west:SBB01171,south-west,2026-02-19T11:58:20Z,2026-02-19T11:59:40Z,1,hub,2026-09-17T00:49:00Z,2026-09-17T00:49:00Z,true
south-west:SBB01172:1771506341000,south-west:SBB01172,south-west,2026-02-19T13:05:41Z,2026-02-19T13:07:11Z,2,hub,2026-09-17T00:49:00Z,2026-09-17T00:49:00Z,true
south-west:SBB01193:1772164720200,south-west:SBB01193,south-west,2026-02-27T03:58:40Z,2026-02-27T04:07:50Z,9,hub,2026-09-17T00:49:00Z,2026-09-17T00:49:00Z,true
south-west:SBB01214:1771162201000,south-west:SBB01214,south-west,2026-02-15T13:30:01Z,2026-02-15T13:34:52Z,5,hub,2026-09-17T00:49:00Z,2026-09-17T00:49:00Z,true
south-west:SBB01215:1772238887000,south-west:SBB01215,south-west,2026-02-28T00:34:47Z,2026-02-28T04:25:52Z,231,hub,2026-09-17T00:49:00Z,2026-09-17T00:49:00Z,true
south-west:SBB01251:1771457051000,south-west:SBB01251,south-west,2026-02-18T23:24:11Z,2026-02-19T00:59:11Z,95,hub,2026-09-17T00:49:00Z,2026-09-17T00:49:00Z,true
south-west:SBB01255:1772169185130,south-west:SBB01255,south-west,2026-02-27T05:13:05Z,2026-03-03T01:57:08Z,5564,hub,2026-09-17T00:49:00Z,2026-09-17T00:49:00Z,true
south-west:SBB01278:1771434211000,south-west:SBB01278,south-west,2026-02-18T17:03:31Z,2026-02-19T14:47:41Z,1304,hub,2026-09-17T00:49:00Z,2026-09-17T00:49:00Z,true
south-west:SBB01280:1769906737000,south-west:SBB01280,south-west,2026-02-01T00:45:37Z,2026-02-01T23:31:47Z,1366,hub,2026-09-17T00:49:00Z,2026-09-17T00:49:00Z,true
south-west:SBB01293:1771932629000,south-west:SBB01293,south-west,2026-02-24T11:30:29Z,2026-02-24T11:32:40Z,2,hub,2026-09-17T00:49:00Z,2026-09-17T00:49:00Z,true
south-west:SBB01298:1770806660500,south-west:SBB01298,south-west,2026-02-11T10:44:20Z,2026-02-11T10:53:40Z,9,hub,2026-09-17T00:49:00Z,2026-09-17T00:49:00Z,true
south-west:SBB01302:1771955308000,south-west:SBB01302,south-west,2026-02-24T17:48:28Z,2026-02-26T01:17:43Z,1889,hub,2026-09-17T00:49:00Z,2026-09-17T00:49:00Z,true
south-west:SBB01318:1772228412000,south-west:SBB01318,south-west,2026-02-27T21:40:12Z,2026-03-06T03:58:41Z,9018,hub,2026-09-17T00:49:00Z,2026-09-17T00:49:00Z,true
south-west:SBB01320:1771537333000,south-west:SBB01320,south-west,2026-02-19T21:42:13Z,2026-02-19T21:42:25Z,0,hub,2026-09-17T00:49:00Z,2026-09-17T00:49:00Z,true
south-west:SBB01337:1771585901000,south-west:SBB01337,south-west,2026-02-20T11:11:41Z,2026-03-02T23:45:00Z,15153,hub,2026-09-17T00:49:00Z,2026-09-17T00:49:00Z,true
south-west:SBB01346:1771437097000,south-west:SBB01346,south-west,2026-02-18T17:51:37Z,2026-02-18T19:22:48Z,91,hub,2026-09-17T00:49:00Z,2026-09-17T00:49:00Z,true
south-west:SBB01352:1770642363000,south-west:SBB01352,south-west,2026-02-09T13:06:03Z,2026-02-09T22:44:18Z,578,hub,2026-09-17T00:49:00Z,2026-09-17T00:49:00Z,true
south-west:SBB01375:1771441890200,south-west:SBB01375,south-west,2026-02-18T19:11:30Z,2026-02-18T19:33:30Z,22,hub,2026-09-17T00:49:00Z,2026-09-17T00:49:00Z,true
south-west:SBB01388:1772243207000,south-west:SBB01388,south-west,2026-02-28T01:46:47Z,2026-02-28T01:47:27Z,1,hub,2026-09-17T00:49:00Z,2026-09-17T00:49:00Z,true
south-west:SBB01410:1772227325170,south-west:SBB01410,south-west,2026-02-27T21:22:05Z,2026-02-27T21:24:05Z,2,hub,2026-09-17T00:49:00Z,2026-09-17T00:49:00Z,true
southern:SWS00011:1771442353000,southern:SWS00011,southern,2026-02-18T19:19:13Z,2026-02-19T14:10:51Z,1132,hub,2026-09-17T00:49:00Z,2026-09-17T00:49:00Z,true
southern:SWS00014:1771459906000,southern:SWS00014,southern,2026-02-19T00:11:46Z,2026-02-19T04:39:52Z,268,hub,2026-09-17T00:49:00Z,2026-09-17T00:49:00Z,true
southern:SWS00015:1771473004000,southern:SWS00015,southern,2026-02-19T03:50:04Z,2026-02-19T12:27:11Z,517,hub,2026-09-17T00:49:00Z,2026-09-17T00:49:00Z,true
southern:SWS00017:1770598800000,southern:SWS00017,southern,2026-02-09T01:00:00Z,2026-02-09T02:12:00Z,72,hub,2026-09-17T00:49:00Z,2026-09-17T00:49:00Z,true
southern:SWS00020:1771445275000,southern:SWS00020,southern,2026-02-18T20:07:55Z,2026-02-18T22:21:24Z,133,hub,2026-09-17T00:49:00Z,2026-09-17T00:49:00Z,true
southern:SWS00021:1771454560000,southern:SWS00021,southern,2026-02-18T22:42:40Z,2026-02-19T02:55:07Z,252,hub,2026-09-17T00:49:00Z,2026-09-17T00:49:00Z,true
southern:SWS00025:1769967574000,southern:SWS00025,southern,2026-02-01T17:39:34Z,2026-02-01T19:15:36Z,96,hub,2026-09-17T00:49:00Z,2026-09-17T00:49:00Z,true
southern:SWS00026:1771604444000,southern:SWS00026,southern,2026-02-20T16:20:44Z,2026-02-20T22:45:00Z,384,hub,2026-09-17T00:49:00Z,2026-09-17T00:49:00Z,true
southern:SWS00029:1769969295000,southern:SWS00029,southern,2026-02-01T18:08:15Z,2026-02-01T20:07:53Z,120,hub,2026-09-17T00:49:00Z,2026-09-17T00:49:00Z,true
southern:SWS00030:1771440122000,southern:SWS00030,southern,2026-02-18T18:42:02Z,2026-02-19T06:18:57Z,697,hub,2026-09-17T00:49:00Z,2026-09-17T00:49:00Z,true
southern:SWS00031:1771454700000,southern:SWS00031,southern,2026-02-18T22:45:00Z,2026-02-18T23:35:00Z,50,hub,2026-09-17T00:49:00Z,2026-09-17T00:49:00Z,true
southern:SWS00033:1771443488000,southern:SWS00033,southern,2026-02-18T19:38:08Z,2026-02-18T20:25:28Z,47,hub,2026-09-17T00:49:00Z,2026-09-17T00:49:00Z,true
southern:SWS00037:1771157520000,southern:SWS00037,southern,2026-02-15T12:12:00Z,2026-02-16T18:24:00Z,1812,hub,2026-09-17T00:49:00Z,2026-09-17T00:49:00Z,true
southern:SWS00047:1769973840000,southern:SWS00047,southern,2026-02-01T19:24:00Z,2026-02-01T21:00:00Z,96,hub,2026-09-17T00:49:00Z,2026-09-17T00:49:00Z,true
southern:SWS00050:1771438380000,southern:SWS00050,southern,2026-02-18T18:13:00Z,2026-02-19T16:21:00Z,1328,hub,2026-09-17T00:49:00Z,2026-09-17T00:49:00Z,true
southern:SWS00052:1771447486000,southern:SWS00052,southern,2026-02-18T20:44:46Z,2026-02-19T07:32:00Z,647,hub,2026-09-17T00:49:00Z,2026-09-17T00:49:00Z,true
southern:SWS00053:1771437092000,southern:SWS00053,southern,2026-02-18T17:51:32Z,2026-02-18T23:51:00Z,359,hub,2026-09-17T00:49:00Z,2026-09-17T00:49:00Z,true
southern:SWS00054:1770145236000,southern:SWS00054,southern,2026-02-03T19:00:36Z,2026-02-03T19:28:59Z,28,hub,2026-09-17T00:49:00Z,2026-09-17T00:49:00Z,true
southern:SWS00055:1771429444000,southern:SWS00055,southern,2026-02-18T15:44:04Z,2026-02-19T04:55:58Z,792,hub,2026-09-17T00:49:00Z,2026-09-17T00:49:00Z,true
southern:SWS00062:1771454067000,southern:SWS00062,southern,2026-02-18T22:34:27Z,2026-02-19T06:23:12Z,469,hub,2026-09-17T00:49:00Z,2026-09-17T00:49:00Z,true
southern:SWS00064:1771273100000,southern:SWS00064,southern,2026-02-16T20:18:20Z,2026-02-16T20:18:20Z,0,hub,2026-09-17T00:49:00Z,2026-09-17T00:49:00Z,true
southern:SWS00079:1770317317000,southern:SWS00079,southern,2026-02-05T18:48:37Z,2026-02-06T23:30:00Z,1721,hub,2026-09-17T00:49:00Z,2026-09-17T00:49:00Z,true
southern:SWS00093:1771443352000,southern:SWS00093,southern,2026-02-18T19:35:52Z,2026-02-19T04:06:22Z,511,hub,2026-09-17T00:49:00Z,2026-09-17T00:49:00Z,true
southern:SWS00103:1770365182000,southern:SWS00103,southern,2026-02-06T08:06:22Z,2026-02-06T10:58:50Z,172,hub,2026-09-17T00:49:00Z,2026-09-17T00:49:00Z,true
southern:SWS00108:1771500105000,southern:SWS00108,southern,2026-02-19T11:21:45Z,2026-02-19T11:24:09Z,2,hub,2026-09-17T00:49:00Z,2026-09-17T00:49:00Z,true
southern:SWS00109:1771435177000,southern:SWS00109,southern,2026-02-18T17:19:37Z,2026-02-20T21:00:00Z,3100,hub,2026-09-17T00:49:00Z,2026-09-17T00:49:00Z,true
southern:SWS00110:1771436795000,southern:SWS00110,southern,2026-02-18T17:46:35Z,2026-02-19T22:01:00Z,1694,hub,2026-09-17T00:49:00Z,2026-09-17T00:49:00Z,true
southern:SWS00118:1772222609000,southern:SWS00118,southern,2026-02-27T20:03:29Z,2026-02-27T20:50:48Z,47,hub,2026-09-17T00:49:00Z,2026-09-17T00:49:00Z,true
southern:SWS00120:1771461894000,southern:SWS00120,southern,2026-02-19T00:44:54Z,2026-02-19T00:49:24Z,5,hub,2026-09-17T00:49:00Z,2026-09-17T00:49:00Z,true
southern:SWS00128:1771457370000,southern:SWS00128,southern,2026-02-18T23:29:30Z,2026-02-19T00:52:00Z,83,hub,2026-09-17T00:49:00Z,2026-09-17T00:49:00Z,true
southern:SWS00129:1769968375000,southern:SWS00129,southern,2026-02-01T17:52:55Z,2026-02-01T19:58:36Z,126,hub,2026-09-17T00:49:00Z,2026-09-17T00:49:00Z,true
southern:SWS00131:1771473570000,southern:SWS00131,southern,2026-02-19T03:59:30Z,2026-02-19T04:15:47Z,16,hub,2026-09-17T00:49:00Z,2026-09-17T00:49:00Z,true
southern:SWS00134:1771442066000,southern:SWS00134,southern,2026-02-18T19:14:26Z,2026-02-19T02:42:01Z,448,hub,2026-09-17T00:49:00Z,2026-09-17T00:49:00Z,true
southern:SWS00139:1771200853000,southern:SWS00139,southern,2026-02-16T00:14:13Z,2026-02-16T00:25:04Z,11,hub,2026-09-17T00:49:00Z,2026-09-17T00:49:00Z,true
southern:SWS00140:1771452972000,southern:SWS00140,southern,2026-02-18T22:16:12Z,2026-02-19T04:53:31Z,397,hub,2026-09-17T00:49:00Z,2026-09-17T00:49:00Z,true
southern:SWS00144:1771164202000,southern:SWS00144,southern,2026-02-15T14:03:22Z,2026-02-15T15:47:26Z,104,hub,2026-09-17T00:49:00Z,2026-09-17T00:49:00Z,true
southern:SWS00154:1769966310000,southern:SWS00154,southern,2026-02-01T17:18:30Z,2026-02-01T20:14:22Z,176,hub,2026-09-17T00:49:00Z,2026-09-17T00:49:00Z,true
southern:SWS00161:1770144998000,southern:SWS00161,southern,2026-02-03T18:56:38Z,2026-02-03T22:02:01Z,185,hub,2026-09-17T00:49:00Z,2026-09-17T00:49:00Z,true
southern:SWS00171:1771444320000,southern:SWS00171,southern,2026-02-18T19:52:00Z,2026-02-18T22:35:00Z,163,hub,2026-09-17T00:49:00Z,2026-09-17T00:49:00Z,true
southern:SWS00177:1771440228000,southern:SWS00177,southern,2026-02-18T18:43:48Z,2026-02-19T23:34:49Z,1731,hub,2026-09-17T00:49:00Z,2026-09-17T00:49:00Z,true
southern:SWS00188:1771455596000,southern:SWS00188,southern,2026-02-18T22:59:56Z,2026-02-18T23:20:16Z,20,hub,2026-09-17T00:49:00Z,2026-09-17T00:49:00Z,true
southern:SWS00193:1771450508000,southern:SWS00193,southern,2026-02-18T21:35:08Z,2026-02-18T22:55:40Z,81,hub,2026-09-17T00:49:00Z,2026-09-17T00:49:00Z,true
southern:SWS00194:1769969945000,southern:SWS00194,southern,2026-02-01T18:19:05Z,2026-02-01T19:15:14Z,56,hub,2026-09-17T00:49:00Z,2026-09-17T00:49:00Z,true
southern:SWS00196:1769973600000,southern:SWS00196,southern,2026-02-01T19:20:00Z,2026-02-01T19:40:00Z,20,hub,2026-09-17T00:49:00Z,2026-09-17T00:49:00Z,true
southern:SWS00199:1771450832000,southern:SWS00199,southern,2026-02-18T21:40:32Z,2026-02-19T03:56:02Z,376,hub,2026-09-17T00:49:00Z,2026-09-17T00:49:00Z,true
southern:SWS00227:1771497900000,southern:SWS00227,southern,2026-02-19T10:45:00Z,2026-02-19T10:50:53Z,6,hub,2026-09-17T00:49:00Z,2026-09-17T00:49:00Z,true
southern:SWS00230:1770330950000,southern:SWS00230,southern,2026-02-05T22:35:50Z,2026-02-05T22:41:59Z,6,hub,2026-09-17T00:49:00Z,2026-09-17T00:49:00Z,true
southern:SWS00233:1771433040000,southern:SWS00233,southern,2026-02-18T16:44:00Z,2026-02-20T14:01:37Z,2718,hub,2026-09-17T00:49:00Z,2026-09-17T00:49:00Z,true
southern:SWS00250:1771446566000,southern:SWS00250,southern,2026-02-18T20:29:26Z,2026-02-19T06:16:40Z,587,hub,2026-09-17T00:49:00Z,2026-09-17T00:49:00Z,true
southern:SWS00258:1771446278000,southern:SWS00258,southern,2026-02-18T20:24:38Z,2026-02-20T04:55:31Z,1951,hub,2026-09-17T00:49:00Z,2026-09-17T00:49:00Z,true
southern:SWS00263:1771469355000,southern:SWS00263,southern,2026-02-19T02:49:15Z,2026-02-19T02:53:47Z,5,hub,2026-09-17T00:49:00Z,2026-09-17T00:49:00Z,true
southern:SWS00266:1771443000000,southern:SWS00266,southern,2026-02-18T19:30:00Z,2026-02-19T00:32:00Z,302,hub,2026-09-17T00:49:00Z,2026-09-17T00:49:00Z,true
southern:SWS00267:1771438707000,southern:SWS00267,southern,2026-02-18T18:18:27Z,2026-02-19T11:19:00Z,1021,hub,2026-09-17T00:49:00Z,2026-09-17T00:49:00Z,true
southern:SWS00271:1771843114000,southern:SWS00271,southern,2026-02-23T10:38:34Z,2026-02-23T10:41:35Z,3,hub,2026-09-17T00:49:00Z,2026-09-17T00:49:00Z,true
southern:SWS00277:1769965423000,southern:SWS00277,southern,2026-02-01T17:03:43Z,2026-02-01T19:45:49Z,162,hub,2026-09-17T00:49:00Z,2026-09-17T00:49:00Z,true
southern:SWS00280:1771259027000,southern:SWS00280,southern,2026-02-16T16:23:47Z,2026-02-16T18:14:06Z,110,hub,2026-09-17T00:49:00Z,2026-09-17T00:49:00Z,true
southern:SWS00291:1769987948000,southern:SWS00291,southern,2026-02-01T23:19:08Z,2026-02-02T02:15:51Z,177,hub,2026-09-17T00:49:00Z,2026-09-17T00:49:00Z,true
southern:SWS00298:1771444397000,southern:SWS00298,southern,2026-02-18T19:53:17Z,2026-02-19T05:39:07Z,586,hub,2026-09-17T00:49:00Z,2026-09-17T00:49:00Z,true
southern:SWS00299:1771457261000,southern:SWS00299,southern,2026-02-18T23:27:41Z,2026-02-19T01:42:49Z,135,hub,2026-09-17T00:49:00Z,2026-09-17T00:49:00Z,true
southern:SWS00307:1771187040000,southern:SWS00307,southern,2026-02-15T20:24:00Z,2026-02-15T20:42:00Z,18,hub,2026-09-17T00:49:00Z,2026-09-17T00:49:00Z,true
southern:SWS00312:1771446480000,southern:SWS00312,southern,2026-02-18T20:28:00Z,2026-02-18T20:34:00Z,6,hub,2026-09-17T00:49:00Z,2026-09-17T00:49:00Z,true
southern:SWS00317:1771197597000,southern:SWS00317,southern,2026-02-15T23:19:57Z,2026-02-15T23:50:47Z,31,hub,2026-09-17T00:49:00Z,2026-09-17T00:49:00Z,true
southern:SWS00318:1771590540000,southern:SWS00318,southern,2026-02-20T12:29:00Z,2026-02-20T12:49:00Z,20,hub,2026-09-17T00:49:00Z,2026-09-17T00:49:00Z,true
southern:SWS00320:1769967371000,southern:SWS00320,southern,2026-02-01T17:36:11Z,2026-02-01T20:38:00Z,182,hub,2026-09-17T00:49:00Z,2026-09-17T00:49:00Z,true
southern:SWS00339:1770312878000,southern:SWS00339,southern,2026-02-05T17:34:38Z,2026-02-06T20:25:34Z,1611,hub,2026-09-17T00:49:00Z,2026-09-17T00:49:00Z,true
southern:SWS00344:1770854340000,southern:SWS00344,southern,2026-02-11T23:59:00Z,2026-02-12T02:35:00Z,156,hub,2026-09-17T00:49:00Z,2026-09-17T00:49:00Z,true
southern:SWS00345:1769971103000,southern:SWS00345,southern,2026-02-01T18:38:23Z,2026-02-01T22:16:26Z,218,hub,2026-09-17T00:49:00Z,2026-09-17T00:49:00Z,true
southern:SWS00352:1771442175000,southern:SWS00352,southern,2026-02-18T19:16:15Z,2026-02-21T09:01:19Z,3705,hub,2026-09-17T00:49:00Z,2026-09-17T00:49:00Z,true
southern:SWS00368:1771441440000,southern:SWS00368,southern,2026-02-18T19:04:00Z,2026-02-19T05:02:00Z,598,hub,2026-09-17T00:49:00Z,2026-09-17T00:49:00Z,true
southern:SWS00369:1771441852000,southern:SWS00369,southern,2026-02-18T19:10:52Z,2026-02-18T23:48:00Z,277,hub,2026-09-17T00:49:00Z,2026-09-17T00:49:00Z,true
southern:SWS00378:1769972160000,southern:SWS00378,southern,2026-02-01T18:56:00Z,2026-02-01T19:14:00Z,18,hub,2026-09-17T00:49:00Z,2026-09-17T00:49:00Z,true
southern:SWS00387:1771764306000,southern:SWS00387,southern,2026-02-22T12:45:06Z,2026-02-23T01:03:16Z,738,hub,2026-09-17T00:49:00Z,2026-09-17T00:49:00Z,true
southern:SWS00388:1771240815000,southern:SWS00388,southern,2026-02-16T11:20:15Z,2026-02-17T00:09:49Z,770,hub,2026-09-17T00:49:00Z,2026-09-17T00:49:00Z,true
southern:SWS00395:1771470720000,southern:SWS00395,southern,2026-02-19T03:12:00Z,2026-02-19T03:16:00Z,4,hub,2026-09-17T00:49:00Z,2026-09-17T00:49:00Z,true
southern:SWS00398:1771454303000,southern:SWS00398,southern,2026-02-18T22:38:23Z,2026-02-18T23:17:51Z,39,hub,2026-09-17T00:49:00Z,2026-09-17T00:49:00Z,true
southern:SWS00403:1771186125000,southern:SWS00403,southern,2026-02-15T20:08:45Z,2026-02-15T20:35:53Z,27,hub,2026-09-17T00:49:00Z,2026-09-17T00:49:00Z,true
southern:SWS00406:1771431423000,southern:SWS00406,southern,2026-02-18T16:17:03Z,2026-02-19T01:26:40Z,550,hub,2026-09-17T00:49:00Z,2026-09-17T00:49:00Z,true
southern:SWS00433:1770143802000,southern:SWS00433,southern,2026-02-03T18:36:42Z,2026-02-03T23:43:53Z,307,hub,2026-09-17T00:49:00Z,2026-09-17T00:49:00Z,true
southern:SWS00436:1771431861000,southern:SWS00436,southern,2026-02-18T16:24:21Z,2026-02-19T12:44:56Z,1221,hub,2026-09-17T00:49:00Z,2026-09-17T00:49:00Z,true
southern:SWS00450:1770324433000,southern:SWS00450,southern,2026-02-05T20:47:13Z,2026-02-05T23:36:10Z,169,hub,2026-09-17T00:49:00Z,2026-09-17T00:49:00Z,true
southern:SWS00452:1772044608000,southern:SWS00452,southern,2026-02-25T18:36:48Z,2026-02-25T18:51:48Z,15,hub,2026-09-17T00:49:00Z,2026-09-17T00:49:00Z,true
southern:SWS00459:1771442880000,southern:SWS00459,southern,2026-02-18T19:28:00Z,2026-02-18T20:14:00Z,46,hub,2026-09-17T00:49:00Z,2026-09-17T00:49:00Z,true
southern:SWS00460:1771445971000,southern:SWS00460,southern,2026-02-18T20:19:31Z,2026-02-19T03:45:41Z,446,hub,2026-09-17T00:49:00Z,2026-09-17T00:49:00Z,true
southern:SWS00469:1771767503000,southern:SWS00469,southern,2026-02-22T13:38:23Z,2026-02-22T13:48:08Z,10,hub,2026-09-17T00:49:00Z,2026-09-17T00:49:00Z,true
southern:SWS00476:1771433658000,southern:SWS00476,southern,2026-02-18T16:54:18Z,2026-02-19T18:12:00Z,1518,hub,2026-09-17T00:49:00Z,2026-09-17T00:49:00Z,true
southern:SWS00486:1771443720000,southern:SWS00486,southern,2026-02-18T19:42:00Z,2026-02-18T20:12:00Z,30,hub,2026-09-17T00:49:00Z,2026-09-17T00:49:00Z,true
southern:SWS00492:1771427807000,southern:SWS00492,southern,2026-02-18T15:16:47Z,2026-02-19T23:58:34Z,1962,hub,2026-09-17T00:49:00Z,2026-09-17T00:49:00Z,true
southern:SWS00494:1769972203000,southern:SWS00494,southern,2026-02-01T18:56:43Z,2026-02-01T22:06:10Z,189,hub,2026-09-17T00:49:00Z,2026-09-17T00:49:00Z,true
southern:SWS00498:1771278004000,southern:SWS00498,southern,2026-02-16T21:40:04Z,2026-02-16T22:11:09Z,31,hub,2026-09-17T00:49:00Z,2026-09-17T00:49:00Z,true
southern:SWS00505:1771259732000,southern:SWS00505,southern,2026-02-16T16:35:32Z,2026-02-16T16:44:02Z,9,hub,2026-09-17T00:49:00Z,2026-09-17T00:49:00Z,true
southern:SWS00507:1771435574000,southern:SWS00507,southern,2026-02-18T17:26:14Z,2026-02-18T22:28:10Z,302,hub,2026-09-17T00:49:00Z,2026-09-17T00:49:00Z,true
southern:SWS00509:1771437571000,southern:SWS00509,southern,2026-02-18T17:59:31Z,2026-02-19T00:33:26Z,394,hub,2026-09-17T00:49:00Z,2026-09-17T00:49:00Z,true
southern:SWS00525:1771439985000,southern:SWS00525,southern,2026-02-18T18:39:45Z,2026-02-18T22:09:30Z,210,hub,2026-09-17T00:49:00Z,2026-09-17T00:49:00Z,true
southern:SWS00527:1771876800000,southern:SWS00527,southern,2026-02-23T20:00:00Z,2026-02-23T20:17:00Z,17,hub,2026-09-17T00:49:00Z,2026-09-17T00:49:00Z,true
southern:SWS00528:1770404820000,southern:SWS00528,southern,2026-02-06T19:07:00Z,2026-02-06T20:08:00Z,61,hub,2026-09-17T00:49:00Z,2026-09-17T00:49:00Z,true
southern:SWS00533:1771441378000,southern:SWS00533,southern,2026-02-18T19:02:58Z,2026-02-18T21:45:29Z,163,hub,2026-09-17T00:49:00Z,2026-09-17T00:49:00Z,true
southern:SWS00539:1771434616000,southern:SWS00539,southern,2026-02-18T17:10:16Z,2026-02-20T00:43:53Z,1894,hub,2026-09-17T00:49:00Z,2026-09-17T00:49:00Z,true
southern:SWS00540:1771609418000,southern:SWS00540,southern,2026-02-20T17:43:38Z,2026-02-20T20:55:50Z,192,hub,2026-09-17T00:49:00Z,2026-09-17T00:49:00Z,true
southern:SWS00548:1771483740000,southern:SWS00548,southern,2026-02-19T06:49:00Z,2026-02-19T12:21:00Z,332,hub,2026-09-17T00:49:00Z,2026-09-17T00:49:00Z,true
southern:SWS00563:1770328440000,southern:SWS00563,southern,2026-02-05T21:54:00Z,2026-02-07T02:47:00Z,1733,hub,2026-09-17T00:49:00Z,2026-09-17T00:49:00Z,true
southern:SWS00565:1769976201000,southern:SWS00565,southern,2026-02-01T20:03:21Z,2026-02-01T20:05:28Z,2,hub,2026-09-17T00:49:00Z,2026-09-17T00:49:00Z,true
southern:SWS00571:1771757460000,southern:SWS00571,southern,2026-02-22T10:51:00Z,2026-02-22T22:38:00Z,707,hub,2026-09-17T00:49:00Z,2026-09-17T00:49:00Z,true
southern:SWS00574:1771472765000,southern:SWS00574,southern,2026-02-19T03:46:05Z,2026-02-19T04:37:06Z,51,hub,2026-09-17T00:49:00Z,2026-09-17T00:49:00Z,true
southern:SWS00578:1769967718000,southern:SWS00578,southern,2026-02-01T17:41:58Z,2026-02-01T18:44:29Z,63,hub,2026-09-17T00:49:00Z,2026-09-17T00:49:00Z,true
southern:SWS00579:1771440300000,southern:SWS00579,southern,2026-02-18T18:45:00Z,2026-02-19T23:53:00Z,1748,hub,2026-09-17T00:49:00Z,2026-09-17T00:49:00Z,true
southern:SWS00596:1771462815000,southern:SWS00596,southern,2026-02-19T01:00:15Z,2026-02-21T07:27:18Z,3267,hub,2026-09-17T00:49:00Z,2026-09-17T00:49:00Z,true
southern:SWS00598:1771431059000,southern:SWS00598,southern,2026-02-18T16:10:59Z,2026-02-18T21:33:00Z,322,hub,2026-09-17T00:49:00Z,2026-09-17T00:49:00Z,true
southern:SWS00599:1771467340000,southern:SWS00599,southern,2026-02-19T02:15:40Z,2026-02-19T10:13:59Z,478,hub,2026-09-17T00:49:00Z,2026-09-17T00:49:00Z,true
southern:SWS00602:1770459416000,southern:SWS00602,southern,2026-02-07T10:16:56Z,2026-02-07T12:56:31Z,160,hub,2026-09-17T00:49:00Z,2026-09-17T00:49:00Z,true
southern:SWS00603:1771443083000,southern:SWS00603,southern,2026-02-18T19:31:23Z,2026-02-19T07:49:05Z,738,hub,2026-09-17T00:49:00Z,2026-09-17T00:49:00Z,true
southern:SWS00612:1771664254000,southern:SWS00612,southern,2026-02-21T08:57:34Z,2026-02-21T09:02:02Z,4,hub,2026-09-17T00:49:00Z,2026-09-17T00:49:00Z,true
southern:SWS00615:1771494855000,southern:SWS00615,southern,2026-02-19T09:54:15Z,2026-02-19T10:10:53Z,17,hub,2026-09-17T00:49:00Z,2026-09-17T00:49:00Z,true
southern:SWS00620:1771441502000,southern:SWS00620,southern,2026-02-18T19:05:02Z,2026-02-18T20:26:41Z,82,hub,2026-09-17T00:49:00Z,2026-09-17T00:49:00Z,true
southern:SWS00623:1770118445000,southern:SWS00623,southern,2026-02-03T11:34:05Z,2026-02-03T13:30:38Z,117,hub,2026-09-17T00:49:00Z,2026-09-17T00:49:00Z,true
southern:SWS00625:1771455111000,southern:SWS00625,southern,2026-02-18T22:51:51Z,2026-02-19T00:11:25Z,80,hub,2026-09-17T00:49:00Z,2026-09-17T00:49:00Z,true
southern:SWS00629:1771446000000,southern:SWS00629,southern,2026-02-18T20:20:00Z,2026-02-19T01:56:00Z,336,hub,2026-09-17T00:49:00Z,2026-09-17T00:49:00Z,true
southern:SWS00632:1771492917000,southern:SWS00632,southern,2026-02-19T09:21:57Z,2026-02-19T13:35:35Z,254,hub,2026-09-17T00:49:00Z,2026-09-17T00:49:00Z,true
southern:SWS00640:1771467300000,southern:SWS00640,southern,2026-02-19T02:15:00Z,2026-02-19T19:53:00Z,1058,hub,2026-09-17T00:49:00Z,2026-09-17T00:49:00Z,true
southern:SWS00643:1771434741000,southern:SWS00643,southern,2026-02-18T17:12:21Z,2026-02-19T02:06:00Z,534,hub,2026-09-17T00:49:00Z,2026-09-17T00:49:00Z,true
southern:SWS00653:1770321600000,southern:SWS00653,southern,2026-02-05T20:00:00Z,2026-02-05T21:12:00Z,72,hub,2026-09-17T00:49:00Z,2026-09-17T00:49:00Z,true
southern:SWS00655:1771448014000,southern:SWS00655,southern,2026-02-18T20:53:34Z,2026-02-19T02:09:31Z,316,hub,2026-09-17T00:49:00Z,2026-09-17T00:49:00Z,true
southern:SWS00675:1771520640000,southern:SWS00675,southern,2026-02-19T17:04:00Z,2026-02-19T19:53:00Z,169,hub,2026-09-17T00:49:00Z,2026-09-17T00:49:00Z,true
southern:SWS00678:1769973108000,southern:SWS00678,southern,2026-02-01T19:11:48Z,2026-02-01T20:39:38Z,88,hub,2026-09-17T00:49:00Z,2026-09-17T00:49:00Z,true
southern:SWS00694:1771452617000,southern:SWS00694,southern,2026-02-18T22:10:17Z,2026-02-18T23:42:00Z,92,hub,2026-09-17T00:49:00Z,2026-09-17T00:49:00Z,true
southern:SWS00704:1771263004000,southern:SWS00704,southern,2026-02-16T17:30:04Z,2026-02-16T20:59:15Z,209,hub,2026-09-17T00:49:00Z,2026-09-17T00:49:00Z,true
southern:SWS00708:1770391800000,southern:SWS00708,southern,2026-02-06T15:30:00Z,2026-02-06T19:12:00Z,222,hub,2026-09-17T00:49:00Z,2026-09-17T00:49:00Z,true
southern:SWS00709:1771450905000,southern:SWS00709,southern,2026-02-18T21:41:45Z,2026-02-19T02:14:25Z,273,hub,2026-09-17T00:49:00Z,2026-09-17T00:49:00Z,true
southern:SWS00711:1771615160000,southern:SWS00711,southern,2026-02-20T19:19:20Z,2026-02-20T19:24:35Z,5,hub,2026-09-17T00:49:00Z,2026-09-17T00:49:00Z,true
southern:SWS00718:1771839180000,southern:SWS00718,southern,2026-02-23T09:33:00Z,2026-02-23T14:36:39Z,304,hub,2026-09-17T00:49:00Z,2026-09-17T00:49:00Z,true
southern:SWS00724:1771173549000,southern:SWS00724,southern,2026-02-15T16:39:09Z,2026-02-15T19:14:59Z,156,hub,2026-09-17T00:49:00Z,2026-09-17T00:49:00Z,true
southern:SWS00725:1771839527000,southern:SWS00725,southern,2026-02-23T09:38:47Z,2026-02-23T09:55:20Z,17,hub,2026-09-17T00:49:00Z,2026-09-17T00:49:00Z,true
southern:SWS00726:1771448499000,southern:SWS00726,southern,2026-02-18T21:01:39Z,2026-02-19T05:45:14Z,524,hub,2026-09-17T00:49:00Z,2026-09-17T00:49:00Z,true
southern:SWS00728:1771453909000,southern:SWS00728,southern,2026-02-18T22:31:49Z,2026-02-19T18:32:00Z,1200,hub,2026-09-17T00:49:00Z,2026-09-17T00:49:00Z,true
southern:SWS00729:1771799902000,southern:SWS00729,southern,2026-02-22T22:38:22Z,2026-02-22T22:50:31Z,12,hub,2026-09-17T00:49:00Z,2026-09-17T00:49:00Z,true
southern:SWS00732:1771448362000,southern:SWS00732,southern,2026-02-18T20:59:22Z,2026-02-19T01:43:34Z,284,hub,2026-09-17T00:49:00Z,2026-09-17T00:49:00Z,true
southern:SWS00734:1769972504000,southern:SWS00734,southern,2026-02-01T19:01:44Z,2026-02-01T19:44:14Z,43,hub,2026-09-17T00:49:00Z,2026-09-17T00:49:00Z,true
southern:SWS00735:1771441357000,southern:SWS00735,southern,2026-02-18T19:02:37Z,2026-02-19T01:53:33Z,411,hub,2026-09-17T00:49:00Z,2026-09-17T00:49:00Z,true
southern:SWS00746:1771533291000,southern:SWS00746,southern,2026-02-19T20:34:51Z,2026-02-19T21:38:59Z,64,hub,2026-09-17T00:49:00Z,2026-09-17T00:49:00Z,true
southern:SWS00752:1771445781000,southern:SWS00752,southern,2026-02-18T20:16:21Z,2026-02-18T23:10:35Z,174,hub,2026-09-17T00:49:00Z,2026-09-17T00:49:00Z,true
southern:SWS00754:1771453522000,southern:SWS00754,southern,2026-02-18T22:25:22Z,2026-02-19T00:29:00Z,124,hub,2026-09-17T00:49:00Z,2026-09-17T00:49:00Z,true
southern:SWS00758:1769969643000,southern:SWS00758,southern,2026-02-01T18:14:03Z,2026-02-01T20:00:41Z,107,hub,2026-09-17T00:49:00Z,2026-09-17T00:49:00Z,true
southern:SWS00763:1771846253000,southern:SWS00763,southern,2026-02-23T11:30:53Z,2026-02-24T01:00:05Z,809,hub,2026-09-17T00:49:00Z,2026-09-17T00:49:00Z,true
southern:SWS00771:1771436220000,southern:SWS00771,southern,2026-02-18T17:37:00Z,2026-02-18T22:34:00Z,297,hub,2026-09-17T00:49:00Z,2026-09-17T00:49:00Z,true
southern:SWS00774:1771744552000,southern:SWS00774,southern,2026-02-22T07:15:52Z,2026-02-24T12:00:00Z,3164,hub,2026-09-17T00:49:00Z,2026-09-17T00:49:00Z,true
southern:SWS00775:1771433745000,southern:SWS00775,southern,2026-02-18T16:55:45Z,2026-02-19T05:47:56Z,772,hub,2026-09-17T00:49:00Z,2026-09-17T00:49:00Z,true
southern:SWS00779:1771170039000,southern:SWS00779,southern,2026-02-15T15:40:39Z,2026-02-15T23:14:15Z,454,hub,2026-09-17T00:49:00Z,2026-09-17T00:49:00Z,true
southern:SWS00780:1771440540000,southern:SWS00780,southern,2026-02-18T18:49:00Z,2026-02-19T00:52:00Z,363,hub,2026-09-17T00:49:00Z,2026-09-17T00:49:00Z,true
southern:SWS00782:1771766100000,southern:SWS00782,southern,2026-02-22T13:15:00Z,2026-02-22T14:15:00Z,60,hub,2026-09-17T00:49:00Z,2026-09-17T00:49:00Z,true
southern:SWS00783:1771765920000,southern:SWS00783,southern,2026-02-22T13:12:00Z,2026-02-22T13:53:00Z,41,hub,2026-09-17T00:49:00Z,2026-09-17T00:49:00Z,true
southern:SWS00788:1771600560000,southern:SWS00788,southern,2026-02-20T15:16:00Z,2026-02-20T19:52:00Z,276,hub,2026-09-17T00:49:00Z,2026-09-17T00:49:00Z,true
southern:SWS00792:1771471680000,southern:SWS00792,southern,2026-02-19T03:28:00Z,2026-02-19T03:48:00Z,20,hub,2026-09-17T00:49:00Z,2026-09-17T00:49:00Z,true
southern:SWS00800:1771456673000,southern:SWS00800,southern,2026-02-18T23:17:53Z,2026-02-18T23:19:07Z,1,hub,2026-09-17T00:49:00Z,2026-09-17T00:49:00Z,true
southern:SWS00801:1771443297000,southern:SWS00801,southern,2026-02-18T19:34:57Z,2026-02-19T12:22:00Z,1007,hub,2026-09-17T00:49:00Z,2026-09-17T00:49:00Z,true
southern:SWS00803:1771318339000,southern:SWS00803,southern,2026-02-17T08:52:19Z,2026-02-17T10:03:14Z,71,hub,2026-09-17T00:49:00Z,2026-09-17T00:49:00Z,true
southern:SWS00805:1769986388000,southern:SWS00805,southern,2026-02-01T22:53:08Z,2026-02-01T22:56:36Z,3,hub,2026-09-17T00:49:00Z,2026-09-17T00:49:00Z,true
southern:SWS00806:1771441185000,southern:SWS00806,southern,2026-02-18T18:59:45Z,2026-02-19T00:54:46Z,355,hub,2026-09-17T00:49:00Z,2026-09-17T00:49:00Z,true
southern:SWS00812:1770321840000,southern:SWS00812,southern,2026-02-05T20:04:00Z,2026-02-05T20:38:00Z,34,hub,2026-09-17T00:49:00Z,2026-09-17T00:49:00Z,true
southern:SWS00822:1771448820000,southern:SWS00822,southern,2026-02-18T21:07:00Z,2026-02-19T05:49:00Z,522,hub,2026-09-17T00:49:00Z,2026-09-17T00:49:00Z,true
southern:SWS00824:1769992277000,southern:SWS00824,southern,2026-02-02T00:31:17Z,2026-02-02T00:52:01Z,21,hub,2026-09-17T00:49:00Z,2026-09-17T00:49:00Z,true
southern:SWS00830:1771984140000,southern:SWS00830,southern,2026-02-25T01:49:00Z,2026-02-25T02:13:00Z,24,hub,2026-09-17T00:49:00Z,2026-09-17T00:49:00Z,true
southern:SWS00833:1770255328000,southern:SWS00833,southern,2026-02-05T01:35:28Z,2026-02-05T02:55:00Z,80,hub,2026-09-17T00:49:00Z,2026-09-17T00:49:00Z,true
southern:SWS00837:1771455249000,southern:SWS00837,southern,2026-02-18T22:54:09Z,2026-02-19T06:23:16Z,449,hub,2026-09-17T00:49:00Z,2026-09-17T00:49:00Z,true
southern:SWS00854:1771450486000,southern:SWS00854,southern,2026-02-18T21:34:46Z,2026-02-19T08:37:47Z,663,hub,2026-09-17T00:49:00Z,2026-09-17T00:49:00Z,true
southern:SWS00868:1771857543000,southern:SWS00868,southern,2026-02-23T14:39:03Z,2026-02-23T15:12:48Z,34,hub,2026-09-17T00:49:00Z,2026-09-17T00:49:00Z,true
southern:SWS00870:1771432575000,southern:SWS00870,southern,2026-02-18T16:36:15Z,2026-02-19T09:05:25Z,989,hub,2026-09-17T00:49:00Z,2026-09-17T00:49:00Z,true
southern:SWS00872:1771427297000,southern:SWS00872,southern,2026-02-18T15:08:17Z,2026-02-21T04:45:53Z,3698,hub,2026-09-17T00:49:00Z,2026-09-17T00:49:00Z,true
southern:SWS00876:1770029358000,southern:SWS00876,southern,2026-02-02T10:49:18Z,2026-02-02T10:51:12Z,2,hub,2026-09-17T00:49:00Z,2026-09-17T00:49:00Z,true
southern:SWS00877:1771170950000,southern:SWS00877,southern,2026-02-15T15:55:50Z,2026-02-16T01:50:00Z,594,hub,2026-09-17T00:49:00Z,2026-09-17T00:49:00Z,true
southern:SWS00880:1771452533000,southern:SWS00880,southern,2026-02-18T22:08:53Z,2026-02-19T00:04:33Z,116,hub,2026-09-17T00:49:00Z,2026-09-17T00:49:00Z,true
southern:SWS00883:1771476120000,southern:SWS00883,southern,2026-02-19T04:42:00Z,2026-02-19T05:14:00Z,32,hub,2026-09-17T00:49:00Z,2026-09-17T00:49:00Z,true
southern:SWS00889:1771443063000,southern:SWS00889,southern,2026-02-18T19:31:03Z,2026-02-19T01:04:57Z,334,hub,2026-09-17T00:49:00Z,2026-09-17T00:49:00Z,true
southern:SWS00893:1770918731000,southern:SWS00893,southern,2026-02-12T17:52:11Z,2026-02-13T05:46:00Z,714,hub,2026-09-17T00:49:00Z,2026-09-17T00:49:00Z,true
southern:SWS00894:1771175554000,southern:SWS00894,southern,2026-02-15T17:12:34Z,2026-02-15T17:40:52Z,28,hub,2026-09-17T00:49:00Z,2026-09-17T00:49:00Z,true
southern:SWS00910:1771460270000,southern:SWS00910,southern,2026-02-19T00:17:50Z,2026-02-19T07:54:14Z,456,hub,2026-09-17T00:49:00Z,2026-09-17T00:49:00Z,true
southern:SWS00920:1770323077000,southern:SWS00920,southern,2026-02-05T20:24:37Z,2026-02-05T21:12:51Z,48,hub,2026-09-17T00:49:00Z,2026-09-17T00:49:00Z,true
southern:SWS00928:1771452735000,southern:SWS00928,southern,2026-02-18T22:12:15Z,2026-02-18T23:21:53Z,70,hub,2026-09-17T00:49:00Z,2026-09-17T00:49:00Z,true
southern:SWS00940:1771458300000,southern:SWS00940,southern,2026-02-18T23:45:00Z,2026-02-19T01:25:00Z,100,hub,2026-09-17T00:49:00Z,2026-09-17T00:49:00Z,true
southern:SWS00942:1771454100000,southern:SWS00942,southern,2026-02-18T22:35:00Z,2026-02-18T22:38:00Z,3,hub,2026-09-17T00:49:00Z,2026-09-17T00:49:00Z,true
southern:SWS00956:1771438033000,southern:SWS00956,southern,2026-02-18T18:07:13Z,2026-02-19T04:00:52Z,594,hub,2026-09-17T00:49:00Z,2026-09-17T00:49:00Z,true
southern:SWS00958:1771453576000,southern:SWS00958,southern,2026-02-18T22:26:16Z,2026-02-19T03:36:00Z,310,hub,2026-09-17T00:49:00Z,2026-09-17T00:49:00Z,true
southern:SWS00962:1771844020000,southern:SWS00962,southern,2026-02-23T10:53:40Z,2026-02-23T11:04:47Z,11,hub,2026-09-17T00:49:00Z,2026-09-17T00:49:00Z,true
southern:SWS00968:1770304380000,southern:SWS00968,southern,2026-02-05T15:13:00Z,2026-02-06T22:36:00Z,1883,hub,2026-09-17T00:49:00Z,2026-09-17T00:49:00Z,true
southern:SWS00982:1771461662000,southern:SWS00982,southern,2026-02-19T00:41:02Z,2026-02-19T01:07:17Z,26,hub,2026-09-17T00:49:00Z,2026-09-17T00:49:00Z,true
southern:SWS00983:1771724327000,southern:SWS00983,southern,2026-02-22T01:38:47Z,2026-02-22T01:41:49Z,3,hub,2026-09-17T00:49:00Z,2026-09-17T00:49:00Z,true
southern:SWS90005:1771433266000,southern:SWS90005,southern,2026-02-18T16:47:46Z,2026-02-19T04:55:13Z,727,hub,2026-09-17T00:49:00Z,2026-09-17T00:49:00Z,true
southern:SWS90009:1769970102000,southern:SWS90009,southern,2026-02-01T18:21:42Z,2026-02-01T21:46:57Z,205,hub,2026-09-17T00:49:00Z,2026-09-17T00:49:00Z,true
southern:SWS90019:1769970175000,southern:SWS90019,southern,2026-02-01T18:22:55Z,2026-02-01T21:03:15Z,160,hub,2026-09-17T00:49:00Z,2026-09-17T00:49:00Z,true
southern:SWS90030:1770854525000,southern:SWS90030,southern,2026-02-12T00:02:05Z,2026-02-12T00:53:51Z,52,hub,2026-09-17T00:49:00Z,2026-09-17T00:49:00Z,true
southern:SWS90033:1769972583000,southern:SWS90033,southern,2026-02-01T19:03:03Z,2026-02-01T20:40:56Z,98,hub,2026-09-17T00:49:00Z,2026-09-17T00:49:00Z,true
southern:SWS90054:1771467592000,southern:SWS90054,southern,2026-02-19T02:19:52Z,2026-02-19T02:26:57Z,7,hub,2026-09-17T00:49:00Z,2026-09-17T00:49:00Z,true
southern:SWS90081:1771439265000,southern:SWS90081,southern,2026-02-18T18:27:45Z,2026-02-18T23:50:47Z,323,hub,2026-09-17T00:49:00Z,2026-09-17T00:49:00Z,true
southern:SWS90084:1771166864000,southern:SWS90084,southern,2026-02-15T14:47:44Z,2026-02-15T16:57:19Z,130,hub,2026-09-17T00:49:00Z,2026-09-17T00:49:00Z,true
southern:SWS90103:1770463508000,southern:SWS90103,southern,2026-02-07T11:25:08Z,2026-02-07T13:01:44Z,97,hub,2026-09-17T00:49:00Z,2026-09-17T00:49:00Z,true
southern:SWS90113:1769980740000,southern:SWS90113,southern,2026-02-01T21:19:00Z,2026-02-01T21:24:00Z,5,hub,2026-09-17T00:49:00Z,2026-09-17T00:49:00Z,true
southern:SWS90115:1771487940000,southern:SWS90115,southern,2026-02-19T07:59:00Z,2026-02-19T10:32:29Z,153,hub,2026-09-17T00:49:00Z,2026-09-17T00:49:00Z,true
southern:SWS90117:1771561338000,southern:SWS90117,southern,2026-02-20T04:22:18Z,2026-02-20T20:59:23Z,997,hub,2026-09-17T00:49:00Z,2026-09-17T00:49:00Z,true
southern:SWS90122:1771453902000,southern:SWS90122,southern,2026-02-18T22:31:42Z,2026-02-18T23:13:04Z,41,hub,2026-09-17T00:49:00Z,2026-09-17T00:49:00Z,true
southern:SWS90124:1771434672000,southern:SWS90124,southern,2026-02-18T17:11:12Z,2026-02-18T22:06:35Z,295,hub,2026-09-17T00:49:00Z,2026-09-17T00:49:00Z,true
southern:SWS90128:1772276571000,southern:SWS90128,southern,2026-02-28T11:02:51Z,2026-02-28T12:43:08Z,100,hub,2026-09-17T00:49:00Z,2026-09-17T00:49:00Z,true
southern:SWS90142:1769970322000,southern:SWS90142,southern,2026-02-01T18:25:22Z,2026-02-02T12:00:00Z,1055,hub,2026-09-17T00:49:00Z,2026-09-17T00:49:00Z,true
thames:TWL00004:1772012280000,thames:TWL00004,thames,2026-02-25T09:38:00Z,2026-02-25T10:50:00Z,72,hub,2026-09-17T00:49:00Z,2026-09-17T00:49:00Z,true
thames:TWL00013:1771884000000,thames:TWL00013,thames,2026-02-23T22:00:00Z,2026-02-23T22:30:00Z,30,hub,2026-09-17T00:49:00Z,2026-09-17T00:49:00Z,true
thames:TWL00016:1770586200000,thames:TWL00016,thames,2026-02-08T21:30:00Z,2026-02-08T22:45:00Z,75,hub,2026-09-17T00:49:00Z,2026-09-17T00:49:00Z,true
thames:TWL00017:1770381900000,thames:TWL00017,thames,2026-02-06T12:45:00Z,2026-02-07T01:00:00Z,735,hub,2026-09-17T00:49:00Z,2026-09-17T00:49:00Z,true
thames:TWL00025:1771756200000,thames:TWL00025,thames,2026-02-22T10:30:00Z,2026-02-22T22:45:00Z,735,hub,2026-09-17T00:49:00Z,2026-09-17T00:49:00Z,true
thames:TWL00034:1772178000000,thames:TWL00034,thames,2026-02-27T07:40:00Z,2026-03-03T00:28:00Z,5328,hub,2026-09-17T00:49:00Z,2026-09-17T00:49:00Z,true
thames:TWL00035:1770596100000,thames:TWL00035,thames,2026-02-09T00:15:00Z,2026-02-09T00:45:00Z,30,hub,2026-09-17T00:49:00Z,2026-09-17T00:49:00Z,true
thames:TWL00038:1771762500000,thames:TWL00038,thames,2026-02-22T12:15:00Z,2026-02-22T14:00:00Z,105,hub,2026-09-17T00:49:00Z,2026-09-17T00:49:00Z,true
thames:TWL00043:1772291700000,thames:TWL00043,thames,2026-02-28T15:15:00Z,2026-03-01T00:45:00Z,570,hub,2026-09-17T00:49:00Z,2026-09-17T00:49:00Z,true
thames:TWL00046:1770404400000,thames:TWL00046,thames,2026-02-06T19:00:00Z,2026-02-07T02:45:00Z,465,hub,2026-09-17T00:49:00Z,2026-09-17T00:49:00Z,true
thames:TWL00048:1770577200000,thames:TWL00048,thames,2026-02-08T19:00:00Z,2026-02-08T22:15:00Z,195,hub,2026-09-17T00:49:00Z,2026-09-17T00:49:00Z,true
thames:TWL00068:1770412500000,thames:TWL00068,thames,2026-02-06T21:15:00Z,2026-02-07T00:45:00Z,210,hub,2026-09-17T00:49:00Z,2026-09-17T00:49:00Z,true
thames:TWL00070:1771180200000,thames:TWL00070,thames,2026-02-15T18:30:00Z,2026-02-15T23:45:00Z,315,hub,2026-09-17T00:49:00Z,2026-09-17T00:49:00Z,true
thames:TWL00072:1771175700000,thames:TWL00072,thames,2026-02-15T17:15:00Z,2026-02-15T18:15:00Z,60,hub,2026-09-17T00:49:00Z,2026-09-17T00:49:00Z,true
thames:TWL00083:1771457400000,thames:TWL00083,thames,2026-02-18T23:30:00Z,2026-02-19T01:30:00Z,120,hub,2026-09-17T00:49:00Z,2026-09-17T00:49:00Z,true
thames:TWL00085:1772182800000,thames:TWL00085,thames,2026-02-27T09:00:00Z,2026-02-27T10:00:00Z,60,hub,2026-09-17T00:49:00Z,2026-09-17T00:49:00Z,true
thames:TWL00086:1771158600000,thames:TWL00086,thames,2026-02-15T12:30:00Z,2026-02-16T03:00:00Z,870,hub,2026-09-17T00:49:00Z,2026-09-17T00:49:00Z,true
thames:TWL00090:1770397200000,thames:TWL00090,thames,2026-02-06T17:00:00Z,2026-02-06T17:45:00Z,45,hub,2026-09-17T00:49:00Z,2026-09-17T00:49:00Z,true
thames:TWL00094:1771783200000,thames:TWL00094,thames,2026-02-22T18:00:00Z,2026-02-22T23:30:00Z,330,hub,2026-09-17T00:49:00Z,2026-09-17T00:49:00Z,true
thames:TWL00095:1772210700000,thames:TWL00095,thames,2026-02-27T16:45:00Z,2026-02-27T19:00:00Z,135,hub,2026-09-17T00:49:00Z,2026-09-17T00:49:00Z,true
thames:TWL00097:1771781400000,thames:TWL00097,thames,2026-02-22T17:30:00Z,2026-02-22T23:30:00Z,360,hub,2026-09-17T00:49:00Z,2026-09-17T00:49:00Z,true
thames:TWL00105:1771455600000,thames:TWL00105,thames,2026-02-18T23:00:00Z,2026-02-19T05:00:00Z,360,hub,2026-09-17T00:49:00Z,2026-09-17T00:49:00Z,true
thames:TWL00111:1769928300000,thames:TWL00111,thames,2026-02-01T06:45:00Z,2026-02-01T07:15:00Z,30,hub,2026-09-17T00:49:00Z,2026-09-17T00:49:00Z,true
thames:TWL00118:1771173900000,thames:TWL00118,thames,2026-02-15T16:45:00Z,2026-02-16T04:00:00Z,675,hub,2026-09-17T00:49:00Z,2026-09-17T00:49:00Z,true
thames:TWL00124:1771212600000,thames:TWL00124,thames,2026-02-16T03:30:00Z,2026-02-16T04:15:00Z,45,hub,2026-09-17T00:49:00Z,2026-09-17T00:49:00Z,true
thames:TWL00147:1771806600000,thames:TWL00147,thames,2026-02-23T00:30:00Z,2026-02-23T01:00:00Z,30,hub,2026-09-17T00:49:00Z,2026-09-17T00:49:00Z,true
thames:TWL00148:1772277300000,thames:TWL00148,thames,2026-02-28T11:15:00Z,2026-02-28T11:45:00Z,30,hub,2026-09-17T00:49:00Z,2026-09-17T00:49:00Z,true
thames:TWL00151:1770368400000,thames:TWL00151,thames,2026-02-06T09:00:00Z,2026-02-06T10:15:00Z,75,hub,2026-09-17T00:49:00Z,2026-09-17T00:49:00Z,true
thames:TWL00155:1771762500000,thames:TWL00155,thames,2026-02-22T12:15:00Z,2026-02-22T22:30:00Z,615,hub,2026-09-17T00:49:00Z,2026-09-17T00:49:00Z,true
thames:TWL00159:1770313500000,thames:TWL00159,thames,2026-02-05T17:45:00Z,2026-02-10T03:30:00Z,6345,hub,2026-09-17T00:49:00Z,2026-09-17T00:49:00Z,true
thames:TWL00161:1771975800000,thames:TWL00161,thames,2026-02-24T23:30:00Z,2026-02-25T00:15:00Z,45,hub,2026-09-17T00:49:00Z,2026-09-17T00:49:00Z,true
thames:TWL00166:1770380100000,thames:TWL00166,thames,2026-02-06T12:15:00Z,2026-02-07T01:00:00Z,765,hub,2026-09-17T00:49:00Z,2026-09-17T00:49:00Z,true
thames:TWL00174:1771226100000,thames:TWL00174,thames,2026-02-16T07:15:00Z,2026-02-17T02:15:00Z,1140,hub,2026-09-17T00:49:00Z,2026-09-17T00:49:00Z,true
thames:TWL00175:1771175700000,thames:TWL00175,thames,2026-02-15T17:15:00Z,2026-02-15T22:00:00Z,285,hub,2026-09-17T00:49:00Z,2026-09-17T00:49:00Z,true
thames:TWL00184:1771231500000,thames:TWL00184,thames,2026-02-16T08:45:00Z,2026-02-16T12:15:00Z,210,hub,2026-09-17T00:49:00Z,2026-09-17T00:49:00Z,true
thames:TWL00186:1771201800000,thames:TWL00186,thames,2026-02-16T00:30:00Z,2026-02-16T01:00:00Z,30,hub,2026-09-17T00:49:00Z,2026-09-17T00:49:00Z,true
thames:TWL00202:1772265600000,thames:TWL00202,thames,2026-02-28T08:00:00Z,2026-02-28T09:45:00Z,105,hub,2026-09-17T00:49:00Z,2026-09-17T00:49:00Z,true
thames:TWL00206:1771597440000,thames:TWL00206,thames,2026-02-20T14:24:00Z,2026-02-20T15:04:00Z,40,hub,2026-09-17T00:49:00Z,2026-09-17T00:49:00Z,true
thames:TWL00207:1772212500000,thames:TWL00207,thames,2026-02-27T17:15:00Z,2026-02-28T00:00:00Z,405,hub,2026-09-17T00:49:00Z,2026-09-17T00:49:00Z,true
thames:TWL00209:1771238700000,thames:TWL00209,thames,2026-02-16T10:45:00Z,2026-02-16T12:15:00Z,90,hub,2026-09-17T00:49:00Z,2026-09-17T00:49:00Z,true
thames:TWL00215:1770374700000,thames:TWL00215,thames,2026-02-06T10:45:00Z,2026-02-07T03:15:00Z,990,hub,2026-09-17T00:49:00Z,2026-09-17T00:49:00Z,true
thames:TWL00219:1771533900000,thames:TWL00219,thames,2026-02-19T20:45:00Z,2026-02-19T21:15:00Z,30,hub,2026-09-17T00:49:00Z,2026-09-17T00:49:00Z,true
thames:TWL00232:1770624900000,thames:TWL00232,thames,2026-02-09T08:15:00Z,2026-02-09T13:00:00Z,285,hub,2026-09-17T00:49:00Z,2026-09-17T00:49:00Z,true
thames:TWL00234:1771230600000,thames:TWL00234,thames,2026-02-16T08:30:00Z,2026-02-16T23:45:00Z,915,hub,2026-09-17T00:49:00Z,2026-09-17T00:49:00Z,true
thames:TWL00242:1771295400000,thames:TWL00242,thames,2026-02-17T02:30:00Z,2026-02-17T05:45:00Z,195,hub,2026-09-17T00:49:00Z,2026-09-17T00:49:00Z,true
thames:TWL00255:1772241300000,thames:TWL00255,thames,2026-02-28T01:15:00Z,2026-02-28T02:30:00Z,75,hub,2026-09-17T00:49:00Z,2026-09-17T00:49:00Z,true
thames:TWL00261:1771187400000,thames:TWL00261,thames,2026-02-15T20:30:00Z,2026-02-15T21:45:00Z,75,hub,2026-09-17T00:49:00Z,2026-09-17T00:49:00Z,true
thames:TWL00266:1771191000000,thames:TWL00266,thames,2026-02-15T21:30:00Z,2026-02-15T22:00:00Z,30,hub,2026-09-17T00:49:00Z,2026-09-17T00:49:00Z,true
thames:TWL00268:1772264700000,thames:TWL00268,thames,2026-02-28T07:45:00Z,2026-02-28T10:00:00Z,135,hub,2026-09-17T00:49:00Z,2026-09-17T00:49:00Z,true
thames:TWL00270:1771197120000,thames:TWL00270,thames,2026-02-15T23:12:00Z,2026-02-16T02:06:00Z,174,hub,2026-09-17T00:49:00Z,2026-09-17T00:49:00Z,true
thames:TWL00275:1770804000000,thames:TWL00275,thames,2026-02-11T10:00:00Z,2026-02-11T11:00:00Z,60,hub,2026-09-17T00:49:00Z,2026-09-17T00:49:00Z,true
thames:TWL00284:1771182900000,thames:TWL00284,thames,2026-02-15T19:15:00Z,2026-02-16T03:30:00Z,495,hub,2026-09-17T00:49:00Z,2026-09-17T00:49:00Z,true
thames:TWL00287:1771424100000,thames:TWL00287,thames,2026-02-18T14:15:00Z,2026-02-18T14:45:00Z,30,hub,2026-09-17T00:49:00Z,2026-09-17T00:49:00Z,true
thames:TWL00289:1770381900000,thames:TWL00289,thames,2026-02-06T12:45:00Z,2026-02-07T01:00:00Z,735,hub,2026-09-17T00:49:00Z,2026-09-17T00:49:00Z,true
thames:TWL00300:1771756200000,thames:TWL00300,thames,2026-02-22T10:30:00Z,2026-02-22T11:00:00Z,30,hub,2026-09-17T00:49:00Z,2026-09-17T00:49:00Z,true
thames:TWL00301:1771495200000,thames:TWL00301,thames,2026-02-19T10:00:00Z,2026-02-19T13:15:00Z,195,hub,2026-09-17T00:49:00Z,2026-09-17T00:49:00Z,true
thames:TWL00344:1770809400000,thames:TWL00344,thames,2026-02-11T11:30:00Z,2026-02-11T11:34:00Z,4,hub,2026-09-17T00:49:00Z,2026-09-17T00:49:00Z,true
thames:TWL00356:1771189200000,thames:TWL00356,thames,2026-02-15T21:00:00Z,2026-02-15T23:15:00Z,135,hub,2026-09-17T00:49:00Z,2026-09-17T00:49:00Z,true
thames:TWL00357:1771175700000,thames:TWL00357,thames,2026-02-15T17:15:00Z,2026-02-16T01:15:00Z,480,hub,2026-09-17T00:49:00Z,2026-09-17T00:49:00Z,true
thames:TWL00366:1770816600000,thames:TWL00366,thames,2026-02-11T13:30:00Z,2026-02-11T14:00:00Z,30,hub,2026-09-17T00:49:00Z,2026-09-17T00:49:00Z,true
thames:TWL00397:1772310600000,thames:TWL00397,thames,2026-02-28T20:30:00Z,2026-02-28T22:30:00Z,120,hub,2026-09-17T00:49:00Z,2026-09-17T00:49:00Z,true
thames:TWL00402:1770585300000,thames:TWL00402,thames,2026-02-08T21:15:00Z,2026-02-08T23:45:00Z,150,hub,2026-09-17T00:49:00Z,2026-09-17T00:49:00Z,true
thames:TWL00403:1772268300000,thames:TWL00403,thames,2026-02-28T08:45:00Z,2026-02-28T09:15:00Z,30,hub,2026-09-17T00:49:00Z,2026-09-17T00:49:00Z,true
thames:TWL00404:1772297100000,thames:TWL00404,thames,2026-02-28T16:45:00Z,2026-02-28T17:30:00Z,45,hub,2026-09-17T00:49:00Z,2026-09-17T00:49:00Z,true
thames:TWL00408:1771164900000,thames:TWL00408,thames,2026-02-15T14:15:00Z,2026-02-15T16:15:00Z,120,hub,2026-09-17T00:49:00Z,2026-09-17T00:49:00Z,true
thames:TWL00411:1770749100000,thames:TWL00411,thames,2026-02-10T18:45:00Z,2026-02-10T19:30:00Z,45,hub,2026-09-17T00:49:00Z,2026-09-17T00:49:00Z,true
thames:TWL00416:1772013600000,thames:TWL00416,thames,2026-02-25T10:00:00Z,2026-02-25T10:30:00Z,30,hub,2026-09-17T00:49:00Z,2026-09-17T00:49:00Z,true
thames:TWL00419:1771754400000,thames:TWL00419,thames,2026-02-22T10:00:00Z,2026-02-25T07:00:00Z,4140,hub,2026-09-17T00:49:00Z,2026-09-17T00:49:00Z,true
thames:TWL00428:1771230600000,thames:TWL00428,thames,2026-02-16T08:30:00Z,2026-02-16T09:45:00Z,75,hub,2026-09-17T00:49:00Z,2026-09-17T00:49:00Z,true
thames:TWL00429:1771174800000,thames:TWL00429,thames,2026-02-15T17:00:00Z,2026-02-15T17:30:00Z,30,hub,2026-09-17T00:49:00Z,2026-09-17T00:49:00Z,true
thames:TWL00455:1771838100000,thames:TWL00455,thames,2026-02-23T09:15:00Z,2026-02-23T10:00:00Z,45,hub,2026-09-17T00:49:00Z,2026-09-17T00:49:00Z,true
thames:TWL00457:1771791300000,thames:TWL00457,thames,2026-02-22T20:15:00Z,2026-02-22T23:00:00Z,165,hub,2026-09-17T00:49:00Z,2026-09-17T00:49:00Z,true
thames:TWL00478:1771450200000,thames:TWL00478,thames,2026-02-18T21:30:00Z,2026-02-18T22:45:00Z,75,hub,2026-09-17T00:49:00Z,2026-09-17T00:49:00Z,true
thames:TWL00612:1771161120000,thames:TWL00612,thames,2026-02-15T13:12:00Z,2026-02-22T03:22:00Z,9490,hub,2026-09-17T00:49:00Z,2026-09-17T00:49:00Z,true
thames:TWL00638:1771610400000,thames:TWL00638,thames,2026-02-20T18:00:00Z,2026-02-20T18:45:00Z,45,hub,2026-09-17T00:49:00Z,2026-09-17T00:49:00Z,true
thames:TWL00670:1770404760000,thames:TWL00670,thames,2026-02-06T19:06:00Z,2026-02-06T19:34:00Z,28,hub,2026-09-17T00:49:00Z,2026-09-17T00:49:00Z,true
thames:TWL00806:1771154100000,thames:TWL00806,thames,2026-02-15T11:15:00Z,2026-02-15T14:45:00Z,210,hub,2026-09-17T00:49:00Z,2026-09-17T00:49:00Z,true
united-utilities:UUP00056:1770305280000,united-utilities:UUP00056,united-utilities,2026-02-05T15:28:00Z,2026-02-05T21:38:00Z,370,hub,2026-09-17T00:49:00Z,2026-09-17T00:49:00Z,true
united-utilities:UUP00106:1769910600000,united-utilities:UUP00106,united-utilities,2026-02-01T01:50:00Z,,,hub,2026-09-17T00:49:00Z,2026-09-17T00:49:00Z,
united-utilities:UUP00164:1772215320000,united-utilities:UUP00164,united-utilities,2026-02-27T18:02:00Z,2026-02-27T18:06:00Z,4,hub,2026-09-17T00:49:00Z,2026-09-17T00:49:00Z,true
united-utilities:UUP00367:1771655640000,united-utilities:UUP00367,united-utilities,2026-02-21T06:34:00Z,2026-02-21T06:40:00Z,6,hub,2026-09-17T00:49:00Z,2026-09-17T00:49:00Z,true
united-utilities:UUP00484:1771335480000,united-utilities:UUP00484,united-utilities,2026-02-17T13:38:00Z,2026-02-17T13:42:00Z,4,hub,2026-09-17T00:49:00Z,2026-09-17T00:49:00Z,true
united-utilities:UUP00646:1770668160000,united-utilities:UUP00646,united-utilities,2026-02-09T20:16:00Z,2026-02-09T20:18:00Z,2,hub,2026-09-17T00:49:00Z,2026-09-17T00:49:00Z,true
united-utilities:UUP00714:1770864346000,united-utilities:UUP00714,united-utilities,2026-02-12T02:45:46Z,2026-02-12T08:00:04Z,314,hub,2026-09-17T00:49:00Z,2026-09-17T00:49:00Z,true
united-utilities:UUP01104:1771450252000,united-utilities:UUP01104,united-utilities,2026-02-18T21:30:52Z,2026-02-18T21:37:42Z,7,hub,2026-09-17T00:49:00Z,2026-09-17T00:49:00Z,true
united-utilities:UUP01154:1772180160000,united-utilities:UUP01154,united-utilities,2026-02-27T08:16:00Z,2026-02-27T08:18:00Z,2,hub,2026-09-17T00:49:00Z,2026-09-17T00:49:00Z,true
united-utilities:UUP01225:1771241280000,united-utilities:UUP01225,united-utilities,2026-02-16T11:28:00Z,2026-02-16T11:32:00Z,4,hub,2026-09-17T00:49:00Z,2026-09-17T00:49:00Z,true
united-utilities:UUP01374:1770509179000,united-utilities:UUP01374,united-utilities,2026-02-08T00:06:19Z,2026-02-08T07:29:02Z,443,hub,2026-09-17T00:49:00Z,2026-09-17T00:49:00Z,true
united-utilities:UUP01390:1770856535000,united-utilities:UUP01390,united-utilities,2026-02-12T00:35:35Z,2026-02-12T07:49:03Z,433,hub,2026-09-17T00:49:00Z,2026-09-17T00:49:00Z,true
united-utilities:UUP01413:1770367726000,united-utilities:UUP01413,united-utilities,2026-02-06T08:48:46Z,2026-02-06T09:13:56Z,25,hub,2026-09-17T00:49:00Z,2026-09-17T00:49:00Z,true
united-utilities:UUP01415:1770490080000,united-utilities:UUP01415,united-utilities,2026-02-07T18:48:00Z,2026-02-07T18:50:00Z,2,hub,2026-09-17T00:49:00Z,2026-09-17T00:49:00Z,true
united-utilities:UUP01688:1770215050000,united-utilities:UUP01688,united-utilities,2026-02-04T14:24:10Z,2026-02-04T14:31:32Z,7,hub,2026-09-17T00:49:00Z,2026-09-17T00:49:00Z,true
united-utilities:UUP01769:1770981169000,united-utilities:UUP01769,united-utilities,2026-02-13T11:12:49Z,2026-02-13T11:21:33Z,9,hub,2026-09-17T00:49:00Z,2026-09-17T00:49:00Z,true
united-utilities:UUP01895:1770278400000,united-utilities:UUP01895,united-utilities,2026-02-05T08:00:00Z,,,hub,2026-09-17T00:49:00Z,2026-09-17T00:49:00Z,
united-utilities:UUP02042:1770863640000,united-utilities:UUP02042,united-utilities,2026-02-12T02:34:00Z,2026-02-12T02:38:00Z,4,hub,2026-09-17T00:49:00Z,2026-09-17T00:49:00Z,true
united-utilities:UUP02055:1771060800000,united-utilities:UUP02055,united-utilities,2026-02-14T09:20:00Z,2026-02-14T09:28:00Z,8,hub,2026-09-17T00:49:00Z,2026-09-17T00:49:00Z,true
united-utilities:UUP02109:1770834600000,united-utilities:UUP02109,united-utilities,2026-02-11T18:30:00Z,2026-02-11T18:32:00Z,2,hub,2026-09-17T00:49:00Z,2026-09-17T00:49:00Z,true
united-utilities:UUP02220:1769904600000,united-utilities:UUP02220,united-utilities,2026-02-01T00:10:00Z,2026-02-01T00:14:00Z,4,hub,2026-09-17T00:49:00Z,2026-09-17T00:49:00Z,true
united-utilities:UUP02251:1771125600000,united-utilities:UUP02251,united-utilities,2026-02-15T03:20:00Z,2026-02-15T03:26:00Z,6,hub,2026-09-17T00:49:00Z,2026-09-17T00:49:00Z,true
wessex:WSX10112:1771465920000,wessex:WSX10112,wessex,2026-02-19T01:52:00Z,2026-02-19T02:34:00Z,42,hub,2026-09-17T00:49:00Z,2026-09-17T00:49:00Z,true
wessex:WSX10116:1771462800000,wessex:WSX10116,wessex,2026-02-19T01:00:00Z,2026-02-19T01:02:00Z,2,hub,2026-09-17T00:49:00Z,2026-09-17T00:49:00Z,true
wessex:WSX10126:1771471320000,wessex:WSX10126,wessex,2026-02-19T03:22:00Z,2026-02-19T03:24:00Z,2,hub,2026-09-17T00:49:00Z,2026-09-17T00:49:00Z,true
wessex:WSX10128:1770669780000,wessex:WSX10128,wessex,2026-02-09T20:43:00Z,2026-02-09T21:22:00Z,39,hub,2026-09-17T00:49:00Z,2026-09-17T00:49:00Z,true
wessex:WSX10133:1771508340000,wessex:WSX10133,wessex,2026-02-19T13:39:00Z,2026-02-19T13:42:00Z,3,hub,2026-09-17T00:49:00Z,2026-09-17T00:49:00Z,true
wessex:WSX10134:1771203300000,wessex:WSX10134,wessex,2026-02-16T00:55:00Z,2026-02-16T01:08:00Z,13,hub,2026-09-17T00:49:00Z,2026-09-17T00:49:00Z,true
wessex:WSX10141:1771440600000,wessex:WSX10141,wessex,2026-02-18T18:50:00Z,2026-02-19T02:46:00Z,476,hub,2026-09-17T00:49:00Z,2026-09-17T00:49:00Z,true
wessex:WSX10142:1771425000000,wessex:WSX10142,wessex,2026-02-18T14:30:00Z,2026-02-19T04:38:00Z,848,hub,2026-09-17T00:49:00Z,2026-09-17T00:49:00Z,true
wessex:WSX10143:1771485120000,wessex:WSX10143,wessex,2026-02-19T07:12:00Z,2026-02-19T12:08:00Z,296,hub,2026-09-17T00:49:00Z,2026-09-17T00:49:00Z,true
wessex:WSX10147:1771494120000,wessex:WSX10147,wessex,2026-02-19T09:42:00Z,2026-02-19T09:44:00Z,2,hub,2026-09-17T00:49:00Z,2026-09-17T00:49:00Z,true
wessex:WSX10158:1771616280000,wessex:WSX10158,wessex,2026-02-20T19:38:00Z,2026-02-20T19:48:00Z,10,hub,2026-09-17T00:49:00Z,2026-09-17T00:49:00Z,true
wessex:WSX10159:1772225400000,wessex:WSX10159,wessex,2026-02-27T20:50:00Z,2026-02-28T13:02:00Z,972,hub,2026-09-17T00:49:00Z,2026-09-17T00:49:00Z,true
wessex:WSX10166:1771662900000,wessex:WSX10166,wessex,2026-02-21T08:35:00Z,2026-02-21T08:40:00Z,5,hub,2026-09-17T00:49:00Z,2026-09-17T00:49:00Z,true
wessex:WSX10170:1771701120000,wessex:WSX10170,wessex,2026-02-21T19:12:00Z,2026-02-21T19:32:00Z,20,hub,2026-09-17T00:49:00Z,2026-09-17T00:49:00Z,true
wessex:WSX10172:1771051320000,wessex:WSX10172,wessex,2026-02-14T06:42:00Z,2026-02-14T06:43:00Z,1,hub,2026-09-17T00:49:00Z,2026-09-17T00:49:00Z,true
wessex:WSX10180:1771002000000,wessex:WSX10180,wessex,2026-02-13T17:00:00Z,2026-02-13T23:42:00Z,402,hub,2026-09-17T00:49:00Z,2026-09-17T00:49:00Z,true
wessex:WSX1291:1770664728000,wessex:WSX1291,wessex,2026-02-09T19:18:48Z,2026-02-09T21:53:47Z,155,hub,2026-09-17T00:49:00Z,2026-09-17T00:49:00Z,true
wessex:WSX1292:1771430400000,wessex:WSX1292,wessex,2026-02-18T16:00:00Z,2026-02-19T02:30:00Z,630,hub,2026-09-17T00:49:00Z,2026-09-17T00:49:00Z,true
wessex:WXW00009:1771757880000,wessex:WXW00009,wessex,2026-02-22T10:58:00Z,2026-02-22T12:16:00Z,78,hub,2026-09-17T00:49:00Z,2026-09-17T00:49:00Z,true
wessex:WXW00072:1771191360000,wessex:WXW00072,wessex,2026-02-15T21:36:00Z,2026-02-15T22:10:00Z,34,hub,2026-09-17T00:49:00Z,2026-09-17T00:49:00Z,true
wessex:WXW00073:1772306040000,wessex:WXW00073,wessex,2026-02-28T19:14:00Z,2026-02-28T19:16:00Z,2,hub,2026-09-17T00:49:00Z,2026-09-17T00:49:00Z,true
wessex:WXW00082:1771480680000,wessex:WXW00082,wessex,2026-02-19T05:58:00Z,2026-02-19T06:06:00Z,8,hub,2026-09-17T00:49:00Z,2026-09-17T00:49:00Z,true
wessex:WXW00090:1771742880000,wessex:WXW00090,wessex,2026-02-22T06:48:00Z,2026-02-22T18:58:00Z,730,hub,2026-09-17T00:49:00Z,2026-09-17T00:49:00Z,true
wessex:WXW00103:1771482840000,wessex:WXW00103,wessex,2026-02-19T06:34:00Z,2026-02-20T02:52:00Z,1218,hub,2026-09-17T00:49:00Z,2026-09-17T00:49:00Z,true
wessex:WXW00107:1771233420000,wessex:WXW00107,wessex,2026-02-16T09:17:00Z,2026-02-16T09:30:00Z,13,hub,2026-09-17T00:49:00Z,2026-09-17T00:49:00Z,true
wessex:WXW00111:1770397680000,wessex:WXW00111,wessex,2026-02-06T17:08:00Z,2026-02-06T17:10:00Z,2,hub,2026-09-17T00:49:00Z,2026-09-17T00:49:00Z,true
wessex:WXW00120:1771451700000,wessex:WXW00120,wessex,2026-02-18T21:55:00Z,2026-02-18T21:56:00Z,1,hub,2026-09-17T00:49:00Z,2026-09-17T00:49:00Z,true
wessex:WXW00128:1771894920000,wessex:WXW00128,wessex,2026-02-24T01:02:00Z,2026-02-24T01:10:00Z,8,hub,2026-09-17T00:49:00Z,2026-09-17T00:49:00Z,true
wessex:WXW00133:1772237220000,wessex:WXW00133,wessex,2026-02-28T00:07:00Z,2026-02-28T07:25:00Z,438,hub,2026-09-17T00:49:00Z,2026-09-17T00:49:00Z,true
wessex:WXW00137:1770478140000,wessex:WXW00137,wessex,2026-02-07T15:29:00Z,2026-02-07T19:03:00Z,214,hub,2026-09-17T00:49:00Z,2026-09-17T00:49:00Z,true
wessex:WXW00151:1772244060000,wessex:WXW00151,wessex,2026-02-28T02:01:00Z,2026-02-28T11:55:00Z,594,hub,2026-09-17T00:49:00Z,2026-09-17T00:49:00Z,true
wessex:WXW00158:1771445580000,wessex:WXW00158,wessex,2026-02-18T20:13:00Z,2026-02-19T02:09:00Z,356,hub,2026-09-17T00:49:00Z,2026-09-17T00:49:00Z,true
wessex:WXW00163:1771005960000,wessex:WXW00163,wessex,2026-02-13T18:06:00Z,2026-02-13T18:12:00Z,6,hub,2026-09-17T00:49:00Z,2026-09-17T00:49:00Z,true
wessex:WXW00171:1772168640000,wessex:WXW00171,wessex,2026-02-27T05:04:00Z,2026-02-27T05:06:00Z,2,hub,2026-09-17T00:49:00Z,2026-09-17T00:49:00Z,true
wessex:WXW00179:1771449840000,wessex:WXW00179,wessex,2026-02-18T21:24:00Z,2026-02-18T21:54:00Z,30,hub,2026-09-17T00:49:00Z,2026-09-17T00:49:00Z,true
wessex:WXW00201:1771442520000,wessex:WXW00201,wessex,2026-02-18T19:22:00Z,2026-02-18T22:16:00Z,174,hub,2026-09-17T00:49:00Z,2026-09-17T00:49:00Z,true
wessex:WXW00206:1770842340000,wessex:WXW00206,wessex,2026-02-11T20:39:00Z,2026-02-11T20:40:00Z,1,hub,2026-09-17T00:49:00Z,2026-09-17T00:49:00Z,true
wessex:WXW00211:1771519560000,wessex:WXW00211,wessex,2026-02-19T16:46:00Z,2026-02-19T16:52:00Z,6,hub,2026-09-17T00:49:00Z,2026-09-17T00:49:00Z,true
wessex:WXW00213:1770564120000,wessex:WXW00213,wessex,2026-02-08T15:22:00Z,2026-02-08T15:24:00Z,2,hub,2026-09-17T00:49:00Z,2026-09-17T00:49:00Z,true
wessex:WXW00216:1771502220000,wessex:WXW00216,wessex,2026-02-19T11:57:00Z,2026-02-19T11:58:00Z,1,hub,2026-09-17T00:49:00Z,2026-09-17T00:49:00Z,true
wessex:WXW00221:1771946280000,wessex:WXW00221,wessex,2026-02-24T15:18:00Z,2026-02-24T15:20:00Z,2,hub,2026-09-17T00:49:00Z,2026-09-17T00:49:00Z,true
wessex:WXW00229:1771461120000,wessex:WXW00229,wessex,2026-02-19T00:32:00Z,2026-02-19T00:44:00Z,12,hub,2026-09-17T00:49:00Z,2026-09-17T00:49:00Z,true
wessex:WXW00238:1771149000000,wessex:WXW00238,wessex,2026-02-15T09:50:00Z,2026-02-15T22:40:00Z,770,hub,2026-09-17T00:49:00Z,2026-09-17T00:49:00Z,true
wessex:WXW00243:1771426440000,wessex:WXW00243,wessex,2026-02-18T14:54:00Z,2026-02-18T23:50:00Z,536,hub,2026-09-17T00:49:00Z,2026-09-17T00:49:00Z,true
wessex:WXW00251:1770640532000,wessex:WXW00251,wessex,2026-02-09T12:35:32Z,2026-02-09T12:47:21Z,12,hub,2026-09-17T00:49:00Z,2026-09-17T00:49:00Z,true
wessex:WXW00279:1772058540000,wessex:WXW00279,wessex,2026-02-25T22:29:00Z,2026-02-25T22:31:00Z,2,hub,2026-09-17T00:49:00Z,2026-09-17T00:49:00Z,true
wessex:WXW00281:1771463520000,wessex:WXW00281,wessex,2026-02-19T01:12:00Z,2026-02-19T01:14:00Z,2,hub,2026-09-17T00:49:00Z,2026-09-17T00:49:00Z,true
wessex:WXW00283:1771449480000,wessex:WXW00283,wessex,2026-02-18T21:18:00Z,2026-02-19T07:24:00Z,606,hub,2026-09-17T00:49:00Z,2026-09-17T00:49:00Z,true
wessex:WXW00286:1771430520000,wessex:WXW00286,wessex,2026-02-18T16:02:00Z,2026-02-20T01:24:00Z,2002,hub,2026-09-17T00:49:00Z,2026-09-17T00:49:00Z,true
wessex:WXW00290:1771466280000,wessex:WXW00290,wessex,2026-02-19T01:58:00Z,2026-02-19T02:00:00Z,2,hub,2026-09-17T00:49:00Z,2026-09-17T00:49:00Z,true
wessex:WXW00314:1772241840000,wessex:WXW00314,wessex,2026-02-28T01:24:00Z,2026-02-28T11:44:00Z,620,hub,2026-09-17T00:49:00Z,2026-09-17T00:49:00Z,true
wessex:WXW00317:1771202520000,wessex:WXW00317,wessex,2026-02-16T00:42:00Z,2026-02-16T04:38:00Z,236,hub,2026-09-17T00:49:00Z,2026-09-17T00:49:00Z,true
wessex:WXW00321:1771439760000,wessex:WXW00321,wessex,2026-02-18T18:36:00Z,2026-02-18T18:41:00Z,5,hub,2026-09-17T00:49:00Z,2026-09-17T00:49:00Z,true
wessex:WXW00324:1771764479000,wessex:WXW00324,wessex,2026-02-22T12:47:59Z,2026-02-22T23:56:00Z,668,hub,2026-09-17T00:49:00Z,2026-09-17T00:49:00Z,true
wessex:WXW00327:1770596160000,wessex:WXW00327,wessex,2026-02-09T00:16:00Z,2026-02-09T00:18:00Z,2,hub,2026-09-17T00:49:00Z,2026-09-17T00:49:00Z,true
wessex:WXW00331:1770740880000,wessex:WXW00331,wessex,2026-02-10T16:28:00Z,2026-02-11T00:38:00Z,490,hub,2026-09-17T00:49:00Z,2026-09-17T00:49:00Z,true
wessex:WXW00334:1772245440000,wessex:WXW00334,wessex,2026-02-28T02:24:00Z,2026-02-28T03:14:00Z,50,hub,2026-09-17T00:49:00Z,2026-09-17T00:49:00Z,true
wessex:WXW00351:1771453320000,wessex:WXW00351,wessex,2026-02-18T22:22:00Z,2026-02-18T22:24:00Z,2,hub,2026-09-17T00:49:00Z,2026-09-17T00:49:00Z,true
wessex:WXW00352:1770685320000,wessex:WXW00352,wessex,2026-02-10T01:02:00Z,2026-02-10T01:06:00Z,4,hub,2026-09-17T00:49:00Z,2026-09-17T00:49:00Z,true
wessex:WXW00357:1771842000000,wessex:WXW00357,wessex,2026-02-23T10:20:00Z,2026-02-23T11:20:00Z,60,hub,2026-09-17T00:49:00Z,2026-09-17T00:49:00Z,true
wessex:WXW00358:1771034280000,wessex:WXW00358,wessex,2026-02-14T01:58:00Z,2026-02-14T02:00:00Z,2,hub,2026-09-17T00:49:00Z,2026-09-17T00:49:00Z,true
wessex:WXW00359:1770746280000,wessex:WXW00359,wessex,2026-02-10T17:58:00Z,2026-02-10T23:37:00Z,339,hub,2026-09-17T00:49:00Z,2026-09-17T00:49:00Z,true
wessex:WXW00372:1770477120000,wessex:WXW00372,wessex,2026-02-07T15:12:00Z,2026-02-07T15:14:00Z,2,hub,2026-09-17T00:49:00Z,2026-09-17T00:49:00Z,true
wessex:WXW00373:1771458360000,wessex:WXW00373,wessex,2026-02-18T23:46:00Z,2026-02-19T00:06:00Z,20,hub,2026-09-17T00:49:00Z,2026-09-17T00:49:00Z,true
wessex:WXW00383:1771005180000,wessex:WXW00383,wessex,2026-02-13T17:53:00Z,2026-02-14T04:58:00Z,665,hub,2026-09-17T00:49:00Z,2026-09-17T00:49:00Z,true
wessex:WXW00389:1772129100000,wessex:WXW00389,wessex,2026-02-26T18:05:00Z,2026-02-27T06:20:00Z,735,hub,2026-09-17T00:49:00Z,2026-09-17T00:49:00Z,true
wessex:WXW00390:1771495560000,wessex:WXW00390,wessex,2026-02-19T10:06:00Z,2026-02-19T10:22:00Z,16,hub,2026-09-17T00:49:00Z,2026-09-17T00:49:00Z,true
wessex:WXW00400:1771832700000,wessex:WXW00400,wessex,2026-02-23T07:45:00Z,2026-02-24T00:13:00Z,988,hub,2026-09-17T00:49:00Z,2026-09-17T00:49:00Z,true
wessex:WXW00415:1771434240000,wessex:WXW00415,wessex,2026-02-18T17:04:00Z,2026-02-18T20:06:00Z,182,hub,2026-09-17T00:49:00Z,2026-09-17T00:49:00Z,true
wessex:WXW00416:1771438560000,wessex:WXW00416,wessex,2026-02-18T18:16:00Z,2026-02-19T00:20:00Z,364,hub,2026-09-17T00:49:00Z,2026-09-17T00:49:00Z,true
wessex:WXW00429:1771441680000,wessex:WXW00429,wessex,2026-02-18T19:08:00Z,2026-02-18T19:12:00Z,4,hub,2026-09-17T00:49:00Z,2026-09-17T00:49:00Z,true
wessex:WXW00432:1770892800000,wessex:WXW00432,wessex,2026-02-12T10:40:00Z,2026-02-22T02:48:00Z,13928,hub,2026-09-17T00:49:00Z,2026-09-17T00:49:00Z,true
wessex:WXW00438:1771845960000,wessex:WXW00438,wessex,2026-02-23T11:26:00Z,2026-02-23T11:28:00Z,2,hub,2026-09-17T00:49:00Z,2026-09-17T00:49:00Z,true
wessex:WXW00455:1771460160000,wessex:WXW00455,wessex,2026-02-19T00:16:00Z,2026-02-19T22:30:00Z,1334,hub,2026-09-17T00:49:00Z,2026-09-17T00:49:00Z,true
wessex:WXW00457:1770739860000,wessex:WXW00457,wessex,2026-02-10T16:11:00Z,2026-02-11T00:14:00Z,483,hub,2026-09-17T00:49:00Z,2026-09-17T00:49:00Z,true
wessex:WXW00459:1771518060000,wessex:WXW00459,wessex,2026-02-19T16:21:00Z,2026-02-19T16:22:00Z,1,hub,2026-09-17T00:49:00Z,2026-09-17T00:49:00Z,true
wessex:WXW00465:1771426680000,wessex:WXW00465,wessex,2026-02-18T14:58:00Z,2026-02-19T05:40:00Z,882,hub,2026-09-17T00:49:00Z,2026-09-17T00:49:00Z,true
wessex:WXW00466:1771444920000,wessex:WXW00466,wessex,2026-02-18T20:02:00Z,2026-02-18T20:04:00Z,2,hub,2026-09-17T00:49:00Z,2026-09-17T00:49:00Z,true
wessex:WXW00472:1771440720000,wessex:WXW00472,wessex,2026-02-18T18:52:00Z,2026-02-18T23:58:00Z,306,hub,2026-09-17T00:49:00Z,2026-09-17T00:49:00Z,true
wessex:WXW00481:1770241440000,wessex:WXW00481,wessex,2026-02-04T21:44:00Z,2026-03-11T05:58:00Z,49454,hub,2026-09-17T00:49:00Z,2026-09-17T00:49:00Z,true
wessex:WXW00500:1771819320000,wessex:WXW00500,wessex,2026-02-23T04:02:00Z,2026-02-23T04:06:00Z,4,hub,2026-09-17T00:49:00Z,2026-09-17T00:49:00Z,true
wessex:WXW00506:1771442640000,wessex:WXW00506,wessex,2026-02-18T19:24:00Z,2026-02-18T20:20:00Z,56,hub,2026-09-17T00:49:00Z,2026-09-17T00:49:00Z,true
wessex:WXW00507:1771429740000,wessex:WXW00507,wessex,2026-02-18T15:49:00Z,2026-02-19T02:20:00Z,631,hub,2026-09-17T00:49:00Z,2026-09-17T00:49:00Z,true
wessex:WXW00521:1771441800000,wessex:WXW00521,wessex,2026-02-18T19:10:00Z,2026-02-18T20:42:00Z,92,hub,2026-09-17T00:49:00Z,2026-09-17T00:49:00Z,true
wessex:WXW00523:1771688160000,wessex:WXW00523,wessex,2026-02-21T15:36:00Z,2026-02-21T15:49:00Z,13,hub,2026-09-17T00:49:00Z,2026-09-17T00:49:00Z,true
wessex:WXW00528:1771435680000,wessex:WXW00528,wessex,2026-02-18T17:28:00Z,2026-02-18T21:24:00Z,236,hub,2026-09-17T00:49:00Z,2026-09-17T00:49:00Z,true
wessex:WXW00533:1771003080000,wessex:WXW00533,wessex,2026-02-13T17:18:00Z,2026-02-13T17:46:00Z,28,hub,2026-09-17T00:49:00Z,2026-09-17T00:49:00Z,true
wessex:WXW00543:1771433460000,wessex:WXW00543,wessex,2026-02-18T16:51:00Z,2026-02-19T00:05:00Z,434,hub,2026-09-17T00:49:00Z,2026-09-17T00:49:00Z,true
wessex:WXW00544:1772038440000,wessex:WXW00544,wessex,2026-02-25T16:54:00Z,2026-02-25T19:31:00Z,157,hub,2026-09-17T00:49:00Z,2026-09-17T00:49:00Z,true
wessex:WXW00552:1771444868000,wessex:WXW00552,wessex,2026-02-18T20:01:08Z,2026-02-19T02:06:08Z,365,hub,2026-09-17T00:49:00Z,2026-09-17T00:49:00Z,true
wessex:WXW00556:1771507260000,wessex:WXW00556,wessex,2026-02-19T13:21:00Z,2026-02-19T13:22:00Z,1,hub,2026-09-17T00:49:00Z,2026-09-17T00:49:00Z,true
wessex:WXW00557:1771436640000,wessex:WXW00557,wessex,2026-02-18T17:44:00Z,2026-02-19T03:02:00Z,558,hub,2026-09-17T00:49:00Z,2026-09-17T00:49:00Z,true
wessex:WXW00570:1771499400000,wessex:WXW00570,wessex,2026-02-19T11:10:00Z,2026-02-19T12:04:00Z,54,hub,2026-09-17T00:49:00Z,2026-09-17T00:49:00Z,true
wessex:WXW00585:1770396180000,wessex:WXW00585,wessex,2026-02-06T16:43:00Z,2026-02-06T22:12:00Z,329,hub,2026-09-17T00:49:00Z,2026-09-17T00:49:00Z,true
wessex:WXW00587:1771436400000,wessex:WXW00587,wessex,2026-02-18T17:40:00Z,2026-02-19T05:06:00Z,686,hub,2026-09-17T00:49:00Z,2026-09-17T00:49:00Z,true
wessex:WXW00595:1771160940000,wessex:WXW00595,wessex,2026-02-15T13:09:00Z,2026-02-15T13:13:00Z,4,hub,2026-09-17T00:49:00Z,2026-09-17T00:49:00Z,true
wessex:WXW00598:1771544400000,wessex:WXW00598,wessex,2026-02-19T23:40:00Z,2026-02-19T23:42:00Z,2,hub,2026-09-17T00:49:00Z,2026-09-17T00:49:00Z,true
wessex:WXW00601:1770386100000,wessex:WXW00601,wessex,2026-02-06T13:55:00Z,2026-02-06T13:57:00Z,2,hub,2026-09-17T00:49:00Z,2026-09-17T00:49:00Z,true
wessex:WXW00602:1771502640000,wessex:WXW00602,wessex,2026-02-19T12:04:00Z,2026-02-19T12:06:00Z,2,hub,2026-09-17T00:49:00Z,2026-09-17T00:49:00Z,true
wessex:WXW00605:1771495380000,wessex:WXW00605,wessex,2026-02-19T10:03:00Z,2026-02-19T10:04:00Z,1,hub,2026-09-17T00:49:00Z,2026-09-17T00:49:00Z,true
wessex:WXW00606:1770908520000,wessex:WXW00606,wessex,2026-02-12T15:02:00Z,2026-02-12T15:07:00Z,5,hub,2026-09-17T00:49:00Z,2026-09-17T00:49:00Z,true
wessex:WXW00611:1772227920000,wessex:WXW00611,wessex,2026-02-27T21:32:00Z,2026-02-27T22:14:00Z,42,hub,2026-09-17T00:49:00Z,2026-09-17T00:49:00Z,true
wessex:WXW00618:1771443000000,wessex:WXW00618,wessex,2026-02-18T19:30:00Z,2026-02-18T20:58:00Z,88,hub,2026-09-17T00:49:00Z,2026-09-17T00:49:00Z,true
wessex:WXW00621:1771477320000,wessex:WXW00621,wessex,2026-02-19T05:02:00Z,2026-02-19T05:04:00Z,2,hub,2026-09-17T00:49:00Z,2026-09-17T00:49:00Z,true
wessex:WXW00624:1770605880000,wessex:WXW00624,wessex,2026-02-09T02:58:00Z,2026-02-09T13:14:00Z,616,hub,2026-09-17T00:49:00Z,2026-09-17T00:49:00Z,true
wessex:WXW00626:1771439760000,wessex:WXW00626,wessex,2026-02-18T18:36:00Z,2026-02-19T01:34:00Z,418,hub,2026-09-17T00:49:00Z,2026-09-17T00:49:00Z,true
wessex:WXW00646:1770453420000,wessex:WXW00646,wessex,2026-02-07T08:37:00Z,2026-02-07T21:04:00Z,747,hub,2026-09-17T00:49:00Z,2026-09-17T00:49:00Z,true
wessex:WXW00659:1771480920000,wessex:WXW00659,wessex,2026-02-19T06:02:00Z,2026-02-19T22:48:00Z,1006,hub,2026-09-17T00:49:00Z,2026-09-17T00:49:00Z,true
wessex:WXW00662:1769960520000,wessex:WXW00662,wessex,2026-02-01T15:42:00Z,2026-02-01T15:43:00Z,1,hub,2026-09-17T00:49:00Z,2026-09-17T00:49:00Z,true
wessex:WXW00667:1771442880000,wessex:WXW00667,wessex,2026-02-18T19:28:00Z,2026-02-18T22:52:00Z,204,hub,2026-09-17T00:49:00Z,2026-09-17T00:49:00Z,true
wessex:WXW00668:1771446120000,wessex:WXW00668,wessex,2026-02-18T20:22:00Z,2026-02-20T03:59:00Z,1897,hub,2026-09-17T00:49:00Z,2026-09-17T00:49:00Z,true
wessex:WXW00704:1771703280000,wessex:WXW00704,wessex,2026-02-21T19:48:00Z,2026-02-21T19:52:00Z,4,hub,2026-09-17T00:49:00Z,2026-09-17T00:49:00Z,true
wessex:WXW00708:1771026360000,wessex:WXW00708,wessex,2026-02-13T23:46:00Z,2026-02-13T23:58:00Z,12,hub,2026-09-17T00:49:00Z,2026-09-17T00:49:00Z,true
wessex:WXW00716:1771538880000,wessex:WXW00716,wessex,2026-02-19T22:08:00Z,2026-02-19T22:10:00Z,2,hub,2026-09-17T00:49:00Z,2026-09-17T00:49:00Z,true
wessex:WXW00723:1770892320000,wessex:WXW00723,wessex,2026-02-12T10:32:00Z,2026-02-12T10:34:00Z,2,hub,2026-09-17T00:49:00Z,2026-09-17T00:49:00Z,true
wessex:WXW00733:1771518360000,wessex:WXW00733,wessex,2026-02-19T16:26:00Z,2026-02-19T16:28:00Z,2,hub,2026-09-19T16:34:28Z,2026-09-19T16:34:28Z,true
wessex:WXW00738:1772304000000,wessex:WXW00738,wessex,2026-02-28T18:40:00Z,2026-02-28T19:20:00Z,40,hub,2026-09-17T00:49:00Z,2026-09-17T00:49:00Z,true
wessex:WXW00752:1770566640000,wessex:WXW00752,wessex,2026-02-08T16:04:00Z,2026-02-08T16:06:00Z,2,hub,2026-09-17T00:49:00Z,2026-09-17T00:49:00Z,true
wessex:WXW00759:1771451940000,wessex:WXW00759,wessex,2026-02-18T21:59:00Z,2026-02-19T09:11:00Z,672,hub,2026-09-17T00:49:00Z,2026-09-17T00:49:00Z,true
wessex:WXW00763:1770571560000,wessex:WXW00763,wessex,2026-02-08T17:26:00Z,2026-02-08T18:20:00Z,54,hub,2026-09-17T00:49:00Z,2026-09-17T00:49:00Z,true
wessex:WXW00778:1770748748000,wessex:WXW00778,wessex,2026-02-10T18:39:08Z,2026-02-10T18:39:52Z,1,hub,2026-09-17T00:49:00Z,2026-09-17T00:49:00Z,true
wessex:WXW00782:1772271420000,wessex:WXW00782,wessex,2026-02-28T09:37:00Z,2026-02-28T09:44:00Z,7,hub,2026-09-17T00:49:00Z,2026-09-17T00:49:00Z,true
wessex:WXW00803:1771463340000,wessex:WXW00803,wessex,2026-02-19T01:09:00Z,2026-02-19T01:37:00Z,28,hub,2026-09-17T00:49:00Z,2026-09-17T00:49:00Z,true
wessex:WXW00807:1771449300000,wessex:WXW00807,wessex,2026-02-18T21:15:00Z,2026-02-22T04:22:00Z,4747,hub,2026-09-17T00:49:00Z,2026-09-17T00:49:00Z,true
wessex:WXW00808:1770997320000,wessex:WXW00808,wessex,2026-02-13T15:42:00Z,2026-02-13T21:08:00Z,326,hub,2026-09-17T00:49:00Z,2026-09-17T00:49:00Z,true
wessex:WXW00827:1771801860000,wessex:WXW00827,wessex,2026-02-22T23:11:00Z,2026-02-22T23:18:00Z,7,hub,2026-09-17T00:49:00Z,2026-09-17T00:49:00Z,true
wessex:WXW00830:1771425780000,wessex:WXW00830,wessex,2026-02-18T14:43:00Z,2026-02-18T23:31:00Z,528,hub,2026-09-17T00:49:00Z,2026-09-17T00:49:00Z,true
wessex:WXW00837:1771634040000,wessex:WXW00837,wessex,2026-02-21T00:34:00Z,2026-02-21T00:40:00Z,6,hub,2026-09-17T00:49:00Z,2026-09-17T00:49:00Z,true
wessex:WXW00840:1771437060000,wessex:WXW00840,wessex,2026-02-18T17:51:00Z,2026-02-19T00:58:00Z,427,hub,2026-09-17T00:49:00Z,2026-09-17T00:49:00Z,true
wessex:WXW00854:1771462080000,wessex:WXW00854,wessex,2026-02-19T00:48:00Z,2026-02-19T00:50:00Z,2,hub,2026-09-17T00:49:00Z,2026-09-17T00:49:00Z,true
wessex:WXW00856:1771796940000,wessex:WXW00856,wessex,2026-02-22T21:49:00Z,2026-02-22T21:50:00Z,1,hub,2026-09-17T00:49:00Z,2026-09-17T00:49:00Z,true
wessex:WXW00857:1771712520000,wessex:WXW00857,wessex,2026-02-21T22:22:00Z,2026-03-07T23:18:00Z,20216,hub,2026-09-17T00:49:00Z,2026-09-17T00:49:00Z,true
wessex:WXW00861:1771515480000,wessex:WXW00861,wessex,2026-02-19T15:38:00Z,2026-02-20T20:30:00Z,1732,hub,2026-09-17T00:49:00Z,2026-09-17T00:49:00Z,true
wessex:WXW00868:1771523760000,wessex:WXW00868,wessex,2026-02-19T17:56:00Z,2026-02-19T17:58:00Z,2,hub,2026-09-17T00:49:00Z,2026-09-17T00:49:00Z,true
wessex:WXW00869:1771436520000,wessex:WXW00869,wessex,2026-02-18T17:42:00Z,2026-02-18T22:48:00Z,306,hub,2026-09-17T00:49:00Z,2026-09-17T00:49:00Z,true
wessex:WXW00872:1772307060000,wessex:WXW00872,wessex,2026-02-28T19:31:00Z,2026-02-28T19:32:00Z,1,hub,2026-09-17T00:49:00Z,2026-09-17T00:49:00Z,true
wessex:WXW00896:1771455120000,wessex:WXW00896,wessex,2026-02-18T22:52:00Z,2026-02-18T22:53:00Z,1,hub,2026-09-17T00:49:00Z,2026-09-17T00:49:00Z,true
wessex:WXW00900:1771513080000,wessex:WXW00900,wessex,2026-02-19T14:58:00Z,2026-02-19T15:02:00Z,4,hub,2026-09-17T00:49:00Z,2026-09-17T00:49:00Z,true
wessex:WXW00914:1770613080000,wessex:WXW00914,wessex,2026-02-09T04:58:00Z,2026-02-09T20:32:00Z,934,hub,2026-09-17T00:49:00Z,2026-09-17T00:49:00Z,true
wessex:WXW00915:1771237320000,wessex:WXW00915,wessex,2026-02-16T10:22:00Z,2026-02-16T10:28:00Z,6,hub,2026-09-17T00:49:00Z,2026-09-17T00:49:00Z,true
wessex:WXW00926:1771446360000,wessex:WXW00926,wessex,2026-02-18T20:26:00Z,2026-02-18T23:54:00Z,208,hub,2026-09-17T00:49:00Z,2026-09-17T00:49:00Z,true
wessex:WXW00927:1771477260000,wessex:WXW00927,wessex,2026-02-19T05:01:00Z,2026-02-19T13:12:00Z,491,hub,2026-09-17T00:49:00Z,2026-09-17T00:49:00Z,true
wessex:WXW00928:1771439760000,wessex:WXW00928,wessex,2026-02-18T18:36:00Z,2026-02-18T19:00:00Z,24,hub,2026-09-17T00:49:00Z,2026-09-17T00:49:00Z,true
wessex:WXW00942:1770571800000,wessex:WXW00942,wessex,2026-02-08T17:30:00Z,2026-02-08T22:58:00Z,328,hub,2026-09-17T00:49:00Z,2026-09-17T00:49:00Z,true
wessex:WXW00946:1771428240000,wessex:WXW00946,wessex,2026-02-18T15:24:00Z,2026-02-19T02:34:00Z,670,hub,2026-09-17T00:49:00Z,2026-09-17T00:49:00Z,true
wessex:WXW00948:1771750800000,wessex:WXW00948,wessex,2026-02-22T09:00:00Z,2026-02-22T09:08:00Z,8,hub,2026-09-17T00:49:00Z,2026-09-17T00:49:00Z,true
wessex:WXW00958:1771430520000,wessex:WXW00958,wessex,2026-02-18T16:02:00Z,2026-02-21T02:48:00Z,3526,hub,2026-09-17T00:49:00Z,2026-09-17T00:49:00Z,true
wessex:WXW00960:1772310240000,wessex:WXW00960,wessex,2026-02-28T20:24:00Z,2026-02-28T20:36:00Z,12,hub,2026-09-17T00:49:00Z,2026-09-17T00:49:00Z,true
wessex:WXW00961:1771017600000,wessex:WXW00961,wessex,2026-02-13T21:20:00Z,2026-02-13T21:22:00Z,2,hub,2026-09-17T00:49:00Z,2026-09-17T00:49:00Z,true
wessex:WXW00962:1771438396000,wessex:WXW00962,wessex,2026-02-18T18:13:16Z,2026-02-18T21:06:17Z,173,hub,2026-09-17T00:49:00Z,2026-09-17T00:49:00Z,true
wessex:WXW00968:1771437840000,wessex:WXW00968,wessex,2026-02-18T18:04:00Z,2026-02-18T20:52:00Z,168,hub,2026-09-17T00:49:00Z,2026-09-17T00:49:00Z,true
wessex:WXW00969:1771526520000,wessex:WXW00969,wessex,2026-02-19T18:42:00Z,2026-02-19T22:01:00Z,199,hub,2026-09-17T00:49:00Z,2026-09-17T00:49:00Z,true
wessex:WXW00976:1770666840000,wessex:WXW00976,wessex,2026-02-09T19:54:00Z,2026-02-09T19:56:00Z,2,hub,2026-09-17T00:49:00Z,2026-09-17T00:49:00Z,true
wessex:WXW00985:1771078680000,wessex:WXW00985,wessex,2026-02-14T14:18:00Z,2026-02-14T14:36:00Z,18,hub,2026-09-17T00:49:00Z,2026-09-17T00:49:00Z,true
wessex:WXW00988:1771457160000,wessex:WXW00988,wessex,2026-02-18T23:26:00Z,2026-02-18T23:43:00Z,17,hub,2026-09-17T00:49:00Z,2026-09-17T00:49:00Z,true
wessex:WXW00994:1771853700000,wessex:WXW00994,wessex,2026-02-23T13:35:00Z,2026-02-23T13:36:00Z,1,hub,2026-09-17T00:49:00Z,2026-09-17T00:49:00Z,true
wessex:WXW01001:1770480420000,wessex:WXW01001,wessex,2026-02-07T16:07:00Z,2026-02-09T21:37:00Z,3210,hub,2026-09-17T00:49:00Z,2026-09-17T00:49:00Z,true
wessex:WXW01012:1771428960000,wessex:WXW01012,wessex,2026-02-18T15:36:00Z,2026-02-18T21:24:00Z,348,hub,2026-09-17T00:49:00Z,2026-09-17T00:49:00Z,true
wessex:WXW01043:1771473960000,wessex:WXW01043,wessex,2026-02-19T04:06:00Z,2026-02-19T04:10:00Z,4,hub,2026-09-17T00:49:00Z,2026-09-17T00:49:00Z,true
wessex:WXW01050:1771757880000,wessex:WXW01050,wessex,2026-02-22T10:58:00Z,2026-02-22T11:02:00Z,4,hub,2026-09-17T00:49:00Z,2026-09-17T00:49:00Z,true
wessex:WXW01053:1770997800000,wessex:WXW01053,wessex,2026-02-13T15:50:00Z,2026-02-13T16:38:00Z,48,hub,2026-09-17T00:49:00Z,2026-09-17T00:49:00Z,true
wessex:WXW01063:1771446540000,wessex:WXW01063,wessex,2026-02-18T20:29:00Z,2026-02-18T20:30:00Z,1,hub,2026-09-17T00:49:00Z,2026-09-17T00:49:00Z,true
wessex:WXW01064:1772018220000,wessex:WXW01064,wessex,2026-02-25T11:17:00Z,2026-02-25T11:18:00Z,1,hub,2026-09-17T00:49:00Z,2026-09-17T00:49:00Z,true
wessex:WXW01066:1771553160000,wessex:WXW01066,wessex,2026-02-20T02:06:00Z,2026-02-20T02:08:00Z,2,hub,2026-09-17T00:49:00Z,2026-09-17T00:49:00Z,true
wessex:WXW01077:1771168860000,wessex:WXW01077,wessex,2026-02-15T15:21:00Z,2026-02-15T22:33:00Z,432,hub,2026-09-17T00:49:00Z,2026-09-17T00:49:00Z,true
wessex:WXW01078:1771574040000,wessex:WXW01078,wessex,2026-02-20T07:54:00Z,2026-02-20T21:38:00Z,824,hub,2026-09-17T00:49:00Z,2026-09-17T00:49:00Z,true
wessex:WXW01082:1771442280000,wessex:WXW01082,wessex,2026-02-18T19:18:00Z,2026-02-18T22:54:00Z,216,hub,2026-09-17T00:49:00Z,2026-09-17T00:49:00Z,true
wessex:WXW01083:1771540140000,wessex:WXW01083,wessex,2026-02-19T22:29:00Z,2026-02-19T22:31:00Z,2,hub,2026-09-17T00:49:00Z,2026-09-17T00:49:00Z,true
wessex:WXW01084:1771540320000,wessex:WXW01084,wessex,2026-02-19T22:32:00Z,2026-02-20T00:41:00Z,129,hub,2026-09-17T00:49:00Z,2026-09-17T00:49:00Z,true
wessex:WXW01092:1771451040000,wessex:WXW01092,wessex,2026-02-18T21:44:00Z,2026-02-18T22:00:00Z,16,hub,2026-09-17T00:49:00Z,2026-09-17T00:49:00Z,true
wessex:WXW01094:1771193100000,wessex:WXW01094,wessex,2026-02-15T22:05:00Z,2026-02-15T22:10:00Z,5,hub,2026-09-17T00:49:00Z,2026-09-17T00:49:00Z,true
wessex:WXW01097:1771771637000,wessex:WXW01097,wessex,2026-02-22T14:47:17Z,2026-02-22T14:56:35Z,9,hub,2026-09-17T00:49:00Z,2026-09-17T00:49:00Z,true
wessex:WXW01099:1772021040000,wessex:WXW01099,wessex,2026-02-25T12:04:00Z,2026-02-25T12:05:00Z,1,hub,2026-09-17T00:49:00Z,2026-09-17T00:49:00Z,true
wessex:WXW01102:1770608700000,wessex:WXW01102,wessex,2026-02-09T03:45:00Z,2026-02-09T13:27:00Z,582,hub,2026-09-17T00:49:00Z,2026-09-17T00:49:00Z,true
wessex:WXW01103:1771845780000,wessex:WXW01103,wessex,2026-02-23T11:23:00Z,2026-02-23T11:52:00Z,29,hub,2026-09-17T00:49:00Z,2026-09-17T00:49:00Z,true
wessex:WXW01105:1771459800000,wessex:WXW01105,wessex,2026-02-19T00:10:00Z,2026-02-19T06:05:00Z,355,hub,2026-09-17T00:49:00Z,2026-09-17T00:49:00Z,true
wessex:WXW01106:1770990120000,wessex:WXW01106,wessex,2026-02-13T13:42:00Z,2026-02-13T13:46:00Z,4,hub,2026-09-17T00:49:00Z,2026-09-17T00:49:00Z,true
wessex:WXW01116:1771435080000,wessex:WXW01116,wessex,2026-02-18T17:18:00Z,2026-02-19T00:30:00Z,432,hub,2026-09-17T00:49:00Z,2026-09-17T00:49:00Z,true
wessex:WXW01121:1771227540000,wessex:WXW01121,wessex,2026-02-16T07:39:00Z,2026-02-16T11:44:00Z,245,hub,2026-09-17T00:49:00Z,2026-09-17T00:49:00Z,true
wessex:WXW01149:1771541160000,wessex:WXW01149,wessex,2026-02-19T22:46:00Z,2026-02-19T22:54:00Z,8,hub,2026-09-17T00:49:00Z,2026-09-17T00:49:00Z,true
wessex:WXW01153:1771439820000,wessex:WXW01153,wessex,2026-02-18T18:37:00Z,2026-02-19T13:44:00Z,1147,hub,2026-09-17T00:49:00Z,2026-09-17T00:49:00Z,true
wessex:WXW01172:1769975280000,wessex:WXW01172,wessex,2026-02-01T19:48:00Z,2026-02-01T19:54:00Z,6,hub,2026-09-17T00:49:00Z,2026-09-17T00:49:00Z,true
wessex:WXW01178:1771442637000,wessex:WXW01178,wessex,2026-02-18T19:23:57Z,2026-02-18T19:25:36Z,2,hub,2026-09-17T00:49:00Z,2026-09-17T00:49:00Z,true
wessex:WXW01179:1771439460000,wessex:WXW01179,wessex,2026-02-18T18:31:00Z,2026-02-18T21:40:00Z,189,hub,2026-09-17T00:49:00Z,2026-09-17T00:49:00Z,true
wessex:WXW01189:1771443240000,wessex:WXW01189,wessex,2026-02-18T19:34:00Z,2026-02-18T20:06:00Z,32,hub,2026-09-17T00:49:00Z,2026-09-17T00:49:00Z,true
wessex:WXW01190:1771459740000,wessex:WXW01190,wessex,2026-02-19T00:09:00Z,2026-02-19T00:12:00Z,3,hub,2026-09-17T00:49:00Z,2026-09-17T00:49:00Z,true
wessex:WXW01192:1771032120000,wessex:WXW01192,wessex,2026-02-14T01:22:00Z,2026-02-14T01:26:00Z,4,hub,2026-09-17T00:49:00Z,2026-09-17T00:49:00Z,true
wessex:WXW01196:1771634640000,wessex:WXW01196,wessex,2026-02-21T00:44:00Z,2026-02-21T00:49:00Z,5,hub,2026-09-17T00:49:00Z,2026-09-17T00:49:00Z,true
wessex:WXW01200:1771497960000,wessex:WXW01200,wessex,2026-02-19T10:46:00Z,2026-02-19T13:00:00Z,134,hub,2026-09-17T00:49:00Z,2026-09-17T00:49:00Z,true
wessex:WXW01213:1770386160000,wessex:WXW01213,wessex,2026-02-06T13:56:00Z,2026-02-06T13:58:00Z,2,hub,2026-09-17T00:49:00Z,2026-09-17T00:49:00Z,true
wessex:WXW01217:1771470000000,wessex:WXW01217,wessex,2026-02-19T03:00:00Z,2026-02-19T07:16:00Z,256,hub,2026-09-17T00:49:00Z,2026-09-17T00:49:00Z,true
wessex:WXW01220:1771463400000,wessex:WXW01220,wessex,2026-02-19T01:10:00Z,2026-02-19T01:12:00Z,2,hub,2026-09-17T00:49:00Z,2026-09-17T00:49:00Z,true
wessex:WXW01237:1770737400000,wessex:WXW01237,wessex,2026-02-10T15:30:00Z,2026-02-10T17:30:00Z,120,hub,2026-09-17T00:49:00Z,2026-09-17T00:49:00Z,true
wessex:WXW01253:1771848960000,wessex:WXW01253,wessex,2026-02-23T12:16:00Z,2026-02-23T12:38:00Z,22,hub,2026-09-17T00:49:00Z,2026-09-17T00:49:00Z,true
wessex:WXW01259:1771155240000,wessex:WXW01259,wessex,2026-02-15T11:34:00Z,2026-02-15T14:37:00Z,183,hub,2026-09-17T00:49:00Z,2026-09-17T00:49:00Z,true
wessex:WXW01263:1771505106000,wessex:WXW01263,wessex,2026-02-19T12:45:06Z,2026-02-19T12:45:14Z,0,hub,2026-09-17T00:49:00Z,2026-09-17T00:49:00Z,true
wessex:WXW01264:1771765440000,wessex:WXW01264,wessex,2026-02-22T13:04:00Z,2026-02-22T13:06:00Z,2,hub,2026-09-17T00:49:00Z,2026-09-17T00:49:00Z,true
wessex:WXW01272:1770745440000,wessex:WXW01272,wessex,2026-02-10T17:44:00Z,2026-02-10T20:02:00Z,138,hub,2026-09-17T00:49:00Z,2026-09-17T00:49:00Z,true
wessex:WXW01276:1771459560000,wessex:WXW01276,wessex,2026-02-19T00:06:00Z,2026-02-19T03:28:00Z,202,hub,2026-09-17T00:49:00Z,2026-09-17T00:49:00Z,true
wessex:WXW01279:1771473120000,wessex:WXW01279,wessex,2026-02-19T03:52:00Z,2026-02-19T11:47:00Z,475,hub,2026-09-17T00:49:00Z,2026-09-17T00:49:00Z,true
wessex:WXW01285:1770573000000,wessex:WXW01285,wessex,2026-02-08T17:50:00Z,2026-02-09T00:12:00Z,382,hub,2026-09-17T00:49:00Z,2026-09-17T00:49:00Z,true
wessex:WXW01290:1771742040000,wessex:WXW01290,wessex,2026-02-22T06:34:00Z,2026-02-23T03:58:00Z,1284,hub,2026-09-17T00:49:00Z,2026-09-17T00:49:00Z,true
yorkshire:YWS00042:1770990581000,yorkshire:YWS00042,yorkshire,2026-02-13T13:49:41Z,2026-02-13T13:51:05Z,1,hub,2026-09-17T00:49:00Z,2026-09-17T00:49:00Z,true
yorkshire:YWS00084:1771892328000,yorkshire:YWS00084,yorkshire,2026-02-24T00:18:48Z,2026-02-24T00:23:58Z,5,hub,2026-09-17T00:49:00Z,2026-09-17T00:49:00Z,true
yorkshire:YWS00093:1771015494000,yorkshire:YWS00093,yorkshire,2026-02-13T20:44:54Z,2026-02-13T20:46:33Z,2,hub,2026-09-17T00:49:00Z,2026-09-17T00:49:00Z,true
yorkshire:YWS00179:1771407840000,yorkshire:YWS00179,yorkshire,2026-02-18T09:44:00Z,2026-02-18T09:54:00Z,10,hub,2026-09-17T00:49:00Z,2026-09-17T00:49:00Z,true
yorkshire:YWS00191:1770499020000,yorkshire:YWS00191,yorkshire,2026-02-07T21:17:00Z,2026-02-07T21:27:00Z,10,hub,2026-09-17T00:49:00Z,2026-09-17T00:49:00Z,true
yorkshire:YWS00201:1771452632000,yorkshire:YWS00201,yorkshire,2026-02-18T22:10:32Z,2026-02-18T22:12:01Z,1,hub,2026-09-17T00:49:00Z,2026-09-17T00:49:00Z,true
yorkshire:YWS00224:1770804090000,yorkshire:YWS00224,yorkshire,2026-02-11T10:01:30Z,2026-02-11T12:45:38Z,164,hub,2026-09-17T00:49:00Z,2026-09-17T00:49:00Z,true
yorkshire:YWS00226:1771235550000,yorkshire:YWS00226,yorkshire,2026-02-16T09:52:30Z,2026-02-16T10:33:08Z,41,hub,2026-09-17T00:49:00Z,2026-09-17T00:49:00Z,true
yorkshire:YWS00230:1770371579000,yorkshire:YWS00230,yorkshire,2026-02-06T09:52:59Z,2026-02-06T10:01:24Z,8,hub,2026-09-17T00:49:00Z,2026-09-17T00:49:00Z,true
yorkshire:YWS00242:1770595140000,yorkshire:YWS00242,yorkshire,2026-02-08T23:59:00Z,2026-02-09T00:00:00Z,1,hub,2026-09-17T00:49:00Z,2026-09-17T00:49:00Z,true
yorkshire:YWS00305:1770815218000,yorkshire:YWS00305,yorkshire,2026-02-11T13:06:58Z,2026-02-11T13:27:18Z,20,hub,2026-09-17T00:49:00Z,2026-09-17T00:49:00Z,true
yorkshire:YWS00353:1770837084000,yorkshire:YWS00353,yorkshire,2026-02-11T19:11:24Z,2026-02-11T19:46:48Z,35,hub,2026-09-17T00:49:00Z,2026-09-17T00:49:00Z,true
yorkshire:YWS00371:1770850981000,yorkshire:YWS00371,yorkshire,2026-02-11T23:03:01Z,2026-02-11T23:03:11Z,0,hub,2026-09-17T00:49:00Z,2026-09-17T00:49:00Z,true
yorkshire:YWS00515:1771014206000,yorkshire:YWS00515,yorkshire,2026-02-13T20:23:26Z,2026-02-13T20:34:26Z,11,hub,2026-09-17T00:49:00Z,2026-09-17T00:49:00Z,true
yorkshire:YWS00542:1771413233000,yorkshire:YWS00542,yorkshire,2026-02-18T11:13:53Z,2026-02-18T11:14:00Z,0,hub,2026-09-17T00:49:00Z,2026-09-17T00:49:00Z,true
yorkshire:YWS00579:1771089685000,yorkshire:YWS00579,yorkshire,2026-02-14T17:21:25Z,2026-02-14T17:21:34Z,0,hub,2026-09-17T00:49:00Z,2026-09-17T00:49:00Z,true
yorkshire:YWS00588:1770974539000,yorkshire:YWS00588,yorkshire,2026-02-13T09:22:19Z,2026-02-13T09:22:23Z,0,hub,2026-09-17T00:49:00Z,2026-09-17T00:49:00Z,true
yorkshire:YWS00601:1770810543000,yorkshire:YWS00601,yorkshire,2026-02-11T11:49:03Z,2026-02-11T13:04:30Z,75,hub,2026-09-17T00:49:00Z,2026-09-17T00:49:00Z,true
yorkshire:YWS00608:1770896311000,yorkshire:YWS00608,yorkshire,2026-02-12T11:38:31Z,2026-02-13T14:18:45Z,1600,hub,2026-09-17T00:49:00Z,2026-09-17T00:49:00Z,true
yorkshire:YWS00648:1770842040000,yorkshire:YWS00648,yorkshire,2026-02-11T20:34:00Z,2026-02-11T20:48:00Z,14,hub,2026-09-17T00:49:00Z,2026-09-17T00:49:00Z,true
yorkshire:YWS00659:1770497310000,yorkshire:YWS00659,yorkshire,2026-02-07T20:48:30Z,2026-02-07T21:29:19Z,41,hub,2026-09-17T00:49:00Z,2026-09-17T00:49:00Z,true
yorkshire:YWS00689:1770842760000,yorkshire:YWS00689,yorkshire,2026-02-11T20:46:00Z,2026-02-11T22:01:00Z,75,hub,2026-09-17T00:49:00Z,2026-09-17T00:49:00Z,true
yorkshire:YWS00752:1770490641000,yorkshire:YWS00752,yorkshire,2026-02-07T18:57:21Z,2026-02-07T21:59:37Z,182,hub,2026-09-17T00:49:00Z,2026-09-17T00:49:00Z,true
yorkshire:YWS00939:1770851700000,yorkshire:YWS00939,yorkshire,2026-02-11T23:15:00Z,2026-02-12T00:31:00Z,76,hub,2026-09-17T00:49:00Z,2026-09-17T00:49:00Z,true
yorkshire:YWS00981:1771445580000,yorkshire:YWS00981,yorkshire,2026-02-18T20:13:00Z,2026-02-18T20:24:00Z,11,hub,2026-09-17T00:49:00Z,2026-09-17T00:49:00Z,true
yorkshire:YWS01090:1770497280000,yorkshire:YWS01090,yorkshire,2026-02-07T20:48:00Z,2026-02-07T21:46:00Z,58,hub,2026-09-17T00:49:00Z,2026-09-17T00:49:00Z,true
yorkshire:YWS01136:1771330920000,yorkshire:YWS01136,yorkshire,2026-02-17T12:22:00Z,2026-02-18T23:46:00Z,2124,hub,2026-09-17T00:49:00Z,2026-09-17T00:49:00Z,true
yorkshire:YWS01302:1771836840000,yorkshire:YWS01302,yorkshire,2026-02-23T08:54:00Z,2026-02-23T09:01:00Z,7,hub,2026-09-17T00:49:00Z,2026-09-17T00:49:00Z,true
yorkshire:YWS01308:1770848220000,yorkshire:YWS01308,yorkshire,2026-02-11T22:17:00Z,2026-02-12T01:16:00Z,179,hub,2026-09-17T00:49:00Z,2026-09-17T00:49:00Z,true
yorkshire:YWS01314:1770854520000,yorkshire:YWS01314,yorkshire,2026-02-12T00:02:00Z,2026-02-12T02:46:00Z,164,hub,2026-09-17T00:49:00Z,2026-09-17T00:49:00Z,true
yorkshire:YWS01458:1770430269000,yorkshire:YWS01458,yorkshire,2026-02-07T02:11:09Z,2026-02-07T02:11:38Z,0,hub,2026-09-17T00:49:00Z,2026-09-17T00:49:00Z,true
yorkshire:YWS01657:1770982224000,yorkshire:YWS01657,yorkshire,2026-02-13T11:30:24Z,2026-02-13T18:24:10Z,414,hub,2026-09-17T00:49:00Z,2026-09-17T00:49:00Z,true
yorkshire:YWS01778:1772154029000,yorkshire:YWS01778,yorkshire,2026-02-27T01:00:29Z,2026-02-27T01:14:05Z,14,hub,2026-09-17T00:49:00Z,2026-09-17T00:49:00Z,true
yorkshire:YWS01803:1770805790000,yorkshire:YWS01803,yorkshire,2026-02-11T10:29:50Z,2026-02-11T12:17:20Z,108,hub,2026-09-17T00:49:00Z,2026-09-17T00:49:00Z,true
yorkshire:YWS01892:1771213461000,yorkshire:YWS01892,yorkshire,2026-02-16T03:44:21Z,2026-02-16T03:54:36Z,10,hub,2026-09-17T00:49:00Z,2026-09-17T00:49:00Z,true
yorkshire:YWS01932:1770785100000,yorkshire:YWS01932,yorkshire,2026-02-11T04:45:00Z,2026-02-11T04:46:00Z,1,hub,2026-09-17T00:49:00Z,2026-09-17T00:49:00Z,true
yorkshire:YWS01961:1771001040000,yorkshire:YWS01961,yorkshire,2026-02-13T16:44:00Z,2026-02-13T16:55:00Z,11,hub,2026-09-17T00:49:00Z,2026-09-17T00:49:00Z,true
yorkshire:YWS02011:1772236560000,yorkshire:YWS02011,yorkshire,2026-02-27T23:56:00Z,2026-02-28T00:00:00Z,4,hub,2026-09-17T00:49:00Z,2026-09-17T00:49:00Z,true
yorkshire:YWS02061:1770941580000,yorkshire:YWS02061,yorkshire,2026-02-13T00:13:00Z,2026-02-13T00:24:00Z,11,hub,2026-09-17T00:49:00Z,2026-09-17T00:49:00Z,true
yorkshire:YWS02062:1771974000000,yorkshire:YWS02062,yorkshire,2026-02-24T23:00:00Z,2026-02-24T23:01:00Z,1,hub,2026-09-17T00:49:00Z,2026-09-17T00:49:00Z,true
yorkshire:YWS02125:1770517020000,yorkshire:YWS02125,yorkshire,2026-02-08T02:17:00Z,2026-02-08T02:31:00Z,14,hub,2026-09-17T00:49:00Z,2026-09-17T00:49:00Z,true
yorkshire:YWS02143:1770419940000,yorkshire:YWS02143,yorkshire,2026-02-06T23:19:00Z,2026-02-07T04:17:00Z,298,hub,2026-09-17T00:49:00Z,2026-09-17T00:49:00Z,true
yorkshire:YWS02148:1772225220000,yorkshire:YWS02148,yorkshire,2026-02-27T20:47:00Z,2026-02-27T21:16:00Z,29,hub,2026-09-17T00:49:00Z,2026-09-17T00:49:00Z,true
