event_id,overflow_key,company_slug,start_utc,end_utc,duration_min,source,first_observed_utc,last_observed_utc,end_observed
anglian:AWS00024:1782705212000,anglian:AWS00024,anglian,2026-06-29T03:53:32Z,2026-06-29T06:00:04Z,127,hub,2026-09-17T00:49:00Z,2026-09-17T00:49:00Z,true
anglian:AWS00037:1781603101000,anglian:AWS00037,anglian,2026-06-16T09:45:01Z,2026-06-16T10:00:01Z,15,hub,2026-09-17T00:49:00Z,2026-09-17T00:49:00Z,true
anglian:AWS00045:1781256548000,anglian:AWS00045,anglian,2026-06-12T09:29:08Z,,,hub,2026-09-17T00:49:00Z,2026-09-17T00:49:00Z,
anglian:AWS00053:1781104060000,anglian:AWS00053,anglian,2026-06-10T15:07:40Z,2026-06-10T19:18:10Z,251,hub,2026-09-17T00:49:00Z,2026-09-17T00:49:00Z,true
anglian:AWS00097:1782465301000,anglian:AWS00097,anglian,2026-06-26T09:15:01Z,2026-06-26T09:30:01Z,15,hub,2026-09-17T00:49:00Z,2026-09-17T00:49:00Z,true
anglian:AWS00099:1780481143000,anglian:AWS00099,anglian,2026-06-03T10:05:43Z,2026-06-03T10:27:33Z,22,hub,2026-09-17T00:49:00Z,2026-09-17T00:49:00Z,true
anglian:AWS00103:1780395980000,anglian:AWS00103,anglian,2026-06-02T10:26:20Z,2026-06-02T10:30:47Z,4,hub,2026-09-17T00:49:00Z,2026-09-17T00:49:00Z,true
anglian:AWS00121:1782225070000,anglian:AWS00121,anglian,2026-06-23T14:31:10Z,2026-06-23T14:31:10Z,0,hub,2026-09-17T00:49:00Z,2026-09-17T00:49:00Z,true
anglian:AWS00127:1781349744000,anglian:AWS00127,anglian,2026-06-13T11:22:24Z,2026-06-13T14:18:16Z,176,hub,2026-09-17T00:49:00Z,2026-09-17T00:49:00Z,true
anglian:AWS00133:1781516367000,anglian:AWS00133,anglian,2026-06-15T09:39:27Z,,,hub,2026-09-17T00:49:00Z,2026-09-17T00:49:00Z,
anglian:AWS00185:1781982498000,anglian:AWS00185,anglian,2026-06-20T19:08:18Z,2026-06-20T19:08:21Z,0,hub,2026-09-17T00:49:00Z,2026-09-17T00:49:00Z,true
anglian:AWS00194:1782193235000,anglian:AWS00194,anglian,2026-06-23T05:40:35Z,2026-06-23T07:18:57Z,98,hub,2026-09-17T00:49:00Z,2026-09-17T00:49:00Z,true
anglian:AWS00196:1782192226000,anglian:AWS00196,anglian,2026-06-23T05:23:46Z,2026-06-23T07:19:01Z,115,hub,2026-09-17T00:49:00Z,2026-09-17T00:49:00Z,true
anglian:AWS00206:1782190661000,anglian:AWS00206,anglian,2026-06-23T04:57:41Z,2026-06-23T05:17:03Z,19,hub,2026-09-17T00:49:00Z,2026-09-17T00:49:00Z,true
anglian:AWS00226:1781292674000,anglian:AWS00226,anglian,2026-06-12T19:31:14Z,2026-06-12T19:31:40Z,0,hub,2026-09-17T00:49:00Z,2026-09-17T00:49:00Z,true
anglian:AWS00233:1780414201000,anglian:AWS00233,anglian,2026-06-02T15:30:01Z,2026-06-02T15:45:01Z,15,hub,2026-09-17T00:49:00Z,2026-09-17T00:49:00Z,true
anglian:AWS00235:1780392133000,anglian:AWS00235,anglian,2026-06-02T09:22:13Z,2026-06-02T09:23:16Z,1,hub,2026-09-17T00:49:00Z,2026-09-17T00:49:00Z,true
anglian:AWS00249:1780915632000,anglian:AWS00249,anglian,2026-06-08T10:47:12Z,2026-06-08T11:06:19Z,19,hub,2026-09-17T00:49:00Z,2026-09-17T00:49:00Z,true
anglian:AWS00252:1782328355000,anglian:AWS00252,anglian,2026-06-24T19:12:35Z,2026-06-24T20:01:21Z,49,hub,2026-09-17T00:49:00Z,2026-09-17T00:49:00Z,true
anglian:AWS00255:1780575323000,anglian:AWS00255,anglian,2026-06-04T12:15:23Z,2026-06-04T12:24:37Z,9,hub,2026-09-17T00:49:00Z,2026-09-17T00:49:00Z,true
anglian:AWS00282:1780922716000,anglian:AWS00282,anglian,2026-06-08T12:45:16Z,2026-06-08T13:15:16Z,30,hub,2026-09-17T00:49:00Z,2026-09-17T00:49:00Z,true
anglian:AWS00293:1781176398000,anglian:AWS00293,anglian,2026-06-11T11:13:18Z,2026-06-11T13:48:58Z,156,hub,2026-09-17T00:49:00Z,2026-09-17T00:49:00Z,true
anglian:AWS00314:1781194274000,anglian:AWS00314,anglian,2026-06-11T16:11:14Z,2026-06-11T16:53:53Z,43,hub,2026-09-17T00:49:00Z,2026-09-17T00:49:00Z,true
anglian:AWS00327:1780917743000,anglian:AWS00327,anglian,2026-06-08T11:22:23Z,2026-06-08T12:35:39Z,73,hub,2026-09-17T00:49:00Z,2026-09-17T00:49:00Z,true
anglian:AWS00339:1781196742000,anglian:AWS00339,anglian,2026-06-11T16:52:22Z,2026-06-11T17:01:40Z,9,hub,2026-09-17T00:49:00Z,2026-09-17T00:49:00Z,true
anglian:AWS00341:1780416563000,anglian:AWS00341,anglian,2026-06-02T16:09:23Z,2026-06-02T16:33:07Z,24,hub,2026-09-17T00:49:00Z,2026-09-17T00:49:00Z,true
anglian:AWS00371:1780413971000,anglian:AWS00371,anglian,2026-06-02T15:26:11Z,2026-06-02T15:40:30Z,14,hub,2026-09-17T00:49:00Z,2026-09-17T00:49:00Z,true
anglian:AWS00394:1782138261000,anglian:AWS00394,anglian,2026-06-22T14:24:21Z,2026-06-22T14:27:17Z,3,hub,2026-09-17T00:49:00Z,2026-09-17T00:49:00Z,true
anglian:AWS00444:1781810171000,anglian:AWS00444,anglian,2026-06-18T19:16:11Z,2026-06-19T09:02:54Z,827,hub,2026-09-17T00:49:00Z,2026-09-17T00:49:00Z,true
anglian:AWS00451:1781604877000,anglian:AWS00451,anglian,2026-06-16T10:14:37Z,2026-06-16T10:25:15Z,11,hub,2026-09-17T00:49:00Z,2026-09-17T00:49:00Z,true
anglian:AWS00472:1780403232000,anglian:AWS00472,anglian,2026-06-02T12:27:12Z,2026-06-02T12:31:32Z,4,hub,2026-09-17T00:49:00Z,2026-09-17T00:49:00Z,true
anglian:AWS00496:1782531824000,anglian:AWS00496,anglian,2026-06-27T03:43:44Z,2026-06-27T03:44:03Z,0,hub,2026-09-17T00:49:00Z,2026-09-17T00:49:00Z,true
anglian:AWS00523:1780918201000,anglian:AWS00523,anglian,2026-06-08T11:30:01Z,2026-06-08T11:45:01Z,15,hub,2026-09-17T00:49:00Z,2026-09-17T00:49:00Z,true
anglian:AWS00526:1780508752000,anglian:AWS00526,anglian,2026-06-03T17:45:52Z,2026-06-03T17:46:34Z,1,hub,2026-09-17T00:49:00Z,2026-09-17T00:49:00Z,true
anglian:AWS00538:1782637366000,anglian:AWS00538,anglian,2026-06-28T09:02:46Z,2026-06-28T09:03:24Z,1,hub,2026-09-17T00:49:00Z,2026-09-17T00:49:00Z,true
anglian:AWS00547:1780398178000,anglian:AWS00547,anglian,2026-06-02T11:02:58Z,2026-06-02T11:04:38Z,2,hub,2026-09-17T00:49:00Z,2026-09-17T00:49:00Z,true
anglian:AWS00553:1781199535000,anglian:AWS00553,anglian,2026-06-11T17:38:55Z,2026-06-11T17:39:05Z,0,hub,2026-09-17T00:49:00Z,2026-09-17T00:49:00Z,true
anglian:AWS00561:1781020514000,anglian:AWS00561,anglian,2026-06-09T15:55:14Z,2026-06-09T15:55:14Z,0,hub,2026-09-17T00:49:00Z,2026-09-17T00:49:00Z,true
anglian:AWS00571:1781738696000,anglian:AWS00571,anglian,2026-06-17T23:24:56Z,2026-06-17T23:27:06Z,2,hub,2026-09-17T00:49:00Z,2026-09-17T00:49:00Z,true
anglian:AWS00604:1782446918000,anglian:AWS00604,anglian,2026-06-26T04:08:38Z,2026-06-26T04:08:39Z,0,hub,2026-09-17T00:49:00Z,2026-09-17T00:49:00Z,true
anglian:AWS00622:1782815981000,anglian:AWS00622,anglian,2026-06-30T10:39:41Z,2026-06-30T10:41:27Z,2,hub,2026-09-17T00:49:00Z,2026-09-17T00:49:00Z,true
anglian:AWS00633:1780667490000,anglian:AWS00633,anglian,2026-06-05T13:51:30Z,2026-06-05T15:56:16Z,125,hub,2026-09-17T00:49:00Z,2026-09-17T00:49:00Z,true
anglian:AWS00642:1780595703000,anglian:AWS00642,anglian,2026-06-04T17:55:03Z,2026-06-04T18:12:48Z,18,hub,2026-09-17T00:49:00Z,2026-09-17T00:49:00Z,true
anglian:AWS00646:1780417799000,anglian:AWS00646,anglian,2026-06-02T16:29:59Z,2026-06-02T16:45:00Z,15,hub,2026-09-17T00:49:00Z,2026-09-17T00:49:00Z,true
anglian:AWS00649:1780918201000,anglian:AWS00649,anglian,2026-06-08T11:30:01Z,2026-06-08T11:45:01Z,15,hub,2026-09-17T00:49:00Z,2026-09-17T00:49:00Z,true
anglian:AWS00655:1780886183000,anglian:AWS00655,anglian,2026-06-08T02:36:23Z,2026-06-08T10:27:18Z,471,hub,2026-09-17T00:49:00Z,2026-09-17T00:49:00Z,true
anglian:AWS00666:1782190638000,anglian:AWS00666,anglian,2026-06-23T04:57:18Z,2026-06-23T05:07:17Z,10,hub,2026-09-17T00:49:00Z,2026-09-17T00:49:00Z,true
anglian:AWS00709:1781260192000,anglian:AWS00709,anglian,2026-06-12T10:29:52Z,2026-06-12T10:31:23Z,2,hub,2026-09-17T00:49:00Z,2026-09-17T00:49:00Z,true
anglian:AWS00721:1780751995000,anglian:AWS00721,anglian,2026-06-06T13:19:55Z,2026-06-06T15:01:06Z,101,hub,2026-09-17T00:49:00Z,2026-09-17T00:49:00Z,true
anglian:AWS00808:1781567897000,anglian:AWS00808,anglian,2026-06-15T23:58:17Z,2026-06-15T23:58:20Z,0,hub,2026-09-17T00:49:00Z,2026-09-17T00:49:00Z,true
anglian:AWS00824:1782209963000,anglian:AWS00824,anglian,2026-06-23T10:19:23Z,2026-06-23T10:20:04Z,1,hub,2026-09-17T00:49:00Z,2026-09-17T00:49:00Z,true
anglian:AWS00836:1782341564000,anglian:AWS00836,anglian,2026-06-24T22:52:44Z,2026-06-24T23:24:57Z,32,hub,2026-09-17T00:49:00Z,2026-09-17T00:49:00Z,true
anglian:AWS00855:1782718512000,anglian:AWS00855,anglian,2026-06-29T07:35:12Z,2026-06-29T07:36:08Z,1,hub,2026-09-17T00:49:00Z,2026-09-17T00:49:00Z,true
anglian:AWS00868:1781518992000,anglian:AWS00868,anglian,2026-06-15T10:23:12Z,2026-09-18T21:37:17Z,137474,hub,2026-09-17T00:49:00Z,2026-09-17T00:49:00Z,false
anglian:AWS00869:1780582881000,anglian:AWS00869,anglian,2026-06-04T14:21:21Z,2026-06-04T14:25:07Z,4,hub,2026-09-17T00:49:00Z,2026-09-17T00:49:00Z,true
anglian:AWS00886:1780398244000,anglian:AWS00886,anglian,2026-06-02T11:04:04Z,2026-06-02T11:08:47Z,5,hub,2026-09-17T00:49:00Z,2026-09-17T00:49:00Z,true
anglian:AWS00943:1780420354000,anglian:AWS00943,anglian,2026-06-02T17:12:34Z,2026-06-02T17:44:44Z,32,hub,2026-09-17T00:49:00Z,2026-09-17T00:49:00Z,true
anglian:AWS00962:1780382306000,anglian:AWS00962,anglian,2026-06-02T06:38:26Z,2026-06-02T07:12:38Z,34,hub,2026-09-17T00:49:00Z,2026-09-17T00:49:00Z,true
anglian:AWS00989:1781602560000,anglian:AWS00989,anglian,2026-06-16T09:36:00Z,2026-06-16T09:36:57Z,1,hub,2026-09-17T00:49:00Z,2026-09-17T00:49:00Z,true
anglian:AWS01000:1782191245000,anglian:AWS01000,anglian,2026-06-23T05:07:25Z,2026-06-23T07:52:35Z,165,hub,2026-09-17T00:49:00Z,2026-09-17T00:49:00Z,true
anglian:AWS01017:1781256938000,anglian:AWS01017,anglian,2026-06-12T09:35:38Z,2026-06-12T09:35:38Z,0,hub,2026-09-17T00:49:00Z,2026-09-17T00:49:00Z,true
anglian:AWS01039:1780414740000,anglian:AWS01039,anglian,2026-06-02T15:39:00Z,2026-06-02T16:02:29Z,23,hub,2026-09-17T00:49:00Z,2026-09-17T00:49:00Z,true
anglian:AWS01045:1781603691000,anglian:AWS01045,anglian,2026-06-16T09:54:51Z,2026-06-16T09:55:54Z,1,hub,2026-09-17T00:49:00Z,2026-09-17T00:49:00Z,true
anglian:AWS01056:1782190454000,anglian:AWS01056,anglian,2026-06-23T04:54:14Z,2026-06-23T05:17:03Z,23,hub,2026-09-17T00:49:00Z,2026-09-17T00:49:00Z,true
anglian:AWS01066:1780419909000,anglian:AWS01066,anglian,2026-06-02T17:05:09Z,2026-06-02T17:17:25Z,12,hub,2026-09-17T00:49:00Z,2026-09-17T00:49:00Z,true
anglian:AWS01076:1782214712000,anglian:AWS01076,anglian,2026-06-23T11:38:32Z,2026-06-23T11:38:32Z,0,hub,2026-09-17T00:49:00Z,2026-09-17T00:49:00Z,true
anglian:AWS01085:1782190594000,anglian:AWS01085,anglian,2026-06-23T04:56:34Z,2026-06-23T05:11:21Z,15,hub,2026-09-17T00:49:00Z,2026-09-17T00:49:00Z,true
anglian:AWS01087:1780586391000,anglian:AWS01087,anglian,2026-06-04T15:19:51Z,2026-06-04T15:35:22Z,16,hub,2026-09-17T00:49:00Z,2026-09-17T00:49:00Z,true
anglian:AWS01124:1780387179000,anglian:AWS01124,anglian,2026-06-02T07:59:39Z,2026-06-02T12:01:20Z,242,hub,2026-09-17T00:49:00Z,2026-09-17T00:49:00Z,true
anglian:AWS01132:1780954976000,anglian:AWS01132,anglian,2026-06-08T21:42:56Z,2026-06-08T21:43:00Z,0,hub,2026-09-17T00:49:00Z,2026-09-17T00:49:00Z,true
anglian:AWS01143:1781507359000,anglian:AWS01143,anglian,2026-06-15T07:09:19Z,2026-06-15T07:09:44Z,0,hub,2026-09-17T00:49:00Z,2026-09-17T00:49:00Z,true
anglian:AWS01147:1782827206000,anglian:AWS01147,anglian,2026-06-30T13:46:46Z,2026-06-30T13:48:30Z,2,hub,2026-09-17T00:49:00Z,2026-09-17T00:49:00Z,true
anglian:AWS01157:1782192665000,anglian:AWS01157,anglian,2026-06-23T05:31:05Z,2026-06-23T07:16:06Z,105,hub,2026-09-17T00:49:00Z,2026-09-17T00:49:00Z,true
anglian:AWS01162:1780595906000,anglian:AWS01162,anglian,2026-06-04T17:58:26Z,2026-06-04T18:13:00Z,15,hub,2026-09-17T00:49:00Z,2026-09-17T00:49:00Z,true
anglian:AWS01163:1782193423000,anglian:AWS01163,anglian,2026-06-23T05:43:43Z,2026-06-23T05:55:57Z,12,hub,2026-09-17T00:49:00Z,2026-09-17T00:49:00Z,true
anglian:AWS01164:1782528816000,anglian:AWS01164,anglian,2026-06-27T02:53:36Z,2026-06-27T02:58:52Z,5,hub,2026-09-17T00:49:00Z,2026-09-17T00:49:00Z,true
anglian:AWS01176:1782193572000,anglian:AWS01176,anglian,2026-06-23T05:46:12Z,2026-06-23T06:34:57Z,49,hub,2026-09-17T00:49:00Z,2026-09-17T00:49:00Z,true
anglian:AWS01177:1782194197000,anglian:AWS01177,anglian,2026-06-23T05:56:37Z,2026-06-23T06:01:10Z,5,hub,2026-09-17T00:49:00Z,2026-09-17T00:49:00Z,true
anglian:AWS01191:1780595857000,anglian:AWS01191,anglian,2026-06-04T17:57:37Z,2026-06-04T18:02:15Z,5,hub,2026-09-17T00:49:00Z,2026-09-17T00:49:00Z,true
anglian:AWS01192:1782193435000,anglian:AWS01192,anglian,2026-06-23T05:43:55Z,2026-06-23T05:57:41Z,14,hub,2026-09-17T00:49:00Z,2026-09-17T00:49:00Z,true
anglian:AWS01200:1782193730000,anglian:AWS01200,anglian,2026-06-23T05:48:50Z,2026-06-23T06:07:34Z,19,hub,2026-09-17T00:49:00Z,2026-09-17T00:49:00Z,true
anglian:AWS01205:1780501649000,anglian:AWS01205,anglian,2026-06-03T15:47:29Z,2026-06-03T15:47:58Z,0,hub,2026-09-17T00:49:00Z,2026-09-17T00:49:00Z,true
anglian:AWS01216:1780379101000,anglian:AWS01216,anglian,2026-06-02T05:45:01Z,2026-06-02T06:00:01Z,15,hub,2026-09-17T00:49:00Z,2026-09-17T00:49:00Z,true
anglian:AWS01220:1780575301000,anglian:AWS01220,anglian,2026-06-04T12:15:01Z,2026-06-04T12:30:01Z,15,hub,2026-09-17T00:49:00Z,2026-09-17T00:49:00Z,true
anglian:AWS01222:1780575301000,anglian:AWS01222,anglian,2026-06-04T12:15:01Z,2026-06-04T12:31:00Z,16,hub,2026-09-17T00:49:00Z,2026-09-17T00:49:00Z,true
anglian:AWS01224:1780575301000,anglian:AWS01224,anglian,2026-06-04T12:15:01Z,2026-06-04T12:30:01Z,15,hub,2026-09-17T00:49:00Z,2026-09-17T00:49:00Z,true
anglian:AWS01226:1781681027000,anglian:AWS01226,anglian,2026-06-17T07:23:47Z,2026-06-17T07:27:59Z,4,hub,2026-09-17T00:49:00Z,2026-09-17T00:49:00Z,true
anglian:AWS01236:1782189960000,anglian:AWS01236,anglian,2026-06-23T04:46:00Z,2026-06-23T05:30:01Z,44,hub,2026-09-17T00:49:00Z,2026-09-17T00:49:00Z,true
anglian:AWS01304:1780921376000,anglian:AWS01304,anglian,2026-06-08T12:22:56Z,2026-06-08T12:29:00Z,6,hub,2026-09-17T00:49:00Z,2026-09-17T00:49:00Z,true
anglian:AWS01313:1781774101000,anglian:AWS01313,anglian,2026-06-18T09:15:01Z,2026-06-18T10:04:55Z,50,hub,2026-09-17T00:49:00Z,2026-09-17T00:49:00Z,true
anglian:AWS01326:1780403947000,anglian:AWS01326,anglian,2026-06-02T12:39:07Z,2026-06-02T12:39:12Z,0,hub,2026-09-17T00:49:00Z,2026-09-17T00:49:00Z,true
anglian:AWS01370:1780417733000,anglian:AWS01370,anglian,2026-06-02T16:28:53Z,2026-06-02T16:41:13Z,12,hub,2026-09-17T00:49:00Z,2026-09-17T00:49:00Z,true
anglian:AWS01382:1781178610000,anglian:AWS01382,anglian,2026-06-11T11:50:10Z,2026-06-11T11:54:36Z,4,hub,2026-09-17T00:49:00Z,2026-09-17T00:49:00Z,true
anglian:AWS01410:1780404873000,anglian:AWS01410,anglian,2026-06-02T12:54:33Z,2026-06-02T12:54:59Z,0,hub,2026-09-17T00:49:00Z,2026-09-17T00:49:00Z,true
anglian:AWS01423:1780416901000,anglian:AWS01423,anglian,2026-06-02T16:15:01Z,2026-06-02T16:30:01Z,15,hub,2026-09-17T00:49:00Z,2026-09-17T00:49:00Z,true
anglian:AWS01425:1782830029000,anglian:AWS01425,anglian,2026-06-30T14:33:49Z,2026-06-30T14:38:02Z,4,hub,2026-09-17T00:49:00Z,2026-09-17T00:49:00Z,true
anglian:AWS01440:1782382926000,anglian:AWS01440,anglian,2026-06-25T10:22:06Z,2026-06-25T10:22:18Z,0,hub,2026-09-17T00:49:00Z,2026-09-17T00:49:00Z,true
anglian:AWS01442:1782826917000,anglian:AWS01442,anglian,2026-06-30T13:41:57Z,2026-06-30T13:41:59Z,0,hub,2026-09-17T00:49:00Z,2026-09-17T00:49:00Z,true
anglian:AWS01454:1780403822000,anglian:AWS01454,anglian,2026-06-02T12:37:02Z,2026-06-02T12:37:30Z,0,hub,2026-09-17T00:49:00Z,2026-09-17T00:49:00Z,true
anglian:AWS01481:1780384021000,anglian:AWS01481,anglian,2026-06-02T07:07:01Z,2026-06-02T07:45:43Z,39,hub,2026-09-17T00:49:00Z,2026-09-17T00:49:00Z,true
anglian:AWS01482:1780383675000,anglian:AWS01482,anglian,2026-06-02T07:01:15Z,2026-06-02T07:15:35Z,14,hub,2026-09-17T00:49:00Z,2026-09-17T00:49:00Z,true
anglian:AWS01501:1782828422000,anglian:AWS01501,anglian,2026-06-30T14:07:02Z,2026-06-30T14:19:42Z,13,hub,2026-09-17T00:49:00Z,2026-09-17T00:49:00Z,true
anglian:AWS01506:1782201987000,anglian:AWS01506,anglian,2026-06-23T08:06:27Z,2026-06-23T08:19:31Z,13,hub,2026-09-17T00:49:00Z,2026-09-17T00:49:00Z,true
anglian:AWS01531:1782193501000,anglian:AWS01531,anglian,2026-06-23T05:45:01Z,2026-06-23T06:00:01Z,15,hub,2026-09-17T00:49:00Z,2026-09-17T00:49:00Z,true
anglian:AWS01556:1780429741000,anglian:AWS01556,anglian,2026-06-02T19:49:01Z,2026-06-02T19:59:01Z,10,hub,2026-09-17T00:49:00Z,2026-09-17T00:49:00Z,true
anglian:AWS01562:1780420354000,anglian:AWS01562,anglian,2026-06-02T17:12:34Z,2026-06-02T17:44:44Z,32,hub,2026-09-17T00:49:00Z,2026-09-17T00:49:00Z,true
anglian:AWS01568:1780595717000,anglian:AWS01568,anglian,2026-06-04T17:55:17Z,2026-06-04T18:14:18Z,19,hub,2026-09-17T00:49:00Z,2026-09-17T00:49:00Z,true
anglian:AWS01578:1780576109000,anglian:AWS01578,anglian,2026-06-04T12:28:29Z,2026-06-04T12:32:04Z,4,hub,2026-09-17T00:49:00Z,2026-09-17T00:49:00Z,true
northumbrian:NWL00005:1782492479000,northumbrian:NWL00005,northumbrian,2026-06-26T16:47:59Z,2026-06-26T17:43:59Z,56,hub,2026-09-17T00:49:00Z,2026-09-17T00:49:00Z,true
northumbrian:NWL00012:1781008559000,northumbrian:NWL00012,northumbrian,2026-06-09T12:35:59Z,2026-06-09T12:41:59Z,6,hub,2026-09-17T00:49:00Z,2026-09-17T00:49:00Z,true
northumbrian:NWL00014:1782458999000,northumbrian:NWL00014,northumbrian,2026-06-26T07:29:59Z,2026-06-26T07:35:59Z,6,hub,2026-09-17T00:49:00Z,2026-09-17T00:49:00Z,true
northumbrian:NWL00018:1780416239000,northumbrian:NWL00018,northumbrian,2026-06-02T16:03:59Z,2026-06-02T16:07:59Z,4,hub,2026-09-17T00:49:00Z,2026-09-17T00:49:00Z,true
northumbrian:NWL00025:1782490559000,northumbrian:NWL00025,northumbrian,2026-06-26T16:15:59Z,2026-06-26T16:59:59Z,44,hub,2026-09-17T00:49:00Z,2026-09-17T00:49:00Z,true
northumbrian:NWL00038:1780504683000,northumbrian:NWL00038,northumbrian,2026-06-03T16:38:03Z,2026-06-03T18:11:40Z,94,hub,2026-09-17T11:32:49Z,2026-09-17T11:32:49Z,true
northumbrian:NWL00045:1782493319000,northumbrian:NWL00045,northumbrian,2026-06-26T17:01:59Z,2026-06-26T18:09:59Z,68,hub,2026-09-17T00:49:00Z,2026-09-17T00:49:00Z,true
northumbrian:NWL00054:1782850781000,northumbrian:NWL00054,northumbrian,2026-06-30T20:19:41Z,2026-06-30T21:12:00Z,52,hub,2026-09-17T00:49:00Z,2026-09-17T00:49:00Z,true
northumbrian:NWL00065:1780419959000,northumbrian:NWL00065,northumbrian,2026-06-02T17:05:59Z,2026-06-02T17:11:59Z,6,hub,2026-09-17T00:49:00Z,2026-09-17T00:49:00Z,true
northumbrian:NWL00082:1780417439000,northumbrian:NWL00082,northumbrian,2026-06-02T16:23:59Z,2026-06-02T16:25:59Z,2,hub,2026-09-17T00:49:00Z,2026-09-17T00:49:00Z,true
northumbrian:NWL00083:1780415039000,northumbrian:NWL00083,northumbrian,2026-06-02T15:43:59Z,2026-06-02T15:49:59Z,6,hub,2026-09-17T00:49:00Z,2026-09-17T00:49:00Z,true
northumbrian:NWL00105:1782848159000,northumbrian:NWL00105,northumbrian,2026-06-30T19:35:59Z,2026-06-30T19:39:59Z,4,hub,2026-09-17T00:49:00Z,2026-09-17T00:49:00Z,true
northumbrian:NWL00116(1):1780424280000,northumbrian:NWL00116(1),northumbrian,2026-06-02T18:18:00Z,2026-06-02T20:44:00Z,146,hub,2026-09-17T00:49:00Z,2026-09-17T00:49:00Z,true
northumbrian:NWL00116(2):1780434120000,northumbrian:NWL00116(2),northumbrian,2026-06-02T21:02:00Z,2026-06-02T21:04:00Z,2,hub,2026-09-17T00:49:00Z,2026-09-17T00:49:00Z,true
northumbrian:NWL00117(2):1782492734000,northumbrian:NWL00117(2),northumbrian,2026-06-26T16:52:14Z,2026-06-26T16:52:47Z,1,hub,2026-09-17T00:49:00Z,2026-09-17T00:49:00Z,true
northumbrian:NWL00118:1780352999000,northumbrian:NWL00118,northumbrian,2026-06-01T22:29:59Z,2026-06-02T00:01:59Z,92,hub,2026-09-17T00:49:00Z,2026-09-17T00:49:00Z,true
northumbrian:NWL00119:1780355159000,northumbrian:NWL00119,northumbrian,2026-06-01T23:05:59Z,2026-06-01T23:15:59Z,10,hub,2026-09-17T00:49:00Z,2026-09-17T00:49:00Z,true
northumbrian:NWL00153:1782491639000,northumbrian:NWL00153,northumbrian,2026-06-26T16:33:59Z,2026-06-26T17:01:59Z,28,hub,2026-09-17T00:49:00Z,2026-09-17T00:49:00Z,true
northumbrian:NWL00172:1782493079000,northumbrian:NWL00172,northumbrian,2026-06-26T16:57:59Z,2026-06-26T18:01:59Z,64,hub,2026-09-17T00:49:00Z,2026-09-17T00:49:00Z,true
northumbrian:NWL00173:1782491999000,northumbrian:NWL00173,northumbrian,2026-06-26T16:39:59Z,2026-06-26T17:39:59Z,60,hub,2026-09-17T00:49:00Z,2026-09-17T00:49:00Z,true
northumbrian:NWL00183:1781797679000,northumbrian:NWL00183,northumbrian,2026-06-18T15:47:59Z,2026-06-18T16:39:59Z,52,hub,2026-09-17T00:49:00Z,2026-09-17T00:49:00Z,true
northumbrian:NWL00190:1780502039000,northumbrian:NWL00190,northumbrian,2026-06-03T15:53:59Z,2026-06-03T16:05:59Z,12,hub,2026-09-17T00:49:00Z,2026-09-17T00:49:00Z,true
northumbrian:NWL00203:1782598559000,northumbrian:NWL00203,northumbrian,2026-06-27T22:15:59Z,2026-06-27T22:25:59Z,10,hub,2026-09-17T00:49:00Z,2026-09-17T00:49:00Z,true
northumbrian:NWL00205:1780415279000,northumbrian:NWL00205,northumbrian,2026-06-02T15:47:59Z,2026-06-02T15:55:59Z,8,hub,2026-09-17T00:49:00Z,2026-09-17T00:49:00Z,true
northumbrian:NWL00210:1781800439000,northumbrian:NWL00210,northumbrian,2026-06-18T16:33:59Z,2026-06-18T16:35:59Z,2,hub,2026-09-17T00:49:00Z,2026-09-17T00:49:00Z,true
northumbrian:NWL00226:1782598319000,northumbrian:NWL00226,northumbrian,2026-06-27T22:11:59Z,2026-06-27T22:37:59Z,26,hub,2026-09-17T00:49:00Z,2026-09-17T00:49:00Z,true
northumbrian:NWL00239:1780501319000,northumbrian:NWL00239,northumbrian,2026-06-03T15:41:59Z,2026-06-03T16:05:59Z,24,hub,2026-09-17T00:49:00Z,2026-09-17T00:49:00Z,true
northumbrian:NWL00247:1780375080000,northumbrian:NWL00247,northumbrian,2026-06-02T04:38:00Z,2026-06-02T04:40:00Z,2,hub,2026-09-17T00:49:00Z,2026-09-17T00:49:00Z,true
northumbrian:NWL00253:1780425239000,northumbrian:NWL00253,northumbrian,2026-06-02T18:33:59Z,2026-06-02T18:39:59Z,6,hub,2026-09-17T00:49:00Z,2026-09-17T00:49:00Z,true
northumbrian:NWL00259:1781013959000,northumbrian:NWL00259,northumbrian,2026-06-09T14:05:59Z,2026-06-09T14:07:59Z,2,hub,2026-09-17T00:49:00Z,2026-09-17T00:49:00Z,true
northumbrian:NWL00271:1780417799000,northumbrian:NWL00271,northumbrian,2026-06-02T16:29:59Z,2026-06-02T16:37:59Z,8,hub,2026-09-17T00:49:00Z,2026-09-17T00:49:00Z,true
northumbrian:NWL00299:1780366060000,northumbrian:NWL00299,northumbrian,2026-06-02T02:07:40Z,2026-06-02T03:17:20Z,70,hub,2026-09-17T00:49:00Z,2026-09-17T00:49:00Z,true
northumbrian:NWL00325:1780416119000,northumbrian:NWL00325,northumbrian,2026-06-02T16:01:59Z,2026-06-02T17:05:59Z,64,hub,2026-09-17T00:49:00Z,2026-09-17T00:49:00Z,true
northumbrian:NWL00342:1780418330000,northumbrian:NWL00342,northumbrian,2026-06-02T16:38:50Z,2026-06-02T16:41:00Z,2,hub,2026-09-17T00:49:00Z,2026-09-17T00:49:00Z,true
northumbrian:NWL00356:1782491399000,northumbrian:NWL00356,northumbrian,2026-06-26T16:29:59Z,2026-06-26T16:31:59Z,2,hub,2026-09-17T00:49:00Z,2026-09-17T00:49:00Z,true
northumbrian:NWL00381:1780371151000,northumbrian:NWL00381,northumbrian,2026-06-02T03:32:31Z,2026-06-02T05:31:05Z,119,hub,2026-09-17T00:49:00Z,2026-09-17T00:49:00Z,true
northumbrian:NWL00413:1780502399000,northumbrian:NWL00413,northumbrian,2026-06-03T15:59:59Z,2026-06-03T16:21:59Z,22,hub,2026-09-17T00:49:00Z,2026-09-17T00:49:00Z,true
northumbrian:NWL00416:1782493919000,northumbrian:NWL00416,northumbrian,2026-06-26T17:11:59Z,2026-06-26T17:39:59Z,28,hub,2026-09-17T00:49:00Z,2026-09-17T00:49:00Z,true
northumbrian:NWL00421:1780414799000,northumbrian:NWL00421,northumbrian,2026-06-02T15:39:59Z,2026-06-02T16:13:59Z,34,hub,2026-09-17T00:49:00Z,2026-09-17T00:49:00Z,true
northumbrian:NWL00424:1781798279000,northumbrian:NWL00424,northumbrian,2026-06-18T15:57:59Z,2026-06-18T16:01:59Z,4,hub,2026-09-17T00:49:00Z,2026-09-17T00:49:00Z,true
northumbrian:NWL00444:1780416359000,northumbrian:NWL00444,northumbrian,2026-06-02T16:05:59Z,2026-06-02T16:07:59Z,2,hub,2026-09-17T00:49:00Z,2026-09-17T00:49:00Z,true
northumbrian:NWL00445:1780415759000,northumbrian:NWL00445,northumbrian,2026-06-02T15:55:59Z,2026-06-02T16:45:59Z,50,hub,2026-09-17T00:49:00Z,2026-09-17T00:49:00Z,true
northumbrian:NWL00455:1780415279000,northumbrian:NWL00455,northumbrian,2026-06-02T15:47:59Z,2026-06-02T16:41:59Z,54,hub,2026-09-17T00:49:00Z,2026-09-17T00:49:00Z,true
northumbrian:NWL00465:1780355279000,northumbrian:NWL00465,northumbrian,2026-06-01T23:07:59Z,2026-06-02T06:53:59Z,466,hub,2026-09-17T00:49:00Z,2026-09-17T00:49:00Z,true
northumbrian:NWL00473:1780433040000,northumbrian:NWL00473,northumbrian,2026-06-02T20:44:00Z,2026-06-02T21:32:00Z,48,hub,2026-09-17T00:49:00Z,2026-09-17T00:49:00Z,true
northumbrian:NWL00497:1780499999000,northumbrian:NWL00497,northumbrian,2026-06-03T15:19:59Z,2026-06-03T15:25:59Z,6,hub,2026-09-17T00:49:00Z,2026-09-17T00:49:00Z,true
northumbrian:NWL00505:1782497399000,northumbrian:NWL00505,northumbrian,2026-06-26T18:09:59Z,2026-06-26T18:33:59Z,24,hub,2026-09-17T00:49:00Z,2026-09-17T00:49:00Z,true
northumbrian:NWL00511:1781120999000,northumbrian:NWL00511,northumbrian,2026-06-10T19:49:59Z,2026-06-10T19:51:59Z,2,hub,2026-09-17T00:49:00Z,2026-09-17T00:49:00Z,true
northumbrian:NWL00512:1782490799000,northumbrian:NWL00512,northumbrian,2026-06-26T16:19:59Z,2026-06-26T16:21:59Z,2,hub,2026-09-17T00:49:00Z,2026-09-17T00:49:00Z,true
northumbrian:NWL00518:1781795759000,northumbrian:NWL00518,northumbrian,2026-06-18T15:15:59Z,2026-06-18T15:43:59Z,28,hub,2026-09-17T00:49:00Z,2026-09-17T00:49:00Z,true
northumbrian:NWL00532:1780356599000,northumbrian:NWL00532,northumbrian,2026-06-01T23:29:59Z,2026-06-02T00:53:59Z,84,hub,2026-09-17T00:49:00Z,2026-09-17T00:49:00Z,true
northumbrian:NWL00536:1780415879000,northumbrian:NWL00536,northumbrian,2026-06-02T15:57:59Z,2026-06-02T16:45:59Z,48,hub,2026-09-17T00:49:00Z,2026-09-17T00:49:00Z,true
northumbrian:NWL00537:1782383330000,northumbrian:NWL00537,northumbrian,2026-06-25T10:28:50Z,2026-06-25T10:29:10Z,0,hub,2026-09-17T00:49:00Z,2026-09-17T00:49:00Z,true
northumbrian:NWL00548:1780419359000,northumbrian:NWL00548,northumbrian,2026-06-02T16:55:59Z,2026-06-02T17:45:59Z,50,hub,2026-09-17T00:49:00Z,2026-09-17T00:49:00Z,true
northumbrian:NWL00573:1780412999000,northumbrian:NWL00573,northumbrian,2026-06-02T15:09:59Z,2026-06-02T15:15:59Z,6,hub,2026-09-17T00:49:00Z,2026-09-17T00:49:00Z,true
northumbrian:NWL00581:1780409639000,northumbrian:NWL00581,northumbrian,2026-06-02T14:13:59Z,2026-06-02T14:17:59Z,4,hub,2026-09-17T00:49:00Z,2026-09-17T00:49:00Z,true
northumbrian:NWL00596:1780412999000,northumbrian:NWL00596,northumbrian,2026-06-02T15:09:59Z,2026-06-02T15:23:59Z,14,hub,2026-09-17T00:49:00Z,2026-09-17T00:49:00Z,true
northumbrian:NWL00600:1780352279000,northumbrian:NWL00600,northumbrian,2026-06-01T22:17:59Z,2026-06-01T22:33:59Z,16,hub,2026-09-17T00:49:00Z,2026-09-17T00:49:00Z,true
northumbrian:NWL00609:1782457679000,northumbrian:NWL00609,northumbrian,2026-06-26T07:07:59Z,2026-06-26T07:17:59Z,10,hub,2026-09-17T00:49:00Z,2026-09-17T00:49:00Z,true
northumbrian:NWL00612:1782459959000,northumbrian:NWL00612,northumbrian,2026-06-26T07:45:59Z,2026-06-26T07:59:59Z,14,hub,2026-09-17T00:49:00Z,2026-09-17T00:49:00Z,true
northumbrian:NWL00614:1780362359000,northumbrian:NWL00614,northumbrian,2026-06-02T01:05:59Z,2026-06-02T01:07:59Z,2,hub,2026-09-17T00:49:00Z,2026-09-17T00:49:00Z,true
northumbrian:NWL00618:1781009188000,northumbrian:NWL00618,northumbrian,2026-06-09T12:46:28Z,2026-06-09T13:15:13Z,29,hub,2026-09-17T00:49:00Z,2026-09-17T00:49:00Z,true
northumbrian:NWL00620:1782599879000,northumbrian:NWL00620,northumbrian,2026-06-27T22:37:59Z,2026-06-27T23:07:59Z,30,hub,2026-09-17T00:49:00Z,2026-09-17T00:49:00Z,true
northumbrian:NWL00627:1782459959000,northumbrian:NWL00627,northumbrian,2026-06-26T07:45:59Z,2026-06-26T08:11:59Z,26,hub,2026-09-17T00:49:00Z,2026-09-17T00:49:00Z,true
northumbrian:NWL00630:1780430945000,northumbrian:NWL00630,northumbrian,2026-06-02T20:09:05Z,2026-06-02T20:53:05Z,44,hub,2026-09-17T00:49:00Z,2026-09-17T00:49:00Z,true
northumbrian:NWL00633:1782495000000,northumbrian:NWL00633,northumbrian,2026-06-26T17:30:00Z,2026-06-26T17:34:00Z,4,hub,2026-09-17T00:49:00Z,2026-09-17T00:49:00Z,true
northumbrian:NWL00638:1782844679000,northumbrian:NWL00638,northumbrian,2026-06-30T18:37:59Z,2026-06-30T18:47:59Z,10,hub,2026-09-17T00:49:00Z,2026-09-17T00:49:00Z,true
northumbrian:NWL00646:1781119079000,northumbrian:NWL00646,northumbrian,2026-06-10T19:17:59Z,2026-06-10T19:28:00Z,10,hub,2026-09-17T00:49:00Z,2026-09-17T00:49:00Z,true
northumbrian:NWL00654:1780356360000,northumbrian:NWL00654,northumbrian,2026-06-01T23:26:00Z,2026-06-02T00:34:00Z,68,hub,2026-09-17T00:49:00Z,2026-09-17T00:49:00Z,true
northumbrian:NWL00683:1780416359000,northumbrian:NWL00683,northumbrian,2026-06-02T16:05:59Z,2026-06-02T16:27:59Z,22,hub,2026-09-17T00:49:00Z,2026-09-17T00:49:00Z,true
northumbrian:NWL00687:1780415759000,northumbrian:NWL00687,northumbrian,2026-06-02T15:55:59Z,2026-06-02T16:21:59Z,26,hub,2026-09-17T00:49:00Z,2026-09-17T00:49:00Z,true
northumbrian:NWL00700:1780356959000,northumbrian:NWL00700,northumbrian,2026-06-01T23:35:59Z,2026-06-02T00:01:59Z,26,hub,2026-09-17T00:49:00Z,2026-09-17T00:49:00Z,true
northumbrian:NWL00701:1780756170000,northumbrian:NWL00701,northumbrian,2026-06-06T14:29:30Z,2026-06-06T14:30:54Z,1,hub,2026-09-17T00:49:00Z,2026-09-17T00:49:00Z,true
northumbrian:NWL00705:1781677199000,northumbrian:NWL00705,northumbrian,2026-06-17T06:19:59Z,2026-06-17T06:27:59Z,8,hub,2026-09-17T00:49:00Z,2026-09-17T00:49:00Z,true
northumbrian:NWL00706:1782830399000,northumbrian:NWL00706,northumbrian,2026-06-30T14:39:59Z,2026-06-30T14:41:59Z,2,hub,2026-09-17T00:49:00Z,2026-09-17T00:49:00Z,true
northumbrian:NWL00707:1780427639000,northumbrian:NWL00707,northumbrian,2026-06-02T19:13:59Z,2026-06-02T19:15:59Z,2,hub,2026-09-17T00:49:00Z,2026-09-17T00:49:00Z,true
northumbrian:NWL00723:1780359544000,northumbrian:NWL00723,northumbrian,2026-06-02T00:19:04Z,2026-06-02T00:21:05Z,2,hub,2026-09-17T00:49:00Z,2026-09-17T00:49:00Z,true
northumbrian:NWL00739:1780418279000,northumbrian:NWL00739,northumbrian,2026-06-02T16:37:59Z,2026-06-02T16:39:59Z,2,hub,2026-09-17T00:49:00Z,2026-09-17T00:49:00Z,true
northumbrian:NWL00741:1780414439000,northumbrian:NWL00741,northumbrian,2026-06-02T15:33:59Z,2026-06-02T16:05:59Z,32,hub,2026-09-17T00:49:00Z,2026-09-17T00:49:00Z,true
northumbrian:NWL00756:1781797439000,northumbrian:NWL00756,northumbrian,2026-06-18T15:43:59Z,2026-06-18T15:45:59Z,2,hub,2026-09-17T00:49:00Z,2026-09-17T00:49:00Z,true
northumbrian:NWL00758:1781120170000,northumbrian:NWL00758,northumbrian,2026-06-10T19:36:10Z,2026-06-10T19:45:05Z,9,hub,2026-09-17T00:49:00Z,2026-09-17T00:49:00Z,true
northumbrian:NWL00759:1782493319000,northumbrian:NWL00759,northumbrian,2026-06-26T17:01:59Z,2026-06-26T17:19:59Z,18,hub,2026-09-17T00:49:00Z,2026-09-17T00:49:00Z,true
northumbrian:NWL00762:1780414679000,northumbrian:NWL00762,northumbrian,2026-06-02T15:37:59Z,2026-06-02T15:39:59Z,2,hub,2026-09-17T00:49:00Z,2026-09-17T00:49:00Z,true
northumbrian:NWL00764:1780421159000,northumbrian:NWL00764,northumbrian,2026-06-02T17:25:59Z,2026-06-02T17:31:59Z,6,hub,2026-09-17T00:49:00Z,2026-09-17T00:49:00Z,true
northumbrian:NWL00795:1782456719000,northumbrian:NWL00795,northumbrian,2026-06-26T06:51:59Z,2026-06-26T06:53:59Z,2,hub,2026-09-17T00:49:00Z,2026-09-17T00:49:00Z,true
northumbrian:NWL00796:1782492981000,northumbrian:NWL00796,northumbrian,2026-06-26T16:56:21Z,2026-06-26T17:33:05Z,37,hub,2026-09-17T00:49:00Z,2026-09-17T00:49:00Z,true
northumbrian:NWL00800:1782459479000,northumbrian:NWL00800,northumbrian,2026-06-26T07:37:59Z,2026-06-30T13:22:49Z,6105,hub,2026-09-17T00:49:00Z,2026-09-17T00:49:00Z,true
northumbrian:NWL00801:1782460199000,northumbrian:NWL00801,northumbrian,2026-06-26T07:49:59Z,2026-06-26T08:15:59Z,26,hub,2026-09-17T00:49:00Z,2026-09-17T00:49:00Z,true
northumbrian:NWL00809:1782492599000,northumbrian:NWL00809,northumbrian,2026-06-26T16:49:59Z,2026-06-26T17:45:59Z,56,hub,2026-09-17T00:49:00Z,2026-09-17T00:49:00Z,true
northumbrian:NWL00816:1780416479000,northumbrian:NWL00816,northumbrian,2026-06-02T16:07:59Z,2026-06-02T18:27:59Z,140,hub,2026-09-17T00:49:00Z,2026-09-17T00:49:00Z,true
northumbrian:NWL00858:1781798519000,northumbrian:NWL00858,northumbrian,2026-06-18T16:01:59Z,2026-06-18T16:11:59Z,10,hub,2026-09-17T00:49:00Z,2026-09-17T00:49:00Z,true
northumbrian:NWL00874:1782491519000,northumbrian:NWL00874,northumbrian,2026-06-26T16:31:59Z,2026-06-26T16:37:59Z,6,hub,2026-09-17T00:49:00Z,2026-09-17T00:49:00Z,true
northumbrian:NWL00875:1780540662000,northumbrian:NWL00875,northumbrian,2026-06-04T02:37:42Z,2026-06-04T02:38:15Z,1,hub,2026-09-17T00:49:00Z,2026-09-17T00:49:00Z,true
northumbrian:NWL00888:1780416479000,northumbrian:NWL00888,northumbrian,2026-06-02T16:07:59Z,2026-06-02T16:13:59Z,6,hub,2026-09-17T00:49:00Z,2026-09-17T00:49:00Z,true
northumbrian:NWL00937:1780415519000,northumbrian:NWL00937,northumbrian,2026-06-02T15:51:59Z,2026-06-02T16:19:59Z,28,hub,2026-09-17T00:49:00Z,2026-09-17T00:49:00Z,true
northumbrian:NWL00942:1782493559000,northumbrian:NWL00942,northumbrian,2026-06-26T17:05:59Z,2026-06-26T17:59:59Z,54,hub,2026-09-17T00:49:00Z,2026-09-17T00:49:00Z,true
northumbrian:NWL00958:1782492911000,northumbrian:NWL00958,northumbrian,2026-06-26T16:55:11Z,2026-06-26T19:22:21Z,147,hub,2026-09-17T00:49:00Z,2026-09-17T00:49:00Z,true
northumbrian:NWL00967:1780501559000,northumbrian:NWL00967,northumbrian,2026-06-03T15:45:59Z,2026-06-03T15:51:59Z,6,hub,2026-09-17T00:49:00Z,2026-09-17T00:49:00Z,true
northumbrian:NWL00968:1780416397000,northumbrian:NWL00968,northumbrian,2026-06-02T16:06:37Z,2026-06-02T16:12:21Z,6,hub,2026-09-17T00:49:00Z,2026-09-17T00:49:00Z,true
northumbrian:NWL00969:1780424230000,northumbrian:NWL00969,northumbrian,2026-06-02T18:17:10Z,2026-06-02T18:40:30Z,23,hub,2026-09-17T00:49:00Z,2026-09-17T00:49:00Z,true
northumbrian:NWL00975:1781044320000,northumbrian:NWL00975,northumbrian,2026-06-09T22:32:00Z,2026-06-09T22:34:00Z,2,hub,2026-09-17T00:49:00Z,2026-09-17T00:49:00Z,true
northumbrian:NWL00977:1780354079000,northumbrian:NWL00977,northumbrian,2026-06-01T22:47:59Z,2026-06-01T23:55:59Z,68,hub,2026-09-17T00:49:00Z,2026-09-17T00:49:00Z,true
northumbrian:NWL00989:1780320228000,northumbrian:NWL00989,northumbrian,2026-06-01T13:23:48Z,2026-06-01T13:25:05Z,1,hub,2026-09-17T00:49:00Z,2026-09-17T00:49:00Z,true
northumbrian:NWL00994:1782491159000,northumbrian:NWL00994,northumbrian,2026-06-26T16:25:59Z,2026-06-26T16:47:59Z,22,hub,2026-09-17T00:49:00Z,2026-09-17T00:49:00Z,true
northumbrian:NWL01001:1780425239000,northumbrian:NWL01001,northumbrian,2026-06-02T18:33:59Z,2026-06-02T18:45:59Z,12,hub,2026-09-17T00:49:00Z,2026-09-17T00:49:00Z,true
northumbrian:NWL01009:1780417349000,northumbrian:NWL01009,northumbrian,2026-06-02T16:22:29Z,2026-06-02T17:35:25Z,73,hub,2026-09-17T00:49:00Z,2026-09-17T00:49:00Z,true
northumbrian:NWL01010:1782599519000,northumbrian:NWL01010,northumbrian,2026-06-27T22:31:59Z,2026-06-27T22:43:59Z,12,hub,2026-09-17T00:49:00Z,2026-09-17T00:49:00Z,true
northumbrian:NWL01018:1782492239000,northumbrian:NWL01018,northumbrian,2026-06-26T16:43:59Z,2026-06-26T17:07:59Z,24,hub,2026-09-17T00:49:00Z,2026-09-17T00:49:00Z,true
northumbrian:NWL01019:1782494211000,northumbrian:NWL01019,northumbrian,2026-06-26T17:16:51Z,2026-06-26T19:56:37Z,160,hub,2026-09-17T00:49:00Z,2026-09-17T00:49:00Z,true
northumbrian:NWL01035:1780416359000,northumbrian:NWL01035,northumbrian,2026-06-02T16:05:59Z,2026-06-02T16:23:59Z,18,hub,2026-09-17T00:49:00Z,2026-09-17T00:49:00Z,true
northumbrian:NWL01059:1782489719000,northumbrian:NWL01059,northumbrian,2026-06-26T16:01:59Z,2026-06-26T16:19:59Z,18,hub,2026-09-17T00:49:00Z,2026-09-17T00:49:00Z,true
northumbrian:NWL01066:1781005559000,northumbrian:NWL01066,northumbrian,2026-06-09T11:45:59Z,2026-06-09T12:01:59Z,16,hub,2026-09-17T00:49:00Z,2026-09-17T00:49:00Z,true
northumbrian:NWL01075:1781008439000,northumbrian:NWL01075,northumbrian,2026-06-09T12:33:59Z,2026-06-09T12:35:59Z,2,hub,2026-09-17T00:49:00Z,2026-09-17T00:49:00Z,true
northumbrian:NWL01080:1782850199000,northumbrian:NWL01080,northumbrian,2026-06-30T20:09:59Z,2026-06-30T20:11:59Z,2,hub,2026-09-17T00:49:00Z,2026-09-17T00:49:00Z,true
northumbrian:NWL01085:1780416240000,northumbrian:NWL01085,northumbrian,2026-06-02T16:04:00Z,2026-06-02T16:27:59Z,24,hub,2026-09-17T00:49:00Z,2026-09-17T00:49:00Z,true
northumbrian:NWL01086:1780425980000,northumbrian:NWL01086,northumbrian,2026-06-02T18:46:20Z,2026-06-02T18:52:00Z,6,hub,2026-09-17T00:49:00Z,2026-09-17T00:49:00Z,true
northumbrian:NWL01103:1780416779000,northumbrian:NWL01103,northumbrian,2026-06-02T16:12:59Z,2026-06-02T19:05:02Z,172,hub,2026-09-17T00:49:00Z,2026-09-17T00:49:00Z,true
northumbrian:NWL01110:1782490319000,northumbrian:NWL01110,northumbrian,2026-06-26T16:11:59Z,2026-06-26T16:41:59Z,30,hub,2026-09-17T00:49:00Z,2026-09-17T00:49:00Z,true
northumbrian:NWL01111:1782492840000,northumbrian:NWL01111,northumbrian,2026-06-26T16:54:00Z,2026-06-26T19:40:00Z,166,hub,2026-09-17T00:49:00Z,2026-09-17T00:49:00Z,true
northumbrian:NWL01127:1782591959000,northumbrian:NWL01127,northumbrian,2026-06-27T20:25:59Z,2026-06-27T20:31:59Z,6,hub,2026-09-17T00:49:00Z,2026-09-17T00:49:00Z,true
northumbrian:NWL01148:1780354679000,northumbrian:NWL01148,northumbrian,2026-06-01T22:57:59Z,2026-06-01T23:25:59Z,28,hub,2026-09-17T00:49:00Z,2026-09-17T00:49:00Z,true
northumbrian:NWL01153:1780500239000,northumbrian:NWL01153,northumbrian,2026-06-03T15:23:59Z,2026-06-03T15:37:59Z,14,hub,2026-09-17T00:49:00Z,2026-09-17T00:49:00Z,true
northumbrian:NWL01184:1780416599000,northumbrian:NWL01184,northumbrian,2026-06-02T16:09:59Z,2026-06-02T16:21:59Z,12,hub,2026-09-17T00:49:00Z,2026-09-17T00:49:00Z,true
northumbrian:NWL01189:1780503839000,northumbrian:NWL01189,northumbrian,2026-06-03T16:23:59Z,2026-06-03T16:35:59Z,12,hub,2026-09-17T00:49:00Z,2026-09-17T00:49:00Z,true
northumbrian:NWL01194:1781014199000,northumbrian:NWL01194,northumbrian,2026-06-09T14:09:59Z,2026-06-09T14:17:59Z,8,hub,2026-09-17T00:49:00Z,2026-09-17T00:49:00Z,true
northumbrian:NWL01196:1780424039000,northumbrian:NWL01196,northumbrian,2026-06-02T18:13:59Z,2026-06-02T18:19:59Z,6,hub,2026-09-17T00:49:00Z,2026-09-17T00:49:00Z,true
northumbrian:NWL01198:1780427759000,northumbrian:NWL01198,northumbrian,2026-06-02T19:15:59Z,2026-06-02T19:47:59Z,32,hub,2026-09-17T00:49:00Z,2026-09-17T00:49:00Z,true
northumbrian:NWL01199:1780354079000,northumbrian:NWL01199,northumbrian,2026-06-01T22:47:59Z,2026-06-01T22:49:59Z,2,hub,2026-09-17T00:49:00Z,2026-09-17T00:49:00Z,true
northumbrian:NWL01208:1782459359000,northumbrian:NWL01208,northumbrian,2026-06-26T07:35:59Z,2026-06-26T07:57:59Z,22,hub,2026-09-17T00:49:00Z,2026-09-17T00:49:00Z,true
northumbrian:NWL01209:1782494800000,northumbrian:NWL01209,northumbrian,2026-06-26T17:26:40Z,2026-06-26T17:36:00Z,9,hub,2026-09-17T00:49:00Z,2026-09-17T00:49:00Z,true
northumbrian:NWL01217:1780416612000,northumbrian:NWL01217,northumbrian,2026-06-02T16:10:12Z,2026-06-02T22:08:00Z,358,hub,2026-09-17T00:49:00Z,2026-09-17T00:49:00Z,true
northumbrian:NWL01241:1781798639000,northumbrian:NWL01241,northumbrian,2026-06-18T16:03:59Z,2026-06-18T16:15:59Z,12,hub,2026-09-17T00:49:00Z,2026-09-17T00:49:00Z,true
northumbrian:NWL01247:1781118719000,northumbrian:NWL01247,northumbrian,2026-06-10T19:11:59Z,2026-06-10T19:23:59Z,12,hub,2026-09-17T00:49:00Z,2026-09-17T00:49:00Z,true
northumbrian:NWL01253:1780500119000,northumbrian:NWL01253,northumbrian,2026-06-03T15:21:59Z,2026-06-03T15:37:59Z,16,hub,2026-09-17T00:49:00Z,2026-09-17T00:49:00Z,true
northumbrian:NWL01255:1782490079000,northumbrian:NWL01255,northumbrian,2026-06-26T16:07:59Z,2026-06-26T16:23:59Z,16,hub,2026-09-17T00:49:00Z,2026-09-17T00:49:00Z,true
northumbrian:NWL01267:1780355999000,northumbrian:NWL01267,northumbrian,2026-06-01T23:19:59Z,2026-06-01T23:21:59Z,2,hub,2026-09-17T00:49:00Z,2026-09-17T00:49:00Z,true
northumbrian:NWL01276:1782490559000,northumbrian:NWL01276,northumbrian,2026-06-26T16:15:59Z,2026-06-26T16:59:59Z,44,hub,2026-09-17T00:49:00Z,2026-09-17T00:49:00Z,true
northumbrian:NWL01280:1780361890000,northumbrian:NWL01280,northumbrian,2026-06-02T00:58:10Z,2026-06-02T00:58:20Z,0,hub,2026-09-17T00:49:00Z,2026-09-17T00:49:00Z,true
northumbrian:NWL01320:1782460559000,northumbrian:NWL01320,northumbrian,2026-06-26T07:55:59Z,2026-06-26T08:33:59Z,38,hub,2026-09-17T00:49:00Z,2026-09-17T00:49:00Z,true
northumbrian:NWL01345:1781606356000,northumbrian:NWL01345,northumbrian,2026-06-16T10:39:16Z,2026-06-16T10:39:59Z,1,hub,2026-09-17T00:49:00Z,2026-09-17T00:49:00Z,true
northumbrian:NWL01348:1780366679000,northumbrian:NWL01348,northumbrian,2026-06-02T02:17:59Z,2026-06-02T02:51:59Z,34,hub,2026-09-17T00:49:00Z,2026-09-17T00:49:00Z,true
northumbrian:NWL01358:1782493439000,northumbrian:NWL01358,northumbrian,2026-06-26T17:03:59Z,2026-06-26T17:13:59Z,10,hub,2026-09-17T00:49:00Z,2026-09-17T00:49:00Z,true
northumbrian:NWL01392:1780412039000,northumbrian:NWL01392,northumbrian,2026-06-02T14:53:59Z,2026-06-02T14:59:59Z,6,hub,2026-09-17T00:49:00Z,2026-09-17T00:49:00Z,true
northumbrian:NWL01465:1780415159000,northumbrian:NWL01465,northumbrian,2026-06-02T15:45:59Z,2026-06-02T15:53:59Z,8,hub,2026-09-17T00:49:00Z,2026-09-17T00:49:00Z,true
northumbrian:NWL01469:1780409759000,northumbrian:NWL01469,northumbrian,2026-06-02T14:15:59Z,2026-06-02T14:19:59Z,4,hub,2026-09-17T00:49:00Z,2026-09-17T00:49:00Z,true
northumbrian:NWL01488:1780416359000,northumbrian:NWL01488,northumbrian,2026-06-02T16:05:59Z,2026-06-02T16:23:59Z,18,hub,2026-09-17T00:49:00Z,2026-09-17T00:49:00Z,true
northumbrian:NWL01489:1780416359000,northumbrian:NWL01489,northumbrian,2026-06-02T16:05:59Z,2026-06-02T16:17:59Z,12,hub,2026-09-17T00:49:00Z,2026-09-17T00:49:00Z,true
northumbrian:NWL01507:1782506759000,northumbrian:NWL01507,northumbrian,2026-06-26T20:45:59Z,2026-06-26T20:47:59Z,2,hub,2026-09-17T00:49:00Z,2026-09-17T00:49:00Z,true
northumbrian:NWL01523:1782492959000,northumbrian:NWL01523,northumbrian,2026-06-26T16:55:59Z,2026-06-26T17:15:59Z,20,hub,2026-09-17T00:49:00Z,2026-09-17T00:49:00Z,true
northumbrian:NWL01564:1782574199000,northumbrian:NWL01564,northumbrian,2026-06-27T15:29:59Z,2026-06-27T15:31:59Z,2,hub,2026-09-17T00:49:00Z,2026-09-17T00:49:00Z,true
northumbrian:NWL01565:1780499759000,northumbrian:NWL01565,northumbrian,2026-06-03T15:15:59Z,2026-06-03T15:17:59Z,2,hub,2026-09-17T00:49:00Z,2026-09-17T00:49:00Z,true
severn-trent:SVT00019:1780906444000,severn-trent:SVT00019,severn-trent,2026-06-08T08:14:04Z,2026-06-08T09:15:54Z,62,hub,2026-09-17T00:49:00Z,2026-09-17T00:49:00Z,true
severn-trent:SVT00083:1781173199000,severn-trent:SVT00083,severn-trent,2026-06-11T10:19:59Z,2026-06-11T10:21:29Z,2,hub,2026-09-17T00:49:00Z,2026-09-17T00:49:00Z,true
severn-trent:SVT00165:1780359178000,severn-trent:SVT00165,severn-trent,2026-06-02T00:12:58Z,2026-06-02T01:46:48Z,94,hub,2026-09-17T00:49:00Z,2026-09-17T00:49:00Z,true
severn-trent:SVT00201:1780509418000,severn-trent:SVT00201,severn-trent,2026-06-03T17:56:58Z,2026-06-03T18:13:45Z,17,hub,2026-09-17T00:49:00Z,2026-09-17T00:49:00Z,true
severn-trent:SVT00203:1780509421000,severn-trent:SVT00203,severn-trent,2026-06-03T17:57:01Z,2026-06-03T18:13:35Z,17,hub,2026-09-17T00:49:00Z,2026-09-17T00:49:00Z,true
severn-trent:SVT00359:1780343071000,severn-trent:SVT00359,severn-trent,2026-06-01T19:44:31Z,2026-06-01T20:49:32Z,65,hub,2026-09-17T00:49:00Z,2026-09-17T00:49:00Z,true
severn-trent:SVT00371:1780403445000,severn-trent:SVT00371,severn-trent,2026-06-02T12:30:45Z,2026-06-02T22:53:00Z,622,hub,2026-09-17T00:49:00Z,2026-09-17T00:49:00Z,true
severn-trent:SVT00417:1780906535000,severn-trent:SVT00417,severn-trent,2026-06-08T08:15:35Z,2026-06-08T08:27:06Z,12,hub,2026-09-17T00:49:00Z,2026-09-17T00:49:00Z,true
severn-trent:SVT00418:1780346376000,severn-trent:SVT00418,severn-trent,2026-06-01T20:39:36Z,2026-06-01T21:02:30Z,23,hub,2026-09-17T00:49:00Z,2026-09-17T00:49:00Z,true
severn-trent:SVT00511:1780509602000,severn-trent:SVT00511,severn-trent,2026-06-03T18:00:02Z,2026-06-03T18:06:12Z,6,hub,2026-09-17T00:49:00Z,2026-09-17T00:49:00Z,true
severn-trent:SVT00528:1780410658000,severn-trent:SVT00528,severn-trent,2026-06-02T14:30:58Z,2026-06-02T21:18:57Z,408,hub,2026-09-17T00:49:00Z,2026-09-17T00:49:00Z,true
severn-trent:SVT00556:1780345322000,severn-trent:SVT00556,severn-trent,2026-06-01T20:22:02Z,2026-06-01T20:53:38Z,32,hub,2026-09-17T00:49:00Z,2026-09-17T00:49:00Z,true
severn-trent:SVT00569:1780347092000,severn-trent:SVT00569,severn-trent,2026-06-01T20:51:32Z,2026-06-01T21:55:07Z,64,hub,2026-09-17T00:49:00Z,2026-09-17T00:49:00Z,true
severn-trent:SVT00685:1780406359000,severn-trent:SVT00685,severn-trent,2026-06-02T13:19:19Z,2026-06-02T13:43:35Z,24,hub,2026-09-17T00:49:00Z,2026-09-17T00:49:00Z,true
severn-trent:SVT00785:1780342414000,severn-trent:SVT00785,severn-trent,2026-06-01T19:33:34Z,2026-06-01T21:47:49Z,134,hub,2026-09-17T00:49:00Z,2026-09-17T00:49:00Z,true
severn-trent:SVT00808:1782220069000,severn-trent:SVT00808,severn-trent,2026-06-23T13:07:49Z,2026-06-23T13:08:00Z,0,hub,2026-09-17T00:49:00Z,2026-09-17T00:49:00Z,true
severn-trent:SVT00925:1781213622000,severn-trent:SVT00925,severn-trent,2026-06-11T21:33:42Z,2026-06-11T22:53:30Z,80,hub,2026-09-17T00:49:00Z,2026-09-17T00:49:00Z,true
severn-trent:SVT00971:1780510085000,severn-trent:SVT00971,severn-trent,2026-06-03T18:08:05Z,2026-06-03T18:29:46Z,22,hub,2026-09-17T00:49:00Z,2026-09-17T00:49:00Z,true
severn-trent:SVT00980:1780509341000,severn-trent:SVT00980,severn-trent,2026-06-03T17:55:41Z,2026-06-03T18:06:28Z,11,hub,2026-09-17T00:49:00Z,2026-09-17T00:49:00Z,true
severn-trent:SVT00987:1781124232000,severn-trent:SVT00987,severn-trent,2026-06-10T20:43:52Z,2026-06-10T20:48:38Z,5,hub,2026-09-17T00:49:00Z,2026-09-17T00:49:00Z,true
severn-trent:SVT00989:1780496396000,severn-trent:SVT00989,severn-trent,2026-06-03T14:19:56Z,2026-06-03T14:22:29Z,3,hub,2026-09-17T00:49:00Z,2026-09-17T00:49:00Z,true
severn-trent:SVT00999:1780354325000,severn-trent:SVT00999,severn-trent,2026-06-01T22:52:05Z,2026-06-01T23:12:42Z,21,hub,2026-09-17T00:49:00Z,2026-09-17T00:49:00Z,true
severn-trent:SVT01008:1782210818000,severn-trent:SVT01008,severn-trent,2026-06-23T10:33:38Z,2026-06-23T10:34:04Z,0,hub,2026-09-17T00:49:00Z,2026-09-17T00:49:00Z,true
severn-trent:SVT01033:1780909263000,severn-trent:SVT01033,severn-trent,2026-06-08T09:01:03Z,2026-06-08T09:04:32Z,3,hub,2026-09-17T00:49:00Z,2026-09-17T00:49:00Z,true
severn-trent:SVT01052:1782844654000,severn-trent:SVT01052,severn-trent,2026-06-30T18:37:34Z,2026-06-30T18:38:00Z,0,hub,2026-09-17T00:49:00Z,2026-09-17T00:49:00Z,true
severn-trent:SVT01196:1781099102000,severn-trent:SVT01196,severn-trent,2026-06-10T13:45:02Z,2026-06-10T14:08:00Z,23,hub,2026-09-17T00:49:00Z,2026-09-17T00:49:00Z,true
severn-trent:SVT01210:1782256200000,severn-trent:SVT01210,severn-trent,2026-06-23T23:10:00Z,2026-06-23T23:20:00Z,10,hub,2026-09-17T00:49:00Z,2026-09-17T00:49:00Z,true
severn-trent:SVT01223:1781511000000,severn-trent:SVT01223,severn-trent,2026-06-15T08:10:00Z,2026-06-15T08:15:00Z,5,hub,2026-09-17T00:49:00Z,2026-09-17T00:49:00Z,true
severn-trent:SVT01386:1781869407000,severn-trent:SVT01386,severn-trent,2026-06-19T11:43:27Z,2026-06-19T11:47:27Z,4,hub,2026-09-17T00:49:00Z,2026-09-17T00:49:00Z,true
severn-trent:SVT01393:1781437554000,severn-trent:SVT01393,severn-trent,2026-06-14T11:45:54Z,2026-06-14T11:54:18Z,8,hub,2026-09-17T00:49:00Z,2026-09-17T00:49:00Z,true
severn-trent:SVT01439:1780338655000,severn-trent:SVT01439,severn-trent,2026-06-01T18:30:55Z,2026-06-01T18:44:54Z,14,hub,2026-09-17T00:49:00Z,2026-09-17T00:49:00Z,true
severn-trent:SVT01442:1780337480000,severn-trent:SVT01442,severn-trent,2026-06-01T18:11:20Z,2026-06-01T18:58:32Z,47,hub,2026-09-17T00:49:00Z,2026-09-17T00:49:00Z,true
severn-trent:SVT01554:1781600634000,severn-trent:SVT01554,severn-trent,2026-06-16T09:03:54Z,2026-06-16T09:06:08Z,2,hub,2026-09-17T00:49:00Z,2026-09-17T00:49:00Z,true
severn-trent:SVT01558:1782602083000,severn-trent:SVT01558,severn-trent,2026-06-27T23:14:43Z,2026-06-27T23:21:23Z,7,hub,2026-09-17T00:49:00Z,2026-09-17T00:49:00Z,true
severn-trent:SVT01577:1780342622000,severn-trent:SVT01577,severn-trent,2026-06-01T19:37:02Z,2026-06-01T22:08:11Z,151,hub,2026-09-17T00:49:00Z,2026-09-17T00:49:00Z,true
severn-trent:SVT01599:1781175060000,severn-trent:SVT01599,severn-trent,2026-06-11T10:51:00Z,2026-06-11T11:50:00Z,59,hub,2026-09-17T00:49:00Z,2026-09-17T00:49:00Z,true
severn-trent:SVT01616:1780345883000,severn-trent:SVT01616,severn-trent,2026-06-01T20:31:23Z,2026-06-01T21:05:36Z,34,hub,2026-09-17T00:49:00Z,2026-09-17T00:49:00Z,true
severn-trent:SVT01707:1780901924000,severn-trent:SVT01707,severn-trent,2026-06-08T06:58:44Z,2026-06-08T07:01:01Z,2,hub,2026-09-17T00:49:00Z,2026-09-17T00:49:00Z,true
severn-trent:SVT01720:1780337727000,severn-trent:SVT01720,severn-trent,2026-06-01T18:15:27Z,2026-06-01T18:57:45Z,42,hub,2026-09-17T00:49:00Z,2026-09-17T00:49:00Z,true
severn-trent:SVT01763:1780655447000,severn-trent:SVT01763,severn-trent,2026-06-05T10:30:47Z,2026-06-05T10:37:11Z,6,hub,2026-09-17T00:49:00Z,2026-09-17T00:49:00Z,true
severn-trent:SVT01881:1780361562000,severn-trent:SVT01881,severn-trent,2026-06-02T00:52:42Z,2026-06-02T01:07:18Z,15,hub,2026-09-17T00:49:00Z,2026-09-17T00:49:00Z,true
severn-trent:SVT01895:1780341132000,severn-trent:SVT01895,severn-trent,2026-06-01T19:12:12Z,2026-06-01T19:38:33Z,26,hub,2026-09-17T00:49:00Z,2026-09-17T00:49:00Z,true
severn-trent:SVT01931:1780351202000,severn-trent:SVT01931,severn-trent,2026-06-01T22:00:02Z,2026-06-01T22:02:00Z,2,hub,2026-09-17T00:49:00Z,2026-09-17T00:49:00Z,true
severn-trent:SVT01943:1780415005000,severn-trent:SVT01943,severn-trent,2026-06-02T15:43:25Z,2026-06-02T15:54:28Z,11,hub,2026-09-17T00:49:00Z,2026-09-17T00:49:00Z,true
severn-trent:SVT02043:1780354030000,severn-trent:SVT02043,severn-trent,2026-06-01T22:47:10Z,2026-06-01T23:36:21Z,49,hub,2026-09-17T00:49:00Z,2026-09-17T00:49:00Z,true
severn-trent:SVT02069:1780397149000,severn-trent:SVT02069,severn-trent,2026-06-02T10:45:49Z,2026-06-02T11:50:00Z,64,hub,2026-09-17T00:49:00Z,2026-09-17T00:49:00Z,true
severn-trent:SVT02173:1780347728000,severn-trent:SVT02173,severn-trent,2026-06-01T21:02:08Z,2026-06-01T21:09:29Z,7,hub,2026-09-17T00:49:00Z,2026-09-17T00:49:00Z,true
severn-trent:SVT02207:1781090712000,severn-trent:SVT02207,severn-trent,2026-06-10T11:25:12Z,2026-06-10T11:34:46Z,10,hub,2026-09-17T00:49:00Z,2026-09-17T00:49:00Z,true
severn-trent:SVT02235:1781179098000,severn-trent:SVT02235,severn-trent,2026-06-11T11:58:18Z,2026-06-11T13:31:14Z,93,hub,2026-09-17T00:49:00Z,2026-09-17T00:49:00Z,true
severn-trent:SVT02248:1780509555000,severn-trent:SVT02248,severn-trent,2026-06-03T17:59:15Z,2026-06-03T18:18:15Z,19,hub,2026-09-17T00:49:00Z,2026-09-17T00:49:00Z,true
severn-trent:SVT02275:1780362924000,severn-trent:SVT02275,severn-trent,2026-06-02T01:15:24Z,2026-06-02T01:30:00Z,15,hub,2026-09-17T00:49:00Z,2026-09-17T00:49:00Z,true
severn-trent:SVT02342:1780509557000,severn-trent:SVT02342,severn-trent,2026-06-03T17:59:17Z,2026-06-03T18:20:45Z,21,hub,2026-09-17T00:49:00Z,2026-09-17T00:49:00Z,true
severn-trent:SVT02360:1780912707000,severn-trent:SVT02360,severn-trent,2026-06-08T09:58:27Z,2026-06-08T10:01:15Z,3,hub,2026-09-17T00:49:00Z,2026-09-17T00:49:00Z,true
severn-trent:SVT02365:1780339942000,severn-trent:SVT02365,severn-trent,2026-06-01T18:52:22Z,2026-06-01T21:47:47Z,175,hub,2026-09-17T00:49:00Z,2026-09-17T00:49:00Z,true
severn-trent:SVT02371:1781347890000,severn-trent:SVT02371,severn-trent,2026-06-13T10:51:30Z,2026-06-13T10:52:30Z,1,hub,2026-09-17T00:49:00Z,2026-09-17T00:49:00Z,true
severn-trent:SVT02457:1780366991000,severn-trent:SVT02457,severn-trent,2026-06-02T02:23:11Z,2026-06-02T02:54:02Z,31,hub,2026-09-17T00:49:00Z,2026-09-17T00:49:00Z,true
severn-trent:SVT02482:1780418389000,severn-trent:SVT02482,severn-trent,2026-06-02T16:39:49Z,2026-06-02T16:48:09Z,8,hub,2026-09-17T00:49:00Z,2026-09-17T00:49:00Z,true
severn-trent:SVT02494:1780344797000,severn-trent:SVT02494,severn-trent,2026-06-01T20:13:17Z,2026-06-01T20:58:00Z,45,hub,2026-09-17T00:49:00Z,2026-09-17T00:49:00Z,true
severn-trent:SVT02499:1780509669000,severn-trent:SVT02499,severn-trent,2026-06-03T18:01:09Z,2026-06-03T18:10:34Z,9,hub,2026-09-17T00:49:00Z,2026-09-17T00:49:00Z,true
severn-trent:SVT02546:1780361975000,severn-trent:SVT02546,severn-trent,2026-06-02T00:59:35Z,2026-06-02T01:15:49Z,16,hub,2026-09-17T00:49:00Z,2026-09-17T00:49:00Z,true
severn-trent:SVT02553:1781084549000,severn-trent:SVT02553,severn-trent,2026-06-10T09:42:29Z,2026-06-10T10:04:05Z,22,hub,2026-09-17T00:49:00Z,2026-09-17T00:49:00Z,true
severn-trent:SVT02645:1780415060000,severn-trent:SVT02645,severn-trent,2026-06-02T15:44:20Z,2026-06-02T16:15:17Z,31,hub,2026-09-17T00:49:00Z,2026-09-17T00:49:00Z,true
severn-trent:SVT02670:1780902109000,severn-trent:SVT02670,severn-trent,2026-06-08T07:01:49Z,2026-06-08T07:11:40Z,10,hub,2026-09-17T00:49:00Z,2026-09-17T00:49:00Z,true
severn-trent:SVT02690:1780422262000,severn-trent:SVT02690,severn-trent,2026-06-02T17:44:22Z,2026-06-03T04:05:36Z,621,hub,2026-09-17T00:49:00Z,2026-09-17T00:49:00Z,true
south-west:SBB00030:1780351205170,south-west:SBB00030,south-west,2026-06-01T22:00:05Z,2026-06-01T22:04:05Z,4,hub,2026-09-17T00:49:00Z,2026-09-17T00:49:00Z,true
south-west:SBB00051:1780351880200,south-west:SBB00051,south-west,2026-06-01T22:11:20Z,2026-06-01T22:23:50Z,13,hub,2026-09-17T00:49:00Z,2026-09-17T00:49:00Z,true
south-west:SBB00059:1781167563000,south-west:SBB00059,south-west,2026-06-11T08:46:03Z,2026-06-11T08:51:26Z,5,hub,2026-09-17T00:49:00Z,2026-09-17T00:49:00Z,true
south-west:SBB00060:1780911270700,south-west:SBB00060,south-west,2026-06-08T09:34:30Z,2026-06-08T09:37:41Z,3,hub,2026-09-17T00:49:00Z,2026-09-17T00:49:00Z,true
south-west:SBB00086:1782318691000,south-west:SBB00086,south-west,2026-06-24T16:31:31Z,2026-06-24T17:42:51Z,71,hub,2026-09-17T00:49:00Z,2026-09-17T00:49:00Z,true
south-west:SBB00126:1780732948000,south-west:SBB00126,south-west,2026-06-06T08:02:28Z,2026-06-06T12:28:13Z,266,hub,2026-09-17T00:49:00Z,2026-09-17T00:49:00Z,true
south-west:SBB00133:1782798485200,south-west:SBB00133,south-west,2026-06-30T05:48:05Z,2026-06-30T05:50:05Z,2,hub,2026-09-17T00:49:00Z,2026-09-17T00:49:00Z,true
south-west:SBB00139:1780303231000,south-west:SBB00139,south-west,2026-06-01T08:40:31Z,2026-06-01T08:42:41Z,2,hub,2026-09-17T00:49:00Z,2026-09-17T00:49:00Z,true
south-west:SBB00176:1782143671000,south-west:SBB00176,south-west,2026-06-22T15:54:31Z,2026-06-22T16:09:21Z,15,hub,2026-09-17T00:49:00Z,2026-09-17T00:49:00Z,true
south-west:SBB00177:1781531160200,south-west:SBB00177,south-west,2026-06-15T13:46:00Z,2026-06-15T13:48:50Z,3,hub,2026-09-17T00:49:00Z,2026-09-17T00:49:00Z,true
south-west:SBB00195:1782211071000,south-west:SBB00195,south-west,2026-06-23T10:37:51Z,2026-06-23T11:38:51Z,61,hub,2026-09-17T00:49:00Z,2026-09-17T00:49:00Z,true
south-west:SBB00229:1780914841000,south-west:SBB00229,south-west,2026-06-08T10:34:01Z,2026-06-08T10:35:11Z,1,hub,2026-09-17T00:49:00Z,2026-09-17T00:49:00Z,true
south-west:SBB00233:1781175319100,south-west:SBB00233,south-west,2026-06-11T10:55:19Z,2026-06-11T10:55:58Z,1,hub,2026-09-17T00:49:00Z,2026-09-17T00:49:00Z,true
south-west:SBB00239:1781436520000,south-west:SBB00239,south-west,2026-06-14T11:28:40Z,2026-06-14T11:36:11Z,8,hub,2026-09-17T00:49:00Z,2026-09-17T00:49:00Z,true
south-west:SBB00240:1782295561000,south-west:SBB00240,south-west,2026-06-24T10:06:01Z,2026-06-24T10:07:41Z,2,hub,2026-09-17T00:49:00Z,2026-09-17T00:49:00Z,true
south-west:SBB00241:1782222641000,south-west:SBB00241,south-west,2026-06-23T13:50:41Z,2026-06-23T13:54:21Z,4,hub,2026-09-17T00:49:00Z,2026-09-17T00:49:00Z,true
south-west:SBB00265:1780343000200,south-west:SBB00265,south-west,2026-06-01T19:43:20Z,2026-06-01T20:03:30Z,20,hub,2026-09-17T00:49:00Z,2026-09-17T00:49:00Z,true
south-west:SBB00278:1780410920200,south-west:SBB00278,south-west,2026-06-02T14:35:20Z,2026-06-02T14:38:30Z,3,hub,2026-09-17T00:49:00Z,2026-09-17T00:49:00Z,true
south-west:SBB00282:1781006821000,south-west:SBB00282,south-west,2026-06-09T12:07:01Z,2026-06-09T12:08:11Z,1,hub,2026-09-17T00:49:00Z,2026-09-17T00:49:00Z,true
south-west:SBB00287:1780647605200,south-west:SBB00287,south-west,2026-06-05T08:20:05Z,2026-06-05T08:22:05Z,2,hub,2026-09-17T00:49:00Z,2026-09-17T00:49:00Z,true
south-west:SBB00307:1780479971000,south-west:SBB00307,south-west,2026-06-03T09:46:11Z,2026-06-03T10:31:51Z,46,hub,2026-09-17T00:49:00Z,2026-09-17T00:49:00Z,true
south-west:SBB00336:1780385935000,south-west:SBB00336,south-west,2026-06-02T07:38:55Z,2026-06-02T15:35:44Z,477,hub,2026-09-17T00:49:00Z,2026-09-17T00:49:00Z,true
south-west:SBB00349:1780520740100,south-west:SBB00349,south-west,2026-06-03T21:05:40Z,2026-06-03T21:08:40Z,3,hub,2026-09-17T00:49:00Z,2026-09-17T00:49:00Z,true
south-west:SBB00355:1782732139000,south-west:SBB00355,south-west,2026-06-29T11:22:19Z,2026-06-29T11:22:39Z,0,hub,2026-09-17T00:49:00Z,2026-09-17T00:49:00Z,true
south-west:SBB00358:1780350591500,south-west:SBB00358,south-west,2026-06-01T21:49:51Z,2026-06-01T22:07:50Z,18,hub,2026-09-17T00:49:00Z,2026-09-17T00:49:00Z,true
south-west:SBB00361:1781784870200,south-west:SBB00361,south-west,2026-06-18T12:14:30Z,2026-06-18T12:15:10Z,1,hub,2026-09-17T00:49:00Z,2026-09-17T00:49:00Z,true
south-west:SBB00384:1780902821000,south-west:SBB00384,south-west,2026-06-08T07:13:41Z,2026-06-08T07:17:01Z,3,hub,2026-09-17T00:49:00Z,2026-09-17T00:49:00Z,true
south-west:SBB00386:1781704685170,south-west:SBB00386,south-west,2026-06-17T13:58:05Z,2026-06-17T14:00:05Z,2,hub,2026-09-17T00:49:00Z,2026-09-17T00:49:00Z,true
south-west:SBB00401:1780901761000,south-west:SBB00401,south-west,2026-06-08T06:56:01Z,2026-06-08T08:38:41Z,103,hub,2026-09-17T00:49:00Z,2026-09-17T00:49:00Z,true
south-west:SBB00412:1781000560100,south-west:SBB00412,south-west,2026-06-09T10:22:40Z,2026-06-09T10:23:00Z,0,hub,2026-09-17T00:49:00Z,2026-09-17T00:49:00Z,true
south-west:SBB00452:1780491420200,south-west:SBB00452,south-west,2026-06-03T12:57:00Z,2026-06-03T12:59:00Z,2,hub,2026-09-17T00:49:00Z,2026-09-17T00:49:00Z,true
south-west:SBB00477:1780740770000,south-west:SBB00477,south-west,2026-06-06T10:12:50Z,2026-06-06T10:16:34Z,4,hub,2026-09-17T00:49:00Z,2026-09-17T00:49:00Z,true
south-west:SBB00509:1781526251000,south-west:SBB00509,south-west,2026-06-15T12:24:11Z,2026-06-15T12:33:32Z,9,hub,2026-09-17T00:49:00Z,2026-09-17T00:49:00Z,true
south-west:SBB00516:1782140381000,south-west:SBB00516,south-west,2026-06-22T14:59:41Z,2026-06-22T15:10:41Z,11,hub,2026-09-17T00:49:00Z,2026-09-17T00:49:00Z,true
south-west:SBB00519:1780355091000,south-west:SBB00519,south-west,2026-06-01T23:04:51Z,2026-06-01T23:25:01Z,20,hub,2026-09-17T00:49:00Z,2026-09-17T00:49:00Z,true
south-west:SBB00526:1780744211000,south-west:SBB00526,south-west,2026-06-06T11:10:11Z,2026-06-06T11:17:41Z,8,hub,2026-09-17T00:49:00Z,2026-09-17T00:49:00Z,true
south-west:SBB00548:1780354333000,south-west:SBB00548,south-west,2026-06-01T22:52:13Z,2026-06-02T11:44:12Z,772,hub,2026-09-17T00:49:00Z,2026-09-17T00:49:00Z,true
south-west:SBB00569:1780308045000,south-west:SBB00569,south-west,2026-06-01T10:00:45Z,2026-06-01T10:01:30Z,1,hub,2026-09-17T00:49:00Z,2026-09-17T00:49:00Z,true
south-west:SBB00604:1780350298000,south-west:SBB00604,south-west,2026-06-01T21:44:58Z,2026-06-01T21:49:15Z,4,hub,2026-09-17T00:49:00Z,2026-09-17T00:49:00Z,true
south-west:SBB00615:1780503562000,south-west:SBB00615,south-west,2026-06-03T16:19:22Z,2026-06-03T16:23:13Z,4,hub,2026-09-17T00:49:00Z,2026-09-17T00:49:00Z,true
south-west:SBB00629:1781165131000,south-west:SBB00629,south-west,2026-06-11T08:05:31Z,2026-06-11T08:06:51Z,1,hub,2026-09-17T00:49:00Z,2026-09-17T00:49:00Z,true
south-west:SBB00630:1782183770500,south-west:SBB00630,south-west,2026-06-23T03:02:50Z,2026-06-23T03:23:10Z,20,hub,2026-09-17T00:49:00Z,2026-09-17T00:49:00Z,true
south-west:SBB00644:1780349191000,south-west:SBB00644,south-west,2026-06-01T21:26:31Z,2026-06-01T21:52:11Z,26,hub,2026-09-17T00:49:00Z,2026-09-17T00:49:00Z,true
south-west:SBB00651:1780977651000,south-west:SBB00651,south-west,2026-06-09T04:00:51Z,2026-06-09T04:02:11Z,1,hub,2026-09-17T00:49:00Z,2026-09-17T00:49:00Z,true
south-west:SBB00653:1781602299000,south-west:SBB00653,south-west,2026-06-16T09:31:39Z,2026-06-16T09:32:41Z,1,hub,2026-09-17T00:49:00Z,2026-09-17T00:49:00Z,true
south-west:SBB00665:1780373756000,south-west:SBB00665,south-west,2026-06-02T04:15:56Z,2026-06-02T04:18:00Z,2,hub,2026-09-17T00:49:00Z,2026-09-17T00:49:00Z,true
south-west:SBB00740:1780897771000,south-west:SBB00740,south-west,2026-06-08T05:49:31Z,2026-06-08T09:39:12Z,230,hub,2026-09-17T00:49:00Z,2026-09-17T00:49:00Z,true
south-west:SBB00769:1781260521000,south-west:SBB00769,south-west,2026-06-12T10:35:21Z,2026-06-12T10:37:02Z,2,hub,2026-09-17T00:49:00Z,2026-09-17T00:49:00Z,true
south-west:SBB00823:1782140000230,south-west:SBB00823,south-west,2026-06-22T14:53:20Z,2026-06-22T15:16:50Z,24,hub,2026-09-17T00:49:00Z,2026-09-17T00:49:00Z,true
south-west:SBB00835:1780620571000,south-west:SBB00835,south-west,2026-06-05T00:49:31Z,2026-06-05T00:51:11Z,2,hub,2026-09-17T00:49:00Z,2026-09-17T00:49:00Z,true
south-west:SBB00878:1782415474000,south-west:SBB00878,south-west,2026-06-25T19:24:34Z,2026-06-25T19:27:14Z,3,hub,2026-09-17T00:49:00Z,2026-09-17T00:49:00Z,true
south-west:SBB00881:1780349710200,south-west:SBB00881,south-west,2026-06-01T21:35:10Z,2026-06-01T21:37:20Z,2,hub,2026-09-17T00:49:00Z,2026-09-17T00:49:00Z,true
south-west:SBB00896:1780319361360,south-west:SBB00896,south-west,2026-06-01T13:09:21Z,2026-06-01T13:09:42Z,0,hub,2026-09-17T00:49:00Z,2026-09-17T00:49:00Z,true
south-west:SBB00899:1782380920300,south-west:SBB00899,south-west,2026-06-25T09:48:40Z,2026-06-25T09:50:20Z,2,hub,2026-09-17T00:49:00Z,2026-09-17T00:49:00Z,true
south-west:SBB00913:1781871585000,south-west:SBB00913,south-west,2026-06-19T12:19:45Z,2026-06-19T12:21:26Z,2,hub,2026-09-17T00:49:00Z,2026-09-17T00:49:00Z,true
south-west:SBB00955:1780895940300,south-west:SBB00955,south-west,2026-06-08T05:19:00Z,2026-06-08T05:23:30Z,5,hub,2026-09-17T00:49:00Z,2026-09-17T00:49:00Z,true
south-west:SBB00963:1780907781000,south-west:SBB00963,south-west,2026-06-08T08:36:21Z,2026-06-08T08:37:31Z,1,hub,2026-09-17T00:49:00Z,2026-09-17T00:49:00Z,true
south-west:SBB00972:1780340161000,south-west:SBB00972,south-west,2026-06-01T18:56:01Z,2026-06-01T19:11:31Z,16,hub,2026-09-17T00:49:00Z,2026-09-17T00:49:00Z,true
south-west:SBB00986:1780736271000,south-west:SBB00986,south-west,2026-06-06T08:57:51Z,2026-06-06T13:58:01Z,300,hub,2026-09-17T00:49:00Z,2026-09-17T00:49:00Z,true
south-west:SBB00992:1780708880200,south-west:SBB00992,south-west,2026-06-06T01:21:20Z,2026-06-06T01:29:10Z,8,hub,2026-09-17T00:49:00Z,2026-09-17T00:49:00Z,true
south-west:SBB01000:1780399220400,south-west:SBB01000,south-west,2026-06-02T11:20:20Z,2026-06-02T12:52:38Z,92,hub,2026-09-17T00:49:00Z,2026-09-17T00:49:00Z,true
south-west:SBB01042:1781749601020,south-west:SBB01042,south-west,2026-06-18T02:26:41Z,2026-06-18T04:19:50Z,113,hub,2026-09-17T00:49:00Z,2026-09-17T00:49:00Z,true
south-west:SBB01043:1780922580810,south-west:SBB01043,south-west,2026-06-08T12:43:00Z,2026-06-08T12:45:20Z,2,hub,2026-09-17T00:49:00Z,2026-09-17T00:49:00Z,true
south-west:SBB01074:1780352751000,south-west:SBB01074,south-west,2026-06-01T22:25:51Z,2026-06-01T23:26:51Z,61,hub,2026-09-17T00:49:00Z,2026-09-17T00:49:00Z,true
south-west:SBB01093:1780354702000,south-west:SBB01093,south-west,2026-06-01T22:58:22Z,2026-06-01T23:51:04Z,53,hub,2026-09-17T00:49:00Z,2026-09-17T00:49:00Z,true
south-west:SBB01129:1780739107000,south-west:SBB01129,south-west,2026-06-06T09:45:07Z,2026-06-06T10:03:45Z,19,hub,2026-09-17T00:49:00Z,2026-09-17T00:49:00Z,true
south-west:SBB01140:1780507085200,south-west:SBB01140,south-west,2026-06-03T17:18:05Z,2026-06-03T17:20:05Z,2,hub,2026-09-17T00:49:00Z,2026-09-17T00:49:00Z,true
south-west:SBB01152:1780482941000,south-west:SBB01152,south-west,2026-06-03T10:35:41Z,2026-06-03T10:37:01Z,1,hub,2026-09-17T00:49:00Z,2026-09-17T00:49:00Z,true
south-west:SBB01164:1782201307000,south-west:SBB01164,south-west,2026-06-23T07:55:07Z,2026-06-23T07:55:09Z,0,hub,2026-09-17T00:49:00Z,2026-09-17T00:49:00Z,true
south-west:SBB01167:1780350300200,south-west:SBB01167,south-west,2026-06-01T21:45:00Z,2026-06-01T21:53:10Z,8,hub,2026-09-17T00:49:00Z,2026-09-17T00:49:00Z,true
south-west:SBB01178:1782462645000,south-west:SBB01178,south-west,2026-06-26T08:30:45Z,2026-06-26T08:35:46Z,5,hub,2026-09-17T00:49:00Z,2026-09-17T00:49:00Z,true
south-west:SBB01184:1782478540700,south-west:SBB01184,south-west,2026-06-26T12:55:40Z,2026-06-26T12:57:00Z,1,hub,2026-09-17T00:49:00Z,2026-09-17T00:49:00Z,true
south-west:SBB01203:1782391612000,south-west:SBB01203,south-west,2026-06-25T12:46:52Z,2026-06-25T12:51:35Z,5,hub,2026-09-17T00:49:00Z,2026-09-17T00:49:00Z,true
south-west:SBB01206:1782416021000,south-west:SBB01206,south-west,2026-06-25T19:33:41Z,2026-06-25T19:35:51Z,2,hub,2026-09-17T00:49:00Z,2026-09-17T00:49:00Z,true
south-west:SBB01207:1781801620000,south-west:SBB01207,south-west,2026-06-18T16:53:40Z,2026-06-18T17:45:01Z,51,hub,2026-09-17T00:49:00Z,2026-09-17T00:49:00Z,true
south-west:SBB01209:1780724340100,south-west:SBB01209,south-west,2026-06-06T05:39:00Z,2026-06-06T13:53:10Z,494,hub,2026-09-17T00:49:00Z,2026-09-17T00:49:00Z,true
south-west:SBB01213:1782201908000,south-west:SBB01213,south-west,2026-06-23T08:05:08Z,2026-06-23T08:06:28Z,1,hub,2026-09-17T00:49:00Z,2026-09-17T00:49:00Z,true
south-west:SBB01226:1780352691000,south-west:SBB01226,south-west,2026-06-01T22:24:51Z,2026-06-01T22:47:30Z,23,hub,2026-09-17T00:49:00Z,2026-09-17T00:49:00Z,true
south-west:SBB01240:1780353900400,south-west:SBB01240,south-west,2026-06-01T22:45:00Z,2026-06-01T23:28:30Z,44,hub,2026-09-17T00:49:00Z,2026-09-17T00:49:00Z,true
south-west:SBB01242:1781614057000,south-west:SBB01242,south-west,2026-06-16T12:47:37Z,2026-06-16T12:48:57Z,1,hub,2026-09-17T00:49:00Z,2026-09-17T00:49:00Z,true
south-west:SBB01243:1781024211000,south-west:SBB01243,south-west,2026-06-09T16:56:51Z,2026-06-09T16:59:20Z,2,hub,2026-09-17T00:49:00Z,2026-09-17T00:49:00Z,true
south-west:SBB01246:1780352920400,south-west:SBB01246,south-west,2026-06-01T22:28:40Z,2026-06-01T23:01:30Z,33,hub,2026-09-17T00:49:00Z,2026-09-17T00:49:00Z,true
south-west:SBB01263:1782815566000,south-west:SBB01263,south-west,2026-06-30T10:32:46Z,2026-06-30T10:34:10Z,1,hub,2026-09-17T00:49:00Z,2026-09-17T00:49:00Z,true
south-west:SBB01269:1780823391000,south-west:SBB01269,south-west,2026-06-07T09:09:51Z,2026-06-07T09:11:51Z,2,hub,2026-09-17T00:49:00Z,2026-09-17T00:49:00Z,true
south-west:SBB01275:1781786411000,south-west:SBB01275,south-west,2026-06-18T12:40:11Z,2026-06-18T12:41:21Z,1,hub,2026-09-17T00:49:00Z,2026-09-17T00:49:00Z,true
south-west:SBB01279:1781772350300,south-west:SBB01279,south-west,2026-06-18T08:45:50Z,2026-06-18T08:47:20Z,2,hub,2026-09-17T00:49:00Z,2026-09-17T00:49:00Z,true
south-west:SBB01303:1780502250200,south-west:SBB01303,south-west,2026-06-03T15:57:30Z,2026-06-03T16:00:00Z,2,hub,2026-09-17T00:49:00Z,2026-09-17T00:49:00Z,true
south-west:SBB01308:1780663320100,south-west:SBB01308,south-west,2026-06-05T12:42:00Z,2026-06-05T12:43:10Z,1,hub,2026-09-17T00:49:00Z,2026-09-17T00:49:00Z,true
south-west:SBB01332:1782424750100,south-west:SBB01332,south-west,2026-06-25T21:59:10Z,2026-06-25T22:04:40Z,6,hub,2026-09-17T00:49:00Z,2026-09-17T00:49:00Z,true
south-west:SBB01383:1782182840200,south-west:SBB01383,south-west,2026-06-23T02:47:20Z,2026-06-23T02:51:20Z,4,hub,2026-09-17T00:49:00Z,2026-09-17T00:49:00Z,true
south-west:SBB01400:1781846909100,south-west:SBB01400,south-west,2026-06-19T05:28:29Z,2026-06-19T05:28:37Z,0,hub,2026-09-17T00:49:00Z,2026-09-17T00:49:00Z,true
southern:SWS00007:1782122400000,southern:SWS00007,southern,2026-06-22T10:00:00Z,2026-06-22T10:15:00Z,15,hub,2026-09-17T00:49:00Z,2026-09-17T00:49:00Z,true
southern:SWS00028:1780391700000,southern:SWS00028,southern,2026-06-02T09:15:00Z,2026-06-02T09:45:00Z,30,hub,2026-09-17T00:49:00Z,2026-09-17T00:49:00Z,true
southern:SWS00039:1781015713000,southern:SWS00039,southern,2026-06-09T14:35:13Z,2026-06-10T00:07:30Z,572,hub,2026-09-17T00:49:00Z,2026-09-17T00:49:00Z,true
southern:SWS00042:1780375560000,southern:SWS00042,southern,2026-06-02T04:46:00Z,2026-06-02T06:49:30Z,124,hub,2026-09-17T00:49:00Z,2026-09-17T00:49:00Z,true
southern:SWS00043:1781031186000,southern:SWS00043,southern,2026-06-09T18:53:06Z,2026-06-10T12:00:00Z,1027,hub,2026-09-17T00:49:00Z,2026-09-17T00:49:00Z,true
southern:SWS00044:1782192239000,southern:SWS00044,southern,2026-06-23T05:23:59Z,2026-06-23T07:45:38Z,142,hub,2026-09-17T00:49:00Z,2026-09-17T00:49:00Z,true
southern:SWS00049:1780381181000,southern:SWS00049,southern,2026-06-02T06:19:41Z,2026-06-02T06:47:35Z,28,hub,2026-09-17T00:49:00Z,2026-09-17T00:49:00Z,true
southern:SWS00051:1780372672000,southern:SWS00051,southern,2026-06-02T03:57:52Z,2026-06-02T06:51:33Z,174,hub,2026-09-17T00:49:00Z,2026-09-17T00:49:00Z,true
southern:SWS00066:1780368801000,southern:SWS00066,southern,2026-06-02T02:53:21Z,2026-06-02T04:13:51Z,81,hub,2026-09-17T00:49:00Z,2026-09-17T00:49:00Z,true
southern:SWS00067:1781033400000,southern:SWS00067,southern,2026-06-09T19:30:00Z,2026-06-09T23:45:00Z,255,hub,2026-09-17T00:49:00Z,2026-09-17T00:49:00Z,true
southern:SWS00070:1780363043000,southern:SWS00070,southern,2026-06-02T01:17:23Z,2026-06-02T01:39:12Z,22,hub,2026-09-17T00:49:00Z,2026-09-17T00:49:00Z,true
southern:SWS00078:1780369850000,southern:SWS00078,southern,2026-06-02T03:10:50Z,2026-06-02T03:35:00Z,24,hub,2026-09-17T00:49:00Z,2026-09-17T00:49:00Z,true
southern:SWS00084:1780365343000,southern:SWS00084,southern,2026-06-02T01:55:43Z,2026-06-02T03:00:00Z,64,hub,2026-09-17T00:49:00Z,2026-09-17T00:49:00Z,true
southern:SWS00090:1782187661000,southern:SWS00090,southern,2026-06-23T04:07:41Z,2026-06-23T04:54:00Z,46,hub,2026-09-17T00:49:00Z,2026-09-17T00:49:00Z,true
southern:SWS00092:1780368267000,southern:SWS00092,southern,2026-06-02T02:44:27Z,2026-06-02T04:34:27Z,110,hub,2026-09-17T00:49:00Z,2026-09-17T00:49:00Z,true
southern:SWS00097:1782189567000,southern:SWS00097,southern,2026-06-23T04:39:27Z,2026-06-23T05:09:29Z,30,hub,2026-09-17T00:49:00Z,2026-09-17T00:49:00Z,true
southern:SWS00101:1780369680000,southern:SWS00101,southern,2026-06-02T03:08:00Z,2026-06-02T04:12:00Z,64,hub,2026-09-17T00:49:00Z,2026-09-17T00:49:00Z,true
southern:SWS00127:1782538477000,southern:SWS00127,southern,2026-06-27T05:34:37Z,2026-06-27T06:28:27Z,54,hub,2026-09-17T00:49:00Z,2026-09-17T00:49:00Z,true
southern:SWS00143:1782190642000,southern:SWS00143,southern,2026-06-23T04:57:22Z,2026-06-23T05:15:57Z,19,hub,2026-09-21T14:50:25Z,2026-09-21T14:50:25Z,true
southern:SWS00145:1780366559000,southern:SWS00145,southern,2026-06-02T02:15:59Z,2026-06-02T02:27:52Z,12,hub,2026-09-17T00:49:00Z,2026-09-17T00:49:00Z,true
southern:SWS00157:1782184440000,southern:SWS00157,southern,2026-06-23T03:14:00Z,2026-06-23T04:08:00Z,54,hub,2026-09-17T00:49:00Z,2026-09-17T00:49:00Z,true
southern:SWS00159:1780913400000,southern:SWS00159,southern,2026-06-08T10:10:00Z,2026-06-08T10:42:00Z,32,hub,2026-09-17T00:49:00Z,2026-09-17T00:49:00Z,true
southern:SWS00175:1780419600000,southern:SWS00175,southern,2026-06-02T17:00:00Z,2026-06-02T18:00:00Z,60,hub,2026-09-17T00:49:00Z,2026-09-17T00:49:00Z,true
southern:SWS00187:1782185520000,southern:SWS00187,southern,2026-06-23T03:32:00Z,2026-06-23T04:40:00Z,68,hub,2026-09-17T00:49:00Z,2026-09-17T00:49:00Z,true
southern:SWS00192:1780368240000,southern:SWS00192,southern,2026-06-02T02:44:00Z,2026-06-02T03:02:00Z,18,hub,2026-09-17T00:49:00Z,2026-09-17T00:49:00Z,true
southern:SWS00206:1780369255000,southern:SWS00206,southern,2026-06-02T03:00:55Z,2026-06-02T08:08:46Z,308,hub,2026-09-17T00:49:00Z,2026-09-17T00:49:00Z,true
southern:SWS00208:1780430400000,southern:SWS00208,southern,2026-06-02T20:00:00Z,2026-06-02T20:01:11Z,1,hub,2026-09-17T00:49:00Z,2026-09-17T00:49:00Z,true
southern:SWS00211:1780367760000,southern:SWS00211,southern,2026-06-02T02:36:00Z,2026-06-02T03:25:14Z,49,hub,2026-09-17T00:49:00Z,2026-09-17T00:49:00Z,true
southern:SWS00215:1780421789000,southern:SWS00215,southern,2026-06-02T17:36:29Z,2026-06-02T18:19:52Z,43,hub,2026-09-17T00:49:00Z,2026-09-17T00:49:00Z,true
southern:SWS00232:1782527746000,southern:SWS00232,southern,2026-06-27T02:35:46Z,2026-06-27T02:49:09Z,13,hub,2026-09-17T11:32:49Z,2026-09-17T11:32:49Z,true
southern:SWS00238:1782799200000,southern:SWS00238,southern,2026-06-30T06:00:00Z,2026-06-30T06:02:00Z,2,hub,2026-09-17T00:49:00Z,2026-09-17T00:49:00Z,true
southern:SWS00239:1780422480000,southern:SWS00239,southern,2026-06-02T17:48:00Z,2026-06-02T18:18:00Z,30,hub,2026-09-17T00:49:00Z,2026-09-17T00:49:00Z,true
southern:SWS00251:1780993425000,southern:SWS00251,southern,2026-06-09T08:23:45Z,2026-06-09T15:37:35Z,434,hub,2026-09-17T00:49:00Z,2026-09-17T00:49:00Z,true
southern:SWS00260:1782198587000,southern:SWS00260,southern,2026-06-23T07:09:47Z,2026-06-23T07:10:44Z,1,hub,2026-09-17T00:49:00Z,2026-09-17T00:49:00Z,true
southern:SWS00264:1781030476000,southern:SWS00264,southern,2026-06-09T18:41:16Z,2026-06-09T20:32:04Z,111,hub,2026-09-17T00:49:00Z,2026-09-17T00:49:00Z,true
southern:SWS00283:1780366872000,southern:SWS00283,southern,2026-06-02T02:21:12Z,2026-06-02T03:21:45Z,61,hub,2026-09-17T00:49:00Z,2026-09-17T00:49:00Z,true
southern:SWS00289:1782185520000,southern:SWS00289,southern,2026-06-23T03:32:00Z,2026-06-23T04:36:00Z,64,hub,2026-09-17T00:49:00Z,2026-09-17T00:49:00Z,true
southern:SWS00300:1780367373000,southern:SWS00300,southern,2026-06-02T02:29:33Z,2026-06-02T04:01:14Z,92,hub,2026-09-17T00:49:00Z,2026-09-17T00:49:00Z,true
southern:SWS00302:1780407000000,southern:SWS00302,southern,2026-06-02T13:30:00Z,2026-06-02T13:46:00Z,16,hub,2026-09-17T00:49:00Z,2026-09-17T00:49:00Z,true
southern:SWS00306:1782184680000,southern:SWS00306,southern,2026-06-23T03:18:00Z,2026-06-23T03:28:00Z,10,hub,2026-09-17T00:49:00Z,2026-09-17T00:49:00Z,true
southern:SWS00308:1780403220000,southern:SWS00308,southern,2026-06-02T12:27:00Z,2026-06-02T14:41:00Z,134,hub,2026-09-17T00:49:00Z,2026-09-17T00:49:00Z,true
southern:SWS00311:1780368222000,southern:SWS00311,southern,2026-06-02T02:43:42Z,2026-06-02T03:44:41Z,61,hub,2026-09-17T00:49:00Z,2026-09-17T00:49:00Z,true
southern:SWS00316:1780384182000,southern:SWS00316,southern,2026-06-02T07:09:42Z,2026-06-02T07:11:55Z,2,hub,2026-09-17T00:49:00Z,2026-09-17T00:49:00Z,true
southern:SWS00325:1780380915000,southern:SWS00325,southern,2026-06-02T06:15:15Z,2026-06-02T06:18:34Z,3,hub,2026-09-17T00:49:00Z,2026-09-17T00:49:00Z,true
southern:SWS00327:1780368845000,southern:SWS00327,southern,2026-06-02T02:54:05Z,2026-06-02T04:35:36Z,102,hub,2026-09-17T00:49:00Z,2026-09-17T00:49:00Z,true
southern:SWS00330:1781008500000,southern:SWS00330,southern,2026-06-09T12:35:00Z,2026-06-09T13:53:00Z,78,hub,2026-09-17T00:49:00Z,2026-09-17T00:49:00Z,true
southern:SWS00336:1782183960000,southern:SWS00336,southern,2026-06-23T03:06:00Z,2026-06-23T03:22:00Z,16,hub,2026-09-17T00:49:00Z,2026-09-17T00:49:00Z,true
southern:SWS00337:1782193871000,southern:SWS00337,southern,2026-06-23T05:51:11Z,2026-06-23T06:42:42Z,52,hub,2026-09-17T00:49:00Z,2026-09-17T00:49:00Z,true
southern:SWS00347:1781121751000,southern:SWS00347,southern,2026-06-10T20:02:31Z,2026-06-10T20:06:00Z,3,hub,2026-09-17T00:49:00Z,2026-09-17T00:49:00Z,true
southern:SWS00366:1780368720000,southern:SWS00366,southern,2026-06-02T02:52:00Z,2026-06-02T04:40:00Z,108,hub,2026-09-17T00:49:00Z,2026-09-17T00:49:00Z,true
southern:SWS00372:1782183960000,southern:SWS00372,southern,2026-06-23T03:06:00Z,2026-06-23T03:26:00Z,20,hub,2026-09-17T00:49:00Z,2026-09-17T00:49:00Z,true
southern:SWS00373:1782183840000,southern:SWS00373,southern,2026-06-23T03:04:00Z,2026-06-23T03:34:00Z,30,hub,2026-09-17T00:49:00Z,2026-09-17T00:49:00Z,true
southern:SWS00374:1780368112000,southern:SWS00374,southern,2026-06-02T02:41:52Z,2026-06-02T03:30:00Z,48,hub,2026-09-17T00:49:00Z,2026-09-17T00:49:00Z,true
southern:SWS00375:1782183480000,southern:SWS00375,southern,2026-06-23T02:58:00Z,2026-06-23T03:02:00Z,4,hub,2026-09-17T00:49:00Z,2026-09-17T00:49:00Z,true
southern:SWS00377:1780368120000,southern:SWS00377,southern,2026-06-02T02:42:00Z,2026-06-02T03:44:00Z,62,hub,2026-09-17T00:49:00Z,2026-09-17T00:49:00Z,true
southern:SWS00392:1780405309000,southern:SWS00392,southern,2026-06-02T13:01:49Z,2026-06-02T20:49:52Z,468,hub,2026-09-17T00:49:00Z,2026-09-17T00:49:00Z,true
southern:SWS00394:1780408758000,southern:SWS00394,southern,2026-06-02T13:59:18Z,2026-06-02T15:22:00Z,83,hub,2026-09-17T00:49:00Z,2026-09-17T00:49:00Z,true
southern:SWS00415:1781032368000,southern:SWS00415,southern,2026-06-09T19:12:48Z,2026-06-09T22:53:29Z,221,hub,2026-09-17T00:49:00Z,2026-09-17T00:49:00Z,true
southern:SWS00421:1780367567000,southern:SWS00421,southern,2026-06-02T02:32:47Z,2026-06-02T03:28:48Z,56,hub,2026-09-17T00:49:00Z,2026-09-17T00:49:00Z,true
southern:SWS00424:1782527760000,southern:SWS00424,southern,2026-06-27T02:36:00Z,2026-06-27T02:38:00Z,2,hub,2026-09-17T00:49:00Z,2026-09-17T00:49:00Z,true
southern:SWS00425:1780406831000,southern:SWS00425,southern,2026-06-02T13:27:11Z,2026-06-02T14:11:39Z,44,hub,2026-09-17T00:49:00Z,2026-09-17T00:49:00Z,true
southern:SWS00444:1780410615000,southern:SWS00444,southern,2026-06-02T14:30:15Z,2026-06-02T16:04:25Z,94,hub,2026-09-17T00:49:00Z,2026-09-17T00:49:00Z,true
southern:SWS00449:1780426195000,southern:SWS00449,southern,2026-06-02T18:49:55Z,2026-06-03T02:17:13Z,447,hub,2026-09-17T00:49:00Z,2026-09-17T00:49:00Z,true
southern:SWS00464:1780380226000,southern:SWS00464,southern,2026-06-02T06:03:46Z,2026-06-02T07:33:02Z,89,hub,2026-09-17T00:49:00Z,2026-09-17T00:49:00Z,true
southern:SWS00470:1781094120000,southern:SWS00470,southern,2026-06-10T12:22:00Z,2026-06-10T12:38:00Z,16,hub,2026-09-17T00:49:00Z,2026-09-17T00:49:00Z,true
southern:SWS00471:1780420020000,southern:SWS00471,southern,2026-06-02T17:07:00Z,2026-06-02T17:38:00Z,31,hub,2026-09-17T00:49:00Z,2026-09-17T00:49:00Z,true
southern:SWS00475:1780365991000,southern:SWS00475,southern,2026-06-02T02:06:31Z,2026-06-02T03:34:55Z,88,hub,2026-09-17T00:49:00Z,2026-09-17T00:49:00Z,true
southern:SWS00478:1781081465000,southern:SWS00478,southern,2026-06-10T08:51:05Z,2026-06-10T08:55:00Z,4,hub,2026-09-17T00:49:00Z,2026-09-17T00:49:00Z,true
southern:SWS00479:1780373690000,southern:SWS00479,southern,2026-06-02T04:14:50Z,2026-06-02T04:45:27Z,31,hub,2026-09-17T00:49:00Z,2026-09-17T00:49:00Z,true
southern:SWS00490:1781891867000,southern:SWS00490,southern,2026-06-19T17:57:47Z,2026-06-19T18:13:20Z,16,hub,2026-09-17T00:49:00Z,2026-09-17T00:49:00Z,true
southern:SWS00496:1782077700000,southern:SWS00496,southern,2026-06-21T21:35:00Z,2026-06-21T21:36:59Z,2,hub,2026-09-17T00:49:00Z,2026-09-17T00:49:00Z,true
southern:SWS00508:1782187628000,southern:SWS00508,southern,2026-06-23T04:07:08Z,2026-06-23T04:40:08Z,33,hub,2026-09-17T00:49:00Z,2026-09-17T00:49:00Z,true
southern:SWS00510:1780753703000,southern:SWS00510,southern,2026-06-06T13:48:23Z,2026-06-06T17:28:13Z,220,hub,2026-09-17T00:49:00Z,2026-09-17T00:49:00Z,true
southern:SWS00518:1782184260000,southern:SWS00518,southern,2026-06-23T03:11:00Z,2026-06-23T04:11:00Z,60,hub,2026-09-17T00:49:00Z,2026-09-17T00:49:00Z,true
southern:SWS00521:1780395120000,southern:SWS00521,southern,2026-06-02T10:12:00Z,2026-06-02T10:16:00Z,4,hub,2026-09-17T00:49:00Z,2026-09-17T00:49:00Z,true
southern:SWS00524:1780928284000,southern:SWS00524,southern,2026-06-08T14:18:04Z,2026-06-08T21:36:44Z,439,hub,2026-09-17T00:49:00Z,2026-09-17T00:49:00Z,true
southern:SWS00541:1780368926000,southern:SWS00541,southern,2026-06-02T02:55:26Z,2026-06-02T04:59:42Z,124,hub,2026-09-17T00:49:00Z,2026-09-17T00:49:00Z,true
southern:SWS00545:1782186930000,southern:SWS00545,southern,2026-06-23T03:55:30Z,2026-06-23T05:12:33Z,77,hub,2026-09-17T00:49:00Z,2026-09-17T00:49:00Z,true
southern:SWS00552:1781683410000,southern:SWS00552,southern,2026-06-17T08:03:30Z,2026-06-17T08:28:36Z,25,hub,2026-09-17T00:49:00Z,2026-09-17T00:49:00Z,true
southern:SWS00559:1782331440000,southern:SWS00559,southern,2026-06-24T20:04:00Z,2026-06-24T23:57:00Z,233,hub,2026-09-17T00:49:00Z,2026-09-17T00:49:00Z,true
southern:SWS00568:1782202922000,southern:SWS00568,southern,2026-06-23T08:22:02Z,2026-06-23T08:50:05Z,28,hub,2026-09-17T00:49:00Z,2026-09-17T00:49:00Z,true
southern:SWS00573:1780365558000,southern:SWS00573,southern,2026-06-02T01:59:18Z,2026-06-02T03:00:39Z,61,hub,2026-09-17T00:49:00Z,2026-09-17T00:49:00Z,true
southern:SWS00585:1780407387000,southern:SWS00585,southern,2026-06-02T13:36:27Z,2026-06-03T09:31:16Z,1195,hub,2026-09-17T00:49:00Z,2026-09-17T00:49:00Z,true
southern:SWS00587:1782194474000,southern:SWS00587,southern,2026-06-23T06:01:14Z,2026-06-23T07:47:34Z,106,hub,2026-09-17T00:49:00Z,2026-09-17T00:49:00Z,true
southern:SWS00604:1780376220000,southern:SWS00604,southern,2026-06-02T04:57:00Z,2026-06-02T06:17:00Z,80,hub,2026-09-17T00:49:00Z,2026-09-17T00:49:00Z,true
southern:SWS00614:1782291600000,southern:SWS00614,southern,2026-06-24T09:00:00Z,2026-06-24T09:18:00Z,18,hub,2026-09-17T00:49:00Z,2026-09-17T00:49:00Z,true
southern:SWS00618:1782191607000,southern:SWS00618,southern,2026-06-23T05:13:27Z,2026-06-23T05:53:00Z,40,hub,2026-09-17T00:49:00Z,2026-09-17T00:49:00Z,true
southern:SWS00621:1780369235000,southern:SWS00621,southern,2026-06-02T03:00:35Z,2026-06-02T03:49:41Z,49,hub,2026-09-17T00:49:00Z,2026-09-17T00:49:00Z,true
southern:SWS00627:1782184920000,southern:SWS00627,southern,2026-06-23T03:22:00Z,2026-06-23T04:22:00Z,60,hub,2026-09-17T00:49:00Z,2026-09-17T00:49:00Z,true
southern:SWS00631:1782183600000,southern:SWS00631,southern,2026-06-23T03:00:00Z,2026-06-23T03:24:00Z,24,hub,2026-09-17T00:49:00Z,2026-09-17T00:49:00Z,true
southern:SWS00634:1781607000000,southern:SWS00634,southern,2026-06-16T10:50:00Z,2026-06-16T10:52:00Z,2,hub,2026-09-17T00:49:00Z,2026-09-17T00:49:00Z,true
southern:SWS00641:1780421880000,southern:SWS00641,southern,2026-06-02T17:38:00Z,2026-06-02T18:08:00Z,30,hub,2026-09-17T00:49:00Z,2026-09-17T00:49:00Z,true
southern:SWS00658:1780915579000,southern:SWS00658,southern,2026-06-08T10:46:19Z,2026-06-09T03:40:13Z,1014,hub,2026-09-17T00:49:00Z,2026-09-17T00:49:00Z,true
southern:SWS00666:1782529006000,southern:SWS00666,southern,2026-06-27T02:56:46Z,2026-06-27T03:45:00Z,48,hub,2026-09-17T00:49:00Z,2026-09-17T00:49:00Z,true
southern:SWS00681:1780388996000,southern:SWS00681,southern,2026-06-02T08:29:56Z,2026-06-02T09:07:00Z,37,hub,2026-09-17T00:49:00Z,2026-09-17T00:49:00Z,true
southern:SWS00687:1780408763000,southern:SWS00687,southern,2026-06-02T13:59:23Z,2026-06-02T14:05:17Z,6,hub,2026-09-17T00:49:00Z,2026-09-17T00:49:00Z,true
southern:SWS00691:1780367940000,southern:SWS00691,southern,2026-06-02T02:39:00Z,2026-06-02T04:19:00Z,100,hub,2026-09-17T00:49:00Z,2026-09-17T00:49:00Z,true
southern:SWS00702:1780366965000,southern:SWS00702,southern,2026-06-02T02:22:45Z,2026-06-02T04:18:26Z,116,hub,2026-09-17T00:49:00Z,2026-09-17T00:49:00Z,true
southern:SWS00712:1782183720000,southern:SWS00712,southern,2026-06-23T03:02:00Z,2026-06-23T03:04:00Z,2,hub,2026-09-17T00:49:00Z,2026-09-17T00:49:00Z,true
southern:SWS00716:1780376979000,southern:SWS00716,southern,2026-06-02T05:09:39Z,2026-06-02T22:21:06Z,1031,hub,2026-09-17T00:49:00Z,2026-09-17T00:49:00Z,true
southern:SWS00731:1780369411000,southern:SWS00731,southern,2026-06-02T03:03:31Z,2026-06-02T04:10:22Z,67,hub,2026-09-17T00:49:00Z,2026-09-17T00:49:00Z,true
southern:SWS00733:1780368108000,southern:SWS00733,southern,2026-06-02T02:41:48Z,2026-06-02T04:20:13Z,98,hub,2026-09-17T00:49:00Z,2026-09-17T00:49:00Z,true
southern:SWS00736:1782189600000,southern:SWS00736,southern,2026-06-23T04:40:00Z,2026-06-23T04:48:00Z,8,hub,2026-09-17T00:49:00Z,2026-09-17T00:49:00Z,true
southern:SWS00739:1782527280000,southern:SWS00739,southern,2026-06-27T02:28:00Z,2026-06-27T02:32:00Z,4,hub,2026-09-17T00:49:00Z,2026-09-17T00:49:00Z,true
southern:SWS00743:1782183919000,southern:SWS00743,southern,2026-06-23T03:05:19Z,2026-06-23T03:31:13Z,26,hub,2026-09-17T00:49:00Z,2026-09-17T00:49:00Z,true
southern:SWS00744:1782182498000,southern:SWS00744,southern,2026-06-23T02:41:38Z,2026-06-23T05:27:39Z,166,hub,2026-09-17T00:49:00Z,2026-09-17T00:49:00Z,true
southern:SWS00747:1780416781000,southern:SWS00747,southern,2026-06-02T16:13:01Z,2026-06-02T16:38:09Z,25,hub,2026-09-17T00:49:00Z,2026-09-17T00:49:00Z,true
southern:SWS00768:1780366110000,southern:SWS00768,southern,2026-06-02T02:08:30Z,2026-06-02T02:36:09Z,28,hub,2026-09-17T00:49:00Z,2026-09-17T00:49:00Z,true
southern:SWS00776:1782184920000,southern:SWS00776,southern,2026-06-23T03:22:00Z,2026-06-23T03:28:00Z,6,hub,2026-09-17T00:49:00Z,2026-09-17T00:49:00Z,true
southern:SWS00794:1780367040000,southern:SWS00794,southern,2026-06-02T02:24:00Z,2026-06-02T02:28:00Z,4,hub,2026-09-17T11:32:49Z,2026-09-17T11:32:49Z,true
southern:SWS00807:1780408723000,southern:SWS00807,southern,2026-06-02T13:58:43Z,2026-06-02T14:17:35Z,19,hub,2026-09-17T00:49:00Z,2026-09-17T00:49:00Z,true
southern:SWS00808:1782189993000,southern:SWS00808,southern,2026-06-23T04:46:33Z,2026-06-23T04:53:46Z,7,hub,2026-09-17T00:49:00Z,2026-09-17T00:49:00Z,true
southern:SWS00817:1782184198000,southern:SWS00817,southern,2026-06-23T03:09:58Z,2026-06-23T03:32:25Z,22,hub,2026-09-17T00:49:00Z,2026-09-17T00:49:00Z,true
southern:SWS00826:1780368360000,southern:SWS00826,southern,2026-06-02T02:46:00Z,2026-06-02T03:16:00Z,30,hub,2026-09-17T00:49:00Z,2026-09-17T00:49:00Z,true
southern:SWS00838:1780737277000,southern:SWS00838,southern,2026-06-06T09:14:37Z,2026-06-06T09:37:03Z,22,hub,2026-09-17T00:49:00Z,2026-09-17T00:49:00Z,true
southern:SWS00839:1780519560000,southern:SWS00839,southern,2026-06-03T20:46:00Z,2026-06-03T20:50:00Z,4,hub,2026-09-17T00:49:00Z,2026-09-17T00:49:00Z,true
southern:SWS00841:1782184897000,southern:SWS00841,southern,2026-06-23T03:21:37Z,2026-06-23T03:52:55Z,31,hub,2026-09-17T00:49:00Z,2026-09-17T00:49:00Z,true
southern:SWS00857:1780369785000,southern:SWS00857,southern,2026-06-02T03:09:45Z,2026-06-02T03:12:09Z,2,hub,2026-09-17T00:49:00Z,2026-09-17T00:49:00Z,true
southern:SWS00871:1780373235000,southern:SWS00871,southern,2026-06-02T04:07:15Z,2026-06-02T07:41:12Z,214,hub,2026-09-17T00:49:00Z,2026-09-17T00:49:00Z,true
southern:SWS00882:1780734780000,southern:SWS00882,southern,2026-06-06T08:33:00Z,2026-06-06T08:50:00Z,17,hub,2026-09-17T00:49:00Z,2026-09-17T00:49:00Z,true
southern:SWS00884:1780905480000,southern:SWS00884,southern,2026-06-08T07:58:00Z,2026-06-08T08:14:00Z,16,hub,2026-09-17T00:49:00Z,2026-09-17T00:49:00Z,true
southern:SWS00890:1780376358000,southern:SWS00890,southern,2026-06-02T04:59:18Z,2026-06-02T05:23:04Z,24,hub,2026-09-17T00:49:00Z,2026-09-17T00:49:00Z,true
southern:SWS00891:1780421358000,southern:SWS00891,southern,2026-06-02T17:29:18Z,2026-06-02T18:16:14Z,47,hub,2026-09-17T00:49:00Z,2026-09-17T00:49:00Z,true
southern:SWS00897:1780401877000,southern:SWS00897,southern,2026-06-02T12:04:37Z,2026-06-02T12:23:29Z,19,hub,2026-09-17T00:49:00Z,2026-09-17T00:49:00Z,true
southern:SWS00899:1782185040000,southern:SWS00899,southern,2026-06-23T03:24:00Z,2026-06-23T03:37:00Z,13,hub,2026-09-17T00:49:00Z,2026-09-17T00:49:00Z,true
southern:SWS00901:1780410716000,southern:SWS00901,southern,2026-06-02T14:31:56Z,2026-06-03T00:26:40Z,595,hub,2026-09-17T00:49:00Z,2026-09-17T00:49:00Z,true
southern:SWS00915:1780926846000,southern:SWS00915,southern,2026-06-08T13:54:06Z,2026-06-08T16:17:53Z,144,hub,2026-09-17T00:49:00Z,2026-09-17T00:49:00Z,true
southern:SWS00926:1780407434000,southern:SWS00926,southern,2026-06-02T13:37:14Z,2026-06-02T16:19:45Z,163,hub,2026-09-17T00:49:00Z,2026-09-17T00:49:00Z,true
southern:SWS00930:1781110876000,southern:SWS00930,southern,2026-06-10T17:01:16Z,2026-06-10T17:38:22Z,37,hub,2026-09-17T00:49:00Z,2026-09-17T00:49:00Z,true
southern:SWS00943:1780407720000,southern:SWS00943,southern,2026-06-02T13:42:00Z,2026-06-02T14:00:00Z,18,hub,2026-09-17T00:49:00Z,2026-09-17T00:49:00Z,true
southern:SWS00944:1780377203000,southern:SWS00944,southern,2026-06-02T05:13:23Z,2026-06-02T23:18:22Z,1085,hub,2026-09-17T00:49:00Z,2026-09-17T00:49:00Z,true
southern:SWS00945:1780372154000,southern:SWS00945,southern,2026-06-02T03:49:14Z,2026-06-02T03:54:11Z,5,hub,2026-09-17T00:49:00Z,2026-09-17T00:49:00Z,true
southern:SWS00946:1780367796000,southern:SWS00946,southern,2026-06-02T02:36:36Z,2026-06-02T04:17:12Z,101,hub,2026-09-17T00:49:00Z,2026-09-17T00:49:00Z,true
southern:SWS00969:1780411948000,southern:SWS00969,southern,2026-06-02T14:52:28Z,2026-06-02T14:55:59Z,4,hub,2026-09-17T00:49:00Z,2026-09-17T00:49:00Z,true
southern:SWS90040:1780417858000,southern:SWS90040,southern,2026-06-02T16:30:58Z,2026-06-02T16:45:00Z,14,hub,2026-09-17T00:49:00Z,2026-09-17T00:49:00Z,true
southern:SWS90042:1780417472000,southern:SWS90042,southern,2026-06-02T16:24:32Z,2026-06-02T16:40:17Z,16,hub,2026-09-17T00:49:00Z,2026-09-17T00:49:00Z,true
southern:SWS90049:1780368474000,southern:SWS90049,southern,2026-06-02T02:47:54Z,2026-06-02T03:37:00Z,49,hub,2026-09-17T00:49:00Z,2026-09-17T00:49:00Z,true
southern:SWS90061:1780407098000,southern:SWS90061,southern,2026-06-02T13:31:38Z,2026-06-02T14:34:03Z,62,hub,2026-09-17T00:49:00Z,2026-09-17T00:49:00Z,true
southern:SWS90077:1780370039000,southern:SWS90077,southern,2026-06-02T03:13:59Z,2026-06-02T04:21:35Z,68,hub,2026-09-17T00:49:00Z,2026-09-17T00:49:00Z,true
southern:SWS90099:1780369401000,southern:SWS90099,southern,2026-06-02T03:03:21Z,2026-06-02T04:28:08Z,85,hub,2026-09-17T00:49:00Z,2026-09-17T00:49:00Z,true
thames:TWL00005:1782204720000,thames:TWL00005,thames,2026-06-23T08:52:00Z,2026-06-23T09:04:00Z,12,hub,2026-09-17T00:49:00Z,2026-09-17T00:49:00Z,true
thames:TWL00007:1780384500000,thames:TWL00007,thames,2026-06-02T07:15:00Z,2026-06-02T08:00:00Z,45,hub,2026-09-17T00:49:00Z,2026-09-17T00:49:00Z,true
thames:TWL00019:1782185880000,thames:TWL00019,thames,2026-06-23T03:38:00Z,2026-06-23T10:28:00Z,410,hub,2026-09-17T00:49:00Z,2026-09-17T00:49:00Z,true
thames:TWL00029:1780391400000,thames:TWL00029,thames,2026-06-02T09:10:00Z,2026-06-02T09:42:00Z,32,hub,2026-09-17T00:49:00Z,2026-09-17T00:49:00Z,true
thames:TWL00030:1780425000000,thames:TWL00030,thames,2026-06-02T18:30:00Z,2026-06-02T19:00:00Z,30,hub,2026-09-17T00:49:00Z,2026-09-17T00:49:00Z,true
thames:TWL00031:1780381800000,thames:TWL00031,thames,2026-06-02T06:30:00Z,2026-06-02T07:15:00Z,45,hub,2026-09-17T00:49:00Z,2026-09-17T00:49:00Z,true
thames:TWL00032:1782289200000,thames:TWL00032,thames,2026-06-24T08:20:00Z,2026-06-24T08:32:00Z,12,hub,2026-09-17T00:49:00Z,2026-09-17T00:49:00Z,true
thames:TWL00033:1782184800000,thames:TWL00033,thames,2026-06-23T03:20:00Z,2026-06-23T03:38:00Z,18,hub,2026-09-17T00:49:00Z,2026-09-17T00:49:00Z,true
thames:TWL00050:1781316900000,thames:TWL00050,thames,2026-06-13T02:15:00Z,2026-06-13T03:00:00Z,45,hub,2026-09-17T00:49:00Z,2026-09-17T00:49:00Z,true
thames:TWL00051:1780488000000,thames:TWL00051,thames,2026-06-03T12:00:00Z,2026-06-03T14:15:00Z,135,hub,2026-09-17T00:49:00Z,2026-09-17T00:49:00Z,true
thames:TWL00053:1782181800000,thames:TWL00053,thames,2026-06-23T02:30:00Z,2026-06-23T05:30:00Z,180,hub,2026-09-17T00:49:00Z,2026-09-17T00:49:00Z,true
thames:TWL00059:1782180000000,thames:TWL00059,thames,2026-06-23T02:00:00Z,2026-06-23T03:30:00Z,90,hub,2026-09-17T00:49:00Z,2026-09-17T00:49:00Z,true
thames:TWL00065:1780949700000,thames:TWL00065,thames,2026-06-08T20:15:00Z,2026-06-09T09:45:00Z,810,hub,2026-09-17T00:49:00Z,2026-09-17T00:49:00Z,true
thames:TWL00073:1782187200000,thames:TWL00073,thames,2026-06-23T04:00:00Z,2026-06-23T04:45:00Z,45,hub,2026-09-17T00:49:00Z,2026-09-17T00:49:00Z,true
thames:TWL00074:1780531200000,thames:TWL00074,thames,2026-06-04T00:00:00Z,2026-06-04T00:30:00Z,30,hub,2026-09-17T00:49:00Z,2026-09-17T00:49:00Z,true
thames:TWL00084:1782807120000,thames:TWL00084,thames,2026-06-30T08:12:00Z,2026-06-30T08:16:00Z,4,hub,2026-09-17T13:51:58Z,2026-09-17T13:51:58Z,true
thames:TWL00096:1780419600000,thames:TWL00096,thames,2026-06-02T17:00:00Z,2026-06-03T03:00:00Z,600,hub,2026-09-17T00:49:00Z,2026-09-17T00:49:00Z,true
thames:TWL00099:1782180000000,thames:TWL00099,thames,2026-06-23T02:00:00Z,2026-06-23T03:00:00Z,60,hub,2026-09-17T00:49:00Z,2026-09-17T00:49:00Z,true
thames:TWL00100:1782184080000,thames:TWL00100,thames,2026-06-23T03:08:00Z,2026-06-23T03:54:00Z,46,hub,2026-09-17T00:49:00Z,2026-09-17T00:49:00Z,true
thames:TWL00101:1780373880000,thames:TWL00101,thames,2026-06-02T04:18:00Z,2026-06-02T04:48:00Z,30,hub,2026-09-17T00:49:00Z,2026-09-17T00:49:00Z,true
thames:TWL00102:1782154800000,thames:TWL00102,thames,2026-06-22T19:00:00Z,2026-06-22T19:30:00Z,30,hub,2026-09-17T00:49:00Z,2026-09-17T00:49:00Z,true
thames:TWL00106:1780381800000,thames:TWL00106,thames,2026-06-02T06:30:00Z,2026-06-02T07:00:00Z,30,hub,2026-09-17T00:49:00Z,2026-09-17T00:49:00Z,true
thames:TWL00126:1782180900000,thames:TWL00126,thames,2026-06-23T02:15:00Z,2026-06-23T04:30:00Z,135,hub,2026-09-17T00:49:00Z,2026-09-17T00:49:00Z,true
thames:TWL00127:1782186300000,thames:TWL00127,thames,2026-06-23T03:45:00Z,2026-06-23T04:30:00Z,45,hub,2026-09-17T00:49:00Z,2026-09-17T00:49:00Z,true
thames:TWL00132:1780420500000,thames:TWL00132,thames,2026-06-02T17:15:00Z,2026-06-02T17:45:00Z,30,hub,2026-09-17T00:49:00Z,2026-09-17T00:49:00Z,true
thames:TWL00133:1782186300000,thames:TWL00133,thames,2026-06-23T03:45:00Z,2026-06-23T04:15:00Z,30,hub,2026-09-17T00:49:00Z,2026-09-17T00:49:00Z,true
thames:TWL00134:1782184500000,thames:TWL00134,thames,2026-06-23T03:15:00Z,2026-06-23T04:30:00Z,75,hub,2026-09-17T00:49:00Z,2026-09-17T00:49:00Z,true
thames:TWL00138:1782184500000,thames:TWL00138,thames,2026-06-23T03:15:00Z,2026-06-23T04:15:00Z,60,hub,2026-09-17T00:49:00Z,2026-09-17T00:49:00Z,true
thames:TWL00139:1782184500000,thames:TWL00139,thames,2026-06-23T03:15:00Z,2026-06-23T04:00:00Z,45,hub,2026-09-22T08:20:26Z,2026-09-22T08:20:26Z,true
thames:TWL00140:1782184920000,thames:TWL00140,thames,2026-06-23T03:22:00Z,2026-06-23T04:18:00Z,56,hub,2026-09-17T00:49:00Z,2026-09-17T00:49:00Z,true
thames:TWL00142:1782184920000,thames:TWL00142,thames,2026-06-23T03:22:00Z,2026-06-23T04:06:00Z,44,hub,2026-09-17T00:49:00Z,2026-09-17T00:49:00Z,true
thames:TWL00145:1782180900000,thames:TWL00145,thames,2026-06-23T02:15:00Z,2026-06-23T05:15:00Z,180,hub,2026-09-17T00:49:00Z,2026-09-17T00:49:00Z,true
thames:TWL00149:1780386300000,thames:TWL00149,thames,2026-06-02T07:45:00Z,2026-06-02T08:45:00Z,60,hub,2026-09-17T00:49:00Z,2026-09-17T00:49:00Z,true
thames:TWL00152:1782191880000,thames:TWL00152,thames,2026-06-23T05:18:00Z,2026-06-23T10:34:00Z,316,hub,2026-09-17T00:49:00Z,2026-09-17T00:49:00Z,true
thames:TWL00153:1782186840000,thames:TWL00153,thames,2026-06-23T03:54:00Z,2026-06-23T04:18:00Z,24,hub,2026-09-17T00:49:00Z,2026-09-17T00:49:00Z,true
thames:TWL00156:1781599500000,thames:TWL00156,thames,2026-06-16T08:45:00Z,2026-06-16T13:15:00Z,270,hub,2026-09-17T00:49:00Z,2026-09-17T00:49:00Z,true
thames:TWL00158:1780475400000,thames:TWL00158,thames,2026-06-03T08:30:00Z,2026-06-04T21:00:00Z,2190,hub,2026-09-17T00:49:00Z,2026-09-17T00:49:00Z,true
thames:TWL00163:1782186000000,thames:TWL00163,thames,2026-06-23T03:40:00Z,2026-06-23T05:36:00Z,116,hub,2026-09-17T00:49:00Z,2026-09-17T00:49:00Z,true
thames:TWL00169:1780426800000,thames:TWL00169,thames,2026-06-02T19:00:00Z,2026-06-02T21:00:00Z,120,hub,2026-09-17T00:49:00Z,2026-09-17T00:49:00Z,true
thames:TWL00171:1782329400000,thames:TWL00171,thames,2026-06-24T19:30:00Z,2026-06-24T20:00:00Z,30,hub,2026-09-17T00:49:00Z,2026-09-17T00:49:00Z,true
thames:TWL00182:1780380900000,thames:TWL00182,thames,2026-06-02T06:15:00Z,2026-06-02T09:15:00Z,180,hub,2026-09-17T00:49:00Z,2026-09-17T00:49:00Z,true
thames:TWL00192:1782188400000,thames:TWL00192,thames,2026-06-23T04:20:00Z,2026-06-23T06:28:00Z,128,hub,2026-09-17T00:49:00Z,2026-09-17T00:49:00Z,true
thames:TWL00195:1782188100000,thames:TWL00195,thames,2026-06-23T04:15:00Z,2026-06-23T09:00:00Z,285,hub,2026-09-17T00:49:00Z,2026-09-17T00:49:00Z,true
thames:TWL00196:1782269100000,thames:TWL00196,thames,2026-06-24T02:45:00Z,2026-06-24T03:45:00Z,60,hub,2026-09-17T00:49:00Z,2026-09-17T00:49:00Z,true
thames:TWL00197:1780381800000,thames:TWL00197,thames,2026-06-02T06:30:00Z,2026-06-02T09:15:00Z,165,hub,2026-09-17T00:49:00Z,2026-09-17T00:49:00Z,true
thames:TWL00200:1782183840000,thames:TWL00200,thames,2026-06-23T03:04:00Z,2026-06-23T03:22:00Z,18,hub,2026-09-17T00:49:00Z,2026-09-17T00:49:00Z,true
thames:TWL00210:1782379080000,thames:TWL00210,thames,2026-06-25T09:18:00Z,2026-06-25T09:24:00Z,6,hub,2026-09-17T00:49:00Z,2026-09-17T00:49:00Z,true
thames:TWL00225:1782181800000,thames:TWL00225,thames,2026-06-23T02:30:00Z,2026-06-23T03:30:00Z,60,hub,2026-09-17T00:49:00Z,2026-09-17T00:49:00Z,true
thames:TWL00226:1782151200000,thames:TWL00226,thames,2026-06-22T18:00:00Z,2026-06-22T18:45:00Z,45,hub,2026-09-17T00:49:00Z,2026-09-17T00:49:00Z,true
thames:TWL00229:1780420500000,thames:TWL00229,thames,2026-06-02T17:15:00Z,2026-06-02T20:30:00Z,195,hub,2026-09-17T00:49:00Z,2026-09-17T00:49:00Z,true
thames:TWL00230:1782186000000,thames:TWL00230,thames,2026-06-23T03:40:00Z,2026-06-23T04:48:00Z,68,hub,2026-09-17T00:49:00Z,2026-09-17T00:49:00Z,true
thames:TWL00243:1782187080000,thames:TWL00243,thames,2026-06-23T03:58:00Z,2026-06-23T04:18:00Z,20,hub,2026-09-17T00:49:00Z,2026-09-17T00:49:00Z,true
thames:TWL00254:1782184920000,thames:TWL00254,thames,2026-06-23T03:22:00Z,2026-06-23T04:40:00Z,78,hub,2026-09-17T00:49:00Z,2026-09-17T00:49:00Z,true
thames:TWL00257:1780382700000,thames:TWL00257,thames,2026-06-02T06:45:00Z,2026-06-02T08:45:00Z,120,hub,2026-09-17T00:49:00Z,2026-09-17T00:49:00Z,true
thames:TWL00259:1781607240000,thames:TWL00259,thames,2026-06-16T10:54:00Z,2026-06-16T10:58:00Z,4,hub,2026-09-17T00:49:00Z,2026-09-17T00:49:00Z,true
thames:TWL00263:1781452800000,thames:TWL00263,thames,2026-06-14T16:00:00Z,2026-06-14T18:30:00Z,150,hub,2026-09-17T00:49:00Z,2026-09-17T00:49:00Z,true
thames:TWL00267:1782187200000,thames:TWL00267,thames,2026-06-23T04:00:00Z,2026-06-23T05:15:00Z,75,hub,2026-09-17T00:49:00Z,2026-09-17T00:49:00Z,true
thames:TWL00274:1782184200000,thames:TWL00274,thames,2026-06-23T03:10:00Z,2026-06-23T04:06:00Z,56,hub,2026-09-17T00:49:00Z,2026-09-17T00:49:00Z,true
thames:TWL00277:1782204000000,thames:TWL00277,thames,2026-06-23T08:40:00Z,2026-06-23T11:42:00Z,182,hub,2026-09-17T00:49:00Z,2026-09-17T00:49:00Z,true
thames:TWL00280:1782184320000,thames:TWL00280,thames,2026-06-23T03:12:00Z,2026-06-23T03:46:00Z,34,hub,2026-09-17T00:49:00Z,2026-09-17T00:49:00Z,true
thames:TWL00288:1780379100000,thames:TWL00288,thames,2026-06-02T05:45:00Z,2026-06-02T06:30:00Z,45,hub,2026-09-17T00:49:00Z,2026-09-17T00:49:00Z,true
thames:TWL00290:1780422300000,thames:TWL00290,thames,2026-06-02T17:45:00Z,2026-06-03T01:45:00Z,480,hub,2026-09-17T00:49:00Z,2026-09-17T00:49:00Z,true
thames:TWL00291:1782189000000,thames:TWL00291,thames,2026-06-23T04:30:00Z,2026-06-23T05:00:00Z,30,hub,2026-09-17T00:49:00Z,2026-09-17T00:49:00Z,true
thames:TWL00296:1780386300000,thames:TWL00296,thames,2026-06-02T07:45:00Z,2026-06-02T08:30:00Z,45,hub,2026-09-17T00:49:00Z,2026-09-17T00:49:00Z,true
thames:TWL00304:1782193680000,thames:TWL00304,thames,2026-06-23T05:48:00Z,2026-06-23T16:12:00Z,624,hub,2026-09-17T00:49:00Z,2026-09-17T00:49:00Z,true
thames:TWL00311:1782186720000,thames:TWL00311,thames,2026-06-23T03:52:00Z,2026-06-23T03:56:00Z,4,hub,2026-09-17T00:49:00Z,2026-09-17T00:49:00Z,true
thames:TWL00313:1780382700000,thames:TWL00313,thames,2026-06-02T06:45:00Z,2026-06-02T12:15:00Z,330,hub,2026-09-17T00:49:00Z,2026-09-17T00:49:00Z,true
thames:TWL00314:1780417800000,thames:TWL00314,thames,2026-06-02T16:30:00Z,2026-06-02T17:15:00Z,45,hub,2026-09-17T00:49:00Z,2026-09-17T00:49:00Z,true
thames:TWL00315:1782185040000,thames:TWL00315,thames,2026-06-23T03:24:00Z,2026-06-23T05:20:00Z,116,hub,2026-09-17T00:49:00Z,2026-09-17T00:49:00Z,true
thames:TWL00316:1782181800000,thames:TWL00316,thames,2026-06-23T02:30:00Z,2026-06-23T04:30:00Z,120,hub,2026-09-17T00:49:00Z,2026-09-17T00:49:00Z,true
thames:TWL00317:1782184560000,thames:TWL00317,thames,2026-06-23T03:16:00Z,2026-06-23T04:04:00Z,48,hub,2026-09-17T00:49:00Z,2026-09-17T00:49:00Z,true
thames:TWL00320:1782181800000,thames:TWL00320,thames,2026-06-23T02:30:00Z,2026-06-23T04:00:00Z,90,hub,2026-09-17T00:49:00Z,2026-09-17T00:49:00Z,true
thames:TWL00321:1782181800000,thames:TWL00321,thames,2026-06-23T02:30:00Z,2026-06-23T04:15:00Z,105,hub,2026-09-17T00:49:00Z,2026-09-17T00:49:00Z,true
thames:TWL00323:1780385400000,thames:TWL00323,thames,2026-06-02T07:30:00Z,2026-06-03T00:30:00Z,1020,hub,2026-09-17T00:49:00Z,2026-09-17T00:49:00Z,true
thames:TWL00328:1780858800000,thames:TWL00328,thames,2026-06-07T19:00:00Z,2026-06-07T20:00:00Z,60,hub,2026-09-17T00:49:00Z,2026-09-17T00:49:00Z,true
thames:TWL00330:1782182700000,thames:TWL00330,thames,2026-06-23T02:45:00Z,2026-06-23T05:00:00Z,135,hub,2026-09-17T00:49:00Z,2026-09-17T00:49:00Z,true
thames:TWL00332:1782182700000,thames:TWL00332,thames,2026-06-23T02:45:00Z,2026-06-23T03:15:00Z,30,hub,2026-09-17T00:49:00Z,2026-09-17T00:49:00Z,true
thames:TWL00334:1782184500000,thames:TWL00334,thames,2026-06-23T03:15:00Z,2026-06-23T05:45:00Z,150,hub,2026-09-17T00:49:00Z,2026-09-17T00:49:00Z,true
thames:TWL00339:1782183840000,thames:TWL00339,thames,2026-06-23T03:04:00Z,2026-06-23T03:38:00Z,34,hub,2026-09-17T00:49:00Z,2026-09-17T00:49:00Z,true
thames:TWL00348:1780405200000,thames:TWL00348,thames,2026-06-02T13:00:00Z,2026-06-03T00:15:00Z,675,hub,2026-09-17T00:49:00Z,2026-09-17T00:49:00Z,true
thames:TWL00350:1782198000000,thames:TWL00350,thames,2026-06-23T07:00:00Z,2026-06-23T08:30:00Z,90,hub,2026-09-17T00:49:00Z,2026-09-17T00:49:00Z,true
thames:TWL00352:1782184500000,thames:TWL00352,thames,2026-06-23T03:15:00Z,2026-06-23T03:45:00Z,30,hub,2026-09-17T00:49:00Z,2026-09-17T00:49:00Z,true
thames:TWL00353:1782183720000,thames:TWL00353,thames,2026-06-23T03:02:00Z,2026-06-23T03:40:00Z,38,hub,2026-09-17T00:49:00Z,2026-09-17T00:49:00Z,true
thames:TWL00362:1780517700000,thames:TWL00362,thames,2026-06-03T20:15:00Z,2026-06-05T08:00:00Z,2145,hub,2026-09-17T00:49:00Z,2026-09-17T00:49:00Z,true
thames:TWL00363:1780503300000,thames:TWL00363,thames,2026-06-03T16:15:00Z,2026-06-03T23:45:00Z,450,hub,2026-09-17T00:49:00Z,2026-09-17T00:49:00Z,true
thames:TWL00364:1782185640000,thames:TWL00364,thames,2026-06-23T03:34:00Z,2026-06-23T06:02:00Z,148,hub,2026-09-17T00:49:00Z,2026-09-17T00:49:00Z,true
thames:TWL00367:1780421400000,thames:TWL00367,thames,2026-06-02T17:30:00Z,2026-06-02T18:15:00Z,45,hub,2026-09-17T00:49:00Z,2026-09-17T00:49:00Z,true
thames:TWL00372:1782183960000,thames:TWL00372,thames,2026-06-23T03:06:00Z,2026-06-23T04:22:00Z,76,hub,2026-09-17T00:49:00Z,2026-09-17T00:49:00Z,true
thames:TWL00376:1782186720000,thames:TWL00376,thames,2026-06-23T03:52:00Z,2026-06-23T03:58:00Z,6,hub,2026-09-17T00:49:00Z,2026-09-17T00:49:00Z,true
thames:TWL00379:1782185400000,thames:TWL00379,thames,2026-06-23T03:30:00Z,2026-06-23T06:00:00Z,150,hub,2026-09-17T00:49:00Z,2026-09-17T00:49:00Z,true
thames:TWL00383:1782181800000,thames:TWL00383,thames,2026-06-23T02:30:00Z,2026-06-23T03:45:00Z,75,hub,2026-09-17T00:49:00Z,2026-09-17T00:49:00Z,true
thames:TWL00384:1782183840000,thames:TWL00384,thames,2026-06-23T03:04:00Z,2026-06-23T04:08:00Z,64,hub,2026-09-17T00:49:00Z,2026-09-17T00:49:00Z,true
thames:TWL00386:1780866000000,thames:TWL00386,thames,2026-06-07T21:00:00Z,2026-06-07T21:30:00Z,30,hub,2026-09-17T00:49:00Z,2026-09-17T00:49:00Z,true
thames:TWL00400:1782219120000,thames:TWL00400,thames,2026-06-23T12:52:00Z,2026-06-23T13:42:00Z,50,hub,2026-09-17T00:49:00Z,2026-09-17T00:49:00Z,true
thames:TWL00407:1782185520000,thames:TWL00407,thames,2026-06-23T03:32:00Z,2026-06-23T03:58:00Z,26,hub,2026-09-17T00:49:00Z,2026-09-17T00:49:00Z,true
thames:TWL00409:1780507800000,thames:TWL00409,thames,2026-06-03T17:30:00Z,2026-06-03T22:45:00Z,315,hub,2026-09-17T00:49:00Z,2026-09-17T00:49:00Z,true
thames:TWL00410:1782182700000,thames:TWL00410,thames,2026-06-23T02:45:00Z,2026-06-23T03:15:00Z,30,hub,2026-09-17T00:49:00Z,2026-09-17T00:49:00Z,true
thames:TWL00414:1780380000000,thames:TWL00414,thames,2026-06-02T06:00:00Z,2026-06-02T15:00:00Z,540,hub,2026-09-17T00:49:00Z,2026-09-17T00:49:00Z,true
thames:TWL00417:1780389120000,thames:TWL00417,thames,2026-06-02T08:32:00Z,2026-06-02T08:56:00Z,24,hub,2026-09-17T00:49:00Z,2026-09-17T00:49:00Z,true
thames:TWL00421:1782200880000,thames:TWL00421,thames,2026-06-23T07:48:00Z,2026-06-23T07:52:00Z,4,hub,2026-09-17T00:49:00Z,2026-09-17T00:49:00Z,true
thames:TWL00423:1782186120000,thames:TWL00423,thames,2026-06-23T03:42:00Z,2026-06-23T04:40:00Z,58,hub,2026-09-17T00:49:00Z,2026-09-17T00:49:00Z,true
thames:TWL00424:1782198360000,thames:TWL00424,thames,2026-06-23T07:06:00Z,2026-06-23T11:40:00Z,274,hub,2026-09-17T00:49:00Z,2026-09-17T00:49:00Z,true
thames:TWL00443:1780415100000,thames:TWL00443,thames,2026-06-02T15:45:00Z,2026-06-02T23:00:00Z,435,hub,2026-09-17T00:49:00Z,2026-09-17T00:49:00Z,true
thames:TWL00458:1780408800000,thames:TWL00458,thames,2026-06-02T14:00:00Z,2026-06-02T22:30:00Z,510,hub,2026-09-17T00:49:00Z,2026-09-17T00:49:00Z,true
thames:TWL00460:1782184920000,thames:TWL00460,thames,2026-06-23T03:22:00Z,2026-06-23T05:00:00Z,98,hub,2026-09-17T00:49:00Z,2026-09-17T00:49:00Z,true
thames:TWL00463:1782180000000,thames:TWL00463,thames,2026-06-23T02:00:00Z,2026-06-23T03:30:00Z,90,hub,2026-09-17T00:49:00Z,2026-09-17T00:49:00Z,true
thames:TWL00484:1782180900000,thames:TWL00484,thames,2026-06-23T02:15:00Z,2026-06-23T04:00:00Z,105,hub,2026-09-17T00:49:00Z,2026-09-17T00:49:00Z,true
thames:TWL00491:1782181800000,thames:TWL00491,thames,2026-06-23T02:30:00Z,2026-06-23T03:00:00Z,30,hub,2026-09-17T00:49:00Z,2026-09-17T00:49:00Z,true
thames:TWL00527:1782181800000,thames:TWL00527,thames,2026-06-23T02:30:00Z,2026-06-23T08:45:00Z,375,hub,2026-09-17T00:49:00Z,2026-09-17T00:49:00Z,true
thames:TWL00533:1782181560000,thames:TWL00533,thames,2026-06-23T02:26:00Z,2026-06-23T06:52:00Z,266,hub,2026-09-17T00:49:00Z,2026-09-17T00:49:00Z,true
thames:TWL00540:1782180900000,thames:TWL00540,thames,2026-06-23T02:15:00Z,2026-06-23T03:00:00Z,45,hub,2026-09-17T00:49:00Z,2026-09-17T00:49:00Z,true
thames:TWL00557:1782180840000,thames:TWL00557,thames,2026-06-23T02:14:00Z,2026-06-23T04:10:00Z,116,hub,2026-09-17T00:49:00Z,2026-09-17T00:49:00Z,true
thames:TWL00571:1782180720000,thames:TWL00571,thames,2026-06-23T02:12:00Z,2026-06-23T03:22:00Z,70,hub,2026-09-17T00:49:00Z,2026-09-17T00:49:00Z,true
thames:TWL00574:1782182040000,thames:TWL00574,thames,2026-06-23T02:34:00Z,2026-06-23T04:08:00Z,94,hub,2026-09-17T00:49:00Z,2026-09-17T00:49:00Z,true
thames:TWL00583:1782180360000,thames:TWL00583,thames,2026-06-23T02:06:00Z,2026-06-23T04:00:00Z,114,hub,2026-09-17T00:49:00Z,2026-09-17T00:49:00Z,true
thames:TWL00588:1782181800000,thames:TWL00588,thames,2026-06-23T02:30:00Z,2026-06-23T03:02:00Z,32,hub,2026-09-17T00:49:00Z,2026-09-17T00:49:00Z,true
thames:TWL00591:1782181800000,thames:TWL00591,thames,2026-06-23T02:30:00Z,2026-06-23T03:30:00Z,60,hub,2026-09-17T00:49:00Z,2026-09-17T00:49:00Z,true
thames:TWL00599:1780405440000,thames:TWL00599,thames,2026-06-02T13:04:00Z,2026-06-02T13:32:00Z,28,hub,2026-09-17T00:49:00Z,2026-09-17T00:49:00Z,true
thames:TWL00608:1782185400000,thames:TWL00608,thames,2026-06-23T03:30:00Z,2026-06-23T04:30:00Z,60,hub,2026-09-17T00:49:00Z,2026-09-17T00:49:00Z,true
thames:TWL00613:1782183360000,thames:TWL00613,thames,2026-06-23T02:56:00Z,2026-06-23T03:00:00Z,4,hub,2026-09-17T00:49:00Z,2026-09-17T00:49:00Z,true
thames:TWL00625:1782181680000,thames:TWL00625,thames,2026-06-23T02:28:00Z,2026-06-23T04:50:00Z,142,hub,2026-09-17T00:49:00Z,2026-09-17T00:49:00Z,true
thames:TWL00634:1782185160000,thames:TWL00634,thames,2026-06-23T03:26:00Z,2026-06-23T04:08:00Z,42,hub,2026-09-17T00:49:00Z,2026-09-17T00:49:00Z,true
thames:TWL00656:1782183120000,thames:TWL00656,thames,2026-06-23T02:52:00Z,2026-06-23T05:32:00Z,160,hub,2026-09-17T00:49:00Z,2026-09-17T00:49:00Z,true
thames:TWL00658:1782184920000,thames:TWL00658,thames,2026-06-23T03:22:00Z,2026-06-23T09:18:00Z,356,hub,2026-09-17T00:49:00Z,2026-09-17T00:49:00Z,true
thames:TWL00660:1782186360000,thames:TWL00660,thames,2026-06-23T03:46:00Z,2026-06-23T04:16:00Z,30,hub,2026-09-17T00:49:00Z,2026-09-17T00:49:00Z,true
thames:TWL00669:1782174120000,thames:TWL00669,thames,2026-06-23T00:22:00Z,2026-06-23T01:14:00Z,52,hub,2026-09-17T00:49:00Z,2026-09-17T00:49:00Z,true
thames:TWL00671:1780386720000,thames:TWL00671,thames,2026-06-02T07:52:00Z,2026-06-02T08:02:00Z,10,hub,2026-09-17T00:49:00Z,2026-09-17T00:49:00Z,true
thames:TWL00684:1782184560000,thames:TWL00684,thames,2026-06-23T03:16:00Z,2026-06-23T03:20:00Z,4,hub,2026-09-17T00:49:00Z,2026-09-17T00:49:00Z,true
thames:TWL00701:1782182280000,thames:TWL00701,thames,2026-06-23T02:38:00Z,2026-06-23T03:04:00Z,26,hub,2026-09-17T00:49:00Z,2026-09-17T00:49:00Z,true
thames:TWL00718:1782191040000,thames:TWL00718,thames,2026-06-23T05:04:00Z,2026-06-23T05:08:00Z,4,hub,2026-09-17T00:49:00Z,2026-09-17T00:49:00Z,true
thames:TWL00729:1782185400000,thames:TWL00729,thames,2026-06-23T03:30:00Z,2026-06-23T04:00:00Z,30,hub,2026-09-17T00:49:00Z,2026-09-17T00:49:00Z,true
thames:TWL00731:1782184500000,thames:TWL00731,thames,2026-06-23T03:15:00Z,2026-06-23T04:00:00Z,45,hub,2026-09-17T00:49:00Z,2026-09-17T00:49:00Z,true
thames:TWL00732:1782184500000,thames:TWL00732,thames,2026-06-23T03:15:00Z,2026-06-23T04:00:00Z,45,hub,2026-09-17T00:49:00Z,2026-09-17T00:49:00Z,true
thames:TWL00743:1780376160000,thames:TWL00743,thames,2026-06-02T04:56:00Z,2026-06-02T05:58:00Z,62,hub,2026-09-17T00:49:00Z,2026-09-17T00:49:00Z,true
thames:TWL00782:1782185280000,thames:TWL00782,thames,2026-06-23T03:28:00Z,2026-06-23T04:02:00Z,34,hub,2026-09-17T00:49:00Z,2026-09-17T00:49:00Z,true
thames:TWL00783:1782183960000,thames:TWL00783,thames,2026-06-23T03:06:00Z,2026-06-23T03:10:00Z,4,hub,2026-09-17T00:49:00Z,2026-09-17T00:49:00Z,true
thames:TWL00785:1780591800000,thames:TWL00785,thames,2026-06-04T16:50:00Z,2026-06-04T17:00:00Z,10,hub,2026-09-17T00:49:00Z,2026-09-17T00:49:00Z,true
thames:TWL00792:1782187200000,thames:TWL00792,thames,2026-06-23T04:00:00Z,2026-06-23T05:00:00Z,60,hub,2026-09-17T00:49:00Z,2026-09-17T00:49:00Z,true
thames:TWL00793:1782184080000,thames:TWL00793,thames,2026-06-23T03:08:00Z,2026-06-23T03:20:00Z,12,hub,2026-09-17T00:49:00Z,2026-09-17T00:49:00Z,true
thames:TWL00794:1782181560000,thames:TWL00794,thames,2026-06-23T02:26:00Z,2026-06-23T03:32:00Z,66,hub,2026-09-17T00:49:00Z,2026-09-17T00:49:00Z,true
thames:TWL00795:1782182880000,thames:TWL00795,thames,2026-06-23T02:48:00Z,2026-06-23T03:28:00Z,40,hub,2026-09-17T00:49:00Z,2026-09-17T00:49:00Z,true
thames:TWL00798:1782185880000,thames:TWL00798,thames,2026-06-23T03:38:00Z,2026-06-23T03:50:00Z,12,hub,2026-09-17T00:49:00Z,2026-09-17T00:49:00Z,true
thames:TWL00808:1782185400000,thames:TWL00808,thames,2026-06-23T03:30:00Z,2026-06-23T04:15:00Z,45,hub,2026-09-17T00:49:00Z,2026-09-17T00:49:00Z,true
thames:TWL00809:1782185160000,thames:TWL00809,thames,2026-06-23T03:26:00Z,2026-06-23T05:04:00Z,98,hub,2026-09-17T00:49:00Z,2026-09-17T00:49:00Z,true
thames:TWL00810:1782185880000,thames:TWL00810,thames,2026-06-23T03:38:00Z,2026-06-23T12:36:00Z,538,hub,2026-09-17T00:49:00Z,2026-09-17T00:49:00Z,true
united-utilities:UUP00016:1780356120000,united-utilities:UUP00016,united-utilities,2026-06-01T23:22:00Z,2026-06-01T23:42:00Z,20,hub,2026-09-17T00:49:00Z,2026-09-17T00:49:00Z,true
united-utilities:UUP00046:1782844320000,united-utilities:UUP00046,united-utilities,2026-06-30T18:32:00Z,2026-06-30T18:46:00Z,14,hub,2026-09-17T00:49:00Z,2026-09-17T00:49:00Z,true
united-utilities:UUP00074:1782845280000,united-utilities:UUP00074,united-utilities,2026-06-30T18:48:00Z,2026-06-30T19:06:00Z,18,hub,2026-09-17T00:49:00Z,2026-09-17T00:49:00Z,true
united-utilities:UUP00088:1780508038000,united-utilities:UUP00088,united-utilities,2026-06-03T17:33:58Z,2026-06-03T19:31:03Z,117,hub,2026-09-17T00:49:00Z,2026-09-17T00:49:00Z,true
united-utilities:UUP00122:1780351800000,united-utilities:UUP00122,united-utilities,2026-06-01T22:10:00Z,2026-06-01T22:34:00Z,24,hub,2026-09-17T00:49:00Z,2026-09-17T00:49:00Z,true
united-utilities:UUP00152:1781112240000,united-utilities:UUP00152,united-utilities,2026-06-10T17:24:00Z,2026-06-11T00:16:00Z,412,hub,2026-09-17T00:49:00Z,2026-09-17T00:49:00Z,true
united-utilities:UUP00203:1780404397000,united-utilities:UUP00203,united-utilities,2026-06-02T12:46:37Z,2026-06-02T14:00:14Z,74,hub,2026-09-17T00:49:00Z,2026-09-17T00:49:00Z,true
united-utilities:UUP00209:1782450480000,united-utilities:UUP00209,united-utilities,2026-06-26T05:08:00Z,2026-06-26T05:12:00Z,4,hub,2026-09-17T00:49:00Z,2026-09-17T00:49:00Z,true
united-utilities:UUP00305:1782391122000,united-utilities:UUP00305,united-utilities,2026-06-25T12:38:42Z,2026-06-25T12:44:42Z,6,hub,2026-09-17T00:49:00Z,2026-09-17T00:49:00Z,true
united-utilities:UUP00312:1780881344000,united-utilities:UUP00312,united-utilities,2026-06-08T01:15:44Z,2026-06-08T02:17:23Z,62,hub,2026-09-17T00:49:00Z,2026-09-17T00:49:00Z,true
united-utilities:UUP00354:1782483840000,united-utilities:UUP00354,united-utilities,2026-06-26T14:24:00Z,2026-06-26T14:30:00Z,6,hub,2026-09-17T00:49:00Z,2026-09-17T00:49:00Z,true
united-utilities:UUP00417:1781171021000,united-utilities:UUP00417,united-utilities,2026-06-11T09:43:41Z,2026-06-11T09:48:56Z,5,hub,2026-09-17T00:49:00Z,2026-09-17T00:49:00Z,true
united-utilities:UUP00441:1782844680000,united-utilities:UUP00441,united-utilities,2026-06-30T18:38:00Z,2026-06-30T18:44:00Z,6,hub,2026-09-17T00:49:00Z,2026-09-17T00:49:00Z,true
united-utilities:UUP00442:1782844560000,united-utilities:UUP00442,united-utilities,2026-06-30T18:36:00Z,2026-06-30T18:40:00Z,4,hub,2026-09-17T00:49:00Z,2026-09-17T00:49:00Z,true
united-utilities:UUP00497:1780545100000,united-utilities:UUP00497,united-utilities,2026-06-04T03:51:40Z,2026-06-05T00:24:38Z,1233,hub,2026-09-17T00:49:00Z,2026-09-17T00:49:00Z,true
united-utilities:UUP00515:1782484353000,united-utilities:UUP00515,united-utilities,2026-06-26T14:32:33Z,2026-06-26T15:11:18Z,39,hub,2026-09-17T00:49:00Z,2026-09-17T00:49:00Z,true
united-utilities:UUP00536:1780305600000,united-utilities:UUP00536,united-utilities,2026-06-01T09:20:00Z,2026-06-01T11:18:00Z,118,hub,2026-09-17T00:49:00Z,2026-09-17T00:49:00Z,true
united-utilities:UUP00561:1780988520000,united-utilities:UUP00561,united-utilities,2026-06-09T07:02:00Z,2026-06-09T07:06:00Z,4,hub,2026-09-17T00:49:00Z,2026-09-17T00:49:00Z,true
united-utilities:UUP00656:1782814909000,united-utilities:UUP00656,united-utilities,2026-06-30T10:21:49Z,2026-06-30T10:28:24Z,7,hub,2026-09-17T00:49:00Z,2026-09-17T00:49:00Z,true
united-utilities:UUP00702:1780625280000,united-utilities:UUP00702,united-utilities,2026-06-05T02:08:00Z,2026-06-05T02:12:00Z,4,hub,2026-09-17T00:49:00Z,2026-09-17T00:49:00Z,true
united-utilities:UUP00736:1780920054000,united-utilities:UUP00736,united-utilities,2026-06-08T12:00:54Z,2026-06-08T12:09:40Z,9,hub,2026-09-17T00:49:00Z,2026-09-17T00:49:00Z,true
united-utilities:UUP00748:1782304200000,united-utilities:UUP00748,united-utilities,2026-06-24T12:30:00Z,,,hub,2026-09-17T00:49:00Z,2026-09-17T00:49:00Z,
united-utilities:UUP00804:1780350735000,united-utilities:UUP00804,united-utilities,2026-06-01T21:52:15Z,2026-06-01T21:58:25Z,6,hub,2026-09-17T00:49:00Z,2026-09-17T00:49:00Z,true
united-utilities:UUP00808:1781069492000,united-utilities:UUP00808,united-utilities,2026-06-10T05:31:32Z,2026-06-10T05:34:36Z,3,hub,2026-09-17T00:49:00Z,2026-09-17T00:49:00Z,true
united-utilities:UUP00821:1781077405000,united-utilities:UUP00821,united-utilities,2026-06-10T07:43:25Z,2026-06-10T07:44:10Z,1,hub,2026-09-17T00:49:00Z,2026-09-17T00:49:00Z,true
united-utilities:UUP00875:1782841680000,united-utilities:UUP00875,united-utilities,2026-06-30T17:48:00Z,2026-06-30T17:54:00Z,6,hub,2026-09-17T00:49:00Z,2026-09-17T00:49:00Z,true
united-utilities:UUP00916:1782206761000,united-utilities:UUP00916,united-utilities,2026-06-23T09:26:01Z,2026-06-23T09:37:19Z,11,hub,2026-09-17T00:49:00Z,2026-09-17T00:49:00Z,true
united-utilities:UUP00921:1780357080000,united-utilities:UUP00921,united-utilities,2026-06-01T23:38:00Z,2026-06-01T23:52:00Z,14,hub,2026-09-17T00:49:00Z,2026-09-17T00:49:00Z,true
united-utilities:UUP00947:1782482928000,united-utilities:UUP00947,united-utilities,2026-06-26T14:08:48Z,2026-06-26T14:41:24Z,33,hub,2026-09-17T00:49:00Z,2026-09-17T00:49:00Z,true
united-utilities:UUP00973:1782846000000,united-utilities:UUP00973,united-utilities,2026-06-30T19:00:00Z,2026-06-30T19:12:00Z,12,hub,2026-09-17T00:49:00Z,2026-09-17T00:49:00Z,true
united-utilities:UUP01029:1782591960000,united-utilities:UUP01029,united-utilities,2026-06-27T20:26:00Z,2026-06-28T04:36:00Z,490,hub,2026-09-17T00:49:00Z,2026-09-17T00:49:00Z,true
united-utilities:UUP01088:1780500241000,united-utilities:UUP01088,united-utilities,2026-06-03T15:24:01Z,2026-06-03T15:30:46Z,7,hub,2026-09-17T00:49:00Z,2026-09-17T00:49:00Z,true
united-utilities:UUP01098:1781006921000,united-utilities:UUP01098,united-utilities,2026-06-09T12:08:41Z,2026-06-10T14:21:58Z,1573,hub,2026-09-17T00:49:00Z,2026-09-17T00:49:00Z,true
united-utilities:UUP01145:1782452040000,united-utilities:UUP01145,united-utilities,2026-06-26T05:34:00Z,2026-06-26T05:38:00Z,4,hub,2026-09-17T00:49:00Z,2026-09-17T00:49:00Z,true
united-utilities:UUP01199:1782683058000,united-utilities:UUP01199,united-utilities,2026-06-28T21:44:18Z,2026-06-28T21:49:32Z,5,hub,2026-09-17T00:49:00Z,2026-09-17T00:49:00Z,true
united-utilities:UUP01204:1781443810000,united-utilities:UUP01204,united-utilities,2026-06-14T13:30:10Z,2026-06-14T13:53:11Z,23,hub,2026-09-17T00:49:00Z,2026-09-17T00:49:00Z,true
united-utilities:UUP01265:1782483720000,united-utilities:UUP01265,united-utilities,2026-06-26T14:22:00Z,2026-06-26T14:30:00Z,8,hub,2026-09-17T00:49:00Z,2026-09-17T00:49:00Z,true
united-utilities:UUP01291:1782484200000,united-utilities:UUP01291,united-utilities,2026-06-26T14:30:00Z,2026-06-26T14:32:00Z,2,hub,2026-09-17T00:49:00Z,2026-09-17T00:49:00Z,true
united-utilities:UUP01337:1782482760000,united-utilities:UUP01337,united-utilities,2026-06-26T14:06:00Z,2026-06-26T14:18:00Z,12,hub,2026-09-17T00:49:00Z,2026-09-17T00:49:00Z,true
united-utilities:UUP01340:1780369792000,united-utilities:UUP01340,united-utilities,2026-06-02T03:09:52Z,2026-06-02T03:32:54Z,23,hub,2026-09-17T00:49:00Z,2026-09-17T00:49:00Z,true
united-utilities:UUP01362:1782218789000,united-utilities:UUP01362,united-utilities,2026-06-23T12:46:29Z,2026-06-23T13:59:05Z,73,hub,2026-09-17T00:49:00Z,2026-09-17T00:49:00Z,true
united-utilities:UUP01423:1782483840000,united-utilities:UUP01423,united-utilities,2026-06-26T14:24:00Z,2026-06-26T14:30:00Z,6,hub,2026-09-17T00:49:00Z,2026-09-17T00:49:00Z,true
united-utilities:UUP01476:1782843240000,united-utilities:UUP01476,united-utilities,2026-06-30T18:14:00Z,2026-06-30T18:22:00Z,8,hub,2026-09-17T00:49:00Z,2026-09-17T00:49:00Z,true
united-utilities:UUP01498:1781178240000,united-utilities:UUP01498,united-utilities,2026-06-11T11:44:00Z,2026-06-11T11:46:00Z,2,hub,2026-09-17T00:49:00Z,2026-09-17T00:49:00Z,true
united-utilities:UUP01499:1782448320000,united-utilities:UUP01499,united-utilities,2026-06-26T04:32:00Z,2026-06-26T04:36:00Z,4,hub,2026-09-17T00:49:00Z,2026-09-17T00:49:00Z,true
united-utilities:UUP01587:1780339320000,united-utilities:UUP01587,united-utilities,2026-06-01T18:42:00Z,2026-06-01T18:46:00Z,4,hub,2026-09-17T00:49:00Z,2026-09-17T00:49:00Z,true
united-utilities:UUP01617:1781073736000,united-utilities:UUP01617,united-utilities,2026-06-10T06:42:16Z,2026-06-10T06:44:51Z,3,hub,2026-09-17T00:49:00Z,2026-09-17T00:49:00Z,true
united-utilities:UUP01704:1782314081000,united-utilities:UUP01704,united-utilities,2026-06-24T15:14:41Z,,,hub,2026-09-17T00:49:00Z,2026-09-17T00:49:00Z,
united-utilities:UUP01732:1781175983000,united-utilities:UUP01732,united-utilities,2026-06-11T11:06:23Z,,,hub,2026-09-17T00:49:00Z,2026-09-17T00:49:00Z,
united-utilities:UUP01776:1780368960000,united-utilities:UUP01776,united-utilities,2026-06-02T02:56:00Z,2026-06-02T03:24:00Z,28,hub,2026-09-17T00:49:00Z,2026-09-17T00:49:00Z,true
united-utilities:UUP01809:1780341960000,united-utilities:UUP01809,united-utilities,2026-06-01T19:26:00Z,2026-06-01T19:30:00Z,4,hub,2026-09-17T00:49:00Z,2026-09-17T00:49:00Z,true
united-utilities:UUP01814:1780568400000,united-utilities:UUP01814,united-utilities,2026-06-04T10:20:00Z,2026-06-04T10:24:00Z,4,hub,2026-09-17T00:49:00Z,2026-09-17T00:49:00Z,true
united-utilities:UUP01832:1782484080000,united-utilities:UUP01832,united-utilities,2026-06-26T14:28:00Z,2026-06-26T14:36:00Z,8,hub,2026-09-17T00:49:00Z,2026-09-17T00:49:00Z,true
united-utilities:UUP01846:1780350600000,united-utilities:UUP01846,united-utilities,2026-06-01T21:50:00Z,2026-06-01T22:38:00Z,48,hub,2026-09-17T00:49:00Z,2026-09-17T00:49:00Z,true
united-utilities:UUP01904:1780342680000,united-utilities:UUP01904,united-utilities,2026-06-01T19:38:00Z,2026-06-01T20:02:00Z,24,hub,2026-09-17T00:49:00Z,2026-09-17T00:49:00Z,true
united-utilities:UUP02028:1782841879000,united-utilities:UUP02028,united-utilities,2026-06-30T17:51:19Z,2026-06-30T18:19:14Z,28,hub,2026-09-17T00:49:00Z,2026-09-17T00:49:00Z,true
united-utilities:UUP02058:1781288179000,united-utilities:UUP02058,united-utilities,2026-06-12T18:16:19Z,2026-06-12T18:18:40Z,2,hub,2026-09-17T00:49:00Z,2026-09-17T00:49:00Z,true
united-utilities:UUP02126:1782845015000,united-utilities:UUP02126,united-utilities,2026-06-30T18:43:35Z,2026-06-30T18:58:56Z,15,hub,2026-09-17T00:49:00Z,2026-09-17T00:49:00Z,true
united-utilities:UUP02129:1782844080000,united-utilities:UUP02129,united-utilities,2026-06-30T18:28:00Z,2026-06-30T18:48:00Z,20,hub,2026-09-17T00:49:00Z,2026-09-17T00:49:00Z,true
united-utilities:UUP02134:1781796240000,united-utilities:UUP02134,united-utilities,2026-06-18T15:24:00Z,2026-06-18T17:14:00Z,110,hub,2026-09-17T00:49:00Z,2026-09-17T00:49:00Z,true
united-utilities:UUP02146:1781178960000,united-utilities:UUP02146,united-utilities,2026-06-11T11:56:00Z,2026-06-11T11:58:00Z,2,hub,2026-09-17T00:49:00Z,2026-09-17T00:49:00Z,true
united-utilities:UUP02148:1781168147000,united-utilities:UUP02148,united-utilities,2026-06-11T08:55:47Z,2026-06-11T09:01:34Z,6,hub,2026-09-17T00:49:00Z,2026-09-17T00:49:00Z,true
united-utilities:UUP02178:1780747446000,united-utilities:UUP02178,united-utilities,2026-06-06T12:04:06Z,2026-06-06T12:06:17Z,2,hub,2026-09-17T00:49:00Z,2026-09-17T00:49:00Z,true
united-utilities:UUP02184:1780880640000,united-utilities:UUP02184,united-utilities,2026-06-08T01:04:00Z,2026-06-08T01:22:00Z,18,hub,2026-09-17T00:49:00Z,2026-09-17T00:49:00Z,true
united-utilities:UUP02193:1780347381000,united-utilities:UUP02193,united-utilities,2026-06-01T20:56:21Z,2026-06-01T22:23:06Z,87,hub,2026-09-17T00:49:00Z,2026-09-17T00:49:00Z,true
united-utilities:UUP02239:1781796120000,united-utilities:UUP02239,united-utilities,2026-06-18T15:22:00Z,2026-06-18T15:28:00Z,6,hub,2026-09-17T00:49:00Z,2026-09-17T00:49:00Z,true
united-utilities:UUP02249:1782848160000,united-utilities:UUP02249,united-utilities,2026-06-30T19:36:00Z,2026-06-30T19:38:00Z,2,hub,2026-09-17T00:49:00Z,2026-09-17T00:49:00Z,true
united-utilities:UUP02259:1780508160000,united-utilities:UUP02259,united-utilities,2026-06-03T17:36:00Z,2026-06-03T18:24:00Z,48,hub,2026-09-17T00:49:00Z,2026-09-17T00:49:00Z,true
united-utilities:UUP02260:1782076792000,united-utilities:UUP02260,united-utilities,2026-06-21T21:19:52Z,2026-06-21T21:28:52Z,9,hub,2026-09-17T00:49:00Z,2026-09-17T00:49:00Z,true
wessex:WSX10031:1782148320000,wessex:WSX10031,wessex,2026-06-22T17:12:00Z,2026-06-22T17:20:00Z,8,hub,2026-09-17T00:49:00Z,2026-09-17T00:49:00Z,true
wessex:WSX10048:1782144539000,wessex:WSX10048,wessex,2026-06-22T16:08:59Z,2026-06-22T16:22:59Z,14,hub,2026-09-17T00:49:00Z,2026-09-17T00:49:00Z,true
wessex:WSX10090:1782148800000,wessex:WSX10090,wessex,2026-06-22T17:20:00Z,2026-06-22T17:54:00Z,34,hub,2026-09-17T00:49:00Z,2026-09-17T00:49:00Z,true
wessex:WSX10094:1782148920000,wessex:WSX10094,wessex,2026-06-22T17:22:00Z,2026-06-22T17:46:00Z,24,hub,2026-09-17T00:49:00Z,2026-09-17T00:49:00Z,true
wessex:WSX10106:1780981320000,wessex:WSX10106,wessex,2026-06-09T05:02:00Z,2026-06-09T05:06:00Z,4,hub,2026-09-17T00:49:00Z,2026-09-17T00:49:00Z,true
wessex:WSX10107:1782144960000,wessex:WSX10107,wessex,2026-06-22T16:16:00Z,2026-06-22T16:20:00Z,4,hub,2026-09-17T00:49:00Z,2026-09-17T00:49:00Z,true
wessex:WSX10131:1782148620000,wessex:WSX10131,wessex,2026-06-22T17:17:00Z,2026-06-22T17:54:00Z,37,hub,2026-09-17T00:49:00Z,2026-09-17T00:49:00Z,true
wessex:WSX10135:1782150240000,wessex:WSX10135,wessex,2026-06-22T17:44:00Z,2026-06-22T18:40:00Z,56,hub,2026-09-17T00:49:00Z,2026-09-17T00:49:00Z,true
wessex:WSX10145:1782149640000,wessex:WSX10145,wessex,2026-06-22T17:34:00Z,2026-06-22T18:36:00Z,62,hub,2026-09-17T00:49:00Z,2026-09-17T00:49:00Z,true
wessex:WSX10148:1782145560000,wessex:WSX10148,wessex,2026-06-22T16:26:00Z,2026-06-22T18:30:00Z,124,hub,2026-09-17T00:49:00Z,2026-09-17T00:49:00Z,true
wessex:WSX10149:1782150420000,wessex:WSX10149,wessex,2026-06-22T17:47:00Z,2026-06-22T18:20:00Z,33,hub,2026-09-17T00:49:00Z,2026-09-17T00:49:00Z,true
wessex:WSX10160:1781008080000,wessex:WSX10160,wessex,2026-06-09T12:28:00Z,2026-06-09T12:32:00Z,4,hub,2026-09-17T00:49:00Z,2026-09-17T00:49:00Z,true
wessex:WSX10167:1782146880000,wessex:WSX10167,wessex,2026-06-22T16:48:00Z,2026-06-22T21:25:00Z,277,hub,2026-09-17T00:49:00Z,2026-09-17T00:49:00Z,true
wessex:WSX10168:1782152100000,wessex:WSX10168,wessex,2026-06-22T18:15:00Z,2026-06-22T18:23:00Z,8,hub,2026-09-17T00:49:00Z,2026-09-17T00:49:00Z,true
wessex:WSX10169:1780902480000,wessex:WSX10169,wessex,2026-06-08T07:08:00Z,2026-06-08T07:31:00Z,23,hub,2026-09-17T00:49:00Z,2026-09-17T00:49:00Z,true
wessex:WXW00001:1782147480000,wessex:WXW00001,wessex,2026-06-22T16:58:00Z,2026-06-22T17:11:00Z,13,hub,2026-09-17T00:49:00Z,2026-09-17T00:49:00Z,true
wessex:WXW00002:1782147720000,wessex:WXW00002,wessex,2026-06-22T17:02:00Z,2026-06-22T17:34:00Z,32,hub,2026-09-17T00:49:00Z,2026-09-17T00:49:00Z,true
wessex:WXW00012:1782147960000,wessex:WXW00012,wessex,2026-06-22T17:06:00Z,2026-06-22T17:12:00Z,6,hub,2026-09-17T00:49:00Z,2026-09-17T00:49:00Z,true
wessex:WXW00013:1782148320000,wessex:WXW00013,wessex,2026-06-22T17:12:00Z,2026-06-22T17:18:00Z,6,hub,2026-09-17T00:49:00Z,2026-09-17T00:49:00Z,true
wessex:WXW00019:1782148200000,wessex:WXW00019,wessex,2026-06-22T17:10:00Z,2026-06-22T17:30:00Z,20,hub,2026-09-17T00:49:00Z,2026-09-17T00:49:00Z,true
wessex:WXW00044:1782147360000,wessex:WXW00044,wessex,2026-06-22T16:56:00Z,2026-06-22T17:34:00Z,38,hub,2026-09-17T00:49:00Z,2026-09-17T00:49:00Z,true
wessex:WXW00046:1782148800000,wessex:WXW00046,wessex,2026-06-22T17:20:00Z,2026-06-22T17:36:00Z,16,hub,2026-09-17T00:49:00Z,2026-09-17T00:49:00Z,true
wessex:WXW00053:1782147600000,wessex:WXW00053,wessex,2026-06-22T17:00:00Z,2026-06-22T17:10:00Z,10,hub,2026-09-17T00:49:00Z,2026-09-17T00:49:00Z,true
wessex:WXW00056:1782147840000,wessex:WXW00056,wessex,2026-06-22T17:04:00Z,2026-06-22T17:24:00Z,20,hub,2026-09-17T00:49:00Z,2026-09-17T00:49:00Z,true
wessex:WXW00057:1782147600000,wessex:WXW00057,wessex,2026-06-22T17:00:00Z,2026-06-22T17:24:00Z,24,hub,2026-09-17T00:49:00Z,2026-09-17T00:49:00Z,true
wessex:WXW00061:1782155760000,wessex:WXW00061,wessex,2026-06-22T19:16:00Z,2026-06-22T20:12:00Z,56,hub,2026-09-17T00:49:00Z,2026-09-17T00:49:00Z,true
wessex:WXW00069:1782148680000,wessex:WXW00069,wessex,2026-06-22T17:18:00Z,2026-06-22T17:36:00Z,18,hub,2026-09-17T00:49:00Z,2026-09-17T00:49:00Z,true
wessex:WXW00070:1782148080000,wessex:WXW00070,wessex,2026-06-22T17:08:00Z,2026-06-22T18:10:00Z,62,hub,2026-09-17T00:49:00Z,2026-09-17T00:49:00Z,true
wessex:WXW00071:1782148800000,wessex:WXW00071,wessex,2026-06-22T17:20:00Z,2026-06-22T17:24:00Z,4,hub,2026-09-17T00:49:00Z,2026-09-17T00:49:00Z,true
wessex:WXW00077:1782837360000,wessex:WXW00077,wessex,2026-06-30T16:36:00Z,2026-06-30T16:40:00Z,4,hub,2026-09-17T00:49:00Z,2026-09-17T00:49:00Z,true
wessex:WXW00086:1782147360000,wessex:WXW00086,wessex,2026-06-22T16:56:00Z,2026-06-22T17:28:00Z,32,hub,2026-09-17T00:49:00Z,2026-09-17T00:49:00Z,true
wessex:WXW00099:1782146520000,wessex:WXW00099,wessex,2026-06-22T16:42:00Z,2026-06-22T17:38:00Z,56,hub,2026-09-17T00:49:00Z,2026-09-17T00:49:00Z,true
wessex:WXW00102:1782164400000,wessex:WXW00102,wessex,2026-06-22T21:40:00Z,2026-06-22T21:50:00Z,10,hub,2026-09-17T00:49:00Z,2026-09-17T00:49:00Z,true
wessex:WXW00105:1782152280000,wessex:WXW00105,wessex,2026-06-22T18:18:00Z,2026-06-22T18:20:00Z,2,hub,2026-09-17T00:49:00Z,2026-09-17T00:49:00Z,true
wessex:WXW00108:1781202720000,wessex:WXW00108,wessex,2026-06-11T18:32:00Z,2026-06-11T18:36:00Z,4,hub,2026-09-17T00:49:00Z,2026-09-17T00:49:00Z,true
wessex:WXW00114:1782148320000,wessex:WXW00114,wessex,2026-06-22T17:12:00Z,2026-06-22T17:52:00Z,40,hub,2026-09-17T00:49:00Z,2026-09-17T00:49:00Z,true
wessex:WXW00121:1782148440000,wessex:WXW00121,wessex,2026-06-22T17:14:00Z,2026-06-22T17:20:00Z,6,hub,2026-09-17T00:49:00Z,2026-09-17T00:49:00Z,true
wessex:WXW00131:1782145440000,wessex:WXW00131,wessex,2026-06-22T16:24:00Z,2026-06-22T16:36:00Z,12,hub,2026-09-17T00:49:00Z,2026-09-17T00:49:00Z,true
wessex:WXW00138:1782089760000,wessex:WXW00138,wessex,2026-06-22T00:56:00Z,2026-06-22T01:18:00Z,22,hub,2026-09-17T00:49:00Z,2026-09-17T00:49:00Z,true
wessex:WXW00141:1782149760000,wessex:WXW00141,wessex,2026-06-22T17:36:00Z,2026-06-22T17:44:00Z,8,hub,2026-09-17T00:49:00Z,2026-09-17T00:49:00Z,true
wessex:WXW00147:1782148440000,wessex:WXW00147,wessex,2026-06-22T17:14:00Z,2026-06-22T18:02:00Z,48,hub,2026-09-17T00:49:00Z,2026-09-17T00:49:00Z,true
wessex:WXW00153:1780988220000,wessex:WXW00153,wessex,2026-06-09T06:57:00Z,2026-06-09T07:59:00Z,62,hub,2026-09-17T00:49:00Z,2026-09-17T00:49:00Z,true
wessex:WXW00157:1780579140000,wessex:WXW00157,wessex,2026-06-04T13:19:00Z,2026-06-04T15:19:00Z,120,hub,2026-09-17T00:49:00Z,2026-09-17T00:49:00Z,true
wessex:WXW00159:1782150840000,wessex:WXW00159,wessex,2026-06-22T17:54:00Z,2026-06-22T18:24:00Z,30,hub,2026-09-17T00:49:00Z,2026-09-17T00:49:00Z,true
wessex:WXW00160:1782156240000,wessex:WXW00160,wessex,2026-06-22T19:24:00Z,2026-06-22T22:40:00Z,196,hub,2026-09-17T00:49:00Z,2026-09-17T00:49:00Z,true
wessex:WXW00161:1780369080000,wessex:WXW00161,wessex,2026-06-02T02:58:00Z,2026-06-02T05:02:00Z,124,hub,2026-09-17T00:49:00Z,2026-09-17T00:49:00Z,true
wessex:WXW00168:1782148440000,wessex:WXW00168,wessex,2026-06-22T17:14:00Z,2026-06-22T17:42:00Z,28,hub,2026-09-17T00:49:00Z,2026-09-17T00:49:00Z,true
wessex:WXW00174:1782149520000,wessex:WXW00174,wessex,2026-06-22T17:32:00Z,2026-06-22T17:36:00Z,4,hub,2026-09-17T00:49:00Z,2026-09-17T00:49:00Z,true
wessex:WXW00175:1782837000000,wessex:WXW00175,wessex,2026-06-30T16:30:00Z,2026-06-30T16:36:00Z,6,hub,2026-09-17T00:49:00Z,2026-09-17T00:49:00Z,true
wessex:WXW00186:1782148620000,wessex:WXW00186,wessex,2026-06-22T17:17:00Z,2026-06-22T18:27:00Z,70,hub,2026-09-17T00:49:00Z,2026-09-17T00:49:00Z,true
wessex:WXW00187:1782152100000,wessex:WXW00187,wessex,2026-06-22T18:15:00Z,2026-06-22T21:00:00Z,165,hub,2026-09-17T00:49:00Z,2026-09-17T00:49:00Z,true
wessex:WXW00193:1782147840000,wessex:WXW00193,wessex,2026-06-22T17:04:00Z,2026-06-22T17:16:00Z,12,hub,2026-09-17T00:49:00Z,2026-09-17T00:49:00Z,true
wessex:WXW00196:1780354800000,wessex:WXW00196,wessex,2026-06-01T23:00:00Z,2026-06-01T23:44:00Z,44,hub,2026-09-17T00:49:00Z,2026-09-17T00:49:00Z,true
wessex:WXW00198:1780364880000,wessex:WXW00198,wessex,2026-06-02T01:48:00Z,2026-06-02T02:18:00Z,30,hub,2026-09-17T00:49:00Z,2026-09-17T00:49:00Z,true
wessex:WXW00203:1782148500000,wessex:WXW00203,wessex,2026-06-22T17:15:00Z,2026-06-22T17:52:00Z,37,hub,2026-09-17T00:49:00Z,2026-09-17T00:49:00Z,true
wessex:WXW00210:1780363080000,wessex:WXW00210,wessex,2026-06-02T01:18:00Z,2026-06-02T01:24:00Z,6,hub,2026-09-17T00:49:00Z,2026-09-17T00:49:00Z,true
wessex:WXW00219:1782148860000,wessex:WXW00219,wessex,2026-06-22T17:21:00Z,2026-06-22T17:22:00Z,1,hub,2026-09-17T00:49:00Z,2026-09-17T00:49:00Z,true
wessex:WXW00220:1782147360000,wessex:WXW00220,wessex,2026-06-22T16:56:00Z,2026-06-22T17:14:00Z,18,hub,2026-09-17T00:49:00Z,2026-09-17T00:49:00Z,true
wessex:WXW00223:1780373400000,wessex:WXW00223,wessex,2026-06-02T04:10:00Z,2026-06-02T05:06:00Z,56,hub,2026-09-17T00:49:00Z,2026-09-17T00:49:00Z,true
wessex:WXW00230:1782146280000,wessex:WXW00230,wessex,2026-06-22T16:38:00Z,2026-06-22T18:22:00Z,104,hub,2026-09-17T00:49:00Z,2026-09-17T00:49:00Z,true
wessex:WXW00232:1780388280000,wessex:WXW00232,wessex,2026-06-02T08:18:00Z,2026-06-02T08:20:00Z,2,hub,2026-09-17T00:49:00Z,2026-09-17T00:49:00Z,true
wessex:WXW00246:1782152100000,wessex:WXW00246,wessex,2026-06-22T18:15:00Z,2026-06-22T21:25:00Z,190,hub,2026-09-17T00:49:00Z,2026-09-17T00:49:00Z,true
wessex:WXW00249:1780357980000,wessex:WXW00249,wessex,2026-06-01T23:53:00Z,2026-06-01T23:56:00Z,3,hub,2026-09-17T00:49:00Z,2026-09-17T00:49:00Z,true
wessex:WXW00252:1780914720000,wessex:WXW00252,wessex,2026-06-08T10:32:00Z,2026-06-08T10:34:00Z,2,hub,2026-09-17T00:49:00Z,2026-09-17T00:49:00Z,true
wessex:WXW00253:1780608840000,wessex:WXW00253,wessex,2026-06-04T21:34:00Z,2026-06-04T21:38:00Z,4,hub,2026-09-17T00:49:00Z,2026-09-17T00:49:00Z,true
wessex:WXW00254:1782147120000,wessex:WXW00254,wessex,2026-06-22T16:52:00Z,2026-06-22T17:30:00Z,38,hub,2026-09-17T00:49:00Z,2026-09-17T00:49:00Z,true
wessex:WXW00258:1782150120000,wessex:WXW00258,wessex,2026-06-22T17:42:00Z,2026-06-22T18:12:00Z,30,hub,2026-09-17T00:49:00Z,2026-09-17T00:49:00Z,true
wessex:WXW00263:1782322354000,wessex:WXW00263,wessex,2026-06-24T17:32:34Z,2026-06-24T17:37:09Z,5,hub,2026-09-17T00:49:00Z,2026-09-17T00:49:00Z,true
wessex:WXW00265:1782155160000,wessex:WXW00265,wessex,2026-06-22T19:06:00Z,2026-06-22T22:06:00Z,180,hub,2026-09-17T00:49:00Z,2026-09-17T00:49:00Z,true
wessex:WXW00269:1780362840000,wessex:WXW00269,wessex,2026-06-02T01:14:00Z,2026-06-02T02:38:00Z,84,hub,2026-09-17T00:49:00Z,2026-09-17T00:49:00Z,true
wessex:WXW00278:1782156360000,wessex:WXW00278,wessex,2026-06-22T19:26:00Z,2026-06-22T21:24:00Z,118,hub,2026-09-17T00:49:00Z,2026-09-17T00:49:00Z,true
wessex:WXW00282:1782154920000,wessex:WXW00282,wessex,2026-06-22T19:02:00Z,2026-06-22T19:06:00Z,4,hub,2026-09-17T00:49:00Z,2026-09-17T00:49:00Z,true
wessex:WXW00309:1782150600000,wessex:WXW00309,wessex,2026-06-22T17:50:00Z,2026-06-22T19:44:00Z,114,hub,2026-09-17T00:49:00Z,2026-09-17T00:49:00Z,true
wessex:WXW00335:1782146880000,wessex:WXW00335,wessex,2026-06-22T16:48:00Z,2026-06-22T17:59:00Z,71,hub,2026-09-17T00:49:00Z,2026-09-17T00:49:00Z,true
wessex:WXW00340:1780355820000,wessex:WXW00340,wessex,2026-06-01T23:17:00Z,2026-06-01T23:32:00Z,15,hub,2026-09-17T00:49:00Z,2026-09-17T00:49:00Z,true
wessex:WXW00345:1782152400000,wessex:WXW00345,wessex,2026-06-22T18:20:00Z,2026-06-22T19:44:00Z,84,hub,2026-09-17T00:49:00Z,2026-09-17T00:49:00Z,true
wessex:WXW00364:1782835980000,wessex:WXW00364,wessex,2026-06-30T16:13:00Z,2026-06-30T16:16:00Z,3,hub,2026-09-17T00:49:00Z,2026-09-17T00:49:00Z,true
wessex:WXW00368:1782161880000,wessex:WXW00368,wessex,2026-06-22T20:58:00Z,2026-06-22T21:32:00Z,34,hub,2026-09-17T00:49:00Z,2026-09-17T00:49:00Z,true
wessex:WXW00370:1782153720000,wessex:WXW00370,wessex,2026-06-22T18:42:00Z,2026-06-22T18:45:00Z,3,hub,2026-09-17T00:49:00Z,2026-09-17T00:49:00Z,true
wessex:WXW00382:1782147720000,wessex:WXW00382,wessex,2026-06-22T17:02:00Z,2026-06-22T17:42:00Z,40,hub,2026-09-17T00:49:00Z,2026-09-17T00:49:00Z,true
wessex:WXW00392:1780357560000,wessex:WXW00392,wessex,2026-06-01T23:46:00Z,2026-06-02T01:26:00Z,100,hub,2026-09-17T00:49:00Z,2026-09-17T00:49:00Z,true
wessex:WXW00402:1782166380000,wessex:WXW00402,wessex,2026-06-22T22:13:00Z,2026-06-22T22:15:00Z,2,hub,2026-09-17T00:49:00Z,2026-09-17T00:49:00Z,true
wessex:WXW00404:1780994880000,wessex:WXW00404,wessex,2026-06-09T08:48:00Z,2026-06-09T09:56:00Z,68,hub,2026-09-17T00:49:00Z,2026-09-17T00:49:00Z,true
wessex:WXW00411:1782167520000,wessex:WXW00411,wessex,2026-06-22T22:32:00Z,2026-06-22T22:40:00Z,8,hub,2026-09-17T00:49:00Z,2026-09-17T00:49:00Z,true
wessex:WXW00413:1780361700000,wessex:WXW00413,wessex,2026-06-02T00:55:00Z,2026-06-02T01:02:00Z,7,hub,2026-09-17T00:49:00Z,2026-09-17T00:49:00Z,true
wessex:WXW00414:1782149160000,wessex:WXW00414,wessex,2026-06-22T17:26:00Z,2026-06-22T17:30:00Z,4,hub,2026-09-17T00:49:00Z,2026-09-17T00:49:00Z,true
wessex:WXW00417:1782145920000,wessex:WXW00417,wessex,2026-06-22T16:32:00Z,2026-06-22T18:06:00Z,94,hub,2026-09-17T00:49:00Z,2026-09-17T00:49:00Z,true
wessex:WXW00418:1782149520000,wessex:WXW00418,wessex,2026-06-22T17:32:00Z,2026-06-23T11:54:00Z,1102,hub,2026-09-17T00:49:00Z,2026-09-17T00:49:00Z,true
wessex:WXW00449:1782165060000,wessex:WXW00449,wessex,2026-06-22T21:51:00Z,2026-06-22T21:52:00Z,1,hub,2026-09-17T00:49:00Z,2026-09-17T00:49:00Z,true
wessex:WXW00452:1782147720000,wessex:WXW00452,wessex,2026-06-22T17:02:00Z,2026-06-22T17:34:00Z,32,hub,2026-09-17T00:49:00Z,2026-09-17T00:49:00Z,true
wessex:WXW00460:1780351800000,wessex:WXW00460,wessex,2026-06-01T22:10:00Z,2026-06-01T22:22:00Z,12,hub,2026-09-17T00:49:00Z,2026-09-17T00:49:00Z,true
wessex:WXW00463:1782145800000,wessex:WXW00463,wessex,2026-06-22T16:30:00Z,2026-06-22T17:28:00Z,58,hub,2026-09-17T00:49:00Z,2026-09-17T00:49:00Z,true
wessex:WXW00476:1782148200000,wessex:WXW00476,wessex,2026-06-22T17:10:00Z,2026-06-22T17:24:00Z,14,hub,2026-09-17T00:49:00Z,2026-09-17T00:49:00Z,true
wessex:WXW00479:1782149160000,wessex:WXW00479,wessex,2026-06-22T17:26:00Z,2026-06-22T17:58:00Z,32,hub,2026-09-17T00:49:00Z,2026-09-17T00:49:00Z,true
wessex:WXW00487:1782146160000,wessex:WXW00487,wessex,2026-06-22T16:36:00Z,2026-06-22T17:05:00Z,29,hub,2026-09-17T00:49:00Z,2026-09-17T00:49:00Z,true
wessex:WXW00492:1782150360000,wessex:WXW00492,wessex,2026-06-22T17:46:00Z,2026-06-22T17:48:00Z,2,hub,2026-09-17T00:49:00Z,2026-09-17T00:49:00Z,true
wessex:WXW00496:1782147240000,wessex:WXW00496,wessex,2026-06-22T16:54:00Z,2026-06-22T17:36:00Z,42,hub,2026-09-17T00:49:00Z,2026-09-17T00:49:00Z,true
wessex:WXW00501:1780983840000,wessex:WXW00501,wessex,2026-06-09T05:44:00Z,2026-06-09T08:02:00Z,138,hub,2026-09-17T00:49:00Z,2026-09-17T00:49:00Z,true
wessex:WXW00510:1780908240000,wessex:WXW00510,wessex,2026-06-08T08:44:00Z,2026-06-08T10:44:00Z,120,hub,2026-09-17T00:49:00Z,2026-09-17T00:49:00Z,true
wessex:WXW00512:1782162180000,wessex:WXW00512,wessex,2026-06-22T21:03:00Z,2026-06-22T21:13:00Z,10,hub,2026-09-17T00:49:00Z,2026-09-17T00:49:00Z,true
wessex:WXW00514:1780908600000,wessex:WXW00514,wessex,2026-06-08T08:50:00Z,2026-06-08T08:56:00Z,6,hub,2026-09-17T00:49:00Z,2026-09-17T00:49:00Z,true
wessex:WXW00518:1782149280000,wessex:WXW00518,wessex,2026-06-22T17:28:00Z,2026-06-22T17:36:00Z,8,hub,2026-09-17T00:49:00Z,2026-09-17T00:49:00Z,true
wessex:WXW00526:1782147480000,wessex:WXW00526,wessex,2026-06-22T16:58:00Z,2026-06-22T17:24:00Z,26,hub,2026-09-17T00:49:00Z,2026-09-17T00:49:00Z,true
wessex:WXW00562:1780402611000,wessex:WXW00562,wessex,2026-06-02T12:16:51Z,2026-06-02T12:17:21Z,1,hub,2026-09-17T00:49:00Z,2026-09-17T00:49:00Z,true
wessex:WXW00565:1782146640000,wessex:WXW00565,wessex,2026-06-22T16:44:00Z,2026-06-22T18:10:00Z,86,hub,2026-09-17T00:49:00Z,2026-09-17T00:49:00Z,true
wessex:WXW00576:1780907640000,wessex:WXW00576,wessex,2026-06-08T08:34:00Z,2026-06-08T09:36:00Z,62,hub,2026-09-17T00:49:00Z,2026-09-17T00:49:00Z,true
wessex:WXW00578:1780911720000,wessex:WXW00578,wessex,2026-06-08T09:42:00Z,2026-06-08T09:44:00Z,2,hub,2026-09-17T00:49:00Z,2026-09-17T00:49:00Z,true
wessex:WXW00580:1780367220000,wessex:WXW00580,wessex,2026-06-02T02:27:00Z,2026-06-02T02:28:00Z,1,hub,2026-09-17T00:49:00Z,2026-09-17T00:49:00Z,true
wessex:WXW00583:1782150720000,wessex:WXW00583,wessex,2026-06-22T17:52:00Z,2026-06-22T18:30:00Z,38,hub,2026-09-17T00:49:00Z,2026-09-17T00:49:00Z,true
wessex:WXW00586:1780401840000,wessex:WXW00586,wessex,2026-06-02T12:04:00Z,2026-06-02T12:42:00Z,38,hub,2026-09-17T00:49:00Z,2026-09-17T00:49:00Z,true
wessex:WXW00588:1782147600000,wessex:WXW00588,wessex,2026-06-22T17:00:00Z,2026-06-22T17:16:00Z,16,hub,2026-09-17T00:49:00Z,2026-09-17T00:49:00Z,true
wessex:WXW00594:1782148680000,wessex:WXW00594,wessex,2026-06-22T17:18:00Z,2026-06-22T17:46:00Z,28,hub,2026-09-17T00:49:00Z,2026-09-17T00:49:00Z,true
wessex:WXW00604:1782145680000,wessex:WXW00604,wessex,2026-06-22T16:28:00Z,2026-06-22T16:54:00Z,26,hub,2026-09-17T00:49:00Z,2026-09-17T00:49:00Z,true
wessex:WXW00607:1782154320000,wessex:WXW00607,wessex,2026-06-22T18:52:00Z,2026-06-22T20:46:00Z,114,hub,2026-09-17T00:49:00Z,2026-09-17T00:49:00Z,true
wessex:WXW00623:1782147720000,wessex:WXW00623,wessex,2026-06-22T17:02:00Z,2026-06-22T17:14:00Z,12,hub,2026-09-17T00:49:00Z,2026-09-17T00:49:00Z,true
wessex:WXW00627:1780366020000,wessex:WXW00627,wessex,2026-06-02T02:07:00Z,2026-06-02T03:44:00Z,97,hub,2026-09-17T00:49:00Z,2026-09-17T00:49:00Z,true
wessex:WXW00630:1780355640000,wessex:WXW00630,wessex,2026-06-01T23:14:00Z,2026-06-02T01:12:00Z,118,hub,2026-09-17T00:49:00Z,2026-09-17T00:49:00Z,true
wessex:WXW00653:1780981320000,wessex:WXW00653,wessex,2026-06-09T05:02:00Z,2026-06-09T05:10:00Z,8,hub,2026-09-17T00:49:00Z,2026-09-17T00:49:00Z,true
wessex:WXW00664:1782148680000,wessex:WXW00664,wessex,2026-06-22T17:18:00Z,2026-06-22T17:20:00Z,2,hub,2026-09-17T00:49:00Z,2026-09-17T00:49:00Z,true
wessex:WXW00681:1782146760000,wessex:WXW00681,wessex,2026-06-22T16:46:00Z,2026-06-22T17:28:00Z,42,hub,2026-09-17T00:49:00Z,2026-09-17T00:49:00Z,true
wessex:WXW00683:1782148440000,wessex:WXW00683,wessex,2026-06-22T17:14:00Z,2026-06-22T17:38:00Z,24,hub,2026-09-17T00:49:00Z,2026-09-17T00:49:00Z,true
wessex:WXW00694:1780900200000,wessex:WXW00694,wessex,2026-06-08T06:30:00Z,2026-06-08T12:28:00Z,358,hub,2026-09-17T00:49:00Z,2026-09-17T00:49:00Z,true
wessex:WXW00697:1780372320000,wessex:WXW00697,wessex,2026-06-02T03:52:00Z,2026-06-02T03:54:00Z,2,hub,2026-09-17T00:49:00Z,2026-09-17T00:49:00Z,true
wessex:WXW00701:1782147000000,wessex:WXW00701,wessex,2026-06-22T16:50:00Z,2026-06-22T17:04:00Z,14,hub,2026-09-17T00:49:00Z,2026-09-17T00:49:00Z,true
wessex:WXW00713:1780355400000,wessex:WXW00713,wessex,2026-06-01T23:10:00Z,2026-06-02T01:40:00Z,150,hub,2026-09-17T00:49:00Z,2026-09-17T00:49:00Z,true
wessex:WXW00722:1782147600000,wessex:WXW00722,wessex,2026-06-22T17:00:00Z,2026-06-22T18:16:00Z,76,hub,2026-09-17T00:49:00Z,2026-09-17T00:49:00Z,true
wessex:WXW00730:1782149040000,wessex:WXW00730,wessex,2026-06-22T17:24:00Z,2026-06-22T20:26:00Z,182,hub,2026-09-17T00:49:00Z,2026-09-17T00:49:00Z,true
wessex:WXW00740:1782151800000,wessex:WXW00740,wessex,2026-06-22T18:10:00Z,2026-06-22T18:37:00Z,27,hub,2026-09-17T00:49:00Z,2026-09-17T00:49:00Z,true
wessex:WXW00745:1780354680000,wessex:WXW00745,wessex,2026-06-01T22:58:00Z,2026-06-01T23:41:00Z,43,hub,2026-09-17T00:49:00Z,2026-09-17T00:49:00Z,true
wessex:WXW00747:1782143580000,wessex:WXW00747,wessex,2026-06-22T15:53:00Z,2026-06-22T16:23:00Z,30,hub,2026-09-17T00:49:00Z,2026-09-17T00:49:00Z,true
wessex:WXW00749:1782150720000,wessex:WXW00749,wessex,2026-06-22T17:52:00Z,2026-06-22T18:32:00Z,40,hub,2026-09-17T00:49:00Z,2026-09-17T00:49:00Z,true
wessex:WXW00756:1780354020000,wessex:WXW00756,wessex,2026-06-01T22:47:00Z,2026-06-01T22:59:00Z,12,hub,2026-09-17T00:49:00Z,2026-09-17T00:49:00Z,true
wessex:WXW00758:1782151440000,wessex:WXW00758,wessex,2026-06-22T18:04:00Z,2026-06-22T18:50:00Z,46,hub,2026-09-17T00:49:00Z,2026-09-17T00:49:00Z,true
wessex:WXW00760:1782148800000,wessex:WXW00760,wessex,2026-06-22T17:20:00Z,2026-06-22T17:22:00Z,2,hub,2026-09-17T00:49:00Z,2026-09-17T00:49:00Z,true
wessex:WXW00770:1780345560000,wessex:WXW00770,wessex,2026-06-01T20:26:00Z,2026-06-01T21:00:00Z,34,hub,2026-09-17T00:49:00Z,2026-09-17T00:49:00Z,true
wessex:WXW00783:1780358340000,wessex:WXW00783,wessex,2026-06-01T23:59:00Z,2026-06-02T00:54:00Z,55,hub,2026-09-17T00:49:00Z,2026-09-17T00:49:00Z,true
wessex:WXW00784:1782150840000,wessex:WXW00784,wessex,2026-06-22T17:54:00Z,2026-06-22T18:28:00Z,34,hub,2026-09-17T00:49:00Z,2026-09-17T00:49:00Z,true
wessex:WXW00793:1782428460000,wessex:WXW00793,wessex,2026-06-25T23:01:00Z,2026-06-25T23:05:00Z,4,hub,2026-09-17T00:49:00Z,2026-09-17T00:49:00Z,true
wessex:WXW00811:1782147240000,wessex:WXW00811,wessex,2026-06-22T16:54:00Z,2026-06-22T20:51:00Z,237,hub,2026-09-17T00:49:00Z,2026-09-17T00:49:00Z,true
wessex:WXW00813:1780354980000,wessex:WXW00813,wessex,2026-06-01T23:03:00Z,2026-06-02T00:47:00Z,104,hub,2026-09-17T00:49:00Z,2026-09-17T00:49:00Z,true
wessex:WXW00818:1782154200000,wessex:WXW00818,wessex,2026-06-22T18:50:00Z,2026-06-22T19:08:00Z,18,hub,2026-09-17T00:49:00Z,2026-09-17T00:49:00Z,true
wessex:WXW00820:1782147840000,wessex:WXW00820,wessex,2026-06-22T17:04:00Z,2026-06-22T17:06:00Z,2,hub,2026-09-17T00:49:00Z,2026-09-17T00:49:00Z,true
wessex:WXW00828:1782147000000,wessex:WXW00828,wessex,2026-06-22T16:50:00Z,2026-06-22T17:04:00Z,14,hub,2026-09-17T00:49:00Z,2026-09-17T00:49:00Z,true
wessex:WXW00836:1782148140000,wessex:WXW00836,wessex,2026-06-22T17:09:00Z,2026-06-22T17:15:00Z,6,hub,2026-09-17T00:49:00Z,2026-09-17T00:49:00Z,true
wessex:WXW00846:1782150840000,wessex:WXW00846,wessex,2026-06-22T17:54:00Z,2026-06-22T18:20:00Z,26,hub,2026-09-17T00:49:00Z,2026-09-17T00:49:00Z,true
wessex:WXW00848:1782155520000,wessex:WXW00848,wessex,2026-06-22T19:12:00Z,2026-06-22T23:20:00Z,248,hub,2026-09-17T00:49:00Z,2026-09-17T00:49:00Z,true
wessex:WXW00858:1781021520000,wessex:WXW00858,wessex,2026-06-09T16:12:00Z,2026-06-09T16:18:00Z,6,hub,2026-09-17T00:49:00Z,2026-09-17T00:49:00Z,true
wessex:WXW00860:1782150240000,wessex:WXW00860,wessex,2026-06-22T17:44:00Z,2026-06-22T18:50:00Z,66,hub,2026-09-17T00:49:00Z,2026-09-17T00:49:00Z,true
wessex:WXW00862:1782147720000,wessex:WXW00862,wessex,2026-06-22T17:02:00Z,2026-06-22T18:26:00Z,84,hub,2026-09-17T00:49:00Z,2026-09-17T00:49:00Z,true
wessex:WXW00863:1782149520000,wessex:WXW00863,wessex,2026-06-22T17:32:00Z,2026-06-22T17:34:00Z,2,hub,2026-09-17T00:49:00Z,2026-09-17T00:49:00Z,true
wessex:WXW00876:1780982940000,wessex:WXW00876,wessex,2026-06-09T05:29:00Z,2026-06-09T05:31:00Z,2,hub,2026-09-17T00:49:00Z,2026-09-17T00:49:00Z,true
wessex:WXW00881:1780907640000,wessex:WXW00881,wessex,2026-06-08T08:34:00Z,2026-06-08T08:42:00Z,8,hub,2026-09-17T00:49:00Z,2026-09-17T00:49:00Z,true
wessex:WXW00884:1782152700000,wessex:WXW00884,wessex,2026-06-22T18:25:00Z,2026-06-22T18:27:00Z,2,hub,2026-09-17T00:49:00Z,2026-09-17T00:49:00Z,true
wessex:WXW00885:1780419120000,wessex:WXW00885,wessex,2026-06-02T16:52:00Z,2026-06-02T16:58:00Z,6,hub,2026-09-17T00:49:00Z,2026-09-17T00:49:00Z,true
wessex:WXW00905:1780904760000,wessex:WXW00905,wessex,2026-06-08T07:46:00Z,2026-06-08T08:14:00Z,28,hub,2026-09-17T00:49:00Z,2026-09-17T00:49:00Z,true
wessex:WXW00908:1782150720000,wessex:WXW00908,wessex,2026-06-22T17:52:00Z,2026-06-22T18:14:00Z,22,hub,2026-09-17T00:49:00Z,2026-09-17T00:49:00Z,true
wessex:WXW00911:1782148680000,wessex:WXW00911,wessex,2026-06-22T17:18:00Z,2026-06-22T19:28:00Z,130,hub,2026-09-17T00:49:00Z,2026-09-17T00:49:00Z,true
wessex:WXW00912:1782148680000,wessex:WXW00912,wessex,2026-06-22T17:18:00Z,2026-06-22T19:30:00Z,132,hub,2026-09-17T00:49:00Z,2026-09-17T00:49:00Z,true
wessex:WXW00913:1782164760000,wessex:WXW00913,wessex,2026-06-22T21:46:00Z,2026-06-22T21:50:00Z,4,hub,2026-09-17T00:49:00Z,2026-09-17T00:49:00Z,true
wessex:WXW00921:1782147960000,wessex:WXW00921,wessex,2026-06-22T17:06:00Z,2026-06-22T17:14:00Z,8,hub,2026-09-17T00:49:00Z,2026-09-17T00:49:00Z,true
wessex:WXW00934:1782149280000,wessex:WXW00934,wessex,2026-06-22T17:28:00Z,2026-06-22T17:38:00Z,10,hub,2026-09-17T00:49:00Z,2026-09-17T00:49:00Z,true
wessex:WXW00939:1780360320000,wessex:WXW00939,wessex,2026-06-02T00:32:00Z,2026-06-02T04:44:00Z,252,hub,2026-09-17T00:49:00Z,2026-09-17T00:49:00Z,true
wessex:WXW00944:1782148560000,wessex:WXW00944,wessex,2026-06-22T17:16:00Z,2026-06-22T17:20:00Z,4,hub,2026-09-17T00:49:00Z,2026-09-17T00:49:00Z,true
wessex:WXW00954:1782143760000,wessex:WXW00954,wessex,2026-06-22T15:56:00Z,2026-06-22T17:52:00Z,116,hub,2026-09-17T00:49:00Z,2026-09-17T00:49:00Z,true
wessex:WXW00956:1782147000000,wessex:WXW00956,wessex,2026-06-22T16:50:00Z,2026-06-22T17:06:00Z,16,hub,2026-09-17T00:49:00Z,2026-09-17T00:49:00Z,true
wessex:WXW00966:1782147720000,wessex:WXW00966,wessex,2026-06-22T17:02:00Z,2026-06-22T17:20:00Z,18,hub,2026-09-17T00:49:00Z,2026-09-17T00:49:00Z,true
wessex:WXW00970:1782150240000,wessex:WXW00970,wessex,2026-06-22T17:44:00Z,2026-06-22T18:52:00Z,68,hub,2026-09-17T00:49:00Z,2026-09-17T00:49:00Z,true
wessex:WXW00972:1782154980000,wessex:WXW00972,wessex,2026-06-22T19:03:00Z,2026-06-22T19:04:00Z,1,hub,2026-09-17T00:49:00Z,2026-09-17T00:49:00Z,true
wessex:WXW00978:1782159180000,wessex:WXW00978,wessex,2026-06-22T20:13:00Z,2026-06-22T20:17:00Z,4,hub,2026-09-17T00:49:00Z,2026-09-17T00:49:00Z,true
wessex:WXW00986:1780416960000,wessex:WXW00986,wessex,2026-06-02T16:16:00Z,2026-06-02T16:24:00Z,8,hub,2026-09-17T00:49:00Z,2026-09-17T00:49:00Z,true
wessex:WXW00989:1782831000000,wessex:WXW00989,wessex,2026-06-30T14:50:00Z,2026-06-30T14:56:00Z,6,hub,2026-09-17T00:49:00Z,2026-09-17T00:49:00Z,true
wessex:WXW00992:1782150300000,wessex:WXW00992,wessex,2026-06-22T17:45:00Z,2026-06-22T19:57:00Z,132,hub,2026-09-17T00:49:00Z,2026-09-17T00:49:00Z,true
wessex:WXW00993:1780645080000,wessex:WXW00993,wessex,2026-06-05T07:38:00Z,2026-06-05T07:41:00Z,3,hub,2026-09-17T00:49:00Z,2026-09-17T00:49:00Z,true
wessex:WXW00996:1782149160000,wessex:WXW00996,wessex,2026-06-22T17:26:00Z,2026-06-22T17:56:00Z,30,hub,2026-09-17T00:49:00Z,2026-09-17T00:49:00Z,true
wessex:WXW01003:1780579680000,wessex:WXW01003,wessex,2026-06-04T13:28:00Z,2026-06-04T13:42:00Z,14,hub,2026-09-17T00:49:00Z,2026-09-17T00:49:00Z,true
wessex:WXW01006:1782145920000,wessex:WXW01006,wessex,2026-06-22T16:32:00Z,2026-06-22T16:40:00Z,8,hub,2026-09-17T00:49:00Z,2026-09-17T00:49:00Z,true
wessex:WXW01007:1780366080000,wessex:WXW01007,wessex,2026-06-02T02:08:00Z,2026-06-03T11:02:00Z,1974,hub,2026-09-17T00:49:00Z,2026-09-17T00:49:00Z,true
wessex:WXW01009:1782147360000,wessex:WXW01009,wessex,2026-06-22T16:56:00Z,2026-06-22T16:58:00Z,2,hub,2026-09-17T00:49:00Z,2026-09-17T00:49:00Z,true
wessex:WXW01015:1780362120000,wessex:WXW01015,wessex,2026-06-02T01:02:00Z,2026-06-02T01:04:00Z,2,hub,2026-09-17T00:49:00Z,2026-09-17T00:49:00Z,true
wessex:WXW01017:1782153120000,wessex:WXW01017,wessex,2026-06-22T18:32:00Z,2026-06-22T18:34:00Z,2,hub,2026-09-17T00:49:00Z,2026-09-17T00:49:00Z,true
wessex:WXW01018:1782147960000,wessex:WXW01018,wessex,2026-06-22T17:06:00Z,2026-06-22T17:20:00Z,14,hub,2026-09-17T00:49:00Z,2026-09-17T00:49:00Z,true
wessex:WXW01026:1782145800000,wessex:WXW01026,wessex,2026-06-22T16:30:00Z,2026-06-22T16:36:00Z,6,hub,2026-09-17T00:49:00Z,2026-09-17T00:49:00Z,true
wessex:WXW01029:1782149160000,wessex:WXW01029,wessex,2026-06-22T17:26:00Z,2026-06-22T17:28:00Z,2,hub,2026-09-17T00:49:00Z,2026-09-17T00:49:00Z,true
wessex:WXW01044:1782147840000,wessex:WXW01044,wessex,2026-06-22T17:04:00Z,2026-06-22T17:08:00Z,4,hub,2026-09-17T00:49:00Z,2026-09-17T00:49:00Z,true
wessex:WXW01055:1782147480000,wessex:WXW01055,wessex,2026-06-22T16:58:00Z,2026-06-22T17:02:00Z,4,hub,2026-09-17T00:49:00Z,2026-09-17T00:49:00Z,true
wessex:WXW01062:1782147360000,wessex:WXW01062,wessex,2026-06-22T16:56:00Z,2026-06-22T17:00:00Z,4,hub,2026-09-17T00:49:00Z,2026-09-17T00:49:00Z,true
wessex:WXW01073:1782148920000,wessex:WXW01073,wessex,2026-06-22T17:22:00Z,2026-06-22T18:32:00Z,70,hub,2026-09-17T00:49:00Z,2026-09-17T00:49:00Z,true
wessex:WXW01074:1782148080000,wessex:WXW01074,wessex,2026-06-22T17:08:00Z,2026-06-22T17:56:00Z,48,hub,2026-09-17T00:49:00Z,2026-09-17T00:49:00Z,true
wessex:WXW01081:1782146400000,wessex:WXW01081,wessex,2026-06-22T16:40:00Z,2026-06-22T17:00:00Z,20,hub,2026-09-17T00:49:00Z,2026-09-17T00:49:00Z,true
wessex:WXW01090:1782170760000,wessex:WXW01090,wessex,2026-06-22T23:26:00Z,2026-06-22T23:27:00Z,1,hub,2026-09-17T00:49:00Z,2026-09-17T00:49:00Z,true
wessex:WXW01117:1780364880000,wessex:WXW01117,wessex,2026-06-02T01:48:00Z,2026-06-02T02:08:00Z,20,hub,2026-09-17T00:49:00Z,2026-09-17T00:49:00Z,true
wessex:WXW01126:1780566720000,wessex:WXW01126,wessex,2026-06-04T09:52:00Z,2026-06-04T12:32:00Z,160,hub,2026-09-17T00:49:00Z,2026-09-17T00:49:00Z,true
wessex:WXW01128:1782150360000,wessex:WXW01128,wessex,2026-06-22T17:46:00Z,2026-06-22T18:06:00Z,20,hub,2026-09-17T00:49:00Z,2026-09-17T00:49:00Z,true
wessex:WXW01132:1782153480000,wessex:WXW01132,wessex,2026-06-22T18:38:00Z,2026-06-22T18:40:00Z,2,hub,2026-09-17T00:49:00Z,2026-09-17T00:49:00Z,true
wessex:WXW01133:1780362060000,wessex:WXW01133,wessex,2026-06-02T01:01:00Z,2026-06-02T11:41:00Z,640,hub,2026-09-17T00:49:00Z,2026-09-17T00:49:00Z,true
wessex:WXW01138:1780911120000,wessex:WXW01138,wessex,2026-06-08T09:32:00Z,2026-06-08T10:20:00Z,48,hub,2026-09-17T00:49:00Z,2026-09-17T00:49:00Z,true
wessex:WXW01145:1780402080000,wessex:WXW01145,wessex,2026-06-02T12:08:00Z,2026-06-02T12:53:00Z,45,hub,2026-09-17T00:49:00Z,2026-09-17T00:49:00Z,true
wessex:WXW01155:1782150060000,wessex:WXW01155,wessex,2026-06-22T17:41:00Z,2026-06-22T19:59:00Z,138,hub,2026-09-17T00:49:00Z,2026-09-17T00:49:00Z,true
wessex:WXW01160:1782144480000,wessex:WXW01160,wessex,2026-06-22T16:08:00Z,2026-06-22T16:52:00Z,44,hub,2026-09-17T00:49:00Z,2026-09-17T00:49:00Z,true
wessex:WXW01162:1782148320000,wessex:WXW01162,wessex,2026-06-22T17:12:00Z,2026-06-22T17:26:00Z,14,hub,2026-09-17T00:49:00Z,2026-09-17T00:49:00Z,true
wessex:WXW01168:1780357200000,wessex:WXW01168,wessex,2026-06-01T23:40:00Z,2026-06-01T23:42:00Z,2,hub,2026-09-17T00:49:00Z,2026-09-17T00:49:00Z,true
wessex:WXW01186:1782146280000,wessex:WXW01186,wessex,2026-06-22T16:38:00Z,2026-06-22T17:00:00Z,22,hub,2026-09-17T00:49:00Z,2026-09-17T00:49:00Z,true
wessex:WXW01187:1782148860000,wessex:WXW01187,wessex,2026-06-22T17:21:00Z,2026-06-22T17:48:00Z,27,hub,2026-09-17T00:49:00Z,2026-09-17T00:49:00Z,true
wessex:WXW01191:1782149760000,wessex:WXW01191,wessex,2026-06-22T17:36:00Z,2026-06-22T17:40:00Z,4,hub,2026-09-17T00:49:00Z,2026-09-17T00:49:00Z,true
wessex:WXW01193:1782144540000,wessex:WXW01193,wessex,2026-06-22T16:09:00Z,2026-06-22T16:31:00Z,22,hub,2026-09-17T00:49:00Z,2026-09-17T00:49:00Z,true
wessex:WXW01197:1782151560000,wessex:WXW01197,wessex,2026-06-22T18:06:00Z,2026-06-22T18:08:00Z,2,hub,2026-09-17T00:49:00Z,2026-09-17T00:49:00Z,true
wessex:WXW01207:1782147360000,wessex:WXW01207,wessex,2026-06-22T16:56:00Z,2026-06-22T21:52:00Z,296,hub,2026-09-17T00:49:00Z,2026-09-17T00:49:00Z,true
wessex:WXW01212:1782148080000,wessex:WXW01212,wessex,2026-06-22T17:08:00Z,2026-06-22T19:12:00Z,124,hub,2026-09-17T00:49:00Z,2026-09-17T00:49:00Z,true
wessex:WXW01214:1782145200000,wessex:WXW01214,wessex,2026-06-22T16:20:00Z,2026-06-22T17:10:00Z,50,hub,2026-09-17T00:49:00Z,2026-09-17T00:49:00Z,true
wessex:WXW01219:1780358040000,wessex:WXW01219,wessex,2026-06-01T23:54:00Z,2026-06-02T00:00:00Z,6,hub,2026-09-17T00:49:00Z,2026-09-17T00:49:00Z,true
wessex:WXW01232:1782148920000,wessex:WXW01232,wessex,2026-06-22T17:22:00Z,2026-06-22T17:26:00Z,4,hub,2026-09-17T00:49:00Z,2026-09-17T00:49:00Z,true
wessex:WXW01239:1782151080000,wessex:WXW01239,wessex,2026-06-22T17:58:00Z,2026-06-22T21:00:00Z,182,hub,2026-09-17T00:49:00Z,2026-09-17T00:49:00Z,true
wessex:WXW01242:1782149160000,wessex:WXW01242,wessex,2026-06-22T17:26:00Z,2026-06-22T17:30:00Z,4,hub,2026-09-17T00:49:00Z,2026-09-17T00:49:00Z,true
wessex:WXW01243:1782150480000,wessex:WXW01243,wessex,2026-06-22T17:48:00Z,2026-06-23T07:50:00Z,842,hub,2026-09-17T00:49:00Z,2026-09-17T00:49:00Z,true
wessex:WXW01249:1782148920000,wessex:WXW01249,wessex,2026-06-22T17:22:00Z,2026-06-22T17:30:00Z,8,hub,2026-09-17T00:49:00Z,2026-09-17T00:49:00Z,true
wessex:WXW01252:1780570260000,wessex:WXW01252,wessex,2026-06-04T10:51:00Z,2026-06-05T02:11:00Z,920,hub,2026-09-17T00:49:00Z,2026-09-17T00:49:00Z,true
wessex:WXW01267:1780383000000,wessex:WXW01267,wessex,2026-06-02T06:50:00Z,2026-06-02T07:55:00Z,65,hub,2026-09-17T00:49:00Z,2026-09-17T00:49:00Z,true
wessex:WXW01270:1782155160000,wessex:WXW01270,wessex,2026-06-22T19:06:00Z,2026-06-22T20:14:00Z,68,hub,2026-09-17T00:49:00Z,2026-09-17T00:49:00Z,true
wessex:WXW01281:1782147840000,wessex:WXW01281,wessex,2026-06-22T17:04:00Z,2026-06-22T19:46:00Z,162,hub,2026-09-17T00:49:00Z,2026-09-17T00:49:00Z,true
wessex:WXW01293:1780358640000,wessex:WXW01293,wessex,2026-06-02T00:04:00Z,2026-06-02T00:19:00Z,15,hub,2026-09-17T00:49:00Z,2026-09-17T00:49:00Z,true
wessex:WXW01295:1780366080000,wessex:WXW01295,wessex,2026-06-02T02:08:00Z,2026-06-02T02:20:00Z,12,hub,2026-09-17T00:49:00Z,2026-09-17T00:49:00Z,true
wessex:WXW01311:1782144840000,wessex:WXW01311,wessex,2026-06-22T16:14:00Z,2026-06-22T16:30:00Z,16,hub,2026-09-17T00:49:00Z,2026-09-17T00:49:00Z,true
yorkshire:YWS00089:1780577750000,yorkshire:YWS00089,yorkshire,2026-06-04T12:55:50Z,2026-06-04T13:05:05Z,9,hub,2026-09-17T00:49:00Z,2026-09-17T00:49:00Z,true
yorkshire:YWS00100:1782466209000,yorkshire:YWS00100,yorkshire,2026-06-26T09:30:09Z,2026-06-26T09:31:35Z,1,hub,2026-09-17T00:49:00Z,2026-09-17T00:49:00Z,true
yorkshire:YWS00116:1782583320000,yorkshire:YWS00116,yorkshire,2026-06-27T18:02:00Z,2026-06-27T18:46:00Z,44,hub,2026-09-17T00:49:00Z,2026-09-17T00:49:00Z,true
yorkshire:YWS00139:1782757920000,yorkshire:YWS00139,yorkshire,2026-06-29T18:32:00Z,2026-06-29T19:01:00Z,29,hub,2026-09-17T00:49:00Z,2026-09-17T00:49:00Z,true
yorkshire:YWS00154:1782456420000,yorkshire:YWS00154,yorkshire,2026-06-26T06:47:00Z,2026-06-26T07:01:00Z,14,hub,2026-09-17T00:49:00Z,2026-09-17T00:49:00Z,true
yorkshire:YWS00188:1782376020000,yorkshire:YWS00188,yorkshire,2026-06-25T08:27:00Z,2026-06-25T08:38:00Z,11,hub,2026-09-17T00:49:00Z,2026-09-17T00:49:00Z,true
yorkshire:YWS00195:1781215534000,yorkshire:YWS00195,yorkshire,2026-06-11T22:05:34Z,2026-06-11T22:05:43Z,0,hub,2026-09-17T00:49:00Z,2026-09-17T00:49:00Z,true
yorkshire:YWS00204:1782456773000,yorkshire:YWS00204,yorkshire,2026-06-26T06:52:53Z,2026-06-26T06:57:03Z,4,hub,2026-09-17T00:49:00Z,2026-09-17T00:49:00Z,true
yorkshire:YWS00223:1780905598000,yorkshire:YWS00223,yorkshire,2026-06-08T07:59:58Z,2026-06-08T08:03:57Z,4,hub,2026-09-17T00:49:00Z,2026-09-17T00:49:00Z,true
yorkshire:YWS00263:1782343800000,yorkshire:YWS00263,yorkshire,2026-06-24T23:30:00Z,2026-06-24T23:31:00Z,1,hub,2026-09-17T00:49:00Z,2026-09-17T00:49:00Z,true
yorkshire:YWS00312:1782487998000,yorkshire:YWS00312,yorkshire,2026-06-26T15:33:18Z,2026-06-26T15:35:57Z,3,hub,2026-09-17T00:49:00Z,2026-09-17T00:49:00Z,true
yorkshire:YWS00320:1782201720000,yorkshire:YWS00320,yorkshire,2026-06-23T08:02:00Z,2026-06-23T08:04:00Z,2,hub,2026-09-17T00:49:00Z,2026-09-17T00:49:00Z,true
yorkshire:YWS00325:1782487845000,yorkshire:YWS00325,yorkshire,2026-06-26T15:30:45Z,2026-06-26T16:24:04Z,53,hub,2026-09-17T00:49:00Z,2026-09-17T00:49:00Z,true
yorkshire:YWS00330:1780358520000,yorkshire:YWS00330,yorkshire,2026-06-02T00:02:00Z,2026-06-02T05:31:00Z,329,hub,2026-09-17T00:49:00Z,2026-09-17T00:49:00Z,true
yorkshire:YWS00346:1780444799000,yorkshire:YWS00346,yorkshire,2026-06-02T23:59:59Z,2026-06-03T11:04:54Z,665,hub,2026-09-17T00:49:00Z,2026-09-17T00:49:00Z,true
yorkshire:YWS00356:1782488183000,yorkshire:YWS00356,yorkshire,2026-06-26T15:36:23Z,2026-06-26T15:39:31Z,3,hub,2026-09-17T00:49:00Z,2026-09-17T00:49:00Z,true
yorkshire:YWS00376:1780364327000,yorkshire:YWS00376,yorkshire,2026-06-02T01:38:47Z,2026-06-02T01:51:03Z,12,hub,2026-09-17T00:49:00Z,2026-09-17T00:49:00Z,true
yorkshire:YWS00405:1781191553000,yorkshire:YWS00405,yorkshire,2026-06-11T15:25:53Z,2026-06-11T16:40:24Z,75,hub,2026-09-17T00:49:00Z,2026-09-17T00:49:00Z,true
yorkshire:YWS00423:1782457920000,yorkshire:YWS00423,yorkshire,2026-06-26T07:12:00Z,2026-06-26T07:52:00Z,40,hub,2026-09-17T00:49:00Z,2026-09-17T00:49:00Z,true
yorkshire:YWS00429:1782369122000,yorkshire:YWS00429,yorkshire,2026-06-25T06:32:02Z,2026-06-25T06:32:27Z,0,hub,2026-09-17T00:49:00Z,2026-09-17T00:49:00Z,true
yorkshire:YWS00435:1781192252000,yorkshire:YWS00435,yorkshire,2026-06-11T15:37:32Z,2026-06-11T15:37:52Z,0,hub,2026-09-17T00:49:00Z,2026-09-17T00:49:00Z,true
yorkshire:YWS00436:1782459680000,yorkshire:YWS00436,yorkshire,2026-06-26T07:41:20Z,2026-06-26T07:42:54Z,2,hub,2026-09-17T00:49:00Z,2026-09-17T00:49:00Z,true
yorkshire:YWS00488:1782459533000,yorkshire:YWS00488,yorkshire,2026-06-26T07:38:53Z,2026-06-26T07:52:24Z,14,hub,2026-09-17T00:49:00Z,2026-09-17T00:49:00Z,true
yorkshire:YWS00493:1782463863000,yorkshire:YWS00493,yorkshire,2026-06-26T08:51:03Z,2026-06-26T09:01:08Z,10,hub,2026-09-17T00:49:00Z,2026-09-17T00:49:00Z,true
yorkshire:YWS00562:1782373324000,yorkshire:YWS00562,yorkshire,2026-06-25T07:42:04Z,2026-06-25T07:50:25Z,8,hub,2026-09-17T00:49:00Z,2026-09-17T00:49:00Z,true
yorkshire:YWS00582:1780908050000,yorkshire:YWS00582,yorkshire,2026-06-08T08:40:50Z,2026-06-08T08:41:52Z,1,hub,2026-09-17T00:49:00Z,2026-09-17T00:49:00Z,true
yorkshire:YWS00583:1782462358000,yorkshire:YWS00583,yorkshire,2026-06-26T08:25:58Z,2026-06-26T09:49:58Z,84,hub,2026-09-17T00:49:00Z,2026-09-17T00:49:00Z,true
yorkshire:YWS00590:1782460130000,yorkshire:YWS00590,yorkshire,2026-06-26T07:48:50Z,2026-06-26T08:07:01Z,18,hub,2026-09-17T00:49:00Z,2026-09-17T00:49:00Z,true
yorkshire:YWS00597:1782460841000,yorkshire:YWS00597,yorkshire,2026-06-26T08:00:41Z,2026-06-26T08:10:26Z,10,hub,2026-09-17T00:49:00Z,2026-09-17T00:49:00Z,true
yorkshire:YWS00613:1782460080000,yorkshire:YWS00613,yorkshire,2026-06-26T07:48:00Z,2026-06-26T08:16:00Z,28,hub,2026-09-17T00:49:00Z,2026-09-17T00:49:00Z,true
yorkshire:YWS00614:1782460020000,yorkshire:YWS00614,yorkshire,2026-06-26T07:47:00Z,2026-06-26T08:31:00Z,44,hub,2026-09-17T00:49:00Z,2026-09-17T00:49:00Z,true
yorkshire:YWS00640:1782487531000,yorkshire:YWS00640,yorkshire,2026-06-26T15:25:31Z,2026-06-26T16:44:46Z,79,hub,2026-09-17T00:49:00Z,2026-09-17T00:49:00Z,true
yorkshire:YWS00646:1782382440000,yorkshire:YWS00646,yorkshire,2026-06-25T10:14:00Z,2026-06-25T10:25:00Z,11,hub,2026-09-17T00:49:00Z,2026-09-17T00:49:00Z,true
yorkshire:YWS00669:1782492967000,yorkshire:YWS00669,yorkshire,2026-06-26T16:56:07Z,2026-06-26T16:57:09Z,1,hub,2026-09-17T00:49:00Z,2026-09-17T00:49:00Z,true
yorkshire:YWS00716:1782587318000,yorkshire:YWS00716,yorkshire,2026-06-27T19:08:38Z,2026-06-27T19:13:03Z,4,hub,2026-09-17T00:49:00Z,2026-09-17T00:49:00Z,true
yorkshire:YWS00858:1782455520000,yorkshire:YWS00858,yorkshire,2026-06-26T06:32:00Z,2026-06-26T07:01:00Z,29,hub,2026-09-17T00:49:00Z,2026-09-17T00:49:00Z,true
yorkshire:YWS00873:1782454199000,yorkshire:YWS00873,yorkshire,2026-06-26T06:09:59Z,2026-06-26T06:22:19Z,12,hub,2026-09-17T00:49:00Z,2026-09-17T00:49:00Z,true
yorkshire:YWS00966:1780506381000,yorkshire:YWS00966,yorkshire,2026-06-03T17:06:21Z,2026-06-03T17:11:05Z,5,hub,2026-09-17T00:49:00Z,2026-09-17T00:49:00Z,true
yorkshire:YWS01031:1782454602000,yorkshire:YWS01031,yorkshire,2026-06-26T06:16:42Z,2026-06-26T06:22:22Z,6,hub,2026-09-17T00:49:00Z,2026-09-17T00:49:00Z,true
yorkshire:YWS01078:1780982213000,yorkshire:YWS01078,yorkshire,2026-06-09T05:16:53Z,2026-06-09T05:21:58Z,5,hub,2026-09-17T00:49:00Z,2026-09-17T00:49:00Z,true
yorkshire:YWS01095:1782455648000,yorkshire:YWS01095,yorkshire,2026-06-26T06:34:08Z,2026-06-26T07:41:26Z,67,hub,2026-09-17T00:49:00Z,2026-09-17T00:49:00Z,true
yorkshire:YWS01103:1782488322000,yorkshire:YWS01103,yorkshire,2026-06-26T15:38:42Z,2026-06-26T15:54:13Z,16,hub,2026-09-17T00:49:00Z,2026-09-17T00:49:00Z,true
yorkshire:YWS01112:1780454471000,yorkshire:YWS01112,yorkshire,2026-06-03T02:41:11Z,2026-06-04T07:19:05Z,1718,hub,2026-09-17T00:49:00Z,2026-09-17T00:49:00Z,true
yorkshire:YWS01124:1782474909000,yorkshire:YWS01124,yorkshire,2026-06-26T11:55:09Z,2026-06-26T11:55:38Z,0,hub,2026-09-17T00:49:00Z,2026-09-17T00:49:00Z,true
yorkshire:YWS01146:1782845220000,yorkshire:YWS01146,yorkshire,2026-06-30T18:47:00Z,2026-06-30T19:01:00Z,14,hub,2026-09-17T00:49:00Z,2026-09-17T00:49:00Z,true
yorkshire:YWS01199:1782456480000,yorkshire:YWS01199,yorkshire,2026-06-26T06:48:00Z,2026-06-26T07:01:00Z,13,hub,2026-09-17T00:49:00Z,2026-09-17T00:49:00Z,true
yorkshire:YWS01253:1782455088000,yorkshire:YWS01253,yorkshire,2026-06-26T06:24:48Z,2026-06-26T07:12:15Z,47,hub,2026-09-17T00:49:00Z,2026-09-17T00:49:00Z,true
yorkshire:YWS01263:1782489781000,yorkshire:YWS01263,yorkshire,2026-06-26T16:03:01Z,2026-06-26T16:19:04Z,16,hub,2026-09-17T00:49:00Z,2026-09-17T00:49:00Z,true
yorkshire:YWS01278:1782460234000,yorkshire:YWS01278,yorkshire,2026-06-26T07:50:34Z,2026-06-26T08:17:43Z,27,hub,2026-09-17T00:49:00Z,2026-09-17T00:49:00Z,true
yorkshire:YWS01320:1782584220000,yorkshire:YWS01320,yorkshire,2026-06-27T18:17:00Z,2026-06-27T18:42:00Z,25,hub,2026-09-17T00:49:00Z,2026-09-17T00:49:00Z,true
yorkshire:YWS01430:1782458390000,yorkshire:YWS01430,yorkshire,2026-06-26T07:19:50Z,2026-06-26T08:03:41Z,44,hub,2026-09-17T00:49:00Z,2026-09-17T00:49:00Z,true
yorkshire:YWS01450:1780283558000,yorkshire:YWS01450,yorkshire,2026-06-01T03:12:38Z,2026-06-01T03:25:34Z,13,hub,2026-09-17T00:49:00Z,2026-09-17T00:49:00Z,true
yorkshire:YWS01467:1780516793000,yorkshire:YWS01467,yorkshire,2026-06-03T19:59:53Z,2026-06-03T20:02:51Z,3,hub,2026-09-17T00:49:00Z,2026-09-17T00:49:00Z,true
yorkshire:YWS01469:1782378000000,yorkshire:YWS01469,yorkshire,2026-06-25T09:00:00Z,2026-06-25T09:01:00Z,1,hub,2026-09-17T00:49:00Z,2026-09-17T00:49:00Z,true
yorkshire:YWS01536:1782455449000,yorkshire:YWS01536,yorkshire,2026-06-26T06:30:49Z,2026-06-26T07:01:00Z,30,hub,2026-09-17T00:49:00Z,2026-09-17T00:49:00Z,true
yorkshire:YWS01710:1782456039000,yorkshire:YWS01710,yorkshire,2026-06-26T06:40:39Z,2026-06-26T06:49:14Z,9,hub,2026-09-17T00:49:00Z,2026-09-17T00:49:00Z,true
yorkshire:YWS01854:1782455640000,yorkshire:YWS01854,yorkshire,2026-06-26T06:34:00Z,2026-06-26T07:14:00Z,40,hub,2026-09-17T00:49:00Z,2026-09-17T00:49:00Z,true
yorkshire:YWS01859:1782455326000,yorkshire:YWS01859,yorkshire,2026-06-26T06:28:46Z,2026-06-26T06:44:12Z,15,hub,2026-09-17T00:49:00Z,2026-09-17T00:49:00Z,true
yorkshire:YWS01864:1782456628000,yorkshire:YWS01864,yorkshire,2026-06-26T06:50:28Z,2026-06-26T07:06:28Z,16,hub,2026-09-17T00:49:00Z,2026-09-17T00:49:00Z,true
yorkshire:YWS02006:1782853200000,yorkshire:YWS02006,yorkshire,2026-06-30T21:00:00Z,2026-07-01T09:38:00Z,758,hub,2026-09-17T00:49:00Z,2026-09-17T00:49:00Z,true
yorkshire:YWS02008:1780398660000,yorkshire:YWS02008,yorkshire,2026-06-02T11:11:00Z,2026-06-02T11:13:00Z,2,hub,2026-09-17T00:49:00Z,2026-09-17T00:49:00Z,true
yorkshire:YWS02102:1782295200000,yorkshire:YWS02102,yorkshire,2026-06-24T10:00:00Z,2026-06-24T10:01:00Z,1,hub,2026-09-17T00:49:00Z,2026-09-17T00:49:00Z,true
yorkshire:YWS02155:1781002680000,yorkshire:YWS02155,yorkshire,2026-06-09T10:58:00Z,2026-06-09T19:19:00Z,501,hub,2026-09-17T00:49:00Z,2026-09-17T00:49:00Z,true
yorkshire:YWS02199:1782461089000,yorkshire:YWS02199,yorkshire,2026-06-26T08:04:49Z,2026-06-26T08:13:55Z,9,hub,2026-09-17T00:49:00Z,2026-09-17T00:49:00Z,true
yorkshire:YWS02216:1781185680000,yorkshire:YWS02216,yorkshire,2026-06-11T13:48:00Z,2026-06-11T13:58:00Z,10,hub,2026-09-17T00:49:00Z,2026-09-17T00:49:00Z,true
yorkshire:YWS02249:1782739800000,yorkshire:YWS02249,yorkshire,2026-06-29T13:30:00Z,2026-06-29T13:38:00Z,8,hub,2026-09-17T00:49:00Z,2026-09-17T00:49:00Z,true
yorkshire:YWS02257:1780371900000,yorkshire:YWS02257,yorkshire,2026-06-02T03:45:00Z,2026-06-02T03:47:00Z,2,hub,2026-09-17T00:49:00Z,2026-09-17T00:49:00Z,true
yorkshire:YWS02292:1782600070000,yorkshire:YWS02292,yorkshire,2026-06-27T22:41:10Z,2026-06-27T22:41:14Z,0,hub,2026-09-17T00:49:00Z,2026-09-17T00:49:00Z,true
yorkshire:YWS02293:1782458640000,yorkshire:YWS02293,yorkshire,2026-06-26T07:24:00Z,2026-06-26T08:10:00Z,46,hub,2026-09-17T00:49:00Z,2026-09-17T00:49:00Z,true
