event_id,overflow_key,company_slug,start_utc,end_utc,duration_min,source,first_observed_utc,last_observed_utc,end_observed
anglian:AWS00001:1789548301000,anglian:AWS00001,anglian,2026-09-16T08:45:01Z,2026-09-16T09:00:01Z,15,hub,2026-09-17T00:49:00Z,2026-09-17T00:49:00Z,true
anglian:AWS00001:1789620360000,anglian:AWS00001,anglian,2026-09-17T04:46:00Z,2026-09-17T05:00:01Z,14,hub,2026-09-17T11:32:49Z,2026-09-17T11:32:49Z,true
anglian:AWS00001:1789673401000,anglian:AWS00001,anglian,2026-09-17T19:30:01Z,2026-09-17T19:45:01Z,15,hub,2026-09-17T22:13:42Z,2026-09-17T22:13:42Z,true
anglian:AWS00001:1789682401000,anglian:AWS00001,anglian,2026-09-17T22:00:01Z,2026-09-17T22:15:01Z,15,hub,2026-09-17T22:57:48Z,2026-09-17T23:07:57Z,true
anglian:AWS00001:1789690501000,anglian:AWS00001,anglian,2026-09-18T00:15:01Z,2026-09-18T00:30:01Z,15,hub,2026-09-18T01:08:26Z,2026-09-18T01:28:44Z,true
anglian:AWS00001:1789730101000,anglian:AWS00001,anglian,2026-09-18T11:15:01Z,2026-09-18T11:30:01Z,15,hub,2026-09-18T14:37:46Z,2026-09-18T14:37:46Z,true
anglian:AWS00004:1788984524000,anglian:AWS00004,anglian,2026-09-09T20:08:44Z,2026-09-09T20:13:55Z,5,hub,2026-09-17T00:49:00Z,2026-09-17T00:49:00Z,true
anglian:AWS00012:1789303425000,anglian:AWS00012,anglian,2026-09-13T12:43:45Z,2026-09-13T13:20:46Z,37,hub,2026-09-17T00:49:00Z,2026-09-17T00:49:00Z,true
anglian:AWS00013:1789302312000,anglian:AWS00013,anglian,2026-09-13T12:25:12Z,2026-09-13T12:27:41Z,2,hub,2026-09-17T00:49:00Z,2026-09-17T00:49:00Z,true
anglian:AWS00013:1789728013000,anglian:AWS00013,anglian,2026-09-18T10:40:13Z,2026-09-18T10:40:16Z,0,hub,2026-09-18T14:37:46Z,2026-09-18T14:37:46Z,true
anglian:AWS00019:1789127170000,anglian:AWS00019,anglian,2026-09-11T11:46:10Z,2026-09-11T11:47:39Z,1,hub,2026-09-17T00:49:00Z,2026-09-17T00:49:00Z,true
anglian:AWS00025:1789271069000,anglian:AWS00025,anglian,2026-09-13T03:44:29Z,2026-09-13T06:04:33Z,140,hub,2026-09-17T00:49:00Z,2026-09-17T00:49:00Z,true
anglian:AWS00026:1788500936000,anglian:AWS00026,anglian,2026-09-04T05:48:56Z,2026-09-04T06:03:10Z,14,hub,2026-09-17T00:49:00Z,2026-09-17T00:49:00Z,true
anglian:AWS00028:1788338903000,anglian:AWS00028,anglian,2026-09-02T08:48:23Z,2026-09-02T08:50:16Z,2,hub,2026-09-17T00:49:00Z,2026-09-17T00:49:00Z,true
anglian:AWS00030:1788867983000,anglian:AWS00030,anglian,2026-09-08T11:46:23Z,2026-09-08T11:46:33Z,0,hub,2026-09-17T00:49:00Z,2026-09-17T00:49:00Z,true
anglian:AWS00038:1789170498000,anglian:AWS00038,anglian,2026-09-11T23:48:18Z,2026-09-12T11:00:03Z,672,hub,2026-09-17T00:49:00Z,2026-09-17T00:49:00Z,true
anglian:AWS00042:1788500760000,anglian:AWS00042,anglian,2026-09-04T05:46:00Z,2026-09-04T06:00:01Z,14,hub,2026-09-17T00:49:00Z,2026-09-17T00:49:00Z,true
anglian:AWS00044:1788519198000,anglian:AWS00044,anglian,2026-09-04T10:53:18Z,2026-09-04T10:54:18Z,1,hub,2026-09-17T00:49:00Z,2026-09-17T00:49:00Z,true
anglian:AWS00056:1789415528000,anglian:AWS00056,anglian,2026-09-14T19:52:08Z,2026-09-14T19:57:22Z,5,hub,2026-09-17T00:49:00Z,2026-09-17T00:49:00Z,true
anglian:AWS00063:1788872069000,anglian:AWS00063,anglian,2026-09-08T12:54:29Z,2026-09-08T12:54:46Z,0,hub,2026-09-17T00:49:00Z,2026-09-17T00:49:00Z,true
anglian:AWS00066:1788506919000,anglian:AWS00066,anglian,2026-09-04T07:28:39Z,2026-09-04T09:33:45Z,125,hub,2026-09-17T00:49:00Z,2026-09-17T00:49:00Z,true
anglian:AWS00067:1788506334000,anglian:AWS00067,anglian,2026-09-04T07:18:54Z,2026-09-04T07:32:30Z,14,hub,2026-09-17T00:49:00Z,2026-09-17T00:49:00Z,true
anglian:AWS00068:1788518175000,anglian:AWS00068,anglian,2026-09-04T10:36:15Z,2026-09-04T10:36:16Z,0,hub,2026-09-17T00:49:00Z,2026-09-17T00:49:00Z,true
anglian:AWS00072:1788614977000,anglian:AWS00072,anglian,2026-09-05T13:29:37Z,2026-09-05T13:29:37Z,0,hub,2026-09-17T00:49:00Z,2026-09-17T00:49:00Z,true
anglian:AWS00076:1788502044000,anglian:AWS00076,anglian,2026-09-04T06:07:24Z,2026-09-04T06:21:43Z,14,hub,2026-09-17T00:49:00Z,2026-09-17T00:49:00Z,true
anglian:AWS00076:1789658638000,anglian:AWS00076,anglian,2026-09-17T15:23:58Z,2026-09-17T15:28:38Z,5,hub,2026-09-17T19:14:51Z,2026-09-17T19:14:51Z,true
anglian:AWS00079:1788896560000,anglian:AWS00079,anglian,2026-09-08T19:42:40Z,2026-09-08T19:42:50Z,0,hub,2026-09-17T00:49:00Z,2026-09-17T00:49:00Z,true
anglian:AWS00087:1788507318000,anglian:AWS00087,anglian,2026-09-04T07:35:18Z,2026-09-04T07:35:20Z,0,hub,2026-09-17T00:49:00Z,2026-09-17T00:49:00Z,true
anglian:AWS00090:1789191209000,anglian:AWS00090,anglian,2026-09-12T05:33:29Z,2026-09-12T05:33:37Z,0,hub,2026-09-17T00:49:00Z,2026-09-17T00:49:00Z,true
anglian:AWS00092:1788419358000,anglian:AWS00092,anglian,2026-09-03T07:09:18Z,2026-09-03T07:10:00Z,1,hub,2026-09-17T00:49:00Z,2026-09-17T00:49:00Z,true
anglian:AWS00092:1789724534000,anglian:AWS00092,anglian,2026-09-18T09:42:14Z,2026-09-18T09:42:37Z,0,hub,2026-09-18T10:30:40Z,2026-09-18T10:30:40Z,true
anglian:AWS00101:1788498965000,anglian:AWS00101,anglian,2026-09-04T05:16:05Z,2026-09-04T09:45:05Z,269,hub,2026-09-17T00:49:00Z,2026-09-17T00:49:00Z,true
anglian:AWS00107:1789034455000,anglian:AWS00107,anglian,2026-09-10T10:00:55Z,2026-09-10T10:00:56Z,0,hub,2026-09-17T00:49:00Z,2026-09-17T00:49:00Z,true
anglian:AWS00110:1789272230000,anglian:AWS00110,anglian,2026-09-13T04:03:50Z,2026-09-13T09:22:41Z,319,hub,2026-09-17T00:49:00Z,2026-09-17T00:49:00Z,true
anglian:AWS00112:1789269729000,anglian:AWS00112,anglian,2026-09-13T03:22:09Z,2026-09-13T03:33:40Z,12,hub,2026-09-17T00:49:00Z,2026-09-17T00:49:00Z,true
anglian:AWS00119:1789280170000,anglian:AWS00119,anglian,2026-09-13T06:16:10Z,2026-09-13T06:19:46Z,4,hub,2026-09-17T00:49:00Z,2026-09-17T00:49:00Z,true
anglian:AWS00122:1788875799000,anglian:AWS00122,anglian,2026-09-08T13:56:39Z,2026-09-08T13:56:51Z,0,hub,2026-09-17T00:49:00Z,2026-09-17T00:49:00Z,true
anglian:AWS00126:1788505694000,anglian:AWS00126,anglian,2026-09-04T07:08:14Z,2026-09-04T07:14:07Z,6,hub,2026-09-17T00:49:00Z,2026-09-17T00:49:00Z,true
anglian:AWS00131:1788509986000,anglian:AWS00131,anglian,2026-09-04T08:19:46Z,2026-09-04T08:20:01Z,0,hub,2026-09-17T00:49:00Z,2026-09-17T00:49:00Z,true
anglian:AWS00144:1789279544000,anglian:AWS00144,anglian,2026-09-13T06:05:44Z,2026-09-13T06:12:06Z,6,hub,2026-09-17T00:49:00Z,2026-09-17T00:49:00Z,true
anglian:AWS00145:1789279801000,anglian:AWS00145,anglian,2026-09-13T06:10:01Z,2026-09-13T06:14:39Z,5,hub,2026-09-17T00:49:00Z,2026-09-17T00:49:00Z,true
anglian:AWS00150:1789277401000,anglian:AWS00150,anglian,2026-09-13T05:30:01Z,2026-09-13T05:34:01Z,4,hub,2026-09-17T00:49:00Z,2026-09-17T00:49:00Z,true
anglian:AWS00151:1788970595000,anglian:AWS00151,anglian,2026-09-09T16:16:35Z,2026-09-09T16:17:07Z,1,hub,2026-09-17T00:49:00Z,2026-09-17T00:49:00Z,true
anglian:AWS00155:1789275350000,anglian:AWS00155,anglian,2026-09-13T04:55:50Z,2026-09-13T05:44:36Z,49,hub,2026-09-17T00:49:00Z,2026-09-17T00:49:00Z,true
anglian:AWS00156:1789281920000,anglian:AWS00156,anglian,2026-09-13T06:45:20Z,2026-09-13T07:00:20Z,15,hub,2026-09-17T00:49:00Z,2026-09-17T00:49:00Z,true
anglian:AWS00157:1789329975000,anglian:AWS00157,anglian,2026-09-13T20:06:15Z,2026-09-13T21:08:55Z,63,hub,2026-09-17T00:49:00Z,2026-09-17T00:49:00Z,true
anglian:AWS00158:1789270503000,anglian:AWS00158,anglian,2026-09-13T03:35:03Z,2026-09-13T03:58:35Z,24,hub,2026-09-17T00:49:00Z,2026-09-17T00:49:00Z,true
anglian:AWS00159:1789269300000,anglian:AWS00159,anglian,2026-09-13T03:15:00Z,2026-09-13T03:30:00Z,15,hub,2026-09-17T00:49:00Z,2026-09-17T00:49:00Z,true
anglian:AWS00160:1789277401000,anglian:AWS00160,anglian,2026-09-13T05:30:01Z,2026-09-13T06:00:01Z,30,hub,2026-09-17T00:49:00Z,2026-09-17T00:49:00Z,true
anglian:AWS00161:1789272357000,anglian:AWS00161,anglian,2026-09-13T04:05:57Z,2026-09-13T04:14:56Z,9,hub,2026-09-17T00:49:00Z,2026-09-17T00:49:00Z,true
anglian:AWS00164:1788328079000,anglian:AWS00164,anglian,2026-09-02T05:47:59Z,2026-09-02T05:48:13Z,0,hub,2026-09-17T00:49:00Z,2026-09-17T00:49:00Z,true
anglian:AWS00166:1788322469000,anglian:AWS00166,anglian,2026-09-02T04:14:29Z,2026-09-02T04:14:56Z,0,hub,2026-09-17T00:49:00Z,2026-09-17T00:49:00Z,true
anglian:AWS00176:1788942454000,anglian:AWS00176,anglian,2026-09-09T08:27:34Z,2026-09-09T10:46:39Z,139,hub,2026-09-17T00:49:00Z,2026-09-17T00:49:00Z,true
anglian:AWS00177:1788507001000,anglian:AWS00177,anglian,2026-09-04T07:30:01Z,2026-09-04T09:00:01Z,90,hub,2026-09-17T00:49:00Z,2026-09-17T00:49:00Z,true
anglian:AWS00180:1788886320000,anglian:AWS00180,anglian,2026-09-08T16:52:00Z,2026-09-08T16:56:00Z,4,hub,2026-09-17T00:49:00Z,2026-09-17T00:49:00Z,true
anglian:AWS00181:1789334101000,anglian:AWS00181,anglian,2026-09-13T21:15:01Z,2026-09-13T21:30:01Z,15,hub,2026-09-17T00:49:00Z,2026-09-17T00:49:00Z,true
anglian:AWS00182:1789751854000,anglian:AWS00182,anglian,2026-09-18T17:17:34Z,2026-09-18T17:22:30Z,5,hub,2026-09-18T18:12:18Z,2026-09-18T18:32:37Z,true
anglian:AWS00183:1789751854000,anglian:AWS00183,anglian,2026-09-18T17:17:34Z,2026-09-18T17:22:30Z,5,hub,2026-09-18T18:12:18Z,2026-09-18T18:32:37Z,true
anglian:AWS00186:1789088986000,anglian:AWS00186,anglian,2026-09-11T01:09:46Z,2026-09-11T01:31:16Z,22,hub,2026-09-17T00:49:00Z,2026-09-17T00:49:00Z,true
anglian:AWS00186:1789738858000,anglian:AWS00186,anglian,2026-09-18T13:40:58Z,2026-09-18T13:41:23Z,0,hub,2026-09-18T14:37:46Z,2026-09-18T14:37:46Z,true
anglian:AWS00188:1788490137000,anglian:AWS00188,anglian,2026-09-04T02:48:57Z,2026-09-04T04:16:14Z,87,hub,2026-09-17T00:49:00Z,2026-09-17T00:49:00Z,true
anglian:AWS00192:1789567803000,anglian:AWS00192,anglian,2026-09-16T14:10:03Z,2026-09-16T16:36:23Z,146,hub,2026-09-17T00:49:00Z,2026-09-17T00:49:00Z,true
anglian:AWS00198:1788996012000,anglian:AWS00198,anglian,2026-09-09T23:20:12Z,2026-09-09T23:34:01Z,14,hub,2026-09-17T00:49:00Z,2026-09-17T00:49:00Z,true
anglian:AWS00200:1789310876000,anglian:AWS00200,anglian,2026-09-13T14:47:56Z,2026-09-13T16:09:39Z,82,hub,2026-09-17T00:49:00Z,2026-09-17T00:49:00Z,true
anglian:AWS00204:1788930636000,anglian:AWS00204,anglian,2026-09-09T05:10:36Z,2026-09-09T05:10:36Z,0,hub,2026-09-17T00:49:00Z,2026-09-17T00:49:00Z,true
anglian:AWS00215:1789283612000,anglian:AWS00215,anglian,2026-09-13T07:13:32Z,2026-09-13T10:52:10Z,219,hub,2026-09-17T00:49:00Z,2026-09-17T00:49:00Z,true
anglian:AWS00218:1789727292000,anglian:AWS00218,anglian,2026-09-18T10:28:12Z,2026-09-18T17:45:00Z,437,hub,2026-09-18T14:37:46Z,2026-09-18T14:37:46Z,false
anglian:AWS00218:1789753500000,anglian:AWS00218,anglian,2026-09-18T17:59:56Z,2026-09-18T18:00:02Z,0,hub,2026-09-18T18:32:37Z,2026-09-18T20:21:27Z,true
anglian:AWS00219:1789573316000,anglian:AWS00219,anglian,2026-09-16T15:41:56Z,2026-09-16T15:42:41Z,1,hub,2026-09-17T00:49:00Z,2026-09-17T00:49:00Z,true
anglian:AWS00220:1789573316000,anglian:AWS00220,anglian,2026-09-16T15:41:56Z,2026-09-16T15:42:41Z,1,hub,2026-09-17T00:49:00Z,2026-09-17T00:49:00Z,true
anglian:AWS00224:1788258971000,anglian:AWS00224,anglian,2026-09-01T10:36:11Z,2026-09-01T10:36:18Z,0,hub,2026-09-17T00:49:00Z,2026-09-17T00:49:00Z,true
anglian:AWS00230:1789183991000,anglian:AWS00230,anglian,2026-09-12T03:33:11Z,2026-09-12T03:33:17Z,0,hub,2026-09-17T00:49:00Z,2026-09-17T00:49:00Z,true
anglian:AWS00230:1789630751000,anglian:AWS00230,anglian,2026-09-17T07:39:11Z,2026-09-17T07:39:18Z,0,hub,2026-09-17T11:32:49Z,2026-09-17T11:32:49Z,true
anglian:AWS00234:1789314695000,anglian:AWS00234,anglian,2026-09-13T15:51:35Z,2026-09-13T15:56:18Z,5,hub,2026-09-17T00:49:00Z,2026-09-17T00:49:00Z,true
anglian:AWS00243:1788516352000,anglian:AWS00243,anglian,2026-09-04T10:05:52Z,2026-09-04T10:06:34Z,1,hub,2026-09-17T00:49:00Z,2026-09-17T00:49:00Z,true
anglian:AWS00245:1788234662000,anglian:AWS00245,anglian,2026-09-01T03:51:02Z,2026-09-01T03:51:02Z,0,hub,2026-09-17T00:49:00Z,2026-09-17T00:49:00Z,true
anglian:AWS00247:1788507335000,anglian:AWS00247,anglian,2026-09-04T07:35:35Z,2026-09-04T07:35:37Z,0,hub,2026-09-17T00:49:00Z,2026-09-17T00:49:00Z,true
anglian:AWS00254:1789462951000,anglian:AWS00254,anglian,2026-09-15T09:02:31Z,2026-09-15T09:07:07Z,5,hub,2026-09-17T00:49:00Z,2026-09-17T00:49:00Z,true
anglian:AWS00257:1789269972000,anglian:AWS00257,anglian,2026-09-13T03:26:12Z,2026-09-13T03:26:12Z,0,hub,2026-09-17T00:49:00Z,2026-09-17T00:49:00Z,true
anglian:AWS00258:1789280521000,anglian:AWS00258,anglian,2026-09-13T06:22:01Z,2026-09-13T06:36:01Z,14,hub,2026-09-17T00:49:00Z,2026-09-17T00:49:00Z,true
anglian:AWS00260:1789303574000,anglian:AWS00260,anglian,2026-09-13T12:46:14Z,2026-09-13T12:56:33Z,10,hub,2026-09-17T00:49:00Z,2026-09-17T00:49:00Z,true
anglian:AWS00271:1789270260000,anglian:AWS00271,anglian,2026-09-13T03:31:00Z,2026-09-13T04:45:01Z,74,hub,2026-09-17T00:49:00Z,2026-09-17T00:49:00Z,true
anglian:AWS00273:1789266601000,anglian:AWS00273,anglian,2026-09-13T02:30:01Z,2026-09-13T02:45:01Z,15,hub,2026-09-17T00:49:00Z,2026-09-17T00:49:00Z,true
anglian:AWS00280:1788511010000,anglian:AWS00280,anglian,2026-09-04T08:36:50Z,2026-09-04T09:00:43Z,24,hub,2026-09-17T00:49:00Z,2026-09-17T00:49:00Z,true
anglian:AWS00287:1788506053000,anglian:AWS00287,anglian,2026-09-04T07:14:13Z,2026-09-04T08:01:27Z,47,hub,2026-09-17T00:49:00Z,2026-09-17T00:49:00Z,true
anglian:AWS00289:1788341400000,anglian:AWS00289,anglian,2026-09-02T09:30:00Z,2026-09-02T09:51:48Z,22,hub,2026-09-17T00:49:00Z,2026-09-17T00:49:00Z,true
anglian:AWS00291:1788946553000,anglian:AWS00291,anglian,2026-09-09T09:35:53Z,2026-09-09T09:35:55Z,0,hub,2026-09-17T00:49:00Z,2026-09-17T00:49:00Z,true
anglian:AWS00299:1788500018000,anglian:AWS00299,anglian,2026-09-04T05:33:38Z,2026-09-04T13:39:09Z,486,hub,2026-09-17T00:49:00Z,2026-09-17T00:49:00Z,true
anglian:AWS00302:1789271442000,anglian:AWS00302,anglian,2026-09-13T03:50:42Z,2026-09-13T03:55:17Z,5,hub,2026-09-17T00:49:00Z,2026-09-17T00:49:00Z,true
anglian:AWS00307:1789272342000,anglian:AWS00307,anglian,2026-09-13T04:05:42Z,2026-09-13T07:09:55Z,184,hub,2026-09-17T00:49:00Z,2026-09-17T00:49:00Z,true
anglian:AWS00311:1789300859000,anglian:AWS00311,anglian,2026-09-13T12:00:59Z,2026-09-13T12:24:11Z,23,hub,2026-09-17T00:49:00Z,2026-09-17T00:49:00Z,true
anglian:AWS00312:1788509784000,anglian:AWS00312,anglian,2026-09-04T08:16:24Z,2026-09-04T08:34:47Z,18,hub,2026-09-17T00:49:00Z,2026-09-17T00:49:00Z,true
anglian:AWS00319:1789292701000,anglian:AWS00319,anglian,2026-09-13T09:45:01Z,2026-09-13T10:00:01Z,15,hub,2026-09-17T00:49:00Z,2026-09-17T00:49:00Z,true
anglian:AWS00323:1789642315000,anglian:AWS00323,anglian,2026-09-17T10:51:55Z,2026-09-17T10:51:55Z,0,hub,2026-09-17T11:32:49Z,2026-09-17T11:32:49Z,true
anglian:AWS00324:1789541558000,anglian:AWS00324,anglian,2026-09-16T06:52:38Z,2026-09-16T06:53:11Z,1,hub,2026-09-17T00:49:00Z,2026-09-17T00:49:00Z,true
anglian:AWS00330:1788500701000,anglian:AWS00330,anglian,2026-09-04T05:45:01Z,2026-09-04T06:00:01Z,15,hub,2026-09-17T00:49:00Z,2026-09-17T00:49:00Z,true
anglian:AWS00331:1789273473000,anglian:AWS00331,anglian,2026-09-13T04:24:33Z,2026-09-13T04:33:21Z,9,hub,2026-09-17T00:49:00Z,2026-09-17T00:49:00Z,true
anglian:AWS00332:1788500701000,anglian:AWS00332,anglian,2026-09-04T05:45:01Z,2026-09-04T06:00:01Z,15,hub,2026-09-17T00:49:00Z,2026-09-17T00:49:00Z,true
anglian:AWS00333:1789270994000,anglian:AWS00333,anglian,2026-09-13T03:43:14Z,2026-09-13T03:53:06Z,10,hub,2026-09-17T00:49:00Z,2026-09-17T00:49:00Z,true
anglian:AWS00334:1788500700000,anglian:AWS00334,anglian,2026-09-04T05:45:00Z,2026-09-04T06:00:00Z,15,hub,2026-09-17T00:49:00Z,2026-09-17T00:49:00Z,true
anglian:AWS00335:1788500160000,anglian:AWS00335,anglian,2026-09-04T05:36:00Z,2026-09-04T05:39:32Z,4,hub,2026-09-17T00:49:00Z,2026-09-17T00:49:00Z,true
anglian:AWS00337:1788916442000,anglian:AWS00337,anglian,2026-09-09T01:14:02Z,2026-09-09T01:14:27Z,0,hub,2026-09-17T00:49:00Z,2026-09-17T00:49:00Z,true
anglian:AWS00340:1788505956000,anglian:AWS00340,anglian,2026-09-04T07:12:36Z,2026-09-04T08:02:14Z,50,hub,2026-09-17T00:49:00Z,2026-09-17T00:49:00Z,true
anglian:AWS00342:1788517607000,anglian:AWS00342,anglian,2026-09-04T10:26:47Z,2026-09-04T10:27:10Z,0,hub,2026-09-17T00:49:00Z,2026-09-17T00:49:00Z,true
anglian:AWS00343:1788517607000,anglian:AWS00343,anglian,2026-09-04T10:26:47Z,2026-09-04T10:27:10Z,0,hub,2026-09-17T00:49:00Z,2026-09-17T00:49:00Z,true
anglian:AWS00345:1789458744000,anglian:AWS00345,anglian,2026-09-15T07:52:24Z,2026-09-15T07:53:51Z,1,hub,2026-09-17T00:49:00Z,2026-09-17T00:49:00Z,true
anglian:AWS00347:1789279953000,anglian:AWS00347,anglian,2026-09-13T06:12:33Z,2026-09-13T06:51:57Z,39,hub,2026-09-17T00:49:00Z,2026-09-17T00:49:00Z,true
anglian:AWS00349:1789537009000,anglian:AWS00349,anglian,2026-09-16T05:36:49Z,2026-09-16T05:36:54Z,0,hub,2026-09-17T00:49:00Z,2026-09-17T00:49:00Z,true
anglian:AWS00352:1788500701000,anglian:AWS00352,anglian,2026-09-04T05:45:01Z,2026-09-04T06:15:01Z,30,hub,2026-09-17T00:49:00Z,2026-09-17T00:49:00Z,true
anglian:AWS00353:1789595036000,anglian:AWS00353,anglian,2026-09-16T21:43:56Z,2026-09-16T21:44:27Z,1,hub,2026-09-17T00:49:00Z,2026-09-17T00:49:00Z,true
anglian:AWS00353:1789640362000,anglian:AWS00353,anglian,2026-09-17T10:19:22Z,2026-09-17T10:19:31Z,0,hub,2026-09-17T11:32:49Z,2026-09-17T11:32:49Z,true
anglian:AWS00353:1789647844000,anglian:AWS00353,anglian,2026-09-17T12:24:04Z,2026-09-17T12:25:35Z,2,hub,2026-09-17T13:51:58Z,2026-09-17T13:51:58Z,true
anglian:AWS00353:1789668852000,anglian:AWS00353,anglian,2026-09-17T18:14:12Z,2026-09-17T18:15:36Z,1,hub,2026-09-17T19:14:51Z,2026-09-17T19:14:51Z,true
anglian:AWS00353:1789677316000,anglian:AWS00353,anglian,2026-09-17T20:35:16Z,2026-09-17T20:35:21Z,0,hub,2026-09-17T22:13:42Z,2026-09-17T22:13:42Z,true
anglian:AWS00353:1789681810000,anglian:AWS00353,anglian,2026-09-17T21:50:10Z,2026-09-17T21:51:19Z,1,hub,2026-09-17T22:57:48Z,2026-09-17T22:57:48Z,true
anglian:AWS00353:1789710318000,anglian:AWS00353,anglian,2026-09-18T05:45:18Z,2026-09-18T05:45:41Z,0,hub,2026-09-18T06:34:11Z,2026-09-18T06:34:11Z,true
anglian:AWS00353:1789724072000,anglian:AWS00353,anglian,2026-09-18T09:34:32Z,2026-09-18T09:34:46Z,0,hub,2026-09-18T10:30:40Z,2026-09-18T10:30:40Z,true
anglian:AWS00353:1789725195000,anglian:AWS00353,anglian,2026-09-18T09:53:15Z,2026-09-18T09:54:32Z,1,hub,2026-09-18T10:51:02Z,2026-09-18T10:51:02Z,true
anglian:AWS00353:1789749926000,anglian:AWS00353,anglian,2026-09-18T16:45:26Z,2026-09-18T16:46:08Z,1,hub,2026-09-18T17:51:51Z,2026-09-18T17:51:51Z,true
anglian:AWS00353:1789752898000,anglian:AWS00353,anglian,2026-09-18T17:34:58Z,2026-09-18T17:36:16Z,1,hub,2026-09-18T18:32:37Z,2026-09-18T18:32:37Z,true
anglian:AWS00353:1789758905000,anglian:AWS00353,anglian,2026-09-18T19:15:05Z,2026-09-18T19:16:17Z,1,hub,2026-09-18T20:21:27Z,2026-09-18T20:21:27Z,true
anglian:AWS00353:1789760089000,anglian:AWS00353,anglian,2026-09-18T19:34:49Z,2026-09-18T19:35:32Z,1,hub,2026-09-18T20:31:36Z,2026-09-18T20:31:36Z,true
anglian:AWS00353:1789761088000,anglian:AWS00353,anglian,2026-09-18T19:51:28Z,2026-09-18T19:52:43Z,1,hub,2026-09-18T20:51:53Z,2026-09-18T20:51:53Z,true
anglian:AWS00354:1788502501000,anglian:AWS00354,anglian,2026-09-04T06:15:01Z,2026-09-04T06:30:01Z,15,hub,2026-09-17T00:49:00Z,2026-09-17T00:49:00Z,true
anglian:AWS00360:1788823392000,anglian:AWS00360,anglian,2026-09-07T23:23:12Z,2026-09-08T15:15:03Z,952,hub,2026-09-17T00:49:00Z,2026-09-17T00:49:00Z,true
anglian:AWS00361:1788867867000,anglian:AWS00361,anglian,2026-09-08T11:44:27Z,2026-09-08T20:59:34Z,555,hub,2026-09-17T00:49:00Z,2026-09-17T00:49:00Z,true
anglian:AWS00368:1789274306000,anglian:AWS00368,anglian,2026-09-13T04:38:26Z,2026-09-13T04:50:22Z,12,hub,2026-09-17T00:49:00Z,2026-09-17T00:49:00Z,true
anglian:AWS00369:1789277812000,anglian:AWS00369,anglian,2026-09-13T05:36:52Z,2026-09-13T05:37:16Z,0,hub,2026-09-17T00:49:00Z,2026-09-17T00:49:00Z,true
anglian:AWS00370:1789540889000,anglian:AWS00370,anglian,2026-09-16T06:41:29Z,2026-09-16T06:46:48Z,5,hub,2026-09-17T00:49:00Z,2026-09-17T00:49:00Z,true
anglian:AWS00370:1789740385000,anglian:AWS00370,anglian,2026-09-18T14:06:25Z,2026-09-18T14:22:27Z,16,hub,2026-09-18T15:08:15Z,2026-09-18T15:28:34Z,true
anglian:AWS00376:1789468470000,anglian:AWS00376,anglian,2026-09-15T10:34:30Z,2026-09-15T20:30:05Z,596,hub,2026-09-17T00:49:00Z,2026-09-17T00:49:00Z,true
anglian:AWS00380:1788508515000,anglian:AWS00380,anglian,2026-09-04T07:55:15Z,2026-09-04T07:55:19Z,0,hub,2026-09-17T00:49:00Z,2026-09-17T00:49:00Z,true
anglian:AWS00381:1789412151000,anglian:AWS00381,anglian,2026-09-14T18:55:51Z,2026-09-14T18:57:35Z,2,hub,2026-09-17T00:49:00Z,2026-09-17T00:49:00Z,true
anglian:AWS00381:1789769426000,anglian:AWS00381,anglian,2026-09-18T22:10:26Z,2026-09-18T22:12:08Z,2,hub,2026-09-18T23:14:14Z,2026-09-18T23:14:14Z,true
anglian:AWS00384:1788885001000,anglian:AWS00384,anglian,2026-09-08T16:30:01Z,2026-09-09T07:15:01Z,885,hub,2026-09-17T00:49:00Z,2026-09-17T00:49:00Z,true
anglian:AWS00386:1788502528000,anglian:AWS00386,anglian,2026-09-04T06:15:28Z,2026-09-04T07:15:28Z,60,hub,2026-09-17T00:49:00Z,2026-09-17T00:49:00Z,true
anglian:AWS00390:1788939496000,anglian:AWS00390,anglian,2026-09-09T07:38:16Z,2026-09-09T07:48:50Z,11,hub,2026-09-17T00:49:00Z,2026-09-17T00:49:00Z,true
anglian:AWS00395:1788880889000,anglian:AWS00395,anglian,2026-09-08T15:21:29Z,2026-09-08T17:47:22Z,146,hub,2026-09-17T00:49:00Z,2026-09-17T00:49:00Z,true
anglian:AWS00398:1789502626000,anglian:AWS00398,anglian,2026-09-15T20:03:46Z,2026-09-15T20:05:27Z,2,hub,2026-09-17T00:49:00Z,2026-09-17T00:49:00Z,true
anglian:AWS00398:1789675495000,anglian:AWS00398,anglian,2026-09-17T20:04:55Z,2026-09-17T20:06:37Z,2,hub,2026-09-17T22:13:42Z,2026-09-17T22:13:42Z,true
anglian:AWS00410:1789246593000,anglian:AWS00410,anglian,2026-09-12T20:56:33Z,2026-09-12T21:15:00Z,18,hub,2026-09-17T00:49:00Z,2026-09-17T00:49:00Z,true
anglian:AWS00416:1789128876000,anglian:AWS00416,anglian,2026-09-11T12:14:36Z,,,hub,2026-09-17T00:49:00Z,2026-09-17T00:49:00Z,
anglian:AWS00421:1789236408000,anglian:AWS00421,anglian,2026-09-12T18:06:48Z,2026-09-12T18:06:48Z,0,hub,2026-09-17T00:49:00Z,2026-09-17T00:49:00Z,true
anglian:AWS00426:1789417516000,anglian:AWS00426,anglian,2026-09-14T20:25:16Z,2026-09-14T20:29:51Z,5,hub,2026-09-17T00:49:00Z,2026-09-17T00:49:00Z,true
anglian:AWS00434:1788495259000,anglian:AWS00434,anglian,2026-09-04T04:14:19Z,2026-09-04T04:19:58Z,6,hub,2026-09-17T00:49:00Z,2026-09-17T00:49:00Z,true
anglian:AWS00443:1789479021000,anglian:AWS00443,anglian,2026-09-15T13:30:21Z,2026-09-15T13:45:22Z,15,hub,2026-09-17T00:49:00Z,2026-09-17T00:49:00Z,true
anglian:AWS00445:1789503673000,anglian:AWS00445,anglian,2026-09-15T20:21:13Z,2026-09-15T20:21:13Z,0,hub,2026-09-17T00:49:00Z,2026-09-17T00:49:00Z,true
anglian:AWS00445:1789605318000,anglian:AWS00445,anglian,2026-09-17T00:35:18Z,2026-09-17T00:35:18Z,0,hub,2026-09-17T02:08:37Z,2026-09-17T02:08:37Z,true
anglian:AWS00445:1789616620000,anglian:AWS00445,anglian,2026-09-17T03:43:40Z,2026-09-17T03:43:40Z,0,hub,2026-09-17T11:32:49Z,2026-09-17T11:32:49Z,true
anglian:AWS00445:1789685179000,anglian:AWS00445,anglian,2026-09-17T22:46:19Z,2026-09-17T22:46:19Z,0,hub,2026-09-17T23:28:15Z,2026-09-17T23:28:15Z,true
anglian:AWS00445:1789686417000,anglian:AWS00445,anglian,2026-09-17T23:06:57Z,2026-09-17T23:06:57Z,0,hub,2026-09-17T23:48:34Z,2026-09-17T23:48:34Z,true
anglian:AWS00445:1789772975000,anglian:AWS00445,anglian,2026-09-18T23:09:35Z,2026-09-18T23:09:35Z,0,hub,2026-09-19T00:41:02Z,2026-09-19T00:41:02Z,true
anglian:AWS00445:1789776228000,anglian:AWS00445,anglian,2026-09-19T00:03:48Z,2026-09-19T00:03:48Z,0,hub,2026-09-19T00:51:12Z,2026-09-19T00:51:12Z,true
anglian:AWS00446:1789280973000,anglian:AWS00446,anglian,2026-09-13T06:29:33Z,2026-09-13T07:00:58Z,31,hub,2026-09-17T00:49:00Z,2026-09-17T00:49:00Z,true
anglian:AWS00454:1789305287000,anglian:AWS00454,anglian,2026-09-13T13:14:47Z,2026-09-13T13:24:28Z,10,hub,2026-09-17T00:49:00Z,2026-09-17T00:49:00Z,true
anglian:AWS00455:1789268727000,anglian:AWS00455,anglian,2026-09-13T03:05:27Z,2026-09-13T04:19:02Z,74,hub,2026-09-17T00:49:00Z,2026-09-17T00:49:00Z,true
anglian:AWS00459:1788880128000,anglian:AWS00459,anglian,2026-09-08T15:08:48Z,2026-09-08T15:12:35Z,4,hub,2026-09-17T00:49:00Z,2026-09-17T00:49:00Z,true
anglian:AWS00460:1789269534000,anglian:AWS00460,anglian,2026-09-13T03:18:54Z,2026-09-13T05:50:38Z,152,hub,2026-09-17T00:49:00Z,2026-09-17T00:49:00Z,true
anglian:AWS00461:1788262677000,anglian:AWS00461,anglian,2026-09-01T11:37:57Z,2026-09-01T11:42:28Z,5,hub,2026-09-17T00:49:00Z,2026-09-17T00:49:00Z,true
anglian:AWS00464:1789500316000,anglian:AWS00464,anglian,2026-09-15T19:25:16Z,2026-09-15T19:34:41Z,9,hub,2026-09-17T00:49:00Z,2026-09-17T00:49:00Z,true
anglian:AWS00465:1788501116000,anglian:AWS00465,anglian,2026-09-04T05:51:56Z,2026-09-04T05:55:53Z,4,hub,2026-09-17T00:49:00Z,2026-09-17T00:49:00Z,true
anglian:AWS00465:1789726065000,anglian:AWS00465,anglian,2026-09-18T10:07:45Z,2026-09-18T10:09:46Z,2,hub,2026-09-18T10:51:02Z,2026-09-18T10:51:02Z,true
anglian:AWS00471:1788679801000,anglian:AWS00471,anglian,2026-09-06T07:30:01Z,2026-09-06T08:00:01Z,30,hub,2026-09-17T00:49:00Z,2026-09-17T00:49:00Z,true
anglian:AWS00471:1789761660000,anglian:AWS00471,anglian,2026-09-18T20:01:00Z,2026-09-18T21:30:01Z,89,hub,2026-09-18T20:51:53Z,2026-09-18T22:43:41Z,true
anglian:AWS00471:1789772401000,anglian:AWS00471,anglian,2026-09-18T23:00:01Z,2026-09-18T23:15:01Z,15,hub,2026-09-19T00:41:02Z,2026-09-19T00:41:02Z,true
anglian:AWS00477:1789711201000,anglian:AWS00477,anglian,2026-09-18T06:00:01Z,2026-09-18T06:30:01Z,30,hub,2026-09-18T10:30:40Z,2026-09-18T10:30:40Z,true
anglian:AWS00477:1789725601000,anglian:AWS00477,anglian,2026-09-18T10:00:01Z,2026-09-18T10:15:01Z,15,hub,2026-09-18T10:51:02Z,2026-09-18T11:11:27Z,true
anglian:AWS00477:1789742701000,anglian:AWS00477,anglian,2026-09-18T14:45:01Z,2026-09-18T16:30:01Z,105,hub,2026-09-18T15:28:34Z,2026-09-18T15:28:34Z,false
anglian:AWS00477:1789749001000,anglian:AWS00477,anglian,2026-09-18T16:30:01Z,2026-09-18T18:15:01Z,105,hub,2026-09-18T17:51:51Z,2026-09-18T17:51:51Z,false
anglian:AWS00477:1789755301000,anglian:AWS00477,anglian,2026-09-18T18:15:01Z,2026-09-18T20:00:01Z,105,hub,2026-09-18T20:21:27Z,2026-09-18T20:51:53Z,true
anglian:AWS00483:1788503860000,anglian:AWS00483,anglian,2026-09-04T06:37:40Z,2026-09-04T06:42:12Z,5,hub,2026-09-17T00:49:00Z,2026-09-17T00:49:00Z,true
anglian:AWS00485:1789270859000,anglian:AWS00485,anglian,2026-09-13T03:40:59Z,2026-09-13T03:54:14Z,13,hub,2026-09-17T00:49:00Z,2026-09-17T00:49:00Z,true
anglian:AWS00489:1788758597000,anglian:AWS00489,anglian,2026-09-07T05:23:17Z,2026-09-07T05:55:21Z,32,hub,2026-09-17T00:49:00Z,2026-09-17T00:49:00Z,true
anglian:AWS00492:1788950989000,anglian:AWS00492,anglian,2026-09-09T10:49:49Z,2026-09-09T11:23:33Z,34,hub,2026-09-17T00:49:00Z,2026-09-17T00:49:00Z,true
anglian:AWS00495:1789269714000,anglian:AWS00495,anglian,2026-09-13T03:21:54Z,2026-09-13T03:23:59Z,2,hub,2026-09-17T00:49:00Z,2026-09-17T00:49:00Z,true
anglian:AWS00497:1788504021000,anglian:AWS00497,anglian,2026-09-04T06:40:21Z,2026-09-04T10:39:03Z,239,hub,2026-09-17T00:49:00Z,2026-09-17T00:49:00Z,true
anglian:AWS00499:1788495419000,anglian:AWS00499,anglian,2026-09-04T04:16:59Z,2026-09-04T04:51:05Z,34,hub,2026-09-17T00:49:00Z,2026-09-17T00:49:00Z,true
anglian:AWS00502:1789646200000,anglian:AWS00502,anglian,2026-09-17T11:56:40Z,2026-09-17T11:57:11Z,1,hub,2026-09-17T13:51:58Z,2026-09-17T13:51:58Z,true
anglian:AWS00504:1789477451000,anglian:AWS00504,anglian,2026-09-15T13:04:11Z,2026-09-15T13:18:43Z,15,hub,2026-09-17T00:49:00Z,2026-09-17T00:49:00Z,true
anglian:AWS00511:1788879358000,anglian:AWS00511,anglian,2026-09-08T14:55:58Z,2026-09-08T16:21:18Z,85,hub,2026-09-17T00:49:00Z,2026-09-17T00:49:00Z,true
anglian:AWS00516:1788887321000,anglian:AWS00516,anglian,2026-09-08T17:08:41Z,2026-09-08T17:10:13Z,2,hub,2026-09-17T00:49:00Z,2026-09-17T00:49:00Z,true
anglian:AWS00520:1789103303000,anglian:AWS00520,anglian,2026-09-11T05:08:23Z,2026-09-11T05:12:22Z,4,hub,2026-09-17T00:49:00Z,2026-09-17T00:49:00Z,true
anglian:AWS00520:1789719931000,anglian:AWS00520,anglian,2026-09-18T08:25:31Z,2026-09-18T08:29:25Z,4,hub,2026-09-18T10:30:40Z,2026-09-18T10:30:40Z,true
anglian:AWS00521:1789551648000,anglian:AWS00521,anglian,2026-09-16T09:40:48Z,2026-09-16T09:53:49Z,13,hub,2026-09-17T00:49:00Z,2026-09-17T00:49:00Z,true
anglian:AWS00524:1789276219000,anglian:AWS00524,anglian,2026-09-13T05:10:19Z,2026-09-13T05:10:19Z,0,hub,2026-09-17T00:49:00Z,2026-09-17T00:49:00Z,true
anglian:AWS00525:1788501632000,anglian:AWS00525,anglian,2026-09-04T06:00:32Z,2026-09-04T06:02:26Z,2,hub,2026-09-17T00:49:00Z,2026-09-17T00:49:00Z,true
anglian:AWS00528:1788497260000,anglian:AWS00528,anglian,2026-09-04T04:47:40Z,2026-09-04T05:11:54Z,24,hub,2026-09-17T00:49:00Z,2026-09-17T00:49:00Z,true
anglian:AWS00529:1789210895000,anglian:AWS00529,anglian,2026-09-12T11:01:35Z,2026-09-12T11:02:36Z,1,hub,2026-09-17T00:49:00Z,2026-09-17T00:49:00Z,true
anglian:AWS00538:1789725976000,anglian:AWS00538,anglian,2026-09-18T10:06:16Z,2026-09-18T10:09:15Z,3,hub,2026-09-18T11:11:27Z,2026-09-18T11:11:27Z,true
anglian:AWS00539:1788500701000,anglian:AWS00539,anglian,2026-09-04T05:45:01Z,2026-09-04T06:00:01Z,15,hub,2026-09-17T00:49:00Z,2026-09-17T00:49:00Z,true
anglian:AWS00546:1788789601000,anglian:AWS00546,anglian,2026-09-07T14:00:01Z,2026-09-07T14:15:01Z,15,hub,2026-09-17T00:49:00Z,2026-09-17T00:49:00Z,true
anglian:AWS00546:1789683301000,anglian:AWS00546,anglian,2026-09-17T22:15:01Z,2026-09-17T22:30:01Z,15,hub,2026-09-17T23:18:07Z,2026-09-17T23:28:15Z,true
anglian:AWS00546:1789768801000,anglian:AWS00546,anglian,2026-09-18T22:00:01Z,2026-09-18T22:15:01Z,15,hub,2026-09-18T22:53:52Z,2026-09-18T23:14:14Z,true
anglian:AWS00549:1789649846000,anglian:AWS00549,anglian,2026-09-17T12:57:26Z,2026-09-17T12:57:26Z,0,hub,2026-09-17T13:51:58Z,2026-09-17T13:51:58Z,true
anglian:AWS00550:1789649846000,anglian:AWS00550,anglian,2026-09-17T12:57:26Z,2026-09-17T12:57:26Z,0,hub,2026-09-17T13:51:58Z,2026-09-17T13:51:58Z,true
anglian:AWS00552:1789286749000,anglian:AWS00552,anglian,2026-09-13T08:05:49Z,2026-09-13T08:08:30Z,3,hub,2026-09-17T00:49:00Z,2026-09-17T00:49:00Z,true
anglian:AWS00555:1788614977000,anglian:AWS00555,anglian,2026-09-05T13:29:37Z,2026-09-05T13:29:37Z,0,hub,2026-09-17T00:49:00Z,2026-09-17T00:49:00Z,true
anglian:AWS00563:1789292797000,anglian:AWS00563,anglian,2026-09-13T09:46:37Z,2026-09-13T09:51:16Z,5,hub,2026-09-17T00:49:00Z,2026-09-17T00:49:00Z,true
anglian:AWS00564:1789277628000,anglian:AWS00564,anglian,2026-09-13T05:33:48Z,2026-09-13T05:34:57Z,1,hub,2026-09-17T00:49:00Z,2026-09-17T00:49:00Z,true
anglian:AWS00584:1789201218000,anglian:AWS00584,anglian,2026-09-12T08:20:18Z,2026-09-12T08:20:18Z,0,hub,2026-09-17T00:49:00Z,2026-09-17T00:49:00Z,true
anglian:AWS00586:1788275894000,anglian:AWS00586,anglian,2026-09-01T15:18:14Z,2026-09-01T15:18:17Z,0,hub,2026-09-17T00:49:00Z,2026-09-17T00:49:00Z,true
anglian:AWS00595:1788922832000,anglian:AWS00595,anglian,2026-09-09T03:00:32Z,2026-09-17T08:45:56Z,11865,hub,2026-09-17T00:49:00Z,2026-09-17T00:49:00Z,false
anglian:AWS00595:1789634756000,anglian:AWS00595,anglian,2026-09-17T08:45:56Z,2026-09-17T08:45:56Z,0,hub,2026-09-17T11:32:49Z,2026-09-17T11:32:49Z,true
anglian:AWS00596:1789272901000,anglian:AWS00596,anglian,2026-09-13T04:15:01Z,2026-09-13T04:30:01Z,15,hub,2026-09-17T00:49:00Z,2026-09-17T00:49:00Z,true
anglian:AWS00602:1789728743000,anglian:AWS00602,anglian,2026-09-18T10:52:23Z,2026-09-18T10:53:24Z,1,hub,2026-09-18T14:37:46Z,2026-09-18T14:37:46Z,true
anglian:AWS00615:1788344383000,anglian:AWS00615,anglian,2026-09-02T10:19:43Z,2026-09-02T10:32:58Z,13,hub,2026-09-17T00:49:00Z,2026-09-17T00:49:00Z,true
anglian:AWS00619:1788980678000,anglian:AWS00619,anglian,2026-09-09T19:04:38Z,2026-09-09T19:04:48Z,0,hub,2026-09-17T00:49:00Z,2026-09-17T00:49:00Z,true
anglian:AWS00624:1789266499000,anglian:AWS00624,anglian,2026-09-13T02:28:19Z,2026-09-13T03:02:03Z,34,hub,2026-09-17T00:49:00Z,2026-09-17T00:49:00Z,true
anglian:AWS00626:1788491176000,anglian:AWS00626,anglian,2026-09-04T03:06:16Z,2026-09-04T04:01:54Z,56,hub,2026-09-17T00:49:00Z,2026-09-17T00:49:00Z,true
anglian:AWS00628:1788519039000,anglian:AWS00628,anglian,2026-09-04T10:50:39Z,2026-09-04T10:52:00Z,1,hub,2026-09-17T00:49:00Z,2026-09-17T00:49:00Z,true
anglian:AWS00629:1788497975000,anglian:AWS00629,anglian,2026-09-04T04:59:35Z,2026-09-04T05:07:22Z,8,hub,2026-09-17T00:49:00Z,2026-09-17T00:49:00Z,true
anglian:AWS00632:1789273721000,anglian:AWS00632,anglian,2026-09-13T04:28:41Z,2026-09-13T04:49:23Z,21,hub,2026-09-17T00:49:00Z,2026-09-17T00:49:00Z,true
anglian:AWS00636:1789077526000,anglian:AWS00636,anglian,2026-09-10T21:58:46Z,2026-09-10T22:00:42Z,2,hub,2026-09-17T00:49:00Z,2026-09-17T00:49:00Z,true
anglian:AWS00637:1788884646000,anglian:AWS00637,anglian,2026-09-08T16:24:06Z,2026-09-08T16:24:11Z,0,hub,2026-09-17T00:49:00Z,2026-09-17T00:49:00Z,true
anglian:AWS00645:1788883087000,anglian:AWS00645,anglian,2026-09-08T15:58:07Z,2026-09-08T17:52:03Z,114,hub,2026-09-17T00:49:00Z,2026-09-17T00:49:00Z,true
anglian:AWS00650:1789206221000,anglian:AWS00650,anglian,2026-09-12T09:43:41Z,2026-09-12T10:50:48Z,67,hub,2026-09-17T00:49:00Z,2026-09-17T00:49:00Z,true
anglian:AWS00663:1788881553000,anglian:AWS00663,anglian,2026-09-08T15:32:33Z,2026-09-08T15:36:27Z,4,hub,2026-09-17T00:49:00Z,2026-09-17T00:49:00Z,true
anglian:AWS00664:1789280985000,anglian:AWS00664,anglian,2026-09-13T06:29:45Z,2026-09-13T08:46:23Z,137,hub,2026-09-17T00:49:00Z,2026-09-17T00:49:00Z,true
anglian:AWS00667:1789615187000,anglian:AWS00667,anglian,2026-09-17T03:19:47Z,2026-09-17T03:20:15Z,0,hub,2026-09-17T11:32:49Z,2026-09-17T11:32:49Z,true
anglian:AWS00672:1789270201000,anglian:AWS00672,anglian,2026-09-13T03:30:01Z,2026-09-13T04:45:01Z,75,hub,2026-09-17T00:49:00Z,2026-09-17T00:49:00Z,true
anglian:AWS00676:1789268401000,anglian:AWS00676,anglian,2026-09-13T03:00:01Z,2026-09-13T03:30:01Z,30,hub,2026-09-17T00:49:00Z,2026-09-17T00:49:00Z,true
anglian:AWS00679:1788871966000,anglian:AWS00679,anglian,2026-09-08T12:52:46Z,2026-09-08T12:57:29Z,5,hub,2026-09-17T00:49:00Z,2026-09-17T00:49:00Z,true
anglian:AWS00680:1788499138000,anglian:AWS00680,anglian,2026-09-04T05:18:58Z,2026-09-04T07:13:01Z,114,hub,2026-09-17T00:49:00Z,2026-09-17T00:49:00Z,true
anglian:AWS00681:1788945240000,anglian:AWS00681,anglian,2026-09-09T09:14:00Z,2026-09-09T09:19:17Z,5,hub,2026-09-17T00:49:00Z,2026-09-17T00:49:00Z,true
anglian:AWS00684:1789269236000,anglian:AWS00684,anglian,2026-09-13T03:13:56Z,2026-09-13T04:01:20Z,47,hub,2026-09-17T00:49:00Z,2026-09-17T00:49:00Z,true
anglian:AWS00689:1788498288000,anglian:AWS00689,anglian,2026-09-04T05:04:48Z,2026-09-04T05:06:53Z,2,hub,2026-09-17T00:49:00Z,2026-09-17T00:49:00Z,true
anglian:AWS00690:1789592149000,anglian:AWS00690,anglian,2026-09-16T20:55:49Z,2026-09-16T20:56:00Z,0,hub,2026-09-17T00:49:00Z,2026-09-17T00:49:00Z,true
anglian:AWS00690:1789629747000,anglian:AWS00690,anglian,2026-09-17T07:22:27Z,2026-09-17T07:23:10Z,1,hub,2026-09-17T11:32:49Z,2026-09-17T11:32:49Z,true
anglian:AWS00690:1789647702000,anglian:AWS00690,anglian,2026-09-17T12:21:42Z,2026-09-17T12:24:23Z,3,hub,2026-09-17T13:51:58Z,2026-09-17T13:51:58Z,true
anglian:AWS00690:1789668248000,anglian:AWS00690,anglian,2026-09-17T18:04:08Z,2026-09-17T18:04:21Z,0,hub,2026-09-17T19:14:51Z,2026-09-17T19:14:51Z,true
anglian:AWS00690:1789679551000,anglian:AWS00690,anglian,2026-09-17T21:12:31Z,2026-09-17T21:12:44Z,0,hub,2026-09-17T22:13:42Z,2026-09-17T22:13:42Z,true
anglian:AWS00693:1789269153000,anglian:AWS00693,anglian,2026-09-13T03:12:33Z,2026-09-13T03:29:17Z,17,hub,2026-09-17T00:49:00Z,2026-09-17T00:49:00Z,true
anglian:AWS00693:1789734983000,anglian:AWS00693,anglian,2026-09-18T12:36:23Z,2026-09-18T12:38:08Z,2,hub,2026-09-18T14:37:46Z,2026-09-18T14:37:46Z,true
anglian:AWS00694:1789269356000,anglian:AWS00694,anglian,2026-09-13T03:15:56Z,2026-09-13T03:49:06Z,33,hub,2026-09-17T00:49:00Z,2026-09-17T00:49:00Z,true
anglian:AWS00706:1788501399000,anglian:AWS00706,anglian,2026-09-04T05:56:39Z,2026-09-04T07:53:44Z,117,hub,2026-09-17T00:49:00Z,2026-09-17T00:49:00Z,true
anglian:AWS00707:1789736912000,anglian:AWS00707,anglian,2026-09-18T13:08:32Z,2026-09-18T13:13:43Z,5,hub,2026-09-18T14:37:46Z,2026-09-18T14:37:46Z,true
anglian:AWS00711:1789271967000,anglian:AWS00711,anglian,2026-09-13T03:59:27Z,2026-09-13T05:00:50Z,61,hub,2026-09-17T00:49:00Z,2026-09-17T00:49:00Z,true
anglian:AWS00725:1788509695000,anglian:AWS00725,anglian,2026-09-04T08:14:55Z,2026-09-04T08:24:33Z,10,hub,2026-09-17T00:49:00Z,2026-09-17T00:49:00Z,true
anglian:AWS00726:1789301414000,anglian:AWS00726,anglian,2026-09-13T12:10:14Z,2026-09-13T12:24:48Z,15,hub,2026-09-17T00:49:00Z,2026-09-17T00:49:00Z,true
anglian:AWS00727:1789301798000,anglian:AWS00727,anglian,2026-09-13T12:16:38Z,2026-09-13T12:35:34Z,19,hub,2026-09-17T00:49:00Z,2026-09-17T00:49:00Z,true
anglian:AWS00728:1788509815000,anglian:AWS00728,anglian,2026-09-04T08:16:55Z,2026-09-04T08:18:45Z,2,hub,2026-09-17T00:49:00Z,2026-09-17T00:49:00Z,true
anglian:AWS00729:1788509739000,anglian:AWS00729,anglian,2026-09-04T08:15:39Z,2026-09-04T08:21:28Z,6,hub,2026-09-17T00:49:00Z,2026-09-17T00:49:00Z,true
anglian:AWS00730:1788509626000,anglian:AWS00730,anglian,2026-09-04T08:13:46Z,2026-09-04T08:28:09Z,14,hub,2026-09-17T00:49:00Z,2026-09-17T00:49:00Z,true
anglian:AWS00731:1789301734000,anglian:AWS00731,anglian,2026-09-13T12:15:34Z,2026-09-13T12:24:55Z,9,hub,2026-09-17T00:49:00Z,2026-09-17T00:49:00Z,true
anglian:AWS00736:1788491417000,anglian:AWS00736,anglian,2026-09-04T03:10:17Z,2026-09-04T03:23:53Z,14,hub,2026-09-17T00:49:00Z,2026-09-17T00:49:00Z,true
anglian:AWS00739:1789273161000,anglian:AWS00739,anglian,2026-09-13T04:19:21Z,2026-09-13T04:35:37Z,16,hub,2026-09-17T00:49:00Z,2026-09-17T00:49:00Z,true
anglian:AWS00740:1789563144000,anglian:AWS00740,anglian,2026-09-16T12:52:24Z,2026-09-16T13:36:54Z,45,hub,2026-09-17T00:49:00Z,2026-09-17T00:49:00Z,true
anglian:AWS00748:1788504606000,anglian:AWS00748,anglian,2026-09-04T06:50:06Z,2026-09-04T08:44:09Z,114,hub,2026-09-17T00:49:00Z,2026-09-17T00:49:00Z,true
anglian:AWS00749:1789208432000,anglian:AWS00749,anglian,2026-09-12T10:20:32Z,2026-09-12T10:29:38Z,9,hub,2026-09-17T00:49:00Z,2026-09-17T00:49:00Z,true
anglian:AWS00752:1788612963000,anglian:AWS00752,anglian,2026-09-05T12:56:03Z,2026-09-05T13:52:21Z,56,hub,2026-09-17T00:49:00Z,2026-09-17T00:49:00Z,true
anglian:AWS00758:1789519714000,anglian:AWS00758,anglian,2026-09-16T00:48:34Z,2026-09-16T00:58:27Z,10,hub,2026-09-17T00:49:00Z,2026-09-17T00:49:00Z,true
anglian:AWS00764:1788515212000,anglian:AWS00764,anglian,2026-09-04T09:46:52Z,2026-09-04T09:48:16Z,1,hub,2026-09-17T00:49:00Z,2026-09-17T00:49:00Z,true
anglian:AWS00766:1789390369000,anglian:AWS00766,anglian,2026-09-14T12:52:49Z,2026-09-14T12:53:45Z,1,hub,2026-09-17T00:49:00Z,2026-09-17T00:49:00Z,true
anglian:AWS00767:1789381124000,anglian:AWS00767,anglian,2026-09-14T10:18:44Z,2026-09-14T10:29:16Z,11,hub,2026-09-17T00:49:00Z,2026-09-17T00:49:00Z,true
anglian:AWS00768:1789278655000,anglian:AWS00768,anglian,2026-09-13T05:50:55Z,2026-09-13T10:33:02Z,282,hub,2026-09-17T00:49:00Z,2026-09-17T00:49:00Z,true
anglian:AWS00770:1788491040000,anglian:AWS00770,anglian,2026-09-04T03:04:00Z,2026-09-04T03:08:39Z,5,hub,2026-09-17T00:49:00Z,2026-09-17T00:49:00Z,true
anglian:AWS00772:1788497965000,anglian:AWS00772,anglian,2026-09-04T04:59:25Z,2026-09-04T05:34:40Z,35,hub,2026-09-17T00:49:00Z,2026-09-17T00:49:00Z,true
anglian:AWS00774:1788492584000,anglian:AWS00774,anglian,2026-09-04T03:29:44Z,2026-09-04T03:34:22Z,5,hub,2026-09-17T00:49:00Z,2026-09-17T00:49:00Z,true
anglian:AWS00775:1788492509000,anglian:AWS00775,anglian,2026-09-04T03:28:29Z,2026-09-04T03:42:13Z,14,hub,2026-09-17T00:49:00Z,2026-09-17T00:49:00Z,true
anglian:AWS00776:1788490370000,anglian:AWS00776,anglian,2026-09-04T02:52:50Z,2026-09-04T03:54:52Z,62,hub,2026-09-17T00:49:00Z,2026-09-17T00:49:00Z,true
anglian:AWS00786:1789072543000,anglian:AWS00786,anglian,2026-09-10T20:35:43Z,2026-09-10T20:47:55Z,12,hub,2026-09-17T00:49:00Z,2026-09-17T00:49:00Z,true
anglian:AWS00787:1788505184000,anglian:AWS00787,anglian,2026-09-04T06:59:44Z,2026-09-04T07:04:24Z,5,hub,2026-09-17T00:49:00Z,2026-09-17T00:49:00Z,true
anglian:AWS00788:1788888657000,anglian:AWS00788,anglian,2026-09-08T17:30:57Z,2026-09-08T17:46:31Z,16,hub,2026-09-17T00:49:00Z,2026-09-17T00:49:00Z,true
anglian:AWS00789:1789272490000,anglian:AWS00789,anglian,2026-09-13T04:08:10Z,2026-09-13T06:59:23Z,171,hub,2026-09-17T00:49:00Z,2026-09-17T00:49:00Z,true
anglian:AWS00790:1789333200000,anglian:AWS00790,anglian,2026-09-13T21:00:00Z,2026-09-13T21:15:00Z,15,hub,2026-09-17T00:49:00Z,2026-09-17T00:49:00Z,true
anglian:AWS00802:1789470819000,anglian:AWS00802,anglian,2026-09-15T11:13:39Z,2026-09-15T11:23:01Z,9,hub,2026-09-17T00:49:00Z,2026-09-17T00:49:00Z,true
anglian:AWS00804:1788504194000,anglian:AWS00804,anglian,2026-09-04T06:43:14Z,2026-09-04T06:43:21Z,0,hub,2026-09-17T00:49:00Z,2026-09-17T00:49:00Z,true
anglian:AWS00805:1788530641000,anglian:AWS00805,anglian,2026-09-04T14:04:01Z,2026-09-04T14:51:08Z,47,hub,2026-09-17T00:49:00Z,2026-09-17T00:49:00Z,true
anglian:AWS00810:1788352878000,anglian:AWS00810,anglian,2026-09-02T12:41:18Z,2026-09-02T12:41:18Z,0,hub,2026-09-17T00:49:00Z,2026-09-17T00:49:00Z,true
anglian:AWS00811:1788448589000,anglian:AWS00811,anglian,2026-09-03T15:16:29Z,2026-09-03T15:16:52Z,0,hub,2026-09-17T00:49:00Z,2026-09-17T00:49:00Z,true
anglian:AWS00814:1788506528000,anglian:AWS00814,anglian,2026-09-04T07:22:08Z,2026-09-04T07:23:53Z,2,hub,2026-09-17T00:49:00Z,2026-09-17T00:49:00Z,true
anglian:AWS00822:1788506388000,anglian:AWS00822,anglian,2026-09-04T07:19:48Z,2026-09-04T07:51:04Z,31,hub,2026-09-17T00:49:00Z,2026-09-17T00:49:00Z,true
anglian:AWS00823:1789378262000,anglian:AWS00823,anglian,2026-09-14T09:31:02Z,2026-09-14T09:31:02Z,0,hub,2026-09-17T00:49:00Z,2026-09-17T00:49:00Z,true
anglian:AWS00825:1788931408000,anglian:AWS00825,anglian,2026-09-09T05:23:28Z,2026-09-09T05:25:27Z,2,hub,2026-09-17T00:49:00Z,2026-09-17T00:49:00Z,true
anglian:AWS00827:1788888224000,anglian:AWS00827,anglian,2026-09-08T17:23:44Z,2026-09-08T17:24:45Z,1,hub,2026-09-17T00:49:00Z,2026-09-17T00:49:00Z,true
anglian:AWS00833:1789548289000,anglian:AWS00833,anglian,2026-09-16T08:44:49Z,2026-09-16T08:45:11Z,0,hub,2026-09-17T00:49:00Z,2026-09-17T00:49:00Z,true
anglian:AWS00833:1789631574000,anglian:AWS00833,anglian,2026-09-17T07:52:54Z,2026-09-17T07:53:15Z,0,hub,2026-09-17T11:32:49Z,2026-09-17T11:32:49Z,true
anglian:AWS00833:1789730291000,anglian:AWS00833,anglian,2026-09-18T11:18:11Z,2026-09-18T11:18:31Z,0,hub,2026-09-18T14:37:46Z,2026-09-18T14:37:46Z,true
anglian:AWS00839:1788496274000,anglian:AWS00839,anglian,2026-09-04T04:31:14Z,2026-09-04T05:08:19Z,37,hub,2026-09-17T00:49:00Z,2026-09-17T00:49:00Z,true
anglian:AWS00842:1788500905000,anglian:AWS00842,anglian,2026-09-04T05:48:25Z,2026-09-04T06:06:26Z,18,hub,2026-09-17T00:49:00Z,2026-09-17T00:49:00Z,true
anglian:AWS00849:1789480888000,anglian:AWS00849,anglian,2026-09-15T14:01:28Z,2026-09-15T14:22:20Z,21,hub,2026-09-17T00:49:00Z,2026-09-17T00:49:00Z,true
anglian:AWS00853:1789545601000,anglian:AWS00853,anglian,2026-09-16T08:00:01Z,2026-09-16T08:15:01Z,15,hub,2026-09-17T00:49:00Z,2026-09-17T00:49:00Z,true
anglian:AWS00854:1789270201000,anglian:AWS00854,anglian,2026-09-13T03:30:01Z,2026-09-13T03:45:01Z,15,hub,2026-09-17T00:49:00Z,2026-09-17T00:49:00Z,true
anglian:AWS00856:1788496475000,anglian:AWS00856,anglian,2026-09-04T04:34:35Z,2026-09-04T05:23:28Z,49,hub,2026-09-17T00:49:00Z,2026-09-17T00:49:00Z,true
anglian:AWS00858:1788872146000,anglian:AWS00858,anglian,2026-09-08T12:55:46Z,2026-09-08T13:28:15Z,32,hub,2026-09-17T00:49:00Z,2026-09-17T00:49:00Z,true
anglian:AWS00860:1788510338000,anglian:AWS00860,anglian,2026-09-04T08:25:38Z,2026-09-04T11:16:49Z,171,hub,2026-09-17T00:49:00Z,2026-09-17T00:49:00Z,true
anglian:AWS00862:1789641843000,anglian:AWS00862,anglian,2026-09-17T10:52:26Z,2026-09-17T10:52:50Z,0,hub,2026-09-17T11:32:49Z,2026-09-17T13:51:58Z,true
anglian:AWS00868:1789767437000,anglian:AWS00868,anglian,2026-09-18T21:37:17Z,,,hub,2026-09-18T22:43:41Z,2026-09-18T22:43:41Z,
anglian:AWS00870:1789461819000,anglian:AWS00870,anglian,2026-09-15T08:43:39Z,2026-09-15T08:55:08Z,11,hub,2026-09-17T00:49:00Z,2026-09-17T00:49:00Z,true
anglian:AWS00871:1789307491000,anglian:AWS00871,anglian,2026-09-13T13:51:31Z,2026-09-13T13:52:30Z,1,hub,2026-09-17T00:49:00Z,2026-09-17T00:49:00Z,true
anglian:AWS00872:1788505302000,anglian:AWS00872,anglian,2026-09-04T07:01:42Z,2026-09-04T07:15:02Z,13,hub,2026-09-17T00:49:00Z,2026-09-17T00:49:00Z,true
anglian:AWS00874:1788898387000,anglian:AWS00874,anglian,2026-09-08T20:13:07Z,2026-09-08T20:25:17Z,12,hub,2026-09-17T00:49:00Z,2026-09-17T00:49:00Z,true
anglian:AWS00875:1789280591000,anglian:AWS00875,anglian,2026-09-13T06:23:11Z,2026-09-13T11:28:49Z,306,hub,2026-09-17T00:49:00Z,2026-09-17T00:49:00Z,true
anglian:AWS00876:1789219865000,anglian:AWS00876,anglian,2026-09-12T13:31:05Z,2026-09-12T13:31:30Z,0,hub,2026-09-17T00:49:00Z,2026-09-17T00:49:00Z,true
anglian:AWS00878:1789372919000,anglian:AWS00878,anglian,2026-09-14T08:01:59Z,2026-09-14T08:02:36Z,1,hub,2026-09-17T00:49:00Z,2026-09-17T00:49:00Z,true
anglian:AWS00880:1789270748000,anglian:AWS00880,anglian,2026-09-13T03:39:08Z,2026-09-13T04:20:59Z,42,hub,2026-09-17T00:49:00Z,2026-09-17T00:49:00Z,true
anglian:AWS00881:1788248772000,anglian:AWS00881,anglian,2026-09-01T07:46:12Z,2026-09-01T07:49:42Z,4,hub,2026-09-17T00:49:00Z,2026-09-17T00:49:00Z,true
anglian:AWS00883:1789283612000,anglian:AWS00883,anglian,2026-09-13T07:13:32Z,2026-09-13T10:52:10Z,219,hub,2026-09-17T00:49:00Z,2026-09-17T00:49:00Z,true
anglian:AWS00884:1789111148000,anglian:AWS00884,anglian,2026-09-11T07:19:08Z,2026-09-11T07:20:15Z,1,hub,2026-09-17T00:49:00Z,2026-09-17T00:49:00Z,true
anglian:AWS00888:1788487217000,anglian:AWS00888,anglian,2026-09-04T02:00:17Z,2026-09-04T02:19:42Z,19,hub,2026-09-17T00:49:00Z,2026-09-17T00:49:00Z,true
anglian:AWS00891:1788878338000,anglian:AWS00891,anglian,2026-09-08T14:38:58Z,2026-09-08T14:45:39Z,7,hub,2026-09-17T00:49:00Z,2026-09-17T00:49:00Z,true
anglian:AWS00893:1788497279000,anglian:AWS00893,anglian,2026-09-04T04:47:59Z,2026-09-04T04:49:48Z,2,hub,2026-09-17T00:49:00Z,2026-09-17T00:49:00Z,true
anglian:AWS00895:1789581313000,anglian:AWS00895,anglian,2026-09-16T17:55:13Z,2026-09-16T17:55:16Z,0,hub,2026-09-17T00:49:00Z,2026-09-17T00:49:00Z,true
anglian:AWS00895:1789630089000,anglian:AWS00895,anglian,2026-09-17T07:28:09Z,2026-09-17T07:28:41Z,1,hub,2026-09-17T11:32:49Z,2026-09-17T11:32:49Z,true
anglian:AWS00898:1788498575000,anglian:AWS00898,anglian,2026-09-04T05:09:35Z,2026-09-04T05:35:29Z,26,hub,2026-09-17T00:49:00Z,2026-09-17T00:49:00Z,true
anglian:AWS00901:1788502898000,anglian:AWS00901,anglian,2026-09-04T06:21:38Z,2026-09-04T06:22:02Z,0,hub,2026-09-17T00:49:00Z,2026-09-17T00:49:00Z,true
anglian:AWS00907:1789269939000,anglian:AWS00907,anglian,2026-09-13T03:25:39Z,2026-09-13T03:39:17Z,14,hub,2026-09-17T00:49:00Z,2026-09-17T00:49:00Z,true
anglian:AWS00908:1788614977000,anglian:AWS00908,anglian,2026-09-05T13:29:37Z,2026-09-05T13:29:37Z,0,hub,2026-09-17T00:49:00Z,2026-09-17T00:49:00Z,true
anglian:AWS00909:1788614977000,anglian:AWS00909,anglian,2026-09-05T13:29:37Z,2026-09-05T13:29:37Z,0,hub,2026-09-17T00:49:00Z,2026-09-17T00:49:00Z,true
anglian:AWS00911:1789596738000,anglian:AWS00911,anglian,2026-09-16T22:12:18Z,2026-09-16T22:16:50Z,5,hub,2026-09-17T00:49:00Z,2026-09-17T00:49:00Z,true
anglian:AWS00911:1789683379000,anglian:AWS00911,anglian,2026-09-17T22:16:19Z,2026-09-17T22:20:50Z,5,hub,2026-09-17T23:28:15Z,2026-09-17T23:28:15Z,true
anglian:AWS00912:1789186794000,anglian:AWS00912,anglian,2026-09-12T04:19:54Z,2026-09-12T04:21:47Z,2,hub,2026-09-17T00:49:00Z,2026-09-17T00:49:00Z,true
anglian:AWS00912:1789702391000,anglian:AWS00912,anglian,2026-09-18T03:33:11Z,2026-09-18T03:35:03Z,2,hub,2026-09-18T05:53:28Z,2026-09-18T05:53:28Z,true
anglian:AWS00915:1788614977000,anglian:AWS00915,anglian,2026-09-05T13:29:37Z,2026-09-05T13:29:37Z,0,hub,2026-09-17T00:49:00Z,2026-09-17T00:49:00Z,true
anglian:AWS00916:1789269780000,anglian:AWS00916,anglian,2026-09-13T03:23:00Z,2026-09-13T03:28:00Z,5,hub,2026-09-17T00:49:00Z,2026-09-17T00:49:00Z,true
anglian:AWS00927:1788506289000,anglian:AWS00927,anglian,2026-09-04T07:18:09Z,2026-09-04T09:02:13Z,104,hub,2026-09-17T00:49:00Z,2026-09-17T00:49:00Z,true
anglian:AWS00928:1788502358000,anglian:AWS00928,anglian,2026-09-04T06:12:38Z,2026-09-04T06:17:21Z,5,hub,2026-09-17T00:49:00Z,2026-09-17T00:49:00Z,true
anglian:AWS00934:1788487680000,anglian:AWS00934,anglian,2026-09-04T02:08:00Z,2026-09-04T02:30:24Z,22,hub,2026-09-17T00:49:00Z,2026-09-17T00:49:00Z,true
anglian:AWS00939:1788872453000,anglian:AWS00939,anglian,2026-09-08T13:00:53Z,2026-09-08T13:05:20Z,4,hub,2026-09-17T00:49:00Z,2026-09-17T00:49:00Z,true
anglian:AWS00940:1789383601000,anglian:AWS00940,anglian,2026-09-14T11:00:01Z,2026-09-14T11:15:01Z,15,hub,2026-09-17T00:49:00Z,2026-09-17T00:49:00Z,true
anglian:AWS00945:1788502345000,anglian:AWS00945,anglian,2026-09-04T06:12:25Z,2026-09-04T06:20:17Z,8,hub,2026-09-17T00:49:00Z,2026-09-17T00:49:00Z,true
anglian:AWS00950:1789483522000,anglian:AWS00950,anglian,2026-09-15T14:45:22Z,2026-09-15T14:45:22Z,0,hub,2026-09-17T00:49:00Z,2026-09-17T00:49:00Z,true
anglian:AWS00954:1789427884000,anglian:AWS00954,anglian,2026-09-14T23:18:04Z,2026-09-14T23:18:06Z,0,hub,2026-09-17T00:49:00Z,2026-09-17T00:49:00Z,true
anglian:AWS00958:1788501599000,anglian:AWS00958,anglian,2026-09-04T05:59:59Z,2026-09-04T06:17:08Z,17,hub,2026-09-17T00:49:00Z,2026-09-17T00:49:00Z,true
anglian:AWS00959:1789117925000,anglian:AWS00959,anglian,2026-09-11T09:12:05Z,2026-09-11T09:12:05Z,0,hub,2026-09-17T00:49:00Z,2026-09-17T00:49:00Z,true
anglian:AWS00960:1788502071000,anglian:AWS00960,anglian,2026-09-04T06:07:51Z,2026-09-04T06:32:09Z,24,hub,2026-09-17T00:49:00Z,2026-09-17T00:49:00Z,true
anglian:AWS00965:1788472413000,anglian:AWS00965,anglian,2026-09-03T21:53:33Z,2026-09-03T21:58:11Z,5,hub,2026-09-17T00:49:00Z,2026-09-17T00:49:00Z,true
anglian:AWS00965:1789682058000,anglian:AWS00965,anglian,2026-09-17T21:54:18Z,2026-09-17T21:58:55Z,5,hub,2026-09-17T22:57:48Z,2026-09-17T22:57:48Z,true
anglian:AWS00966:1789271455000,anglian:AWS00966,anglian,2026-09-13T03:50:55Z,2026-09-14T15:31:45Z,2141,hub,2026-09-17T00:49:00Z,2026-09-17T00:49:00Z,true
anglian:AWS00974:1788491684000,anglian:AWS00974,anglian,2026-09-04T03:14:44Z,2026-09-04T04:02:41Z,48,hub,2026-09-17T00:49:00Z,2026-09-17T00:49:00Z,true
anglian:AWS00977:1789066993000,anglian:AWS00977,anglian,2026-09-10T19:03:13Z,2026-09-10T19:08:43Z,6,hub,2026-09-17T00:49:00Z,2026-09-17T00:49:00Z,true
anglian:AWS00979:1788342524000,anglian:AWS00979,anglian,2026-09-02T09:48:44Z,2026-09-02T09:50:53Z,2,hub,2026-09-17T00:49:00Z,2026-09-17T00:49:00Z,true
anglian:AWS00983:1788515130000,anglian:AWS00983,anglian,2026-09-04T09:45:30Z,2026-09-04T09:47:53Z,2,hub,2026-09-17T00:49:00Z,2026-09-17T00:49:00Z,true
anglian:AWS00986:1788499902000,anglian:AWS00986,anglian,2026-09-04T05:31:42Z,2026-09-04T05:33:31Z,2,hub,2026-09-17T00:49:00Z,2026-09-17T00:49:00Z,true
anglian:AWS00987:1788500015000,anglian:AWS00987,anglian,2026-09-04T05:33:35Z,2026-09-04T05:56:45Z,23,hub,2026-09-17T00:49:00Z,2026-09-17T00:49:00Z,true
anglian:AWS00988:1788866027000,anglian:AWS00988,anglian,2026-09-08T11:13:47Z,2026-09-08T11:14:06Z,0,hub,2026-09-17T00:49:00Z,2026-09-17T00:49:00Z,true
anglian:AWS00993:1789113565000,anglian:AWS00993,anglian,2026-09-11T07:59:25Z,2026-09-11T08:00:34Z,1,hub,2026-09-17T00:49:00Z,2026-09-17T00:49:00Z,true
anglian:AWS00994:1789480464000,anglian:AWS00994,anglian,2026-09-15T13:54:24Z,2026-09-15T13:58:56Z,5,hub,2026-09-17T00:49:00Z,2026-09-17T00:49:00Z,true
anglian:AWS00996:1789375670000,anglian:AWS00996,anglian,2026-09-14T08:47:50Z,2026-09-14T08:50:55Z,3,hub,2026-09-17T00:49:00Z,2026-09-17T00:49:00Z,true
anglian:AWS01004:1788223737000,anglian:AWS01004,anglian,2026-09-01T00:48:57Z,2026-09-01T03:41:45Z,173,hub,2026-09-17T00:49:00Z,2026-09-17T00:49:00Z,true
anglian:AWS01004:1789611159000,anglian:AWS01004,anglian,2026-09-17T02:12:39Z,2026-09-17T04:17:59Z,125,hub,2026-09-17T11:32:49Z,2026-09-17T11:32:49Z,true
anglian:AWS01011:1788503663000,anglian:AWS01011,anglian,2026-09-04T06:34:23Z,2026-09-04T06:34:23Z,0,hub,2026-09-17T00:49:00Z,2026-09-17T00:49:00Z,true
anglian:AWS01016:1789218105000,anglian:AWS01016,anglian,2026-09-12T13:01:45Z,2026-09-12T13:01:57Z,0,hub,2026-09-17T00:49:00Z,2026-09-17T00:49:00Z,true
anglian:AWS01016:1789609962000,anglian:AWS01016,anglian,2026-09-17T01:52:42Z,2026-09-17T01:52:59Z,0,hub,2026-09-17T11:32:49Z,2026-09-17T11:32:49Z,true
anglian:AWS01018:1789272060000,anglian:AWS01018,anglian,2026-09-13T04:01:00Z,2026-09-13T04:45:01Z,44,hub,2026-09-17T00:49:00Z,2026-09-17T00:49:00Z,true
anglian:AWS01020:1789270330000,anglian:AWS01020,anglian,2026-09-13T03:32:10Z,2026-09-13T03:32:13Z,0,hub,2026-09-17T00:49:00Z,2026-09-17T00:49:00Z,true
anglian:AWS01022:1788419574000,anglian:AWS01022,anglian,2026-09-03T07:12:54Z,2026-09-03T07:12:54Z,0,hub,2026-09-17T00:49:00Z,2026-09-17T00:49:00Z,true
anglian:AWS01023:1789275962000,anglian:AWS01023,anglian,2026-09-13T05:06:02Z,2026-09-13T05:10:31Z,4,hub,2026-09-17T00:49:00Z,2026-09-17T00:49:00Z,true
anglian:AWS01024:1789274002000,anglian:AWS01024,anglian,2026-09-13T04:33:22Z,2026-09-13T10:51:28Z,378,hub,2026-09-17T00:49:00Z,2026-09-17T00:49:00Z,true
anglian:AWS01030:1789271101000,anglian:AWS01030,anglian,2026-09-13T03:45:01Z,2026-09-13T04:15:09Z,30,hub,2026-09-17T00:49:00Z,2026-09-17T00:49:00Z,true
anglian:AWS01032:1789277763000,anglian:AWS01032,anglian,2026-09-13T05:36:03Z,2026-09-13T05:36:03Z,0,hub,2026-09-17T00:49:00Z,2026-09-17T00:49:00Z,true
anglian:AWS01036:1788855310000,anglian:AWS01036,anglian,2026-09-08T08:15:10Z,2026-09-08T08:15:10Z,0,hub,2026-09-17T00:49:00Z,2026-09-17T00:49:00Z,true
anglian:AWS01038:1788889955000,anglian:AWS01038,anglian,2026-09-08T17:52:35Z,2026-09-08T17:52:38Z,0,hub,2026-09-17T00:49:00Z,2026-09-17T00:49:00Z,true
anglian:AWS01051:1789272051000,anglian:AWS01051,anglian,2026-09-13T04:00:51Z,2026-09-13T05:15:41Z,75,hub,2026-09-17T00:49:00Z,2026-09-17T00:49:00Z,true
anglian:AWS01052:1788353276000,anglian:AWS01052,anglian,2026-09-02T12:47:56Z,2026-09-02T12:47:56Z,0,hub,2026-09-17T00:49:00Z,2026-09-17T00:49:00Z,true
anglian:AWS01063:1789270988000,anglian:AWS01063,anglian,2026-09-13T03:43:08Z,2026-09-13T03:55:50Z,13,hub,2026-09-17T00:49:00Z,2026-09-17T00:49:00Z,true
anglian:AWS01064:1789274196000,anglian:AWS01064,anglian,2026-09-13T04:36:36Z,2026-09-13T04:36:40Z,0,hub,2026-09-17T00:49:00Z,2026-09-17T00:49:00Z,true
anglian:AWS01065:1789270201000,anglian:AWS01065,anglian,2026-09-13T03:30:01Z,2026-09-13T03:45:01Z,15,hub,2026-09-17T00:49:00Z,2026-09-17T00:49:00Z,true
anglian:AWS01067:1788510560000,anglian:AWS01067,anglian,2026-09-04T08:29:20Z,2026-09-04T08:48:46Z,19,hub,2026-09-17T00:49:00Z,2026-09-17T00:49:00Z,true
anglian:AWS01069:1789500707000,anglian:AWS01069,anglian,2026-09-15T19:31:47Z,2026-09-15T19:44:20Z,13,hub,2026-09-17T00:49:00Z,2026-09-17T00:49:00Z,true
anglian:AWS01070:1789049047000,anglian:AWS01070,anglian,2026-09-10T14:04:07Z,2026-09-10T14:08:50Z,5,hub,2026-09-17T00:49:00Z,2026-09-17T00:49:00Z,true
anglian:AWS01073:1789341314000,anglian:AWS01073,anglian,2026-09-13T23:15:14Z,2026-09-13T23:48:27Z,33,hub,2026-09-17T00:49:00Z,2026-09-17T00:49:00Z,true
anglian:AWS01077:1788878329000,anglian:AWS01077,anglian,2026-09-08T14:38:49Z,2026-09-08T17:51:32Z,193,hub,2026-09-17T00:49:00Z,2026-09-17T00:49:00Z,true
anglian:AWS01079:1789272082000,anglian:AWS01079,anglian,2026-09-13T04:01:22Z,2026-09-13T04:15:19Z,14,hub,2026-09-17T00:49:00Z,2026-09-17T00:49:00Z,true
anglian:AWS01081:1788507749000,anglian:AWS01081,anglian,2026-09-04T07:42:29Z,2026-09-04T07:42:38Z,0,hub,2026-09-17T00:49:00Z,2026-09-17T00:49:00Z,true
anglian:AWS01084:1789760683000,anglian:AWS01084,anglian,2026-09-18T19:44:43Z,2026-09-18T19:45:29Z,1,hub,2026-09-18T20:31:36Z,2026-09-18T20:51:53Z,true
anglian:AWS01086:1789646418000,anglian:AWS01086,anglian,2026-09-17T12:00:18Z,2026-09-17T12:00:19Z,0,hub,2026-09-17T13:51:58Z,2026-09-17T13:51:58Z,true
anglian:AWS01087:1789642151000,anglian:AWS01087,anglian,2026-09-17T10:49:11Z,2026-09-17T10:51:08Z,2,hub,2026-09-17T13:51:58Z,2026-09-17T13:51:58Z,true
anglian:AWS01092:1789276654000,anglian:AWS01092,anglian,2026-09-13T05:17:34Z,2026-09-13T05:22:29Z,5,hub,2026-09-17T00:49:00Z,2026-09-17T00:49:00Z,true
anglian:AWS01100:1788491453000,anglian:AWS01100,anglian,2026-09-04T03:10:53Z,2026-09-04T04:47:03Z,96,hub,2026-09-17T00:49:00Z,2026-09-17T00:49:00Z,true
anglian:AWS01101:1788494227000,anglian:AWS01101,anglian,2026-09-04T03:57:07Z,2026-09-04T04:02:07Z,5,hub,2026-09-17T00:49:00Z,2026-09-17T00:49:00Z,true
anglian:AWS01102:1788524372000,anglian:AWS01102,anglian,2026-09-04T12:19:32Z,2026-09-04T12:24:08Z,5,hub,2026-09-17T00:49:00Z,2026-09-17T00:49:00Z,true
anglian:AWS01103:1788515490000,anglian:AWS01103,anglian,2026-09-04T09:51:30Z,2026-09-04T09:52:19Z,1,hub,2026-09-17T00:49:00Z,2026-09-17T00:49:00Z,true
anglian:AWS01105:1788418543000,anglian:AWS01105,anglian,2026-09-03T06:55:43Z,2026-09-03T07:00:24Z,5,hub,2026-09-17T00:49:00Z,2026-09-17T00:49:00Z,true
anglian:AWS01112:1789271312000,anglian:AWS01112,anglian,2026-09-13T03:48:32Z,2026-09-13T03:59:33Z,11,hub,2026-09-17T00:49:00Z,2026-09-17T00:49:00Z,true
anglian:AWS01121:1789571168000,anglian:AWS01121,anglian,2026-09-16T15:06:08Z,2026-09-16T15:06:16Z,0,hub,2026-09-17T00:49:00Z,2026-09-17T00:49:00Z,true
anglian:AWS01127:1788511542000,anglian:AWS01127,anglian,2026-09-04T08:45:42Z,2026-09-04T08:56:15Z,11,hub,2026-09-17T00:49:00Z,2026-09-17T00:49:00Z,true
anglian:AWS01129:1789293601000,anglian:AWS01129,anglian,2026-09-13T10:00:01Z,2026-09-13T10:15:01Z,15,hub,2026-09-17T00:49:00Z,2026-09-17T00:49:00Z,true
anglian:AWS01131:1788848885000,anglian:AWS01131,anglian,2026-09-08T06:28:05Z,2026-09-08T06:52:01Z,24,hub,2026-09-17T00:49:00Z,2026-09-17T00:49:00Z,true
anglian:AWS01134:1788876833000,anglian:AWS01134,anglian,2026-09-08T14:13:53Z,2026-09-08T14:31:53Z,18,hub,2026-09-17T00:49:00Z,2026-09-17T00:49:00Z,true
anglian:AWS01135:1789307708000,anglian:AWS01135,anglian,2026-09-13T13:55:08Z,2026-09-13T13:57:29Z,2,hub,2026-09-17T00:49:00Z,2026-09-17T00:49:00Z,true
anglian:AWS01148:1789269349000,anglian:AWS01148,anglian,2026-09-13T03:15:49Z,2026-09-13T03:58:43Z,43,hub,2026-09-17T00:49:00Z,2026-09-17T00:49:00Z,true
anglian:AWS01152:1789266043000,anglian:AWS01152,anglian,2026-09-13T02:20:43Z,2026-09-13T03:04:03Z,43,hub,2026-09-17T00:49:00Z,2026-09-17T00:49:00Z,true
anglian:AWS01153:1788502501000,anglian:AWS01153,anglian,2026-09-04T06:15:01Z,2026-09-04T06:45:01Z,30,hub,2026-09-17T00:49:00Z,2026-09-17T00:49:00Z,true
anglian:AWS01154:1788337766000,anglian:AWS01154,anglian,2026-09-02T08:29:26Z,2026-09-02T08:30:28Z,1,hub,2026-09-17T00:49:00Z,2026-09-17T00:49:00Z,true
anglian:AWS01159:1789372802000,anglian:AWS01159,anglian,2026-09-14T08:00:02Z,2026-09-14T08:01:58Z,2,hub,2026-09-17T00:49:00Z,2026-09-17T00:49:00Z,true
anglian:AWS01160:1789272863000,anglian:AWS01160,anglian,2026-09-13T04:14:23Z,2026-09-13T04:14:23Z,0,hub,2026-09-17T00:49:00Z,2026-09-17T00:49:00Z,true
anglian:AWS01166:1789500898000,anglian:AWS01166,anglian,2026-09-15T19:34:58Z,2026-09-15T19:39:30Z,5,hub,2026-09-17T00:49:00Z,2026-09-17T00:49:00Z,true
anglian:AWS01168:1789508726000,anglian:AWS01168,anglian,2026-09-15T21:45:26Z,2026-09-15T21:47:19Z,2,hub,2026-09-17T00:49:00Z,2026-09-17T00:49:00Z,true
anglian:AWS01169:1789465494000,anglian:AWS01169,anglian,2026-09-15T09:44:54Z,2026-09-15T09:48:30Z,4,hub,2026-09-17T00:49:00Z,2026-09-17T00:49:00Z,true
anglian:AWS01173:1788878584000,anglian:AWS01173,anglian,2026-09-08T14:43:04Z,2026-09-08T14:52:36Z,10,hub,2026-09-17T00:49:00Z,2026-09-17T00:49:00Z,true
anglian:AWS01179:1788894391000,anglian:AWS01179,anglian,2026-09-08T19:06:31Z,2026-09-08T19:21:14Z,15,hub,2026-09-17T00:49:00Z,2026-09-17T00:49:00Z,true
anglian:AWS01180:1788878846000,anglian:AWS01180,anglian,2026-09-08T14:47:26Z,2026-09-08T15:01:02Z,14,hub,2026-09-17T00:49:00Z,2026-09-17T00:49:00Z,true
anglian:AWS01184:1788879076000,anglian:AWS01184,anglian,2026-09-08T14:51:16Z,2026-09-08T15:14:29Z,23,hub,2026-09-17T00:49:00Z,2026-09-17T00:49:00Z,true
anglian:AWS01185:1788883430000,anglian:AWS01185,anglian,2026-09-08T16:03:50Z,2026-09-08T16:57:38Z,54,hub,2026-09-17T00:49:00Z,2026-09-17T00:49:00Z,true
anglian:AWS01186:1788869098000,anglian:AWS01186,anglian,2026-09-08T12:04:58Z,2026-09-08T12:18:38Z,14,hub,2026-09-17T00:49:00Z,2026-09-17T00:49:00Z,true
anglian:AWS01188:1788989626000,anglian:AWS01188,anglian,2026-09-09T21:33:46Z,2026-09-09T21:38:18Z,5,hub,2026-09-17T00:49:00Z,2026-09-17T00:49:00Z,true
anglian:AWS01194:1788923119000,anglian:AWS01194,anglian,2026-09-09T03:05:19Z,2026-09-09T03:05:34Z,0,hub,2026-09-17T00:49:00Z,2026-09-17T00:49:00Z,true
anglian:AWS01199:1789344624000,anglian:AWS01199,anglian,2026-09-14T00:10:24Z,2026-09-14T00:24:34Z,14,hub,2026-09-17T00:49:00Z,2026-09-17T00:49:00Z,true
anglian:AWS01201:1788880308000,anglian:AWS01201,anglian,2026-09-08T15:11:48Z,2026-09-08T15:12:21Z,1,hub,2026-09-17T00:49:00Z,2026-09-17T00:49:00Z,true
anglian:AWS01202:1788508294000,anglian:AWS01202,anglian,2026-09-04T07:51:34Z,2026-09-04T07:53:31Z,2,hub,2026-09-17T00:49:00Z,2026-09-17T00:49:00Z,true
anglian:AWS01209:1788487349000,anglian:AWS01209,anglian,2026-09-04T02:02:29Z,2026-09-04T04:18:22Z,136,hub,2026-09-17T00:49:00Z,2026-09-17T00:49:00Z,true
anglian:AWS01210:1788691515000,anglian:AWS01210,anglian,2026-09-06T10:45:15Z,2026-09-06T11:30:59Z,46,hub,2026-09-17T00:49:00Z,2026-09-17T00:49:00Z,true
anglian:AWS01217:1789304401000,anglian:AWS01217,anglian,2026-09-13T13:00:01Z,2026-09-13T13:15:01Z,15,hub,2026-09-17T00:49:00Z,2026-09-17T00:49:00Z,true
anglian:AWS01225:1789270091000,anglian:AWS01225,anglian,2026-09-13T03:28:11Z,2026-09-13T04:10:09Z,42,hub,2026-09-17T00:49:00Z,2026-09-17T00:49:00Z,true
anglian:AWS01229:1788488422000,anglian:AWS01229,anglian,2026-09-04T02:20:22Z,2026-09-04T04:04:08Z,104,hub,2026-09-17T00:49:00Z,2026-09-17T00:49:00Z,true
anglian:AWS01232:1788673501000,anglian:AWS01232,anglian,2026-09-06T05:45:01Z,2026-09-06T06:01:00Z,16,hub,2026-09-17T00:49:00Z,2026-09-17T00:49:00Z,true
anglian:AWS01247:1789272901000,anglian:AWS01247,anglian,2026-09-13T04:15:01Z,2026-09-13T04:30:01Z,15,hub,2026-09-17T00:49:00Z,2026-09-17T00:49:00Z,true
anglian:AWS01249:1789277401000,anglian:AWS01249,anglian,2026-09-13T05:30:01Z,2026-09-13T06:15:01Z,45,hub,2026-09-17T00:49:00Z,2026-09-17T00:49:00Z,true
anglian:AWS01253:1789272467000,anglian:AWS01253,anglian,2026-09-13T04:07:47Z,2026-09-13T05:48:57Z,101,hub,2026-09-17T00:49:00Z,2026-09-17T00:49:00Z,true
anglian:AWS01257:1788502501000,anglian:AWS01257,anglian,2026-09-04T06:15:01Z,2026-09-04T09:15:01Z,180,hub,2026-09-17T00:49:00Z,2026-09-17T00:49:00Z,true
anglian:AWS01258:1788739554000,anglian:AWS01258,anglian,2026-09-07T00:05:54Z,2026-09-07T00:10:34Z,5,hub,2026-09-17T00:49:00Z,2026-09-17T00:49:00Z,true
anglian:AWS01262:1789271676000,anglian:AWS01262,anglian,2026-09-13T03:54:36Z,2026-09-13T04:03:58Z,9,hub,2026-09-17T00:49:00Z,2026-09-17T00:49:00Z,true
anglian:AWS01263:1788498488000,anglian:AWS01263,anglian,2026-09-04T05:08:08Z,2026-09-04T05:13:11Z,5,hub,2026-09-17T00:49:00Z,2026-09-17T00:49:00Z,true
anglian:AWS01264:1789079434000,anglian:AWS01264,anglian,2026-09-10T22:30:34Z,2026-09-10T22:32:18Z,2,hub,2026-09-17T00:49:00Z,2026-09-17T00:49:00Z,true
anglian:AWS01265:1788505350000,anglian:AWS01265,anglian,2026-09-04T07:02:30Z,2026-09-04T07:07:11Z,5,hub,2026-09-17T00:49:00Z,2026-09-17T00:49:00Z,true
anglian:AWS01266:1789412515000,anglian:AWS01266,anglian,2026-09-14T19:01:55Z,2026-09-14T19:15:44Z,14,hub,2026-09-17T00:49:00Z,2026-09-17T00:49:00Z,true
anglian:AWS01267:1789276020000,anglian:AWS01267,anglian,2026-09-13T05:07:00Z,2026-09-13T05:12:47Z,6,hub,2026-09-17T00:49:00Z,2026-09-17T00:49:00Z,true
anglian:AWS01271:1788892368000,anglian:AWS01271,anglian,2026-09-08T18:32:48Z,2026-09-08T18:33:13Z,0,hub,2026-09-17T00:49:00Z,2026-09-17T00:49:00Z,true
anglian:AWS01273:1789039529000,anglian:AWS01273,anglian,2026-09-10T11:25:29Z,2026-09-10T11:33:34Z,8,hub,2026-09-17T00:49:00Z,2026-09-17T00:49:00Z,true
anglian:AWS01275:1789301118000,anglian:AWS01275,anglian,2026-09-13T12:05:18Z,2026-09-13T12:09:39Z,4,hub,2026-09-17T00:49:00Z,2026-09-17T00:49:00Z,true
anglian:AWS01276:1788503833000,anglian:AWS01276,anglian,2026-09-04T06:37:13Z,2026-09-07T06:55:40Z,4338,hub,2026-09-17T00:49:00Z,2026-09-17T00:49:00Z,true
anglian:AWS01279:1788454628000,anglian:AWS01279,anglian,2026-09-03T16:57:08Z,2026-09-03T19:24:44Z,148,hub,2026-09-17T00:49:00Z,2026-09-17T00:49:00Z,true
anglian:AWS01280:1789277401000,anglian:AWS01280,anglian,2026-09-13T05:30:01Z,2026-09-13T05:45:01Z,15,hub,2026-09-17T00:49:00Z,2026-09-17T00:49:00Z,true
anglian:AWS01284:1788502501000,anglian:AWS01284,anglian,2026-09-04T06:15:01Z,2026-09-04T06:30:01Z,15,hub,2026-09-17T00:49:00Z,2026-09-17T00:49:00Z,true
anglian:AWS01292:1788525156000,anglian:AWS01292,anglian,2026-09-04T12:32:36Z,2026-09-04T12:32:36Z,0,hub,2026-09-17T00:49:00Z,2026-09-17T00:49:00Z,true
anglian:AWS01295:1788979501000,anglian:AWS01295,anglian,2026-09-09T18:45:01Z,2026-09-09T19:00:01Z,15,hub,2026-09-17T00:49:00Z,2026-09-17T00:49:00Z,true
anglian:AWS01299:1788491216000,anglian:AWS01299,anglian,2026-09-04T03:06:56Z,2026-09-04T03:06:57Z,0,hub,2026-09-17T00:49:00Z,2026-09-17T00:49:00Z,true
anglian:AWS01300:1788866175000,anglian:AWS01300,anglian,2026-09-08T11:16:15Z,2026-09-08T11:32:42Z,16,hub,2026-09-17T00:49:00Z,2026-09-17T00:49:00Z,true
anglian:AWS01305:1789412913000,anglian:AWS01305,anglian,2026-09-14T19:08:33Z,2026-09-14T19:08:35Z,0,hub,2026-09-17T00:49:00Z,2026-09-17T00:49:00Z,true
anglian:AWS01325:1788783384000,anglian:AWS01325,anglian,2026-09-07T12:16:24Z,2026-09-07T12:16:50Z,0,hub,2026-09-17T00:49:00Z,2026-09-17T00:49:00Z,true
anglian:AWS01327:1789274417000,anglian:AWS01327,anglian,2026-09-13T04:40:17Z,2026-09-13T11:39:39Z,419,hub,2026-09-17T00:49:00Z,2026-09-17T00:49:00Z,true
anglian:AWS01329:1788501468000,anglian:AWS01329,anglian,2026-09-04T05:57:48Z,2026-09-04T06:11:21Z,14,hub,2026-09-17T00:49:00Z,2026-09-17T00:49:00Z,true
anglian:AWS01332:1789282985000,anglian:AWS01332,anglian,2026-09-13T07:03:05Z,2026-09-13T07:12:04Z,9,hub,2026-09-17T00:49:00Z,2026-09-17T00:49:00Z,true
anglian:AWS01332:1789640852000,anglian:AWS01332,anglian,2026-09-17T10:27:32Z,2026-09-17T10:36:31Z,9,hub,2026-09-17T11:32:49Z,2026-09-17T11:32:49Z,true
anglian:AWS01340:1788508670000,anglian:AWS01340,anglian,2026-09-04T07:57:50Z,2026-09-04T09:41:14Z,103,hub,2026-09-17T00:49:00Z,2026-09-17T00:49:00Z,true
anglian:AWS01341:1788535928000,anglian:AWS01341,anglian,2026-09-04T15:32:08Z,2026-09-04T21:21:22Z,349,hub,2026-09-17T00:49:00Z,2026-09-17T00:49:00Z,true
anglian:AWS01343:1789127910000,anglian:AWS01343,anglian,2026-09-11T11:58:30Z,2026-09-11T12:00:07Z,2,hub,2026-09-17T00:49:00Z,2026-09-17T00:49:00Z,true
anglian:AWS01345:1789270343000,anglian:AWS01345,anglian,2026-09-13T03:32:23Z,2026-09-13T03:36:53Z,5,hub,2026-09-17T00:49:00Z,2026-09-17T00:49:00Z,true
anglian:AWS01349:1788882902000,anglian:AWS01349,anglian,2026-09-08T15:55:02Z,2026-09-08T15:58:36Z,4,hub,2026-09-17T00:49:00Z,2026-09-17T00:49:00Z,true
anglian:AWS01350:1788497527000,anglian:AWS01350,anglian,2026-09-04T04:52:07Z,2026-09-04T06:31:21Z,99,hub,2026-09-17T00:49:00Z,2026-09-17T00:49:00Z,true
anglian:AWS01353:1789124447000,anglian:AWS01353,anglian,2026-09-11T11:00:47Z,2026-09-11T12:03:02Z,62,hub,2026-09-17T00:49:00Z,2026-09-17T00:49:00Z,true
anglian:AWS01354:1789276987000,anglian:AWS01354,anglian,2026-09-13T05:23:07Z,2026-09-13T05:37:27Z,14,hub,2026-09-17T00:49:00Z,2026-09-17T00:49:00Z,true
anglian:AWS01361:1788508647000,anglian:AWS01361,anglian,2026-09-04T07:57:27Z,2026-09-04T10:25:18Z,148,hub,2026-09-17T00:49:00Z,2026-09-17T00:49:00Z,true
anglian:AWS01362:1788485517000,anglian:AWS01362,anglian,2026-09-04T01:31:57Z,2026-09-04T03:27:00Z,115,hub,2026-09-17T00:49:00Z,2026-09-17T00:49:00Z,true
anglian:AWS01371:1788506004000,anglian:AWS01371,anglian,2026-09-04T07:13:24Z,2026-09-04T08:18:10Z,65,hub,2026-09-17T00:49:00Z,2026-09-17T00:49:00Z,true
anglian:AWS01372:1789026215000,anglian:AWS01372,anglian,2026-09-10T07:43:35Z,2026-09-10T07:44:44Z,1,hub,2026-09-17T00:49:00Z,2026-09-17T00:49:00Z,true
anglian:AWS01373:1789270049000,anglian:AWS01373,anglian,2026-09-13T03:27:29Z,2026-09-13T04:23:24Z,56,hub,2026-09-17T00:49:00Z,2026-09-17T00:49:00Z,true
anglian:AWS01383:1788901630000,anglian:AWS01383,anglian,2026-09-08T21:07:10Z,2026-09-08T21:07:15Z,0,hub,2026-09-17T00:49:00Z,2026-09-17T00:49:00Z,true
anglian:AWS01384:1789310350000,anglian:AWS01384,anglian,2026-09-13T14:39:10Z,2026-09-14T07:16:49Z,998,hub,2026-09-17T00:49:00Z,2026-09-17T00:49:00Z,true
anglian:AWS01389:1789272055000,anglian:AWS01389,anglian,2026-09-13T04:00:55Z,2026-09-14T06:54:27Z,1614,hub,2026-09-17T00:49:00Z,2026-09-17T00:49:00Z,true
anglian:AWS01390:1789266894000,anglian:AWS01390,anglian,2026-09-13T02:34:54Z,2026-09-13T02:39:46Z,5,hub,2026-09-17T00:49:00Z,2026-09-17T00:49:00Z,true
anglian:AWS01391:1789267399000,anglian:AWS01391,anglian,2026-09-13T02:43:19Z,2026-09-13T03:15:48Z,32,hub,2026-09-17T00:49:00Z,2026-09-17T00:49:00Z,true
anglian:AWS01393:1789177890000,anglian:AWS01393,anglian,2026-09-12T01:51:30Z,2026-09-12T01:55:56Z,4,hub,2026-09-17T00:49:00Z,2026-09-17T00:49:00Z,true
anglian:AWS01395:1789285090000,anglian:AWS01395,anglian,2026-09-13T07:38:10Z,2026-09-13T07:39:43Z,2,hub,2026-09-17T00:49:00Z,2026-09-17T00:49:00Z,true
anglian:AWS01402:1788880896000,anglian:AWS01402,anglian,2026-09-08T15:21:36Z,2026-09-08T15:22:30Z,1,hub,2026-09-17T00:49:00Z,2026-09-17T00:49:00Z,true
anglian:AWS01404:1788512385000,anglian:AWS01404,anglian,2026-09-04T08:59:45Z,2026-09-04T11:36:20Z,157,hub,2026-09-17T00:49:00Z,2026-09-17T00:49:00Z,true
anglian:AWS01406:1788508744000,anglian:AWS01406,anglian,2026-09-04T07:59:04Z,2026-09-04T08:08:27Z,9,hub,2026-09-17T00:49:00Z,2026-09-17T00:49:00Z,true
anglian:AWS01408:1788500187000,anglian:AWS01408,anglian,2026-09-04T05:36:27Z,2026-09-04T07:34:27Z,118,hub,2026-09-17T00:49:00Z,2026-09-17T00:49:00Z,true
anglian:AWS01413:1788491250000,anglian:AWS01413,anglian,2026-09-04T03:07:30Z,2026-09-04T03:14:58Z,7,hub,2026-09-17T00:49:00Z,2026-09-17T00:49:00Z,true
anglian:AWS01415:1789292701000,anglian:AWS01415,anglian,2026-09-13T09:45:01Z,2026-09-13T09:45:30Z,0,hub,2026-09-17T00:49:00Z,2026-09-17T00:49:00Z,true
anglian:AWS01419:1788497622000,anglian:AWS01419,anglian,2026-09-04T04:53:42Z,2026-09-04T05:39:41Z,46,hub,2026-09-17T00:49:00Z,2026-09-17T00:49:00Z,true
anglian:AWS01420:1788821046000,anglian:AWS01420,anglian,2026-09-07T22:44:06Z,2026-09-07T22:45:02Z,1,hub,2026-09-17T00:49:00Z,2026-09-17T00:49:00Z,true
anglian:AWS01428:1789556768000,anglian:AWS01428,anglian,2026-09-16T11:06:08Z,2026-09-16T11:06:08Z,0,hub,2026-09-17T00:49:00Z,2026-09-17T00:49:00Z,true
anglian:AWS01431:1789278223000,anglian:AWS01431,anglian,2026-09-13T05:43:43Z,2026-09-13T07:57:16Z,134,hub,2026-09-17T00:49:00Z,2026-09-17T00:49:00Z,true
anglian:AWS01433:1789273585000,anglian:AWS01433,anglian,2026-09-13T04:26:25Z,2026-09-13T04:50:23Z,24,hub,2026-09-17T00:49:00Z,2026-09-17T00:49:00Z,true
anglian:AWS01434:1789308542000,anglian:AWS01434,anglian,2026-09-13T14:09:02Z,2026-09-13T14:13:21Z,4,hub,2026-09-17T00:49:00Z,2026-09-17T00:49:00Z,true
anglian:AWS01443:1789271101000,anglian:AWS01443,anglian,2026-09-13T03:45:01Z,2026-09-13T04:00:01Z,15,hub,2026-09-17T00:49:00Z,2026-09-17T00:49:00Z,true
anglian:AWS01444:1789275601000,anglian:AWS01444,anglian,2026-09-13T05:00:01Z,2026-09-13T05:15:01Z,15,hub,2026-09-17T00:49:00Z,2026-09-17T00:49:00Z,true
anglian:AWS01449:1789269495000,anglian:AWS01449,anglian,2026-09-13T03:18:15Z,2026-09-13T03:37:14Z,19,hub,2026-09-17T00:49:00Z,2026-09-17T00:49:00Z,true
anglian:AWS01452:1789270182000,anglian:AWS01452,anglian,2026-09-13T03:29:42Z,2026-09-13T03:48:24Z,19,hub,2026-09-17T00:49:00Z,2026-09-17T00:49:00Z,true
anglian:AWS01455:1788494011000,anglian:AWS01455,anglian,2026-09-04T03:53:31Z,2026-09-04T05:22:59Z,89,hub,2026-09-17T00:49:00Z,2026-09-17T00:49:00Z,true
anglian:AWS01462:1789594214000,anglian:AWS01462,anglian,2026-09-16T21:30:14Z,2026-09-16T21:35:33Z,5,hub,2026-09-17T00:49:00Z,2026-09-17T00:49:00Z,true
anglian:AWS01466:1789271752000,anglian:AWS01466,anglian,2026-09-13T03:55:52Z,2026-09-13T04:12:44Z,17,hub,2026-09-17T00:49:00Z,2026-09-17T00:49:00Z,true
anglian:AWS01468:1788492601000,anglian:AWS01468,anglian,2026-09-04T03:30:01Z,2026-09-04T05:30:01Z,120,hub,2026-09-17T00:49:00Z,2026-09-17T00:49:00Z,true
anglian:AWS01471:1789270107000,anglian:AWS01471,anglian,2026-09-13T03:28:27Z,2026-09-13T04:33:57Z,66,hub,2026-09-17T00:49:00Z,2026-09-17T00:49:00Z,true
anglian:AWS01479:1789272939000,anglian:AWS01479,anglian,2026-09-13T04:15:39Z,2026-09-13T04:43:42Z,28,hub,2026-09-17T00:49:00Z,2026-09-17T00:49:00Z,true
anglian:AWS01484:1788262017000,anglian:AWS01484,anglian,2026-09-01T11:26:57Z,2026-09-01T11:26:57Z,0,hub,2026-09-17T00:49:00Z,2026-09-17T00:49:00Z,true
anglian:AWS01487:1788357744000,anglian:AWS01487,anglian,2026-09-02T14:02:24Z,2026-09-02T14:02:31Z,0,hub,2026-09-17T00:49:00Z,2026-09-17T00:49:00Z,true
anglian:AWS01496:1788963444000,anglian:AWS01496,anglian,2026-09-09T14:17:24Z,2026-09-09T14:17:32Z,0,hub,2026-09-17T00:49:00Z,2026-09-17T00:49:00Z,true
anglian:AWS01502:1789274730000,anglian:AWS01502,anglian,2026-09-13T04:45:30Z,2026-09-13T08:18:08Z,213,hub,2026-09-17T00:49:00Z,2026-09-17T00:49:00Z,true
anglian:AWS01504:1788501119000,anglian:AWS01504,anglian,2026-09-04T05:51:59Z,2026-09-04T05:55:45Z,4,hub,2026-09-17T00:49:00Z,2026-09-17T00:49:00Z,true
anglian:AWS01509:1788504569000,anglian:AWS01509,anglian,2026-09-04T06:49:29Z,2026-09-04T06:53:55Z,4,hub,2026-09-17T00:49:00Z,2026-09-17T00:49:00Z,true
anglian:AWS01510:1789277826000,anglian:AWS01510,anglian,2026-09-13T05:37:06Z,2026-09-13T05:37:36Z,1,hub,2026-09-17T00:49:00Z,2026-09-17T00:49:00Z,true
anglian:AWS01512:1788496508000,anglian:AWS01512,anglian,2026-09-04T04:35:08Z,2026-09-04T04:47:08Z,12,hub,2026-09-17T00:49:00Z,2026-09-17T00:49:00Z,true
anglian:AWS01516:1788501204000,anglian:AWS01516,anglian,2026-09-04T05:53:24Z,2026-09-04T06:22:17Z,29,hub,2026-09-17T00:49:00Z,2026-09-17T00:49:00Z,true
anglian:AWS01519:1789280360000,anglian:AWS01519,anglian,2026-09-13T06:19:20Z,2026-09-13T07:25:58Z,67,hub,2026-09-17T00:49:00Z,2026-09-17T00:49:00Z,true
anglian:AWS01524:1788942407000,anglian:AWS01524,anglian,2026-09-09T08:26:47Z,2026-09-09T08:28:17Z,2,hub,2026-09-17T00:49:00Z,2026-09-17T00:49:00Z,true
anglian:AWS01529:1789319060000,anglian:AWS01529,anglian,2026-09-13T17:04:20Z,2026-09-13T18:31:32Z,87,hub,2026-09-17T00:49:00Z,2026-09-17T00:49:00Z,true
anglian:AWS01530:1789271717000,anglian:AWS01530,anglian,2026-09-13T03:55:17Z,2026-09-13T04:00:23Z,5,hub,2026-09-17T00:49:00Z,2026-09-17T00:49:00Z,true
anglian:AWS01532:1789270985000,anglian:AWS01532,anglian,2026-09-13T03:43:05Z,2026-09-13T03:53:53Z,11,hub,2026-09-17T00:49:00Z,2026-09-17T00:49:00Z,true
anglian:AWS01534:1789300398000,anglian:AWS01534,anglian,2026-09-13T11:53:18Z,2026-09-13T11:58:57Z,6,hub,2026-09-17T00:49:00Z,2026-09-17T00:49:00Z,true
anglian:AWS01538:1788892714000,anglian:AWS01538,anglian,2026-09-08T18:38:34Z,2026-09-08T18:38:57Z,0,hub,2026-09-17T00:49:00Z,2026-09-17T00:49:00Z,true
anglian:AWS01540:1788559616000,anglian:AWS01540,anglian,2026-09-04T22:06:56Z,2026-09-04T22:07:06Z,0,hub,2026-09-17T00:49:00Z,2026-09-17T00:49:00Z,true
anglian:AWS01545:1788676923000,anglian:AWS01545,anglian,2026-09-06T06:42:03Z,2026-09-06T06:42:13Z,0,hub,2026-09-17T00:49:00Z,2026-09-17T00:49:00Z,true
anglian:AWS01547:1788511417000,anglian:AWS01547,anglian,2026-09-04T08:43:37Z,2026-09-04T10:59:42Z,136,hub,2026-09-17T00:49:00Z,2026-09-17T00:49:00Z,true
anglian:AWS01550:1788746844000,anglian:AWS01550,anglian,2026-09-07T02:07:24Z,2026-09-08T02:07:24Z,1440,hub,2026-09-17T00:49:00Z,2026-09-17T00:49:00Z,true
anglian:AWS01553:1789549590000,anglian:AWS01553,anglian,2026-09-16T09:06:30Z,2026-09-16T09:08:05Z,2,hub,2026-09-17T00:49:00Z,2026-09-17T00:49:00Z,true
anglian:AWS01570:1789269783000,anglian:AWS01570,anglian,2026-09-13T03:23:03Z,2026-09-13T04:00:26Z,37,hub,2026-09-17T00:49:00Z,2026-09-17T00:49:00Z,true
anglian:AWS01577:1788939188000,anglian:AWS01577,anglian,2026-09-09T07:33:08Z,2026-09-09T07:33:10Z,0,hub,2026-09-17T00:49:00Z,2026-09-17T00:49:00Z,true
northumbrian:NWL00003:1788690239000,northumbrian:NWL00003,northumbrian,2026-09-06T10:23:59Z,2026-09-06T10:59:59Z,36,hub,2026-09-17T00:49:00Z,2026-09-17T00:49:00Z,true
northumbrian:NWL00004:1789725600000,northumbrian:NWL00004,northumbrian,2026-09-18T10:00:00Z,2026-09-18T10:53:07Z,53,hub,2026-09-18T10:30:40Z,2026-09-18T10:30:40Z,false
northumbrian:NWL00004:1789728787000,northumbrian:NWL00004,northumbrian,2026-09-18T10:53:07Z,2026-09-18T10:53:59Z,1,hub,2026-09-18T11:21:39Z,2026-09-18T11:21:39Z,true
northumbrian:NWL00008:1788807959000,northumbrian:NWL00008,northumbrian,2026-09-07T19:05:59Z,2026-09-07T19:11:59Z,6,hub,2026-09-17T00:49:00Z,2026-09-17T00:49:00Z,true
northumbrian:NWL00022:1788690239000,northumbrian:NWL00022,northumbrian,2026-09-06T10:23:59Z,2026-09-06T10:53:59Z,30,hub,2026-09-17T00:49:00Z,2026-09-17T00:49:00Z,true
northumbrian:NWL00023:1788688800000,northumbrian:NWL00023,northumbrian,2026-09-06T10:00:00Z,2026-09-06T10:09:59Z,10,hub,2026-09-17T00:49:00Z,2026-09-17T00:49:00Z,true
northumbrian:NWL00024:1788687740000,northumbrian:NWL00024,northumbrian,2026-09-06T09:42:20Z,2026-09-06T10:33:06Z,51,hub,2026-09-17T00:49:00Z,2026-09-17T00:49:00Z,true
northumbrian:NWL00026:1788688940000,northumbrian:NWL00026,northumbrian,2026-09-06T10:02:20Z,2026-09-06T10:40:20Z,38,hub,2026-09-17T00:49:00Z,2026-09-17T00:49:00Z,true
northumbrian:NWL00029:1788808199000,northumbrian:NWL00029,northumbrian,2026-09-07T19:09:59Z,2026-09-07T19:11:59Z,2,hub,2026-09-17T00:49:00Z,2026-09-17T00:49:00Z,true
northumbrian:NWL00031:1788231239000,northumbrian:NWL00031,northumbrian,2026-09-01T02:53:59Z,2026-09-01T02:55:59Z,2,hub,2026-09-17T00:49:00Z,2026-09-17T00:49:00Z,true
northumbrian:NWL00034:1788874928000,northumbrian:NWL00034,northumbrian,2026-09-08T13:42:08Z,2026-09-08T13:44:06Z,2,hub,2026-09-17T00:49:00Z,2026-09-17T00:49:00Z,true
northumbrian:NWL00037:1788456119000,northumbrian:NWL00037,northumbrian,2026-09-03T17:21:59Z,2026-09-03T17:23:59Z,2,hub,2026-09-17T00:49:00Z,2026-09-17T00:49:00Z,true
northumbrian:NWL00039:1788688079000,northumbrian:NWL00039,northumbrian,2026-09-06T09:47:59Z,2026-09-06T10:23:59Z,36,hub,2026-09-17T00:49:00Z,2026-09-17T00:49:00Z,true
northumbrian:NWL00040:1788689159000,northumbrian:NWL00040,northumbrian,2026-09-06T10:05:59Z,2026-09-06T10:17:59Z,12,hub,2026-09-17T00:49:00Z,2026-09-17T00:49:00Z,true
northumbrian:NWL00041:1788456719000,northumbrian:NWL00041,northumbrian,2026-09-03T17:31:59Z,2026-09-03T17:39:59Z,8,hub,2026-09-17T00:49:00Z,2026-09-17T00:49:00Z,true
northumbrian:NWL00043:1788687959000,northumbrian:NWL00043,northumbrian,2026-09-06T09:45:59Z,2026-09-06T10:51:59Z,66,hub,2026-09-17T00:49:00Z,2026-09-17T00:49:00Z,true
northumbrian:NWL00044:1789426439000,northumbrian:NWL00044,northumbrian,2026-09-14T22:53:59Z,2026-09-14T22:55:59Z,2,hub,2026-09-17T00:49:00Z,2026-09-17T00:49:00Z,true
northumbrian:NWL00044:1789675439000,northumbrian:NWL00044,northumbrian,2026-09-17T20:03:59Z,2026-09-17T20:05:59Z,2,hub,2026-09-17T22:13:42Z,2026-09-17T22:13:42Z,true
northumbrian:NWL00044:1789742519000,northumbrian:NWL00044,northumbrian,2026-09-18T14:41:59Z,2026-09-18T14:43:59Z,2,hub,2026-09-18T15:28:34Z,2026-09-18T15:28:34Z,true
northumbrian:NWL00044:1789759439000,northumbrian:NWL00044,northumbrian,2026-09-18T19:23:59Z,2026-09-18T19:25:59Z,2,hub,2026-09-18T20:21:27Z,2026-09-18T20:21:27Z,true
northumbrian:NWL00049:1788697422000,northumbrian:NWL00049,northumbrian,2026-09-06T12:23:42Z,2026-09-06T12:27:02Z,3,hub,2026-09-17T00:49:00Z,2026-09-17T00:49:00Z,true
northumbrian:NWL00050:1788689741000,northumbrian:NWL00050,northumbrian,2026-09-06T10:15:41Z,2026-09-06T10:31:54Z,16,hub,2026-09-17T00:49:00Z,2026-09-17T00:49:00Z,true
northumbrian:NWL00051:1788688439000,northumbrian:NWL00051,northumbrian,2026-09-06T09:53:59Z,2026-09-06T10:31:59Z,38,hub,2026-09-17T00:49:00Z,2026-09-17T00:49:00Z,true
northumbrian:NWL00057:1788690959000,northumbrian:NWL00057,northumbrian,2026-09-06T10:35:59Z,2026-09-06T10:47:59Z,12,hub,2026-09-17T00:49:00Z,2026-09-17T00:49:00Z,true
northumbrian:NWL00057:1789650479000,northumbrian:NWL00057,northumbrian,2026-09-17T13:07:59Z,2026-09-17T13:09:59Z,2,hub,2026-09-17T13:51:58Z,2026-09-17T13:51:58Z,true
northumbrian:NWL00057:1789676639000,northumbrian:NWL00057,northumbrian,2026-09-17T20:23:59Z,2026-09-17T20:25:59Z,2,hub,2026-09-17T22:13:42Z,2026-09-17T22:13:42Z,true
northumbrian:NWL00059:1788809759000,northumbrian:NWL00059,northumbrian,2026-09-07T19:35:59Z,2026-09-07T19:37:59Z,2,hub,2026-09-17T00:49:00Z,2026-09-17T00:49:00Z,true
northumbrian:NWL00061:1788688439000,northumbrian:NWL00061,northumbrian,2026-09-06T09:53:59Z,2026-09-06T10:41:59Z,48,hub,2026-09-17T00:49:00Z,2026-09-17T00:49:00Z,true
northumbrian:NWL00062:1788693239000,northumbrian:NWL00062,northumbrian,2026-09-06T11:13:59Z,2026-09-06T11:25:59Z,12,hub,2026-09-17T00:49:00Z,2026-09-17T00:49:00Z,true
northumbrian:NWL00067:1788689130000,northumbrian:NWL00067,northumbrian,2026-09-06T10:05:30Z,2026-09-06T10:33:25Z,28,hub,2026-09-17T00:49:00Z,2026-09-17T00:49:00Z,true
northumbrian:NWL00068:1788808559000,northumbrian:NWL00068,northumbrian,2026-09-07T19:15:59Z,2026-09-07T19:19:59Z,4,hub,2026-09-17T00:49:00Z,2026-09-17T00:49:00Z,true
northumbrian:NWL00072:1789072060000,northumbrian:NWL00072,northumbrian,2026-09-10T20:27:40Z,2026-09-10T23:21:57Z,174,hub,2026-09-17T00:49:00Z,2026-09-17T00:49:00Z,true
northumbrian:NWL00073:1788528033000,northumbrian:NWL00073,northumbrian,2026-09-04T13:20:33Z,2026-09-04T13:20:55Z,0,hub,2026-09-17T00:49:00Z,2026-09-17T00:49:00Z,true
northumbrian:NWL00078:1788690119000,northumbrian:NWL00078,northumbrian,2026-09-06T10:21:59Z,2026-09-06T11:07:59Z,46,hub,2026-09-17T00:49:00Z,2026-09-17T00:49:00Z,true
northumbrian:NWL00080:1788685453000,northumbrian:NWL00080,northumbrian,2026-09-06T09:04:13Z,2026-09-06T09:36:54Z,33,hub,2026-09-17T00:49:00Z,2026-09-17T00:49:00Z,true
northumbrian:NWL00087:1788373514000,northumbrian:NWL00087,northumbrian,2026-09-02T18:25:14Z,2026-09-02T18:25:27Z,0,hub,2026-09-17T00:49:00Z,2026-09-17T00:49:00Z,true
northumbrian:NWL00088:1788808439000,northumbrian:NWL00088,northumbrian,2026-09-07T19:13:59Z,2026-09-07T19:31:59Z,18,hub,2026-09-17T00:49:00Z,2026-09-17T00:49:00Z,true
northumbrian:NWL00088:1789650479000,northumbrian:NWL00088,northumbrian,2026-09-17T13:07:59Z,2026-09-17T13:09:59Z,2,hub,2026-09-17T13:51:58Z,2026-09-17T13:51:58Z,true
northumbrian:NWL00090:1789471564000,northumbrian:NWL00090,northumbrian,2026-09-15T11:26:04Z,2026-09-15T11:26:32Z,0,hub,2026-09-17T00:49:00Z,2026-09-17T00:49:00Z,true
northumbrian:NWL00094:1788955200000,northumbrian:NWL00094,northumbrian,2026-09-09T12:00:00Z,2026-09-09T12:00:20Z,0,hub,2026-09-17T00:49:00Z,2026-09-17T00:49:00Z,true
northumbrian:NWL00097:1788689340000,northumbrian:NWL00097,northumbrian,2026-09-06T10:09:00Z,2026-09-06T11:19:40Z,71,hub,2026-09-17T00:49:00Z,2026-09-17T00:49:00Z,true
northumbrian:NWL00103:1788691079000,northumbrian:NWL00103,northumbrian,2026-09-06T10:37:59Z,2026-09-06T10:41:59Z,4,hub,2026-09-17T00:49:00Z,2026-09-17T00:49:00Z,true
northumbrian:NWL00104:1788690119000,northumbrian:NWL00104,northumbrian,2026-09-06T10:21:59Z,2026-09-06T10:47:59Z,26,hub,2026-09-17T00:49:00Z,2026-09-17T00:49:00Z,true
northumbrian:NWL00108:1788691319000,northumbrian:NWL00108,northumbrian,2026-09-06T10:41:59Z,2026-09-06T11:19:59Z,38,hub,2026-09-17T00:49:00Z,2026-09-17T00:49:00Z,true
northumbrian:NWL00113:1788808559000,northumbrian:NWL00113,northumbrian,2026-09-07T19:15:59Z,2026-09-07T19:23:59Z,8,hub,2026-09-17T00:49:00Z,2026-09-17T00:49:00Z,true
northumbrian:NWL00120:1788808439000,northumbrian:NWL00120,northumbrian,2026-09-07T19:13:59Z,2026-09-07T19:43:59Z,30,hub,2026-09-17T00:49:00Z,2026-09-17T00:49:00Z,true
northumbrian:NWL00122:1788806999000,northumbrian:NWL00122,northumbrian,2026-09-07T18:49:59Z,2026-09-07T18:53:59Z,4,hub,2026-09-17T00:49:00Z,2026-09-17T00:49:00Z,true
northumbrian:NWL00124:1789442055000,northumbrian:NWL00124,northumbrian,2026-09-15T03:14:15Z,2026-09-15T03:15:57Z,2,hub,2026-09-17T00:49:00Z,2026-09-17T00:49:00Z,true
northumbrian:NWL00127:1788808079000,northumbrian:NWL00127,northumbrian,2026-09-07T19:07:59Z,2026-09-07T19:15:59Z,8,hub,2026-09-17T00:49:00Z,2026-09-17T00:49:00Z,true
northumbrian:NWL00128:1789085759000,northumbrian:NWL00128,northumbrian,2026-09-11T00:15:59Z,2026-09-11T01:15:59Z,60,hub,2026-09-17T00:49:00Z,2026-09-17T00:49:00Z,true
northumbrian:NWL00130:1788644879000,northumbrian:NWL00130,northumbrian,2026-09-05T21:47:59Z,2026-09-05T21:49:59Z,2,hub,2026-09-17T00:49:00Z,2026-09-17T00:49:00Z,true
northumbrian:NWL00135:1788812429000,northumbrian:NWL00135,northumbrian,2026-09-07T20:20:29Z,2026-09-07T21:11:17Z,51,hub,2026-09-17T00:49:00Z,2026-09-17T00:49:00Z,true
northumbrian:NWL00142:1788808919000,northumbrian:NWL00142,northumbrian,2026-09-07T19:21:59Z,2026-09-07T19:57:59Z,36,hub,2026-09-17T00:49:00Z,2026-09-17T00:49:00Z,true
northumbrian:NWL00143:1788690119000,northumbrian:NWL00143,northumbrian,2026-09-06T10:21:59Z,2026-09-06T10:31:59Z,10,hub,2026-09-17T00:49:00Z,2026-09-17T00:49:00Z,true
northumbrian:NWL00144:1789082159000,northumbrian:NWL00144,northumbrian,2026-09-10T23:15:59Z,2026-09-10T23:21:59Z,6,hub,2026-09-17T00:49:00Z,2026-09-17T00:49:00Z,true
northumbrian:NWL00145:1788808079000,northumbrian:NWL00145,northumbrian,2026-09-07T19:07:59Z,2026-09-07T19:09:59Z,2,hub,2026-09-17T00:49:00Z,2026-09-17T00:49:00Z,true
northumbrian:NWL00147:1788688079000,northumbrian:NWL00147,northumbrian,2026-09-06T09:47:59Z,2026-09-06T09:51:59Z,4,hub,2026-09-17T00:49:00Z,2026-09-17T00:49:00Z,true
northumbrian:NWL00155:1788807119000,northumbrian:NWL00155,northumbrian,2026-09-07T18:51:59Z,2026-09-07T19:27:59Z,36,hub,2026-09-17T00:49:00Z,2026-09-17T00:49:00Z,true
northumbrian:NWL00158:1788696360000,northumbrian:NWL00158,northumbrian,2026-09-06T12:06:00Z,2026-09-06T12:09:59Z,4,hub,2026-09-17T00:49:00Z,2026-09-17T00:49:00Z,true
northumbrian:NWL00160:1788690839000,northumbrian:NWL00160,northumbrian,2026-09-06T10:33:59Z,2026-09-06T10:37:59Z,4,hub,2026-09-17T00:49:00Z,2026-09-17T00:49:00Z,true
northumbrian:NWL00161:1789083872000,northumbrian:NWL00161,northumbrian,2026-09-10T23:44:32Z,2026-09-11T00:21:00Z,36,hub,2026-09-17T00:49:00Z,2026-09-17T00:49:00Z,true
northumbrian:NWL00161:1789638911000,northumbrian:NWL00161,northumbrian,2026-09-17T09:55:11Z,2026-09-17T12:36:50Z,162,hub,2026-09-17T11:32:49Z,2026-09-17T13:51:58Z,true
northumbrian:NWL00164:1788691001000,northumbrian:NWL00164,northumbrian,2026-09-06T10:36:41Z,2026-09-06T18:42:13Z,486,hub,2026-09-17T00:49:00Z,2026-09-17T00:49:00Z,true
northumbrian:NWL00165(2):1788734865000,northumbrian:NWL00165(2),northumbrian,2026-09-06T22:47:45Z,2026-09-06T22:50:19Z,3,hub,2026-09-17T00:49:00Z,2026-09-17T00:49:00Z,true
northumbrian:NWL00174:1788460681000,northumbrian:NWL00174,northumbrian,2026-09-03T18:38:01Z,2026-09-03T19:01:40Z,24,hub,2026-09-17T00:49:00Z,2026-09-17T00:49:00Z,true
northumbrian:NWL00176:1788511211000,northumbrian:NWL00176,northumbrian,2026-09-04T08:40:11Z,2026-09-04T08:57:11Z,17,hub,2026-09-17T00:49:00Z,2026-09-17T00:49:00Z,true
northumbrian:NWL00177:1788809519000,northumbrian:NWL00177,northumbrian,2026-09-07T19:31:59Z,2026-09-07T19:35:59Z,4,hub,2026-09-17T00:49:00Z,2026-09-17T00:49:00Z,true
northumbrian:NWL00178:1788809879000,northumbrian:NWL00178,northumbrian,2026-09-07T19:37:59Z,2026-09-07T21:13:59Z,96,hub,2026-09-17T00:49:00Z,2026-09-17T00:49:00Z,true
northumbrian:NWL00180:1788875727000,northumbrian:NWL00180,northumbrian,2026-09-08T13:55:27Z,2026-09-08T13:59:46Z,4,hub,2026-09-17T00:49:00Z,2026-09-17T00:49:00Z,true
northumbrian:NWL00188:1788499079000,northumbrian:NWL00188,northumbrian,2026-09-04T05:17:59Z,2026-09-04T05:25:59Z,8,hub,2026-09-17T00:49:00Z,2026-09-17T00:49:00Z,true
northumbrian:NWL00189:1788690119000,northumbrian:NWL00189,northumbrian,2026-09-06T10:21:59Z,2026-09-06T10:37:59Z,16,hub,2026-09-17T00:49:00Z,2026-09-17T00:49:00Z,true
northumbrian:NWL00192:1788690719000,northumbrian:NWL00192,northumbrian,2026-09-06T10:31:59Z,2026-09-06T10:51:59Z,20,hub,2026-09-17T00:49:00Z,2026-09-17T00:49:00Z,true
northumbrian:NWL00193:1788690359000,northumbrian:NWL00193,northumbrian,2026-09-06T10:25:59Z,2026-09-06T11:05:59Z,40,hub,2026-09-17T00:49:00Z,2026-09-17T00:49:00Z,true
northumbrian:NWL00194:1788689399000,northumbrian:NWL00194,northumbrian,2026-09-06T10:09:59Z,2026-09-06T10:11:59Z,2,hub,2026-09-17T00:49:00Z,2026-09-17T00:49:00Z,true
northumbrian:NWL00195:1788686159000,northumbrian:NWL00195,northumbrian,2026-09-06T09:15:59Z,2026-09-06T09:57:59Z,42,hub,2026-09-17T00:49:00Z,2026-09-17T00:49:00Z,true
northumbrian:NWL00196:1789034830000,northumbrian:NWL00196,northumbrian,2026-09-10T10:07:10Z,2026-09-10T10:08:10Z,1,hub,2026-09-17T00:49:00Z,2026-09-17T00:49:00Z,true
northumbrian:NWL00198(1):1788276968000,northumbrian:NWL00198(1),northumbrian,2026-09-01T15:36:08Z,2026-09-01T16:04:39Z,29,hub,2026-09-17T00:49:00Z,2026-09-17T00:49:00Z,true
northumbrian:NWL00198(3):1788693245000,northumbrian:NWL00198(3),northumbrian,2026-09-06T11:14:05Z,2026-09-06T12:09:18Z,55,hub,2026-09-17T00:49:00Z,2026-09-17T00:49:00Z,true
northumbrian:NWL00201:1788807719000,northumbrian:NWL00201,northumbrian,2026-09-07T19:01:59Z,2026-09-07T21:11:59Z,130,hub,2026-09-17T00:49:00Z,2026-09-17T00:49:00Z,true
northumbrian:NWL00215:1788690959000,northumbrian:NWL00215,northumbrian,2026-09-06T10:35:59Z,2026-09-06T10:37:59Z,2,hub,2026-09-17T00:49:00Z,2026-09-17T00:49:00Z,true
northumbrian:NWL00217:1788808079000,northumbrian:NWL00217,northumbrian,2026-09-07T19:07:59Z,2026-09-07T19:57:59Z,50,hub,2026-09-17T00:49:00Z,2026-09-17T00:49:00Z,true
northumbrian:NWL00221:1788808199000,northumbrian:NWL00221,northumbrian,2026-09-07T19:09:59Z,2026-09-07T20:01:59Z,52,hub,2026-09-17T00:49:00Z,2026-09-17T00:49:00Z,true
northumbrian:NWL00224:1788808679000,northumbrian:NWL00224,northumbrian,2026-09-07T19:17:59Z,2026-09-07T19:47:59Z,30,hub,2026-09-17T00:49:00Z,2026-09-17T00:49:00Z,true
northumbrian:NWL00225:1788689760000,northumbrian:NWL00225,northumbrian,2026-09-06T10:16:00Z,2026-09-06T11:01:59Z,46,hub,2026-09-17T00:49:00Z,2026-09-17T00:49:00Z,true
northumbrian:NWL00229:1788807719000,northumbrian:NWL00229,northumbrian,2026-09-07T19:01:59Z,2026-09-07T19:09:59Z,8,hub,2026-09-17T00:49:00Z,2026-09-17T00:49:00Z,true
northumbrian:NWL00234:1788809391000,northumbrian:NWL00234,northumbrian,2026-09-07T19:29:51Z,2026-09-07T20:47:05Z,77,hub,2026-09-17T00:49:00Z,2026-09-17T00:49:00Z,true
northumbrian:NWL00235:1788690431000,northumbrian:NWL00235,northumbrian,2026-09-06T10:27:11Z,2026-09-06T11:04:00Z,37,hub,2026-09-17T00:49:00Z,2026-09-17T00:49:00Z,true
northumbrian:NWL00241:1788861559000,northumbrian:NWL00241,northumbrian,2026-09-08T09:59:19Z,2026-09-08T10:02:59Z,4,hub,2026-09-17T00:49:00Z,2026-09-17T00:49:00Z,true
northumbrian:NWL00245:1788964222000,northumbrian:NWL00245,northumbrian,2026-09-09T14:30:22Z,2026-09-09T15:14:46Z,44,hub,2026-09-17T00:49:00Z,2026-09-17T00:49:00Z,true
northumbrian:NWL00248:1789197923000,northumbrian:NWL00248,northumbrian,2026-09-12T07:25:23Z,2026-09-12T07:50:38Z,25,hub,2026-09-17T00:49:00Z,2026-09-17T00:49:00Z,true
northumbrian:NWL00249:1789282520000,northumbrian:NWL00249,northumbrian,2026-09-13T06:55:20Z,2026-09-13T06:55:50Z,1,hub,2026-09-17T00:49:00Z,2026-09-17T00:49:00Z,true
northumbrian:NWL00251:1789337879000,northumbrian:NWL00251,northumbrian,2026-09-13T22:17:59Z,2026-09-13T22:19:59Z,2,hub,2026-09-17T00:49:00Z,2026-09-17T00:49:00Z,true
northumbrian:NWL00252:1789441919000,northumbrian:NWL00252,northumbrian,2026-09-15T03:11:59Z,2026-09-15T03:15:59Z,4,hub,2026-09-17T00:49:00Z,2026-09-17T00:49:00Z,true
northumbrian:NWL00257:1788808926000,northumbrian:NWL00257,northumbrian,2026-09-07T19:22:06Z,2026-09-07T20:03:35Z,41,hub,2026-09-17T00:49:00Z,2026-09-17T00:49:00Z,true
northumbrian:NWL00260:1789083719000,northumbrian:NWL00260,northumbrian,2026-09-10T23:41:59Z,2026-09-11T00:31:59Z,50,hub,2026-09-17T00:49:00Z,2026-09-17T00:49:00Z,true
northumbrian:NWL00263:1788808799000,northumbrian:NWL00263,northumbrian,2026-09-07T19:19:59Z,2026-09-07T19:31:59Z,12,hub,2026-09-17T00:49:00Z,2026-09-17T00:49:00Z,true
northumbrian:NWL00268:1788807839000,northumbrian:NWL00268,northumbrian,2026-09-07T19:03:59Z,2026-09-07T19:25:59Z,22,hub,2026-09-17T00:49:00Z,2026-09-17T00:49:00Z,true
northumbrian:NWL00269:1788688079000,northumbrian:NWL00269,northumbrian,2026-09-06T09:47:59Z,2026-09-06T10:17:59Z,30,hub,2026-09-17T00:49:00Z,2026-09-17T00:49:00Z,true
northumbrian:NWL00275:1788553439000,northumbrian:NWL00275,northumbrian,2026-09-04T20:23:59Z,2026-09-04T20:25:59Z,2,hub,2026-09-17T00:49:00Z,2026-09-17T00:49:00Z,true
northumbrian:NWL00277:1788808679000,northumbrian:NWL00277,northumbrian,2026-09-07T19:17:59Z,2026-09-07T19:19:59Z,2,hub,2026-09-17T00:49:00Z,2026-09-17T00:49:00Z,true
northumbrian:NWL00278:1788809159000,northumbrian:NWL00278,northumbrian,2026-09-07T19:25:59Z,2026-09-07T19:45:59Z,20,hub,2026-09-17T00:49:00Z,2026-09-17T00:49:00Z,true
northumbrian:NWL00280:1788688199000,northumbrian:NWL00280,northumbrian,2026-09-06T09:49:59Z,2026-09-06T09:59:59Z,10,hub,2026-09-17T00:49:00Z,2026-09-17T00:49:00Z,true
northumbrian:NWL00282:1788807480000,northumbrian:NWL00282,northumbrian,2026-09-07T18:58:00Z,2026-09-07T19:07:59Z,10,hub,2026-09-17T00:49:00Z,2026-09-17T00:49:00Z,true
northumbrian:NWL00283:1788687239000,northumbrian:NWL00283,northumbrian,2026-09-06T09:33:59Z,2026-09-06T11:11:59Z,98,hub,2026-09-17T00:49:00Z,2026-09-17T00:49:00Z,true
northumbrian:NWL00284:1788690480000,northumbrian:NWL00284,northumbrian,2026-09-06T10:28:00Z,2026-09-06T10:54:00Z,26,hub,2026-09-17T00:49:00Z,2026-09-17T00:49:00Z,true
northumbrian:NWL00285:1788869279000,northumbrian:NWL00285,northumbrian,2026-09-08T12:07:59Z,2026-09-08T12:27:59Z,20,hub,2026-09-17T00:49:00Z,2026-09-17T00:49:00Z,true
northumbrian:NWL00285:1789663199000,northumbrian:NWL00285,northumbrian,2026-09-17T16:39:59Z,2026-09-17T16:51:59Z,12,hub,2026-09-17T19:14:51Z,2026-09-17T19:14:51Z,true
northumbrian:NWL00288:1788806759000,northumbrian:NWL00288,northumbrian,2026-09-07T18:45:59Z,2026-09-07T18:59:59Z,14,hub,2026-09-17T00:49:00Z,2026-09-17T00:49:00Z,true
northumbrian:NWL00289:1789477679000,northumbrian:NWL00289,northumbrian,2026-09-15T13:07:59Z,2026-09-15T13:11:59Z,4,hub,2026-09-17T00:49:00Z,2026-09-17T00:49:00Z,true
northumbrian:NWL00293:1788688439000,northumbrian:NWL00293,northumbrian,2026-09-06T09:53:59Z,2026-09-06T11:13:59Z,80,hub,2026-09-17T00:49:00Z,2026-09-17T00:49:00Z,true
northumbrian:NWL00295:1788690479000,northumbrian:NWL00295,northumbrian,2026-09-06T10:27:59Z,2026-09-06T11:01:59Z,34,hub,2026-09-17T00:49:00Z,2026-09-17T00:49:00Z,true
northumbrian:NWL00304:1788808079000,northumbrian:NWL00304,northumbrian,2026-09-07T19:07:59Z,2026-09-07T19:13:59Z,6,hub,2026-09-17T00:49:00Z,2026-09-17T00:49:00Z,true
northumbrian:NWL00310:1789500000000,northumbrian:NWL00310,northumbrian,2026-09-15T19:20:00Z,2026-09-15T19:22:00Z,2,hub,2026-09-17T00:49:00Z,2026-09-17T00:49:00Z,true
northumbrian:NWL00312:1788807719000,northumbrian:NWL00312,northumbrian,2026-09-07T19:01:59Z,2026-09-07T19:03:59Z,2,hub,2026-09-17T00:49:00Z,2026-09-17T00:49:00Z,true
northumbrian:NWL00317:1789685159000,northumbrian:NWL00317,northumbrian,2026-09-17T22:45:59Z,2026-09-17T22:47:59Z,2,hub,2026-09-17T23:07:57Z,2026-09-17T23:28:15Z,true
northumbrian:NWL00320:1789594679000,northumbrian:NWL00320,northumbrian,2026-09-16T21:37:59Z,2026-09-16T21:39:59Z,2,hub,2026-09-17T00:49:00Z,2026-09-17T00:49:00Z,true
northumbrian:NWL00321:1788812159000,northumbrian:NWL00321,northumbrian,2026-09-07T20:15:59Z,2026-09-07T20:46:00Z,30,hub,2026-09-17T00:49:00Z,2026-09-17T00:49:00Z,true
northumbrian:NWL00323:1788808199000,northumbrian:NWL00323,northumbrian,2026-09-07T19:09:59Z,2026-09-07T19:15:59Z,6,hub,2026-09-17T00:49:00Z,2026-09-17T00:49:00Z,true
northumbrian:NWL00330:1788808439000,northumbrian:NWL00330,northumbrian,2026-09-07T19:13:59Z,2026-09-07T19:33:59Z,20,hub,2026-09-17T00:49:00Z,2026-09-17T00:49:00Z,true
northumbrian:NWL00332:1788807840000,northumbrian:NWL00332,northumbrian,2026-09-07T19:04:00Z,2026-09-07T20:00:00Z,56,hub,2026-09-17T00:49:00Z,2026-09-17T00:49:00Z,true
northumbrian:NWL00333:1788809279000,northumbrian:NWL00333,northumbrian,2026-09-07T19:27:59Z,2026-09-07T19:33:59Z,6,hub,2026-09-17T00:49:00Z,2026-09-17T00:49:00Z,true
northumbrian:NWL00335:1788808679000,northumbrian:NWL00335,northumbrian,2026-09-07T19:17:59Z,2026-09-07T19:31:59Z,14,hub,2026-09-17T00:49:00Z,2026-09-17T00:49:00Z,true
northumbrian:NWL00339:1788808559000,northumbrian:NWL00339,northumbrian,2026-09-07T19:15:59Z,2026-09-07T19:27:59Z,12,hub,2026-09-17T00:49:00Z,2026-09-17T00:49:00Z,true
northumbrian:NWL00340:1788697445000,northumbrian:NWL00340,northumbrian,2026-09-06T12:24:05Z,2026-09-06T12:26:24Z,2,hub,2026-09-17T00:49:00Z,2026-09-17T00:49:00Z,true
northumbrian:NWL00341:1788705840000,northumbrian:NWL00341,northumbrian,2026-09-06T14:44:00Z,2026-09-06T14:50:00Z,6,hub,2026-09-17T00:49:00Z,2026-09-17T00:49:00Z,true
northumbrian:NWL00343:1789500940000,northumbrian:NWL00343,northumbrian,2026-09-15T19:35:40Z,2026-09-15T19:35:50Z,0,hub,2026-09-17T00:49:00Z,2026-09-17T00:49:00Z,true
northumbrian:NWL00344:1788688660000,northumbrian:NWL00344,northumbrian,2026-09-06T09:57:40Z,2026-09-06T10:05:05Z,7,hub,2026-09-17T00:49:00Z,2026-09-17T00:49:00Z,true
northumbrian:NWL00350:1788688799000,northumbrian:NWL00350,northumbrian,2026-09-06T09:59:59Z,2026-09-06T10:45:59Z,46,hub,2026-09-17T00:49:00Z,2026-09-17T00:49:00Z,true
northumbrian:NWL00351:1788807345000,northumbrian:NWL00351,northumbrian,2026-09-07T18:55:45Z,2026-09-07T19:22:05Z,26,hub,2026-09-17T00:49:00Z,2026-09-17T00:49:00Z,true
northumbrian:NWL00355:1788808199000,northumbrian:NWL00355,northumbrian,2026-09-07T19:09:59Z,2026-09-07T19:11:59Z,2,hub,2026-09-17T00:49:00Z,2026-09-17T00:49:00Z,true
northumbrian:NWL00362:1788690119000,northumbrian:NWL00362,northumbrian,2026-09-06T10:21:59Z,2026-09-06T10:31:59Z,10,hub,2026-09-17T00:49:00Z,2026-09-17T00:49:00Z,true
northumbrian:NWL00363:1788688919000,northumbrian:NWL00363,northumbrian,2026-09-06T10:01:59Z,2026-09-06T10:15:59Z,14,hub,2026-09-17T00:49:00Z,2026-09-17T00:49:00Z,true
northumbrian:NWL00365:1788809205000,northumbrian:NWL00365,northumbrian,2026-09-07T19:26:45Z,2026-09-07T19:41:10Z,14,hub,2026-09-17T00:49:00Z,2026-09-17T00:49:00Z,true
northumbrian:NWL00367:1788689999000,northumbrian:NWL00367,northumbrian,2026-09-06T10:19:59Z,2026-09-06T10:21:59Z,2,hub,2026-09-17T00:49:00Z,2026-09-17T00:49:00Z,true
northumbrian:NWL00369:1788807600000,northumbrian:NWL00369,northumbrian,2026-09-07T19:00:00Z,2026-09-07T19:11:40Z,12,hub,2026-09-17T00:49:00Z,2026-09-17T00:49:00Z,true
northumbrian:NWL00372:1788804599000,northumbrian:NWL00372,northumbrian,2026-09-07T18:09:59Z,2026-09-07T18:13:59Z,4,hub,2026-09-17T00:49:00Z,2026-09-17T00:49:00Z,true
northumbrian:NWL00373:1788691199000,northumbrian:NWL00373,northumbrian,2026-09-06T10:39:59Z,2026-09-06T10:45:59Z,6,hub,2026-09-17T00:49:00Z,2026-09-17T00:49:00Z,true
northumbrian:NWL00377:1788807918000,northumbrian:NWL00377,northumbrian,2026-09-07T19:05:18Z,2026-09-07T19:46:17Z,41,hub,2026-09-17T00:49:00Z,2026-09-17T00:49:00Z,true
northumbrian:NWL00379:1788690119000,northumbrian:NWL00379,northumbrian,2026-09-06T10:21:59Z,2026-09-06T10:29:59Z,8,hub,2026-09-17T00:49:00Z,2026-09-17T00:49:00Z,true
northumbrian:NWL00385:1788808679000,northumbrian:NWL00385,northumbrian,2026-09-07T19:17:59Z,2026-09-07T19:23:59Z,6,hub,2026-09-17T00:49:00Z,2026-09-17T00:49:00Z,true
northumbrian:NWL00386:1788689999000,northumbrian:NWL00386,northumbrian,2026-09-06T10:19:59Z,2026-09-06T10:35:59Z,16,hub,2026-09-17T00:49:00Z,2026-09-17T00:49:00Z,true
northumbrian:NWL00389:1789268879000,northumbrian:NWL00389,northumbrian,2026-09-13T03:07:59Z,2026-09-13T03:09:59Z,2,hub,2026-09-17T00:49:00Z,2026-09-17T00:49:00Z,true
northumbrian:NWL00394:1788807849000,northumbrian:NWL00394,northumbrian,2026-09-07T19:04:09Z,2026-09-07T19:33:50Z,30,hub,2026-09-17T00:49:00Z,2026-09-17T00:49:00Z,true
northumbrian:NWL00395:1788686519000,northumbrian:NWL00395,northumbrian,2026-09-06T09:21:59Z,2026-09-06T09:41:59Z,20,hub,2026-09-17T00:49:00Z,2026-09-17T00:49:00Z,true
northumbrian:NWL00397:1788807359000,northumbrian:NWL00397,northumbrian,2026-09-07T18:55:59Z,2026-09-07T19:25:59Z,30,hub,2026-09-17T00:49:00Z,2026-09-17T00:49:00Z,true
northumbrian:NWL00403:1788809999000,northumbrian:NWL00403,northumbrian,2026-09-07T19:39:59Z,2026-09-07T20:13:59Z,34,hub,2026-09-17T00:49:00Z,2026-09-17T00:49:00Z,true
northumbrian:NWL00404:1788807479000,northumbrian:NWL00404,northumbrian,2026-09-07T18:57:59Z,2026-09-07T19:46:00Z,48,hub,2026-09-17T00:49:00Z,2026-09-17T00:49:00Z,true
northumbrian:NWL00405:1788808679000,northumbrian:NWL00405,northumbrian,2026-09-07T19:17:59Z,2026-09-07T19:25:59Z,8,hub,2026-09-17T00:49:00Z,2026-09-17T00:49:00Z,true
northumbrian:NWL00407:1788808319000,northumbrian:NWL00407,northumbrian,2026-09-07T19:11:59Z,2026-09-07T19:29:59Z,18,hub,2026-09-17T00:49:00Z,2026-09-17T00:49:00Z,true
northumbrian:NWL00409:1788808679000,northumbrian:NWL00409,northumbrian,2026-09-07T19:17:59Z,2026-09-07T19:45:59Z,28,hub,2026-09-17T00:49:00Z,2026-09-17T00:49:00Z,true
northumbrian:NWL00422:1788809039000,northumbrian:NWL00422,northumbrian,2026-09-07T19:23:59Z,2026-09-07T19:43:59Z,20,hub,2026-09-17T00:49:00Z,2026-09-17T00:49:00Z,true
northumbrian:NWL00423:1788808919000,northumbrian:NWL00423,northumbrian,2026-09-07T19:21:59Z,2026-09-07T19:55:59Z,34,hub,2026-09-17T00:49:00Z,2026-09-17T00:49:00Z,true
northumbrian:NWL00428:1788808439000,northumbrian:NWL00428,northumbrian,2026-09-07T19:13:59Z,2026-09-07T19:33:59Z,20,hub,2026-09-17T00:49:00Z,2026-09-17T00:49:00Z,true
northumbrian:NWL00430:1788688799000,northumbrian:NWL00430,northumbrian,2026-09-06T09:59:59Z,2026-09-06T10:33:59Z,34,hub,2026-09-17T00:49:00Z,2026-09-17T00:49:00Z,true
northumbrian:NWL00432:1788808199000,northumbrian:NWL00432,northumbrian,2026-09-07T19:09:59Z,2026-09-07T19:29:59Z,20,hub,2026-09-17T00:49:00Z,2026-09-17T00:49:00Z,true
northumbrian:NWL00438:1788689879000,northumbrian:NWL00438,northumbrian,2026-09-06T10:17:59Z,2026-09-06T10:19:59Z,2,hub,2026-09-17T00:49:00Z,2026-09-17T00:49:00Z,true
northumbrian:NWL00439:1788807679000,northumbrian:NWL00439,northumbrian,2026-09-07T19:01:19Z,2026-09-07T19:53:20Z,52,hub,2026-09-17T00:49:00Z,2026-09-17T00:49:00Z,true
northumbrian:NWL00448:1789020599000,northumbrian:NWL00448,northumbrian,2026-09-10T06:09:59Z,2026-09-10T06:11:59Z,2,hub,2026-09-17T00:49:00Z,2026-09-17T00:49:00Z,true
northumbrian:NWL00450:1788807359000,northumbrian:NWL00450,northumbrian,2026-09-07T18:55:59Z,2026-09-07T19:11:59Z,16,hub,2026-09-17T00:49:00Z,2026-09-17T00:49:00Z,true
northumbrian:NWL00464:1788629520000,northumbrian:NWL00464,northumbrian,2026-09-05T17:32:00Z,2026-09-05T17:32:10Z,0,hub,2026-09-17T00:49:00Z,2026-09-17T00:49:00Z,true
northumbrian:NWL00468:1788808799000,northumbrian:NWL00468,northumbrian,2026-09-07T19:19:59Z,2026-09-07T19:23:59Z,4,hub,2026-09-17T00:49:00Z,2026-09-17T00:49:00Z,true
northumbrian:NWL00468:1789736759000,northumbrian:NWL00468,northumbrian,2026-09-18T13:05:59Z,2026-09-18T13:13:59Z,8,hub,2026-09-18T14:37:46Z,2026-09-18T14:37:46Z,true
northumbrian:NWL00468:1789761839000,northumbrian:NWL00468,northumbrian,2026-09-18T20:03:59Z,2026-09-18T20:05:59Z,2,hub,2026-09-18T20:21:27Z,2026-09-18T20:41:44Z,true
northumbrian:NWL00468:1789765439000,northumbrian:NWL00468,northumbrian,2026-09-18T21:03:59Z,2026-09-18T21:05:59Z,2,hub,2026-09-18T22:43:41Z,2026-09-18T22:43:41Z,true
northumbrian:NWL00474:1789082610000,northumbrian:NWL00474,northumbrian,2026-09-10T23:23:30Z,2026-09-11T01:07:50Z,104,hub,2026-09-17T00:49:00Z,2026-09-17T00:49:00Z,true
northumbrian:NWL00476:1788808439000,northumbrian:NWL00476,northumbrian,2026-09-07T19:13:59Z,2026-09-07T19:17:59Z,4,hub,2026-09-17T00:49:00Z,2026-09-17T00:49:00Z,true
northumbrian:NWL00478:1789083239000,northumbrian:NWL00478,northumbrian,2026-09-10T23:33:59Z,2026-09-10T23:41:59Z,8,hub,2026-09-17T00:49:00Z,2026-09-17T00:49:00Z,true
northumbrian:NWL00479:1788688679000,northumbrian:NWL00479,northumbrian,2026-09-06T09:57:59Z,2026-09-06T09:59:59Z,2,hub,2026-09-17T00:49:00Z,2026-09-17T00:49:00Z,true
northumbrian:NWL00480:1788471700000,northumbrian:NWL00480,northumbrian,2026-09-03T21:41:40Z,2026-09-03T21:41:50Z,0,hub,2026-09-17T00:49:00Z,2026-09-17T00:49:00Z,true
northumbrian:NWL00480:1789638510000,northumbrian:NWL00480,northumbrian,2026-09-17T09:48:30Z,2026-09-17T09:49:00Z,1,hub,2026-09-17T11:32:49Z,2026-09-17T11:32:49Z,true
northumbrian:NWL00484:1789243500000,northumbrian:NWL00484,northumbrian,2026-09-12T20:05:00Z,2026-09-12T20:05:59Z,1,hub,2026-09-17T00:49:00Z,2026-09-17T00:49:00Z,true
northumbrian:NWL00486:1788690290000,northumbrian:NWL00486,northumbrian,2026-09-06T10:24:50Z,2026-09-06T10:35:50Z,11,hub,2026-09-17T00:49:00Z,2026-09-17T00:49:00Z,true
northumbrian:NWL00487:1788811114000,northumbrian:NWL00487,northumbrian,2026-09-07T19:58:34Z,2026-09-07T20:13:35Z,15,hub,2026-09-17T00:49:00Z,2026-09-17T00:49:00Z,true
northumbrian:NWL00489:1788810599000,northumbrian:NWL00489,northumbrian,2026-09-07T19:49:59Z,2026-09-07T20:17:59Z,28,hub,2026-09-17T00:49:00Z,2026-09-17T00:49:00Z,true
northumbrian:NWL00493:1788807480000,northumbrian:NWL00493,northumbrian,2026-09-07T18:58:00Z,2026-09-07T19:03:59Z,6,hub,2026-09-17T00:49:00Z,2026-09-17T00:49:00Z,true
northumbrian:NWL00494:1788689039000,northumbrian:NWL00494,northumbrian,2026-09-06T10:03:59Z,2026-09-06T10:55:59Z,52,hub,2026-09-17T00:49:00Z,2026-09-17T00:49:00Z,true
northumbrian:NWL00495:1788807304000,northumbrian:NWL00495,northumbrian,2026-09-07T18:55:04Z,2026-09-07T19:53:15Z,58,hub,2026-09-17T00:49:00Z,2026-09-17T00:49:00Z,true
northumbrian:NWL00496:1788807839000,northumbrian:NWL00496,northumbrian,2026-09-07T19:03:59Z,2026-09-07T19:19:59Z,16,hub,2026-09-17T00:49:00Z,2026-09-17T00:49:00Z,true
northumbrian:NWL00499:1788808440000,northumbrian:NWL00499,northumbrian,2026-09-07T19:14:00Z,2026-09-07T19:48:00Z,34,hub,2026-09-17T00:49:00Z,2026-09-17T00:49:00Z,true
northumbrian:NWL00504:1788342330000,northumbrian:NWL00504,northumbrian,2026-09-02T09:45:30Z,2026-09-02T09:45:40Z,0,hub,2026-09-17T00:49:00Z,2026-09-17T00:49:00Z,true
northumbrian:NWL00507:1788807959000,northumbrian:NWL00507,northumbrian,2026-09-07T19:05:59Z,2026-09-07T20:39:59Z,94,hub,2026-09-17T00:49:00Z,2026-09-17T00:49:00Z,true
northumbrian:NWL00510:1788807359000,northumbrian:NWL00510,northumbrian,2026-09-07T18:55:59Z,2026-09-07T18:57:59Z,2,hub,2026-09-17T00:49:00Z,2026-09-17T00:49:00Z,true
northumbrian:NWL00514:1788809879000,northumbrian:NWL00514,northumbrian,2026-09-07T19:37:59Z,2026-09-07T19:51:59Z,14,hub,2026-09-17T00:49:00Z,2026-09-17T00:49:00Z,true
northumbrian:NWL00517:1788688075000,northumbrian:NWL00517,northumbrian,2026-09-06T09:47:55Z,2026-09-06T11:06:32Z,79,hub,2026-09-17T00:49:00Z,2026-09-17T00:49:00Z,true
northumbrian:NWL00526:1788689519000,northumbrian:NWL00526,northumbrian,2026-09-06T10:11:59Z,2026-09-06T10:31:59Z,20,hub,2026-09-17T00:49:00Z,2026-09-17T00:49:00Z,true
northumbrian:NWL00530:1788807959000,northumbrian:NWL00530,northumbrian,2026-09-07T19:05:59Z,2026-09-07T20:05:59Z,60,hub,2026-09-17T00:49:00Z,2026-09-17T00:49:00Z,true
northumbrian:NWL00531:1789082159000,northumbrian:NWL00531,northumbrian,2026-09-10T23:15:59Z,2026-09-10T23:23:59Z,8,hub,2026-09-17T00:49:00Z,2026-09-17T00:49:00Z,true
northumbrian:NWL00538:1789547327000,northumbrian:NWL00538,northumbrian,2026-09-16T08:28:47Z,2026-09-16T08:53:47Z,25,hub,2026-09-17T00:49:00Z,2026-09-17T00:49:00Z,true
northumbrian:NWL00542:1788688319000,northumbrian:NWL00542,northumbrian,2026-09-06T09:51:59Z,2026-09-06T10:49:59Z,58,hub,2026-09-17T00:49:00Z,2026-09-17T00:49:00Z,true
northumbrian:NWL00545:1789500599000,northumbrian:NWL00545,northumbrian,2026-09-15T19:29:59Z,2026-09-15T19:31:59Z,2,hub,2026-09-17T00:49:00Z,2026-09-17T00:49:00Z,true
northumbrian:NWL00550:1788808439000,northumbrian:NWL00550,northumbrian,2026-09-07T19:13:59Z,2026-09-07T19:49:59Z,36,hub,2026-09-17T00:49:00Z,2026-09-17T00:49:00Z,true
northumbrian:NWL00551:1788809270000,northumbrian:NWL00551,northumbrian,2026-09-07T19:27:50Z,2026-09-07T19:52:20Z,25,hub,2026-09-17T00:49:00Z,2026-09-17T00:49:00Z,true
northumbrian:NWL00552:1788808919000,northumbrian:NWL00552,northumbrian,2026-09-07T19:21:59Z,2026-09-07T19:41:59Z,20,hub,2026-09-17T00:49:00Z,2026-09-17T00:49:00Z,true
northumbrian:NWL00556:1788690239000,northumbrian:NWL00556,northumbrian,2026-09-06T10:23:59Z,2026-09-06T11:57:59Z,94,hub,2026-09-17T00:49:00Z,2026-09-17T00:49:00Z,true
northumbrian:NWL00557:1788692151000,northumbrian:NWL00557,northumbrian,2026-09-06T10:55:51Z,2026-09-06T11:25:41Z,30,hub,2026-09-17T00:49:00Z,2026-09-17T00:49:00Z,true
northumbrian:NWL00558:1788809759000,northumbrian:NWL00558,northumbrian,2026-09-07T19:35:59Z,2026-09-07T19:55:59Z,20,hub,2026-09-17T00:49:00Z,2026-09-17T00:49:00Z,true
northumbrian:NWL00565:1789272959000,northumbrian:NWL00565,northumbrian,2026-09-13T04:15:59Z,2026-09-13T04:59:59Z,44,hub,2026-09-17T00:49:00Z,2026-09-17T00:49:00Z,true
northumbrian:NWL00569:1788804239000,northumbrian:NWL00569,northumbrian,2026-09-07T18:03:59Z,2026-09-07T18:09:59Z,6,hub,2026-09-17T00:49:00Z,2026-09-17T00:49:00Z,true
northumbrian:NWL00572:1789735799000,northumbrian:NWL00572,northumbrian,2026-09-18T12:49:59Z,2026-09-18T12:55:59Z,6,hub,2026-09-18T14:37:46Z,2026-09-18T14:37:46Z,true
northumbrian:NWL00574:1788689879000,northumbrian:NWL00574,northumbrian,2026-09-06T10:17:59Z,2026-09-06T11:13:59Z,56,hub,2026-09-17T00:49:00Z,2026-09-17T00:49:00Z,true
northumbrian:NWL00580:1788808559000,northumbrian:NWL00580,northumbrian,2026-09-07T19:15:59Z,2026-09-07T19:25:59Z,10,hub,2026-09-17T00:49:00Z,2026-09-17T00:49:00Z,true
northumbrian:NWL00580:1789743111000,northumbrian:NWL00580,northumbrian,2026-09-18T14:51:51Z,,,hub,2026-09-18T15:28:34Z,2026-09-18T15:28:34Z,
northumbrian:NWL00586:1788808079000,northumbrian:NWL00586,northumbrian,2026-09-07T19:07:59Z,2026-09-07T19:21:59Z,14,hub,2026-09-17T00:49:00Z,2026-09-17T00:49:00Z,true
northumbrian:NWL00592:1789441319000,northumbrian:NWL00592,northumbrian,2026-09-15T03:01:59Z,2026-09-15T03:13:59Z,12,hub,2026-09-17T00:49:00Z,2026-09-17T00:49:00Z,true
northumbrian:NWL00593:1788691439000,northumbrian:NWL00593,northumbrian,2026-09-06T10:43:59Z,2026-09-06T11:09:59Z,26,hub,2026-09-17T00:49:00Z,2026-09-17T00:49:00Z,true
northumbrian:NWL00602:1788695039000,northumbrian:NWL00602,northumbrian,2026-09-06T11:43:59Z,2026-09-06T11:45:59Z,2,hub,2026-09-17T00:49:00Z,2026-09-17T00:49:00Z,true
northumbrian:NWL00608:1788691559000,northumbrian:NWL00608,northumbrian,2026-09-06T10:45:59Z,2026-09-06T12:07:59Z,82,hub,2026-09-17T00:49:00Z,2026-09-17T00:49:00Z,true
northumbrian:NWL00616:1789115356000,northumbrian:NWL00616,northumbrian,2026-09-11T08:29:16Z,2026-09-11T08:30:00Z,1,hub,2026-09-17T00:49:00Z,2026-09-17T00:49:00Z,true
northumbrian:NWL00617:1788511800000,northumbrian:NWL00617,northumbrian,2026-09-04T08:50:00Z,2026-09-04T08:52:00Z,2,hub,2026-09-17T00:49:00Z,2026-09-17T00:49:00Z,true
northumbrian:NWL00621:1788690119000,northumbrian:NWL00621,northumbrian,2026-09-06T10:21:59Z,2026-09-06T10:33:59Z,12,hub,2026-09-17T00:49:00Z,2026-09-17T00:49:00Z,true
northumbrian:NWL00622:1789446970000,northumbrian:NWL00622,northumbrian,2026-09-15T04:36:10Z,2026-09-15T04:50:00Z,14,hub,2026-09-17T00:49:00Z,2026-09-17T00:49:00Z,true
northumbrian:NWL00629:1788402359000,northumbrian:NWL00629,northumbrian,2026-09-03T02:25:59Z,2026-09-03T02:37:59Z,12,hub,2026-09-17T00:49:00Z,2026-09-17T00:49:00Z,true
northumbrian:NWL00632:1789325519000,northumbrian:NWL00632,northumbrian,2026-09-13T18:51:59Z,2026-09-13T18:55:59Z,4,hub,2026-09-17T00:49:00Z,2026-09-17T00:49:00Z,true
northumbrian:NWL00639:1789446460000,northumbrian:NWL00639,northumbrian,2026-09-15T04:27:40Z,2026-09-15T05:17:42Z,50,hub,2026-09-17T00:49:00Z,2026-09-17T00:49:00Z,true
northumbrian:NWL00641:1788689879000,northumbrian:NWL00641,northumbrian,2026-09-06T10:17:59Z,2026-09-06T11:09:59Z,52,hub,2026-09-17T00:49:00Z,2026-09-17T00:49:00Z,true
northumbrian:NWL00643:1788807719000,northumbrian:NWL00643,northumbrian,2026-09-07T19:01:59Z,2026-09-07T19:03:59Z,2,hub,2026-09-17T00:49:00Z,2026-09-17T00:49:00Z,true
northumbrian:NWL00644:1789082990000,northumbrian:NWL00644,northumbrian,2026-09-10T23:29:50Z,2026-09-10T23:50:37Z,21,hub,2026-09-17T00:49:00Z,2026-09-17T00:49:00Z,true
northumbrian:NWL00644:1789648370000,northumbrian:NWL00644,northumbrian,2026-09-17T12:32:50Z,2026-09-17T12:58:37Z,26,hub,2026-09-17T13:51:58Z,2026-09-17T13:51:58Z,true
northumbrian:NWL00652:1789085759000,northumbrian:NWL00652,northumbrian,2026-09-11T00:15:59Z,2026-09-11T00:25:59Z,10,hub,2026-09-17T00:49:00Z,2026-09-17T00:49:00Z,true
northumbrian:NWL00653:1788808919000,northumbrian:NWL00653,northumbrian,2026-09-07T19:21:59Z,2026-09-07T19:39:59Z,18,hub,2026-09-17T00:49:00Z,2026-09-17T00:49:00Z,true
northumbrian:NWL00655:1788812759000,northumbrian:NWL00655,northumbrian,2026-09-07T20:25:59Z,2026-09-07T20:27:59Z,2,hub,2026-09-17T00:49:00Z,2026-09-17T00:49:00Z,true
northumbrian:NWL00659:1789013760000,northumbrian:NWL00659,northumbrian,2026-09-10T04:16:00Z,2026-09-10T04:18:00Z,2,hub,2026-09-17T00:49:00Z,2026-09-17T00:49:00Z,true
northumbrian:NWL00661:1788807959000,northumbrian:NWL00661,northumbrian,2026-09-07T19:05:59Z,2026-09-07T19:13:59Z,8,hub,2026-09-17T00:49:00Z,2026-09-17T00:49:00Z,true
northumbrian:NWL00663:1788690119000,northumbrian:NWL00663,northumbrian,2026-09-06T10:21:59Z,2026-09-06T10:23:59Z,2,hub,2026-09-17T00:49:00Z,2026-09-17T00:49:00Z,true
northumbrian:NWL00666:1788812845000,northumbrian:NWL00666,northumbrian,2026-09-07T20:27:25Z,2026-09-07T20:50:00Z,23,hub,2026-09-17T00:49:00Z,2026-09-17T00:49:00Z,true
northumbrian:NWL00667:1789552560000,northumbrian:NWL00667,northumbrian,2026-09-16T09:56:00Z,2026-09-16T09:58:00Z,2,hub,2026-09-17T00:49:00Z,2026-09-17T00:49:00Z,true
northumbrian:NWL00667:1789620600000,northumbrian:NWL00667,northumbrian,2026-09-17T04:50:00Z,2026-09-17T04:52:00Z,2,hub,2026-09-17T11:32:49Z,2026-09-17T11:32:49Z,true
northumbrian:NWL00676:1788687959000,northumbrian:NWL00676,northumbrian,2026-09-06T09:45:59Z,2026-09-06T09:47:59Z,2,hub,2026-09-17T00:49:00Z,2026-09-17T00:49:00Z,true
northumbrian:NWL00679:1788807119000,northumbrian:NWL00679,northumbrian,2026-09-07T18:51:59Z,2026-09-07T18:57:59Z,6,hub,2026-09-17T00:49:00Z,2026-09-17T00:49:00Z,true
northumbrian:NWL00680:1788955120000,northumbrian:NWL00680,northumbrian,2026-09-09T11:58:40Z,2026-09-09T11:59:05Z,0,hub,2026-09-17T00:49:00Z,2026-09-17T00:49:00Z,true
northumbrian:NWL00686:1788806640000,northumbrian:NWL00686,northumbrian,2026-09-07T18:44:00Z,2026-09-07T19:16:00Z,32,hub,2026-09-17T00:49:00Z,2026-09-17T00:49:00Z,true
northumbrian:NWL00690:1788807480000,northumbrian:NWL00690,northumbrian,2026-09-07T18:58:00Z,2026-09-07T19:19:59Z,22,hub,2026-09-17T00:49:00Z,2026-09-17T00:49:00Z,true
northumbrian:NWL00692:1789027670000,northumbrian:NWL00692,northumbrian,2026-09-10T08:07:50Z,2026-09-10T08:09:13Z,1,hub,2026-09-17T00:49:00Z,2026-09-17T00:49:00Z,true
northumbrian:NWL00693:1789486428000,northumbrian:NWL00693,northumbrian,2026-09-15T15:33:48Z,2026-09-15T15:33:59Z,0,hub,2026-09-17T11:32:49Z,2026-09-17T11:32:49Z,true
northumbrian:NWL00697:1788804719000,northumbrian:NWL00697,northumbrian,2026-09-07T18:11:59Z,2026-09-07T18:13:59Z,2,hub,2026-09-17T00:49:00Z,2026-09-17T00:49:00Z,true
northumbrian:NWL00699:1788689039000,northumbrian:NWL00699,northumbrian,2026-09-06T10:03:59Z,2026-09-06T10:29:59Z,26,hub,2026-09-17T00:49:00Z,2026-09-17T00:49:00Z,true
northumbrian:NWL00703:1788809039000,northumbrian:NWL00703,northumbrian,2026-09-07T19:23:59Z,2026-09-07T19:27:59Z,4,hub,2026-09-17T00:49:00Z,2026-09-17T00:49:00Z,true
northumbrian:NWL00704:1788808919000,northumbrian:NWL00704,northumbrian,2026-09-07T19:21:59Z,2026-09-07T19:37:59Z,16,hub,2026-09-17T00:49:00Z,2026-09-17T00:49:00Z,true
northumbrian:NWL00712:1788697156000,northumbrian:NWL00712,northumbrian,2026-09-06T12:19:16Z,2026-09-06T14:35:16Z,136,hub,2026-09-17T00:49:00Z,2026-09-17T00:49:00Z,true
northumbrian:NWL00713:1789449811000,northumbrian:NWL00713,northumbrian,2026-09-15T05:23:31Z,2026-09-15T05:31:31Z,8,hub,2026-09-17T00:49:00Z,2026-09-17T00:49:00Z,true
northumbrian:NWL00714:1788812941000,northumbrian:NWL00714,northumbrian,2026-09-07T20:29:01Z,2026-09-08T00:15:01Z,226,hub,2026-09-17T00:49:00Z,2026-09-17T00:49:00Z,true
northumbrian:NWL00716:1788688919000,northumbrian:NWL00716,northumbrian,2026-09-06T10:01:59Z,2026-09-06T10:13:59Z,12,hub,2026-09-17T00:49:00Z,2026-09-17T00:49:00Z,true
northumbrian:NWL00718:1788686700000,northumbrian:NWL00718,northumbrian,2026-09-06T09:25:00Z,2026-09-06T10:00:30Z,36,hub,2026-09-17T00:49:00Z,2026-09-17T00:49:00Z,true
northumbrian:NWL00719:1788806159000,northumbrian:NWL00719,northumbrian,2026-09-07T18:35:59Z,2026-09-07T18:45:59Z,10,hub,2026-09-17T00:49:00Z,2026-09-17T00:49:00Z,true
northumbrian:NWL00728:1788807690000,northumbrian:NWL00728,northumbrian,2026-09-07T19:01:30Z,2026-09-07T19:28:34Z,27,hub,2026-09-17T00:49:00Z,2026-09-17T00:49:00Z,true
northumbrian:NWL00731:1788688439000,northumbrian:NWL00731,northumbrian,2026-09-06T09:53:59Z,2026-09-06T11:05:59Z,72,hub,2026-09-17T00:49:00Z,2026-09-17T00:49:00Z,true
northumbrian:NWL00733:1788807599000,northumbrian:NWL00733,northumbrian,2026-09-07T18:59:59Z,2026-09-07T19:05:59Z,6,hub,2026-09-17T00:49:00Z,2026-09-17T00:49:00Z,true
northumbrian:NWL00738:1788690479000,northumbrian:NWL00738,northumbrian,2026-09-06T10:27:59Z,2026-09-06T11:41:59Z,74,hub,2026-09-17T00:49:00Z,2026-09-17T00:49:00Z,true
northumbrian:NWL00740:1789542941000,northumbrian:NWL00740,northumbrian,2026-09-16T07:15:41Z,2026-09-16T07:15:55Z,0,hub,2026-09-17T00:49:00Z,2026-09-17T00:49:00Z,true
northumbrian:NWL00742:1788809399000,northumbrian:NWL00742,northumbrian,2026-09-07T19:29:59Z,2026-09-07T19:59:59Z,30,hub,2026-09-17T00:49:00Z,2026-09-17T00:49:00Z,true
northumbrian:NWL00743:1788689519000,northumbrian:NWL00743,northumbrian,2026-09-06T10:11:59Z,2026-09-06T10:13:59Z,2,hub,2026-09-17T00:49:00Z,2026-09-17T00:49:00Z,true
northumbrian:NWL00745:1788807119000,northumbrian:NWL00745,northumbrian,2026-09-07T18:51:59Z,2026-09-07T19:37:59Z,46,hub,2026-09-17T00:49:00Z,2026-09-17T00:49:00Z,true
northumbrian:NWL00745:1789668359000,northumbrian:NWL00745,northumbrian,2026-09-17T18:05:59Z,2026-09-17T18:07:59Z,2,hub,2026-09-17T23:48:34Z,2026-09-17T23:48:34Z,true
northumbrian:NWL00747:1788808679000,northumbrian:NWL00747,northumbrian,2026-09-07T19:17:59Z,2026-09-07T19:25:59Z,8,hub,2026-09-17T00:49:00Z,2026-09-17T00:49:00Z,true
northumbrian:NWL00752:1788690479000,northumbrian:NWL00752,northumbrian,2026-09-06T10:27:59Z,2026-09-06T10:51:59Z,24,hub,2026-09-17T00:49:00Z,2026-09-17T00:49:00Z,true
northumbrian:NWL00757:1788810719000,northumbrian:NWL00757,northumbrian,2026-09-07T19:51:59Z,2026-09-07T19:53:59Z,2,hub,2026-09-17T00:49:00Z,2026-09-17T00:49:00Z,true
northumbrian:NWL00765:1788690599000,northumbrian:NWL00765,northumbrian,2026-09-06T10:29:59Z,2026-09-06T11:17:59Z,48,hub,2026-09-17T00:49:00Z,2026-09-17T00:49:00Z,true
northumbrian:NWL00769:1788482970000,northumbrian:NWL00769,northumbrian,2026-09-04T00:49:30Z,2026-09-04T00:49:40Z,0,hub,2026-09-17T00:49:00Z,2026-09-17T00:49:00Z,true
northumbrian:NWL00770:1788690359000,northumbrian:NWL00770,northumbrian,2026-09-06T10:25:59Z,2026-09-06T10:27:59Z,2,hub,2026-09-17T00:49:00Z,2026-09-17T00:49:00Z,true
northumbrian:NWL00771:1788690359000,northumbrian:NWL00771,northumbrian,2026-09-06T10:25:59Z,2026-09-06T10:33:59Z,8,hub,2026-09-17T00:49:00Z,2026-09-17T00:49:00Z,true
northumbrian:NWL00775:1789533360000,northumbrian:NWL00775,northumbrian,2026-09-16T04:36:00Z,2026-09-16T04:40:00Z,4,hub,2026-09-17T00:49:00Z,2026-09-17T00:49:00Z,true
northumbrian:NWL00776:1788809279000,northumbrian:NWL00776,northumbrian,2026-09-07T19:27:59Z,2026-09-07T20:13:59Z,46,hub,2026-09-17T00:49:00Z,2026-09-17T00:49:00Z,true
northumbrian:NWL00778:1789013879000,northumbrian:NWL00778,northumbrian,2026-09-10T04:17:59Z,2026-09-10T04:21:59Z,4,hub,2026-09-17T00:49:00Z,2026-09-17T00:49:00Z,true
northumbrian:NWL00778:1789644959000,northumbrian:NWL00778,northumbrian,2026-09-17T11:35:59Z,2026-09-17T11:41:59Z,6,hub,2026-09-17T13:51:58Z,2026-09-17T13:51:58Z,true
northumbrian:NWL00786:1789083599000,northumbrian:NWL00786,northumbrian,2026-09-10T23:39:59Z,2026-09-11T00:01:59Z,22,hub,2026-09-17T00:49:00Z,2026-09-17T00:49:00Z,true
northumbrian:NWL00787:1789082399000,northumbrian:NWL00787,northumbrian,2026-09-10T23:19:59Z,2026-09-10T23:49:59Z,30,hub,2026-09-17T00:49:00Z,2026-09-17T00:49:00Z,true
northumbrian:NWL00788:1789129733000,northumbrian:NWL00788,northumbrian,2026-09-11T12:28:53Z,2026-09-11T12:29:12Z,0,hub,2026-09-17T00:49:00Z,2026-09-17T00:49:00Z,true
northumbrian:NWL00792:1788690839000,northumbrian:NWL00792,northumbrian,2026-09-06T10:33:59Z,2026-09-06T11:05:59Z,32,hub,2026-09-17T00:49:00Z,2026-09-17T00:49:00Z,true
northumbrian:NWL00802:1788809519000,northumbrian:NWL00802,northumbrian,2026-09-07T19:31:59Z,2026-09-07T19:33:59Z,2,hub,2026-09-17T00:49:00Z,2026-09-17T00:49:00Z,true
northumbrian:NWL00810:1789558352000,northumbrian:NWL00810,northumbrian,2026-09-16T11:32:32Z,2026-09-16T11:32:50Z,0,hub,2026-09-17T00:49:00Z,2026-09-17T00:49:00Z,true
northumbrian:NWL00813:1788807599000,northumbrian:NWL00813,northumbrian,2026-09-07T18:59:59Z,2026-09-07T19:33:59Z,34,hub,2026-09-17T00:49:00Z,2026-09-17T00:49:00Z,true
northumbrian:NWL00817:1788808439000,northumbrian:NWL00817,northumbrian,2026-09-07T19:13:59Z,2026-09-07T19:37:59Z,24,hub,2026-09-17T00:49:00Z,2026-09-17T00:49:00Z,true
northumbrian:NWL00818:1788809159000,northumbrian:NWL00818,northumbrian,2026-09-07T19:25:59Z,2026-09-07T20:57:59Z,92,hub,2026-09-17T00:49:00Z,2026-09-17T00:49:00Z,true
northumbrian:NWL00820:1788808319000,northumbrian:NWL00820,northumbrian,2026-09-07T19:11:59Z,2026-09-07T19:31:59Z,20,hub,2026-09-17T00:49:00Z,2026-09-17T00:49:00Z,true
northumbrian:NWL00821:1788689280000,northumbrian:NWL00821,northumbrian,2026-09-06T10:08:00Z,2026-09-06T10:50:00Z,42,hub,2026-09-17T00:49:00Z,2026-09-17T00:49:00Z,true
northumbrian:NWL00823:1788808559000,northumbrian:NWL00823,northumbrian,2026-09-07T19:15:59Z,2026-09-07T19:37:59Z,22,hub,2026-09-17T00:49:00Z,2026-09-17T00:49:00Z,true
northumbrian:NWL00827:1788690959000,northumbrian:NWL00827,northumbrian,2026-09-06T10:35:59Z,2026-09-06T10:53:59Z,18,hub,2026-09-17T00:49:00Z,2026-09-17T00:49:00Z,true
northumbrian:NWL00828:1788690119000,northumbrian:NWL00828,northumbrian,2026-09-06T10:21:59Z,2026-09-06T11:47:59Z,86,hub,2026-09-17T00:49:00Z,2026-09-17T00:49:00Z,true
northumbrian:NWL00834:1789504799000,northumbrian:NWL00834,northumbrian,2026-09-15T20:39:59Z,2026-09-15T20:49:59Z,10,hub,2026-09-17T00:49:00Z,2026-09-17T00:49:00Z,true
northumbrian:NWL00835:1788498479000,northumbrian:NWL00835,northumbrian,2026-09-04T05:07:59Z,2026-09-04T05:23:59Z,16,hub,2026-09-17T00:49:00Z,2026-09-17T00:49:00Z,true
northumbrian:NWL00835:1789657799000,northumbrian:NWL00835,northumbrian,2026-09-17T15:09:59Z,2026-09-17T15:13:59Z,4,hub,2026-09-17T19:14:51Z,2026-09-17T19:14:51Z,true
northumbrian:NWL00836:1789442639000,northumbrian:NWL00836,northumbrian,2026-09-15T03:23:59Z,2026-09-15T03:25:59Z,2,hub,2026-09-17T00:49:00Z,2026-09-17T00:49:00Z,true
northumbrian:NWL00837:1789441439000,northumbrian:NWL00837,northumbrian,2026-09-15T03:03:59Z,2026-09-15T03:07:59Z,4,hub,2026-09-17T00:49:00Z,2026-09-17T00:49:00Z,true
northumbrian:NWL00842:1789085639000,northumbrian:NWL00842,northumbrian,2026-09-11T00:13:59Z,2026-09-11T00:55:59Z,42,hub,2026-09-17T00:49:00Z,2026-09-17T00:49:00Z,true
northumbrian:NWL00845:1789197119000,northumbrian:NWL00845,northumbrian,2026-09-12T07:11:59Z,2026-09-12T07:27:59Z,16,hub,2026-09-17T00:49:00Z,2026-09-17T00:49:00Z,true
northumbrian:NWL00852:1788807239000,northumbrian:NWL00852,northumbrian,2026-09-07T18:53:59Z,2026-09-07T19:51:59Z,58,hub,2026-09-17T00:49:00Z,2026-09-17T00:49:00Z,true
northumbrian:NWL00852:1789736639000,northumbrian:NWL00852,northumbrian,2026-09-18T13:03:59Z,2026-09-18T13:17:59Z,14,hub,2026-09-18T14:37:46Z,2026-09-18T14:37:46Z,true
northumbrian:NWL00853:1788809639000,northumbrian:NWL00853,northumbrian,2026-09-07T19:33:59Z,2026-09-07T19:43:59Z,10,hub,2026-09-17T00:49:00Z,2026-09-17T00:49:00Z,true
northumbrian:NWL00855:1788478811000,northumbrian:NWL00855,northumbrian,2026-09-03T23:40:11Z,2026-09-03T23:49:46Z,10,hub,2026-09-17T00:49:00Z,2026-09-17T00:49:00Z,true
northumbrian:NWL00857:1788687719000,northumbrian:NWL00857,northumbrian,2026-09-06T09:41:59Z,2026-09-06T10:29:59Z,48,hub,2026-09-17T00:49:00Z,2026-09-17T00:49:00Z,true
northumbrian:NWL00860:1788688679000,northumbrian:NWL00860,northumbrian,2026-09-06T09:57:59Z,2026-09-06T10:53:59Z,56,hub,2026-09-17T00:49:00Z,2026-09-17T00:49:00Z,true
northumbrian:NWL00861:1789083959000,northumbrian:NWL00861,northumbrian,2026-09-10T23:45:59Z,2026-09-11T00:07:59Z,22,hub,2026-09-17T00:49:00Z,2026-09-17T00:49:00Z,true
northumbrian:NWL00866:1789446564000,northumbrian:NWL00866,northumbrian,2026-09-15T04:29:24Z,2026-09-15T04:31:27Z,2,hub,2026-09-17T00:49:00Z,2026-09-17T00:49:00Z,true
northumbrian:NWL00869:1788687719000,northumbrian:NWL00869,northumbrian,2026-09-06T09:41:59Z,2026-09-06T10:27:59Z,46,hub,2026-09-17T00:49:00Z,2026-09-17T00:49:00Z,true
northumbrian:NWL00873:1789585970000,northumbrian:NWL00873,northumbrian,2026-09-16T19:12:50Z,2026-09-16T19:14:10Z,1,hub,2026-09-17T00:49:00Z,2026-09-17T00:49:00Z,true
northumbrian:NWL00873:1789730430000,northumbrian:NWL00873,northumbrian,2026-09-18T11:20:30Z,2026-09-18T11:21:50Z,1,hub,2026-09-18T14:37:46Z,2026-09-18T14:37:46Z,true
northumbrian:NWL00877:1788808199000,northumbrian:NWL00877,northumbrian,2026-09-07T19:09:59Z,2026-09-07T19:11:59Z,2,hub,2026-09-17T00:49:00Z,2026-09-17T00:49:00Z,true
northumbrian:NWL00880:1788342959000,northumbrian:NWL00880,northumbrian,2026-09-02T09:55:59Z,2026-09-02T09:57:59Z,2,hub,2026-09-17T00:49:00Z,2026-09-17T00:49:00Z,true
northumbrian:NWL00894:1788806999000,northumbrian:NWL00894,northumbrian,2026-09-07T18:49:59Z,2026-09-07T18:51:59Z,2,hub,2026-09-17T00:49:00Z,2026-09-17T00:49:00Z,true
northumbrian:NWL00898:1788690373000,northumbrian:NWL00898,northumbrian,2026-09-06T10:26:13Z,2026-09-06T11:44:04Z,78,hub,2026-09-17T00:49:00Z,2026-09-17T00:49:00Z,true
northumbrian:NWL00898:1789724290000,northumbrian:NWL00898,northumbrian,2026-09-18T09:38:10Z,2026-09-18T09:38:20Z,0,hub,2026-09-18T10:30:40Z,2026-09-18T10:30:40Z,true
northumbrian:NWL00898:1789727970000,northumbrian:NWL00898,northumbrian,2026-09-18T10:39:30Z,2026-09-18T10:39:40Z,0,hub,2026-09-18T11:01:14Z,2026-09-18T11:01:14Z,true
northumbrian:NWL00900:1788689760000,northumbrian:NWL00900,northumbrian,2026-09-06T10:16:00Z,2026-09-06T10:51:59Z,36,hub,2026-09-17T00:49:00Z,2026-09-17T00:49:00Z,true
northumbrian:NWL00903:1789198952000,northumbrian:NWL00903,northumbrian,2026-09-12T07:42:32Z,2026-09-12T08:02:32Z,20,hub,2026-09-17T00:49:00Z,2026-09-17T00:49:00Z,true
northumbrian:NWL00905:1788810860000,northumbrian:NWL00905,northumbrian,2026-09-07T19:54:20Z,2026-09-07T20:01:05Z,7,hub,2026-09-17T00:49:00Z,2026-09-17T00:49:00Z,true
northumbrian:NWL00908:1788689880000,northumbrian:NWL00908,northumbrian,2026-09-06T10:18:00Z,2026-09-06T10:52:00Z,34,hub,2026-09-17T00:49:00Z,2026-09-17T00:49:00Z,true
northumbrian:NWL00912:1789499519000,northumbrian:NWL00912,northumbrian,2026-09-15T19:11:59Z,2026-09-15T19:17:59Z,6,hub,2026-09-17T00:49:00Z,2026-09-17T00:49:00Z,true
northumbrian:NWL00917:1788689159000,northumbrian:NWL00917,northumbrian,2026-09-06T10:05:59Z,2026-09-06T10:13:59Z,8,hub,2026-09-17T00:49:00Z,2026-09-17T00:49:00Z,true
northumbrian:NWL00922:1788690359000,northumbrian:NWL00922,northumbrian,2026-09-06T10:25:59Z,2026-09-06T10:41:59Z,16,hub,2026-09-17T00:49:00Z,2026-09-17T00:49:00Z,true
northumbrian:NWL00927:1789445519000,northumbrian:NWL00927,northumbrian,2026-09-15T04:11:59Z,2026-09-15T04:15:59Z,4,hub,2026-09-17T00:49:00Z,2026-09-17T00:49:00Z,true
northumbrian:NWL00929:1788871820000,northumbrian:NWL00929,northumbrian,2026-09-08T12:50:20Z,2026-09-08T13:08:40Z,18,hub,2026-09-17T00:49:00Z,2026-09-17T00:49:00Z,true
northumbrian:NWL00930:1789085999000,northumbrian:NWL00930,northumbrian,2026-09-11T00:19:59Z,2026-09-11T00:25:59Z,6,hub,2026-09-17T00:49:00Z,2026-09-17T00:49:00Z,true
northumbrian:NWL00931:1788687765000,northumbrian:NWL00931,northumbrian,2026-09-06T09:42:45Z,2026-09-06T09:43:59Z,1,hub,2026-09-17T00:49:00Z,2026-09-17T00:49:00Z,true
northumbrian:NWL00932:1788692399000,northumbrian:NWL00932,northumbrian,2026-09-06T10:59:59Z,2026-09-06T12:13:59Z,74,hub,2026-09-17T00:49:00Z,2026-09-17T00:49:00Z,true
northumbrian:NWL00938:1788690599000,northumbrian:NWL00938,northumbrian,2026-09-06T10:29:59Z,2026-09-06T10:59:59Z,30,hub,2026-09-17T00:49:00Z,2026-09-17T00:49:00Z,true
northumbrian:NWL00940:1788699095000,northumbrian:NWL00940,northumbrian,2026-09-06T12:51:35Z,2026-09-06T12:51:45Z,0,hub,2026-09-17T00:49:00Z,2026-09-17T00:49:00Z,true
northumbrian:NWL00941:1788691560000,northumbrian:NWL00941,northumbrian,2026-09-06T10:46:00Z,2026-09-06T12:34:00Z,108,hub,2026-09-17T00:49:00Z,2026-09-17T00:49:00Z,true
northumbrian:NWL00943:1788686640000,northumbrian:NWL00943,northumbrian,2026-09-06T09:24:00Z,2026-09-06T09:30:13Z,6,hub,2026-09-17T00:49:00Z,2026-09-17T00:49:00Z,true
northumbrian:NWL00946:1788689951000,northumbrian:NWL00946,northumbrian,2026-09-06T10:19:11Z,2026-09-06T11:11:50Z,53,hub,2026-09-17T00:49:00Z,2026-09-17T00:49:00Z,true
northumbrian:NWL00947:1788809519000,northumbrian:NWL00947,northumbrian,2026-09-07T19:31:59Z,2026-09-07T19:53:59Z,22,hub,2026-09-17T00:49:00Z,2026-09-17T00:49:00Z,true
northumbrian:NWL00949:1788808060000,northumbrian:NWL00949,northumbrian,2026-09-07T19:07:40Z,2026-09-07T19:58:10Z,51,hub,2026-09-17T00:49:00Z,2026-09-17T00:49:00Z,true
northumbrian:NWL00954:1788808470000,northumbrian:NWL00954,northumbrian,2026-09-07T19:14:30Z,2026-09-07T19:57:50Z,43,hub,2026-09-17T00:49:00Z,2026-09-17T00:49:00Z,true
northumbrian:NWL00955:1788689880000,northumbrian:NWL00955,northumbrian,2026-09-06T10:18:00Z,2026-09-06T10:35:59Z,18,hub,2026-09-17T00:49:00Z,2026-09-17T00:49:00Z,true
northumbrian:NWL00956:1788807600000,northumbrian:NWL00956,northumbrian,2026-09-07T19:00:00Z,2026-09-07T19:13:59Z,14,hub,2026-09-17T00:49:00Z,2026-09-17T00:49:00Z,true
northumbrian:NWL00957:1788401312000,northumbrian:NWL00957,northumbrian,2026-09-03T02:08:32Z,2026-09-03T02:08:52Z,0,hub,2026-09-17T00:49:00Z,2026-09-17T00:49:00Z,true
northumbrian:NWL00960:1788690359000,northumbrian:NWL00960,northumbrian,2026-09-06T10:25:59Z,2026-09-06T11:23:59Z,58,hub,2026-09-17T00:49:00Z,2026-09-17T00:49:00Z,true
northumbrian:NWL00963:1788336665000,northumbrian:NWL00963,northumbrian,2026-09-02T08:11:05Z,2026-09-02T08:13:16Z,2,hub,2026-09-17T00:49:00Z,2026-09-17T00:49:00Z,true
northumbrian:NWL00966:1788691199000,northumbrian:NWL00966,northumbrian,2026-09-06T10:39:59Z,2026-09-06T11:21:59Z,42,hub,2026-09-17T00:49:00Z,2026-09-17T00:49:00Z,true
northumbrian:NWL00973:1788808559000,northumbrian:NWL00973,northumbrian,2026-09-07T19:15:59Z,2026-09-07T19:23:59Z,8,hub,2026-09-17T00:49:00Z,2026-09-17T00:49:00Z,true
northumbrian:NWL00980:1789446119000,northumbrian:NWL00980,northumbrian,2026-09-15T04:21:59Z,2026-09-15T04:51:59Z,30,hub,2026-09-17T00:49:00Z,2026-09-17T00:49:00Z,true
northumbrian:NWL00987:1788770354000,northumbrian:NWL00987,northumbrian,2026-09-07T08:39:14Z,2026-09-07T08:42:47Z,4,hub,2026-09-17T00:49:00Z,2026-09-17T00:49:00Z,true
northumbrian:NWL00990:1788690710000,northumbrian:NWL00990,northumbrian,2026-09-06T10:31:50Z,2026-09-06T11:32:05Z,60,hub,2026-09-17T00:49:00Z,2026-09-17T00:49:00Z,true
northumbrian:NWL00995:1788688559000,northumbrian:NWL00995,northumbrian,2026-09-06T09:55:59Z,2026-09-06T10:29:59Z,34,hub,2026-09-17T00:49:00Z,2026-09-17T00:49:00Z,true
northumbrian:NWL00996:1788461409000,northumbrian:NWL00996,northumbrian,2026-09-03T18:50:09Z,2026-09-03T18:58:09Z,8,hub,2026-09-17T00:49:00Z,2026-09-17T00:49:00Z,true
northumbrian:NWL01002:1788808679000,northumbrian:NWL01002,northumbrian,2026-09-07T19:17:59Z,2026-09-07T19:29:59Z,12,hub,2026-09-17T00:49:00Z,2026-09-17T00:49:00Z,true
northumbrian:NWL01003:1788808319000,northumbrian:NWL01003,northumbrian,2026-09-07T19:11:59Z,2026-09-07T20:41:59Z,90,hub,2026-09-17T00:49:00Z,2026-09-17T00:49:00Z,true
northumbrian:NWL01005:1788809999000,northumbrian:NWL01005,northumbrian,2026-09-07T19:39:59Z,2026-09-07T20:07:59Z,28,hub,2026-09-17T00:49:00Z,2026-09-17T00:49:00Z,true
northumbrian:NWL01006:1788809279000,northumbrian:NWL01006,northumbrian,2026-09-07T19:27:59Z,2026-09-07T20:23:59Z,56,hub,2026-09-17T00:49:00Z,2026-09-17T00:49:00Z,true
northumbrian:NWL01008:1788808799000,northumbrian:NWL01008,northumbrian,2026-09-07T19:19:59Z,2026-09-07T19:45:59Z,26,hub,2026-09-17T00:49:00Z,2026-09-17T00:49:00Z,true
northumbrian:NWL01026:1788688439000,northumbrian:NWL01026,northumbrian,2026-09-06T09:53:59Z,2026-09-06T10:57:59Z,64,hub,2026-09-17T00:49:00Z,2026-09-17T00:49:00Z,true
northumbrian:NWL01030:1788686600000,northumbrian:NWL01030,northumbrian,2026-09-06T09:23:20Z,2026-09-06T10:04:20Z,41,hub,2026-09-17T00:49:00Z,2026-09-17T00:49:00Z,true
northumbrian:NWL01032:1788810370000,northumbrian:NWL01032,northumbrian,2026-09-07T19:46:10Z,2026-09-07T20:46:00Z,60,hub,2026-09-17T00:49:00Z,2026-09-17T00:49:00Z,true
northumbrian:NWL01033:1788807479000,northumbrian:NWL01033,northumbrian,2026-09-07T18:57:59Z,2026-09-07T19:39:59Z,42,hub,2026-09-17T00:49:00Z,2026-09-17T00:49:00Z,true
northumbrian:NWL01042:1788689760000,northumbrian:NWL01042,northumbrian,2026-09-06T10:16:00Z,2026-09-06T10:25:59Z,10,hub,2026-09-17T00:49:00Z,2026-09-17T00:49:00Z,true
northumbrian:NWL01044:1788691109000,northumbrian:NWL01044,northumbrian,2026-09-06T10:38:29Z,2026-09-06T10:47:35Z,9,hub,2026-09-17T00:49:00Z,2026-09-17T00:49:00Z,true
northumbrian:NWL01045:1788961707000,northumbrian:NWL01045,northumbrian,2026-09-09T13:48:27Z,2026-09-09T13:48:30Z,0,hub,2026-09-17T00:49:00Z,2026-09-17T00:49:00Z,true
northumbrian:NWL01050:1789403159000,northumbrian:NWL01050,northumbrian,2026-09-14T16:25:59Z,2026-09-14T16:27:59Z,2,hub,2026-09-17T00:49:00Z,2026-09-17T00:49:00Z,true
northumbrian:NWL01051:1789013759000,northumbrian:NWL01051,northumbrian,2026-09-10T04:15:59Z,2026-09-10T04:17:59Z,2,hub,2026-09-17T00:49:00Z,2026-09-17T00:49:00Z,true
northumbrian:NWL01053:1788277703000,northumbrian:NWL01053,northumbrian,2026-09-01T15:48:23Z,2026-09-01T15:49:01Z,1,hub,2026-09-17T00:49:00Z,2026-09-17T00:49:00Z,true
northumbrian:NWL01054:1788952646000,northumbrian:NWL01054,northumbrian,2026-09-09T11:16:53Z,2026-09-15T06:00:02Z,8323,hub,2026-09-17T00:49:00Z,2026-09-18T06:24:01Z,true
northumbrian:NWL01058:1788808199000,northumbrian:NWL01058,northumbrian,2026-09-07T19:09:59Z,2026-09-07T19:45:59Z,36,hub,2026-09-17T00:49:00Z,2026-09-17T00:49:00Z,true
northumbrian:NWL01063:1788688559000,northumbrian:NWL01063,northumbrian,2026-09-06T09:55:59Z,2026-09-06T10:01:59Z,6,hub,2026-09-17T00:49:00Z,2026-09-17T00:49:00Z,true
northumbrian:NWL01064:1788690719000,northumbrian:NWL01064,northumbrian,2026-09-06T10:31:59Z,2026-09-06T12:07:59Z,96,hub,2026-09-17T00:49:00Z,2026-09-17T00:49:00Z,true
northumbrian:NWL01067:1788498839000,northumbrian:NWL01067,northumbrian,2026-09-04T05:13:59Z,2026-09-04T05:33:59Z,20,hub,2026-09-17T00:49:00Z,2026-09-17T00:49:00Z,true
northumbrian:NWL01073:1789501199000,northumbrian:NWL01073,northumbrian,2026-09-15T19:39:59Z,2026-09-15T19:59:59Z,20,hub,2026-09-17T00:49:00Z,2026-09-17T00:49:00Z,true
northumbrian:NWL01078:1788808919000,northumbrian:NWL01078,northumbrian,2026-09-07T19:21:59Z,2026-09-07T20:01:59Z,40,hub,2026-09-17T00:49:00Z,2026-09-17T00:49:00Z,true
northumbrian:NWL01082:1788807959000,northumbrian:NWL01082,northumbrian,2026-09-07T19:05:59Z,2026-09-07T19:23:59Z,18,hub,2026-09-17T00:49:00Z,2026-09-17T00:49:00Z,true
northumbrian:NWL01083:1789082040000,northumbrian:NWL01083,northumbrian,2026-09-10T23:14:00Z,2026-09-10T23:32:00Z,18,hub,2026-09-17T00:49:00Z,2026-09-17T00:49:00Z,true
northumbrian:NWL01088:1788806639000,northumbrian:NWL01088,northumbrian,2026-09-07T18:43:59Z,2026-09-07T18:45:59Z,2,hub,2026-09-17T00:49:00Z,2026-09-17T00:49:00Z,true
northumbrian:NWL01099:1788687240000,northumbrian:NWL01099,northumbrian,2026-09-06T09:34:00Z,2026-09-06T09:36:00Z,2,hub,2026-09-17T00:49:00Z,2026-09-17T00:49:00Z,true
northumbrian:NWL01102:1788341775000,northumbrian:NWL01102,northumbrian,2026-09-02T09:36:15Z,2026-09-02T09:36:45Z,1,hub,2026-09-17T00:49:00Z,2026-09-17T00:49:00Z,true
northumbrian:NWL01104:1788690440000,northumbrian:NWL01104,northumbrian,2026-09-06T10:27:20Z,2026-09-06T10:38:30Z,11,hub,2026-09-17T00:49:00Z,2026-09-17T00:49:00Z,true
northumbrian:NWL01105:1788807719000,northumbrian:NWL01105,northumbrian,2026-09-07T19:01:59Z,2026-09-07T19:03:59Z,2,hub,2026-09-17T00:49:00Z,2026-09-17T00:49:00Z,true
northumbrian:NWL01106:1788807239000,northumbrian:NWL01106,northumbrian,2026-09-07T18:53:59Z,2026-09-07T19:03:59Z,10,hub,2026-09-17T00:49:00Z,2026-09-17T00:49:00Z,true
northumbrian:NWL01108:1788688439000,northumbrian:NWL01108,northumbrian,2026-09-06T09:53:59Z,2026-09-06T10:16:00Z,22,hub,2026-09-17T00:49:00Z,2026-09-17T00:49:00Z,true
northumbrian:NWL01109:1788687605000,northumbrian:NWL01109,northumbrian,2026-09-06T09:40:05Z,2026-09-06T10:19:40Z,40,hub,2026-09-17T00:49:00Z,2026-09-17T00:49:00Z,true
northumbrian:NWL01112:1789286879000,northumbrian:NWL01112,northumbrian,2026-09-13T08:07:59Z,2026-09-13T08:09:59Z,2,hub,2026-09-17T00:49:00Z,2026-09-17T00:49:00Z,true
northumbrian:NWL01113:1789606439000,northumbrian:NWL01113,northumbrian,2026-09-17T00:53:59Z,2026-09-17T00:57:59Z,4,hub,2026-09-17T02:08:37Z,2026-09-17T02:08:37Z,true
northumbrian:NWL01116:1788821844000,northumbrian:NWL01116,northumbrian,2026-09-07T22:57:24Z,2026-09-07T22:57:40Z,0,hub,2026-09-17T00:49:00Z,2026-09-17T00:49:00Z,true
northumbrian:NWL01119:1789238706000,northumbrian:NWL01119,northumbrian,2026-09-12T18:45:06Z,2026-09-12T18:45:18Z,0,hub,2026-09-17T00:49:00Z,2026-09-17T00:49:00Z,true
northumbrian:NWL01121:1789466160000,northumbrian:NWL01121,northumbrian,2026-09-15T09:56:00Z,2026-09-15T09:56:40Z,1,hub,2026-09-17T00:49:00Z,2026-09-17T00:49:00Z,true
northumbrian:NWL01123:1788689760000,northumbrian:NWL01123,northumbrian,2026-09-06T10:16:00Z,2026-09-06T10:47:59Z,32,hub,2026-09-17T00:49:00Z,2026-09-17T00:49:00Z,true
northumbrian:NWL01125:1789320540000,northumbrian:NWL01125,northumbrian,2026-09-13T17:29:00Z,2026-09-13T17:29:30Z,1,hub,2026-09-17T00:49:00Z,2026-09-17T00:49:00Z,true
northumbrian:NWL01130:1788808439000,northumbrian:NWL01130,northumbrian,2026-09-07T19:13:59Z,2026-09-07T19:21:59Z,8,hub,2026-09-17T00:49:00Z,2026-09-17T00:49:00Z,true
northumbrian:NWL01140:1789014350000,northumbrian:NWL01140,northumbrian,2026-09-10T04:25:50Z,2026-09-10T04:26:00Z,0,hub,2026-09-17T00:49:00Z,2026-09-17T00:49:00Z,true
northumbrian:NWL01140:1789625370000,northumbrian:NWL01140,northumbrian,2026-09-17T06:09:30Z,2026-09-17T06:09:50Z,0,hub,2026-09-17T11:32:49Z,2026-09-17T11:32:49Z,true
northumbrian:NWL01143:1789548000000,northumbrian:NWL01143,northumbrian,2026-09-16T08:40:00Z,2026-09-16T08:44:00Z,4,hub,2026-09-17T00:49:00Z,2026-09-17T00:49:00Z,true
northumbrian:NWL01150:1788689519000,northumbrian:NWL01150,northumbrian,2026-09-06T10:11:59Z,2026-09-06T11:03:59Z,52,hub,2026-09-17T00:49:00Z,2026-09-17T00:49:00Z,true
northumbrian:NWL01152:1788689039000,northumbrian:NWL01152,northumbrian,2026-09-06T10:03:59Z,2026-09-06T11:07:59Z,64,hub,2026-09-17T00:49:00Z,2026-09-17T00:49:00Z,true
northumbrian:NWL01160:1788690719000,northumbrian:NWL01160,northumbrian,2026-09-06T10:31:59Z,2026-09-06T12:17:59Z,106,hub,2026-09-17T00:49:00Z,2026-09-17T00:49:00Z,true
northumbrian:NWL01170:1789088850000,northumbrian:NWL01170,northumbrian,2026-09-11T01:07:30Z,2026-09-11T01:09:30Z,2,hub,2026-09-17T00:49:00Z,2026-09-17T00:49:00Z,true
northumbrian:NWL01171:1788690359000,northumbrian:NWL01171,northumbrian,2026-09-06T10:25:59Z,2026-09-06T11:47:59Z,82,hub,2026-09-17T00:49:00Z,2026-09-17T00:49:00Z,true
northumbrian:NWL01175:1789204482000,northumbrian:NWL01175,northumbrian,2026-09-12T09:14:42Z,2026-09-12T09:16:36Z,2,hub,2026-09-17T00:49:00Z,2026-09-17T00:49:00Z,true
northumbrian:NWL01178:1788807959000,northumbrian:NWL01178,northumbrian,2026-09-07T19:05:59Z,2026-09-07T19:11:59Z,6,hub,2026-09-17T00:49:00Z,2026-09-17T00:49:00Z,true
northumbrian:NWL01187:1788689639000,northumbrian:NWL01187,northumbrian,2026-09-06T10:13:59Z,2026-09-06T10:15:59Z,2,hub,2026-09-17T00:49:00Z,2026-09-17T00:49:00Z,true
northumbrian:NWL01191:1788688559000,northumbrian:NWL01191,northumbrian,2026-09-06T09:55:59Z,2026-09-06T10:19:59Z,24,hub,2026-09-17T00:49:00Z,2026-09-17T00:49:00Z,true
northumbrian:NWL01192:1789153320000,northumbrian:NWL01192,northumbrian,2026-09-11T19:02:00Z,2026-09-11T19:06:00Z,4,hub,2026-09-17T00:49:00Z,2026-09-17T00:49:00Z,true
northumbrian:NWL01192:1789758120000,northumbrian:NWL01192,northumbrian,2026-09-18T19:02:00Z,2026-09-18T19:04:00Z,2,hub,2026-09-18T20:21:27Z,2026-09-18T20:21:27Z,true
northumbrian:NWL01195:1788811440000,northumbrian:NWL01195,northumbrian,2026-09-07T20:04:00Z,2026-09-07T20:06:00Z,2,hub,2026-09-17T00:49:00Z,2026-09-17T00:49:00Z,true
northumbrian:NWL01201:1788809399000,northumbrian:NWL01201,northumbrian,2026-09-07T19:29:59Z,2026-09-07T20:23:59Z,54,hub,2026-09-17T00:49:00Z,2026-09-17T00:49:00Z,true
northumbrian:NWL01202:1788808439000,northumbrian:NWL01202,northumbrian,2026-09-07T19:13:59Z,2026-09-07T19:39:59Z,26,hub,2026-09-17T00:49:00Z,2026-09-17T00:49:00Z,true
northumbrian:NWL01212:1788690719000,northumbrian:NWL01212,northumbrian,2026-09-06T10:31:59Z,2026-09-06T11:07:59Z,36,hub,2026-09-17T00:49:00Z,2026-09-17T00:49:00Z,true
northumbrian:NWL01213:1788807119000,northumbrian:NWL01213,northumbrian,2026-09-07T18:51:59Z,2026-09-07T19:47:59Z,56,hub,2026-09-17T00:49:00Z,2026-09-17T00:49:00Z,true
northumbrian:NWL01220:1788689571000,northumbrian:NWL01220,northumbrian,2026-09-06T10:12:51Z,2026-09-06T10:24:10Z,11,hub,2026-09-17T00:49:00Z,2026-09-17T00:49:00Z,true
northumbrian:NWL01221:1788691079000,northumbrian:NWL01221,northumbrian,2026-09-06T10:37:59Z,2026-09-06T12:03:59Z,86,hub,2026-09-17T00:49:00Z,2026-09-17T00:49:00Z,true
northumbrian:NWL01224:1788809279000,northumbrian:NWL01224,northumbrian,2026-09-07T19:27:59Z,2026-09-07T19:39:59Z,12,hub,2026-09-17T00:49:00Z,2026-09-17T00:49:00Z,true
northumbrian:NWL01232:1788690599000,northumbrian:NWL01232,northumbrian,2026-09-06T10:29:59Z,2026-09-06T10:39:59Z,10,hub,2026-09-17T00:49:00Z,2026-09-17T00:49:00Z,true
northumbrian:NWL01238:1788809246000,northumbrian:NWL01238,northumbrian,2026-09-07T19:27:26Z,2026-09-07T21:54:31Z,147,hub,2026-09-17T00:49:00Z,2026-09-17T00:49:00Z,true
northumbrian:NWL01239:1788808200000,northumbrian:NWL01239,northumbrian,2026-09-07T19:10:00Z,2026-09-07T19:26:00Z,16,hub,2026-09-17T00:49:00Z,2026-09-17T00:49:00Z,true
northumbrian:NWL01240:1789441350000,northumbrian:NWL01240,northumbrian,2026-09-15T03:02:30Z,2026-09-15T03:22:31Z,20,hub,2026-09-17T00:49:00Z,2026-09-17T00:49:00Z,true
northumbrian:NWL01245:1788807719000,northumbrian:NWL01245,northumbrian,2026-09-07T19:01:59Z,2026-09-07T19:17:59Z,16,hub,2026-09-17T00:49:00Z,2026-09-17T00:49:00Z,true
northumbrian:NWL01251:1788808199000,northumbrian:NWL01251,northumbrian,2026-09-07T19:09:59Z,2026-09-07T20:03:59Z,54,hub,2026-09-17T00:49:00Z,2026-09-17T00:49:00Z,true
northumbrian:NWL01252:1789500119000,northumbrian:NWL01252,northumbrian,2026-09-15T19:21:59Z,2026-09-15T19:45:59Z,24,hub,2026-09-17T00:49:00Z,2026-09-17T00:49:00Z,true
northumbrian:NWL01261:1788686039000,northumbrian:NWL01261,northumbrian,2026-09-06T09:13:59Z,2026-09-06T09:43:59Z,30,hub,2026-09-17T00:49:00Z,2026-09-17T00:49:00Z,true
northumbrian:NWL01266:1788782880000,northumbrian:NWL01266,northumbrian,2026-09-07T12:08:00Z,2026-09-07T12:10:00Z,2,hub,2026-09-17T00:49:00Z,2026-09-17T00:49:00Z,true
northumbrian:NWL01270:1788809639000,northumbrian:NWL01270,northumbrian,2026-09-07T19:33:59Z,2026-09-07T20:01:59Z,28,hub,2026-09-17T00:49:00Z,2026-09-17T00:49:00Z,true
northumbrian:NWL01275:1788807270000,northumbrian:NWL01275,northumbrian,2026-09-07T18:54:30Z,2026-09-07T19:06:39Z,12,hub,2026-09-17T00:49:00Z,2026-09-17T00:49:00Z,true
northumbrian:NWL01278:1789034990000,northumbrian:NWL01278,northumbrian,2026-09-10T10:09:50Z,2026-09-10T10:10:00Z,0,hub,2026-09-17T00:49:00Z,2026-09-17T00:49:00Z,true
northumbrian:NWL01281:1788806759000,northumbrian:NWL01281,northumbrian,2026-09-07T18:45:59Z,2026-09-07T18:51:59Z,6,hub,2026-09-17T00:49:00Z,2026-09-17T00:49:00Z,true
northumbrian:NWL01286:1788688439000,northumbrian:NWL01286,northumbrian,2026-09-06T09:53:59Z,2026-09-06T10:57:59Z,64,hub,2026-09-17T00:49:00Z,2026-09-17T00:49:00Z,true
northumbrian:NWL01289:1788688079000,northumbrian:NWL01289,northumbrian,2026-09-06T09:47:59Z,2026-09-06T10:43:59Z,56,hub,2026-09-17T00:49:00Z,2026-09-17T00:49:00Z,true
northumbrian:NWL01290:1788808319000,northumbrian:NWL01290,northumbrian,2026-09-07T19:11:59Z,2026-09-07T19:29:59Z,18,hub,2026-09-17T00:49:00Z,2026-09-17T00:49:00Z,true
northumbrian:NWL01291:1788809159000,northumbrian:NWL01291,northumbrian,2026-09-07T19:25:59Z,2026-09-07T20:07:59Z,42,hub,2026-09-17T00:49:00Z,2026-09-17T00:49:00Z,true
northumbrian:NWL01293:1788689279000,northumbrian:NWL01293,northumbrian,2026-09-06T10:07:59Z,2026-09-06T10:29:59Z,22,hub,2026-09-17T00:49:00Z,2026-09-17T00:49:00Z,true
northumbrian:NWL01295:1788812039000,northumbrian:NWL01295,northumbrian,2026-09-07T20:13:59Z,2026-09-07T20:43:59Z,30,hub,2026-09-17T00:49:00Z,2026-09-17T00:49:00Z,true
northumbrian:NWL01296:1788807840000,northumbrian:NWL01296,northumbrian,2026-09-07T19:04:00Z,2026-09-07T19:12:00Z,8,hub,2026-09-17T00:49:00Z,2026-09-17T00:49:00Z,true
northumbrian:NWL01300:1788688679000,northumbrian:NWL01300,northumbrian,2026-09-06T09:57:59Z,2026-09-06T10:01:59Z,4,hub,2026-09-17T00:49:00Z,2026-09-17T00:49:00Z,true
northumbrian:NWL01301:1788690959000,northumbrian:NWL01301,northumbrian,2026-09-06T10:35:59Z,2026-09-06T11:09:59Z,34,hub,2026-09-17T00:49:00Z,2026-09-17T00:49:00Z,true
northumbrian:NWL01302:1788688439000,northumbrian:NWL01302,northumbrian,2026-09-06T09:53:59Z,2026-09-06T10:17:59Z,24,hub,2026-09-17T00:49:00Z,2026-09-17T00:49:00Z,true
northumbrian:NWL01304:1789084319000,northumbrian:NWL01304,northumbrian,2026-09-10T23:51:59Z,2026-09-10T23:53:59Z,2,hub,2026-09-17T00:49:00Z,2026-09-17T00:49:00Z,true
northumbrian:NWL01308:1789083239000,northumbrian:NWL01308,northumbrian,2026-09-10T23:33:59Z,2026-09-11T00:01:59Z,28,hub,2026-09-17T00:49:00Z,2026-09-17T00:49:00Z,true
northumbrian:NWL01310:1789523040000,northumbrian:NWL01310,northumbrian,2026-09-16T01:44:00Z,2026-09-16T01:46:00Z,2,hub,2026-09-17T00:49:00Z,2026-09-17T00:49:00Z,true
northumbrian:NWL01315:1788855959000,northumbrian:NWL01315,northumbrian,2026-09-08T08:25:59Z,2026-09-08T08:33:59Z,8,hub,2026-09-17T00:49:00Z,2026-09-17T00:49:00Z,true
northumbrian:NWL01318:1788806159000,northumbrian:NWL01318,northumbrian,2026-09-07T18:35:59Z,2026-09-07T18:39:59Z,4,hub,2026-09-17T00:49:00Z,2026-09-17T00:49:00Z,true
northumbrian:NWL01325:1788810119000,northumbrian:NWL01325,northumbrian,2026-09-07T19:41:59Z,2026-09-07T19:43:59Z,2,hub,2026-09-17T00:49:00Z,2026-09-17T00:49:00Z,true
northumbrian:NWL01328:1788810119000,northumbrian:NWL01328,northumbrian,2026-09-07T19:41:59Z,2026-09-07T19:47:59Z,6,hub,2026-09-17T00:49:00Z,2026-09-17T00:49:00Z,true
northumbrian:NWL01329:1788689639000,northumbrian:NWL01329,northumbrian,2026-09-06T10:13:59Z,2026-09-06T10:21:59Z,8,hub,2026-09-17T00:49:00Z,2026-09-17T00:49:00Z,true
northumbrian:NWL01331:1788809039000,northumbrian:NWL01331,northumbrian,2026-09-07T19:23:59Z,2026-09-07T20:07:59Z,44,hub,2026-09-17T00:49:00Z,2026-09-17T00:49:00Z,true
northumbrian:NWL01334:1788689520000,northumbrian:NWL01334,northumbrian,2026-09-06T10:12:00Z,2026-09-06T10:42:50Z,31,hub,2026-09-17T00:49:00Z,2026-09-17T00:49:00Z,true
northumbrian:NWL01338:1788807790000,northumbrian:NWL01338,northumbrian,2026-09-07T19:03:10Z,2026-09-07T19:28:40Z,26,hub,2026-09-17T00:49:00Z,2026-09-17T00:49:00Z,true
northumbrian:NWL01342:1788686279000,northumbrian:NWL01342,northumbrian,2026-09-06T09:17:59Z,2026-09-06T09:25:59Z,8,hub,2026-09-17T00:49:00Z,2026-09-17T00:49:00Z,true
northumbrian:NWL01351:1788686759000,northumbrian:NWL01351,northumbrian,2026-09-06T09:25:59Z,2026-09-06T10:11:59Z,46,hub,2026-09-17T00:49:00Z,2026-09-17T00:49:00Z,true
northumbrian:NWL01352:1788808771000,northumbrian:NWL01352,northumbrian,2026-09-07T19:19:31Z,2026-09-07T20:07:00Z,47,hub,2026-09-17T00:49:00Z,2026-09-17T00:49:00Z,true
northumbrian:NWL01354:1788361679000,northumbrian:NWL01354,northumbrian,2026-09-02T15:07:59Z,2026-09-02T15:09:59Z,2,hub,2026-09-17T00:49:00Z,2026-09-17T00:49:00Z,true
northumbrian:NWL01356:1789445879000,northumbrian:NWL01356,northumbrian,2026-09-15T04:17:59Z,2026-09-15T04:31:59Z,14,hub,2026-09-17T00:49:00Z,2026-09-17T00:49:00Z,true
northumbrian:NWL01356:1789611359000,northumbrian:NWL01356,northumbrian,2026-09-17T02:15:59Z,2026-09-17T02:47:59Z,32,hub,2026-09-17T11:32:49Z,2026-09-17T11:32:49Z,true
northumbrian:NWL01361:1789441919000,northumbrian:NWL01361,northumbrian,2026-09-15T03:11:59Z,2026-09-15T03:17:59Z,6,hub,2026-09-17T00:49:00Z,2026-09-17T00:49:00Z,true
northumbrian:NWL01362:1788807119000,northumbrian:NWL01362,northumbrian,2026-09-07T18:51:59Z,2026-09-07T19:17:59Z,26,hub,2026-09-17T00:49:00Z,2026-09-17T00:49:00Z,true
northumbrian:NWL01363:1789592399000,northumbrian:NWL01363,northumbrian,2026-09-16T20:59:59Z,2026-09-16T21:01:59Z,2,hub,2026-09-17T00:49:00Z,2026-09-17T00:49:00Z,true
northumbrian:NWL01366:1788686368000,northumbrian:NWL01366,northumbrian,2026-09-06T09:19:28Z,2026-09-06T10:06:58Z,48,hub,2026-09-17T00:49:00Z,2026-09-17T00:49:00Z,true
northumbrian:NWL01367:1788808919000,northumbrian:NWL01367,northumbrian,2026-09-07T19:21:59Z,2026-09-07T19:27:59Z,6,hub,2026-09-17T00:49:00Z,2026-09-17T00:49:00Z,true
northumbrian:NWL01370:1788807599000,northumbrian:NWL01370,northumbrian,2026-09-07T18:59:59Z,2026-09-07T19:17:59Z,18,hub,2026-09-17T00:49:00Z,2026-09-17T00:49:00Z,true
northumbrian:NWL01377:1788807600000,northumbrian:NWL01377,northumbrian,2026-09-07T19:00:00Z,2026-09-07T19:04:00Z,4,hub,2026-09-17T00:49:00Z,2026-09-17T00:49:00Z,true
northumbrian:NWL01383:1788811291000,northumbrian:NWL01383,northumbrian,2026-09-07T20:01:31Z,2026-09-07T21:31:57Z,90,hub,2026-09-17T00:49:00Z,2026-09-17T00:49:00Z,true
northumbrian:NWL01385:1788810839000,northumbrian:NWL01385,northumbrian,2026-09-07T19:53:59Z,2026-09-07T23:13:59Z,200,hub,2026-09-17T00:49:00Z,2026-09-17T00:49:00Z,true
northumbrian:NWL01388:1788808559000,northumbrian:NWL01388,northumbrian,2026-09-07T19:15:59Z,2026-09-07T19:31:59Z,16,hub,2026-09-17T00:49:00Z,2026-09-17T00:49:00Z,true
northumbrian:NWL01389:1788807839000,northumbrian:NWL01389,northumbrian,2026-09-07T19:03:59Z,2026-09-07T19:35:59Z,32,hub,2026-09-17T00:49:00Z,2026-09-17T00:49:00Z,true
northumbrian:NWL01390:1788691260000,northumbrian:NWL01390,northumbrian,2026-09-06T10:41:00Z,2026-09-06T11:29:20Z,48,hub,2026-09-17T00:49:00Z,2026-09-17T00:49:00Z,true
northumbrian:NWL01390:1789739420000,northumbrian:NWL01390,northumbrian,2026-09-18T13:50:20Z,2026-09-18T13:51:40Z,1,hub,2026-09-18T14:37:46Z,2026-09-18T14:37:46Z,true
northumbrian:NWL01394:1789446510000,northumbrian:NWL01394,northumbrian,2026-09-15T04:28:30Z,2026-09-15T05:08:00Z,40,hub,2026-09-17T00:49:00Z,2026-09-17T00:49:00Z,true
northumbrian:NWL01398:1788871132000,northumbrian:NWL01398,northumbrian,2026-09-08T12:38:52Z,2026-09-08T12:38:53Z,0,hub,2026-09-17T00:49:00Z,2026-09-17T00:49:00Z,true
northumbrian:NWL01400:1789085999000,northumbrian:NWL01400,northumbrian,2026-09-11T00:19:59Z,2026-09-11T00:57:59Z,38,hub,2026-09-17T00:49:00Z,2026-09-17T00:49:00Z,true
northumbrian:NWL01401:1788810370000,northumbrian:NWL01401,northumbrian,2026-09-07T19:46:10Z,2026-09-07T20:39:31Z,53,hub,2026-09-17T00:49:00Z,2026-09-17T00:49:00Z,true
northumbrian:NWL01402:1788809880000,northumbrian:NWL01402,northumbrian,2026-09-07T19:38:00Z,2026-09-07T20:14:00Z,36,hub,2026-09-17T00:49:00Z,2026-09-17T00:49:00Z,true
northumbrian:NWL01405:1788810240000,northumbrian:NWL01405,northumbrian,2026-09-07T19:44:00Z,2026-09-07T20:46:00Z,62,hub,2026-09-17T00:49:00Z,2026-09-17T00:49:00Z,true
northumbrian:NWL01406:1788942757000,northumbrian:NWL01406,northumbrian,2026-09-09T08:32:37Z,2026-09-09T08:36:37Z,4,hub,2026-09-17T00:49:00Z,2026-09-17T00:49:00Z,true
northumbrian:NWL01408:1788808030000,northumbrian:NWL01408,northumbrian,2026-09-07T19:07:10Z,2026-09-07T20:40:30Z,93,hub,2026-09-17T00:49:00Z,2026-09-17T00:49:00Z,true
northumbrian:NWL01412:1788690959000,northumbrian:NWL01412,northumbrian,2026-09-06T10:35:59Z,2026-09-06T10:37:59Z,2,hub,2026-09-17T00:49:00Z,2026-09-17T00:49:00Z,true
northumbrian:NWL01414:1788686999000,northumbrian:NWL01414,northumbrian,2026-09-06T09:29:59Z,2026-09-06T09:55:59Z,26,hub,2026-09-17T00:49:00Z,2026-09-17T00:49:00Z,true
northumbrian:NWL01416:1788688559000,northumbrian:NWL01416,northumbrian,2026-09-06T09:55:59Z,2026-09-06T11:07:59Z,72,hub,2026-09-17T00:49:00Z,2026-09-17T00:49:00Z,true
northumbrian:NWL01417:1789444413000,northumbrian:NWL01417,northumbrian,2026-09-15T03:53:33Z,2026-09-15T03:58:22Z,5,hub,2026-09-17T00:49:00Z,2026-09-17T00:49:00Z,true
northumbrian:NWL01418:1789568694000,northumbrian:NWL01418,northumbrian,2026-09-16T14:24:54Z,2026-09-16T14:26:36Z,2,hub,2026-09-17T00:49:00Z,2026-09-17T00:49:00Z,true
northumbrian:NWL01418:1789660102000,northumbrian:NWL01418,northumbrian,2026-09-17T15:48:22Z,2026-09-17T15:49:39Z,1,hub,2026-09-17T19:14:51Z,2026-09-17T19:14:51Z,true
northumbrian:NWL01419:1788808571000,northumbrian:NWL01419,northumbrian,2026-09-07T19:16:11Z,2026-09-07T21:33:00Z,137,hub,2026-09-17T00:49:00Z,2026-09-17T00:49:00Z,true
northumbrian:NWL01420(1):1788690242000,northumbrian:NWL01420(1),northumbrian,2026-09-06T10:24:02Z,2026-09-06T10:37:59Z,14,hub,2026-09-17T00:49:00Z,2026-09-17T00:49:00Z,true
northumbrian:NWL01428:1788807839000,northumbrian:NWL01428,northumbrian,2026-09-07T19:03:59Z,2026-09-07T19:21:59Z,18,hub,2026-09-17T00:49:00Z,2026-09-17T00:49:00Z,true
northumbrian:NWL01430:1788689039000,northumbrian:NWL01430,northumbrian,2026-09-06T10:03:59Z,2026-09-06T10:07:59Z,4,hub,2026-09-17T00:49:00Z,2026-09-17T00:49:00Z,true
northumbrian:NWL01431:1789082159000,northumbrian:NWL01431,northumbrian,2026-09-10T23:15:59Z,2026-09-10T23:37:59Z,22,hub,2026-09-17T00:49:00Z,2026-09-17T00:49:00Z,true
northumbrian:NWL01434:1788808199000,northumbrian:NWL01434,northumbrian,2026-09-07T19:09:59Z,2026-09-07T19:15:59Z,6,hub,2026-09-17T00:49:00Z,2026-09-17T00:49:00Z,true
northumbrian:NWL01435:1788811199000,northumbrian:NWL01435,northumbrian,2026-09-07T19:59:59Z,2026-09-07T20:01:59Z,2,hub,2026-09-17T00:49:00Z,2026-09-17T00:49:00Z,true
northumbrian:NWL01437:1788807959000,northumbrian:NWL01437,northumbrian,2026-09-07T19:05:59Z,2026-09-07T19:17:59Z,12,hub,2026-09-17T00:49:00Z,2026-09-17T00:49:00Z,true
northumbrian:NWL01438:1789609800000,northumbrian:NWL01438,northumbrian,2026-09-17T01:50:00Z,2026-09-17T01:53:10Z,3,hub,2026-09-17T11:32:49Z,2026-09-17T11:32:49Z,true
northumbrian:NWL01442:1789441259000,northumbrian:NWL01442,northumbrian,2026-09-15T03:00:59Z,2026-09-15T04:44:19Z,103,hub,2026-09-17T00:49:00Z,2026-09-17T00:49:00Z,true
northumbrian:NWL01445:1788686359000,northumbrian:NWL01445,northumbrian,2026-09-06T09:19:19Z,2026-09-06T09:54:40Z,35,hub,2026-09-17T00:49:00Z,2026-09-17T00:49:00Z,true
northumbrian:NWL01446:1788367474000,northumbrian:NWL01446,northumbrian,2026-09-02T16:44:34Z,2026-09-02T16:45:40Z,1,hub,2026-09-17T00:49:00Z,2026-09-17T00:49:00Z,true
northumbrian:NWL01468:1788808199000,northumbrian:NWL01468,northumbrian,2026-09-07T19:09:59Z,2026-09-07T19:39:59Z,30,hub,2026-09-17T00:49:00Z,2026-09-17T00:49:00Z,true
northumbrian:NWL01472:1788686279000,northumbrian:NWL01472,northumbrian,2026-09-06T09:17:59Z,2026-09-06T10:41:59Z,84,hub,2026-09-17T00:49:00Z,2026-09-17T00:49:00Z,true
northumbrian:NWL01473:1788809159000,northumbrian:NWL01473,northumbrian,2026-09-07T19:25:59Z,2026-09-07T19:53:59Z,28,hub,2026-09-17T00:49:00Z,2026-09-17T00:49:00Z,true
northumbrian:NWL01476:1788690359000,northumbrian:NWL01476,northumbrian,2026-09-06T10:25:59Z,2026-09-06T10:47:59Z,22,hub,2026-09-17T00:49:00Z,2026-09-17T00:49:00Z,true
northumbrian:NWL01483:1788808199000,northumbrian:NWL01483,northumbrian,2026-09-07T19:09:59Z,2026-09-07T19:19:59Z,10,hub,2026-09-17T00:49:00Z,2026-09-17T00:49:00Z,true
northumbrian:NWL01485:1788807719000,northumbrian:NWL01485,northumbrian,2026-09-07T19:01:59Z,2026-09-07T19:13:59Z,12,hub,2026-09-17T00:49:00Z,2026-09-17T00:49:00Z,true
northumbrian:NWL01490:1788904319000,northumbrian:NWL01490,northumbrian,2026-09-08T21:51:59Z,2026-09-08T21:53:59Z,2,hub,2026-09-17T00:49:00Z,2026-09-17T00:49:00Z,true
northumbrian:NWL01492:1789084679000,northumbrian:NWL01492,northumbrian,2026-09-10T23:57:59Z,2026-09-11T00:23:59Z,26,hub,2026-09-17T00:49:00Z,2026-09-17T00:49:00Z,true
northumbrian:NWL01493:1788692399000,northumbrian:NWL01493,northumbrian,2026-09-06T10:59:59Z,2026-09-06T12:01:59Z,62,hub,2026-09-17T00:49:00Z,2026-09-17T00:49:00Z,true
northumbrian:NWL01496:1788689879000,northumbrian:NWL01496,northumbrian,2026-09-06T10:17:59Z,2026-09-06T10:25:59Z,8,hub,2026-09-17T00:49:00Z,2026-09-17T00:49:00Z,true
northumbrian:NWL01497:1788809759000,northumbrian:NWL01497,northumbrian,2026-09-07T19:35:59Z,2026-09-07T20:11:59Z,36,hub,2026-09-17T00:49:00Z,2026-09-17T00:49:00Z,true
northumbrian:NWL01500:1788691079000,northumbrian:NWL01500,northumbrian,2026-09-06T10:37:59Z,2026-09-06T10:39:59Z,2,hub,2026-09-17T00:49:00Z,2026-09-17T00:49:00Z,true
northumbrian:NWL01501:1788821552000,northumbrian:NWL01501,northumbrian,2026-09-07T22:52:32Z,2026-09-07T22:58:32Z,6,hub,2026-09-17T00:49:00Z,2026-09-17T00:49:00Z,true
northumbrian:NWL01505:1788807959000,northumbrian:NWL01505,northumbrian,2026-09-07T19:05:59Z,2026-09-07T19:17:59Z,12,hub,2026-09-17T00:49:00Z,2026-09-17T00:49:00Z,true
northumbrian:NWL01510:1788689759000,northumbrian:NWL01510,northumbrian,2026-09-06T10:15:59Z,2026-09-06T10:19:59Z,4,hub,2026-09-17T00:49:00Z,2026-09-17T00:49:00Z,true
northumbrian:NWL01515:1789084679000,northumbrian:NWL01515,northumbrian,2026-09-10T23:57:59Z,2026-09-11T00:11:59Z,14,hub,2026-09-17T00:49:00Z,2026-09-17T00:49:00Z,true
northumbrian:NWL01516:1788807894000,northumbrian:NWL01516,northumbrian,2026-09-07T19:04:54Z,2026-09-07T19:59:29Z,55,hub,2026-09-17T00:49:00Z,2026-09-17T00:49:00Z,true
northumbrian:NWL01517:1788690534000,northumbrian:NWL01517,northumbrian,2026-09-06T10:28:54Z,2026-09-06T10:37:30Z,9,hub,2026-09-17T00:49:00Z,2026-09-17T00:49:00Z,true
northumbrian:NWL01519:1788466679000,northumbrian:NWL01519,northumbrian,2026-09-03T20:17:59Z,2026-09-03T20:19:59Z,2,hub,2026-09-17T00:49:00Z,2026-09-17T00:49:00Z,true
northumbrian:NWL01520:1789452480000,northumbrian:NWL01520,northumbrian,2026-09-15T06:08:00Z,2026-09-15T06:10:00Z,2,hub,2026-09-17T00:49:00Z,2026-09-17T00:49:00Z,true
northumbrian:NWL01522:1789652320000,northumbrian:NWL01522,northumbrian,2026-09-17T13:38:40Z,2026-09-17T13:39:10Z,1,hub,2026-09-17T15:38:08Z,2026-09-17T15:38:08Z,true
northumbrian:NWL01525:1788690599000,northumbrian:NWL01525,northumbrian,2026-09-06T10:29:59Z,2026-09-06T10:37:59Z,8,hub,2026-09-17T00:49:00Z,2026-09-17T00:49:00Z,true
northumbrian:NWL01526:1788690544000,northumbrian:NWL01526,northumbrian,2026-09-06T10:29:04Z,2026-09-06T10:44:53Z,16,hub,2026-09-17T00:49:00Z,2026-09-17T00:49:00Z,true
northumbrian:NWL01527:1789355159000,northumbrian:NWL01527,northumbrian,2026-09-14T03:05:59Z,2026-09-14T03:07:59Z,2,hub,2026-09-17T00:49:00Z,2026-09-17T00:49:00Z,true
northumbrian:NWL01528:1788808559000,northumbrian:NWL01528,northumbrian,2026-09-07T19:15:59Z,2026-09-07T19:19:59Z,4,hub,2026-09-17T00:49:00Z,2026-09-17T00:49:00Z,true
northumbrian:NWL01529:1788690359000,northumbrian:NWL01529,northumbrian,2026-09-06T10:25:59Z,2026-09-06T10:53:59Z,28,hub,2026-09-17T00:49:00Z,2026-09-17T00:49:00Z,true
northumbrian:NWL01531:1788690959000,northumbrian:NWL01531,northumbrian,2026-09-06T10:35:59Z,2026-09-06T11:01:59Z,26,hub,2026-09-17T00:49:00Z,2026-09-17T00:49:00Z,true
northumbrian:NWL01532:1788808800000,northumbrian:NWL01532,northumbrian,2026-09-07T19:20:00Z,2026-09-07T19:24:00Z,4,hub,2026-09-17T00:49:00Z,2026-09-17T00:49:00Z,true
northumbrian:NWL01534:1788807239000,northumbrian:NWL01534,northumbrian,2026-09-07T18:53:59Z,2026-09-07T19:05:59Z,12,hub,2026-09-17T00:49:00Z,2026-09-17T00:49:00Z,true
northumbrian:NWL01536:1788808799000,northumbrian:NWL01536,northumbrian,2026-09-07T19:19:59Z,2026-09-07T19:25:59Z,6,hub,2026-09-17T00:49:00Z,2026-09-17T00:49:00Z,true
northumbrian:NWL01541:1788688679000,northumbrian:NWL01541,northumbrian,2026-09-06T09:57:59Z,2026-09-06T10:55:59Z,58,hub,2026-09-17T00:49:00Z,2026-09-17T00:49:00Z,true
northumbrian:NWL01544:1788690839000,northumbrian:NWL01544,northumbrian,2026-09-06T10:33:59Z,2026-09-06T10:35:59Z,2,hub,2026-09-17T00:49:00Z,2026-09-17T00:49:00Z,true
northumbrian:NWL01546:1788808199000,northumbrian:NWL01546,northumbrian,2026-09-07T19:09:59Z,2026-09-07T19:17:59Z,8,hub,2026-09-17T00:49:00Z,2026-09-17T00:49:00Z,true
northumbrian:NWL01547:1788809159000,northumbrian:NWL01547,northumbrian,2026-09-07T19:25:59Z,2026-09-07T20:13:59Z,48,hub,2026-09-17T00:49:00Z,2026-09-17T00:49:00Z,true
northumbrian:NWL01553:1789478077000,northumbrian:NWL01553,northumbrian,2026-09-15T13:14:37Z,2026-09-15T13:32:58Z,18,hub,2026-09-17T00:49:00Z,2026-09-17T00:49:00Z,true
northumbrian:NWL01559:1788688199000,northumbrian:NWL01559,northumbrian,2026-09-06T09:49:59Z,2026-09-06T10:35:59Z,46,hub,2026-09-17T00:49:00Z,2026-09-17T00:49:00Z,true
northumbrian:NWL01560:1789746167000,northumbrian:NWL01560,northumbrian,2026-09-18T15:42:47Z,2026-09-18T15:43:59Z,1,hub,2026-09-18T17:51:51Z,2026-09-18T17:51:51Z,true
northumbrian:NWL01568:1788808319000,northumbrian:NWL01568,northumbrian,2026-09-07T19:11:59Z,2026-09-07T19:21:59Z,10,hub,2026-09-17T00:49:00Z,2026-09-17T00:49:00Z,true
northumbrian:NWL01573:1789085399000,northumbrian:NWL01573,northumbrian,2026-09-11T00:09:59Z,2026-09-11T00:47:59Z,38,hub,2026-09-17T00:49:00Z,2026-09-17T00:49:00Z,true
northumbrian:NWL01574:1788808888000,northumbrian:NWL01574,northumbrian,2026-09-07T19:21:28Z,2026-09-07T20:15:43Z,54,hub,2026-09-17T00:49:00Z,2026-09-17T00:49:00Z,true
northumbrian:NWL01576:1788457079000,northumbrian:NWL01576,northumbrian,2026-09-03T17:37:59Z,2026-09-03T17:43:59Z,6,hub,2026-09-17T00:49:00Z,2026-09-17T00:49:00Z,true
northumbrian:NWL01578:1788812305000,northumbrian:NWL01578,northumbrian,2026-09-07T20:18:25Z,2026-09-07T20:24:15Z,6,hub,2026-09-17T00:49:00Z,2026-09-17T00:49:00Z,true
northumbrian:NWL01581:1788690303000,northumbrian:NWL01581,northumbrian,2026-09-06T10:25:03Z,2026-09-06T11:26:16Z,61,hub,2026-09-17T00:49:00Z,2026-09-17T00:49:00Z,true
northumbrian:NWL01583:1788684299000,northumbrian:NWL01583,northumbrian,2026-09-06T08:44:59Z,2026-09-06T08:46:43Z,2,hub,2026-09-17T00:49:00Z,2026-09-17T00:49:00Z,true
northumbrian:NWL01587:1788596126000,northumbrian:NWL01587,northumbrian,2026-09-05T08:15:26Z,2026-09-05T08:52:44Z,37,hub,2026-09-17T00:49:00Z,2026-09-17T00:49:00Z,true
northumbrian:NWL01588:1789757519000,northumbrian:NWL01588,northumbrian,2026-09-18T18:51:59Z,2026-09-18T18:55:59Z,4,hub,2026-09-18T20:21:27Z,2026-09-18T20:21:27Z,true
severn-trent:SVT00005:1789273489000,severn-trent:SVT00005,severn-trent,2026-09-13T04:24:49Z,2026-09-13T04:31:31Z,7,hub,2026-09-17T00:49:00Z,2026-09-17T00:49:00Z,true
severn-trent:SVT00008:1788495776000,severn-trent:SVT00008,severn-trent,2026-09-04T04:22:56Z,2026-09-04T04:42:55Z,20,hub,2026-09-17T00:49:00Z,2026-09-17T00:49:00Z,true
severn-trent:SVT00010:1788496171000,severn-trent:SVT00010,severn-trent,2026-09-04T04:29:31Z,2026-09-04T04:39:18Z,10,hub,2026-09-17T00:49:00Z,2026-09-17T00:49:00Z,true
severn-trent:SVT00012:1788495232000,severn-trent:SVT00012,severn-trent,2026-09-04T04:13:52Z,2026-09-04T04:17:04Z,3,hub,2026-09-17T00:49:00Z,2026-09-17T00:49:00Z,true
severn-trent:SVT00040:1789271941000,severn-trent:SVT00040,severn-trent,2026-09-13T03:59:01Z,2026-09-13T09:20:00Z,321,hub,2026-09-17T00:49:00Z,2026-09-17T00:49:00Z,true
severn-trent:SVT00041:1789268370000,severn-trent:SVT00041,severn-trent,2026-09-13T02:59:30Z,2026-09-13T03:06:42Z,7,hub,2026-09-17T00:49:00Z,2026-09-17T00:49:00Z,true
severn-trent:SVT00042:1788496708000,severn-trent:SVT00042,severn-trent,2026-09-04T04:38:28Z,2026-09-04T04:46:23Z,8,hub,2026-09-17T00:49:00Z,2026-09-17T00:49:00Z,true
severn-trent:SVT00044:1788488631000,severn-trent:SVT00044,severn-trent,2026-09-04T02:23:51Z,2026-09-04T03:18:58Z,55,hub,2026-09-17T00:49:00Z,2026-09-17T00:49:00Z,true
severn-trent:SVT00045:1788492554000,severn-trent:SVT00045,severn-trent,2026-09-04T03:29:14Z,2026-09-04T03:54:42Z,25,hub,2026-09-17T00:49:00Z,2026-09-17T00:49:00Z,true
severn-trent:SVT00046:1788516793000,severn-trent:SVT00046,severn-trent,2026-09-04T10:13:13Z,2026-09-04T10:16:51Z,4,hub,2026-09-17T00:49:00Z,2026-09-17T00:49:00Z,true
severn-trent:SVT00047:1788515367000,severn-trent:SVT00047,severn-trent,2026-09-04T09:49:27Z,2026-09-04T10:30:02Z,41,hub,2026-09-17T00:49:00Z,2026-09-17T00:49:00Z,true
severn-trent:SVT00049:1789588704000,severn-trent:SVT00049,severn-trent,2026-09-16T19:58:24Z,2026-09-16T20:16:32Z,18,hub,2026-09-17T00:49:00Z,2026-09-17T00:49:00Z,true
severn-trent:SVT00051:1788490996000,severn-trent:SVT00051,severn-trent,2026-09-04T03:03:16Z,2026-09-04T03:09:04Z,6,hub,2026-09-17T00:49:00Z,2026-09-17T00:49:00Z,true
severn-trent:SVT00054:1788500788000,severn-trent:SVT00054,severn-trent,2026-09-04T05:46:28Z,2026-09-04T06:23:44Z,37,hub,2026-09-17T00:49:00Z,2026-09-17T00:49:00Z,true
severn-trent:SVT00063:1789326883000,severn-trent:SVT00063,severn-trent,2026-09-13T19:14:43Z,2026-09-13T20:01:47Z,47,hub,2026-09-17T00:49:00Z,2026-09-17T00:49:00Z,true
severn-trent:SVT00064:1789279294000,severn-trent:SVT00064,severn-trent,2026-09-13T06:01:34Z,2026-09-13T06:15:00Z,13,hub,2026-09-17T00:49:00Z,2026-09-17T00:49:00Z,true
severn-trent:SVT00065:1788487452000,severn-trent:SVT00065,severn-trent,2026-09-04T02:04:12Z,2026-09-04T08:03:27Z,359,hub,2026-09-17T00:49:00Z,2026-09-17T00:49:00Z,true
severn-trent:SVT00066:1789292834000,severn-trent:SVT00066,severn-trent,2026-09-13T09:47:14Z,2026-09-13T09:49:34Z,2,hub,2026-09-17T00:49:00Z,2026-09-17T00:49:00Z,true
severn-trent:SVT00069:1788493250000,severn-trent:SVT00069,severn-trent,2026-09-04T03:40:50Z,2026-09-04T17:18:59Z,818,hub,2026-09-17T00:49:00Z,2026-09-17T00:49:00Z,true
severn-trent:SVT00070:1788848179000,severn-trent:SVT00070,severn-trent,2026-09-08T06:16:19Z,2026-09-08T09:29:04Z,193,hub,2026-09-17T00:49:00Z,2026-09-17T00:49:00Z,true
severn-trent:SVT00071:1788489149000,severn-trent:SVT00071,severn-trent,2026-09-04T02:32:29Z,2026-09-04T04:37:13Z,125,hub,2026-09-17T00:49:00Z,2026-09-17T00:49:00Z,true
severn-trent:SVT00072:1788488773000,severn-trent:SVT00072,severn-trent,2026-09-04T02:26:13Z,2026-09-04T04:09:36Z,103,hub,2026-09-17T00:49:00Z,2026-09-17T00:49:00Z,true
severn-trent:SVT00073:1789401227000,severn-trent:SVT00073,severn-trent,2026-09-14T15:53:47Z,2026-09-14T15:56:14Z,2,hub,2026-09-17T00:49:00Z,2026-09-17T00:49:00Z,true
severn-trent:SVT00074:1788499234000,severn-trent:SVT00074,severn-trent,2026-09-04T05:20:34Z,2026-09-04T08:04:16Z,164,hub,2026-09-17T00:49:00Z,2026-09-17T00:49:00Z,true
severn-trent:SVT00075:1788489642000,severn-trent:SVT00075,severn-trent,2026-09-04T02:40:42Z,2026-09-04T02:42:33Z,2,hub,2026-09-17T00:49:00Z,2026-09-17T00:49:00Z,true
severn-trent:SVT00075:1789624767000,severn-trent:SVT00075,severn-trent,2026-09-17T05:59:27Z,2026-09-17T06:06:19Z,7,hub,2026-09-17T11:32:49Z,2026-09-17T11:32:49Z,true
severn-trent:SVT00078:1788493423000,severn-trent:SVT00078,severn-trent,2026-09-04T03:43:43Z,2026-09-04T03:47:11Z,3,hub,2026-09-17T00:49:00Z,2026-09-17T00:49:00Z,true
severn-trent:SVT00087:1788483289000,severn-trent:SVT00087,severn-trent,2026-09-04T00:54:49Z,2026-09-04T03:47:48Z,173,hub,2026-09-17T00:49:00Z,2026-09-17T00:49:00Z,true
severn-trent:SVT00088:1789271886000,severn-trent:SVT00088,severn-trent,2026-09-13T03:58:06Z,2026-09-13T04:02:34Z,4,hub,2026-09-17T00:49:00Z,2026-09-17T00:49:00Z,true
severn-trent:SVT00090:1788495851000,severn-trent:SVT00090,severn-trent,2026-09-04T04:24:11Z,2026-09-04T04:35:57Z,12,hub,2026-09-17T00:49:00Z,2026-09-17T00:49:00Z,true
severn-trent:SVT00091:1788490320000,severn-trent:SVT00091,severn-trent,2026-09-04T02:52:00Z,2026-09-04T02:55:56Z,4,hub,2026-09-17T00:49:00Z,2026-09-17T00:49:00Z,true
severn-trent:SVT00092:1788489767000,severn-trent:SVT00092,severn-trent,2026-09-04T02:42:47Z,2026-09-04T03:35:54Z,53,hub,2026-09-17T00:49:00Z,2026-09-17T00:49:00Z,true
severn-trent:SVT00093:1788520431000,severn-trent:SVT00093,severn-trent,2026-09-04T11:13:51Z,2026-09-04T11:36:21Z,23,hub,2026-09-17T00:49:00Z,2026-09-17T00:49:00Z,true
severn-trent:SVT00097:1788483200000,severn-trent:SVT00097,severn-trent,2026-09-04T00:53:20Z,2026-09-04T04:02:27Z,189,hub,2026-09-17T00:49:00Z,2026-09-17T00:49:00Z,true
severn-trent:SVT00110:1788514092000,severn-trent:SVT00110,severn-trent,2026-09-04T09:28:12Z,2026-09-04T09:34:04Z,6,hub,2026-09-17T00:49:00Z,2026-09-17T00:49:00Z,true
severn-trent:SVT00111:1788925388000,severn-trent:SVT00111,severn-trent,2026-09-09T03:43:08Z,2026-09-09T03:52:08Z,9,hub,2026-09-17T00:49:00Z,2026-09-17T00:49:00Z,true
severn-trent:SVT00111:1789624179000,severn-trent:SVT00111,severn-trent,2026-09-17T05:49:39Z,2026-09-17T05:55:36Z,6,hub,2026-09-17T11:32:49Z,2026-09-17T11:32:49Z,true
severn-trent:SVT00113:1788501201000,severn-trent:SVT00113,severn-trent,2026-09-04T05:53:21Z,2026-09-04T08:01:28Z,128,hub,2026-09-17T00:49:00Z,2026-09-17T00:49:00Z,true
severn-trent:SVT00114:1788503226000,severn-trent:SVT00114,severn-trent,2026-09-04T06:27:06Z,2026-09-04T06:47:55Z,21,hub,2026-09-17T00:49:00Z,2026-09-17T00:49:00Z,true
severn-trent:SVT00115:1788782502000,severn-trent:SVT00115,severn-trent,2026-09-07T12:01:42Z,2026-09-07T12:08:47Z,7,hub,2026-09-17T00:49:00Z,2026-09-17T00:49:00Z,true
severn-trent:SVT00119:1788493945000,severn-trent:SVT00119,severn-trent,2026-09-04T03:52:25Z,2026-09-04T04:00:43Z,8,hub,2026-09-17T00:49:00Z,2026-09-17T00:49:00Z,true
severn-trent:SVT00122:1788502230000,severn-trent:SVT00122,severn-trent,2026-09-04T06:10:30Z,2026-09-04T07:22:23Z,72,hub,2026-09-17T00:49:00Z,2026-09-17T00:49:00Z,true
severn-trent:SVT00123:1789208846000,severn-trent:SVT00123,severn-trent,2026-09-12T10:27:26Z,2026-09-12T10:39:34Z,12,hub,2026-09-17T00:49:00Z,2026-09-17T00:49:00Z,true
severn-trent:SVT00124:1788491565000,severn-trent:SVT00124,severn-trent,2026-09-04T03:12:45Z,2026-09-04T04:13:59Z,61,hub,2026-09-17T00:49:00Z,2026-09-17T00:49:00Z,true
severn-trent:SVT00126:1788488727000,severn-trent:SVT00126,severn-trent,2026-09-04T02:25:27Z,2026-09-04T02:58:16Z,33,hub,2026-09-17T00:49:00Z,2026-09-17T00:49:00Z,true
severn-trent:SVT00129:1789246546000,severn-trent:SVT00129,severn-trent,2026-09-12T20:55:46Z,2026-09-12T21:00:15Z,4,hub,2026-09-17T00:49:00Z,2026-09-17T00:49:00Z,true
severn-trent:SVT00130:1788511577000,severn-trent:SVT00130,severn-trent,2026-09-04T08:46:17Z,2026-09-04T08:58:01Z,12,hub,2026-09-17T00:49:00Z,2026-09-17T00:49:00Z,true
severn-trent:SVT00136:1788492666000,severn-trent:SVT00136,severn-trent,2026-09-04T03:31:06Z,2026-09-04T03:39:46Z,9,hub,2026-09-17T00:49:00Z,2026-09-17T00:49:00Z,true
severn-trent:SVT00143:1789267277000,severn-trent:SVT00143,severn-trent,2026-09-13T02:41:17Z,2026-09-13T14:20:00Z,699,hub,2026-09-17T00:49:00Z,2026-09-17T00:49:00Z,true
severn-trent:SVT00144:1789268486000,severn-trent:SVT00144,severn-trent,2026-09-13T03:01:26Z,2026-09-13T03:42:41Z,41,hub,2026-09-17T00:49:00Z,2026-09-17T00:49:00Z,true
severn-trent:SVT00145:1789209734000,severn-trent:SVT00145,severn-trent,2026-09-12T10:42:14Z,2026-09-12T10:47:47Z,6,hub,2026-09-17T00:49:00Z,2026-09-17T00:49:00Z,true
severn-trent:SVT00147:1788496852000,severn-trent:SVT00147,severn-trent,2026-09-04T04:40:52Z,2026-09-04T07:26:15Z,165,hub,2026-09-17T00:49:00Z,2026-09-17T00:49:00Z,true
severn-trent:SVT00149:1788502381000,severn-trent:SVT00149,severn-trent,2026-09-04T06:13:01Z,2026-09-04T06:24:21Z,11,hub,2026-09-17T00:49:00Z,2026-09-17T00:49:00Z,true
severn-trent:SVT00153:1788500400000,severn-trent:SVT00153,severn-trent,2026-09-04T05:40:00Z,2026-09-04T06:35:00Z,55,hub,2026-09-17T00:49:00Z,2026-09-17T00:49:00Z,true
severn-trent:SVT00154:1788501209000,severn-trent:SVT00154,severn-trent,2026-09-04T05:53:29Z,2026-09-04T06:14:13Z,21,hub,2026-09-17T00:49:00Z,2026-09-17T00:49:00Z,true
severn-trent:SVT00162:1789172167000,severn-trent:SVT00162,severn-trent,2026-09-12T00:16:07Z,2026-09-12T00:21:59Z,6,hub,2026-09-17T00:49:00Z,2026-09-17T00:49:00Z,true
severn-trent:SVT00169:1788487711000,severn-trent:SVT00169,severn-trent,2026-09-04T02:08:31Z,2026-09-04T02:53:20Z,45,hub,2026-09-17T00:49:00Z,2026-09-17T00:49:00Z,true
severn-trent:SVT00170:1789268442000,severn-trent:SVT00170,severn-trent,2026-09-13T03:00:42Z,2026-09-13T03:18:59Z,18,hub,2026-09-17T00:49:00Z,2026-09-17T00:49:00Z,true
severn-trent:SVT00173:1788497962000,severn-trent:SVT00173,severn-trent,2026-09-04T04:59:22Z,2026-09-04T05:00:47Z,1,hub,2026-09-17T00:49:00Z,2026-09-17T00:49:00Z,true
severn-trent:SVT00176:1788493689000,severn-trent:SVT00176,severn-trent,2026-09-04T03:48:09Z,2026-09-04T05:38:30Z,110,hub,2026-09-17T00:49:00Z,2026-09-17T00:49:00Z,true
severn-trent:SVT00177:1788332674000,severn-trent:SVT00177,severn-trent,2026-09-02T07:04:34Z,2026-09-02T07:06:51Z,2,hub,2026-09-17T00:49:00Z,2026-09-17T00:49:00Z,true
severn-trent:SVT00178:1788502816000,severn-trent:SVT00178,severn-trent,2026-09-04T06:20:16Z,2026-09-04T07:59:32Z,99,hub,2026-09-17T00:49:00Z,2026-09-17T00:49:00Z,true
severn-trent:SVT00179:1788492172000,severn-trent:SVT00179,severn-trent,2026-09-04T03:22:52Z,2026-09-04T03:43:29Z,21,hub,2026-09-17T00:49:00Z,2026-09-17T00:49:00Z,true
severn-trent:SVT00181:1788497963000,severn-trent:SVT00181,severn-trent,2026-09-04T04:59:23Z,2026-09-04T05:07:01Z,8,hub,2026-09-17T00:49:00Z,2026-09-17T00:49:00Z,true
severn-trent:SVT00185:1788505908000,severn-trent:SVT00185,severn-trent,2026-09-04T07:11:48Z,2026-09-04T07:37:02Z,25,hub,2026-09-17T00:49:00Z,2026-09-17T00:49:00Z,true
severn-trent:SVT00187:1788495995000,severn-trent:SVT00187,severn-trent,2026-09-04T04:26:35Z,2026-09-04T05:16:44Z,50,hub,2026-09-17T00:49:00Z,2026-09-17T00:49:00Z,true
severn-trent:SVT00197:1788494300000,severn-trent:SVT00197,severn-trent,2026-09-04T03:58:20Z,2026-09-04T07:05:00Z,187,hub,2026-09-17T00:49:00Z,2026-09-17T00:49:00Z,true
severn-trent:SVT00199:1789266543000,severn-trent:SVT00199,severn-trent,2026-09-13T02:29:03Z,2026-09-13T02:59:22Z,30,hub,2026-09-17T00:49:00Z,2026-09-17T00:49:00Z,true
severn-trent:SVT00202:1788490746000,severn-trent:SVT00202,severn-trent,2026-09-04T02:59:06Z,2026-09-04T03:11:17Z,12,hub,2026-09-17T00:49:00Z,2026-09-17T00:49:00Z,true
severn-trent:SVT00210:1788500785000,severn-trent:SVT00210,severn-trent,2026-09-04T05:46:25Z,2026-09-04T06:14:34Z,28,hub,2026-09-17T00:49:00Z,2026-09-17T00:49:00Z,true
severn-trent:SVT00211:1788493238000,severn-trent:SVT00211,severn-trent,2026-09-04T03:40:38Z,2026-09-04T03:46:16Z,6,hub,2026-09-17T00:49:00Z,2026-09-17T00:49:00Z,true
severn-trent:SVT00216:1789267898000,severn-trent:SVT00216,severn-trent,2026-09-13T02:51:38Z,2026-09-13T03:35:14Z,44,hub,2026-09-17T00:49:00Z,2026-09-17T00:49:00Z,true
severn-trent:SVT00229:1788481735000,severn-trent:SVT00229,severn-trent,2026-09-04T00:28:55Z,2026-09-04T00:32:37Z,4,hub,2026-09-17T00:49:00Z,2026-09-17T00:49:00Z,true
severn-trent:SVT00230:1788928964000,severn-trent:SVT00230,severn-trent,2026-09-09T04:42:44Z,2026-09-09T04:56:27Z,14,hub,2026-09-17T00:49:00Z,2026-09-17T00:49:00Z,true
severn-trent:SVT00234:1788495157000,severn-trent:SVT00234,severn-trent,2026-09-04T04:12:37Z,2026-09-04T08:01:54Z,229,hub,2026-09-17T00:49:00Z,2026-09-17T00:49:00Z,true
severn-trent:SVT00237:1788496463000,severn-trent:SVT00237,severn-trent,2026-09-04T04:34:23Z,2026-09-04T04:58:58Z,25,hub,2026-09-17T00:49:00Z,2026-09-17T00:49:00Z,true
severn-trent:SVT00242:1788491731000,severn-trent:SVT00242,severn-trent,2026-09-04T03:15:31Z,2026-09-04T03:16:04Z,1,hub,2026-09-17T00:49:00Z,2026-09-17T00:49:00Z,true
severn-trent:SVT00250:1788489844000,severn-trent:SVT00250,severn-trent,2026-09-04T02:44:04Z,2026-09-04T08:17:34Z,334,hub,2026-09-17T00:49:00Z,2026-09-17T00:49:00Z,true
severn-trent:SVT00254:1788492329000,severn-trent:SVT00254,severn-trent,2026-09-04T03:25:29Z,2026-09-04T03:35:27Z,10,hub,2026-09-17T00:49:00Z,2026-09-17T00:49:00Z,true
severn-trent:SVT00265:1789546236000,severn-trent:SVT00265,severn-trent,2026-09-16T08:10:36Z,2026-09-16T08:17:26Z,7,hub,2026-09-17T00:49:00Z,2026-09-17T00:49:00Z,true
severn-trent:SVT00266:1788504462000,severn-trent:SVT00266,severn-trent,2026-09-04T06:47:42Z,2026-09-04T07:11:39Z,24,hub,2026-09-17T00:49:00Z,2026-09-17T00:49:00Z,true
severn-trent:SVT00267:1789559288000,severn-trent:SVT00267,severn-trent,2026-09-16T11:48:08Z,2026-09-16T11:57:31Z,9,hub,2026-09-17T00:49:00Z,2026-09-17T00:49:00Z,true
severn-trent:SVT00270:1788504472000,severn-trent:SVT00270,severn-trent,2026-09-04T06:47:52Z,2026-09-04T06:48:08Z,0,hub,2026-09-17T00:49:00Z,2026-09-17T00:49:00Z,true
severn-trent:SVT00274:1788493701000,severn-trent:SVT00274,severn-trent,2026-09-04T03:48:21Z,2026-09-04T04:16:13Z,28,hub,2026-09-17T00:49:00Z,2026-09-17T00:49:00Z,true
severn-trent:SVT00277:1788493887000,severn-trent:SVT00277,severn-trent,2026-09-04T03:51:27Z,2026-09-04T04:19:31Z,28,hub,2026-09-17T00:49:00Z,2026-09-17T00:49:00Z,true
severn-trent:SVT00279:1789267049000,severn-trent:SVT00279,severn-trent,2026-09-13T02:37:29Z,2026-09-13T03:22:23Z,45,hub,2026-09-17T00:49:00Z,2026-09-17T00:49:00Z,true
severn-trent:SVT00283:1788501502000,severn-trent:SVT00283,severn-trent,2026-09-04T05:58:22Z,2026-09-04T06:13:03Z,15,hub,2026-09-17T00:49:00Z,2026-09-17T00:49:00Z,true
severn-trent:SVT00284:1788490879000,severn-trent:SVT00284,severn-trent,2026-09-04T03:01:19Z,2026-09-04T04:09:13Z,68,hub,2026-09-17T00:49:00Z,2026-09-17T00:49:00Z,true
severn-trent:SVT00291:1789457579000,severn-trent:SVT00291,severn-trent,2026-09-15T07:32:59Z,2026-09-15T07:34:12Z,1,hub,2026-09-17T00:49:00Z,2026-09-17T00:49:00Z,true
severn-trent:SVT00291:1789635532000,severn-trent:SVT00291,severn-trent,2026-09-17T08:58:52Z,2026-09-17T09:01:09Z,2,hub,2026-09-17T11:32:49Z,2026-09-17T11:32:49Z,true
severn-trent:SVT00296:1789260925000,severn-trent:SVT00296,severn-trent,2026-09-13T00:55:25Z,2026-09-13T01:17:50Z,22,hub,2026-09-17T00:49:00Z,2026-09-17T00:49:00Z,true
severn-trent:SVT00301:1788488952000,severn-trent:SVT00301,severn-trent,2026-09-04T02:29:12Z,2026-09-04T02:30:00Z,1,hub,2026-09-17T00:49:00Z,2026-09-17T00:49:00Z,true
severn-trent:SVT00307:1788486641000,severn-trent:SVT00307,severn-trent,2026-09-04T01:50:41Z,2026-09-04T03:03:44Z,73,hub,2026-09-17T00:49:00Z,2026-09-17T00:49:00Z,true
severn-trent:SVT00311:1788977015000,severn-trent:SVT00311,severn-trent,2026-09-09T18:03:35Z,2026-09-09T20:47:25Z,164,hub,2026-09-17T00:49:00Z,2026-09-17T00:49:00Z,true
severn-trent:SVT00311:1789751543000,severn-trent:SVT00311,severn-trent,2026-09-18T17:12:23Z,2026-09-18T17:27:56Z,16,hub,2026-09-18T17:51:51Z,2026-09-18T17:51:51Z,true
severn-trent:SVT00315:1788487702000,severn-trent:SVT00315,severn-trent,2026-09-04T02:08:22Z,2026-09-04T03:21:55Z,74,hub,2026-09-17T00:49:00Z,2026-09-17T00:49:00Z,true
severn-trent:SVT00320:1788496192000,severn-trent:SVT00320,severn-trent,2026-09-04T04:29:52Z,2026-09-04T05:01:50Z,32,hub,2026-09-17T00:49:00Z,2026-09-17T00:49:00Z,true
severn-trent:SVT00321:1789501792000,severn-trent:SVT00321,severn-trent,2026-09-15T19:49:52Z,2026-09-15T19:51:14Z,1,hub,2026-09-17T00:49:00Z,2026-09-17T00:49:00Z,true
severn-trent:SVT00323:1788490221000,severn-trent:SVT00323,severn-trent,2026-09-04T02:50:21Z,2026-09-04T03:29:01Z,39,hub,2026-09-17T00:49:00Z,2026-09-17T00:49:00Z,true
severn-trent:SVT00324:1788491544000,severn-trent:SVT00324,severn-trent,2026-09-04T03:12:24Z,2026-09-04T03:28:29Z,16,hub,2026-09-17T00:49:00Z,2026-09-17T00:49:00Z,true
severn-trent:SVT00325:1788482325000,severn-trent:SVT00325,severn-trent,2026-09-04T00:38:45Z,2026-09-04T13:05:16Z,747,hub,2026-09-17T00:49:00Z,2026-09-17T00:49:00Z,true
severn-trent:SVT00331:1789711800000,severn-trent:SVT00331,severn-trent,2026-09-18T06:10:00Z,2026-09-18T07:06:53Z,57,hub,2026-09-18T10:30:40Z,2026-09-18T10:30:40Z,true
severn-trent:SVT00340:1788494007000,severn-trent:SVT00340,severn-trent,2026-09-04T03:53:27Z,2026-09-04T04:16:21Z,23,hub,2026-09-17T00:49:00Z,2026-09-17T00:49:00Z,true
severn-trent:SVT00341:1789326626000,severn-trent:SVT00341,severn-trent,2026-09-13T19:10:26Z,2026-09-13T20:01:53Z,51,hub,2026-09-17T00:49:00Z,2026-09-17T00:49:00Z,true
severn-trent:SVT00343:1788489704000,severn-trent:SVT00343,severn-trent,2026-09-04T02:41:44Z,2026-09-04T03:31:09Z,49,hub,2026-09-17T00:49:00Z,2026-09-17T00:49:00Z,true
severn-trent:SVT00345:1788492223000,severn-trent:SVT00345,severn-trent,2026-09-04T03:23:43Z,2026-09-04T03:24:43Z,1,hub,2026-09-17T00:49:00Z,2026-09-17T00:49:00Z,true
severn-trent:SVT00349:1789332226000,severn-trent:SVT00349,severn-trent,2026-09-13T20:43:46Z,2026-09-13T21:13:52Z,30,hub,2026-09-17T00:49:00Z,2026-09-17T00:49:00Z,true
severn-trent:SVT00350:1788509400000,severn-trent:SVT00350,severn-trent,2026-09-04T08:10:00Z,2026-09-04T08:31:38Z,22,hub,2026-09-17T00:49:00Z,2026-09-17T00:49:00Z,true
severn-trent:SVT00358:1788496059000,severn-trent:SVT00358,severn-trent,2026-09-04T04:27:39Z,2026-09-04T05:35:55Z,68,hub,2026-09-17T00:49:00Z,2026-09-17T00:49:00Z,true
severn-trent:SVT00361:1789340136000,severn-trent:SVT00361,severn-trent,2026-09-13T22:55:36Z,2026-09-13T23:22:52Z,27,hub,2026-09-17T00:49:00Z,2026-09-17T00:49:00Z,true
severn-trent:SVT00365:1788849123000,severn-trent:SVT00365,severn-trent,2026-09-08T06:32:03Z,2026-09-08T09:52:16Z,200,hub,2026-09-17T00:49:00Z,2026-09-17T00:49:00Z,true
severn-trent:SVT00366:1789267346000,severn-trent:SVT00366,severn-trent,2026-09-13T02:42:26Z,2026-09-13T03:49:57Z,68,hub,2026-09-17T00:49:00Z,2026-09-17T00:49:00Z,true
severn-trent:SVT00367:1788493482000,severn-trent:SVT00367,severn-trent,2026-09-04T03:44:42Z,2026-09-04T04:13:57Z,29,hub,2026-09-17T00:49:00Z,2026-09-17T00:49:00Z,true
severn-trent:SVT00373:1788497511000,severn-trent:SVT00373,severn-trent,2026-09-04T04:51:51Z,2026-09-04T05:25:59Z,34,hub,2026-09-17T00:49:00Z,2026-09-17T00:49:00Z,true
severn-trent:SVT00376:1788494728000,severn-trent:SVT00376,severn-trent,2026-09-04T04:05:28Z,2026-09-04T04:27:44Z,22,hub,2026-09-17T00:49:00Z,2026-09-17T00:49:00Z,true
severn-trent:SVT00384:1788498484000,severn-trent:SVT00384,severn-trent,2026-09-04T05:08:04Z,2026-09-04T05:49:58Z,42,hub,2026-09-17T00:49:00Z,2026-09-17T00:49:00Z,true
severn-trent:SVT00386:1788494255000,severn-trent:SVT00386,severn-trent,2026-09-04T03:57:35Z,2026-09-04T04:03:59Z,6,hub,2026-09-17T00:49:00Z,2026-09-17T00:49:00Z,true
severn-trent:SVT00387:1788493837000,severn-trent:SVT00387,severn-trent,2026-09-04T03:50:37Z,2026-09-04T04:13:09Z,23,hub,2026-09-17T00:49:00Z,2026-09-17T00:49:00Z,true
severn-trent:SVT00390:1788498227000,severn-trent:SVT00390,severn-trent,2026-09-04T05:03:47Z,2026-09-04T05:07:49Z,4,hub,2026-09-17T00:49:00Z,2026-09-17T00:49:00Z,true
severn-trent:SVT00392:1788488483000,severn-trent:SVT00392,severn-trent,2026-09-04T02:21:23Z,2026-09-04T03:04:57Z,44,hub,2026-09-17T00:49:00Z,2026-09-17T00:49:00Z,true
severn-trent:SVT00404:1788506074000,severn-trent:SVT00404,severn-trent,2026-09-04T07:14:34Z,2026-09-04T08:35:25Z,81,hub,2026-09-17T00:49:00Z,2026-09-17T00:49:00Z,true
severn-trent:SVT00405:1788497079000,severn-trent:SVT00405,severn-trent,2026-09-04T04:44:39Z,2026-09-04T04:50:00Z,5,hub,2026-09-17T00:49:00Z,2026-09-17T00:49:00Z,true
severn-trent:SVT00406:1788487337000,severn-trent:SVT00406,severn-trent,2026-09-04T02:02:17Z,2026-09-04T05:25:57Z,204,hub,2026-09-17T00:49:00Z,2026-09-17T00:49:00Z,true
severn-trent:SVT00407:1788492338000,severn-trent:SVT00407,severn-trent,2026-09-04T03:25:38Z,2026-09-04T03:38:24Z,13,hub,2026-09-17T00:49:00Z,2026-09-17T00:49:00Z,true
severn-trent:SVT00408:1788491627000,severn-trent:SVT00408,severn-trent,2026-09-04T03:13:47Z,2026-09-04T04:03:14Z,49,hub,2026-09-17T00:49:00Z,2026-09-17T00:49:00Z,true
severn-trent:SVT00409:1788491425000,severn-trent:SVT00409,severn-trent,2026-09-04T03:10:25Z,2026-09-04T03:15:00Z,5,hub,2026-09-17T00:49:00Z,2026-09-17T00:49:00Z,true
severn-trent:SVT00411:1788497321000,severn-trent:SVT00411,severn-trent,2026-09-04T04:48:41Z,2026-09-04T05:07:52Z,19,hub,2026-09-17T00:49:00Z,2026-09-17T00:49:00Z,true
severn-trent:SVT00413:1788496964000,severn-trent:SVT00413,severn-trent,2026-09-04T04:42:44Z,2026-09-04T05:02:13Z,19,hub,2026-09-17T00:49:00Z,2026-09-17T00:49:00Z,true
severn-trent:SVT00414:1788501006000,severn-trent:SVT00414,severn-trent,2026-09-04T05:50:06Z,2026-09-04T06:59:23Z,69,hub,2026-09-17T00:49:00Z,2026-09-17T00:49:00Z,true
severn-trent:SVT00419:1788489960000,severn-trent:SVT00419,severn-trent,2026-09-04T02:46:00Z,2026-09-04T03:44:57Z,59,hub,2026-09-17T00:49:00Z,2026-09-17T00:49:00Z,true
severn-trent:SVT00421:1788493467000,severn-trent:SVT00421,severn-trent,2026-09-04T03:44:27Z,2026-09-04T03:45:32Z,1,hub,2026-09-17T00:49:00Z,2026-09-17T00:49:00Z,true
severn-trent:SVT00426:1788490715000,severn-trent:SVT00426,severn-trent,2026-09-04T02:58:35Z,2026-09-04T04:32:42Z,94,hub,2026-09-17T00:49:00Z,2026-09-17T00:49:00Z,true
severn-trent:SVT00427:1788503044000,severn-trent:SVT00427,severn-trent,2026-09-04T06:24:04Z,2026-09-04T06:31:41Z,8,hub,2026-09-17T00:49:00Z,2026-09-17T00:49:00Z,true
severn-trent:SVT00428:1788503837000,severn-trent:SVT00428,severn-trent,2026-09-04T06:37:17Z,2026-09-04T09:11:06Z,154,hub,2026-09-17T00:49:00Z,2026-09-17T00:49:00Z,true
severn-trent:SVT00434:1788485995000,severn-trent:SVT00434,severn-trent,2026-09-04T01:39:55Z,2026-09-04T02:38:50Z,59,hub,2026-09-17T00:49:00Z,2026-09-17T00:49:00Z,true
severn-trent:SVT00437:1788492286000,severn-trent:SVT00437,severn-trent,2026-09-04T03:24:46Z,2026-09-04T03:48:42Z,24,hub,2026-09-17T00:49:00Z,2026-09-17T00:49:00Z,true
severn-trent:SVT00441:1788502964000,severn-trent:SVT00441,severn-trent,2026-09-04T06:22:44Z,2026-09-04T06:35:00Z,12,hub,2026-09-17T00:49:00Z,2026-09-17T00:49:00Z,true
severn-trent:SVT00446:1788489928000,severn-trent:SVT00446,severn-trent,2026-09-04T02:45:28Z,2026-09-04T03:35:20Z,50,hub,2026-09-17T00:49:00Z,2026-09-17T00:49:00Z,true
severn-trent:SVT00447:1788822971000,severn-trent:SVT00447,severn-trent,2026-09-07T23:16:11Z,2026-09-07T23:30:00Z,14,hub,2026-09-17T00:49:00Z,2026-09-17T00:49:00Z,true
severn-trent:SVT00457:1788494787000,severn-trent:SVT00457,severn-trent,2026-09-04T04:06:27Z,2026-09-04T07:05:20Z,179,hub,2026-09-17T00:49:00Z,2026-09-17T00:49:00Z,true
severn-trent:SVT00459:1788495696000,severn-trent:SVT00459,severn-trent,2026-09-04T04:21:36Z,2026-09-04T04:25:00Z,3,hub,2026-09-17T00:49:00Z,2026-09-17T00:49:00Z,true
severn-trent:SVT00462:1788492048000,severn-trent:SVT00462,severn-trent,2026-09-04T03:20:48Z,2026-09-04T03:37:22Z,17,hub,2026-09-17T00:49:00Z,2026-09-17T00:49:00Z,true
severn-trent:SVT00466:1788501622000,severn-trent:SVT00466,severn-trent,2026-09-04T06:00:22Z,2026-09-04T06:13:25Z,13,hub,2026-09-17T00:49:00Z,2026-09-17T00:49:00Z,true
severn-trent:SVT00470:1788502400000,severn-trent:SVT00470,severn-trent,2026-09-04T06:13:20Z,2026-09-04T06:34:46Z,21,hub,2026-09-17T00:49:00Z,2026-09-17T00:49:00Z,true
severn-trent:SVT00471:1788505348000,severn-trent:SVT00471,severn-trent,2026-09-04T07:02:28Z,2026-09-04T08:35:09Z,93,hub,2026-09-17T00:49:00Z,2026-09-17T00:49:00Z,true
severn-trent:SVT00474:1788495249000,severn-trent:SVT00474,severn-trent,2026-09-04T04:14:09Z,2026-09-04T04:37:34Z,23,hub,2026-09-17T00:49:00Z,2026-09-17T00:49:00Z,true
severn-trent:SVT00478:1788489742000,severn-trent:SVT00478,severn-trent,2026-09-04T02:42:22Z,2026-09-04T02:45:24Z,3,hub,2026-09-17T00:49:00Z,2026-09-17T00:49:00Z,true
severn-trent:SVT00478:1789625049000,severn-trent:SVT00478,severn-trent,2026-09-17T06:04:09Z,2026-09-17T06:06:00Z,2,hub,2026-09-17T11:32:49Z,2026-09-17T11:32:49Z,true
severn-trent:SVT00480:1789558191000,severn-trent:SVT00480,severn-trent,2026-09-16T11:29:51Z,2026-09-16T11:37:18Z,7,hub,2026-09-17T00:49:00Z,2026-09-17T00:49:00Z,true
severn-trent:SVT00481:1789272965000,severn-trent:SVT00481,severn-trent,2026-09-13T04:16:05Z,2026-09-13T04:21:58Z,6,hub,2026-09-17T00:49:00Z,2026-09-17T00:49:00Z,true
severn-trent:SVT00485:1788488446000,severn-trent:SVT00485,severn-trent,2026-09-04T02:20:46Z,2026-09-04T03:23:26Z,63,hub,2026-09-17T00:49:00Z,2026-09-17T00:49:00Z,true
severn-trent:SVT00488:1788493430000,severn-trent:SVT00488,severn-trent,2026-09-04T03:43:50Z,2026-09-04T03:49:54Z,6,hub,2026-09-17T00:49:00Z,2026-09-17T00:49:00Z,true
severn-trent:SVT00493:1788428895000,severn-trent:SVT00493,severn-trent,2026-09-03T09:48:15Z,2026-09-03T10:23:45Z,36,hub,2026-09-17T00:49:00Z,2026-09-17T00:49:00Z,true
severn-trent:SVT00494:1789267250000,severn-trent:SVT00494,severn-trent,2026-09-13T02:40:50Z,2026-09-13T02:46:40Z,6,hub,2026-09-17T00:49:00Z,2026-09-17T00:49:00Z,true
severn-trent:SVT00500:1788926123000,severn-trent:SVT00500,severn-trent,2026-09-09T03:55:23Z,2026-09-09T04:10:51Z,15,hub,2026-09-17T00:49:00Z,2026-09-17T00:49:00Z,true
severn-trent:SVT00500:1789624910000,severn-trent:SVT00500,severn-trent,2026-09-17T06:01:50Z,2026-09-17T06:16:53Z,15,hub,2026-09-17T11:32:49Z,2026-09-17T11:32:49Z,true
severn-trent:SVT00503:1788491968000,severn-trent:SVT00503,severn-trent,2026-09-04T03:19:28Z,2026-09-04T03:31:38Z,12,hub,2026-09-17T00:49:00Z,2026-09-17T00:49:00Z,true
severn-trent:SVT00506:1789534109000,severn-trent:SVT00506,severn-trent,2026-09-16T04:48:29Z,2026-09-16T04:53:24Z,5,hub,2026-09-17T00:49:00Z,2026-09-17T00:49:00Z,true
severn-trent:SVT00506:1789624384000,severn-trent:SVT00506,severn-trent,2026-09-17T05:53:04Z,2026-09-17T06:06:40Z,14,hub,2026-09-17T11:32:49Z,2026-09-17T11:32:49Z,true
severn-trent:SVT00506:1789748017000,severn-trent:SVT00506,severn-trent,2026-09-18T16:13:37Z,2026-09-18T16:23:06Z,9,hub,2026-09-18T17:51:51Z,2026-09-18T17:51:51Z,true
severn-trent:SVT00508:1788492653000,severn-trent:SVT00508,severn-trent,2026-09-04T03:30:53Z,2026-09-04T03:37:11Z,6,hub,2026-09-17T00:49:00Z,2026-09-17T00:49:00Z,true
severn-trent:SVT00517:1788495000000,severn-trent:SVT00517,severn-trent,2026-09-04T04:10:00Z,2026-09-04T07:13:20Z,183,hub,2026-09-17T00:49:00Z,2026-09-17T00:49:00Z,true
severn-trent:SVT00521:1788492585000,severn-trent:SVT00521,severn-trent,2026-09-04T03:29:45Z,2026-09-04T08:48:20Z,319,hub,2026-09-17T00:49:00Z,2026-09-17T00:49:00Z,true
severn-trent:SVT00533:1789268697000,severn-trent:SVT00533,severn-trent,2026-09-13T03:04:57Z,2026-09-13T03:38:25Z,33,hub,2026-09-17T00:49:00Z,2026-09-17T00:49:00Z,true
severn-trent:SVT00536:1788501843000,severn-trent:SVT00536,severn-trent,2026-09-04T06:04:03Z,2026-09-04T06:20:11Z,16,hub,2026-09-17T00:49:00Z,2026-09-17T00:49:00Z,true
severn-trent:SVT00537:1789045800000,severn-trent:SVT00537,severn-trent,2026-09-10T13:10:00Z,2026-09-10T15:35:00Z,145,hub,2026-09-17T00:49:00Z,2026-09-17T00:49:00Z,true
severn-trent:SVT00538:1789269680000,severn-trent:SVT00538,severn-trent,2026-09-13T03:21:20Z,2026-09-13T05:10:49Z,109,hub,2026-09-17T00:49:00Z,2026-09-17T00:49:00Z,true
severn-trent:SVT00539:1789283959000,severn-trent:SVT00539,severn-trent,2026-09-13T07:19:19Z,2026-09-13T07:20:49Z,2,hub,2026-09-17T00:49:00Z,2026-09-17T00:49:00Z,true
severn-trent:SVT00539:1789748037000,severn-trent:SVT00539,severn-trent,2026-09-18T16:13:57Z,2026-09-18T16:14:02Z,0,hub,2026-09-18T17:51:51Z,2026-09-18T17:51:51Z,true
severn-trent:SVT00541:1788495318000,severn-trent:SVT00541,severn-trent,2026-09-04T04:15:18Z,2026-09-04T04:16:07Z,1,hub,2026-09-17T00:49:00Z,2026-09-17T00:49:00Z,true
severn-trent:SVT00545:1788491090000,severn-trent:SVT00545,severn-trent,2026-09-04T03:04:50Z,2026-09-04T03:17:35Z,13,hub,2026-09-17T00:49:00Z,2026-09-17T00:49:00Z,true
severn-trent:SVT00558:1789601845000,severn-trent:SVT00558,severn-trent,2026-09-16T23:37:25Z,2026-09-16T23:38:19Z,1,hub,2026-09-17T00:49:00Z,2026-09-17T00:49:00Z,true
severn-trent:SVT00558:1789618890000,severn-trent:SVT00558,severn-trent,2026-09-17T04:21:30Z,2026-09-17T04:22:00Z,1,hub,2026-09-17T11:32:49Z,2026-09-17T11:32:49Z,true
severn-trent:SVT00559:1788491601000,severn-trent:SVT00559,severn-trent,2026-09-04T03:13:21Z,2026-09-04T05:41:51Z,149,hub,2026-09-17T00:49:00Z,2026-09-17T00:49:00Z,true
severn-trent:SVT00561:1789653172000,severn-trent:SVT00561,severn-trent,2026-09-17T13:52:52Z,2026-09-17T14:03:42Z,11,hub,2026-09-17T15:38:08Z,2026-09-17T15:38:08Z,true
severn-trent:SVT00563:1789270656000,severn-trent:SVT00563,severn-trent,2026-09-13T03:37:36Z,2026-09-16T09:01:06Z,4644,hub,2026-09-17T00:49:00Z,2026-09-17T00:49:00Z,true
severn-trent:SVT00570:1788499859000,severn-trent:SVT00570,severn-trent,2026-09-04T05:30:59Z,2026-09-04T07:11:11Z,100,hub,2026-09-17T00:49:00Z,2026-09-17T00:49:00Z,true
severn-trent:SVT00575:1788928091000,severn-trent:SVT00575,severn-trent,2026-09-09T04:28:11Z,2026-09-09T04:59:24Z,31,hub,2026-09-17T00:49:00Z,2026-09-17T00:49:00Z,true
severn-trent:SVT00576:1789319439000,severn-trent:SVT00576,severn-trent,2026-09-13T17:10:39Z,2026-09-13T17:15:30Z,5,hub,2026-09-17T00:49:00Z,2026-09-17T00:49:00Z,true
severn-trent:SVT00578:1788263700000,severn-trent:SVT00578,severn-trent,2026-09-01T11:55:00Z,2026-09-01T13:14:47Z,80,hub,2026-09-17T00:49:00Z,2026-09-17T00:49:00Z,true
severn-trent:SVT00583:1788351336000,severn-trent:SVT00583,severn-trent,2026-09-02T12:15:36Z,2026-09-02T12:16:50Z,1,hub,2026-09-17T00:49:00Z,2026-09-17T00:49:00Z,true
severn-trent:SVT00584:1788485013000,severn-trent:SVT00584,severn-trent,2026-09-04T01:23:33Z,2026-09-04T03:02:20Z,99,hub,2026-09-17T00:49:00Z,2026-09-17T00:49:00Z,true
severn-trent:SVT00585:1788949170000,severn-trent:SVT00585,severn-trent,2026-09-09T10:19:30Z,2026-09-09T10:30:42Z,11,hub,2026-09-17T00:49:00Z,2026-09-17T00:49:00Z,true
severn-trent:SVT00593:1788494271000,severn-trent:SVT00593,severn-trent,2026-09-04T03:57:51Z,2026-09-04T04:36:28Z,39,hub,2026-09-17T00:49:00Z,2026-09-17T00:49:00Z,true
severn-trent:SVT00597:1788497930000,severn-trent:SVT00597,severn-trent,2026-09-04T04:58:50Z,2026-09-04T17:35:00Z,756,hub,2026-09-17T00:49:00Z,2026-09-17T00:49:00Z,true
severn-trent:SVT00598:1788500897000,severn-trent:SVT00598,severn-trent,2026-09-04T05:48:17Z,2026-09-04T06:05:53Z,18,hub,2026-09-17T00:49:00Z,2026-09-17T00:49:00Z,true
severn-trent:SVT00609:1788498054000,severn-trent:SVT00609,severn-trent,2026-09-04T05:00:54Z,2026-09-04T05:11:36Z,11,hub,2026-09-17T00:49:00Z,2026-09-17T00:49:00Z,true
severn-trent:SVT00611:1788500589000,severn-trent:SVT00611,severn-trent,2026-09-04T05:43:09Z,2026-09-04T08:24:33Z,161,hub,2026-09-17T00:49:00Z,2026-09-17T00:49:00Z,true
severn-trent:SVT00615:1788514783000,severn-trent:SVT00615,severn-trent,2026-09-04T09:39:43Z,2026-09-04T10:28:36Z,49,hub,2026-09-17T00:49:00Z,2026-09-17T00:49:00Z,true
severn-trent:SVT00618:1788498925000,severn-trent:SVT00618,severn-trent,2026-09-04T05:15:25Z,2026-09-04T05:17:19Z,2,hub,2026-09-17T00:49:00Z,2026-09-17T00:49:00Z,true
severn-trent:SVT00619:1788492152000,severn-trent:SVT00619,severn-trent,2026-09-04T03:22:32Z,2026-09-04T03:37:31Z,15,hub,2026-09-17T00:49:00Z,2026-09-17T00:49:00Z,true
severn-trent:SVT00624:1789269255000,severn-trent:SVT00624,severn-trent,2026-09-13T03:14:15Z,2026-09-13T03:15:00Z,1,hub,2026-09-17T00:49:00Z,2026-09-17T00:49:00Z,true
severn-trent:SVT00628:1788498940000,severn-trent:SVT00628,severn-trent,2026-09-04T05:15:40Z,2026-09-04T05:23:09Z,7,hub,2026-09-17T00:49:00Z,2026-09-17T00:49:00Z,true
severn-trent:SVT00634:1788489610000,severn-trent:SVT00634,severn-trent,2026-09-04T02:40:10Z,2026-09-04T03:44:38Z,64,hub,2026-09-17T00:49:00Z,2026-09-17T00:49:00Z,true
severn-trent:SVT00638:1788492772000,severn-trent:SVT00638,severn-trent,2026-09-04T03:32:52Z,2026-09-04T09:37:52Z,365,hub,2026-09-17T00:49:00Z,2026-09-17T00:49:00Z,true
severn-trent:SVT00645:1788492455000,severn-trent:SVT00645,severn-trent,2026-09-04T03:27:35Z,2026-09-04T10:49:21Z,442,hub,2026-09-17T00:49:00Z,2026-09-17T00:49:00Z,true
severn-trent:SVT00646:1788493846000,severn-trent:SVT00646,severn-trent,2026-09-04T03:50:46Z,2026-09-04T03:54:17Z,4,hub,2026-09-17T00:49:00Z,2026-09-17T00:49:00Z,true
severn-trent:SVT00647:1789267335000,severn-trent:SVT00647,severn-trent,2026-09-13T02:42:15Z,2026-09-13T03:09:11Z,27,hub,2026-09-17T00:49:00Z,2026-09-17T00:49:00Z,true
severn-trent:SVT00648:1788501652000,severn-trent:SVT00648,severn-trent,2026-09-04T06:00:52Z,2026-09-04T09:51:10Z,230,hub,2026-09-17T00:49:00Z,2026-09-17T00:49:00Z,true
severn-trent:SVT00652:1788497854000,severn-trent:SVT00652,severn-trent,2026-09-04T04:57:34Z,2026-09-04T05:02:50Z,5,hub,2026-09-17T00:49:00Z,2026-09-17T00:49:00Z,true
severn-trent:SVT00655:1788497178000,severn-trent:SVT00655,severn-trent,2026-09-04T04:46:18Z,2026-09-04T05:08:48Z,23,hub,2026-09-17T00:49:00Z,2026-09-17T00:49:00Z,true
severn-trent:SVT00657:1788494274000,severn-trent:SVT00657,severn-trent,2026-09-04T03:57:54Z,2026-09-04T04:30:19Z,32,hub,2026-09-17T00:49:00Z,2026-09-17T00:49:00Z,true
severn-trent:SVT00667:1788491221000,severn-trent:SVT00667,severn-trent,2026-09-04T03:07:01Z,2026-09-04T04:06:19Z,59,hub,2026-09-17T00:49:00Z,2026-09-17T00:49:00Z,true
severn-trent:SVT00672:1788744336000,severn-trent:SVT00672,severn-trent,2026-09-07T01:25:36Z,2026-09-07T01:28:25Z,3,hub,2026-09-17T00:49:00Z,2026-09-17T00:49:00Z,true
severn-trent:SVT00673:1789269932000,severn-trent:SVT00673,severn-trent,2026-09-13T03:25:32Z,2026-09-13T04:23:00Z,57,hub,2026-09-17T00:49:00Z,2026-09-17T00:49:00Z,true
severn-trent:SVT00676:1788487224000,severn-trent:SVT00676,severn-trent,2026-09-04T02:00:24Z,2026-09-04T03:30:30Z,90,hub,2026-09-17T00:49:00Z,2026-09-17T00:49:00Z,true
severn-trent:SVT00683:1788486845000,severn-trent:SVT00683,severn-trent,2026-09-04T01:54:05Z,2026-09-04T02:56:34Z,62,hub,2026-09-17T00:49:00Z,2026-09-17T00:49:00Z,true
severn-trent:SVT00684:1789339625000,severn-trent:SVT00684,severn-trent,2026-09-13T22:47:05Z,2026-09-13T23:41:07Z,54,hub,2026-09-17T00:49:00Z,2026-09-17T00:49:00Z,true
severn-trent:SVT00686:1788497383000,severn-trent:SVT00686,severn-trent,2026-09-04T04:49:43Z,2026-09-04T05:00:00Z,10,hub,2026-09-17T00:49:00Z,2026-09-17T00:49:00Z,true
severn-trent:SVT00694:1788498796000,severn-trent:SVT00694,severn-trent,2026-09-04T05:13:16Z,2026-09-04T05:39:59Z,27,hub,2026-09-17T00:49:00Z,2026-09-17T00:49:00Z,true
severn-trent:SVT00696:1788497954000,severn-trent:SVT00696,severn-trent,2026-09-04T04:59:14Z,2026-09-04T05:55:10Z,56,hub,2026-09-17T00:49:00Z,2026-09-17T00:49:00Z,true
severn-trent:SVT00700:1788498968000,severn-trent:SVT00700,severn-trent,2026-09-04T05:16:08Z,2026-09-04T05:30:34Z,14,hub,2026-09-17T00:49:00Z,2026-09-17T00:49:00Z,true
severn-trent:SVT00704:1788497222000,severn-trent:SVT00704,severn-trent,2026-09-04T04:47:02Z,2026-09-04T11:23:41Z,397,hub,2026-09-17T00:49:00Z,2026-09-17T00:49:00Z,true
severn-trent:SVT00707:1788504354000,severn-trent:SVT00707,severn-trent,2026-09-04T06:45:54Z,2026-09-04T06:50:05Z,4,hub,2026-09-17T00:49:00Z,2026-09-17T00:49:00Z,true
severn-trent:SVT00707:1789687150000,severn-trent:SVT00707,severn-trent,2026-09-17T23:19:10Z,2026-09-17T23:27:00Z,8,hub,2026-09-18T05:53:28Z,2026-09-18T10:30:40Z,true
severn-trent:SVT00710:1789269926000,severn-trent:SVT00710,severn-trent,2026-09-13T03:25:26Z,2026-09-13T03:58:15Z,33,hub,2026-09-17T00:49:00Z,2026-09-17T00:49:00Z,true
severn-trent:SVT00711:1788500400000,severn-trent:SVT00711,severn-trent,2026-09-04T05:40:00Z,2026-09-04T05:50:00Z,10,hub,2026-09-17T00:49:00Z,2026-09-17T00:49:00Z,true
severn-trent:SVT00712:1788501245000,severn-trent:SVT00712,severn-trent,2026-09-04T05:54:05Z,2026-09-04T06:28:37Z,35,hub,2026-09-17T00:49:00Z,2026-09-17T00:49:00Z,true
severn-trent:SVT00714:1789273424000,severn-trent:SVT00714,severn-trent,2026-09-13T04:23:44Z,2026-09-13T04:33:19Z,10,hub,2026-09-17T00:49:00Z,2026-09-17T00:49:00Z,true
severn-trent:SVT00717:1788495925000,severn-trent:SVT00717,severn-trent,2026-09-04T04:25:25Z,2026-09-04T06:48:55Z,144,hub,2026-09-17T00:49:00Z,2026-09-17T00:49:00Z,true
severn-trent:SVT00718:1788496017000,severn-trent:SVT00718,severn-trent,2026-09-04T04:26:57Z,2026-09-04T06:17:28Z,111,hub,2026-09-17T00:49:00Z,2026-09-17T00:49:00Z,true
severn-trent:SVT00720:1788490185000,severn-trent:SVT00720,severn-trent,2026-09-04T02:49:45Z,2026-09-04T02:53:02Z,3,hub,2026-09-17T00:49:00Z,2026-09-17T00:49:00Z,true
severn-trent:SVT00721:1788486385000,severn-trent:SVT00721,severn-trent,2026-09-04T01:46:25Z,2026-09-04T03:15:43Z,89,hub,2026-09-17T00:49:00Z,2026-09-17T00:49:00Z,true
severn-trent:SVT00722:1788489206000,severn-trent:SVT00722,severn-trent,2026-09-04T02:33:26Z,2026-09-04T03:25:42Z,52,hub,2026-09-17T00:49:00Z,2026-09-17T00:49:00Z,true
severn-trent:SVT00727:1789266702000,severn-trent:SVT00727,severn-trent,2026-09-13T02:31:42Z,2026-09-13T03:50:00Z,78,hub,2026-09-17T00:49:00Z,2026-09-17T00:49:00Z,true
severn-trent:SVT00729:1788500008000,severn-trent:SVT00729,severn-trent,2026-09-04T05:33:28Z,2026-09-04T06:08:59Z,36,hub,2026-09-17T00:49:00Z,2026-09-17T00:49:00Z,true
severn-trent:SVT00731:1788491782000,severn-trent:SVT00731,severn-trent,2026-09-04T03:16:22Z,2026-09-04T03:43:58Z,28,hub,2026-09-17T00:49:00Z,2026-09-17T00:49:00Z,true
severn-trent:SVT00733:1789275646000,severn-trent:SVT00733,severn-trent,2026-09-13T05:00:46Z,2026-09-13T05:25:01Z,24,hub,2026-09-17T00:49:00Z,2026-09-17T00:49:00Z,true
severn-trent:SVT00734:1788499259000,severn-trent:SVT00734,severn-trent,2026-09-04T05:20:59Z,2026-09-04T05:25:07Z,4,hub,2026-09-17T00:49:00Z,2026-09-17T00:49:00Z,true
severn-trent:SVT00734:1789705962000,severn-trent:SVT00734,severn-trent,2026-09-18T04:32:42Z,2026-09-18T05:05:21Z,33,hub,2026-09-18T05:53:28Z,2026-09-18T05:53:28Z,true
severn-trent:SVT00735:1788488789000,severn-trent:SVT00735,severn-trent,2026-09-04T02:26:29Z,2026-09-04T02:55:39Z,29,hub,2026-09-17T00:49:00Z,2026-09-17T00:49:00Z,true
severn-trent:SVT00737:1788488965000,severn-trent:SVT00737,severn-trent,2026-09-04T02:29:25Z,2026-09-04T03:21:53Z,52,hub,2026-09-17T00:49:00Z,2026-09-17T00:49:00Z,true
severn-trent:SVT00740:1788499267000,severn-trent:SVT00740,severn-trent,2026-09-04T05:21:07Z,2026-09-04T06:29:48Z,69,hub,2026-09-17T00:49:00Z,2026-09-17T00:49:00Z,true
severn-trent:SVT00745:1788854199000,severn-trent:SVT00745,severn-trent,2026-09-08T07:56:39Z,2026-09-08T08:05:23Z,9,hub,2026-09-17T00:49:00Z,2026-09-17T00:49:00Z,true
severn-trent:SVT00748:1788488228000,severn-trent:SVT00748,severn-trent,2026-09-04T02:17:08Z,2026-09-04T03:27:23Z,70,hub,2026-09-17T00:49:00Z,2026-09-17T00:49:00Z,true
severn-trent:SVT00756:1788489216000,severn-trent:SVT00756,severn-trent,2026-09-04T02:33:36Z,2026-09-04T03:35:18Z,62,hub,2026-09-17T00:49:00Z,2026-09-17T00:49:00Z,true
severn-trent:SVT00757:1788491335000,severn-trent:SVT00757,severn-trent,2026-09-04T03:08:55Z,2026-09-04T03:11:33Z,3,hub,2026-09-17T00:49:00Z,2026-09-17T00:49:00Z,true
severn-trent:SVT00758:1788490947000,severn-trent:SVT00758,severn-trent,2026-09-04T03:02:27Z,2026-09-04T03:51:08Z,49,hub,2026-09-17T00:49:00Z,2026-09-17T00:49:00Z,true
severn-trent:SVT00760:1788537870000,severn-trent:SVT00760,severn-trent,2026-09-04T16:04:30Z,2026-09-04T16:08:01Z,4,hub,2026-09-17T00:49:00Z,2026-09-17T00:49:00Z,true
severn-trent:SVT00763:1788504777000,severn-trent:SVT00763,severn-trent,2026-09-04T06:52:57Z,2026-09-04T06:57:19Z,4,hub,2026-09-17T00:49:00Z,2026-09-17T00:49:00Z,true
severn-trent:SVT00767:1788500964000,severn-trent:SVT00767,severn-trent,2026-09-04T05:49:24Z,2026-09-04T05:51:16Z,2,hub,2026-09-17T00:49:00Z,2026-09-17T00:49:00Z,true
severn-trent:SVT00768:1789645226000,severn-trent:SVT00768,severn-trent,2026-09-17T11:40:26Z,2026-09-17T11:43:35Z,3,hub,2026-09-17T13:51:58Z,2026-09-17T13:51:58Z,true
severn-trent:SVT00768:1789661427000,severn-trent:SVT00768,severn-trent,2026-09-17T16:10:27Z,2026-09-17T16:15:34Z,5,hub,2026-09-17T19:14:51Z,2026-09-17T19:14:51Z,true
severn-trent:SVT00774:1788498782000,severn-trent:SVT00774,severn-trent,2026-09-04T05:13:02Z,2026-09-04T05:55:45Z,43,hub,2026-09-17T00:49:00Z,2026-09-17T00:49:00Z,true
severn-trent:SVT00774:1789625313000,severn-trent:SVT00774,severn-trent,2026-09-17T06:08:33Z,2026-09-17T06:16:11Z,8,hub,2026-09-17T11:32:49Z,2026-09-17T11:32:49Z,true
severn-trent:SVT00776:1788493132000,severn-trent:SVT00776,severn-trent,2026-09-04T03:38:52Z,2026-09-04T04:17:30Z,39,hub,2026-09-17T00:49:00Z,2026-09-17T00:49:00Z,true
severn-trent:SVT00778:1789272322000,severn-trent:SVT00778,severn-trent,2026-09-13T04:05:22Z,2026-09-13T05:39:09Z,94,hub,2026-09-17T00:49:00Z,2026-09-17T00:49:00Z,true
severn-trent:SVT00780:1788496100000,severn-trent:SVT00780,severn-trent,2026-09-04T04:28:20Z,2026-09-04T10:55:46Z,387,hub,2026-09-17T00:49:00Z,2026-09-17T00:49:00Z,true
severn-trent:SVT00782:1788501088000,severn-trent:SVT00782,severn-trent,2026-09-04T05:51:28Z,2026-09-04T06:44:06Z,53,hub,2026-09-17T00:49:00Z,2026-09-17T00:49:00Z,true
severn-trent:SVT00791:1789337829000,severn-trent:SVT00791,severn-trent,2026-09-13T22:17:09Z,2026-09-13T22:52:02Z,35,hub,2026-09-17T00:49:00Z,2026-09-17T00:49:00Z,true
severn-trent:SVT00798:1789469688000,severn-trent:SVT00798,severn-trent,2026-09-15T10:54:48Z,2026-09-15T11:04:50Z,10,hub,2026-09-17T00:49:00Z,2026-09-17T00:49:00Z,true
severn-trent:SVT00802:1788507746000,severn-trent:SVT00802,severn-trent,2026-09-04T07:42:26Z,2026-09-04T11:52:46Z,250,hub,2026-09-17T00:49:00Z,2026-09-17T00:49:00Z,true
severn-trent:SVT00803:1788492413000,severn-trent:SVT00803,severn-trent,2026-09-04T03:26:53Z,2026-09-04T03:35:44Z,9,hub,2026-09-17T00:49:00Z,2026-09-17T00:49:00Z,true
severn-trent:SVT00806:1788492477000,severn-trent:SVT00806,severn-trent,2026-09-04T03:27:57Z,2026-09-04T07:03:52Z,216,hub,2026-09-17T00:49:00Z,2026-09-17T00:49:00Z,true
severn-trent:SVT00809:1788491980000,severn-trent:SVT00809,severn-trent,2026-09-04T03:19:40Z,2026-09-04T03:34:30Z,15,hub,2026-09-17T00:49:00Z,2026-09-17T00:49:00Z,true
severn-trent:SVT00815:1788502119000,severn-trent:SVT00815,severn-trent,2026-09-04T06:08:39Z,2026-09-04T06:17:37Z,9,hub,2026-09-17T00:49:00Z,2026-09-17T00:49:00Z,true
severn-trent:SVT00818:1788505414000,severn-trent:SVT00818,severn-trent,2026-09-04T07:03:34Z,2026-09-04T07:10:23Z,7,hub,2026-09-17T00:49:00Z,2026-09-17T00:49:00Z,true
severn-trent:SVT00821:1788484881000,severn-trent:SVT00821,severn-trent,2026-09-04T01:21:21Z,2026-09-04T03:35:00Z,134,hub,2026-09-17T00:49:00Z,2026-09-17T00:49:00Z,true
severn-trent:SVT00823:1788515214000,severn-trent:SVT00823,severn-trent,2026-09-04T09:46:54Z,2026-09-04T10:28:17Z,41,hub,2026-09-17T00:49:00Z,2026-09-17T00:49:00Z,true
severn-trent:SVT00824:1788495205000,severn-trent:SVT00824,severn-trent,2026-09-04T04:13:25Z,2026-09-04T04:16:05Z,3,hub,2026-09-17T00:49:00Z,2026-09-17T00:49:00Z,true
severn-trent:SVT00826:1788492571000,severn-trent:SVT00826,severn-trent,2026-09-04T03:29:31Z,2026-09-04T04:29:53Z,60,hub,2026-09-17T00:49:00Z,2026-09-17T00:49:00Z,true
severn-trent:SVT00828:1788848002000,severn-trent:SVT00828,severn-trent,2026-09-08T06:13:22Z,2026-09-08T07:02:29Z,49,hub,2026-09-17T00:49:00Z,2026-09-17T00:49:00Z,true
severn-trent:SVT00830:1788489997000,severn-trent:SVT00830,severn-trent,2026-09-04T02:46:37Z,2026-09-04T04:06:26Z,80,hub,2026-09-17T00:49:00Z,2026-09-17T00:49:00Z,true
severn-trent:SVT00832:1788493116000,severn-trent:SVT00832,severn-trent,2026-09-04T03:38:36Z,2026-09-04T04:22:44Z,44,hub,2026-09-17T00:49:00Z,2026-09-17T00:49:00Z,true
severn-trent:SVT00833:1788492271000,severn-trent:SVT00833,severn-trent,2026-09-04T03:24:31Z,2026-09-04T04:02:36Z,38,hub,2026-09-17T00:49:00Z,2026-09-17T00:49:00Z,true
severn-trent:SVT00834:1788493727000,severn-trent:SVT00834,severn-trent,2026-09-04T03:48:47Z,2026-09-04T04:52:28Z,64,hub,2026-09-17T00:49:00Z,2026-09-17T00:49:00Z,true
severn-trent:SVT00836:1788491768000,severn-trent:SVT00836,severn-trent,2026-09-04T03:16:08Z,2026-09-04T03:46:51Z,31,hub,2026-09-17T00:49:00Z,2026-09-17T00:49:00Z,true
severn-trent:SVT00837:1788485557000,severn-trent:SVT00837,severn-trent,2026-09-04T01:32:37Z,2026-09-04T04:31:39Z,179,hub,2026-09-17T00:49:00Z,2026-09-17T00:49:00Z,true
severn-trent:SVT00838:1789045166000,severn-trent:SVT00838,severn-trent,2026-09-10T12:59:26Z,2026-09-10T13:15:35Z,16,hub,2026-09-17T00:49:00Z,2026-09-17T00:49:00Z,true
severn-trent:SVT00840:1788505167000,severn-trent:SVT00840,severn-trent,2026-09-04T06:59:27Z,2026-09-04T12:22:08Z,323,hub,2026-09-17T00:49:00Z,2026-09-17T00:49:00Z,true
severn-trent:SVT00842:1788485307000,severn-trent:SVT00842,severn-trent,2026-09-04T01:28:27Z,2026-09-04T01:59:33Z,31,hub,2026-09-17T00:49:00Z,2026-09-17T00:49:00Z,true
severn-trent:SVT00848:1788488550000,severn-trent:SVT00848,severn-trent,2026-09-04T02:22:30Z,2026-09-04T03:34:55Z,72,hub,2026-09-17T00:49:00Z,2026-09-17T00:49:00Z,true
severn-trent:SVT00849:1789594746000,severn-trent:SVT00849,severn-trent,2026-09-16T21:39:06Z,2026-09-16T21:45:00Z,6,hub,2026-09-17T00:49:00Z,2026-09-17T00:49:00Z,true
severn-trent:SVT00857:1788480434000,severn-trent:SVT00857,severn-trent,2026-09-04T00:07:14Z,2026-09-04T00:27:36Z,20,hub,2026-09-17T00:49:00Z,2026-09-17T00:49:00Z,true
severn-trent:SVT00858:1788484737000,severn-trent:SVT00858,severn-trent,2026-09-04T01:18:57Z,2026-09-04T03:28:45Z,130,hub,2026-09-17T00:49:00Z,2026-09-17T00:49:00Z,true
severn-trent:SVT00862:1788489609000,severn-trent:SVT00862,severn-trent,2026-09-04T02:40:09Z,2026-09-04T03:05:00Z,25,hub,2026-09-17T00:49:00Z,2026-09-17T00:49:00Z,true
severn-trent:SVT00863:1788493425000,severn-trent:SVT00863,severn-trent,2026-09-04T03:43:45Z,2026-09-04T07:21:19Z,218,hub,2026-09-17T00:49:00Z,2026-09-17T00:49:00Z,true
severn-trent:SVT00866:1788487164000,severn-trent:SVT00866,severn-trent,2026-09-04T01:59:24Z,2026-09-04T10:50:00Z,531,hub,2026-09-17T00:49:00Z,2026-09-17T00:49:00Z,true
severn-trent:SVT00869:1788489703000,severn-trent:SVT00869,severn-trent,2026-09-04T02:41:43Z,2026-09-04T03:40:50Z,59,hub,2026-09-17T00:49:00Z,2026-09-17T00:49:00Z,true
severn-trent:SVT00872:1788488895000,severn-trent:SVT00872,severn-trent,2026-09-04T02:28:15Z,2026-09-04T07:24:50Z,297,hub,2026-09-17T00:49:00Z,2026-09-17T00:49:00Z,true
severn-trent:SVT00874:1788482942000,severn-trent:SVT00874,severn-trent,2026-09-04T00:49:02Z,2026-09-04T03:29:48Z,161,hub,2026-09-17T00:49:00Z,2026-09-17T00:49:00Z,true
severn-trent:SVT00878:1788502631000,severn-trent:SVT00878,severn-trent,2026-09-04T06:17:11Z,2026-09-04T07:05:00Z,48,hub,2026-09-17T00:49:00Z,2026-09-17T00:49:00Z,true
severn-trent:SVT00887:1788490023000,severn-trent:SVT00887,severn-trent,2026-09-04T02:47:03Z,2026-09-04T04:03:41Z,77,hub,2026-09-17T00:49:00Z,2026-09-17T00:49:00Z,true
severn-trent:SVT00893:1788495907000,severn-trent:SVT00893,severn-trent,2026-09-04T04:25:07Z,2026-09-04T04:56:40Z,32,hub,2026-09-17T00:49:00Z,2026-09-17T00:49:00Z,true
severn-trent:SVT00897:1789264401000,severn-trent:SVT00897,severn-trent,2026-09-13T01:53:21Z,2026-09-13T02:04:39Z,11,hub,2026-09-17T00:49:00Z,2026-09-17T00:49:00Z,true
severn-trent:SVT00909:1788519300000,severn-trent:SVT00909,severn-trent,2026-09-04T10:55:00Z,2026-09-04T11:09:21Z,14,hub,2026-09-17T00:49:00Z,2026-09-17T00:49:00Z,true
severn-trent:SVT00911:1788493097000,severn-trent:SVT00911,severn-trent,2026-09-04T03:38:17Z,2026-09-04T08:11:19Z,273,hub,2026-09-17T00:49:00Z,2026-09-17T00:49:00Z,true
severn-trent:SVT00917:1788490064000,severn-trent:SVT00917,severn-trent,2026-09-04T02:47:44Z,2026-09-04T03:15:55Z,28,hub,2026-09-17T00:49:00Z,2026-09-17T00:49:00Z,true
severn-trent:SVT00918:1788489407000,severn-trent:SVT00918,severn-trent,2026-09-04T02:36:47Z,2026-09-04T03:32:05Z,55,hub,2026-09-17T00:49:00Z,2026-09-17T00:49:00Z,true
severn-trent:SVT00928:1788502600000,severn-trent:SVT00928,severn-trent,2026-09-04T06:16:40Z,2026-09-04T06:35:00Z,18,hub,2026-09-17T00:49:00Z,2026-09-17T00:49:00Z,true
severn-trent:SVT00931:1788483493000,severn-trent:SVT00931,severn-trent,2026-09-04T00:58:13Z,2026-09-04T03:53:55Z,176,hub,2026-09-17T00:49:00Z,2026-09-17T00:49:00Z,true
severn-trent:SVT00932:1788488733000,severn-trent:SVT00932,severn-trent,2026-09-04T02:25:33Z,2026-09-04T04:33:09Z,128,hub,2026-09-17T00:49:00Z,2026-09-17T00:49:00Z,true
severn-trent:SVT00933:1788487769000,severn-trent:SVT00933,severn-trent,2026-09-04T02:09:29Z,2026-09-04T09:51:56Z,462,hub,2026-09-17T00:49:00Z,2026-09-17T00:49:00Z,true
severn-trent:SVT00934:1789212134000,severn-trent:SVT00934,severn-trent,2026-09-12T11:22:14Z,2026-09-12T12:02:37Z,40,hub,2026-09-17T00:49:00Z,2026-09-17T00:49:00Z,true
severn-trent:SVT00934:1789625842000,severn-trent:SVT00934,severn-trent,2026-09-17T06:17:22Z,2026-09-17T07:01:21Z,44,hub,2026-09-17T11:32:49Z,2026-09-17T11:32:49Z,true
severn-trent:SVT00934:1789747788000,severn-trent:SVT00934,severn-trent,2026-09-18T16:09:48Z,2026-09-18T17:24:19Z,75,hub,2026-09-18T17:51:51Z,2026-09-18T17:51:51Z,true
severn-trent:SVT00935:1789271991000,severn-trent:SVT00935,severn-trent,2026-09-13T03:59:51Z,2026-09-13T04:11:45Z,12,hub,2026-09-17T00:49:00Z,2026-09-17T00:49:00Z,true
severn-trent:SVT00936:1788485586000,severn-trent:SVT00936,severn-trent,2026-09-04T01:33:06Z,2026-09-04T01:56:25Z,23,hub,2026-09-17T00:49:00Z,2026-09-17T00:49:00Z,true
severn-trent:SVT00938:1788500314000,severn-trent:SVT00938,severn-trent,2026-09-04T05:38:34Z,2026-09-04T07:22:43Z,104,hub,2026-09-17T00:49:00Z,2026-09-17T00:49:00Z,true
severn-trent:SVT00939:1789543319000,severn-trent:SVT00939,severn-trent,2026-09-16T07:21:59Z,2026-09-16T07:22:00Z,0,hub,2026-09-17T00:49:00Z,2026-09-17T00:49:00Z,true
severn-trent:SVT00940:1788490982000,severn-trent:SVT00940,severn-trent,2026-09-04T03:03:02Z,2026-09-04T09:14:25Z,371,hub,2026-09-17T00:49:00Z,2026-09-17T00:49:00Z,true
severn-trent:SVT00943:1788496374000,severn-trent:SVT00943,severn-trent,2026-09-04T04:32:54Z,2026-09-04T06:48:37Z,136,hub,2026-09-17T00:49:00Z,2026-09-17T00:49:00Z,true
severn-trent:SVT00947:1788494174000,severn-trent:SVT00947,severn-trent,2026-09-04T03:56:14Z,2026-09-04T04:05:24Z,9,hub,2026-09-17T00:49:00Z,2026-09-17T00:49:00Z,true
severn-trent:SVT00949:1788492387000,severn-trent:SVT00949,severn-trent,2026-09-04T03:26:27Z,2026-09-04T03:35:05Z,9,hub,2026-09-17T00:49:00Z,2026-09-17T00:49:00Z,true
severn-trent:SVT00953:1788495909000,severn-trent:SVT00953,severn-trent,2026-09-04T04:25:09Z,2026-09-04T04:47:40Z,23,hub,2026-09-17T00:49:00Z,2026-09-17T00:49:00Z,true
severn-trent:SVT00958:1788501820000,severn-trent:SVT00958,severn-trent,2026-09-04T06:03:40Z,2026-09-04T06:51:25Z,48,hub,2026-09-17T00:49:00Z,2026-09-17T00:49:00Z,true
severn-trent:SVT00969:1788814633000,severn-trent:SVT00969,severn-trent,2026-09-07T20:57:13Z,2026-09-07T21:00:00Z,3,hub,2026-09-17T00:49:00Z,2026-09-17T00:49:00Z,true
severn-trent:SVT00973:1788489640000,severn-trent:SVT00973,severn-trent,2026-09-04T02:40:40Z,2026-09-04T02:58:58Z,18,hub,2026-09-17T00:49:00Z,2026-09-17T00:49:00Z,true
severn-trent:SVT00975:1788491793000,severn-trent:SVT00975,severn-trent,2026-09-04T03:16:33Z,2026-09-04T03:37:35Z,21,hub,2026-09-17T00:49:00Z,2026-09-17T00:49:00Z,true
severn-trent:SVT00977:1788501016000,severn-trent:SVT00977,severn-trent,2026-09-04T05:50:16Z,2026-09-04T11:44:05Z,354,hub,2026-09-17T00:49:00Z,2026-09-17T00:49:00Z,true
severn-trent:SVT00981:1789267289000,severn-trent:SVT00981,severn-trent,2026-09-13T02:41:29Z,2026-09-13T03:22:55Z,41,hub,2026-09-17T00:49:00Z,2026-09-17T00:49:00Z,true
severn-trent:SVT00985:1788503121000,severn-trent:SVT00985,severn-trent,2026-09-04T06:25:21Z,2026-09-04T07:00:20Z,35,hub,2026-09-17T00:49:00Z,2026-09-17T00:49:00Z,true
severn-trent:SVT00986:1788497472000,severn-trent:SVT00986,severn-trent,2026-09-04T04:51:12Z,2026-09-04T08:46:16Z,235,hub,2026-09-17T00:49:00Z,2026-09-17T00:49:00Z,true
severn-trent:SVT00990:1788489763000,severn-trent:SVT00990,severn-trent,2026-09-04T02:42:43Z,2026-09-04T03:04:22Z,22,hub,2026-09-17T00:49:00Z,2026-09-17T00:49:00Z,true
severn-trent:SVT00994:1788503179000,severn-trent:SVT00994,severn-trent,2026-09-04T06:26:19Z,2026-09-04T19:19:00Z,773,hub,2026-09-17T00:49:00Z,2026-09-17T00:49:00Z,true
severn-trent:SVT00996:1788491346000,severn-trent:SVT00996,severn-trent,2026-09-04T03:09:06Z,2026-09-04T03:34:35Z,25,hub,2026-09-17T00:49:00Z,2026-09-17T00:49:00Z,true
severn-trent:SVT00998:1788492144000,severn-trent:SVT00998,severn-trent,2026-09-04T03:22:24Z,2026-09-04T03:39:58Z,18,hub,2026-09-17T00:49:00Z,2026-09-17T00:49:00Z,true
severn-trent:SVT01002:1788488985000,severn-trent:SVT01002,severn-trent,2026-09-04T02:29:45Z,2026-09-04T11:16:34Z,527,hub,2026-09-17T00:49:00Z,2026-09-17T00:49:00Z,true
severn-trent:SVT01003:1789328496000,severn-trent:SVT01003,severn-trent,2026-09-13T19:41:36Z,2026-09-13T19:51:45Z,10,hub,2026-09-17T00:49:00Z,2026-09-17T00:49:00Z,true
severn-trent:SVT01006:1789267481000,severn-trent:SVT01006,severn-trent,2026-09-13T02:44:41Z,2026-09-13T02:46:22Z,2,hub,2026-09-17T00:49:00Z,2026-09-17T00:49:00Z,true
severn-trent:SVT01007:1788490059000,severn-trent:SVT01007,severn-trent,2026-09-04T02:47:39Z,2026-09-04T03:47:40Z,60,hub,2026-09-17T00:49:00Z,2026-09-17T00:49:00Z,true
severn-trent:SVT01009:1788491218000,severn-trent:SVT01009,severn-trent,2026-09-04T03:06:58Z,2026-09-04T03:11:12Z,4,hub,2026-09-17T00:49:00Z,2026-09-17T00:49:00Z,true
severn-trent:SVT01011:1788493686000,severn-trent:SVT01011,severn-trent,2026-09-04T03:48:06Z,2026-09-04T04:42:12Z,54,hub,2026-09-17T00:49:00Z,2026-09-17T00:49:00Z,true
severn-trent:SVT01012:1788506966000,severn-trent:SVT01012,severn-trent,2026-09-04T07:29:26Z,2026-09-04T07:37:05Z,8,hub,2026-09-17T00:49:00Z,2026-09-17T00:49:00Z,true
severn-trent:SVT01018:1788487760000,severn-trent:SVT01018,severn-trent,2026-09-04T02:09:20Z,2026-09-04T03:18:43Z,69,hub,2026-09-17T00:49:00Z,2026-09-17T00:49:00Z,true
severn-trent:SVT01020:1789012449000,severn-trent:SVT01020,severn-trent,2026-09-10T03:54:09Z,2026-09-10T04:00:00Z,6,hub,2026-09-17T00:49:00Z,2026-09-17T00:49:00Z,true
severn-trent:SVT01023:1788486269000,severn-trent:SVT01023,severn-trent,2026-09-04T01:44:29Z,2026-09-04T03:18:11Z,94,hub,2026-09-17T00:49:00Z,2026-09-17T00:49:00Z,true
severn-trent:SVT01025:1789268520000,severn-trent:SVT01025,severn-trent,2026-09-13T03:02:00Z,2026-09-13T03:53:59Z,52,hub,2026-09-17T00:49:00Z,2026-09-17T00:49:00Z,true
severn-trent:SVT01027:1788486931000,severn-trent:SVT01027,severn-trent,2026-09-04T01:55:31Z,2026-09-04T04:08:16Z,133,hub,2026-09-17T00:49:00Z,2026-09-17T00:49:00Z,true
severn-trent:SVT01029:1789276783000,severn-trent:SVT01029,severn-trent,2026-09-13T05:19:43Z,2026-09-13T05:51:23Z,32,hub,2026-09-17T00:49:00Z,2026-09-17T00:49:00Z,true
severn-trent:SVT01031:1788500190000,severn-trent:SVT01031,severn-trent,2026-09-04T05:36:30Z,2026-09-04T07:05:00Z,89,hub,2026-09-17T00:49:00Z,2026-09-17T00:49:00Z,true
severn-trent:SVT01037:1789268155000,severn-trent:SVT01037,severn-trent,2026-09-13T02:55:55Z,2026-09-13T13:20:00Z,624,hub,2026-09-17T00:49:00Z,2026-09-17T00:49:00Z,true
severn-trent:SVT01040:1788496842000,severn-trent:SVT01040,severn-trent,2026-09-04T04:40:42Z,2026-09-04T04:47:07Z,6,hub,2026-09-17T00:49:00Z,2026-09-17T00:49:00Z,true
severn-trent:SVT01048:1788488333000,severn-trent:SVT01048,severn-trent,2026-09-04T02:18:53Z,2026-09-04T03:33:47Z,75,hub,2026-09-17T00:49:00Z,2026-09-17T00:49:00Z,true
severn-trent:SVT01057:1788496168000,severn-trent:SVT01057,severn-trent,2026-09-04T04:29:28Z,2026-09-04T04:33:24Z,4,hub,2026-09-17T00:49:00Z,2026-09-17T00:49:00Z,true
severn-trent:SVT01058:1789270800000,severn-trent:SVT01058,severn-trent,2026-09-13T03:40:00Z,2026-09-13T04:08:49Z,29,hub,2026-09-17T00:49:00Z,2026-09-17T00:49:00Z,true
severn-trent:SVT01059:1789268236000,severn-trent:SVT01059,severn-trent,2026-09-13T02:57:16Z,2026-09-13T03:03:39Z,6,hub,2026-09-17T00:49:00Z,2026-09-17T00:49:00Z,true
severn-trent:SVT01060:1788494157000,severn-trent:SVT01060,severn-trent,2026-09-04T03:55:57Z,2026-09-04T04:25:48Z,30,hub,2026-09-17T00:49:00Z,2026-09-17T00:49:00Z,true
severn-trent:SVT01062:1788504720000,severn-trent:SVT01062,severn-trent,2026-09-04T06:52:00Z,2026-09-04T10:12:40Z,201,hub,2026-09-17T00:49:00Z,2026-09-17T00:49:00Z,true
severn-trent:SVT01065:1788495725000,severn-trent:SVT01065,severn-trent,2026-09-04T04:22:05Z,2026-09-04T06:40:26Z,138,hub,2026-09-17T00:49:00Z,2026-09-17T00:49:00Z,true
severn-trent:SVT01072:1788495780000,severn-trent:SVT01072,severn-trent,2026-09-04T04:23:00Z,2026-09-04T04:26:40Z,4,hub,2026-09-17T00:49:00Z,2026-09-17T00:49:00Z,true
severn-trent:SVT01073:1788925889000,severn-trent:SVT01073,severn-trent,2026-09-09T03:51:29Z,2026-09-09T04:14:23Z,23,hub,2026-09-17T00:49:00Z,2026-09-17T00:49:00Z,true
severn-trent:SVT01073:1789624289000,severn-trent:SVT01073,severn-trent,2026-09-17T05:51:29Z,2026-09-17T06:05:33Z,14,hub,2026-09-17T11:32:49Z,2026-09-17T11:32:49Z,true
severn-trent:SVT01074:1788503100000,severn-trent:SVT01074,severn-trent,2026-09-04T06:25:00Z,2026-09-04T06:59:08Z,34,hub,2026-09-17T00:49:00Z,2026-09-17T00:49:00Z,true
severn-trent:SVT01076:1788492248000,severn-trent:SVT01076,severn-trent,2026-09-04T03:24:08Z,2026-09-04T03:40:24Z,16,hub,2026-09-17T00:49:00Z,2026-09-17T00:49:00Z,true
severn-trent:SVT01080:1788257921000,severn-trent:SVT01080,severn-trent,2026-09-01T10:18:41Z,2026-09-02T12:25:37Z,1567,hub,2026-09-17T00:49:00Z,2026-09-17T00:49:00Z,true
severn-trent:SVT01082:1789624239000,severn-trent:SVT01082,severn-trent,2026-09-17T05:50:39Z,2026-09-17T05:55:15Z,5,hub,2026-09-17T11:32:49Z,2026-09-17T11:32:49Z,true
severn-trent:SVT01091:1788496998000,severn-trent:SVT01091,severn-trent,2026-09-04T04:43:18Z,2026-09-04T05:04:33Z,21,hub,2026-09-17T00:49:00Z,2026-09-17T00:49:00Z,true
severn-trent:SVT01092:1788497062000,severn-trent:SVT01092,severn-trent,2026-09-04T04:44:22Z,2026-09-04T04:50:55Z,7,hub,2026-09-17T00:49:00Z,2026-09-17T00:49:00Z,true
severn-trent:SVT01095:1788501522000,severn-trent:SVT01095,severn-trent,2026-09-04T05:58:42Z,2026-09-04T06:27:26Z,29,hub,2026-09-17T00:49:00Z,2026-09-17T00:49:00Z,true
severn-trent:SVT01099:1788507600000,severn-trent:SVT01099,severn-trent,2026-09-04T07:40:00Z,2026-09-04T07:50:00Z,10,hub,2026-09-17T00:49:00Z,2026-09-17T00:49:00Z,true
severn-trent:SVT01102:1788492458000,severn-trent:SVT01102,severn-trent,2026-09-04T03:27:38Z,2026-09-04T03:32:57Z,5,hub,2026-09-17T00:49:00Z,2026-09-17T00:49:00Z,true
severn-trent:SVT01103:1789339691000,severn-trent:SVT01103,severn-trent,2026-09-13T22:48:11Z,2026-09-13T22:53:28Z,5,hub,2026-09-17T00:49:00Z,2026-09-17T00:49:00Z,true
severn-trent:SVT01109:1788493906000,severn-trent:SVT01109,severn-trent,2026-09-04T03:51:46Z,2026-09-04T04:08:38Z,17,hub,2026-09-17T00:49:00Z,2026-09-17T00:49:00Z,true
severn-trent:SVT01114:1788483652000,severn-trent:SVT01114,severn-trent,2026-09-04T01:00:52Z,2026-09-04T03:47:34Z,167,hub,2026-09-17T00:49:00Z,2026-09-17T00:49:00Z,true
severn-trent:SVT01117:1788491751000,severn-trent:SVT01117,severn-trent,2026-09-04T03:15:51Z,2026-09-04T04:01:29Z,46,hub,2026-09-17T00:49:00Z,2026-09-17T00:49:00Z,true
severn-trent:SVT01120:1788493644000,severn-trent:SVT01120,severn-trent,2026-09-04T03:47:24Z,2026-09-04T03:56:25Z,9,hub,2026-09-17T00:49:00Z,2026-09-17T00:49:00Z,true
severn-trent:SVT01128:1788501205000,severn-trent:SVT01128,severn-trent,2026-09-04T05:53:25Z,2026-09-04T06:31:16Z,38,hub,2026-09-17T00:49:00Z,2026-09-17T00:49:00Z,true
severn-trent:SVT01130:1788490548000,severn-trent:SVT01130,severn-trent,2026-09-04T02:55:48Z,2026-09-04T03:13:47Z,18,hub,2026-09-17T00:49:00Z,2026-09-17T00:49:00Z,true
severn-trent:SVT01133:1788489854000,severn-trent:SVT01133,severn-trent,2026-09-04T02:44:14Z,2026-09-04T03:29:22Z,45,hub,2026-09-17T00:49:00Z,2026-09-17T00:49:00Z,true
severn-trent:SVT01140:1788492278000,severn-trent:SVT01140,severn-trent,2026-09-04T03:24:38Z,2026-09-04T03:27:37Z,3,hub,2026-09-17T00:49:00Z,2026-09-17T00:49:00Z,true
severn-trent:SVT01142:1788926614000,severn-trent:SVT01142,severn-trent,2026-09-09T04:03:34Z,2026-09-09T04:20:40Z,17,hub,2026-09-17T00:49:00Z,2026-09-17T00:49:00Z,true
severn-trent:SVT01142:1789624884000,severn-trent:SVT01142,severn-trent,2026-09-17T06:01:24Z,2026-09-17T06:11:43Z,10,hub,2026-09-17T11:32:49Z,2026-09-17T11:32:49Z,true
severn-trent:SVT01144:1788499884000,severn-trent:SVT01144,severn-trent,2026-09-04T05:31:24Z,2026-09-04T06:15:07Z,44,hub,2026-09-17T00:49:00Z,2026-09-17T00:49:00Z,true
severn-trent:SVT01145:1789268839000,severn-trent:SVT01145,severn-trent,2026-09-13T03:07:19Z,2026-09-13T03:15:03Z,8,hub,2026-09-17T00:49:00Z,2026-09-17T00:49:00Z,true
severn-trent:SVT01149:1788503896000,severn-trent:SVT01149,severn-trent,2026-09-04T06:38:16Z,2026-09-04T10:33:27Z,235,hub,2026-09-17T00:49:00Z,2026-09-17T00:49:00Z,true
severn-trent:SVT01150:1788501955000,severn-trent:SVT01150,severn-trent,2026-09-04T06:05:55Z,2026-09-04T06:26:45Z,21,hub,2026-09-17T00:49:00Z,2026-09-17T00:49:00Z,true
severn-trent:SVT01157:1788490039000,severn-trent:SVT01157,severn-trent,2026-09-04T02:47:19Z,2026-09-04T07:55:20Z,308,hub,2026-09-17T00:49:00Z,2026-09-17T00:49:00Z,true
severn-trent:SVT01163:1788487849000,severn-trent:SVT01163,severn-trent,2026-09-04T02:10:49Z,2026-09-04T03:06:37Z,56,hub,2026-09-17T00:49:00Z,2026-09-17T00:49:00Z,true
severn-trent:SVT01168:1789266330000,severn-trent:SVT01168,severn-trent,2026-09-13T02:25:30Z,2026-09-13T03:10:19Z,45,hub,2026-09-17T00:49:00Z,2026-09-17T00:49:00Z,true
severn-trent:SVT01168:1789743082000,severn-trent:SVT01168,severn-trent,2026-09-18T14:51:22Z,2026-09-18T14:52:00Z,1,hub,2026-09-18T15:28:34Z,2026-09-18T17:51:51Z,true
severn-trent:SVT01179:1789335700000,severn-trent:SVT01179,severn-trent,2026-09-13T21:41:40Z,2026-09-13T21:58:26Z,17,hub,2026-09-17T00:49:00Z,2026-09-17T00:49:00Z,true
severn-trent:SVT01180:1788495208000,severn-trent:SVT01180,severn-trent,2026-09-04T04:13:28Z,2026-09-04T04:40:06Z,27,hub,2026-09-17T00:49:00Z,2026-09-17T00:49:00Z,true
severn-trent:SVT01185:1788492969000,severn-trent:SVT01185,severn-trent,2026-09-04T03:36:09Z,2026-09-04T05:05:00Z,89,hub,2026-09-17T00:49:00Z,2026-09-17T00:49:00Z,true
severn-trent:SVT01186:1788488446000,severn-trent:SVT01186,severn-trent,2026-09-04T02:20:46Z,2026-09-04T04:59:31Z,159,hub,2026-09-17T00:49:00Z,2026-09-17T00:49:00Z,true
severn-trent:SVT01190:1788494408000,severn-trent:SVT01190,severn-trent,2026-09-04T04:00:08Z,2026-09-04T04:02:09Z,2,hub,2026-09-17T00:49:00Z,2026-09-17T00:49:00Z,true
severn-trent:SVT01191:1788505594000,severn-trent:SVT01191,severn-trent,2026-09-04T07:06:34Z,2026-09-04T07:28:05Z,22,hub,2026-09-17T00:49:00Z,2026-09-17T00:49:00Z,true
severn-trent:SVT01194:1789276214000,severn-trent:SVT01194,severn-trent,2026-09-13T05:10:14Z,2026-09-13T05:12:00Z,2,hub,2026-09-17T00:49:00Z,2026-09-17T00:49:00Z,true
severn-trent:SVT01197:1788509997000,severn-trent:SVT01197,severn-trent,2026-09-04T08:19:57Z,2026-09-04T08:25:01Z,5,hub,2026-09-17T00:49:00Z,2026-09-17T00:49:00Z,true
severn-trent:SVT01198:1789458509000,severn-trent:SVT01198,severn-trent,2026-09-15T07:48:29Z,2026-09-15T08:00:00Z,12,hub,2026-09-17T00:49:00Z,2026-09-17T00:49:00Z,true
severn-trent:SVT01200:1788493694000,severn-trent:SVT01200,severn-trent,2026-09-04T03:48:14Z,2026-09-04T07:14:14Z,206,hub,2026-09-17T00:49:00Z,2026-09-17T00:49:00Z,true
severn-trent:SVT01204:1789339784000,severn-trent:SVT01204,severn-trent,2026-09-13T22:49:44Z,2026-09-13T22:52:13Z,2,hub,2026-09-17T00:49:00Z,2026-09-17T00:49:00Z,true
severn-trent:SVT01206:1788492151000,severn-trent:SVT01206,severn-trent,2026-09-04T03:22:31Z,2026-09-04T03:35:49Z,13,hub,2026-09-17T00:49:00Z,2026-09-17T00:49:00Z,true
severn-trent:SVT01207:1788495390000,severn-trent:SVT01207,severn-trent,2026-09-04T04:16:30Z,2026-09-05T07:20:17Z,1624,hub,2026-09-17T00:49:00Z,2026-09-17T00:49:00Z,true
severn-trent:SVT01208:1788492813000,severn-trent:SVT01208,severn-trent,2026-09-04T03:33:33Z,2026-09-04T03:40:21Z,7,hub,2026-09-17T00:49:00Z,2026-09-17T00:49:00Z,true
severn-trent:SVT01209:1788491053000,severn-trent:SVT01209,severn-trent,2026-09-04T03:04:13Z,2026-09-04T03:08:58Z,5,hub,2026-09-17T00:49:00Z,2026-09-17T00:49:00Z,true
severn-trent:SVT01212:1788486830000,severn-trent:SVT01212,severn-trent,2026-09-04T01:53:50Z,2026-09-04T03:04:10Z,70,hub,2026-09-17T00:49:00Z,2026-09-17T00:49:00Z,true
severn-trent:SVT01221:1788485523000,severn-trent:SVT01221,severn-trent,2026-09-04T01:32:03Z,2026-09-04T04:20:00Z,168,hub,2026-09-17T00:49:00Z,2026-09-17T00:49:00Z,true
severn-trent:SVT01224:1789624710000,severn-trent:SVT01224,severn-trent,2026-09-17T05:58:30Z,2026-09-17T06:04:03Z,6,hub,2026-09-17T11:32:49Z,2026-09-17T11:32:49Z,true
severn-trent:SVT01226:1788488830000,severn-trent:SVT01226,severn-trent,2026-09-04T02:27:10Z,2026-09-04T02:30:27Z,3,hub,2026-09-17T00:49:00Z,2026-09-17T00:49:00Z,true
severn-trent:SVT01227:1788488537000,severn-trent:SVT01227,severn-trent,2026-09-04T02:22:17Z,2026-09-04T03:21:33Z,59,hub,2026-09-17T00:49:00Z,2026-09-17T00:49:00Z,true
severn-trent:SVT01233:1789284777000,severn-trent:SVT01233,severn-trent,2026-09-13T07:32:57Z,2026-09-13T07:57:01Z,24,hub,2026-09-17T00:49:00Z,2026-09-17T00:49:00Z,true
severn-trent:SVT01237:1789282236000,severn-trent:SVT01237,severn-trent,2026-09-13T06:50:36Z,2026-09-13T07:49:24Z,59,hub,2026-09-17T00:49:00Z,2026-09-17T00:49:00Z,true
severn-trent:SVT01239:1788492622000,severn-trent:SVT01239,severn-trent,2026-09-04T03:30:22Z,2026-09-04T03:40:28Z,10,hub,2026-09-17T00:49:00Z,2026-09-17T00:49:00Z,true
severn-trent:SVT01240:1788492800000,severn-trent:SVT01240,severn-trent,2026-09-04T03:33:20Z,2026-09-04T03:39:06Z,6,hub,2026-09-17T00:49:00Z,2026-09-17T00:49:00Z,true
severn-trent:SVT01241:1788627233000,severn-trent:SVT01241,severn-trent,2026-09-05T16:53:53Z,2026-09-05T17:35:21Z,41,hub,2026-09-17T00:49:00Z,2026-09-17T00:49:00Z,true
severn-trent:SVT01242:1788679862000,severn-trent:SVT01242,severn-trent,2026-09-06T07:31:02Z,2026-09-06T07:32:39Z,2,hub,2026-09-17T00:49:00Z,2026-09-17T00:49:00Z,true
severn-trent:SVT01249:1788494967000,severn-trent:SVT01249,severn-trent,2026-09-04T04:09:27Z,2026-09-04T04:48:44Z,39,hub,2026-09-17T00:49:00Z,2026-09-17T00:49:00Z,true
severn-trent:SVT01250:1788494276000,severn-trent:SVT01250,severn-trent,2026-09-04T03:57:56Z,2026-09-04T04:09:15Z,11,hub,2026-09-17T00:49:00Z,2026-09-17T00:49:00Z,true
severn-trent:SVT01252:1788506521000,severn-trent:SVT01252,severn-trent,2026-09-04T07:22:01Z,2026-09-04T18:26:32Z,665,hub,2026-09-17T00:49:00Z,2026-09-17T00:49:00Z,true
severn-trent:SVT01254:1788504396000,severn-trent:SVT01254,severn-trent,2026-09-04T06:46:36Z,2026-09-04T09:20:00Z,153,hub,2026-09-17T00:49:00Z,2026-09-17T00:49:00Z,true
severn-trent:SVT01255:1788495263000,severn-trent:SVT01255,severn-trent,2026-09-04T04:14:23Z,2026-09-04T04:15:37Z,1,hub,2026-09-17T00:49:00Z,2026-09-17T00:49:00Z,true
severn-trent:SVT01256:1788495288000,severn-trent:SVT01256,severn-trent,2026-09-04T04:14:48Z,2026-09-04T04:15:13Z,0,hub,2026-09-17T00:49:00Z,2026-09-17T00:49:00Z,true
severn-trent:SVT01257:1788494273000,severn-trent:SVT01257,severn-trent,2026-09-04T03:57:53Z,2026-09-04T04:46:04Z,48,hub,2026-09-17T00:49:00Z,2026-09-17T00:49:00Z,true
severn-trent:SVT01259:1788484969000,severn-trent:SVT01259,severn-trent,2026-09-04T01:22:49Z,2026-09-04T11:02:51Z,580,hub,2026-09-17T00:49:00Z,2026-09-17T00:49:00Z,true
severn-trent:SVT01267:1788487257000,severn-trent:SVT01267,severn-trent,2026-09-04T02:00:57Z,2026-09-04T03:13:01Z,72,hub,2026-09-17T00:49:00Z,2026-09-17T00:49:00Z,true
severn-trent:SVT01268:1788490362000,severn-trent:SVT01268,severn-trent,2026-09-04T02:52:42Z,2026-09-04T03:12:59Z,20,hub,2026-09-17T00:49:00Z,2026-09-17T00:49:00Z,true
severn-trent:SVT01269:1788485790000,severn-trent:SVT01269,severn-trent,2026-09-04T01:36:30Z,2026-09-04T01:47:16Z,11,hub,2026-09-17T00:49:00Z,2026-09-17T00:49:00Z,true
severn-trent:SVT01270:1788925873000,severn-trent:SVT01270,severn-trent,2026-09-09T03:51:13Z,2026-09-09T04:19:43Z,29,hub,2026-09-17T00:49:00Z,2026-09-17T00:49:00Z,true
severn-trent:SVT01270:1789624008000,severn-trent:SVT01270,severn-trent,2026-09-17T05:46:48Z,2026-09-17T06:11:22Z,25,hub,2026-09-17T11:32:49Z,2026-09-17T11:32:49Z,true
severn-trent:SVT01273:1788495764000,severn-trent:SVT01273,severn-trent,2026-09-04T04:22:44Z,2026-09-04T04:30:52Z,8,hub,2026-09-17T00:49:00Z,2026-09-17T00:49:00Z,true
severn-trent:SVT01274:1788492706000,severn-trent:SVT01274,severn-trent,2026-09-04T03:31:46Z,2026-09-04T04:04:28Z,33,hub,2026-09-17T00:49:00Z,2026-09-17T00:49:00Z,true
severn-trent:SVT01275:1788495830000,severn-trent:SVT01275,severn-trent,2026-09-04T04:23:50Z,2026-09-04T06:24:32Z,121,hub,2026-09-17T00:49:00Z,2026-09-17T00:49:00Z,true
severn-trent:SVT01276:1789269866000,severn-trent:SVT01276,severn-trent,2026-09-13T03:24:26Z,2026-09-13T03:45:17Z,21,hub,2026-09-17T00:49:00Z,2026-09-17T00:49:00Z,true
severn-trent:SVT01281:1788499475000,severn-trent:SVT01281,severn-trent,2026-09-04T05:24:35Z,2026-09-04T06:09:43Z,45,hub,2026-09-17T00:49:00Z,2026-09-17T00:49:00Z,true
severn-trent:SVT01288:1789592599000,severn-trent:SVT01288,severn-trent,2026-09-16T21:03:19Z,2026-09-16T22:56:33Z,113,hub,2026-09-17T00:49:00Z,2026-09-17T00:49:00Z,true
severn-trent:SVT01289:1789557934000,severn-trent:SVT01289,severn-trent,2026-09-16T11:25:34Z,2026-09-16T11:29:22Z,4,hub,2026-09-17T00:49:00Z,2026-09-17T00:49:00Z,true
severn-trent:SVT01290:1788491053000,severn-trent:SVT01290,severn-trent,2026-09-04T03:04:13Z,2026-09-04T03:12:41Z,8,hub,2026-09-17T00:49:00Z,2026-09-17T00:49:00Z,true
severn-trent:SVT01291:1788491991000,severn-trent:SVT01291,severn-trent,2026-09-04T03:19:51Z,2026-09-04T03:52:45Z,33,hub,2026-09-17T00:49:00Z,2026-09-17T00:49:00Z,true
severn-trent:SVT01292:1788492754000,severn-trent:SVT01292,severn-trent,2026-09-04T03:32:34Z,2026-09-04T03:47:34Z,15,hub,2026-09-17T00:49:00Z,2026-09-17T00:49:00Z,true
severn-trent:SVT01293:1788489948000,severn-trent:SVT01293,severn-trent,2026-09-04T02:45:48Z,2026-09-04T07:58:22Z,313,hub,2026-09-17T00:49:00Z,2026-09-17T00:49:00Z,true
severn-trent:SVT01294:1788496619000,severn-trent:SVT01294,severn-trent,2026-09-04T04:36:59Z,2026-09-04T04:39:39Z,3,hub,2026-09-17T00:49:00Z,2026-09-17T00:49:00Z,true
severn-trent:SVT01295:1788503539000,severn-trent:SVT01295,severn-trent,2026-09-04T06:32:19Z,2026-09-04T07:39:53Z,68,hub,2026-09-17T00:49:00Z,2026-09-17T00:49:00Z,true
severn-trent:SVT01296:1788493376000,severn-trent:SVT01296,severn-trent,2026-09-04T03:42:56Z,2026-09-04T03:53:52Z,11,hub,2026-09-17T00:49:00Z,2026-09-17T00:49:00Z,true
severn-trent:SVT01298:1789269435000,severn-trent:SVT01298,severn-trent,2026-09-13T03:17:15Z,2026-09-13T03:39:27Z,22,hub,2026-09-17T00:49:00Z,2026-09-17T00:49:00Z,true
severn-trent:SVT01301:1788342074000,severn-trent:SVT01301,severn-trent,2026-09-02T09:41:14Z,2026-09-02T09:45:08Z,4,hub,2026-09-17T00:49:00Z,2026-09-17T00:49:00Z,true
severn-trent:SVT01302:1788485152000,severn-trent:SVT01302,severn-trent,2026-09-04T01:25:52Z,2026-09-04T15:50:00Z,864,hub,2026-09-17T00:49:00Z,2026-09-17T00:49:00Z,true
severn-trent:SVT01303:1788488888000,severn-trent:SVT01303,severn-trent,2026-09-04T02:28:08Z,2026-09-04T02:39:12Z,11,hub,2026-09-17T00:49:00Z,2026-09-17T00:49:00Z,true
severn-trent:SVT01317:1788491863000,severn-trent:SVT01317,severn-trent,2026-09-04T03:17:43Z,2026-09-04T03:35:00Z,17,hub,2026-09-17T00:49:00Z,2026-09-17T00:49:00Z,true
severn-trent:SVT01320:1788493200000,severn-trent:SVT01320,severn-trent,2026-09-04T03:40:00Z,2026-09-04T05:11:39Z,92,hub,2026-09-17T00:49:00Z,2026-09-17T00:49:00Z,true
severn-trent:SVT01322:1789262312000,severn-trent:SVT01322,severn-trent,2026-09-13T01:18:32Z,2026-09-13T04:20:00Z,181,hub,2026-09-17T00:49:00Z,2026-09-17T00:49:00Z,true
severn-trent:SVT01325:1789624481000,severn-trent:SVT01325,severn-trent,2026-09-17T05:54:41Z,2026-09-17T05:59:23Z,5,hub,2026-09-17T11:32:49Z,2026-09-17T11:32:49Z,true
severn-trent:SVT01328:1788495545000,severn-trent:SVT01328,severn-trent,2026-09-04T04:19:05Z,2026-09-04T04:59:34Z,40,hub,2026-09-17T00:49:00Z,2026-09-17T00:49:00Z,true
severn-trent:SVT01331:1789267782000,severn-trent:SVT01331,severn-trent,2026-09-13T02:49:42Z,2026-09-13T03:36:11Z,46,hub,2026-09-17T00:49:00Z,2026-09-17T00:49:00Z,true
severn-trent:SVT01337:1789262987000,severn-trent:SVT01337,severn-trent,2026-09-13T01:29:47Z,2026-09-13T01:32:09Z,2,hub,2026-09-17T00:49:00Z,2026-09-17T00:49:00Z,true
severn-trent:SVT01337:1789629897000,severn-trent:SVT01337,severn-trent,2026-09-17T07:24:57Z,2026-09-17T07:27:37Z,3,hub,2026-09-17T11:32:49Z,2026-09-17T11:32:49Z,true
severn-trent:SVT01338:1788492054000,severn-trent:SVT01338,severn-trent,2026-09-04T03:20:54Z,2026-09-04T03:39:14Z,18,hub,2026-09-17T00:49:00Z,2026-09-17T00:49:00Z,true
severn-trent:SVT01339:1789509705000,severn-trent:SVT01339,severn-trent,2026-09-15T22:01:45Z,2026-09-15T22:55:02Z,53,hub,2026-09-17T00:49:00Z,2026-09-17T00:49:00Z,true
severn-trent:SVT01340:1789509337000,severn-trent:SVT01340,severn-trent,2026-09-15T21:55:37Z,2026-09-15T22:56:31Z,61,hub,2026-09-17T00:49:00Z,2026-09-17T00:49:00Z,true
severn-trent:SVT01341:1789509539000,severn-trent:SVT01341,severn-trent,2026-09-15T21:58:59Z,2026-09-15T22:16:38Z,18,hub,2026-09-17T00:49:00Z,2026-09-17T00:49:00Z,true
severn-trent:SVT01342:1788489486000,severn-trent:SVT01342,severn-trent,2026-09-04T02:38:06Z,2026-09-04T02:46:38Z,9,hub,2026-09-17T00:49:00Z,2026-09-17T00:49:00Z,true
severn-trent:SVT01343:1788485478000,severn-trent:SVT01343,severn-trent,2026-09-04T01:31:18Z,2026-09-04T03:31:30Z,120,hub,2026-09-17T00:49:00Z,2026-09-17T00:49:00Z,true
severn-trent:SVT01344:1788504126000,severn-trent:SVT01344,severn-trent,2026-09-04T06:42:06Z,2026-09-04T06:49:05Z,7,hub,2026-09-17T00:49:00Z,2026-09-17T00:49:00Z,true
severn-trent:SVT01347:1788497264000,severn-trent:SVT01347,severn-trent,2026-09-04T04:47:44Z,2026-09-04T04:52:25Z,5,hub,2026-09-17T00:49:00Z,2026-09-17T00:49:00Z,true
severn-trent:SVT01350:1788493688000,severn-trent:SVT01350,severn-trent,2026-09-04T03:48:08Z,2026-09-04T04:38:29Z,50,hub,2026-09-17T00:49:00Z,2026-09-17T00:49:00Z,true
severn-trent:SVT01353:1788490399000,severn-trent:SVT01353,severn-trent,2026-09-04T02:53:19Z,2026-09-04T03:52:38Z,59,hub,2026-09-17T00:49:00Z,2026-09-17T00:49:00Z,true
severn-trent:SVT01358:1789333501000,severn-trent:SVT01358,severn-trent,2026-09-13T21:05:01Z,2026-09-13T21:46:45Z,42,hub,2026-09-17T00:49:00Z,2026-09-17T00:49:00Z,true
severn-trent:SVT01359:1788499348000,severn-trent:SVT01359,severn-trent,2026-09-04T05:22:28Z,2026-09-04T09:32:25Z,250,hub,2026-09-17T00:49:00Z,2026-09-17T00:49:00Z,true
severn-trent:SVT01360:1789624459000,severn-trent:SVT01360,severn-trent,2026-09-17T05:54:19Z,2026-09-17T06:06:57Z,13,hub,2026-09-17T11:32:49Z,2026-09-17T11:32:49Z,true
severn-trent:SVT01364:1789271054000,severn-trent:SVT01364,severn-trent,2026-09-13T03:44:14Z,2026-09-13T04:15:53Z,32,hub,2026-09-17T00:49:00Z,2026-09-17T00:49:00Z,true
severn-trent:SVT01367:1788487923000,severn-trent:SVT01367,severn-trent,2026-09-04T02:12:03Z,2026-09-04T02:23:12Z,11,hub,2026-09-17T00:49:00Z,2026-09-17T00:49:00Z,true
severn-trent:SVT01371:1788492863000,severn-trent:SVT01371,severn-trent,2026-09-04T03:34:23Z,2026-09-04T04:24:38Z,50,hub,2026-09-17T00:49:00Z,2026-09-17T00:49:00Z,true
severn-trent:SVT01372:1789268377000,severn-trent:SVT01372,severn-trent,2026-09-13T02:59:37Z,2026-09-13T03:32:33Z,33,hub,2026-09-17T00:49:00Z,2026-09-17T00:49:00Z,true
severn-trent:SVT01375:1788497261000,severn-trent:SVT01375,severn-trent,2026-09-04T04:47:41Z,2026-09-04T08:00:36Z,193,hub,2026-09-17T00:49:00Z,2026-09-17T00:49:00Z,true
severn-trent:SVT01383:1788497708000,severn-trent:SVT01383,severn-trent,2026-09-04T04:55:08Z,2026-09-04T05:09:54Z,15,hub,2026-09-17T00:49:00Z,2026-09-17T00:49:00Z,true
severn-trent:SVT01388:1788496328000,severn-trent:SVT01388,severn-trent,2026-09-04T04:32:08Z,2026-09-04T04:37:50Z,6,hub,2026-09-17T00:49:00Z,2026-09-17T00:49:00Z,true
severn-trent:SVT01392:1789267170000,severn-trent:SVT01392,severn-trent,2026-09-13T02:39:30Z,2026-09-13T02:45:00Z,6,hub,2026-09-17T00:49:00Z,2026-09-17T00:49:00Z,true
severn-trent:SVT01395:1788500400000,severn-trent:SVT01395,severn-trent,2026-09-04T05:40:00Z,2026-09-04T06:07:29Z,27,hub,2026-09-17T00:49:00Z,2026-09-17T00:49:00Z,true
severn-trent:SVT01403:1789267572000,severn-trent:SVT01403,severn-trent,2026-09-13T02:46:12Z,2026-09-13T03:26:33Z,40,hub,2026-09-17T00:49:00Z,2026-09-17T00:49:00Z,true
severn-trent:SVT01407:1788512645000,severn-trent:SVT01407,severn-trent,2026-09-04T09:04:05Z,2026-09-04T09:23:48Z,20,hub,2026-09-17T00:49:00Z,2026-09-17T00:49:00Z,true
severn-trent:SVT01409:1788501039000,severn-trent:SVT01409,severn-trent,2026-09-04T05:50:39Z,2026-09-04T06:06:54Z,16,hub,2026-09-17T00:49:00Z,2026-09-17T00:49:00Z,true
severn-trent:SVT01413:1788492933000,severn-trent:SVT01413,severn-trent,2026-09-04T03:35:33Z,2026-09-04T03:55:51Z,20,hub,2026-09-17T00:49:00Z,2026-09-17T00:49:00Z,true
severn-trent:SVT01419:1788495124000,severn-trent:SVT01419,severn-trent,2026-09-04T04:12:04Z,2026-09-04T04:37:04Z,25,hub,2026-09-17T00:49:00Z,2026-09-17T00:49:00Z,true
severn-trent:SVT01420:1788494840000,severn-trent:SVT01420,severn-trent,2026-09-04T04:07:20Z,2026-09-04T13:06:28Z,539,hub,2026-09-17T00:49:00Z,2026-09-17T00:49:00Z,true
severn-trent:SVT01421:1788493577000,severn-trent:SVT01421,severn-trent,2026-09-04T03:46:17Z,2026-09-04T07:56:25Z,250,hub,2026-09-17T00:49:00Z,2026-09-17T00:49:00Z,true
severn-trent:SVT01425:1789266452000,severn-trent:SVT01425,severn-trent,2026-09-13T02:27:32Z,2026-09-13T02:46:52Z,19,hub,2026-09-17T00:49:00Z,2026-09-17T00:49:00Z,true
severn-trent:SVT01429:1789265982000,severn-trent:SVT01429,severn-trent,2026-09-13T02:19:42Z,2026-09-13T03:07:41Z,48,hub,2026-09-17T00:49:00Z,2026-09-17T00:49:00Z,true
severn-trent:SVT01430:1788489241000,severn-trent:SVT01430,severn-trent,2026-09-04T02:34:01Z,2026-09-04T04:21:05Z,107,hub,2026-09-17T00:49:00Z,2026-09-17T00:49:00Z,true
severn-trent:SVT01432:1789266977000,severn-trent:SVT01432,severn-trent,2026-09-13T02:36:17Z,2026-09-13T02:41:51Z,6,hub,2026-09-17T00:49:00Z,2026-09-17T00:49:00Z,true
severn-trent:SVT01445:1789277541000,severn-trent:SVT01445,severn-trent,2026-09-13T05:32:21Z,2026-09-13T07:28:25Z,116,hub,2026-09-17T00:49:00Z,2026-09-17T00:49:00Z,true
severn-trent:SVT01447:1788842400000,severn-trent:SVT01447,severn-trent,2026-09-08T04:40:00Z,2026-09-08T10:12:56Z,333,hub,2026-09-17T00:49:00Z,2026-09-17T00:49:00Z,true
severn-trent:SVT01448:1788500413000,severn-trent:SVT01448,severn-trent,2026-09-04T05:40:13Z,2026-09-04T06:25:00Z,45,hub,2026-09-17T00:49:00Z,2026-09-17T00:49:00Z,true
severn-trent:SVT01450:1788497971000,severn-trent:SVT01450,severn-trent,2026-09-04T04:59:31Z,2026-09-04T07:26:15Z,147,hub,2026-09-17T00:49:00Z,2026-09-17T00:49:00Z,true
severn-trent:SVT01455:1789558649000,severn-trent:SVT01455,severn-trent,2026-09-16T11:37:29Z,2026-09-16T11:38:00Z,1,hub,2026-09-17T00:49:00Z,2026-09-17T00:49:00Z,true
severn-trent:SVT01460:1788497447000,severn-trent:SVT01460,severn-trent,2026-09-04T04:50:47Z,2026-09-04T05:03:06Z,12,hub,2026-09-17T00:49:00Z,2026-09-17T00:49:00Z,true
severn-trent:SVT01462:1788491513000,severn-trent:SVT01462,severn-trent,2026-09-04T03:11:53Z,2026-09-04T04:41:27Z,90,hub,2026-09-17T00:49:00Z,2026-09-17T00:49:00Z,true
severn-trent:SVT01469:1789266569000,severn-trent:SVT01469,severn-trent,2026-09-13T02:29:29Z,2026-09-13T02:32:38Z,3,hub,2026-09-17T00:49:00Z,2026-09-17T00:49:00Z,true
severn-trent:SVT01477:1788492271000,severn-trent:SVT01477,severn-trent,2026-09-04T03:24:31Z,2026-09-04T03:53:03Z,29,hub,2026-09-17T00:49:00Z,2026-09-17T00:49:00Z,true
severn-trent:SVT01479:1788490209000,severn-trent:SVT01479,severn-trent,2026-09-04T02:50:09Z,2026-09-04T03:15:20Z,25,hub,2026-09-17T00:49:00Z,2026-09-17T00:49:00Z,true
severn-trent:SVT01480:1788489767000,severn-trent:SVT01480,severn-trent,2026-09-04T02:42:47Z,2026-09-04T03:34:02Z,51,hub,2026-09-17T00:49:00Z,2026-09-17T00:49:00Z,true
severn-trent:SVT01481:1788489057000,severn-trent:SVT01481,severn-trent,2026-09-04T02:30:57Z,2026-09-04T03:56:21Z,85,hub,2026-09-17T00:49:00Z,2026-09-17T00:49:00Z,true
severn-trent:SVT01486:1788489778000,severn-trent:SVT01486,severn-trent,2026-09-04T02:42:58Z,2026-09-04T03:31:16Z,48,hub,2026-09-17T00:49:00Z,2026-09-17T00:49:00Z,true
severn-trent:SVT01487:1788491451000,severn-trent:SVT01487,severn-trent,2026-09-04T03:10:51Z,2026-09-04T03:33:22Z,23,hub,2026-09-17T00:49:00Z,2026-09-17T00:49:00Z,true
severn-trent:SVT01490:1788492828000,severn-trent:SVT01490,severn-trent,2026-09-04T03:33:48Z,2026-09-04T03:47:25Z,14,hub,2026-09-17T00:49:00Z,2026-09-17T00:49:00Z,true
severn-trent:SVT01498:1788490551000,severn-trent:SVT01498,severn-trent,2026-09-04T02:55:51Z,2026-09-04T04:04:59Z,69,hub,2026-09-17T00:49:00Z,2026-09-17T00:49:00Z,true
severn-trent:SVT01499:1788500814000,severn-trent:SVT01499,severn-trent,2026-09-04T05:46:54Z,2026-09-04T09:01:52Z,195,hub,2026-09-17T00:49:00Z,2026-09-17T00:49:00Z,true
severn-trent:SVT01502:1788493965000,severn-trent:SVT01502,severn-trent,2026-09-04T03:52:45Z,2026-09-04T04:00:34Z,8,hub,2026-09-17T00:49:00Z,2026-09-17T00:49:00Z,true
severn-trent:SVT01507:1788931860000,severn-trent:SVT01507,severn-trent,2026-09-09T05:31:00Z,2026-09-09T07:57:00Z,146,hub,2026-09-17T00:49:00Z,2026-09-17T00:49:00Z,true
severn-trent:SVT01511:1788514501000,severn-trent:SVT01511,severn-trent,2026-09-04T09:35:01Z,2026-09-04T09:37:27Z,2,hub,2026-09-17T00:49:00Z,2026-09-17T00:49:00Z,true
severn-trent:SVT01515:1788494299000,severn-trent:SVT01515,severn-trent,2026-09-04T03:58:19Z,2026-09-04T08:40:35Z,282,hub,2026-09-17T00:49:00Z,2026-09-17T00:49:00Z,true
severn-trent:SVT01516:1788486673000,severn-trent:SVT01516,severn-trent,2026-09-04T01:51:13Z,2026-09-04T02:55:09Z,64,hub,2026-09-17T00:49:00Z,2026-09-17T00:49:00Z,true
severn-trent:SVT01520:1788873315000,severn-trent:SVT01520,severn-trent,2026-09-08T13:15:15Z,2026-09-08T13:18:29Z,3,hub,2026-09-17T00:49:00Z,2026-09-17T00:49:00Z,true
severn-trent:SVT01524:1788494708000,severn-trent:SVT01524,severn-trent,2026-09-04T04:05:08Z,2026-09-04T04:30:20Z,25,hub,2026-09-17T00:49:00Z,2026-09-17T00:49:00Z,true
severn-trent:SVT01528:1788497193000,severn-trent:SVT01528,severn-trent,2026-09-04T04:46:33Z,2026-09-04T06:19:14Z,93,hub,2026-09-17T00:49:00Z,2026-09-17T00:49:00Z,true
severn-trent:SVT01530:1788498430000,severn-trent:SVT01530,severn-trent,2026-09-04T05:07:10Z,2026-09-04T09:02:55Z,236,hub,2026-09-17T00:49:00Z,2026-09-17T00:49:00Z,true
severn-trent:SVT01533:1788490757000,severn-trent:SVT01533,severn-trent,2026-09-04T02:59:17Z,2026-09-04T03:01:12Z,2,hub,2026-09-17T00:49:00Z,2026-09-17T00:49:00Z,true
severn-trent:SVT01535:1788501384000,severn-trent:SVT01535,severn-trent,2026-09-04T05:56:24Z,2026-09-04T07:38:02Z,102,hub,2026-09-17T00:49:00Z,2026-09-17T00:49:00Z,true
severn-trent:SVT01542:1788496046000,severn-trent:SVT01542,severn-trent,2026-09-04T04:27:26Z,2026-09-04T05:30:52Z,63,hub,2026-09-17T00:49:00Z,2026-09-17T00:49:00Z,true
severn-trent:SVT01543:1788495213000,severn-trent:SVT01543,severn-trent,2026-09-04T04:13:33Z,2026-09-04T04:27:31Z,14,hub,2026-09-17T00:49:00Z,2026-09-17T00:49:00Z,true
severn-trent:SVT01548:1788489155000,severn-trent:SVT01548,severn-trent,2026-09-04T02:32:35Z,2026-09-04T02:39:33Z,7,hub,2026-09-17T00:49:00Z,2026-09-17T00:49:00Z,true
severn-trent:SVT01550:1788487885000,severn-trent:SVT01550,severn-trent,2026-09-04T02:11:25Z,2026-09-04T03:03:43Z,52,hub,2026-09-17T00:49:00Z,2026-09-17T00:49:00Z,true
severn-trent:SVT01552:1788928985000,severn-trent:SVT01552,severn-trent,2026-09-09T04:43:05Z,2026-09-09T04:54:45Z,12,hub,2026-09-17T00:49:00Z,2026-09-17T00:49:00Z,true
severn-trent:SVT01553:1788491770000,severn-trent:SVT01553,severn-trent,2026-09-04T03:16:10Z,2026-09-04T03:55:19Z,39,hub,2026-09-17T00:49:00Z,2026-09-17T00:49:00Z,true
severn-trent:SVT01556:1788425780000,severn-trent:SVT01556,severn-trent,2026-09-03T08:56:20Z,2026-09-03T09:58:27Z,62,hub,2026-09-17T00:49:00Z,2026-09-17T00:49:00Z,true
severn-trent:SVT01557:1788501300000,severn-trent:SVT01557,severn-trent,2026-09-04T05:55:00Z,2026-09-04T06:05:00Z,10,hub,2026-09-17T00:49:00Z,2026-09-17T00:49:00Z,true
severn-trent:SVT01559:1788496066000,severn-trent:SVT01559,severn-trent,2026-09-04T04:27:46Z,2026-09-04T05:03:39Z,36,hub,2026-09-17T00:49:00Z,2026-09-17T00:49:00Z,true
severn-trent:SVT01561:1788491940000,severn-trent:SVT01561,severn-trent,2026-09-04T03:19:00Z,2026-09-04T03:21:10Z,2,hub,2026-09-17T00:49:00Z,2026-09-17T00:49:00Z,true
severn-trent:SVT01563:1788499294000,severn-trent:SVT01563,severn-trent,2026-09-04T05:21:34Z,2026-09-04T06:29:22Z,68,hub,2026-09-17T00:49:00Z,2026-09-17T00:49:00Z,true
severn-trent:SVT01564:1788500730000,severn-trent:SVT01564,severn-trent,2026-09-04T05:45:30Z,2026-09-04T05:56:19Z,11,hub,2026-09-17T00:49:00Z,2026-09-17T00:49:00Z,true
severn-trent:SVT01566:1789267149000,severn-trent:SVT01566,severn-trent,2026-09-13T02:39:09Z,2026-09-13T02:45:02Z,6,hub,2026-09-17T00:49:00Z,2026-09-17T00:49:00Z,true
severn-trent:SVT01567:1789364558000,severn-trent:SVT01567,severn-trent,2026-09-14T05:42:38Z,2026-09-14T06:16:21Z,34,hub,2026-09-17T00:49:00Z,2026-09-17T00:49:00Z,true
severn-trent:SVT01569:1788487373000,severn-trent:SVT01569,severn-trent,2026-09-04T02:02:53Z,2026-09-04T02:50:00Z,47,hub,2026-09-17T00:49:00Z,2026-09-17T00:49:00Z,true
severn-trent:SVT01571:1788518243000,severn-trent:SVT01571,severn-trent,2026-09-04T10:37:23Z,2026-09-04T10:38:00Z,1,hub,2026-09-17T00:49:00Z,2026-09-17T00:49:00Z,true
severn-trent:SVT01573:1788523590000,severn-trent:SVT01573,severn-trent,2026-09-04T12:06:30Z,2026-09-04T12:19:10Z,13,hub,2026-09-17T00:49:00Z,2026-09-17T00:49:00Z,true
severn-trent:SVT01575:1788509875000,severn-trent:SVT01575,severn-trent,2026-09-04T08:17:55Z,2026-09-04T12:52:35Z,275,hub,2026-09-17T00:49:00Z,2026-09-17T00:49:00Z,true
severn-trent:SVT01578:1788492163000,severn-trent:SVT01578,severn-trent,2026-09-04T03:22:43Z,2026-09-04T07:08:48Z,226,hub,2026-09-17T00:49:00Z,2026-09-17T00:49:00Z,true
severn-trent:SVT01579:1789331389000,severn-trent:SVT01579,severn-trent,2026-09-13T20:29:49Z,2026-09-13T20:53:48Z,24,hub,2026-09-17T00:49:00Z,2026-09-17T00:49:00Z,true
severn-trent:SVT01584:1788492200000,severn-trent:SVT01584,severn-trent,2026-09-04T03:23:20Z,2026-09-04T03:50:18Z,27,hub,2026-09-17T00:49:00Z,2026-09-17T00:49:00Z,true
severn-trent:SVT01586:1789268078000,severn-trent:SVT01586,severn-trent,2026-09-13T02:54:38Z,2026-09-13T03:10:18Z,16,hub,2026-09-17T00:49:00Z,2026-09-17T00:49:00Z,true
severn-trent:SVT01588:1788493818000,severn-trent:SVT01588,severn-trent,2026-09-04T03:50:18Z,2026-09-04T04:29:11Z,39,hub,2026-09-17T00:49:00Z,2026-09-17T00:49:00Z,true
severn-trent:SVT01589:1788501469000,severn-trent:SVT01589,severn-trent,2026-09-04T05:57:49Z,2026-09-04T06:08:47Z,11,hub,2026-09-17T00:49:00Z,2026-09-17T00:49:00Z,true
severn-trent:SVT01598:1788849914000,severn-trent:SVT01598,severn-trent,2026-09-08T06:45:14Z,2026-09-08T07:05:20Z,20,hub,2026-09-17T00:49:00Z,2026-09-17T00:49:00Z,true
severn-trent:SVT01598:1789627252000,severn-trent:SVT01598,severn-trent,2026-09-17T06:40:52Z,2026-09-17T06:44:55Z,4,hub,2026-09-17T11:32:49Z,2026-09-17T11:32:49Z,true
severn-trent:SVT01600:1789270073000,severn-trent:SVT01600,severn-trent,2026-09-13T03:27:53Z,2026-09-13T03:35:15Z,7,hub,2026-09-17T00:49:00Z,2026-09-17T00:49:00Z,true
severn-trent:SVT01606:1788489746000,severn-trent:SVT01606,severn-trent,2026-09-04T02:42:26Z,2026-09-04T03:17:09Z,35,hub,2026-09-17T00:49:00Z,2026-09-17T00:49:00Z,true
severn-trent:SVT01609:1788523800000,severn-trent:SVT01609,severn-trent,2026-09-04T12:10:00Z,2026-09-04T12:24:25Z,14,hub,2026-09-17T00:49:00Z,2026-09-17T00:49:00Z,true
severn-trent:SVT01612:1788487627000,severn-trent:SVT01612,severn-trent,2026-09-04T02:07:07Z,2026-09-04T03:13:47Z,67,hub,2026-09-17T00:49:00Z,2026-09-17T00:49:00Z,true
severn-trent:SVT01617:1788494292000,severn-trent:SVT01617,severn-trent,2026-09-04T03:58:12Z,2026-09-04T04:02:14Z,4,hub,2026-09-17T00:49:00Z,2026-09-17T00:49:00Z,true
severn-trent:SVT01622:1788493031000,severn-trent:SVT01622,severn-trent,2026-09-04T03:37:11Z,2026-09-04T04:11:25Z,34,hub,2026-09-17T00:49:00Z,2026-09-17T00:49:00Z,true
severn-trent:SVT01626:1788493686000,severn-trent:SVT01626,severn-trent,2026-09-04T03:48:06Z,2026-09-04T04:04:31Z,16,hub,2026-09-17T00:49:00Z,2026-09-17T00:49:00Z,true
severn-trent:SVT01627:1788504638000,severn-trent:SVT01627,severn-trent,2026-09-04T06:50:38Z,2026-09-04T07:20:00Z,29,hub,2026-09-17T00:49:00Z,2026-09-17T00:49:00Z,true
severn-trent:SVT01630:1788503247000,severn-trent:SVT01630,severn-trent,2026-09-04T06:27:27Z,2026-09-04T07:50:00Z,83,hub,2026-09-17T00:49:00Z,2026-09-17T00:49:00Z,true
severn-trent:SVT01632:1788490733000,severn-trent:SVT01632,severn-trent,2026-09-04T02:58:53Z,2026-09-04T03:15:32Z,17,hub,2026-09-17T00:49:00Z,2026-09-17T00:49:00Z,true
severn-trent:SVT01641:1789273382000,severn-trent:SVT01641,severn-trent,2026-09-13T04:23:02Z,2026-09-13T04:59:47Z,37,hub,2026-09-17T00:49:00Z,2026-09-17T00:49:00Z,true
severn-trent:SVT01642:1788491569000,severn-trent:SVT01642,severn-trent,2026-09-04T03:12:49Z,2026-09-04T03:17:13Z,4,hub,2026-09-17T00:49:00Z,2026-09-17T00:49:00Z,true
severn-trent:SVT01644:1788484972000,severn-trent:SVT01644,severn-trent,2026-09-04T01:22:52Z,2026-09-04T09:57:37Z,515,hub,2026-09-17T00:49:00Z,2026-09-17T00:49:00Z,true
severn-trent:SVT01645:1788493658000,severn-trent:SVT01645,severn-trent,2026-09-04T03:47:38Z,2026-09-04T10:36:17Z,409,hub,2026-09-17T00:49:00Z,2026-09-17T00:49:00Z,true
severn-trent:SVT01647:1788498468000,severn-trent:SVT01647,severn-trent,2026-09-04T05:07:48Z,2026-09-04T08:17:36Z,190,hub,2026-09-17T00:49:00Z,2026-09-17T00:49:00Z,true
severn-trent:SVT01648:1788494880000,severn-trent:SVT01648,severn-trent,2026-09-04T04:08:00Z,2026-09-04T05:09:56Z,62,hub,2026-09-17T00:49:00Z,2026-09-17T00:49:00Z,true
severn-trent:SVT01649:1788501990000,severn-trent:SVT01649,severn-trent,2026-09-04T06:06:30Z,2026-09-04T06:39:46Z,33,hub,2026-09-17T00:49:00Z,2026-09-17T00:49:00Z,true
severn-trent:SVT01655:1788491873000,severn-trent:SVT01655,severn-trent,2026-09-04T03:17:53Z,2026-09-04T03:30:00Z,12,hub,2026-09-17T00:49:00Z,2026-09-17T00:49:00Z,true
severn-trent:SVT01660:1788528795000,severn-trent:SVT01660,severn-trent,2026-09-04T13:33:15Z,2026-09-04T14:06:58Z,34,hub,2026-09-17T00:49:00Z,2026-09-17T00:49:00Z,true
severn-trent:SVT01665:1788701598000,severn-trent:SVT01665,severn-trent,2026-09-06T13:33:18Z,2026-09-10T02:10:43Z,5077,hub,2026-09-17T00:49:00Z,2026-09-17T00:49:00Z,true
severn-trent:SVT01666:1789509270000,severn-trent:SVT01666,severn-trent,2026-09-15T21:54:30Z,2026-09-15T22:17:37Z,23,hub,2026-09-17T00:49:00Z,2026-09-17T00:49:00Z,true
severn-trent:SVT01667:1789561345000,severn-trent:SVT01667,severn-trent,2026-09-16T12:22:25Z,2026-09-16T12:44:24Z,22,hub,2026-09-17T00:49:00Z,2026-09-17T00:49:00Z,true
severn-trent:SVT01669:1789389365000,severn-trent:SVT01669,severn-trent,2026-09-14T12:36:05Z,2026-09-14T12:57:08Z,21,hub,2026-09-17T00:49:00Z,2026-09-17T00:49:00Z,true
severn-trent:SVT01670:1789276345000,severn-trent:SVT01670,severn-trent,2026-09-13T05:12:25Z,2026-09-13T06:43:23Z,91,hub,2026-09-17T00:49:00Z,2026-09-17T00:49:00Z,true
severn-trent:SVT01673:1788905519000,severn-trent:SVT01673,severn-trent,2026-09-08T22:11:59Z,2026-09-08T22:19:55Z,8,hub,2026-09-17T00:49:00Z,2026-09-17T00:49:00Z,true
severn-trent:SVT01673:1789624648000,severn-trent:SVT01673,severn-trent,2026-09-17T05:57:28Z,2026-09-17T06:03:18Z,6,hub,2026-09-17T11:32:49Z,2026-09-17T11:32:49Z,true
severn-trent:SVT01675:1788493286000,severn-trent:SVT01675,severn-trent,2026-09-04T03:41:26Z,2026-09-04T03:48:17Z,7,hub,2026-09-17T00:49:00Z,2026-09-17T00:49:00Z,true
severn-trent:SVT01676:1788491200000,severn-trent:SVT01676,severn-trent,2026-09-04T03:06:40Z,2026-09-04T07:49:59Z,283,hub,2026-09-17T00:49:00Z,2026-09-17T00:49:00Z,true
severn-trent:SVT01678:1789448896000,severn-trent:SVT01678,severn-trent,2026-09-15T05:08:16Z,2026-09-15T05:21:25Z,13,hub,2026-09-17T00:49:00Z,2026-09-17T00:49:00Z,true
severn-trent:SVT01680:1788491256000,severn-trent:SVT01680,severn-trent,2026-09-04T03:07:36Z,2026-09-04T04:00:36Z,53,hub,2026-09-17T00:49:00Z,2026-09-17T00:49:00Z,true
severn-trent:SVT01684:1788511881000,severn-trent:SVT01684,severn-trent,2026-09-04T08:51:21Z,2026-09-04T09:02:20Z,11,hub,2026-09-17T00:49:00Z,2026-09-17T00:49:00Z,true
severn-trent:SVT01685:1788492421000,severn-trent:SVT01685,severn-trent,2026-09-04T03:27:01Z,2026-09-04T03:43:16Z,16,hub,2026-09-17T00:49:00Z,2026-09-17T00:49:00Z,true
severn-trent:SVT01688:1788493338000,severn-trent:SVT01688,severn-trent,2026-09-04T03:42:18Z,2026-09-04T03:49:23Z,7,hub,2026-09-17T00:49:00Z,2026-09-17T00:49:00Z,true
severn-trent:SVT01690:1788501001000,severn-trent:SVT01690,severn-trent,2026-09-04T05:50:01Z,2026-09-04T07:20:00Z,90,hub,2026-09-17T00:49:00Z,2026-09-17T00:49:00Z,true
severn-trent:SVT01695:1788496991000,severn-trent:SVT01695,severn-trent,2026-09-04T04:43:11Z,2026-09-04T04:44:35Z,1,hub,2026-09-17T00:49:00Z,2026-09-17T00:49:00Z,true
severn-trent:SVT01696:1788492428000,severn-trent:SVT01696,severn-trent,2026-09-04T03:27:08Z,2026-09-04T03:40:37Z,13,hub,2026-09-17T00:49:00Z,2026-09-17T00:49:00Z,true
severn-trent:SVT01697:1788514017000,severn-trent:SVT01697,severn-trent,2026-09-04T09:26:57Z,2026-09-04T09:29:34Z,3,hub,2026-09-17T00:49:00Z,2026-09-17T00:49:00Z,true
severn-trent:SVT01701:1788506516000,severn-trent:SVT01701,severn-trent,2026-09-04T07:21:56Z,2026-09-04T07:30:48Z,9,hub,2026-09-17T00:49:00Z,2026-09-17T00:49:00Z,true
severn-trent:SVT01703:1788488023000,severn-trent:SVT01703,severn-trent,2026-09-04T02:13:43Z,2026-09-04T03:29:30Z,76,hub,2026-09-17T00:49:00Z,2026-09-17T00:49:00Z,true
severn-trent:SVT01704:1788500072000,severn-trent:SVT01704,severn-trent,2026-09-04T05:34:32Z,2026-09-04T05:49:33Z,15,hub,2026-09-17T00:49:00Z,2026-09-17T00:49:00Z,true
severn-trent:SVT01706:1788496895000,severn-trent:SVT01706,severn-trent,2026-09-04T04:41:35Z,2026-09-04T04:49:13Z,8,hub,2026-09-17T00:49:00Z,2026-09-17T00:49:00Z,true
severn-trent:SVT01708:1788502469000,severn-trent:SVT01708,severn-trent,2026-09-04T06:14:29Z,2026-09-04T07:10:07Z,56,hub,2026-09-17T00:49:00Z,2026-09-17T00:49:00Z,true
severn-trent:SVT01710:1788489960000,severn-trent:SVT01710,severn-trent,2026-09-04T02:46:00Z,2026-09-04T03:35:00Z,49,hub,2026-09-17T00:49:00Z,2026-09-17T00:49:00Z,true
severn-trent:SVT01711:1788487049000,severn-trent:SVT01711,severn-trent,2026-09-04T01:57:29Z,2026-09-04T03:23:04Z,86,hub,2026-09-17T00:49:00Z,2026-09-17T00:49:00Z,true
severn-trent:SVT01725:1788483451000,severn-trent:SVT01725,severn-trent,2026-09-04T00:57:31Z,2026-09-04T04:37:54Z,220,hub,2026-09-17T00:49:00Z,2026-09-17T00:49:00Z,true
severn-trent:SVT01727:1789265723000,severn-trent:SVT01727,severn-trent,2026-09-13T02:15:23Z,2026-09-13T03:19:30Z,64,hub,2026-09-17T00:49:00Z,2026-09-17T00:49:00Z,true
severn-trent:SVT01729:1788925657000,severn-trent:SVT01729,severn-trent,2026-09-09T03:47:37Z,2026-09-09T05:17:47Z,90,hub,2026-09-17T00:49:00Z,2026-09-17T00:49:00Z,true
severn-trent:SVT01730:1788501356000,severn-trent:SVT01730,severn-trent,2026-09-04T05:55:56Z,2026-09-04T06:12:20Z,16,hub,2026-09-17T00:49:00Z,2026-09-17T00:49:00Z,true
severn-trent:SVT01733:1788491843000,severn-trent:SVT01733,severn-trent,2026-09-04T03:17:23Z,2026-09-04T03:22:38Z,5,hub,2026-09-17T00:49:00Z,2026-09-17T00:49:00Z,true
severn-trent:SVT01737:1788484533000,severn-trent:SVT01737,severn-trent,2026-09-04T01:15:33Z,2026-09-04T03:58:06Z,163,hub,2026-09-17T00:49:00Z,2026-09-17T00:49:00Z,true
severn-trent:SVT01741:1788491805000,severn-trent:SVT01741,severn-trent,2026-09-04T03:16:45Z,2026-09-04T04:12:46Z,56,hub,2026-09-17T00:49:00Z,2026-09-17T00:49:00Z,true
severn-trent:SVT01742:1788496856000,severn-trent:SVT01742,severn-trent,2026-09-04T04:40:56Z,2026-09-04T08:50:00Z,249,hub,2026-09-17T00:49:00Z,2026-09-17T00:49:00Z,true
severn-trent:SVT01747:1788526947000,severn-trent:SVT01747,severn-trent,2026-09-04T13:02:27Z,2026-09-04T13:33:36Z,31,hub,2026-09-17T00:49:00Z,2026-09-17T00:49:00Z,true
severn-trent:SVT01748:1789267878000,severn-trent:SVT01748,severn-trent,2026-09-13T02:51:18Z,2026-09-13T04:35:22Z,104,hub,2026-09-17T00:49:00Z,2026-09-17T00:49:00Z,true
severn-trent:SVT01757:1788494955000,severn-trent:SVT01757,severn-trent,2026-09-04T04:09:15Z,2026-09-04T04:33:02Z,24,hub,2026-09-17T00:49:00Z,2026-09-17T00:49:00Z,true
severn-trent:SVT01762:1788503673000,severn-trent:SVT01762,severn-trent,2026-09-04T06:34:33Z,2026-09-04T07:11:37Z,37,hub,2026-09-17T00:49:00Z,2026-09-17T00:49:00Z,true
severn-trent:SVT01764:1788492850000,severn-trent:SVT01764,severn-trent,2026-09-04T03:34:10Z,2026-09-04T05:26:15Z,112,hub,2026-09-17T00:49:00Z,2026-09-17T00:49:00Z,true
severn-trent:SVT01769:1788490645000,severn-trent:SVT01769,severn-trent,2026-09-04T02:57:25Z,2026-09-04T03:03:02Z,6,hub,2026-09-17T00:49:00Z,2026-09-17T00:49:00Z,true
severn-trent:SVT01770:1788493766000,severn-trent:SVT01770,severn-trent,2026-09-04T03:49:26Z,2026-09-04T06:50:21Z,181,hub,2026-09-17T00:49:00Z,2026-09-17T00:49:00Z,true
severn-trent:SVT01773:1788485392000,severn-trent:SVT01773,severn-trent,2026-09-04T01:29:52Z,2026-09-04T02:58:18Z,88,hub,2026-09-17T00:49:00Z,2026-09-17T00:49:00Z,true
severn-trent:SVT01777:1788490078000,severn-trent:SVT01777,severn-trent,2026-09-04T02:47:58Z,2026-09-04T03:51:36Z,64,hub,2026-09-17T00:49:00Z,2026-09-17T00:49:00Z,true
severn-trent:SVT01779:1788486498000,severn-trent:SVT01779,severn-trent,2026-09-04T01:48:18Z,2026-09-04T01:54:35Z,6,hub,2026-09-17T00:49:00Z,2026-09-17T00:49:00Z,true
severn-trent:SVT01781:1788492699000,severn-trent:SVT01781,severn-trent,2026-09-04T03:31:39Z,2026-09-04T03:42:06Z,10,hub,2026-09-17T00:49:00Z,2026-09-17T00:49:00Z,true
severn-trent:SVT01784:1789365597000,severn-trent:SVT01784,severn-trent,2026-09-14T05:59:57Z,2026-09-14T06:02:07Z,2,hub,2026-09-17T00:49:00Z,2026-09-17T00:49:00Z,true
severn-trent:SVT01787:1788495013000,severn-trent:SVT01787,severn-trent,2026-09-04T04:10:13Z,2026-09-04T04:19:45Z,10,hub,2026-09-17T00:49:00Z,2026-09-17T00:49:00Z,true
severn-trent:SVT01790:1789301846000,severn-trent:SVT01790,severn-trent,2026-09-13T12:17:26Z,2026-09-13T12:18:39Z,1,hub,2026-09-17T00:49:00Z,2026-09-17T00:49:00Z,true
severn-trent:SVT01791:1788502572000,severn-trent:SVT01791,severn-trent,2026-09-04T06:16:12Z,2026-09-04T06:48:41Z,32,hub,2026-09-17T00:49:00Z,2026-09-17T00:49:00Z,true
severn-trent:SVT01792:1788499457000,severn-trent:SVT01792,severn-trent,2026-09-04T05:24:17Z,2026-09-04T05:32:23Z,8,hub,2026-09-17T00:49:00Z,2026-09-17T00:49:00Z,true
severn-trent:SVT01797:1788493599000,severn-trent:SVT01797,severn-trent,2026-09-04T03:46:39Z,2026-09-04T21:49:00Z,1082,hub,2026-09-17T00:49:00Z,2026-09-17T00:49:00Z,true
severn-trent:SVT01798:1788506343000,severn-trent:SVT01798,severn-trent,2026-09-04T07:19:03Z,2026-09-04T07:26:33Z,8,hub,2026-09-17T00:49:00Z,2026-09-17T00:49:00Z,true
severn-trent:SVT01802:1788492154000,severn-trent:SVT01802,severn-trent,2026-09-04T03:22:34Z,2026-09-04T03:47:20Z,25,hub,2026-09-17T00:49:00Z,2026-09-17T00:49:00Z,true
severn-trent:SVT01804:1789286335000,severn-trent:SVT01804,severn-trent,2026-09-13T07:58:55Z,2026-09-13T08:06:07Z,7,hub,2026-09-17T00:49:00Z,2026-09-17T00:49:00Z,true
severn-trent:SVT01805:1788497198000,severn-trent:SVT01805,severn-trent,2026-09-04T04:46:38Z,2026-09-04T08:00:58Z,194,hub,2026-09-17T00:49:00Z,2026-09-17T00:49:00Z,true
severn-trent:SVT01806:1788494339000,severn-trent:SVT01806,severn-trent,2026-09-04T03:58:59Z,2026-09-04T04:02:35Z,4,hub,2026-09-17T00:49:00Z,2026-09-17T00:49:00Z,true
severn-trent:SVT01816:1788492069000,severn-trent:SVT01816,severn-trent,2026-09-04T03:21:09Z,2026-09-04T03:49:45Z,29,hub,2026-09-17T00:49:00Z,2026-09-17T00:49:00Z,true
severn-trent:SVT01818:1788492387000,severn-trent:SVT01818,severn-trent,2026-09-04T03:26:27Z,2026-09-04T03:33:05Z,7,hub,2026-09-17T00:49:00Z,2026-09-17T00:49:00Z,true
severn-trent:SVT01821:1788509900000,severn-trent:SVT01821,severn-trent,2026-09-04T08:18:20Z,2026-09-04T08:30:27Z,12,hub,2026-09-17T00:49:00Z,2026-09-17T00:49:00Z,true
severn-trent:SVT01825:1788493342000,severn-trent:SVT01825,severn-trent,2026-09-04T03:42:22Z,2026-09-04T04:50:20Z,68,hub,2026-09-17T00:49:00Z,2026-09-17T00:49:00Z,true
severn-trent:SVT01827:1788490472000,severn-trent:SVT01827,severn-trent,2026-09-04T02:54:32Z,2026-09-04T03:03:03Z,9,hub,2026-09-17T00:49:00Z,2026-09-17T00:49:00Z,true
severn-trent:SVT01833:1788488906000,severn-trent:SVT01833,severn-trent,2026-09-04T02:28:26Z,2026-09-04T09:07:40Z,399,hub,2026-09-17T00:49:00Z,2026-09-17T00:49:00Z,true
severn-trent:SVT01834:1788491534000,severn-trent:SVT01834,severn-trent,2026-09-04T03:12:14Z,2026-09-04T03:16:36Z,4,hub,2026-09-17T00:49:00Z,2026-09-17T00:49:00Z,true
severn-trent:SVT01838:1789025988000,severn-trent:SVT01838,severn-trent,2026-09-10T07:39:48Z,2026-09-10T07:44:50Z,5,hub,2026-09-17T00:49:00Z,2026-09-17T00:49:00Z,true
severn-trent:SVT01842:1788487310000,severn-trent:SVT01842,severn-trent,2026-09-04T02:01:50Z,2026-09-04T03:24:33Z,83,hub,2026-09-17T00:49:00Z,2026-09-17T00:49:00Z,true
severn-trent:SVT01842:1789625644000,severn-trent:SVT01842,severn-trent,2026-09-17T06:14:04Z,2026-09-17T06:31:10Z,17,hub,2026-09-17T11:32:49Z,2026-09-17T11:32:49Z,true
severn-trent:SVT01843:1788494848000,severn-trent:SVT01843,severn-trent,2026-09-04T04:07:28Z,2026-09-04T04:26:41Z,19,hub,2026-09-17T00:49:00Z,2026-09-17T00:49:00Z,true
severn-trent:SVT01847:1788505747000,severn-trent:SVT01847,severn-trent,2026-09-04T07:09:07Z,2026-09-04T07:27:36Z,18,hub,2026-09-17T00:49:00Z,2026-09-17T00:49:00Z,true
severn-trent:SVT01849:1788496013000,severn-trent:SVT01849,severn-trent,2026-09-04T04:26:53Z,2026-09-04T04:34:43Z,8,hub,2026-09-17T00:49:00Z,2026-09-17T00:49:00Z,true
severn-trent:SVT01852:1789266934000,severn-trent:SVT01852,severn-trent,2026-09-13T02:35:34Z,2026-09-13T03:25:58Z,50,hub,2026-09-17T00:49:00Z,2026-09-17T00:49:00Z,true
severn-trent:SVT01856:1789267664000,severn-trent:SVT01856,severn-trent,2026-09-13T02:47:44Z,2026-09-13T02:57:05Z,9,hub,2026-09-17T00:49:00Z,2026-09-17T00:49:00Z,true
severn-trent:SVT01860:1788496237000,severn-trent:SVT01860,severn-trent,2026-09-04T04:30:37Z,2026-09-04T05:15:28Z,45,hub,2026-09-17T00:49:00Z,2026-09-17T00:49:00Z,true
severn-trent:SVT01861:1788489524000,severn-trent:SVT01861,severn-trent,2026-09-04T02:38:44Z,2026-09-04T04:12:08Z,93,hub,2026-09-17T00:49:00Z,2026-09-17T00:49:00Z,true
severn-trent:SVT01869:1788513299000,severn-trent:SVT01869,severn-trent,2026-09-04T09:14:59Z,2026-09-04T09:20:13Z,5,hub,2026-09-17T00:49:00Z,2026-09-17T00:49:00Z,true
severn-trent:SVT01871:1788502490000,severn-trent:SVT01871,severn-trent,2026-09-04T06:14:50Z,2026-09-04T07:21:40Z,67,hub,2026-09-17T00:49:00Z,2026-09-17T00:49:00Z,true
severn-trent:SVT01876:1788504289000,severn-trent:SVT01876,severn-trent,2026-09-04T06:44:49Z,2026-09-04T07:03:36Z,19,hub,2026-09-17T00:49:00Z,2026-09-17T00:49:00Z,true
severn-trent:SVT01880:1789271656000,severn-trent:SVT01880,severn-trent,2026-09-13T03:54:16Z,2026-09-13T04:36:05Z,42,hub,2026-09-17T00:49:00Z,2026-09-17T00:49:00Z,true
severn-trent:SVT01883:1789398600000,severn-trent:SVT01883,severn-trent,2026-09-14T15:10:00Z,2026-09-14T15:50:31Z,41,hub,2026-09-17T00:49:00Z,2026-09-17T00:49:00Z,true
severn-trent:SVT01883:1789664911000,severn-trent:SVT01883,severn-trent,2026-09-17T17:08:31Z,2026-09-17T18:05:00Z,56,hub,2026-09-17T19:14:51Z,2026-09-17T19:14:51Z,true
severn-trent:SVT01887:1788485435000,severn-trent:SVT01887,severn-trent,2026-09-04T01:30:35Z,2026-09-04T01:47:42Z,17,hub,2026-09-17T00:49:00Z,2026-09-17T00:49:00Z,true
severn-trent:SVT01888:1788519300000,severn-trent:SVT01888,severn-trent,2026-09-04T10:55:00Z,2026-09-04T11:20:00Z,25,hub,2026-09-17T00:49:00Z,2026-09-17T00:49:00Z,true
severn-trent:SVT01893:1788488152000,severn-trent:SVT01893,severn-trent,2026-09-04T02:15:52Z,2026-09-04T09:17:00Z,421,hub,2026-09-17T00:49:00Z,2026-09-17T00:49:00Z,true
severn-trent:SVT01902:1789652258000,severn-trent:SVT01902,severn-trent,2026-09-17T13:37:38Z,2026-09-17T14:35:00Z,57,hub,2026-09-17T15:38:08Z,2026-09-17T15:38:08Z,true
severn-trent:SVT01905:1788495907000,severn-trent:SVT01905,severn-trent,2026-09-04T04:25:07Z,2026-09-04T07:13:43Z,169,hub,2026-09-17T00:49:00Z,2026-09-17T00:49:00Z,true
severn-trent:SVT01907:1789137543000,severn-trent:SVT01907,severn-trent,2026-09-11T14:39:03Z,2026-09-11T16:05:57Z,87,hub,2026-09-17T00:49:00Z,2026-09-17T00:49:00Z,true
severn-trent:SVT01912:1789266698000,severn-trent:SVT01912,severn-trent,2026-09-13T02:31:38Z,2026-09-13T03:09:05Z,37,hub,2026-09-17T00:49:00Z,2026-09-17T00:49:00Z,true
severn-trent:SVT01914:1789475871000,severn-trent:SVT01914,severn-trent,2026-09-15T12:37:51Z,2026-09-15T13:22:07Z,44,hub,2026-09-17T00:49:00Z,2026-09-17T00:49:00Z,true
severn-trent:SVT01917:1788497863000,severn-trent:SVT01917,severn-trent,2026-09-04T04:57:43Z,2026-09-04T05:13:49Z,16,hub,2026-09-17T00:49:00Z,2026-09-17T00:49:00Z,true
severn-trent:SVT01921:1789271188000,severn-trent:SVT01921,severn-trent,2026-09-13T03:46:28Z,2026-09-13T04:24:59Z,39,hub,2026-09-17T00:49:00Z,2026-09-17T00:49:00Z,true
severn-trent:SVT01938:1788501379000,severn-trent:SVT01938,severn-trent,2026-09-04T05:56:19Z,2026-09-04T06:42:23Z,46,hub,2026-09-17T00:49:00Z,2026-09-17T00:49:00Z,true
severn-trent:SVT01942:1788491063000,severn-trent:SVT01942,severn-trent,2026-09-04T03:04:23Z,2026-09-04T04:11:26Z,67,hub,2026-09-17T00:49:00Z,2026-09-17T00:49:00Z,true
severn-trent:SVT01944:1788498306000,severn-trent:SVT01944,severn-trent,2026-09-04T05:05:06Z,2026-09-04T06:52:22Z,107,hub,2026-09-17T00:49:00Z,2026-09-17T00:49:00Z,true
severn-trent:SVT01946:1788501405000,severn-trent:SVT01946,severn-trent,2026-09-04T05:56:45Z,2026-09-04T06:06:57Z,10,hub,2026-09-17T00:49:00Z,2026-09-17T00:49:00Z,true
severn-trent:SVT01950:1788488966000,severn-trent:SVT01950,severn-trent,2026-09-04T02:29:26Z,2026-09-04T03:50:00Z,81,hub,2026-09-17T00:49:00Z,2026-09-17T00:49:00Z,true
severn-trent:SVT01958:1788486065000,severn-trent:SVT01958,severn-trent,2026-09-04T01:41:05Z,2026-09-04T03:41:19Z,120,hub,2026-09-17T00:49:00Z,2026-09-17T00:49:00Z,true
severn-trent:SVT01967:1788490643000,severn-trent:SVT01967,severn-trent,2026-09-04T02:57:23Z,2026-09-04T04:23:44Z,86,hub,2026-09-17T00:49:00Z,2026-09-17T00:49:00Z,true
severn-trent:SVT01973:1789334694000,severn-trent:SVT01973,severn-trent,2026-09-13T21:24:54Z,2026-09-13T21:29:33Z,5,hub,2026-09-17T00:49:00Z,2026-09-17T00:49:00Z,true
severn-trent:SVT01977:1788494174000,severn-trent:SVT01977,severn-trent,2026-09-04T03:56:14Z,2026-09-04T06:20:52Z,145,hub,2026-09-17T00:49:00Z,2026-09-17T00:49:00Z,true
severn-trent:SVT01980:1788522962000,severn-trent:SVT01980,severn-trent,2026-09-04T11:56:02Z,2026-09-04T13:27:59Z,92,hub,2026-09-17T00:49:00Z,2026-09-17T00:49:00Z,true
severn-trent:SVT01988:1788492055000,severn-trent:SVT01988,severn-trent,2026-09-04T03:20:55Z,2026-09-04T03:31:19Z,10,hub,2026-09-17T00:49:00Z,2026-09-17T00:49:00Z,true
severn-trent:SVT01994:1789522093000,severn-trent:SVT01994,severn-trent,2026-09-16T01:28:13Z,2026-09-17T10:15:00Z,1967,hub,2026-09-17T00:49:00Z,2026-09-17T11:32:49Z,true
severn-trent:SVT01998:1789264897000,severn-trent:SVT01998,severn-trent,2026-09-13T02:01:37Z,2026-09-13T02:56:14Z,55,hub,2026-09-17T00:49:00Z,2026-09-17T00:49:00Z,true
severn-trent:SVT02003:1788497650000,severn-trent:SVT02003,severn-trent,2026-09-04T04:54:10Z,2026-09-04T08:23:46Z,210,hub,2026-09-17T00:49:00Z,2026-09-17T00:49:00Z,true
severn-trent:SVT02008:1788495609000,severn-trent:SVT02008,severn-trent,2026-09-04T04:20:09Z,2026-09-04T07:45:20Z,205,hub,2026-09-17T00:49:00Z,2026-09-17T00:49:00Z,true
severn-trent:SVT02009:1788493795000,severn-trent:SVT02009,severn-trent,2026-09-04T03:49:55Z,2026-09-04T04:22:37Z,33,hub,2026-09-17T00:49:00Z,2026-09-17T00:49:00Z,true
severn-trent:SVT02011:1788492364000,severn-trent:SVT02011,severn-trent,2026-09-04T03:26:04Z,2026-09-04T05:07:31Z,101,hub,2026-09-17T00:49:00Z,2026-09-17T00:49:00Z,true
severn-trent:SVT02012:1788492966000,severn-trent:SVT02012,severn-trent,2026-09-04T03:36:06Z,2026-09-04T03:45:35Z,9,hub,2026-09-17T00:49:00Z,2026-09-17T00:49:00Z,true
severn-trent:SVT02013:1788495201000,severn-trent:SVT02013,severn-trent,2026-09-04T04:13:21Z,2026-09-04T04:19:07Z,6,hub,2026-09-17T00:49:00Z,2026-09-17T00:49:00Z,true
severn-trent:SVT02014:1788492381000,severn-trent:SVT02014,severn-trent,2026-09-04T03:26:21Z,2026-09-04T03:30:42Z,4,hub,2026-09-17T00:49:00Z,2026-09-17T00:49:00Z,true
severn-trent:SVT02023:1788489861000,severn-trent:SVT02023,severn-trent,2026-09-04T02:44:21Z,2026-09-04T03:16:47Z,32,hub,2026-09-17T00:49:00Z,2026-09-17T00:49:00Z,true
severn-trent:SVT02024:1788490548000,severn-trent:SVT02024,severn-trent,2026-09-04T02:55:48Z,2026-09-04T03:17:19Z,22,hub,2026-09-17T00:49:00Z,2026-09-17T00:49:00Z,true
severn-trent:SVT02026:1788501777000,severn-trent:SVT02026,severn-trent,2026-09-04T06:02:57Z,2026-09-04T06:40:24Z,37,hub,2026-09-17T00:49:00Z,2026-09-17T00:49:00Z,true
severn-trent:SVT02027:1788503608000,severn-trent:SVT02027,severn-trent,2026-09-04T06:33:28Z,2026-09-04T07:13:04Z,40,hub,2026-09-17T00:49:00Z,2026-09-17T00:49:00Z,true
severn-trent:SVT02028:1788502038000,severn-trent:SVT02028,severn-trent,2026-09-04T06:07:18Z,2026-09-04T06:34:53Z,28,hub,2026-09-17T00:49:00Z,2026-09-17T00:49:00Z,true
severn-trent:SVT02041:1788524449000,severn-trent:SVT02041,severn-trent,2026-09-04T12:20:49Z,2026-09-04T12:32:47Z,12,hub,2026-09-17T00:49:00Z,2026-09-17T00:49:00Z,true
severn-trent:SVT02042:1788492862000,severn-trent:SVT02042,severn-trent,2026-09-04T03:34:22Z,2026-09-04T03:47:33Z,13,hub,2026-09-17T00:49:00Z,2026-09-17T00:49:00Z,true
severn-trent:SVT02050:1788930299000,severn-trent:SVT02050,severn-trent,2026-09-09T05:04:59Z,2026-09-09T05:14:07Z,9,hub,2026-09-17T00:49:00Z,2026-09-17T00:49:00Z,true
severn-trent:SVT02050:1789624447000,severn-trent:SVT02050,severn-trent,2026-09-17T05:54:07Z,2026-09-17T06:21:28Z,27,hub,2026-09-17T11:32:49Z,2026-09-17T11:32:49Z,true
severn-trent:SVT02051:1789624622000,severn-trent:SVT02051,severn-trent,2026-09-17T05:57:02Z,2026-09-17T06:03:35Z,7,hub,2026-09-17T11:32:49Z,2026-09-17T11:32:49Z,true
severn-trent:SVT02055:1788493456000,severn-trent:SVT02055,severn-trent,2026-09-04T03:44:16Z,2026-09-04T04:21:08Z,37,hub,2026-09-17T00:49:00Z,2026-09-17T00:49:00Z,true
severn-trent:SVT02056:1788507940000,severn-trent:SVT02056,severn-trent,2026-09-04T07:45:40Z,2026-09-04T08:02:23Z,17,hub,2026-09-17T00:49:00Z,2026-09-17T00:49:00Z,true
severn-trent:SVT02057:1788490666000,severn-trent:SVT02057,severn-trent,2026-09-04T02:57:46Z,2026-09-04T03:05:01Z,7,hub,2026-09-17T00:49:00Z,2026-09-17T00:49:00Z,true
severn-trent:SVT02058:1788493600000,severn-trent:SVT02058,severn-trent,2026-09-04T03:46:40Z,2026-09-04T03:48:43Z,2,hub,2026-09-17T00:49:00Z,2026-09-17T00:49:00Z,true
severn-trent:SVT02059:1788502657000,severn-trent:SVT02059,severn-trent,2026-09-04T06:17:37Z,2026-09-04T06:58:29Z,41,hub,2026-09-17T00:49:00Z,2026-09-17T00:49:00Z,true
severn-trent:SVT02068:1788492521000,severn-trent:SVT02068,severn-trent,2026-09-04T03:28:41Z,2026-09-04T03:42:03Z,13,hub,2026-09-17T00:49:00Z,2026-09-17T00:49:00Z,true
severn-trent:SVT02071:1788495578000,severn-trent:SVT02071,severn-trent,2026-09-04T04:19:38Z,2026-09-04T04:28:10Z,9,hub,2026-09-17T00:49:00Z,2026-09-17T00:49:00Z,true
severn-trent:SVT02072:1788815609000,severn-trent:SVT02072,severn-trent,2026-09-07T21:13:29Z,2026-09-07T21:41:26Z,28,hub,2026-09-17T00:49:00Z,2026-09-17T00:49:00Z,true
severn-trent:SVT02076:1788538606000,severn-trent:SVT02076,severn-trent,2026-09-04T16:16:46Z,2026-09-04T16:23:50Z,7,hub,2026-09-17T00:49:00Z,2026-09-17T00:49:00Z,true
severn-trent:SVT02077:1788518887000,severn-trent:SVT02077,severn-trent,2026-09-04T10:48:07Z,2026-09-04T11:26:54Z,39,hub,2026-09-17T00:49:00Z,2026-09-17T00:49:00Z,true
severn-trent:SVT02079:1788493057000,severn-trent:SVT02079,severn-trent,2026-09-04T03:37:37Z,2026-09-04T03:41:32Z,4,hub,2026-09-17T00:49:00Z,2026-09-17T00:49:00Z,true
severn-trent:SVT02081:1789272697000,severn-trent:SVT02081,severn-trent,2026-09-13T04:11:37Z,2026-09-13T04:39:37Z,28,hub,2026-09-17T00:49:00Z,2026-09-17T00:49:00Z,true
severn-trent:SVT02082:1788492889000,severn-trent:SVT02082,severn-trent,2026-09-04T03:34:49Z,2026-09-04T07:19:34Z,225,hub,2026-09-17T00:49:00Z,2026-09-17T00:49:00Z,true
severn-trent:SVT02086:1789312723000,severn-trent:SVT02086,severn-trent,2026-09-13T15:18:43Z,2026-09-13T15:22:17Z,4,hub,2026-09-17T00:49:00Z,2026-09-17T00:49:00Z,true
severn-trent:SVT02091:1789267229000,severn-trent:SVT02091,severn-trent,2026-09-13T02:40:29Z,2026-09-13T02:52:37Z,12,hub,2026-09-17T00:49:00Z,2026-09-17T00:49:00Z,true
severn-trent:SVT02092:1788490633000,severn-trent:SVT02092,severn-trent,2026-09-04T02:57:13Z,2026-09-04T03:09:19Z,12,hub,2026-09-17T00:49:00Z,2026-09-17T00:49:00Z,true
severn-trent:SVT02094:1788496639000,severn-trent:SVT02094,severn-trent,2026-09-04T04:37:19Z,2026-09-04T05:11:55Z,35,hub,2026-09-17T00:49:00Z,2026-09-17T00:49:00Z,true
severn-trent:SVT02096:1788490132000,severn-trent:SVT02096,severn-trent,2026-09-04T02:48:52Z,2026-09-04T07:14:54Z,266,hub,2026-09-17T00:49:00Z,2026-09-17T00:49:00Z,true
severn-trent:SVT02100:1788485416000,severn-trent:SVT02100,severn-trent,2026-09-04T01:30:16Z,2026-09-04T03:38:05Z,128,hub,2026-09-17T00:49:00Z,2026-09-17T00:49:00Z,true
severn-trent:SVT02105:1788488699000,severn-trent:SVT02105,severn-trent,2026-09-04T02:24:59Z,2026-09-04T03:13:33Z,49,hub,2026-09-17T00:49:00Z,2026-09-17T00:49:00Z,true
severn-trent:SVT02106:1788488025000,severn-trent:SVT02106,severn-trent,2026-09-04T02:13:45Z,2026-09-04T06:48:07Z,274,hub,2026-09-17T00:49:00Z,2026-09-17T00:49:00Z,true
severn-trent:SVT02107:1788488916000,severn-trent:SVT02107,severn-trent,2026-09-04T02:28:36Z,2026-09-04T03:17:30Z,49,hub,2026-09-17T00:49:00Z,2026-09-17T00:49:00Z,true
severn-trent:SVT02109:1788495647000,severn-trent:SVT02109,severn-trent,2026-09-04T04:20:47Z,2026-09-05T01:50:00Z,1289,hub,2026-09-17T00:49:00Z,2026-09-17T00:49:00Z,true
severn-trent:SVT02111:1789267913000,severn-trent:SVT02111,severn-trent,2026-09-13T02:51:53Z,2026-09-13T02:54:23Z,3,hub,2026-09-17T00:49:00Z,2026-09-17T00:49:00Z,true
severn-trent:SVT02112:1788493038000,severn-trent:SVT02112,severn-trent,2026-09-04T03:37:18Z,2026-09-04T04:05:40Z,28,hub,2026-09-17T00:49:00Z,2026-09-17T00:49:00Z,true
severn-trent:SVT02115:1788489870000,severn-trent:SVT02115,severn-trent,2026-09-04T02:44:30Z,2026-09-04T03:05:00Z,21,hub,2026-09-17T00:49:00Z,2026-09-17T00:49:00Z,true
severn-trent:SVT02120:1788490729000,severn-trent:SVT02120,severn-trent,2026-09-04T02:58:49Z,2026-09-04T03:14:21Z,16,hub,2026-09-17T00:49:00Z,2026-09-17T00:49:00Z,true
severn-trent:SVT02121:1788491297000,severn-trent:SVT02121,severn-trent,2026-09-04T03:08:17Z,2026-09-04T04:16:48Z,69,hub,2026-09-17T00:49:00Z,2026-09-17T00:49:00Z,true
severn-trent:SVT02123:1788495992000,severn-trent:SVT02123,severn-trent,2026-09-04T04:26:32Z,2026-09-04T09:20:00Z,293,hub,2026-09-17T00:49:00Z,2026-09-17T00:49:00Z,true
severn-trent:SVT02126:1788486062000,severn-trent:SVT02126,severn-trent,2026-09-04T01:41:02Z,2026-09-04T02:03:54Z,23,hub,2026-09-17T00:49:00Z,2026-09-17T00:49:00Z,true
severn-trent:SVT02126:1789084500000,severn-trent:SVT02126,severn-trent,2026-09-10T23:55:00Z,2026-09-14T23:45:00Z,5750,hub,2026-09-18T17:51:51Z,2026-09-18T17:51:51Z,true
severn-trent:SVT02128:1788491242000,severn-trent:SVT02128,severn-trent,2026-09-04T03:07:22Z,2026-09-04T04:12:43Z,65,hub,2026-09-17T00:49:00Z,2026-09-17T00:49:00Z,true
severn-trent:SVT02137:1788495459000,severn-trent:SVT02137,severn-trent,2026-09-04T04:17:39Z,2026-09-04T04:25:34Z,8,hub,2026-09-17T00:49:00Z,2026-09-17T00:49:00Z,true
severn-trent:SVT02140:1788490902000,severn-trent:SVT02140,severn-trent,2026-09-04T03:01:42Z,2026-09-04T04:03:46Z,62,hub,2026-09-17T00:49:00Z,2026-09-17T00:49:00Z,true
severn-trent:SVT02142:1788492920000,severn-trent:SVT02142,severn-trent,2026-09-04T03:35:20Z,2026-09-04T03:48:00Z,13,hub,2026-09-17T00:49:00Z,2026-09-17T00:49:00Z,true
severn-trent:SVT02148:1788994698000,severn-trent:SVT02148,severn-trent,2026-09-09T22:58:18Z,2026-09-10T01:47:00Z,169,hub,2026-09-17T00:49:00Z,2026-09-17T00:49:00Z,true
severn-trent:SVT02150:1788492041000,severn-trent:SVT02150,severn-trent,2026-09-04T03:20:41Z,2026-09-04T03:54:52Z,34,hub,2026-09-17T00:49:00Z,2026-09-17T00:49:00Z,true
severn-trent:SVT02151:1788491440000,severn-trent:SVT02151,severn-trent,2026-09-04T03:10:40Z,2026-09-04T04:18:53Z,68,hub,2026-09-17T00:49:00Z,2026-09-17T00:49:00Z,true
severn-trent:SVT02155:1788488591000,severn-trent:SVT02155,severn-trent,2026-09-04T02:23:11Z,2026-09-04T03:14:40Z,51,hub,2026-09-17T00:49:00Z,2026-09-17T00:49:00Z,true
severn-trent:SVT02161:1788492284000,severn-trent:SVT02161,severn-trent,2026-09-04T03:24:44Z,2026-09-04T03:37:29Z,13,hub,2026-09-17T00:49:00Z,2026-09-17T00:49:00Z,true
severn-trent:SVT02164:1789322616000,severn-trent:SVT02164,severn-trent,2026-09-13T18:03:36Z,2026-09-13T18:48:32Z,45,hub,2026-09-17T00:49:00Z,2026-09-17T00:49:00Z,true
severn-trent:SVT02165:1788495864000,severn-trent:SVT02165,severn-trent,2026-09-04T04:24:24Z,2026-09-04T04:31:04Z,7,hub,2026-09-17T00:49:00Z,2026-09-17T00:49:00Z,true
severn-trent:SVT02166:1788491796000,severn-trent:SVT02166,severn-trent,2026-09-04T03:16:36Z,2026-09-04T04:40:04Z,83,hub,2026-09-17T00:49:00Z,2026-09-17T00:49:00Z,true
severn-trent:SVT02168:1788499280000,severn-trent:SVT02168,severn-trent,2026-09-04T05:21:20Z,2026-09-04T07:00:59Z,100,hub,2026-09-17T00:49:00Z,2026-09-17T00:49:00Z,true
severn-trent:SVT02169:1788501062000,severn-trent:SVT02169,severn-trent,2026-09-04T05:51:02Z,2026-09-04T07:49:00Z,118,hub,2026-09-17T00:49:00Z,2026-09-17T00:49:00Z,true
severn-trent:SVT02171:1788512205000,severn-trent:SVT02171,severn-trent,2026-09-04T08:56:45Z,2026-09-04T09:01:37Z,5,hub,2026-09-17T00:49:00Z,2026-09-17T00:49:00Z,true
severn-trent:SVT02172:1788496929000,severn-trent:SVT02172,severn-trent,2026-09-04T04:42:09Z,2026-09-04T08:43:55Z,242,hub,2026-09-17T00:49:00Z,2026-09-17T00:49:00Z,true
severn-trent:SVT02174:1788491075000,severn-trent:SVT02174,severn-trent,2026-09-04T03:04:35Z,2026-09-04T04:32:38Z,88,hub,2026-09-17T00:49:00Z,2026-09-17T00:49:00Z,true
severn-trent:SVT02180:1789157648000,severn-trent:SVT02180,severn-trent,2026-09-11T20:14:08Z,2026-09-11T20:15:00Z,1,hub,2026-09-17T00:49:00Z,2026-09-17T00:49:00Z,true
severn-trent:SVT02180:1789640949000,severn-trent:SVT02180,severn-trent,2026-09-17T10:29:09Z,2026-09-17T10:30:00Z,1,hub,2026-09-17T11:32:49Z,2026-09-17T11:32:49Z,true
severn-trent:SVT02180:1789671550000,severn-trent:SVT02180,severn-trent,2026-09-17T18:59:10Z,2026-09-17T19:00:00Z,1,hub,2026-09-17T22:13:42Z,2026-09-17T22:13:42Z,true
severn-trent:SVT02185:1788488735000,severn-trent:SVT02185,severn-trent,2026-09-04T02:25:35Z,2026-09-04T03:32:34Z,67,hub,2026-09-17T00:49:00Z,2026-09-17T00:49:00Z,true
severn-trent:SVT02187:1789265734000,severn-trent:SVT02187,severn-trent,2026-09-13T02:15:34Z,2026-09-13T02:50:47Z,35,hub,2026-09-17T00:49:00Z,2026-09-17T00:49:00Z,true
severn-trent:SVT02189:1788495143000,severn-trent:SVT02189,severn-trent,2026-09-04T04:12:23Z,2026-09-04T04:19:34Z,7,hub,2026-09-17T00:49:00Z,2026-09-17T00:49:00Z,true
severn-trent:SVT02199:1789270376000,severn-trent:SVT02199,severn-trent,2026-09-13T03:32:56Z,2026-09-13T03:43:44Z,11,hub,2026-09-17T00:49:00Z,2026-09-17T00:49:00Z,true
severn-trent:SVT02201:1788496021000,severn-trent:SVT02201,severn-trent,2026-09-04T04:27:01Z,2026-09-04T08:11:25Z,224,hub,2026-09-17T00:49:00Z,2026-09-17T00:49:00Z,true
severn-trent:SVT02205:1789266191000,severn-trent:SVT02205,severn-trent,2026-09-13T02:23:11Z,2026-09-13T02:37:26Z,14,hub,2026-09-17T00:49:00Z,2026-09-17T00:49:00Z,true
severn-trent:SVT02214:1788491119000,severn-trent:SVT02214,severn-trent,2026-09-04T03:05:19Z,2026-09-04T03:08:24Z,3,hub,2026-09-17T00:49:00Z,2026-09-17T00:49:00Z,true
severn-trent:SVT02216:1788508852000,severn-trent:SVT02216,severn-trent,2026-09-04T08:00:52Z,2026-09-04T10:23:46Z,143,hub,2026-09-17T00:49:00Z,2026-09-17T00:49:00Z,true
severn-trent:SVT02217:1788487804000,severn-trent:SVT02217,severn-trent,2026-09-04T02:10:04Z,2026-09-04T03:00:40Z,51,hub,2026-09-17T00:49:00Z,2026-09-17T00:49:00Z,true
severn-trent:SVT02228:1788494839000,severn-trent:SVT02228,severn-trent,2026-09-04T04:07:19Z,2026-09-04T04:37:38Z,30,hub,2026-09-17T00:49:00Z,2026-09-17T00:49:00Z,true
severn-trent:SVT02229:1788495616000,severn-trent:SVT02229,severn-trent,2026-09-04T04:20:16Z,2026-09-04T04:44:15Z,24,hub,2026-09-17T00:49:00Z,2026-09-17T00:49:00Z,true
severn-trent:SVT02233:1788491042000,severn-trent:SVT02233,severn-trent,2026-09-04T03:04:02Z,2026-09-04T03:13:31Z,9,hub,2026-09-17T00:49:00Z,2026-09-17T00:49:00Z,true
severn-trent:SVT02236:1788493378000,severn-trent:SVT02236,severn-trent,2026-09-04T03:42:58Z,2026-09-04T03:48:43Z,6,hub,2026-09-17T00:49:00Z,2026-09-17T00:49:00Z,true
severn-trent:SVT02239:1788527811000,severn-trent:SVT02239,severn-trent,2026-09-04T13:16:51Z,2026-09-04T13:37:18Z,20,hub,2026-09-17T00:49:00Z,2026-09-17T00:49:00Z,true
severn-trent:SVT02239:1789761380000,severn-trent:SVT02239,severn-trent,2026-09-18T19:56:20Z,2026-09-18T21:29:37Z,93,hub,2026-09-18T20:21:27Z,2026-09-18T22:43:41Z,true
severn-trent:SVT02244:1788490767000,severn-trent:SVT02244,severn-trent,2026-09-04T02:59:27Z,2026-09-04T10:01:34Z,422,hub,2026-09-17T00:49:00Z,2026-09-17T00:49:00Z,true
severn-trent:SVT02251:1789129841000,severn-trent:SVT02251,severn-trent,2026-09-11T12:30:41Z,2026-09-11T12:45:00Z,14,hub,2026-09-17T00:49:00Z,2026-09-17T00:49:00Z,true
severn-trent:SVT02252:1788833141000,severn-trent:SVT02252,severn-trent,2026-09-08T02:05:41Z,2026-09-08T02:20:00Z,14,hub,2026-09-17T00:49:00Z,2026-09-17T00:49:00Z,true
severn-trent:SVT02254:1788506440000,severn-trent:SVT02254,severn-trent,2026-09-04T07:20:40Z,2026-09-04T07:25:36Z,5,hub,2026-09-17T00:49:00Z,2026-09-17T00:49:00Z,true
severn-trent:SVT02257:1789334791000,severn-trent:SVT02257,severn-trent,2026-09-13T21:26:31Z,2026-09-13T21:29:57Z,3,hub,2026-09-17T00:49:00Z,2026-09-17T00:49:00Z,true
severn-trent:SVT02263:1788492862000,severn-trent:SVT02263,severn-trent,2026-09-04T03:34:22Z,2026-09-04T07:30:50Z,236,hub,2026-09-17T00:49:00Z,2026-09-17T00:49:00Z,true
severn-trent:SVT02264:1788486522000,severn-trent:SVT02264,severn-trent,2026-09-04T01:48:42Z,2026-09-04T09:11:59Z,443,hub,2026-09-17T00:49:00Z,2026-09-17T00:49:00Z,true
severn-trent:SVT02267:1788496340000,severn-trent:SVT02267,severn-trent,2026-09-04T04:32:20Z,2026-09-04T07:31:32Z,179,hub,2026-09-17T00:49:00Z,2026-09-17T00:49:00Z,true
severn-trent:SVT02271:1788502114000,severn-trent:SVT02271,severn-trent,2026-09-04T06:08:34Z,2026-09-04T06:44:16Z,36,hub,2026-09-17T00:49:00Z,2026-09-17T00:49:00Z,true
severn-trent:SVT02272:1788963682000,severn-trent:SVT02272,severn-trent,2026-09-09T14:21:22Z,2026-09-09T16:00:13Z,99,hub,2026-09-17T00:49:00Z,2026-09-17T00:49:00Z,true
severn-trent:SVT02274:1788500339000,severn-trent:SVT02274,severn-trent,2026-09-04T05:38:59Z,2026-09-04T05:51:12Z,12,hub,2026-09-17T00:49:00Z,2026-09-17T00:49:00Z,true
severn-trent:SVT02274:1789626517000,severn-trent:SVT02274,severn-trent,2026-09-17T06:28:37Z,2026-09-17T06:34:19Z,6,hub,2026-09-17T11:32:49Z,2026-09-17T11:32:49Z,true
severn-trent:SVT02277:1789320010000,severn-trent:SVT02277,severn-trent,2026-09-13T17:20:10Z,2026-09-13T17:33:52Z,14,hub,2026-09-17T00:49:00Z,2026-09-17T00:49:00Z,true
severn-trent:SVT02283:1789244827000,severn-trent:SVT02283,severn-trent,2026-09-12T20:27:07Z,2026-09-12T20:36:39Z,10,hub,2026-09-17T00:49:00Z,2026-09-17T00:49:00Z,true
severn-trent:SVT02296:1788496467000,severn-trent:SVT02296,severn-trent,2026-09-04T04:34:27Z,2026-09-04T05:03:24Z,29,hub,2026-09-17T00:49:00Z,2026-09-17T00:49:00Z,true
severn-trent:SVT02296:1789702278000,severn-trent:SVT02296,severn-trent,2026-09-18T03:31:18Z,2026-09-18T03:58:43Z,27,hub,2026-09-18T05:53:28Z,2026-09-18T05:53:28Z,true
severn-trent:SVT02296:1789726559000,severn-trent:SVT02296,severn-trent,2026-09-18T10:15:59Z,2026-09-18T10:18:04Z,2,hub,2026-09-18T10:40:52Z,2026-09-18T10:40:52Z,true
severn-trent:SVT02301:1789590671000,severn-trent:SVT02301,severn-trent,2026-09-16T20:31:11Z,2026-09-16T20:35:34Z,4,hub,2026-09-17T00:49:00Z,2026-09-17T00:49:00Z,true
severn-trent:SVT02301:1789605076000,severn-trent:SVT02301,severn-trent,2026-09-17T00:31:16Z,2026-09-17T00:34:05Z,3,hub,2026-09-17T02:08:37Z,2026-09-17T02:08:37Z,true
severn-trent:SVT02301:1789636930000,severn-trent:SVT02301,severn-trent,2026-09-17T09:22:10Z,2026-09-17T09:28:25Z,6,hub,2026-09-17T11:32:49Z,2026-09-17T11:32:49Z,true
severn-trent:SVT02301:1789645448000,severn-trent:SVT02301,severn-trent,2026-09-17T11:44:08Z,2026-09-17T11:49:55Z,6,hub,2026-09-17T13:51:58Z,2026-09-17T13:51:58Z,true
severn-trent:SVT02311:1788492296000,severn-trent:SVT02311,severn-trent,2026-09-04T03:24:56Z,2026-09-04T03:33:01Z,8,hub,2026-09-17T00:49:00Z,2026-09-17T00:49:00Z,true
severn-trent:SVT02316:1788490567000,severn-trent:SVT02316,severn-trent,2026-09-04T02:56:07Z,2026-09-04T03:27:43Z,32,hub,2026-09-17T00:49:00Z,2026-09-17T00:49:00Z,true
severn-trent:SVT02318:1788491669000,severn-trent:SVT02318,severn-trent,2026-09-04T03:14:29Z,2026-09-04T03:15:48Z,1,hub,2026-09-17T00:49:00Z,2026-09-17T00:49:00Z,true
severn-trent:SVT02320:1789336721000,severn-trent:SVT02320,severn-trent,2026-09-13T21:58:41Z,2026-09-13T22:13:42Z,15,hub,2026-09-17T00:49:00Z,2026-09-17T00:49:00Z,true
severn-trent:SVT02324:1788825145000,severn-trent:SVT02324,severn-trent,2026-09-07T23:52:25Z,2026-09-08T00:35:00Z,43,hub,2026-09-17T00:49:00Z,2026-09-17T00:49:00Z,true
severn-trent:SVT02325:1789330329000,severn-trent:SVT02325,severn-trent,2026-09-13T20:12:09Z,2026-09-13T21:05:15Z,53,hub,2026-09-17T00:49:00Z,2026-09-17T00:49:00Z,true
severn-trent:SVT02328:1788487512000,severn-trent:SVT02328,severn-trent,2026-09-04T02:05:12Z,2026-09-04T03:04:44Z,60,hub,2026-09-17T00:49:00Z,2026-09-17T00:49:00Z,true
severn-trent:SVT02338:1788495443000,severn-trent:SVT02338,severn-trent,2026-09-04T04:17:23Z,2026-09-04T04:53:47Z,36,hub,2026-09-17T00:49:00Z,2026-09-17T00:49:00Z,true
severn-trent:SVT02340:1788938199000,severn-trent:SVT02340,severn-trent,2026-09-09T07:16:39Z,2026-09-09T13:16:19Z,360,hub,2026-09-17T00:49:00Z,2026-09-17T00:49:00Z,true
severn-trent:SVT02346:1789266974000,severn-trent:SVT02346,severn-trent,2026-09-13T02:36:14Z,2026-09-13T02:46:37Z,10,hub,2026-09-17T00:49:00Z,2026-09-17T00:49:00Z,true
severn-trent:SVT02347:1789501404000,severn-trent:SVT02347,severn-trent,2026-09-15T19:43:24Z,2026-09-15T19:47:42Z,4,hub,2026-09-17T00:49:00Z,2026-09-17T00:49:00Z,true
severn-trent:SVT02350:1788488343000,severn-trent:SVT02350,severn-trent,2026-09-04T02:19:03Z,2026-09-04T02:51:37Z,33,hub,2026-09-17T00:49:00Z,2026-09-17T00:49:00Z,true
severn-trent:SVT02353:1788502372000,severn-trent:SVT02353,severn-trent,2026-09-04T06:12:52Z,2026-09-04T06:41:05Z,28,hub,2026-09-17T00:49:00Z,2026-09-17T00:49:00Z,true
severn-trent:SVT02354:1788846919000,severn-trent:SVT02354,severn-trent,2026-09-08T05:55:19Z,2026-09-08T06:06:22Z,11,hub,2026-09-17T00:49:00Z,2026-09-17T00:49:00Z,true
severn-trent:SVT02359:1788493283000,severn-trent:SVT02359,severn-trent,2026-09-04T03:41:23Z,2026-09-04T04:27:38Z,46,hub,2026-09-17T00:49:00Z,2026-09-17T00:49:00Z,true
severn-trent:SVT02375:1788491512000,severn-trent:SVT02375,severn-trent,2026-09-04T03:11:52Z,2026-09-04T03:17:23Z,6,hub,2026-09-17T00:49:00Z,2026-09-17T00:49:00Z,true
severn-trent:SVT02376:1788492829000,severn-trent:SVT02376,severn-trent,2026-09-04T03:33:49Z,2026-09-04T03:39:16Z,5,hub,2026-09-17T00:49:00Z,2026-09-17T00:49:00Z,true
severn-trent:SVT02380:1789530014000,severn-trent:SVT02380,severn-trent,2026-09-16T03:40:14Z,2026-09-16T03:45:47Z,6,hub,2026-09-17T00:49:00Z,2026-09-17T00:49:00Z,true
severn-trent:SVT02381:1788489706000,severn-trent:SVT02381,severn-trent,2026-09-04T02:41:46Z,2026-09-04T06:35:24Z,234,hub,2026-09-17T00:49:00Z,2026-09-17T00:49:00Z,true
severn-trent:SVT02386:1788493062000,severn-trent:SVT02386,severn-trent,2026-09-04T03:37:42Z,2026-09-04T03:38:00Z,0,hub,2026-09-17T00:49:00Z,2026-09-17T00:49:00Z,true
severn-trent:SVT02388:1788492849000,severn-trent:SVT02388,severn-trent,2026-09-04T03:34:09Z,2026-09-04T03:43:19Z,9,hub,2026-09-17T00:49:00Z,2026-09-17T00:49:00Z,true
severn-trent:SVT02390:1788496584000,severn-trent:SVT02390,severn-trent,2026-09-04T04:36:24Z,2026-09-04T05:12:17Z,36,hub,2026-09-17T00:49:00Z,2026-09-17T00:49:00Z,true
severn-trent:SVT02392:1788496420000,severn-trent:SVT02392,severn-trent,2026-09-04T04:33:40Z,2026-09-04T05:08:10Z,35,hub,2026-09-17T00:49:00Z,2026-09-17T00:49:00Z,true
severn-trent:SVT02393:1788488817000,severn-trent:SVT02393,severn-trent,2026-09-04T02:26:57Z,2026-09-04T03:24:03Z,57,hub,2026-09-17T00:49:00Z,2026-09-17T00:49:00Z,true
severn-trent:SVT02395:1788501958000,severn-trent:SVT02395,severn-trent,2026-09-04T06:05:58Z,2026-09-04T06:45:27Z,39,hub,2026-09-17T00:49:00Z,2026-09-17T00:49:00Z,true
severn-trent:SVT02401:1788502104000,severn-trent:SVT02401,severn-trent,2026-09-04T06:08:24Z,2026-09-04T06:19:21Z,11,hub,2026-09-17T00:49:00Z,2026-09-17T00:49:00Z,true
severn-trent:SVT02402:1788495432000,severn-trent:SVT02402,severn-trent,2026-09-04T04:17:12Z,2026-09-04T04:47:54Z,31,hub,2026-09-17T00:49:00Z,2026-09-17T00:49:00Z,true
severn-trent:SVT02403:1788495891000,severn-trent:SVT02403,severn-trent,2026-09-04T04:24:51Z,2026-09-04T04:51:48Z,27,hub,2026-09-17T00:49:00Z,2026-09-17T00:49:00Z,true
severn-trent:SVT02404:1788506130000,severn-trent:SVT02404,severn-trent,2026-09-04T07:15:30Z,2026-09-04T07:41:15Z,26,hub,2026-09-17T00:49:00Z,2026-09-17T00:49:00Z,true
severn-trent:SVT02405:1788496961000,severn-trent:SVT02405,severn-trent,2026-09-04T04:42:41Z,2026-09-04T07:20:00Z,157,hub,2026-09-17T00:49:00Z,2026-09-17T00:49:00Z,true
severn-trent:SVT02407:1788499150000,severn-trent:SVT02407,severn-trent,2026-09-04T05:19:10Z,2026-09-04T08:15:20Z,176,hub,2026-09-17T00:49:00Z,2026-09-17T00:49:00Z,true
severn-trent:SVT02408:1789512281000,severn-trent:SVT02408,severn-trent,2026-09-15T22:44:41Z,2026-09-15T22:45:26Z,1,hub,2026-09-17T00:49:00Z,2026-09-17T00:49:00Z,true
severn-trent:SVT02412:1788495763000,severn-trent:SVT02412,severn-trent,2026-09-04T04:22:43Z,2026-09-04T04:52:21Z,30,hub,2026-09-17T00:49:00Z,2026-09-17T00:49:00Z,true
severn-trent:SVT02413:1788866961000,severn-trent:SVT02413,severn-trent,2026-09-08T11:29:21Z,2026-09-08T11:30:00Z,1,hub,2026-09-17T00:49:00Z,2026-09-17T00:49:00Z,true
severn-trent:SVT02422:1788502122000,severn-trent:SVT02422,severn-trent,2026-09-04T06:08:42Z,2026-09-04T06:29:07Z,20,hub,2026-09-17T00:49:00Z,2026-09-17T00:49:00Z,true
severn-trent:SVT02428:1788492922000,severn-trent:SVT02428,severn-trent,2026-09-04T03:35:22Z,2026-09-04T03:36:17Z,1,hub,2026-09-17T00:49:00Z,2026-09-17T00:49:00Z,true
severn-trent:SVT02429:1788492307000,severn-trent:SVT02429,severn-trent,2026-09-04T03:25:07Z,2026-09-04T03:47:46Z,23,hub,2026-09-17T00:49:00Z,2026-09-17T00:49:00Z,true
severn-trent:SVT02430:1788492921000,severn-trent:SVT02430,severn-trent,2026-09-04T03:35:21Z,2026-09-04T04:18:37Z,43,hub,2026-09-17T00:49:00Z,2026-09-17T00:49:00Z,true
severn-trent:SVT02431:1788501676000,severn-trent:SVT02431,severn-trent,2026-09-04T06:01:16Z,2026-09-04T07:59:35Z,118,hub,2026-09-17T00:49:00Z,2026-09-17T00:49:00Z,true
severn-trent:SVT02438:1788496018000,severn-trent:SVT02438,severn-trent,2026-09-04T04:26:58Z,2026-09-04T04:35:40Z,9,hub,2026-09-17T00:49:00Z,2026-09-17T00:49:00Z,true
severn-trent:SVT02441:1788512187000,severn-trent:SVT02441,severn-trent,2026-09-04T08:56:27Z,2026-09-04T13:42:16Z,286,hub,2026-09-17T00:49:00Z,2026-09-17T00:49:00Z,true
severn-trent:SVT02442:1788507008000,severn-trent:SVT02442,severn-trent,2026-09-04T07:30:08Z,2026-09-04T09:59:11Z,149,hub,2026-09-17T00:49:00Z,2026-09-17T00:49:00Z,true
severn-trent:SVT02443:1788518631000,severn-trent:SVT02443,severn-trent,2026-09-04T10:43:51Z,2026-09-04T10:50:19Z,6,hub,2026-09-17T00:49:00Z,2026-09-17T00:49:00Z,true
severn-trent:SVT02450:1788490398000,severn-trent:SVT02450,severn-trent,2026-09-04T02:53:18Z,2026-09-04T03:05:08Z,12,hub,2026-09-17T00:49:00Z,2026-09-17T00:49:00Z,true
severn-trent:SVT02453:1788491677000,severn-trent:SVT02453,severn-trent,2026-09-04T03:14:37Z,2026-09-04T03:38:21Z,24,hub,2026-09-17T00:49:00Z,2026-09-17T00:49:00Z,true
severn-trent:SVT02456:1788497078000,severn-trent:SVT02456,severn-trent,2026-09-04T04:44:38Z,2026-09-04T05:17:57Z,33,hub,2026-09-17T00:49:00Z,2026-09-17T00:49:00Z,true
severn-trent:SVT02460:1789263979000,severn-trent:SVT02460,severn-trent,2026-09-13T01:46:19Z,2026-09-13T06:20:00Z,274,hub,2026-09-17T00:49:00Z,2026-09-17T00:49:00Z,true
severn-trent:SVT02460:1789751400000,severn-trent:SVT02460,severn-trent,2026-09-18T17:10:00Z,2026-09-18T17:45:00Z,35,hub,2026-09-18T17:51:51Z,2026-09-18T18:42:49Z,true
severn-trent:SVT02461:1788502560000,severn-trent:SVT02461,severn-trent,2026-09-04T06:16:00Z,2026-09-04T07:03:32Z,48,hub,2026-09-17T00:49:00Z,2026-09-17T00:49:00Z,true
severn-trent:SVT02462:1788496240000,severn-trent:SVT02462,severn-trent,2026-09-04T04:30:40Z,2026-09-04T04:41:33Z,11,hub,2026-09-17T00:49:00Z,2026-09-17T00:49:00Z,true
severn-trent:SVT02463:1788494903000,severn-trent:SVT02463,severn-trent,2026-09-04T04:08:23Z,2026-09-04T04:47:58Z,40,hub,2026-09-17T00:49:00Z,2026-09-17T00:49:00Z,true
severn-trent:SVT02466:1788492050000,severn-trent:SVT02466,severn-trent,2026-09-04T03:20:50Z,2026-09-04T03:32:56Z,12,hub,2026-09-17T00:49:00Z,2026-09-17T00:49:00Z,true
severn-trent:SVT02469:1788288650000,severn-trent:SVT02469,severn-trent,2026-09-01T18:50:50Z,2026-09-01T19:09:40Z,19,hub,2026-09-17T00:49:00Z,2026-09-17T00:49:00Z,true
severn-trent:SVT02476:1788488919000,severn-trent:SVT02476,severn-trent,2026-09-04T02:28:39Z,2026-09-04T02:34:21Z,6,hub,2026-09-17T00:49:00Z,2026-09-17T00:49:00Z,true
severn-trent:SVT02477:1788505271000,severn-trent:SVT02477,severn-trent,2026-09-04T07:01:11Z,2026-09-04T07:43:54Z,43,hub,2026-09-17T00:49:00Z,2026-09-17T00:49:00Z,true
severn-trent:SVT02478:1788492973000,severn-trent:SVT02478,severn-trent,2026-09-04T03:36:13Z,2026-09-04T04:01:25Z,25,hub,2026-09-17T00:49:00Z,2026-09-17T00:49:00Z,true
severn-trent:SVT02483:1789267794000,severn-trent:SVT02483,severn-trent,2026-09-13T02:49:54Z,2026-09-13T03:16:02Z,26,hub,2026-09-17T00:49:00Z,2026-09-17T00:49:00Z,true
severn-trent:SVT02484:1788496282000,severn-trent:SVT02484,severn-trent,2026-09-04T04:31:22Z,2026-09-04T04:35:30Z,4,hub,2026-09-17T00:49:00Z,2026-09-17T00:49:00Z,true
severn-trent:SVT02488:1788489499000,severn-trent:SVT02488,severn-trent,2026-09-04T02:38:19Z,2026-09-04T02:49:35Z,11,hub,2026-09-17T00:49:00Z,2026-09-17T00:49:00Z,true
severn-trent:SVT02491:1788494199000,severn-trent:SVT02491,severn-trent,2026-09-04T03:56:39Z,2026-09-04T04:22:45Z,26,hub,2026-09-17T00:49:00Z,2026-09-17T00:49:00Z,true
severn-trent:SVT02495:1788491643000,severn-trent:SVT02495,severn-trent,2026-09-04T03:14:03Z,2026-09-04T03:15:00Z,1,hub,2026-09-17T00:49:00Z,2026-09-17T00:49:00Z,true
severn-trent:SVT02501:1788499694000,severn-trent:SVT02501,severn-trent,2026-09-04T05:28:14Z,2026-09-04T05:41:05Z,13,hub,2026-09-17T00:49:00Z,2026-09-17T00:49:00Z,true
severn-trent:SVT02502:1788499309000,severn-trent:SVT02502,severn-trent,2026-09-04T05:21:49Z,2026-09-04T05:38:35Z,17,hub,2026-09-17T00:49:00Z,2026-09-17T00:49:00Z,true
severn-trent:SVT02502:1789624708000,severn-trent:SVT02502,severn-trent,2026-09-17T05:58:28Z,2026-09-17T06:18:45Z,20,hub,2026-09-17T11:32:49Z,2026-09-17T11:32:49Z,true
severn-trent:SVT02504:1788494197000,severn-trent:SVT02504,severn-trent,2026-09-04T03:56:37Z,2026-09-04T05:05:23Z,69,hub,2026-09-17T00:49:00Z,2026-09-17T00:49:00Z,true
severn-trent:SVT02507:1788494145000,severn-trent:SVT02507,severn-trent,2026-09-04T03:55:45Z,2026-09-04T04:21:01Z,25,hub,2026-09-17T00:49:00Z,2026-09-17T00:49:00Z,true
severn-trent:SVT02518:1789322893000,severn-trent:SVT02518,severn-trent,2026-09-13T18:08:13Z,2026-09-13T18:22:08Z,14,hub,2026-09-17T00:49:00Z,2026-09-17T00:49:00Z,true
severn-trent:SVT02523:1788488705000,severn-trent:SVT02523,severn-trent,2026-09-04T02:25:05Z,2026-09-04T21:46:49Z,1162,hub,2026-09-17T00:49:00Z,2026-09-17T00:49:00Z,true
severn-trent:SVT02524:1789267816000,severn-trent:SVT02524,severn-trent,2026-09-13T02:50:16Z,2026-09-13T02:55:42Z,5,hub,2026-09-17T00:49:00Z,2026-09-17T00:49:00Z,true
severn-trent:SVT02526:1789277340000,severn-trent:SVT02526,severn-trent,2026-09-13T05:29:00Z,2026-09-13T05:31:08Z,2,hub,2026-09-17T00:49:00Z,2026-09-17T00:49:00Z,true
severn-trent:SVT02528:1788492740000,severn-trent:SVT02528,severn-trent,2026-09-04T03:32:20Z,2026-09-04T07:31:15Z,239,hub,2026-09-17T00:49:00Z,2026-09-17T00:49:00Z,true
severn-trent:SVT02531:1788501702000,severn-trent:SVT02531,severn-trent,2026-09-04T06:01:42Z,2026-09-04T06:51:10Z,49,hub,2026-09-17T00:49:00Z,2026-09-17T00:49:00Z,true
severn-trent:SVT02535:1788499991000,severn-trent:SVT02535,severn-trent,2026-09-04T05:33:11Z,2026-09-04T11:14:44Z,342,hub,2026-09-17T00:49:00Z,2026-09-17T00:49:00Z,true
severn-trent:SVT02538:1788911700000,severn-trent:SVT02538,severn-trent,2026-09-08T23:55:00Z,2026-09-10T13:38:10Z,2263,hub,2026-09-17T00:49:00Z,2026-09-17T00:49:00Z,true
severn-trent:SVT02543:1788928987000,severn-trent:SVT02543,severn-trent,2026-09-09T04:43:07Z,2026-09-09T04:45:55Z,3,hub,2026-09-17T00:49:00Z,2026-09-17T00:49:00Z,true
severn-trent:SVT02550:1788497553000,severn-trent:SVT02550,severn-trent,2026-09-04T04:52:33Z,2026-09-04T10:00:48Z,308,hub,2026-09-17T00:49:00Z,2026-09-17T00:49:00Z,true
severn-trent:SVT02551:1788494370000,severn-trent:SVT02551,severn-trent,2026-09-04T03:59:30Z,2026-09-04T04:02:50Z,3,hub,2026-09-17T00:49:00Z,2026-09-17T00:49:00Z,true
severn-trent:SVT02554:1788496605000,severn-trent:SVT02554,severn-trent,2026-09-04T04:36:45Z,2026-09-04T05:24:00Z,47,hub,2026-09-17T00:49:00Z,2026-09-17T00:49:00Z,true
severn-trent:SVT02555:1788495950000,severn-trent:SVT02555,severn-trent,2026-09-04T04:25:50Z,2026-09-04T05:14:39Z,49,hub,2026-09-17T00:49:00Z,2026-09-17T00:49:00Z,true
severn-trent:SVT02556:1788498921000,severn-trent:SVT02556,severn-trent,2026-09-04T05:15:21Z,2026-09-04T05:27:07Z,12,hub,2026-09-17T00:49:00Z,2026-09-17T00:49:00Z,true
severn-trent:SVT02557:1788496732000,severn-trent:SVT02557,severn-trent,2026-09-04T04:38:52Z,2026-09-04T04:55:39Z,17,hub,2026-09-17T00:49:00Z,2026-09-17T00:49:00Z,true
severn-trent:SVT02558:1788496354000,severn-trent:SVT02558,severn-trent,2026-09-04T04:32:34Z,2026-09-04T05:27:37Z,55,hub,2026-09-17T00:49:00Z,2026-09-17T00:49:00Z,true
severn-trent:SVT02563:1788494492000,severn-trent:SVT02563,severn-trent,2026-09-04T04:01:32Z,2026-09-04T07:08:37Z,187,hub,2026-09-17T00:49:00Z,2026-09-17T00:49:00Z,true
severn-trent:SVT02567:1788492042000,severn-trent:SVT02567,severn-trent,2026-09-04T03:20:42Z,2026-09-04T04:01:11Z,40,hub,2026-09-17T00:49:00Z,2026-09-17T00:49:00Z,true
severn-trent:SVT02577:1788491449000,severn-trent:SVT02577,severn-trent,2026-09-04T03:10:49Z,2026-09-05T02:05:00Z,1374,hub,2026-09-17T00:49:00Z,2026-09-17T00:49:00Z,true
severn-trent:SVT02579:1788502841000,severn-trent:SVT02579,severn-trent,2026-09-04T06:20:41Z,2026-09-04T06:33:54Z,13,hub,2026-09-17T00:49:00Z,2026-09-17T00:49:00Z,true
severn-trent:SVT02587:1788493158000,severn-trent:SVT02587,severn-trent,2026-09-04T03:39:18Z,2026-09-04T03:46:52Z,8,hub,2026-09-17T00:49:00Z,2026-09-17T00:49:00Z,true
severn-trent:SVT02588:1788491628000,severn-trent:SVT02588,severn-trent,2026-09-04T03:13:48Z,2026-09-04T04:01:52Z,48,hub,2026-09-17T00:49:00Z,2026-09-17T00:49:00Z,true
severn-trent:SVT02590:1788492307000,severn-trent:SVT02590,severn-trent,2026-09-04T03:25:07Z,2026-09-04T03:34:06Z,9,hub,2026-09-17T00:49:00Z,2026-09-17T00:49:00Z,true
severn-trent:SVT02593:1788492667000,severn-trent:SVT02593,severn-trent,2026-09-04T03:31:07Z,2026-09-04T03:45:00Z,14,hub,2026-09-17T00:49:00Z,2026-09-17T00:49:00Z,true
severn-trent:SVT02599:1788497621000,severn-trent:SVT02599,severn-trent,2026-09-04T04:53:41Z,2026-09-04T05:00:39Z,7,hub,2026-09-17T00:49:00Z,2026-09-17T00:49:00Z,true
severn-trent:SVT02601:1789501224000,severn-trent:SVT02601,severn-trent,2026-09-15T19:40:24Z,2026-09-15T19:56:21Z,16,hub,2026-09-17T00:49:00Z,2026-09-17T00:49:00Z,true
severn-trent:SVT02607:1788495792000,severn-trent:SVT02607,severn-trent,2026-09-04T04:23:12Z,2026-09-04T06:33:33Z,130,hub,2026-09-17T00:49:00Z,2026-09-17T00:49:00Z,true
severn-trent:SVT02608:1788487032000,severn-trent:SVT02608,severn-trent,2026-09-04T01:57:12Z,2026-09-04T02:23:13Z,26,hub,2026-09-17T00:49:00Z,2026-09-17T00:49:00Z,true
severn-trent:SVT02611:1788495039000,severn-trent:SVT02611,severn-trent,2026-09-04T04:10:39Z,2026-09-04T04:37:39Z,27,hub,2026-09-17T00:49:00Z,2026-09-17T00:49:00Z,true
severn-trent:SVT02619:1788490292000,severn-trent:SVT02619,severn-trent,2026-09-04T02:51:32Z,2026-09-04T03:05:06Z,14,hub,2026-09-17T00:49:00Z,2026-09-17T00:49:00Z,true
severn-trent:SVT02621:1788491507000,severn-trent:SVT02621,severn-trent,2026-09-04T03:11:47Z,2026-09-04T03:16:08Z,4,hub,2026-09-17T00:49:00Z,2026-09-17T00:49:00Z,true
severn-trent:SVT02624:1788496689000,severn-trent:SVT02624,severn-trent,2026-09-04T04:38:09Z,2026-09-04T05:22:32Z,44,hub,2026-09-17T00:49:00Z,2026-09-17T00:49:00Z,true
severn-trent:SVT02627:1789267051000,severn-trent:SVT02627,severn-trent,2026-09-13T02:37:31Z,2026-09-13T03:14:20Z,37,hub,2026-09-17T00:49:00Z,2026-09-17T00:49:00Z,true
severn-trent:SVT02633:1788496082000,severn-trent:SVT02633,severn-trent,2026-09-04T04:28:02Z,2026-09-04T04:46:08Z,18,hub,2026-09-17T00:49:00Z,2026-09-17T00:49:00Z,true
severn-trent:SVT02635:1789270687000,severn-trent:SVT02635,severn-trent,2026-09-13T03:38:07Z,2026-09-13T06:10:23Z,152,hub,2026-09-17T00:49:00Z,2026-09-17T00:49:00Z,true
severn-trent:SVT02641:1788501252000,severn-trent:SVT02641,severn-trent,2026-09-04T05:54:12Z,2026-09-04T14:50:00Z,536,hub,2026-09-17T00:49:00Z,2026-09-17T00:49:00Z,true
severn-trent:SVT02650:1788495263000,severn-trent:SVT02650,severn-trent,2026-09-04T04:14:23Z,2026-09-04T06:33:36Z,139,hub,2026-09-17T00:49:00Z,2026-09-17T00:49:00Z,true
severn-trent:SVT02652:1788506722000,severn-trent:SVT02652,severn-trent,2026-09-04T07:25:22Z,2026-09-04T07:32:34Z,7,hub,2026-09-17T00:49:00Z,2026-09-17T00:49:00Z,true
severn-trent:SVT02655:1788493845000,severn-trent:SVT02655,severn-trent,2026-09-04T03:50:45Z,2026-09-04T04:04:22Z,14,hub,2026-09-17T00:49:00Z,2026-09-17T00:49:00Z,true
severn-trent:SVT02659:1788930223000,severn-trent:SVT02659,severn-trent,2026-09-09T05:03:43Z,2026-09-09T05:18:38Z,15,hub,2026-09-17T00:49:00Z,2026-09-17T00:49:00Z,true
severn-trent:SVT02672:1788492022000,severn-trent:SVT02672,severn-trent,2026-09-04T03:20:22Z,2026-09-04T03:40:59Z,21,hub,2026-09-17T00:49:00Z,2026-09-17T00:49:00Z,true
severn-trent:SVT02677:1788304200000,severn-trent:SVT02677,severn-trent,2026-09-01T23:10:00Z,2026-09-01T23:17:04Z,7,hub,2026-09-17T00:49:00Z,2026-09-17T00:49:00Z,true
severn-trent:SVT02680:1788493025000,severn-trent:SVT02680,severn-trent,2026-09-04T03:37:05Z,2026-09-04T05:25:04Z,108,hub,2026-09-17T00:49:00Z,2026-09-17T00:49:00Z,true
severn-trent:SVT02683:1789558098000,severn-trent:SVT02683,severn-trent,2026-09-16T11:28:18Z,2026-09-16T11:38:24Z,10,hub,2026-09-17T00:49:00Z,2026-09-17T00:49:00Z,true
severn-trent:SVT02685:1788502597000,severn-trent:SVT02685,severn-trent,2026-09-04T06:16:37Z,2026-09-04T07:51:26Z,95,hub,2026-09-17T00:49:00Z,2026-09-17T00:49:00Z,true
severn-trent:SVT02686:1788497913000,severn-trent:SVT02686,severn-trent,2026-09-04T04:58:33Z,2026-09-04T13:07:40Z,489,hub,2026-09-17T00:49:00Z,2026-09-17T00:49:00Z,true
severn-trent:SVT02692:1788490606000,severn-trent:SVT02692,severn-trent,2026-09-04T02:56:46Z,2026-09-04T04:04:58Z,68,hub,2026-09-17T00:49:00Z,2026-09-17T00:49:00Z,true
severn-trent:SVT02695:1788497646000,severn-trent:SVT02695,severn-trent,2026-09-04T04:54:06Z,2026-09-04T05:16:12Z,22,hub,2026-09-17T00:49:00Z,2026-09-17T00:49:00Z,true
severn-trent:SVT02696:1788492519000,severn-trent:SVT02696,severn-trent,2026-09-04T03:28:39Z,2026-09-04T03:45:14Z,17,hub,2026-09-17T00:49:00Z,2026-09-17T00:49:00Z,true
severn-trent:SVT02703:1788491017000,severn-trent:SVT02703,severn-trent,2026-09-04T03:03:37Z,2026-09-04T03:14:33Z,11,hub,2026-09-17T00:49:00Z,2026-09-17T00:49:00Z,true
severn-trent:SVT02704:1788494799000,severn-trent:SVT02704,severn-trent,2026-09-04T04:06:39Z,2026-09-04T04:11:11Z,5,hub,2026-09-17T00:49:00Z,2026-09-17T00:49:00Z,true
severn-trent:SVT02705:1788486990000,severn-trent:SVT02705,severn-trent,2026-09-04T01:56:30Z,2026-09-04T11:33:03Z,577,hub,2026-09-17T00:49:00Z,2026-09-17T00:49:00Z,true
severn-trent:SVT02705:1789753806000,severn-trent:SVT02705,severn-trent,2026-09-18T17:50:06Z,2026-09-18T18:47:05Z,57,hub,2026-09-18T18:12:18Z,2026-09-18T20:21:27Z,true
severn-trent:SVT02714:1788601105000,severn-trent:SVT02714,severn-trent,2026-09-05T09:38:25Z,2026-09-05T10:11:45Z,33,hub,2026-09-17T00:49:00Z,2026-09-17T00:49:00Z,true
severn-trent:SVT02723:1788497611000,severn-trent:SVT02723,severn-trent,2026-09-04T04:53:31Z,2026-09-04T05:37:36Z,44,hub,2026-09-17T00:49:00Z,2026-09-17T00:49:00Z,true
severn-trent:SVT02723:1789749553000,severn-trent:SVT02723,severn-trent,2026-09-18T16:39:13Z,2026-09-18T17:36:42Z,57,hub,2026-09-18T20:21:27Z,2026-09-18T20:21:27Z,true
severn-trent:SVT02724:1788500321000,severn-trent:SVT02724,severn-trent,2026-09-04T05:38:41Z,2026-09-04T06:53:28Z,75,hub,2026-09-17T00:49:00Z,2026-09-17T00:49:00Z,true
severn-trent:SVT02729:1788504876000,severn-trent:SVT02729,severn-trent,2026-09-04T06:54:36Z,2026-09-04T07:01:27Z,7,hub,2026-09-17T00:49:00Z,2026-09-17T00:49:00Z,true
severn-trent:SVTZ001:1788495562000,severn-trent:SVTZ001,severn-trent,2026-09-04T04:19:22Z,2026-09-04T04:49:17Z,30,hub,2026-09-17T00:49:00Z,2026-09-17T00:49:00Z,true
south-west:SBB00015:1789552514000,south-west:SBB00015,south-west,2026-09-16T09:55:14Z,2026-09-16T09:56:44Z,2,hub,2026-09-17T00:49:00Z,2026-09-17T00:49:00Z,true
south-west:SBB00017:1789568370200,south-west:SBB00017,south-west,2026-09-16T14:19:30Z,2026-09-16T14:42:20Z,23,hub,2026-09-17T00:49:00Z,2026-09-17T00:49:00Z,true
south-west:SBB00017:1789640020200,south-west:SBB00017,south-west,2026-09-17T10:13:40Z,2026-09-17T10:35:20Z,22,hub,2026-09-17T11:32:49Z,2026-09-17T11:32:49Z,true
south-west:SBB00017:1789724890200,south-west:SBB00017,south-west,2026-09-18T09:48:10Z,2026-09-18T09:51:10Z,3,hub,2026-09-18T10:30:40Z,2026-09-18T10:30:40Z,true
south-west:SBB00024:1788856272000,south-west:SBB00024,south-west,2026-09-08T08:31:12Z,2026-09-08T08:52:36Z,21,hub,2026-09-17T00:49:00Z,2026-09-17T00:49:00Z,true
south-west:SBB00032:1788832500000,south-west:SBB00032,south-west,2026-09-08T01:55:00Z,2026-09-08T11:50:12Z,595,hub,2026-09-17T00:49:00Z,2026-09-17T00:49:00Z,true
south-west:SBB00037:1789546281000,south-west:SBB00037,south-west,2026-09-16T08:11:21Z,2026-09-16T08:14:01Z,3,hub,2026-09-17T00:49:00Z,2026-09-17T00:49:00Z,true
south-west:SBB00037:1789633971000,south-west:SBB00037,south-west,2026-09-17T08:32:51Z,2026-09-17T08:42:01Z,9,hub,2026-09-17T11:32:49Z,2026-09-17T11:32:49Z,true
south-west:SBB00037:1789644731000,south-west:SBB00037,south-west,2026-09-17T11:32:11Z,2026-09-17T11:36:31Z,4,hub,2026-09-17T13:51:58Z,2026-09-17T13:51:58Z,true
south-west:SBB00037:1789732031000,south-west:SBB00037,south-west,2026-09-18T11:47:11Z,2026-09-18T11:51:11Z,4,hub,2026-09-18T14:37:46Z,2026-09-18T14:37:46Z,true
south-west:SBB00038:1788824765200,south-west:SBB00038,south-west,2026-09-07T23:46:05Z,2026-09-08T00:26:05Z,40,hub,2026-09-17T00:49:00Z,2026-09-17T00:49:00Z,true
south-west:SBB00043:1788851460400,south-west:SBB00043,south-west,2026-09-08T07:11:00Z,2026-09-08T12:55:40Z,345,hub,2026-09-17T00:49:00Z,2026-09-17T00:49:00Z,true
south-west:SBB00044:1788847501000,south-west:SBB00044,south-west,2026-09-08T06:05:01Z,2026-09-08T07:07:11Z,62,hub,2026-09-17T00:49:00Z,2026-09-17T00:49:00Z,true
south-west:SBB00045:1789299605200,south-west:SBB00045,south-west,2026-09-13T11:40:05Z,2026-09-13T13:32:05Z,112,hub,2026-09-17T00:49:00Z,2026-09-17T00:49:00Z,true
south-west:SBB00045:1789624925200,south-west:SBB00045,south-west,2026-09-17T06:02:05Z,2026-09-17T06:14:05Z,12,hub,2026-09-17T11:32:49Z,2026-09-17T11:32:49Z,true
south-west:SBB00047:1788871731000,south-west:SBB00047,south-west,2026-09-08T12:48:51Z,2026-09-08T12:50:51Z,2,hub,2026-09-17T00:49:00Z,2026-09-17T00:49:00Z,true
south-west:SBB00054:1788855280200,south-west:SBB00054,south-west,2026-09-08T08:14:40Z,2026-09-08T08:23:20Z,9,hub,2026-09-17T00:49:00Z,2026-09-17T00:49:00Z,true
south-west:SBB00055:1788850581000,south-west:SBB00055,south-west,2026-09-08T06:56:21Z,2026-09-08T07:09:30Z,13,hub,2026-09-17T00:49:00Z,2026-09-17T00:49:00Z,true
south-west:SBB00061:1788285485200,south-west:SBB00061,south-west,2026-09-01T17:58:05Z,2026-09-01T18:00:05Z,2,hub,2026-09-17T00:49:00Z,2026-09-17T00:49:00Z,true
south-west:SBB00071:1788848021300,south-west:SBB00071,south-west,2026-09-08T06:13:41Z,2026-09-08T06:22:00Z,8,hub,2026-09-17T00:49:00Z,2026-09-17T00:49:00Z,true
south-west:SBB00072:1789451689000,south-west:SBB00072,south-west,2026-09-15T05:54:49Z,2026-09-15T05:55:57Z,1,hub,2026-09-17T00:49:00Z,2026-09-17T00:49:00Z,true
south-west:SBB00072:1789640845000,south-west:SBB00072,south-west,2026-09-17T10:27:25Z,2026-09-17T10:27:27Z,0,hub,2026-09-17T11:32:49Z,2026-09-17T11:32:49Z,true
south-west:SBB00072:1789724682000,south-west:SBB00072,south-west,2026-09-18T09:44:42Z,2026-09-18T13:48:06Z,243,hub,2026-09-18T10:30:40Z,2026-09-18T14:37:46Z,true
south-west:SBB00092:1788871057000,south-west:SBB00092,south-west,2026-09-08T12:37:37Z,2026-09-08T12:56:00Z,18,hub,2026-09-17T00:49:00Z,2026-09-17T00:49:00Z,true
south-west:SBB00093:1788850530200,south-west:SBB00093,south-west,2026-09-08T06:55:30Z,2026-09-08T07:01:20Z,6,hub,2026-09-17T00:49:00Z,2026-09-17T00:49:00Z,true
south-west:SBB00094:1788851138000,south-west:SBB00094,south-west,2026-09-08T07:05:38Z,2026-09-08T07:17:13Z,12,hub,2026-09-17T00:49:00Z,2026-09-17T00:49:00Z,true
south-west:SBB00099:1788845679000,south-west:SBB00099,south-west,2026-09-08T05:34:39Z,2026-09-08T06:10:29Z,36,hub,2026-09-17T00:49:00Z,2026-09-17T00:49:00Z,true
south-west:SBB00100:1788842661000,south-west:SBB00100,south-west,2026-09-08T04:44:21Z,2026-09-08T06:31:51Z,108,hub,2026-09-17T00:49:00Z,2026-09-17T00:49:00Z,true
south-west:SBB00115:1789416000000,south-west:SBB00115,south-west,2026-09-14T20:00:00Z,2026-09-14T20:15:00Z,15,hub,2026-09-17T00:49:00Z,2026-09-17T00:49:00Z,true
south-west:SBB00117:1788851262000,south-west:SBB00117,south-west,2026-09-08T07:07:42Z,2026-09-08T08:42:52Z,95,hub,2026-09-17T00:49:00Z,2026-09-17T00:49:00Z,true
south-west:SBB00119:1788827645170,south-west:SBB00119,south-west,2026-09-08T00:34:05Z,2026-09-08T00:44:05Z,10,hub,2026-09-17T00:49:00Z,2026-09-17T00:49:00Z,true
south-west:SBB00119:1789624445200,south-west:SBB00119,south-west,2026-09-17T05:54:05Z,2026-09-17T06:10:05Z,16,hub,2026-09-17T11:32:49Z,2026-09-17T11:32:49Z,true
south-west:SBB00129:1789068430200,south-west:SBB00129,south-west,2026-09-10T19:27:10Z,2026-09-10T19:40:20Z,13,hub,2026-09-17T00:49:00Z,2026-09-17T00:49:00Z,true
south-west:SBB00129:1789624980200,south-west:SBB00129,south-west,2026-09-17T06:03:00Z,2026-09-17T06:07:50Z,5,hub,2026-09-17T11:32:49Z,2026-09-17T11:32:49Z,true
south-west:SBB00136:1788833405260,south-west:SBB00136,south-west,2026-09-08T02:10:05Z,2026-09-08T03:40:05Z,90,hub,2026-09-17T00:49:00Z,2026-09-17T00:49:00Z,true
south-west:SBB00137:1788847951000,south-west:SBB00137,south-west,2026-09-08T06:12:31Z,2026-09-08T07:01:40Z,49,hub,2026-09-17T00:49:00Z,2026-09-17T00:49:00Z,true
south-west:SBB00140:1789526981100,south-west:SBB00140,south-west,2026-09-16T02:49:41Z,2026-09-16T02:51:20Z,2,hub,2026-09-17T00:49:00Z,2026-09-17T00:49:00Z,true
south-west:SBB00143:1789446659000,south-west:SBB00143,south-west,2026-09-15T04:30:59Z,2026-09-15T05:02:43Z,32,hub,2026-09-17T00:49:00Z,2026-09-17T00:49:00Z,true
south-west:SBB00143:1789639953000,south-west:SBB00143,south-west,2026-09-17T10:12:33Z,2026-09-17T10:18:59Z,6,hub,2026-09-17T11:32:49Z,2026-09-17T11:32:49Z,true
south-west:SBB00146:1788851400100,south-west:SBB00146,south-west,2026-09-08T07:10:00Z,2026-09-08T08:51:30Z,102,hub,2026-09-17T00:49:00Z,2026-09-17T00:49:00Z,true
south-west:SBB00146:1789620910100,south-west:SBB00146,south-west,2026-09-17T04:55:10Z,2026-09-17T05:32:50Z,38,hub,2026-09-17T11:32:49Z,2026-09-17T11:32:49Z,true
south-west:SBB00148:1789745532000,south-west:SBB00148,south-west,2026-09-18T15:32:12Z,2026-09-18T15:37:31Z,5,hub,2026-09-18T17:51:51Z,2026-09-18T17:51:51Z,true
south-west:SBB00154:1788850930200,south-west:SBB00154,south-west,2026-09-08T07:02:10Z,2026-09-08T07:09:50Z,8,hub,2026-09-17T00:49:00Z,2026-09-17T00:49:00Z,true
south-west:SBB00155:1788856031000,south-west:SBB00155,south-west,2026-09-08T08:27:11Z,2026-09-08T08:34:33Z,7,hub,2026-09-17T00:49:00Z,2026-09-17T00:49:00Z,true
south-west:SBB00162:1789586111000,south-west:SBB00162,south-west,2026-09-16T19:15:11Z,2026-09-16T19:16:31Z,1,hub,2026-09-17T00:49:00Z,2026-09-17T00:49:00Z,true
south-west:SBB00162:1789761771000,south-west:SBB00162,south-west,2026-09-18T20:02:51Z,2026-09-18T20:04:11Z,1,hub,2026-09-18T20:21:27Z,2026-09-18T20:21:27Z,true
south-west:SBB00162:1789763841000,south-west:SBB00162,south-west,2026-09-18T20:37:21Z,2026-09-18T20:38:51Z,2,hub,2026-09-18T20:41:44Z,2026-09-18T20:41:44Z,true
south-west:SBB00166:1788316321000,south-west:SBB00166,south-west,2026-09-02T02:32:01Z,2026-09-02T04:39:11Z,127,hub,2026-09-17T00:49:00Z,2026-09-17T00:49:00Z,true
south-west:SBB00171:1789031991000,south-west:SBB00171,south-west,2026-09-10T09:19:51Z,2026-09-10T09:33:00Z,13,hub,2026-09-17T00:49:00Z,2026-09-17T00:49:00Z,true
south-west:SBB00172:1789123385300,south-west:SBB00172,south-west,2026-09-11T10:43:05Z,,,hub,2026-09-17T00:49:00Z,2026-09-17T00:49:00Z,
south-west:SBB00179:1788845147000,south-west:SBB00179,south-west,2026-09-08T05:25:47Z,2026-09-08T07:08:59Z,103,hub,2026-09-17T00:49:00Z,2026-09-17T00:49:00Z,true
south-west:SBB00183:1788849166000,south-west:SBB00183,south-west,2026-09-08T06:32:46Z,2026-09-08T12:49:31Z,377,hub,2026-09-17T00:49:00Z,2026-09-17T00:49:00Z,true
south-west:SBB00186:1788856638000,south-west:SBB00186,south-west,2026-09-08T08:37:18Z,2026-09-08T10:12:28Z,95,hub,2026-09-17T00:49:00Z,2026-09-17T00:49:00Z,true
south-west:SBB00191:1789045310400,south-west:SBB00191,south-west,2026-09-10T13:01:50Z,2026-09-10T13:06:20Z,5,hub,2026-09-17T00:49:00Z,2026-09-17T00:49:00Z,true
south-west:SBB00191:1789650720400,south-west:SBB00191,south-west,2026-09-17T13:12:00Z,2026-09-17T13:13:10Z,1,hub,2026-09-17T13:51:58Z,2026-09-17T13:51:58Z,true
south-west:SBB00194:1789365400600,south-west:SBB00194,south-west,2026-09-14T05:56:40Z,2026-09-14T06:09:20Z,13,hub,2026-09-17T00:49:00Z,2026-09-17T00:49:00Z,true
south-west:SBB00194:1789620030600,south-west:SBB00194,south-west,2026-09-17T04:40:30Z,2026-09-17T04:46:00Z,6,hub,2026-09-17T11:32:49Z,2026-09-17T11:32:49Z,true
south-west:SBB00197:1789545111000,south-west:SBB00197,south-west,2026-09-16T07:51:51Z,2026-09-16T07:53:01Z,1,hub,2026-09-17T00:49:00Z,2026-09-17T00:49:00Z,true
south-west:SBB00199:1789413840300,south-west:SBB00199,south-west,2026-09-14T19:24:00Z,2026-09-14T20:42:20Z,78,hub,2026-09-17T00:49:00Z,2026-09-17T00:49:00Z,true
south-west:SBB00200:1789574371000,south-west:SBB00200,south-west,2026-09-16T15:59:31Z,2026-09-16T16:00:51Z,1,hub,2026-09-17T00:49:00Z,2026-09-17T00:49:00Z,true
south-west:SBB00203:1788847958000,south-west:SBB00203,south-west,2026-09-08T06:12:38Z,2026-09-08T06:19:49Z,7,hub,2026-09-17T00:49:00Z,2026-09-17T00:49:00Z,true
south-west:SBB00204:1788853500000,south-west:SBB00204,south-west,2026-09-08T07:45:00Z,2026-09-08T08:15:00Z,30,hub,2026-09-17T00:49:00Z,2026-09-17T00:49:00Z,true
south-west:SBB00206:1789078295000,south-west:SBB00206,south-west,2026-09-10T22:11:35Z,2026-09-10T22:20:47Z,9,hub,2026-09-17T00:49:00Z,2026-09-17T00:49:00Z,true
south-west:SBB00216:1788842891000,south-west:SBB00216,south-west,2026-09-08T04:48:11Z,2026-09-08T06:49:56Z,122,hub,2026-09-17T00:49:00Z,2026-09-17T00:49:00Z,true
south-west:SBB00222:1789468546100,south-west:SBB00222,south-west,2026-09-15T10:35:46Z,2026-09-15T10:35:47Z,0,hub,2026-09-17T00:49:00Z,2026-09-17T00:49:00Z,true
south-west:SBB00230:1788423891000,south-west:SBB00230,south-west,2026-09-03T08:24:51Z,2026-09-03T08:36:51Z,12,hub,2026-09-17T00:49:00Z,2026-09-17T00:49:00Z,true
south-west:SBB00236:1788839290200,south-west:SBB00236,south-west,2026-09-08T03:48:10Z,2026-09-08T05:55:50Z,128,hub,2026-09-17T00:49:00Z,2026-09-17T00:49:00Z,true
south-west:SBB00254:1789056061000,south-west:SBB00254,south-west,2026-09-10T16:01:01Z,2026-09-10T16:06:51Z,6,hub,2026-09-17T00:49:00Z,2026-09-17T00:49:00Z,true
south-west:SBB00255:1788844536000,south-west:SBB00255,south-west,2026-09-08T05:15:36Z,2026-09-09T05:47:13Z,1472,hub,2026-09-17T00:49:00Z,2026-09-17T00:49:00Z,true
south-west:SBB00256:1788852965170,south-west:SBB00256,south-west,2026-09-08T07:36:05Z,2026-09-08T07:38:05Z,2,hub,2026-09-17T00:49:00Z,2026-09-17T00:49:00Z,true
south-west:SBB00256:1789623245170,south-west:SBB00256,south-west,2026-09-17T05:34:05Z,2026-09-17T05:44:05Z,10,hub,2026-09-17T11:32:49Z,2026-09-17T11:32:49Z,true
south-west:SBB00257:1788847360300,south-west:SBB00257,south-west,2026-09-08T06:02:40Z,2026-09-08T10:37:30Z,275,hub,2026-09-17T00:49:00Z,2026-09-17T00:49:00Z,true
south-west:SBB00258:1788851261000,south-west:SBB00258,south-west,2026-09-08T07:07:41Z,2026-09-08T07:36:50Z,29,hub,2026-09-17T00:49:00Z,2026-09-17T00:49:00Z,true
south-west:SBB00262:1789087156000,south-west:SBB00262,south-west,2026-09-11T00:39:16Z,2026-09-11T00:46:19Z,7,hub,2026-09-17T00:49:00Z,2026-09-17T00:49:00Z,true
south-west:SBB00269:1788836494000,south-west:SBB00269,south-west,2026-09-08T03:01:34Z,2026-09-08T03:05:14Z,4,hub,2026-09-17T00:49:00Z,2026-09-17T00:49:00Z,true
south-west:SBB00280:1788393485170,south-west:SBB00280,south-west,2026-09-02T23:58:05Z,2026-09-03T00:02:05Z,4,hub,2026-09-17T00:49:00Z,2026-09-17T00:49:00Z,true
south-west:SBB00284:1789605145000,south-west:SBB00284,south-west,2026-09-17T00:32:25Z,2026-09-17T00:36:26Z,4,hub,2026-09-17T00:49:00Z,2026-09-17T00:49:00Z,true
south-west:SBB00284:1789610245000,south-west:SBB00284,south-west,2026-09-17T01:57:25Z,2026-09-17T01:58:26Z,1,hub,2026-09-17T02:08:37Z,2026-09-17T02:08:37Z,true
south-west:SBB00284:1789644199000,south-west:SBB00284,south-west,2026-09-17T11:23:19Z,2026-09-17T11:24:19Z,1,hub,2026-09-17T11:32:49Z,2026-09-17T11:32:49Z,true
south-west:SBB00284:1789652597000,south-west:SBB00284,south-west,2026-09-17T13:43:17Z,2026-09-17T13:45:18Z,2,hub,2026-09-17T13:51:58Z,2026-09-17T13:51:58Z,true
south-west:SBB00284:1789658485000,south-west:SBB00284,south-west,2026-09-17T15:21:25Z,2026-09-17T19:00:20Z,219,hub,2026-09-17T15:38:08Z,2026-09-17T15:38:08Z,false
south-west:SBB00284:1789671620000,south-west:SBB00284,south-west,2026-09-17T19:00:20Z,2026-09-17T21:56:15Z,176,hub,2026-09-17T19:14:51Z,2026-09-17T19:14:51Z,false
south-west:SBB00284:1789682175000,south-west:SBB00284,south-west,2026-09-17T21:56:15Z,2026-09-17T21:59:16Z,3,hub,2026-09-17T22:13:42Z,2026-09-17T22:13:42Z,true
south-west:SBB00284:1789684696000,south-west:SBB00284,south-west,2026-09-17T22:38:16Z,2026-09-17T22:39:17Z,1,hub,2026-09-17T22:57:48Z,2026-09-17T22:57:48Z,true
south-west:SBB00284:1789685663000,south-west:SBB00284,south-west,2026-09-17T22:59:16Z,2026-09-18T02:08:19Z,189,hub,2026-09-17T23:07:57Z,2026-09-17T23:18:07Z,false
south-west:SBB00284:1789686864000,south-west:SBB00284,south-west,2026-09-17T23:14:24Z,2026-09-17T23:15:24Z,1,hub,2026-09-17T23:28:15Z,2026-09-17T23:28:15Z,true
south-west:SBB00284:1789688184000,south-west:SBB00284,south-west,2026-09-17T23:36:24Z,2026-09-18T00:53:22Z,77,hub,2026-09-17T23:48:34Z,2026-09-17T23:48:34Z,false
south-west:SBB00284:1789692802000,south-west:SBB00284,south-west,2026-09-18T00:53:22Z,2026-09-18T00:59:15Z,6,hub,2026-09-18T01:08:26Z,2026-09-18T01:18:34Z,true
south-west:SBB00284:1789694183000,south-west:SBB00284,south-west,2026-09-18T01:20:15Z,2026-09-18T01:21:16Z,1,hub,2026-09-18T01:28:44Z,2026-09-18T01:38:51Z,true
south-west:SBB00284:1789695323000,south-west:SBB00284,south-west,2026-09-18T01:47:18Z,2026-09-18T02:08:19Z,21,hub,2026-09-18T01:48:59Z,2026-09-18T01:59:07Z,false
south-west:SBB00284:1789697299000,south-west:SBB00284,south-west,2026-09-18T02:08:19Z,2026-09-18T02:09:19Z,1,hub,2026-09-18T02:18:27Z,2026-09-18T02:18:27Z,true
south-west:SBB00284:1789710435000,south-west:SBB00284,south-west,2026-09-18T05:58:20Z,2026-09-18T06:15:18Z,17,hub,2026-09-18T05:53:28Z,2026-09-18T06:03:39Z,false
south-west:SBB00284:1789712118000,south-west:SBB00284,south-west,2026-09-18T06:19:20Z,2026-09-18T06:35:18Z,16,hub,2026-09-18T06:24:01Z,2026-09-18T06:34:11Z,false
south-west:SBB00284:1789713318000,south-west:SBB00284,south-west,2026-09-18T06:35:18Z,2026-09-18T06:37:19Z,2,hub,2026-09-18T06:44:23Z,2026-09-18T06:44:23Z,true
south-west:SBB00284:1789727178000,south-west:SBB00284,south-west,2026-09-18T11:01:14Z,2026-09-18T11:03:15Z,2,hub,2026-09-18T10:30:40Z,2026-09-18T11:11:27Z,true
south-west:SBB00284:1789730242000,south-west:SBB00284,south-west,2026-09-18T11:17:22Z,2026-09-18T11:18:22Z,1,hub,2026-09-18T11:21:39Z,2026-09-18T11:21:39Z,true
south-west:SBB00284:1789741634000,south-west:SBB00284,south-west,2026-09-18T14:38:19Z,2026-09-18T14:39:19Z,1,hub,2026-09-18T14:37:46Z,2026-09-18T14:47:57Z,true
south-west:SBB00284:1789743438000,south-west:SBB00284,south-west,2026-09-18T15:12:15Z,2026-09-18T17:45:18Z,153,hub,2026-09-18T15:08:15Z,2026-09-18T15:28:34Z,false
south-west:SBB00284:1789753518000,south-west:SBB00284,south-west,2026-09-18T18:38:13Z,2026-09-18T18:39:13Z,1,hub,2026-09-18T17:51:51Z,2026-09-18T18:42:49Z,true
south-west:SBB00284:1789762157000,south-west:SBB00284,south-west,2026-09-18T20:09:17Z,2026-09-18T20:28:16Z,19,hub,2026-09-18T20:21:27Z,2026-09-18T20:21:27Z,false
south-west:SBB00284:1789763296000,south-west:SBB00284,south-west,2026-09-18T21:00:12Z,2026-09-18T22:34:15Z,94,hub,2026-09-18T20:31:36Z,2026-09-18T21:12:16Z,false
south-west:SBB00284:1789770855000,south-west:SBB00284,south-west,2026-09-18T22:39:17Z,2026-09-18T22:41:08Z,2,hub,2026-09-18T22:43:41Z,2026-09-18T22:53:52Z,true
south-west:SBB00284:1789772236000,south-west:SBB00284,south-west,2026-09-18T23:27:10Z,2026-09-18T23:29:11Z,2,hub,2026-09-18T23:04:03Z,2026-09-18T23:34:35Z,true
south-west:SBB00284:1789778233000,south-west:SBB00284,south-west,2026-09-19T00:37:13Z,2026-09-19T00:38:14Z,1,hub,2026-09-19T00:41:02Z,2026-09-19T00:41:02Z,true
south-west:SBB00284:1789779312000,south-west:SBB00284,south-west,2026-09-19T00:55:12Z,2026-09-19T00:57:13Z,2,hub,2026-09-19T01:01:22Z,2026-09-19T01:01:22Z,true
south-west:SBB00286:1788852831000,south-west:SBB00286,south-west,2026-09-08T07:33:51Z,2026-09-08T07:39:41Z,6,hub,2026-09-17T00:49:00Z,2026-09-17T00:49:00Z,true
south-west:SBB00290:1788850691000,south-west:SBB00290,south-west,2026-09-08T06:58:11Z,2026-09-08T07:19:21Z,21,hub,2026-09-17T00:49:00Z,2026-09-17T00:49:00Z,true
south-west:SBB00291:1788849882000,south-west:SBB00291,south-west,2026-09-08T06:44:42Z,2026-09-08T12:37:29Z,353,hub,2026-09-17T00:49:00Z,2026-09-17T00:49:00Z,true
south-west:SBB00297:1788851615000,south-west:SBB00297,south-west,2026-09-08T07:13:35Z,2026-09-08T08:24:36Z,71,hub,2026-09-17T00:49:00Z,2026-09-17T00:49:00Z,true
south-west:SBB00298:1788855136000,south-west:SBB00298,south-west,2026-09-08T08:12:16Z,2026-09-08T09:27:43Z,75,hub,2026-09-17T00:49:00Z,2026-09-17T00:49:00Z,true
south-west:SBB00301:1788858005170,south-west:SBB00301,south-west,2026-09-08T09:00:05Z,2026-09-08T10:44:58Z,105,hub,2026-09-17T00:49:00Z,2026-09-17T00:49:00Z,true
south-west:SBB00303:1788851031000,south-west:SBB00303,south-west,2026-09-08T07:03:51Z,2026-09-08T07:13:51Z,10,hub,2026-09-17T00:49:00Z,2026-09-17T00:49:00Z,true
south-west:SBB00306:1789626368000,south-west:SBB00306,south-west,2026-09-17T06:26:08Z,2026-09-17T06:30:18Z,4,hub,2026-09-17T11:32:49Z,2026-09-17T11:32:49Z,true
south-west:SBB00322:1788860301000,south-west:SBB00322,south-west,2026-09-08T09:38:21Z,2026-09-08T09:40:01Z,2,hub,2026-09-17T00:49:00Z,2026-09-17T00:49:00Z,true
south-west:SBB00323:1789287540200,south-west:SBB00323,south-west,2026-09-13T08:19:00Z,2026-09-13T08:21:00Z,2,hub,2026-09-17T00:49:00Z,2026-09-17T00:49:00Z,true
south-west:SBB00326:1789625383000,south-west:SBB00326,south-west,2026-09-17T06:09:43Z,2026-09-17T06:21:58Z,12,hub,2026-09-17T11:32:49Z,2026-09-17T11:32:49Z,true
south-west:SBB00330:1788599460200,south-west:SBB00330,south-west,2026-09-05T09:11:00Z,2026-09-05T10:00:40Z,50,hub,2026-09-17T00:49:00Z,2026-09-17T00:49:00Z,true
south-west:SBB00332:1788878891000,south-west:SBB00332,south-west,2026-09-08T14:48:11Z,2026-09-08T14:48:32Z,0,hub,2026-09-17T00:49:00Z,2026-09-17T00:49:00Z,true
south-west:SBB00333:1789077480100,south-west:SBB00333,south-west,2026-09-10T21:58:00Z,2026-09-10T22:09:40Z,12,hub,2026-09-17T00:49:00Z,2026-09-17T00:49:00Z,true
south-west:SBB00333:1789625630100,south-west:SBB00333,south-west,2026-09-17T06:13:50Z,2026-09-17T06:38:20Z,25,hub,2026-09-17T11:32:49Z,2026-09-17T11:32:49Z,true
south-west:SBB00334:1788840898090,south-west:SBB00334,south-west,2026-09-08T04:14:58Z,2026-09-08T05:59:58Z,105,hub,2026-09-17T00:49:00Z,2026-09-17T00:49:00Z,true
south-west:SBB00340:1788834730300,south-west:SBB00340,south-west,2026-09-08T02:32:10Z,2026-09-08T08:03:50Z,332,hub,2026-09-17T00:49:00Z,2026-09-17T00:49:00Z,true
south-west:SBB00341:1788501591000,south-west:SBB00341,south-west,2026-09-04T05:59:51Z,2026-09-04T06:01:11Z,1,hub,2026-09-17T00:49:00Z,2026-09-17T00:49:00Z,true
south-west:SBB00357:1788840475000,south-west:SBB00357,south-west,2026-09-08T04:07:55Z,2026-09-08T10:58:20Z,410,hub,2026-09-17T00:49:00Z,2026-09-17T00:49:00Z,true
south-west:SBB00359:1788846610400,south-west:SBB00359,south-west,2026-09-08T05:50:10Z,2026-09-08T12:15:41Z,386,hub,2026-09-17T00:49:00Z,2026-09-17T00:49:00Z,true
south-west:SBB00362:1789368010000,south-west:SBB00362,south-west,2026-09-14T06:40:10Z,2026-09-14T08:00:01Z,80,hub,2026-09-17T00:49:00Z,2026-09-17T00:49:00Z,true
south-west:SBB00362:1789615110000,south-west:SBB00362,south-west,2026-09-17T03:18:30Z,2026-09-17T08:58:51Z,340,hub,2026-09-17T11:32:49Z,2026-09-17T11:32:49Z,true
south-west:SBB00364:1789062130200,south-west:SBB00364,south-west,2026-09-10T17:42:10Z,2026-09-10T17:44:50Z,3,hub,2026-09-17T00:49:00Z,2026-09-17T00:49:00Z,true
south-west:SBB00364:1789626540200,south-west:SBB00364,south-west,2026-09-17T06:29:00Z,2026-09-17T06:44:00Z,15,hub,2026-09-17T11:32:49Z,2026-09-17T11:32:49Z,true
south-west:SBB00370:1788604090000,south-west:SBB00370,south-west,2026-09-05T10:28:10Z,2026-09-05T10:35:32Z,7,hub,2026-09-17T00:49:00Z,2026-09-17T00:49:00Z,true
south-west:SBB00373:1788858130600,south-west:SBB00373,south-west,2026-09-08T09:02:10Z,2026-09-08T09:13:10Z,11,hub,2026-09-17T00:49:00Z,2026-09-17T00:49:00Z,true
south-west:SBB00375:1788851570100,south-west:SBB00375,south-west,2026-09-08T07:12:50Z,2026-09-08T07:17:20Z,5,hub,2026-09-17T00:49:00Z,2026-09-17T00:49:00Z,true
south-west:SBB00376:1789556381000,south-west:SBB00376,south-west,2026-09-16T10:59:41Z,2026-09-16T11:05:41Z,6,hub,2026-09-17T00:49:00Z,2026-09-17T00:49:00Z,true
south-west:SBB00379:1789725840300,south-west:SBB00379,south-west,2026-09-18T10:04:00Z,2026-09-18T10:05:50Z,2,hub,2026-09-18T10:30:40Z,2026-09-18T10:30:40Z,true
south-west:SBB00380:1788853981000,south-west:SBB00380,south-west,2026-09-08T07:53:01Z,2026-09-08T07:54:10Z,1,hub,2026-09-17T00:49:00Z,2026-09-17T00:49:00Z,true
south-west:SBB00380:1789623881000,south-west:SBB00380,south-west,2026-09-17T05:44:41Z,2026-09-17T06:01:20Z,17,hub,2026-09-17T11:32:49Z,2026-09-17T11:32:49Z,true
south-west:SBB00381:1789074154000,south-west:SBB00381,south-west,2026-09-10T21:02:34Z,2026-09-10T21:14:38Z,12,hub,2026-09-17T00:49:00Z,2026-09-17T00:49:00Z,true
south-west:SBB00381:1789625072000,south-west:SBB00381,south-west,2026-09-17T06:04:32Z,2026-09-17T06:21:17Z,17,hub,2026-09-17T11:32:49Z,2026-09-17T11:32:49Z,true
south-west:SBB00383:1788770531000,south-west:SBB00383,south-west,2026-09-07T08:42:11Z,2026-09-07T08:43:21Z,1,hub,2026-09-17T00:49:00Z,2026-09-17T00:49:00Z,true
south-west:SBB00387:1788848161000,south-west:SBB00387,south-west,2026-09-08T06:16:01Z,2026-09-08T06:17:57Z,2,hub,2026-09-17T00:49:00Z,2026-09-17T00:49:00Z,true
south-west:SBB00390:1788876000170,south-west:SBB00390,south-west,2026-09-08T14:00:00Z,2026-09-08T14:01:15Z,1,hub,2026-09-17T00:49:00Z,2026-09-17T00:49:00Z,true
south-west:SBB00392:1788498845170,south-west:SBB00392,south-west,2026-09-04T05:14:05Z,2026-09-04T05:22:05Z,8,hub,2026-09-17T00:49:00Z,2026-09-17T00:49:00Z,true
south-west:SBB00392:1789628525170,south-west:SBB00392,south-west,2026-09-17T07:02:05Z,2026-09-17T07:06:05Z,4,hub,2026-09-17T11:32:49Z,2026-09-17T11:32:49Z,true
south-west:SBB00394:1788415791000,south-west:SBB00394,south-west,2026-09-03T06:09:51Z,2026-09-03T06:46:01Z,36,hub,2026-09-17T00:49:00Z,2026-09-17T00:49:00Z,true
south-west:SBB00395:1789278840200,south-west:SBB00395,south-west,2026-09-13T05:54:00Z,2026-09-13T06:16:50Z,23,hub,2026-09-17T00:49:00Z,2026-09-17T00:49:00Z,true
south-west:SBB00395:1789629600200,south-west:SBB00395,south-west,2026-09-17T07:20:00Z,2026-09-17T07:25:30Z,6,hub,2026-09-17T11:32:49Z,2026-09-17T11:32:49Z,true
south-west:SBB00396:1789622530100,south-west:SBB00396,south-west,2026-09-17T05:22:10Z,2026-09-17T05:27:20Z,5,hub,2026-09-17T11:32:49Z,2026-09-17T11:32:49Z,true
south-west:SBB00406:1788834201000,south-west:SBB00406,south-west,2026-09-08T02:23:21Z,2026-09-08T12:55:56Z,633,hub,2026-09-17T00:49:00Z,2026-09-17T00:49:00Z,true
south-west:SBB00407:1788954059000,south-west:SBB00407,south-west,2026-09-09T11:40:59Z,2026-09-09T11:41:09Z,0,hub,2026-09-17T00:49:00Z,2026-09-17T00:49:00Z,true
south-west:SBB00409:1789594141100,south-west:SBB00409,south-west,2026-09-16T21:29:01Z,2026-09-16T21:31:51Z,3,hub,2026-09-17T00:49:00Z,2026-09-17T00:49:00Z,true
south-west:SBB00409:1789635891100,south-west:SBB00409,south-west,2026-09-17T09:04:51Z,2026-09-17T09:08:51Z,4,hub,2026-09-17T11:32:49Z,2026-09-17T11:32:49Z,true
south-west:SBB00409:1789667571200,south-west:SBB00409,south-west,2026-09-17T17:52:51Z,2026-09-17T17:59:11Z,6,hub,2026-09-17T19:14:51Z,2026-09-17T19:14:51Z,true
south-west:SBB00409:1789716101200,south-west:SBB00409,south-west,2026-09-18T07:21:41Z,2026-09-18T07:28:11Z,6,hub,2026-09-18T10:30:40Z,2026-09-18T10:30:40Z,true
south-west:SBB00409:1789756161200,south-west:SBB00409,south-west,2026-09-18T18:29:21Z,2026-09-18T18:38:51Z,9,hub,2026-09-18T18:42:49Z,2026-09-18T20:21:27Z,true
south-west:SBB00409:1789776601100,south-west:SBB00409,south-west,2026-09-19T00:10:01Z,2026-09-19T00:13:01Z,3,hub,2026-09-19T00:41:02Z,2026-09-19T00:41:02Z,true
south-west:SBB00411:1789162181000,south-west:SBB00411,south-west,2026-09-11T21:29:41Z,2026-09-11T21:31:10Z,1,hub,2026-09-17T00:49:00Z,2026-09-17T00:49:00Z,true
south-west:SBB00418:1789075565170,south-west:SBB00418,south-west,2026-09-10T21:26:05Z,2026-09-10T21:28:05Z,2,hub,2026-09-17T00:49:00Z,2026-09-17T00:49:00Z,true
south-west:SBB00419:1788868718000,south-west:SBB00419,south-west,2026-09-08T11:58:38Z,2026-09-08T12:00:19Z,2,hub,2026-09-17T00:49:00Z,2026-09-17T00:49:00Z,true
south-west:SBB00420:1788859111000,south-west:SBB00420,south-west,2026-09-08T09:18:31Z,2026-09-08T10:57:01Z,99,hub,2026-09-17T00:49:00Z,2026-09-17T00:49:00Z,true
south-west:SBB00421:1788856921000,south-west:SBB00421,south-west,2026-09-08T08:42:01Z,2026-09-08T08:43:21Z,1,hub,2026-09-17T00:49:00Z,2026-09-17T00:49:00Z,true
south-west:SBB00423:1789552730100,south-west:SBB00423,south-west,2026-09-16T09:58:50Z,2026-09-16T10:00:40Z,2,hub,2026-09-17T00:49:00Z,2026-09-17T00:49:00Z,true
south-west:SBB00423:1789669420100,south-west:SBB00423,south-west,2026-09-17T18:23:40Z,2026-09-17T18:25:30Z,2,hub,2026-09-17T19:14:51Z,2026-09-17T19:14:51Z,true
south-west:SBB00433:1788850082000,south-west:SBB00433,south-west,2026-09-08T06:48:02Z,2026-09-08T14:55:12Z,487,hub,2026-09-17T00:49:00Z,2026-09-17T00:49:00Z,true
south-west:SBB00434:1788857931000,south-west:SBB00434,south-west,2026-09-08T08:58:51Z,2026-09-08T09:57:01Z,58,hub,2026-09-17T00:49:00Z,2026-09-17T00:49:00Z,true
south-west:SBB00435:1788875511000,south-west:SBB00435,south-west,2026-09-08T13:51:51Z,2026-09-08T14:03:51Z,12,hub,2026-09-17T00:49:00Z,2026-09-17T00:49:00Z,true
south-west:SBB00438:1788379750200,south-west:SBB00438,south-west,2026-09-02T20:09:10Z,2026-09-02T20:16:40Z,8,hub,2026-09-17T00:49:00Z,2026-09-17T00:49:00Z,true
south-west:SBB00450:1788843650200,south-west:SBB00450,south-west,2026-09-08T05:00:50Z,2026-09-08T05:26:00Z,25,hub,2026-09-17T00:49:00Z,2026-09-17T00:49:00Z,true
south-west:SBB00453:1788624895000,south-west:SBB00453,south-west,2026-09-05T16:14:55Z,2026-09-05T16:41:32Z,27,hub,2026-09-17T00:49:00Z,2026-09-17T00:49:00Z,true
south-west:SBB00458:1788826330200,south-west:SBB00458,south-west,2026-09-08T00:12:10Z,2026-09-08T00:19:10Z,7,hub,2026-09-17T00:49:00Z,2026-09-17T00:49:00Z,true
south-west:SBB00459:1789324340000,south-west:SBB00459,south-west,2026-09-13T18:32:20Z,2026-09-13T19:22:40Z,50,hub,2026-09-17T00:49:00Z,2026-09-17T00:49:00Z,true
south-west:SBB00460:1788862096000,south-west:SBB00460,south-west,2026-09-08T10:08:16Z,2026-09-08T10:12:19Z,4,hub,2026-09-17T00:49:00Z,2026-09-17T00:49:00Z,true
south-west:SBB00466:1788852305300,south-west:SBB00466,south-west,2026-09-08T07:25:05Z,2026-09-08T08:17:05Z,52,hub,2026-09-17T00:49:00Z,2026-09-17T00:49:00Z,true
south-west:SBB00471:1788843350200,south-west:SBB00471,south-west,2026-09-08T04:55:50Z,2026-09-08T09:22:40Z,267,hub,2026-09-17T00:49:00Z,2026-09-17T00:49:00Z,true
south-west:SBB00475:1789425811000,south-west:SBB00475,south-west,2026-09-14T22:43:31Z,2026-09-15T02:49:11Z,246,hub,2026-09-17T00:49:00Z,2026-09-17T00:49:00Z,true
south-west:SBB00475:1789645431000,south-west:SBB00475,south-west,2026-09-17T11:43:51Z,2026-09-17T12:39:51Z,56,hub,2026-09-17T13:51:58Z,2026-09-17T13:51:58Z,true
south-west:SBB00476:1789709540100,south-west:SBB00476,south-west,2026-09-18T05:37:00Z,2026-09-18T05:38:20Z,1,hub,2026-09-18T05:53:28Z,2026-09-18T06:24:01Z,true
south-west:SBB00478:1789169405200,south-west:SBB00478,south-west,2026-09-11T23:30:05Z,2026-09-11T23:32:05Z,2,hub,2026-09-17T00:49:00Z,2026-09-17T00:49:00Z,true
south-west:SBB00478:1789682165200,south-west:SBB00478,south-west,2026-09-17T21:56:05Z,2026-09-17T21:58:05Z,2,hub,2026-09-17T22:13:42Z,2026-09-17T22:13:42Z,true
south-west:SBB00478:1789684085200,south-west:SBB00478,south-west,2026-09-17T22:28:05Z,2026-09-17T22:30:05Z,2,hub,2026-09-17T22:57:48Z,2026-09-17T22:57:48Z,true
south-west:SBB00478:1789685525200,south-west:SBB00478,south-west,2026-09-17T22:52:05Z,2026-09-17T22:54:05Z,2,hub,2026-09-17T23:07:57Z,2026-09-17T23:07:57Z,true
south-west:SBB00478:1789687085200,south-west:SBB00478,south-west,2026-09-17T23:18:05Z,2026-09-17T23:20:05Z,2,hub,2026-09-17T23:28:15Z,2026-09-17T23:38:24Z,true
south-west:SBB00478:1789688165200,south-west:SBB00478,south-west,2026-09-17T23:36:05Z,2026-09-17T23:58:05Z,22,hub,2026-09-17T23:48:34Z,2026-09-17T23:48:34Z,false
south-west:SBB00478:1789689485200,south-west:SBB00478,south-west,2026-09-17T23:58:05Z,2026-09-18T00:24:05Z,26,hub,2026-09-18T01:08:26Z,2026-09-18T01:08:26Z,false
south-west:SBB00478:1789691045170,south-west:SBB00478,south-west,2026-09-18T00:24:05Z,2026-09-18T00:26:05Z,2,hub,2026-09-18T05:53:28Z,2026-09-18T05:53:28Z,true
south-west:SBB00487:1788835940700,south-west:SBB00487,south-west,2026-09-08T02:52:20Z,2026-09-08T05:43:10Z,171,hub,2026-09-17T00:49:00Z,2026-09-17T00:49:00Z,true
south-west:SBB00490:1788861451000,south-west:SBB00490,south-west,2026-09-08T09:57:31Z,2026-09-08T10:06:01Z,9,hub,2026-09-17T00:49:00Z,2026-09-17T00:49:00Z,true
south-west:SBB00494:1789162599000,south-west:SBB00494,south-west,2026-09-11T21:36:39Z,2026-09-11T21:37:11Z,1,hub,2026-09-17T00:49:00Z,2026-09-17T00:49:00Z,true
south-west:SBB00495:1788838971000,south-west:SBB00495,south-west,2026-09-08T03:42:51Z,2026-09-08T03:46:51Z,4,hub,2026-09-17T00:49:00Z,2026-09-17T00:49:00Z,true
south-west:SBB00499:1788849251000,south-west:SBB00499,south-west,2026-09-08T06:34:11Z,2026-09-08T09:23:29Z,169,hub,2026-09-17T00:49:00Z,2026-09-17T00:49:00Z,true
south-west:SBB00500:1788831461000,south-west:SBB00500,south-west,2026-09-08T01:37:41Z,2026-09-08T14:11:11Z,754,hub,2026-09-17T00:49:00Z,2026-09-17T00:49:00Z,true
south-west:SBB00501:1788838510000,south-west:SBB00501,south-west,2026-09-08T03:35:10Z,2026-09-08T04:27:10Z,52,hub,2026-09-17T00:49:00Z,2026-09-17T00:49:00Z,true
south-west:SBB00504:1788855591000,south-west:SBB00504,south-west,2026-09-08T08:19:51Z,2026-09-08T08:26:01Z,6,hub,2026-09-17T00:49:00Z,2026-09-17T00:49:00Z,true
south-west:SBB00508:1788851610300,south-west:SBB00508,south-west,2026-09-08T07:13:30Z,2026-09-08T07:19:00Z,6,hub,2026-09-17T00:49:00Z,2026-09-17T00:49:00Z,true
south-west:SBB00509:1789713371000,south-west:SBB00509,south-west,2026-09-18T06:36:11Z,2026-09-18T06:40:41Z,5,hub,2026-09-18T06:44:23Z,2026-09-18T10:30:40Z,true
south-west:SBB00510:1788853260000,south-west:SBB00510,south-west,2026-09-08T07:41:00Z,2026-09-08T07:44:51Z,4,hub,2026-09-17T00:49:00Z,2026-09-17T00:49:00Z,true
south-west:SBB00514:1789078685200,south-west:SBB00514,south-west,2026-09-10T22:18:05Z,2026-09-10T22:28:05Z,10,hub,2026-09-17T00:49:00Z,2026-09-17T00:49:00Z,true
south-west:SBB00514:1789625165170,south-west:SBB00514,south-west,2026-09-17T06:06:05Z,2026-09-17T06:16:05Z,10,hub,2026-09-17T11:32:49Z,2026-09-17T11:32:49Z,true
south-west:SBB00515:1788842920330,south-west:SBB00515,south-west,2026-09-08T04:48:40Z,2026-09-08T10:18:00Z,329,hub,2026-09-17T00:49:00Z,2026-09-17T00:49:00Z,true
south-west:SBB00517:1788947100100,south-west:SBB00517,south-west,2026-09-09T09:45:00Z,2026-09-09T09:45:02Z,0,hub,2026-09-17T00:49:00Z,2026-09-17T00:49:00Z,true
south-west:SBB00517:1789624205200,south-west:SBB00517,south-west,2026-09-17T05:50:05Z,2026-09-17T05:58:05Z,8,hub,2026-09-17T11:32:49Z,2026-09-17T11:32:49Z,true
south-west:SBB00523:1788861931000,south-west:SBB00523,south-west,2026-09-08T10:05:31Z,2026-09-08T10:24:27Z,19,hub,2026-09-17T00:49:00Z,2026-09-17T00:49:00Z,true
south-west:SBB00524:1789483925170,south-west:SBB00524,south-west,2026-09-15T14:52:05Z,2026-09-15T14:58:05Z,6,hub,2026-09-17T00:49:00Z,2026-09-17T00:49:00Z,true
south-west:SBB00531:1788858785000,south-west:SBB00531,south-west,2026-09-08T09:13:05Z,2026-09-08T09:32:34Z,19,hub,2026-09-17T00:49:00Z,2026-09-17T00:49:00Z,true
south-west:SBB00535:1789550741000,south-west:SBB00535,south-west,2026-09-16T09:25:41Z,2026-09-16T13:37:11Z,252,hub,2026-09-17T00:49:00Z,2026-09-17T00:49:00Z,true
south-west:SBB00535:1789731701000,south-west:SBB00535,south-west,2026-09-18T11:41:41Z,2026-09-18T11:45:51Z,4,hub,2026-09-18T14:37:46Z,2026-09-18T14:37:46Z,true
south-west:SBB00540:1788854524000,south-west:SBB00540,south-west,2026-09-08T08:02:04Z,2026-09-08T08:45:14Z,43,hub,2026-09-17T00:49:00Z,2026-09-17T00:49:00Z,true
south-west:SBB00540:1789625583000,south-west:SBB00540,south-west,2026-09-17T06:13:03Z,2026-09-17T06:28:14Z,15,hub,2026-09-17T11:32:49Z,2026-09-17T11:32:49Z,true
south-west:SBB00542:1789053641000,south-west:SBB00542,south-west,2026-09-10T15:20:41Z,2026-09-10T15:21:51Z,1,hub,2026-09-17T00:49:00Z,2026-09-17T00:49:00Z,true
south-west:SBB00543:1788860948000,south-west:SBB00543,south-west,2026-09-08T09:49:08Z,2026-09-08T10:00:34Z,11,hub,2026-09-17T00:49:00Z,2026-09-17T00:49:00Z,true
south-west:SBB00544:1788859631000,south-west:SBB00544,south-west,2026-09-08T09:27:11Z,2026-09-08T10:08:01Z,41,hub,2026-09-17T00:49:00Z,2026-09-17T00:49:00Z,true
south-west:SBB00545:1788853510200,south-west:SBB00545,south-west,2026-09-08T07:45:10Z,2026-09-08T08:40:40Z,56,hub,2026-09-17T00:49:00Z,2026-09-17T00:49:00Z,true
south-west:SBB00553:1788840000000,south-west:SBB00553,south-west,2026-09-08T04:00:00Z,2026-09-08T09:28:38Z,329,hub,2026-09-17T00:49:00Z,2026-09-17T00:49:00Z,true
south-west:SBB00554:1789416551000,south-west:SBB00554,south-west,2026-09-14T20:09:11Z,2026-09-14T22:07:21Z,118,hub,2026-09-17T00:49:00Z,2026-09-17T00:49:00Z,true
south-west:SBB00559:1789496790000,south-west:SBB00559,south-west,2026-09-15T18:26:30Z,2026-09-15T18:29:12Z,3,hub,2026-09-17T00:49:00Z,2026-09-17T00:49:00Z,true
south-west:SBB00559:1789626014000,south-west:SBB00559,south-west,2026-09-17T06:20:14Z,2026-09-17T06:21:34Z,1,hub,2026-09-17T11:32:49Z,2026-09-17T11:32:49Z,true
south-west:SBB00559:1789756215000,south-west:SBB00559,south-west,2026-09-18T18:30:15Z,2026-09-18T18:32:46Z,3,hub,2026-09-18T18:42:49Z,2026-09-18T18:42:49Z,true
south-west:SBB00560:1788865410000,south-west:SBB00560,south-west,2026-09-08T11:03:30Z,2026-09-08T11:30:51Z,27,hub,2026-09-17T00:49:00Z,2026-09-17T00:49:00Z,true
south-west:SBB00561:1788850901000,south-west:SBB00561,south-west,2026-09-08T07:01:41Z,2026-09-08T07:21:01Z,19,hub,2026-09-17T00:49:00Z,2026-09-17T00:49:00Z,true
south-west:SBB00567:1788966961000,south-west:SBB00567,south-west,2026-09-09T15:16:01Z,2026-09-09T15:19:11Z,3,hub,2026-09-17T00:49:00Z,2026-09-17T00:49:00Z,true
south-west:SBB00568:1789296343000,south-west:SBB00568,south-west,2026-09-13T10:45:43Z,2026-09-13T10:56:26Z,11,hub,2026-09-17T00:49:00Z,2026-09-17T00:49:00Z,true
south-west:SBB00568:1789627888000,south-west:SBB00568,south-west,2026-09-17T06:51:28Z,2026-09-17T07:24:37Z,33,hub,2026-09-17T11:32:49Z,2026-09-17T11:32:49Z,true
south-west:SBB00570:1788872410200,south-west:SBB00570,south-west,2026-09-08T13:00:10Z,2026-09-09T10:47:40Z,1308,hub,2026-09-17T00:49:00Z,2026-09-17T00:49:00Z,true
south-west:SBB00571:1788479581000,south-west:SBB00571,south-west,2026-09-03T23:53:01Z,2026-09-04T00:04:31Z,12,hub,2026-09-17T00:49:00Z,2026-09-17T00:49:00Z,true
south-west:SBB00581:1789079451000,south-west:SBB00581,south-west,2026-09-10T22:30:51Z,2026-09-10T22:41:51Z,11,hub,2026-09-17T00:49:00Z,2026-09-17T00:49:00Z,true
south-west:SBB00582:1788860181410,south-west:SBB00582,south-west,2026-09-08T09:36:21Z,2026-09-08T09:47:11Z,11,hub,2026-09-17T00:49:00Z,2026-09-17T00:49:00Z,true
south-west:SBB00582:1789622041510,south-west:SBB00582,south-west,2026-09-17T05:14:01Z,2026-09-17T05:52:01Z,38,hub,2026-09-17T11:32:49Z,2026-09-17T11:32:49Z,true
south-west:SBB00583:1788846153100,south-west:SBB00583,south-west,2026-09-08T05:42:33Z,2026-09-08T22:25:34Z,1003,hub,2026-09-17T00:49:00Z,2026-09-17T00:49:00Z,true
south-west:SBB00583:1789638678000,south-west:SBB00583,south-west,2026-09-17T09:51:18Z,2026-09-17T12:53:23Z,182,hub,2026-09-17T11:32:49Z,2026-09-17T13:51:58Z,true
south-west:SBB00588:1788844021000,south-west:SBB00588,south-west,2026-09-08T05:07:01Z,2026-09-08T10:39:41Z,333,hub,2026-09-17T00:49:00Z,2026-09-17T00:49:00Z,true
south-west:SBB00589:1788918864000,south-west:SBB00589,south-west,2026-09-09T01:54:24Z,2026-09-09T01:56:14Z,2,hub,2026-09-17T00:49:00Z,2026-09-17T00:49:00Z,true
south-west:SBB00591:1789082249000,south-west:SBB00591,south-west,2026-09-10T23:17:29Z,2026-09-10T23:23:32Z,6,hub,2026-09-17T00:49:00Z,2026-09-17T00:49:00Z,true
south-west:SBB00592:1788852510000,south-west:SBB00592,south-west,2026-09-08T07:28:30Z,2026-09-08T13:05:37Z,337,hub,2026-09-17T00:49:00Z,2026-09-17T00:49:00Z,true
south-west:SBB00595:1789038811100,south-west:SBB00595,south-west,2026-09-10T11:13:31Z,2026-09-10T11:19:00Z,5,hub,2026-09-17T00:49:00Z,2026-09-17T00:49:00Z,true
south-west:SBB00597:1789458840200,south-west:SBB00597,south-west,2026-09-15T07:54:00Z,2026-09-15T08:03:30Z,10,hub,2026-09-17T00:49:00Z,2026-09-17T00:49:00Z,true
south-west:SBB00597:1789621860200,south-west:SBB00597,south-west,2026-09-17T05:11:00Z,2026-09-17T05:18:40Z,8,hub,2026-09-17T11:32:49Z,2026-09-17T11:32:49Z,true
south-west:SBB00599:1788861161000,south-west:SBB00599,south-west,2026-09-08T09:52:41Z,2026-09-08T11:01:01Z,68,hub,2026-09-17T00:49:00Z,2026-09-17T00:49:00Z,true
south-west:SBB00602:1788848441000,south-west:SBB00602,south-west,2026-09-08T06:20:41Z,2026-09-08T06:28:11Z,8,hub,2026-09-17T00:49:00Z,2026-09-17T00:49:00Z,true
south-west:SBB00608:1788845912000,south-west:SBB00608,south-west,2026-09-08T05:38:32Z,2026-09-08T11:31:54Z,353,hub,2026-09-17T00:49:00Z,2026-09-17T00:49:00Z,true
south-west:SBB00614:1788858316000,south-west:SBB00614,south-west,2026-09-08T09:05:16Z,2026-09-08T09:05:48Z,1,hub,2026-09-17T00:49:00Z,2026-09-17T00:49:00Z,true
south-west:SBB00618:1788847024000,south-west:SBB00618,south-west,2026-09-08T05:57:04Z,2026-09-08T05:58:18Z,1,hub,2026-09-17T00:49:00Z,2026-09-17T00:49:00Z,true
south-west:SBB00624:1789284605200,south-west:SBB00624,south-west,2026-09-13T07:30:05Z,2026-09-13T07:46:05Z,16,hub,2026-09-17T00:49:00Z,2026-09-17T00:49:00Z,true
south-west:SBB00626:1788840334700,south-west:SBB00626,south-west,2026-09-08T04:05:34Z,2026-09-08T11:04:00Z,418,hub,2026-09-17T00:49:00Z,2026-09-17T00:49:00Z,true
south-west:SBB00631:1788840567000,south-west:SBB00631,south-west,2026-09-08T04:09:27Z,2026-09-08T12:55:18Z,526,hub,2026-09-17T00:49:00Z,2026-09-17T00:49:00Z,true
south-west:SBB00642:1788841021000,south-west:SBB00642,south-west,2026-09-08T04:17:01Z,2026-09-08T05:08:21Z,51,hub,2026-09-17T00:49:00Z,2026-09-17T00:49:00Z,true
south-west:SBB00654:1788992214000,south-west:SBB00654,south-west,2026-09-09T22:16:54Z,2026-09-09T23:03:04Z,46,hub,2026-09-17T00:49:00Z,2026-09-17T00:49:00Z,true
south-west:SBB00655:1788837960200,south-west:SBB00655,south-west,2026-09-08T03:26:00Z,2026-09-08T06:36:00Z,190,hub,2026-09-17T00:49:00Z,2026-09-17T00:49:00Z,true
south-west:SBB00659:1788848471100,south-west:SBB00659,south-west,2026-09-08T06:21:11Z,2026-09-08T07:16:11Z,55,hub,2026-09-17T00:49:00Z,2026-09-17T00:49:00Z,true
south-west:SBB00660:1788478311000,south-west:SBB00660,south-west,2026-09-03T23:31:51Z,2026-09-03T23:34:21Z,3,hub,2026-09-17T00:49:00Z,2026-09-17T00:49:00Z,true
south-west:SBB00661:1788844663000,south-west:SBB00661,south-west,2026-09-08T05:17:43Z,2026-09-08T15:02:51Z,585,hub,2026-09-17T00:49:00Z,2026-09-17T00:49:00Z,true
south-west:SBB00664:1789604311000,south-west:SBB00664,south-west,2026-09-17T00:18:31Z,2026-09-17T00:24:50Z,6,hub,2026-09-17T00:49:00Z,2026-09-17T00:49:00Z,true
south-west:SBB00664:1789610191000,south-west:SBB00664,south-west,2026-09-17T01:56:31Z,2026-09-17T10:57:51Z,541,hub,2026-09-17T02:08:37Z,2026-09-17T02:08:37Z,false
south-west:SBB00664:1789642671000,south-west:SBB00664,south-west,2026-09-17T10:57:51Z,2026-09-17T11:01:21Z,4,hub,2026-09-17T11:32:49Z,2026-09-17T11:32:49Z,true
south-west:SBB00664:1789649911000,south-west:SBB00664,south-west,2026-09-17T12:58:31Z,2026-09-17T13:01:41Z,3,hub,2026-09-17T13:51:58Z,2026-09-17T13:51:58Z,true
south-west:SBB00664:1789657120000,south-west:SBB00664,south-west,2026-09-17T14:58:40Z,2026-09-17T15:01:41Z,3,hub,2026-09-17T15:38:08Z,2026-09-17T15:38:08Z,true
south-west:SBB00664:1789671561000,south-west:SBB00664,south-west,2026-09-17T18:59:21Z,2026-09-17T19:03:41Z,4,hub,2026-09-17T19:14:51Z,2026-09-17T19:14:51Z,true
south-west:SBB00664:1789682301000,south-west:SBB00664,south-west,2026-09-17T22:08:11Z,2026-09-17T22:18:31Z,10,hub,2026-09-17T22:13:42Z,2026-09-17T22:57:48Z,true
south-west:SBB00664:1789685811000,south-west:SBB00664,south-west,2026-09-17T22:56:51Z,2026-09-17T23:00:20Z,3,hub,2026-09-17T23:07:57Z,2026-09-17T23:28:15Z,true
south-west:SBB00664:1789689501000,south-west:SBB00664,south-west,2026-09-17T23:58:21Z,2026-09-18T00:02:01Z,4,hub,2026-09-18T01:08:26Z,2026-09-18T01:08:26Z,true
south-west:SBB00664:1789693111000,south-west:SBB00664,south-west,2026-09-18T00:58:31Z,2026-09-18T01:02:31Z,4,hub,2026-09-18T01:18:34Z,2026-09-18T01:18:34Z,true
south-west:SBB00664:1789696591000,south-west:SBB00664,south-west,2026-09-18T01:56:31Z,2026-09-18T02:01:11Z,5,hub,2026-09-18T02:18:27Z,2026-09-18T02:18:27Z,true
south-west:SBB00664:1789707451000,south-west:SBB00664,south-west,2026-09-18T04:57:31Z,2026-09-18T05:05:50Z,8,hub,2026-09-18T05:53:28Z,2026-09-18T05:53:28Z,true
south-west:SBB00664:1789711121000,south-west:SBB00664,south-west,2026-09-18T05:58:41Z,2026-09-18T06:09:51Z,11,hub,2026-09-18T06:03:39Z,2026-09-18T06:24:01Z,true
south-west:SBB00664:1789712411000,south-west:SBB00664,south-west,2026-09-18T06:20:11Z,2026-09-18T11:14:31Z,294,hub,2026-09-18T06:34:11Z,2026-09-18T11:21:39Z,true
south-west:SBB00664:1789739841000,south-west:SBB00664,south-west,2026-09-18T13:57:21Z,2026-09-18T14:16:31Z,19,hub,2026-09-18T14:37:46Z,2026-09-18T14:37:46Z,true
south-west:SBB00664:1789743491000,south-west:SBB00664,south-west,2026-09-18T14:58:11Z,2026-09-18T15:17:21Z,19,hub,2026-09-18T15:08:15Z,2026-09-18T15:28:34Z,true
south-west:SBB00664:1789752741000,south-west:SBB00664,south-west,2026-09-18T17:32:21Z,2026-09-18T19:37:31Z,125,hub,2026-09-18T17:51:51Z,2026-09-18T17:51:51Z,false
south-west:SBB00664:1789760251000,south-west:SBB00664,south-west,2026-09-18T19:37:31Z,2026-09-18T22:33:51Z,176,hub,2026-09-18T20:21:27Z,2026-09-18T22:43:41Z,true
south-west:SBB00664:1789772210000,south-west:SBB00664,south-west,2026-09-18T22:56:50Z,2026-09-18T23:58:21Z,62,hub,2026-09-18T23:04:03Z,2026-09-18T23:04:03Z,false
south-west:SBB00664:1789775901000,south-west:SBB00664,south-west,2026-09-18T23:58:21Z,2026-09-19T00:11:51Z,14,hub,2026-09-19T00:41:02Z,2026-09-19T00:41:02Z,true
south-west:SBB00670:1788857329000,south-west:SBB00670,south-west,2026-09-08T08:48:49Z,2026-09-08T09:09:18Z,20,hub,2026-09-17T00:49:00Z,2026-09-17T00:49:00Z,true
south-west:SBB00672:1788783411000,south-west:SBB00672,south-west,2026-09-07T12:16:51Z,2026-09-07T12:18:11Z,1,hub,2026-09-17T00:49:00Z,2026-09-17T00:49:00Z,true
south-west:SBB00678:1788842806000,south-west:SBB00678,south-west,2026-09-08T04:46:46Z,2026-09-08T06:36:19Z,110,hub,2026-09-17T00:49:00Z,2026-09-17T00:49:00Z,true
south-west:SBB00686:1788893248000,south-west:SBB00686,south-west,2026-09-08T18:47:28Z,2026-09-08T18:48:41Z,1,hub,2026-09-17T00:49:00Z,2026-09-17T00:49:00Z,true
south-west:SBB00690:1788883439000,south-west:SBB00690,south-west,2026-09-08T16:03:59Z,2026-09-08T16:04:59Z,1,hub,2026-09-17T00:49:00Z,2026-09-17T00:49:00Z,true
south-west:SBB00691:1788846650000,south-west:SBB00691,south-west,2026-09-08T05:50:50Z,2026-09-08T06:26:51Z,36,hub,2026-09-17T00:49:00Z,2026-09-17T00:49:00Z,true
south-west:SBB00692:1788842840200,south-west:SBB00692,south-west,2026-09-08T04:47:20Z,2026-09-08T05:08:20Z,21,hub,2026-09-17T00:49:00Z,2026-09-17T00:49:00Z,true
south-west:SBB00693:1788343981010,south-west:SBB00693,south-west,2026-09-02T10:13:01Z,2026-09-02T10:15:01Z,2,hub,2026-09-17T00:49:00Z,2026-09-17T00:49:00Z,true
south-west:SBB00696:1788859281000,south-west:SBB00696,south-west,2026-09-08T09:21:21Z,2026-09-08T09:24:01Z,3,hub,2026-09-17T00:49:00Z,2026-09-17T00:49:00Z,true
south-west:SBB00696:1789621841000,south-west:SBB00696,south-west,2026-09-17T05:10:41Z,2026-09-17T05:21:21Z,11,hub,2026-09-17T11:32:49Z,2026-09-17T11:32:49Z,true
south-west:SBB00697:1789549938000,south-west:SBB00697,south-west,2026-09-16T09:12:18Z,2026-09-16T09:15:20Z,3,hub,2026-09-17T00:49:00Z,2026-09-17T00:49:00Z,true
south-west:SBB00697:1789626856000,south-west:SBB00697,south-west,2026-09-17T06:34:16Z,2026-09-17T07:08:20Z,34,hub,2026-09-17T11:32:49Z,2026-09-17T11:32:49Z,true
south-west:SBB00699:1788855831000,south-west:SBB00699,south-west,2026-09-08T08:23:51Z,2026-09-08T08:49:11Z,25,hub,2026-09-17T00:49:00Z,2026-09-17T00:49:00Z,true
south-west:SBB00702:1789151461000,south-west:SBB00702,south-west,2026-09-11T18:31:01Z,2026-09-11T18:33:31Z,3,hub,2026-09-17T00:49:00Z,2026-09-17T00:49:00Z,true
south-west:SBB00707:1788504174000,south-west:SBB00707,south-west,2026-09-04T06:42:54Z,2026-09-04T06:48:24Z,6,hub,2026-09-17T00:49:00Z,2026-09-17T00:49:00Z,true
south-west:SBB00709:1789067405170,south-west:SBB00709,south-west,2026-09-10T19:10:05Z,2026-09-10T19:26:05Z,16,hub,2026-09-17T00:49:00Z,2026-09-17T00:49:00Z,true
south-west:SBB00715:1788860320300,south-west:SBB00715,south-west,2026-09-08T09:38:40Z,2026-09-08T09:44:40Z,6,hub,2026-09-17T00:49:00Z,2026-09-17T00:49:00Z,true
south-west:SBB00716:1788844040000,south-west:SBB00716,south-west,2026-09-08T05:07:20Z,2026-09-08T05:38:51Z,32,hub,2026-09-17T00:49:00Z,2026-09-17T00:49:00Z,true
south-west:SBB00723:1789077590700,south-west:SBB00723,south-west,2026-09-10T21:59:50Z,2026-09-10T22:05:00Z,5,hub,2026-09-17T00:49:00Z,2026-09-17T00:49:00Z,true
south-west:SBB00724:1788828770800,south-west:SBB00724,south-west,2026-09-08T00:52:50Z,2026-09-08T09:57:50Z,545,hub,2026-09-17T00:49:00Z,2026-09-17T00:49:00Z,true
south-west:SBB00725:1789076460100,south-west:SBB00725,south-west,2026-09-10T21:41:00Z,2026-09-10T21:56:50Z,16,hub,2026-09-17T00:49:00Z,2026-09-17T00:49:00Z,true
south-west:SBB00726:1788868762000,south-west:SBB00726,south-west,2026-09-08T11:59:22Z,2026-09-08T12:13:17Z,14,hub,2026-09-17T00:49:00Z,2026-09-17T00:49:00Z,true
south-west:SBB00731:1789034886000,south-west:SBB00731,south-west,2026-09-10T10:08:06Z,2026-09-10T10:09:26Z,1,hub,2026-09-17T00:49:00Z,2026-09-17T00:49:00Z,true
south-west:SBB00732:1789474960200,south-west:SBB00732,south-west,2026-09-15T12:22:40Z,2026-09-15T12:42:50Z,20,hub,2026-09-17T00:49:00Z,2026-09-17T00:49:00Z,true
south-west:SBB00733:1788849006000,south-west:SBB00733,south-west,2026-09-08T06:30:06Z,2026-09-08T09:58:20Z,208,hub,2026-09-17T00:49:00Z,2026-09-17T00:49:00Z,true
south-west:SBB00734:1788847565200,south-west:SBB00734,south-west,2026-09-08T06:06:05Z,2026-09-08T06:22:05Z,16,hub,2026-09-17T00:49:00Z,2026-09-17T00:49:00Z,true
south-west:SBB00735:1788858911000,south-west:SBB00735,south-west,2026-09-08T09:15:11Z,2026-09-08T09:22:31Z,7,hub,2026-09-17T00:49:00Z,2026-09-17T00:49:00Z,true
south-west:SBB00742:1788853685200,south-west:SBB00742,south-west,2026-09-08T07:48:05Z,2026-09-08T08:04:05Z,16,hub,2026-09-17T00:49:00Z,2026-09-17T00:49:00Z,true
south-west:SBB00752:1789238911000,south-west:SBB00752,south-west,2026-09-12T18:48:31Z,2026-09-12T18:49:51Z,1,hub,2026-09-17T00:49:00Z,2026-09-17T00:49:00Z,true
south-west:SBB00758:1788857401000,south-west:SBB00758,south-west,2026-09-08T08:50:01Z,2026-09-08T09:02:11Z,12,hub,2026-09-17T00:49:00Z,2026-09-17T00:49:00Z,true
south-west:SBB00761:1788855192000,south-west:SBB00761,south-west,2026-09-08T08:13:12Z,2026-09-08T10:45:10Z,152,hub,2026-09-17T00:49:00Z,2026-09-17T00:49:00Z,true
south-west:SBB00762:1789516387000,south-west:SBB00762,south-west,2026-09-15T23:53:07Z,2026-09-16T00:17:07Z,24,hub,2026-09-17T00:49:00Z,2026-09-17T00:49:00Z,true
south-west:SBB00762:1789625459000,south-west:SBB00762,south-west,2026-09-17T06:10:59Z,2026-09-17T06:13:01Z,2,hub,2026-09-17T11:32:49Z,2026-09-17T11:32:49Z,true
south-west:SBB00762:1789668620000,south-west:SBB00762,south-west,2026-09-17T18:10:20Z,2026-09-17T18:12:32Z,2,hub,2026-09-17T19:14:51Z,2026-09-17T19:14:51Z,true
south-west:SBB00763:1789090891000,south-west:SBB00763,south-west,2026-09-11T01:41:31Z,2026-09-11T01:42:51Z,1,hub,2026-09-17T00:49:00Z,2026-09-17T00:49:00Z,true
south-west:SBB00782:1788768684000,south-west:SBB00782,south-west,2026-09-07T08:11:24Z,2026-09-07T08:13:34Z,2,hub,2026-09-17T00:49:00Z,2026-09-17T00:49:00Z,true
south-west:SBB00784:1788873268000,south-west:SBB00784,south-west,2026-09-08T13:14:28Z,2026-09-08T13:15:59Z,2,hub,2026-09-17T00:49:00Z,2026-09-17T00:49:00Z,true
south-west:SBB00786:1789118230200,south-west:SBB00786,south-west,2026-09-11T09:17:10Z,2026-09-11T09:40:20Z,23,hub,2026-09-17T00:49:00Z,2026-09-17T00:49:00Z,true
south-west:SBB00787:1789192325200,south-west:SBB00787,south-west,2026-09-12T05:52:05Z,2026-09-12T05:54:05Z,2,hub,2026-09-17T00:49:00Z,2026-09-17T00:49:00Z,true
south-west:SBB00791:1788283085170,south-west:SBB00791,south-west,2026-09-01T17:18:05Z,2026-09-01T17:24:05Z,6,hub,2026-09-17T00:49:00Z,2026-09-17T00:49:00Z,true
south-west:SBB00793:1788846423000,south-west:SBB00793,south-west,2026-09-08T05:47:03Z,2026-09-08T18:50:55Z,784,hub,2026-09-17T00:49:00Z,2026-09-17T00:49:00Z,true
south-west:SBB00797:1789473365170,south-west:SBB00797,south-west,2026-09-15T11:56:05Z,2026-09-15T11:58:05Z,2,hub,2026-09-17T00:49:00Z,2026-09-17T00:49:00Z,true
south-west:SBB00797:1789620605170,south-west:SBB00797,south-west,2026-09-17T04:50:05Z,2026-09-17T04:52:05Z,2,hub,2026-09-17T11:32:49Z,2026-09-17T11:32:49Z,true
south-west:SBB00797:1789730045170,south-west:SBB00797,south-west,2026-09-18T11:14:05Z,2026-09-18T11:16:05Z,2,hub,2026-09-18T11:21:39Z,2026-09-18T11:21:39Z,true
south-west:SBB00803:1788853240300,south-west:SBB00803,south-west,2026-09-08T07:40:40Z,2026-09-08T07:45:40Z,5,hub,2026-09-17T00:49:00Z,2026-09-17T00:49:00Z,true
south-west:SBB00804:1788856490200,south-west:SBB00804,south-west,2026-09-08T08:34:50Z,2026-09-08T09:18:40Z,44,hub,2026-09-17T00:49:00Z,2026-09-17T00:49:00Z,true
south-west:SBB00805:1789547846000,south-west:SBB00805,south-west,2026-09-16T08:37:26Z,2026-09-16T08:39:07Z,2,hub,2026-09-17T00:49:00Z,2026-09-17T00:49:00Z,true
south-west:SBB00810:1788861584000,south-west:SBB00810,south-west,2026-09-08T09:59:44Z,2026-09-08T10:15:46Z,16,hub,2026-09-17T00:49:00Z,2026-09-17T00:49:00Z,true
south-west:SBB00812:1789466310200,south-west:SBB00812,south-west,2026-09-15T09:58:30Z,2026-09-15T10:01:40Z,3,hub,2026-09-17T00:49:00Z,2026-09-17T00:49:00Z,true
south-west:SBB00815:1788847470300,south-west:SBB00815,south-west,2026-09-08T06:04:30Z,2026-09-08T06:11:20Z,7,hub,2026-09-17T00:49:00Z,2026-09-17T00:49:00Z,true
south-west:SBB00820:1788853381320,south-west:SBB00820,south-west,2026-09-08T07:43:01Z,2026-09-08T07:43:37Z,1,hub,2026-09-17T00:49:00Z,2026-09-17T00:49:00Z,true
south-west:SBB00820:1789731167550,south-west:SBB00820,south-west,2026-09-18T11:32:47Z,2026-09-18T11:33:09Z,0,hub,2026-09-18T14:37:46Z,2026-09-18T14:37:46Z,true
south-west:SBB00826:1788834605200,south-west:SBB00826,south-west,2026-09-08T02:30:05Z,2026-09-08T03:12:05Z,42,hub,2026-09-17T00:49:00Z,2026-09-17T00:49:00Z,true
south-west:SBB00830:1789079691000,south-west:SBB00830,south-west,2026-09-10T22:34:51Z,2026-09-10T23:50:41Z,76,hub,2026-09-17T00:49:00Z,2026-09-17T00:49:00Z,true
south-west:SBB00831:1789378601000,south-west:SBB00831,south-west,2026-09-14T09:36:41Z,2026-09-14T09:41:51Z,5,hub,2026-09-17T00:49:00Z,2026-09-17T00:49:00Z,true
south-west:SBB00834:1789074294000,south-west:SBB00834,south-west,2026-09-10T21:04:54Z,2026-09-10T21:07:04Z,2,hub,2026-09-17T00:49:00Z,2026-09-17T00:49:00Z,true
south-west:SBB00834:1789623284000,south-west:SBB00834,south-west,2026-09-17T05:34:44Z,2026-09-17T05:38:04Z,3,hub,2026-09-17T11:32:49Z,2026-09-17T11:32:49Z,true
south-west:SBB00838:1788858469000,south-west:SBB00838,south-west,2026-09-08T09:07:49Z,2026-09-08T09:09:39Z,2,hub,2026-09-17T00:49:00Z,2026-09-17T00:49:00Z,true
south-west:SBB00839:1788848947000,south-west:SBB00839,south-west,2026-09-08T06:29:07Z,2026-09-08T10:27:08Z,238,hub,2026-09-17T00:49:00Z,2026-09-17T00:49:00Z,true
south-west:SBB00849:1788855451000,south-west:SBB00849,south-west,2026-09-08T08:17:31Z,2026-09-08T08:21:51Z,4,hub,2026-09-17T00:49:00Z,2026-09-17T00:49:00Z,true
south-west:SBB00850:1788855280000,south-west:SBB00850,south-west,2026-09-08T08:14:40Z,2026-09-08T08:47:41Z,33,hub,2026-09-17T00:49:00Z,2026-09-17T00:49:00Z,true
south-west:SBB00853:1788846985000,south-west:SBB00853,south-west,2026-09-08T05:56:25Z,2026-09-08T06:14:43Z,18,hub,2026-09-17T00:49:00Z,2026-09-17T00:49:00Z,true
south-west:SBB00863:1789576630300,south-west:SBB00863,south-west,2026-09-16T16:37:10Z,2026-09-16T16:39:50Z,3,hub,2026-09-17T00:49:00Z,2026-09-17T00:49:00Z,true
south-west:SBB00866:1788338390300,south-west:SBB00866,south-west,2026-09-02T08:39:50Z,2026-09-02T08:49:00Z,9,hub,2026-09-17T00:49:00Z,2026-09-17T00:49:00Z,true
south-west:SBB00889:1789326641000,south-west:SBB00889,south-west,2026-09-13T19:10:41Z,2026-09-13T20:34:01Z,83,hub,2026-09-17T00:49:00Z,2026-09-17T00:49:00Z,true
south-west:SBB00890:1788841091000,south-west:SBB00890,south-west,2026-09-08T04:18:11Z,2026-09-08T11:40:51Z,443,hub,2026-09-17T00:49:00Z,2026-09-17T00:49:00Z,true
south-west:SBB00893:1788843390200,south-west:SBB00893,south-west,2026-09-08T04:56:30Z,2026-09-08T05:08:30Z,12,hub,2026-09-17T00:49:00Z,2026-09-17T00:49:00Z,true
south-west:SBB00898:1788848300700,south-west:SBB00898,south-west,2026-09-08T06:18:20Z,2026-09-08T07:41:10Z,83,hub,2026-09-17T00:49:00Z,2026-09-17T00:49:00Z,true
south-west:SBB00904:1789322890000,south-west:SBB00904,south-west,2026-09-13T18:08:10Z,2026-09-13T18:09:20Z,1,hub,2026-09-17T00:49:00Z,2026-09-17T00:49:00Z,true
south-west:SBB00914:1789602380200,south-west:SBB00914,south-west,2026-09-16T23:46:20Z,2026-09-16T23:51:00Z,5,hub,2026-09-17T00:49:00Z,2026-09-17T00:49:00Z,true
south-west:SBB00914:1789739090200,south-west:SBB00914,south-west,2026-09-18T13:44:50Z,2026-09-18T13:46:10Z,1,hub,2026-09-18T14:37:46Z,2026-09-18T14:37:46Z,true
south-west:SBB00914:1789750420200,south-west:SBB00914,south-west,2026-09-18T16:53:40Z,2026-09-18T16:58:20Z,5,hub,2026-09-18T17:51:51Z,2026-09-18T17:51:51Z,true
south-west:SBB00914:1789774870200,south-west:SBB00914,south-west,2026-09-18T23:41:10Z,2026-09-18T23:46:30Z,5,hub,2026-09-19T00:41:02Z,2026-09-19T00:41:02Z,true
south-west:SBB00920:1789566031000,south-west:SBB00920,south-west,2026-09-16T13:40:31Z,2026-09-16T13:43:31Z,3,hub,2026-09-17T00:49:00Z,2026-09-17T00:49:00Z,true
south-west:SBB00929:1788837270000,south-west:SBB00929,south-west,2026-09-08T03:14:30Z,2026-09-08T06:26:51Z,192,hub,2026-09-17T00:49:00Z,2026-09-17T00:49:00Z,true
south-west:SBB00930:1789755965170,south-west:SBB00930,south-west,2026-09-18T18:26:05Z,2026-09-18T18:28:05Z,2,hub,2026-09-18T18:42:49Z,2026-09-18T18:42:49Z,true
south-west:SBB00930:1789759445170,south-west:SBB00930,south-west,2026-09-18T19:24:05Z,2026-09-18T19:26:05Z,2,hub,2026-09-18T20:21:27Z,2026-09-18T20:21:27Z,true
south-west:SBB00931:1788838480000,south-west:SBB00931,south-west,2026-09-08T03:34:40Z,2026-09-08T04:11:38Z,37,hub,2026-09-17T00:49:00Z,2026-09-17T00:49:00Z,true
south-west:SBB00934:1788850060000,south-west:SBB00934,south-west,2026-09-08T06:47:40Z,2026-09-08T11:36:07Z,288,hub,2026-09-17T00:49:00Z,2026-09-17T00:49:00Z,true
south-west:SBB00936:1788841783000,south-west:SBB00936,south-west,2026-09-08T04:29:43Z,2026-09-08T05:20:34Z,51,hub,2026-09-17T00:49:00Z,2026-09-17T00:49:00Z,true
south-west:SBB00945:1789429717000,south-west:SBB00945,south-west,2026-09-14T23:48:37Z,2026-09-14T23:58:13Z,10,hub,2026-09-17T00:49:00Z,2026-09-17T00:49:00Z,true
south-west:SBB00945:1789649616000,south-west:SBB00945,south-west,2026-09-17T12:53:36Z,2026-09-17T12:56:37Z,3,hub,2026-09-17T13:51:58Z,2026-09-17T13:51:58Z,true
south-west:SBB00945:1789652621000,south-west:SBB00945,south-west,2026-09-17T13:43:41Z,2026-09-17T13:50:23Z,7,hub,2026-09-17T15:38:08Z,2026-09-17T15:38:08Z,true
south-west:SBB00946:1789076943000,south-west:SBB00946,south-west,2026-09-10T21:49:03Z,2026-09-10T21:53:07Z,4,hub,2026-09-17T00:49:00Z,2026-09-17T00:49:00Z,true
south-west:SBB00956:1789419951000,south-west:SBB00956,south-west,2026-09-14T21:05:51Z,2026-09-14T21:09:31Z,4,hub,2026-09-17T00:49:00Z,2026-09-17T00:49:00Z,true
south-west:SBB00965:1789719760000,south-west:SBB00965,south-west,2026-09-18T08:22:40Z,2026-09-18T08:24:40Z,2,hub,2026-09-18T10:30:40Z,2026-09-18T10:30:40Z,true
south-west:SBB00975:1788854889000,south-west:SBB00975,south-west,2026-09-08T08:08:09Z,2026-09-08T08:35:51Z,28,hub,2026-09-17T00:49:00Z,2026-09-17T00:49:00Z,true
south-west:SBB00976:1788850081000,south-west:SBB00976,south-west,2026-09-08T06:48:01Z,2026-09-08T07:18:51Z,31,hub,2026-09-17T00:49:00Z,2026-09-17T00:49:00Z,true
south-west:SBB00985:1788845160000,south-west:SBB00985,south-west,2026-09-08T05:26:00Z,2026-09-08T06:34:42Z,69,hub,2026-09-17T00:49:00Z,2026-09-17T00:49:00Z,true
south-west:SBB00988:1788845350200,south-west:SBB00988,south-west,2026-09-08T05:29:10Z,2026-09-08T06:08:00Z,39,hub,2026-09-17T00:49:00Z,2026-09-17T00:49:00Z,true
south-west:SBB00991:1788500241000,south-west:SBB00991,south-west,2026-09-04T05:37:21Z,2026-09-04T05:44:31Z,7,hub,2026-09-17T00:49:00Z,2026-09-17T00:49:00Z,true
south-west:SBB00994:1788845536000,south-west:SBB00994,south-west,2026-09-08T05:32:16Z,2026-09-09T13:15:18Z,1903,hub,2026-09-17T00:49:00Z,2026-09-17T00:49:00Z,true
south-west:SBB00994:1789621789000,south-west:SBB00994,south-west,2026-09-17T05:09:49Z,2026-09-17T11:38:39Z,389,hub,2026-09-17T11:32:49Z,2026-09-17T13:51:58Z,true
south-west:SBB00998:1788852365170,south-west:SBB00998,south-west,2026-09-08T07:26:05Z,2026-09-08T07:38:05Z,12,hub,2026-09-17T00:49:00Z,2026-09-17T00:49:00Z,true
south-west:SBB00998:1789621925170,south-west:SBB00998,south-west,2026-09-17T05:12:05Z,2026-09-17T05:24:05Z,12,hub,2026-09-17T11:32:49Z,2026-09-17T11:32:49Z,true
south-west:SBB01003:1789623661000,south-west:SBB01003,south-west,2026-09-17T05:41:01Z,2026-09-17T05:47:11Z,6,hub,2026-09-17T11:32:49Z,2026-09-17T11:32:49Z,true
south-west:SBB01004:1789579080200,south-west:SBB01004,south-west,2026-09-16T17:18:00Z,2026-09-16T17:22:10Z,4,hub,2026-09-17T00:49:00Z,2026-09-17T00:49:00Z,true
south-west:SBB01009:1788848100100,south-west:SBB01009,south-west,2026-09-08T06:15:00Z,2026-09-08T06:15:02Z,0,hub,2026-09-17T00:49:00Z,2026-09-17T00:49:00Z,true
south-west:SBB01009:1789769700100,south-west:SBB01009,south-west,2026-09-18T22:15:00Z,2026-09-18T22:15:02Z,0,hub,2026-09-18T22:43:41Z,2026-09-18T22:43:41Z,true
south-west:SBB01009:1789776900100,south-west:SBB01009,south-west,2026-09-19T00:15:00Z,2026-09-19T00:15:02Z,0,hub,2026-09-19T01:01:22Z,2026-09-19T01:01:22Z,true
south-west:SBB01010:1789741565200,south-west:SBB01010,south-west,2026-09-18T15:04:05Z,2026-09-18T17:32:05Z,148,hub,2026-09-18T14:37:46Z,2026-09-18T15:18:24Z,false
south-west:SBB01010:1789752725170,south-west:SBB01010,south-west,2026-09-18T17:32:05Z,2026-09-18T17:34:05Z,2,hub,2026-09-18T17:51:51Z,2026-09-18T17:51:51Z,true
south-west:SBB01010:1789753805170,south-west:SBB01010,south-west,2026-09-18T17:50:05Z,2026-09-18T17:52:05Z,2,hub,2026-09-18T18:02:06Z,2026-09-18T18:02:06Z,true
south-west:SBB01010:1789762685200,south-west:SBB01010,south-west,2026-09-18T20:18:05Z,2026-09-18T20:20:05Z,2,hub,2026-09-18T20:21:27Z,2026-09-18T20:31:36Z,true
south-west:SBB01010:1789765445200,south-west:SBB01010,south-west,2026-09-18T21:04:05Z,2026-09-18T21:06:05Z,2,hub,2026-09-18T22:43:41Z,2026-09-18T22:43:41Z,true
south-west:SBB01012:1789531585000,south-west:SBB01012,south-west,2026-09-16T04:06:25Z,2026-09-16T04:08:28Z,2,hub,2026-09-17T00:49:00Z,2026-09-17T00:49:00Z,true
south-west:SBB01014:1789086125170,south-west:SBB01014,south-west,2026-09-11T00:22:05Z,2026-09-11T00:24:05Z,2,hub,2026-09-17T00:49:00Z,2026-09-17T00:49:00Z,true
south-west:SBB01021:1788849560000,south-west:SBB01021,south-west,2026-09-08T06:39:20Z,2026-09-08T08:10:01Z,91,hub,2026-09-17T00:49:00Z,2026-09-17T00:49:00Z,true
south-west:SBB01023:1788849431000,south-west:SBB01023,south-west,2026-09-08T06:37:11Z,2026-09-08T08:03:43Z,87,hub,2026-09-17T00:49:00Z,2026-09-17T00:49:00Z,true
south-west:SBB01034:1788855298070,south-west:SBB01034,south-west,2026-09-08T08:14:58Z,2026-09-08T08:20:05Z,5,hub,2026-09-17T00:49:00Z,2026-09-17T00:49:00Z,true
south-west:SBB01035:1788822324000,south-west:SBB01035,south-west,2026-09-07T23:05:24Z,2026-09-07T23:08:20Z,3,hub,2026-09-17T00:49:00Z,2026-09-17T00:49:00Z,true
south-west:SBB01036:1788857175000,south-west:SBB01036,south-west,2026-09-08T08:46:15Z,2026-09-08T08:46:54Z,1,hub,2026-09-17T00:49:00Z,2026-09-17T00:49:00Z,true
south-west:SBB01038:1788853205170,south-west:SBB01038,south-west,2026-09-08T07:40:05Z,2026-09-08T07:50:05Z,10,hub,2026-09-17T00:49:00Z,2026-09-17T00:49:00Z,true
south-west:SBB01039:1789625650200,south-west:SBB01039,south-west,2026-09-17T06:14:10Z,2026-09-17T06:16:00Z,2,hub,2026-09-17T11:32:49Z,2026-09-17T11:32:49Z,true
south-west:SBB01047:1789271575000,south-west:SBB01047,south-west,2026-09-13T03:52:55Z,2026-09-13T03:55:16Z,2,hub,2026-09-17T00:49:00Z,2026-09-17T00:49:00Z,true
south-west:SBB01049:1789560245200,south-west:SBB01049,south-west,2026-09-16T12:04:05Z,2026-09-16T12:06:05Z,2,hub,2026-09-17T00:49:00Z,2026-09-17T00:49:00Z,true
south-west:SBB01050:1788420880000,south-west:SBB01050,south-west,2026-09-03T07:34:40Z,2026-09-03T07:36:21Z,2,hub,2026-09-17T00:49:00Z,2026-09-17T00:49:00Z,true
south-west:SBB01052:1788357941000,south-west:SBB01052,south-west,2026-09-02T14:05:41Z,2026-09-02T14:30:11Z,25,hub,2026-09-17T00:49:00Z,2026-09-17T00:49:00Z,true
south-west:SBB01054:1788842780600,south-west:SBB01054,south-west,2026-09-08T04:46:20Z,2026-09-08T07:46:40Z,180,hub,2026-09-17T00:49:00Z,2026-09-17T00:49:00Z,true
south-west:SBB01067:1788850745000,south-west:SBB01067,south-west,2026-09-08T06:59:05Z,2026-09-08T12:47:12Z,348,hub,2026-09-17T00:49:00Z,2026-09-17T00:49:00Z,true
south-west:SBB01075:1788865631000,south-west:SBB01075,south-west,2026-09-08T11:07:11Z,2026-09-08T11:19:01Z,12,hub,2026-09-17T00:49:00Z,2026-09-17T00:49:00Z,true
south-west:SBB01076:1788946491000,south-west:SBB01076,south-west,2026-09-09T09:34:51Z,2026-09-09T09:45:11Z,10,hub,2026-09-17T00:49:00Z,2026-09-17T00:49:00Z,true
south-west:SBB01095:1789153971000,south-west:SBB01095,south-west,2026-09-11T19:12:51Z,2026-09-11T19:26:21Z,14,hub,2026-09-17T00:49:00Z,2026-09-17T00:49:00Z,true
south-west:SBB01096:1789140511000,south-west:SBB01096,south-west,2026-09-11T15:28:31Z,2026-09-11T15:32:01Z,4,hub,2026-09-17T00:49:00Z,2026-09-17T00:49:00Z,true
south-west:SBB01099:1788858310800,south-west:SBB01099,south-west,2026-09-08T09:05:10Z,2026-09-08T10:02:30Z,57,hub,2026-09-17T00:49:00Z,2026-09-17T00:49:00Z,true
south-west:SBB01100:1788846349000,south-west:SBB01100,south-west,2026-09-08T05:45:49Z,2026-09-08T07:03:05Z,77,hub,2026-09-17T00:49:00Z,2026-09-17T00:49:00Z,true
south-west:SBB01100:1789618419000,south-west:SBB01100,south-west,2026-09-17T04:13:39Z,2026-09-17T05:02:46Z,49,hub,2026-09-17T11:32:49Z,2026-09-17T11:32:49Z,true
south-west:SBB01101:1789036311000,south-west:SBB01101,south-west,2026-09-10T10:31:51Z,2026-09-10T10:33:52Z,2,hub,2026-09-17T00:49:00Z,2026-09-17T00:49:00Z,true
south-west:SBB01101:1789622828000,south-west:SBB01101,south-west,2026-09-17T05:27:08Z,2026-09-17T09:05:42Z,219,hub,2026-09-17T11:32:49Z,2026-09-17T11:32:49Z,true
south-west:SBB01107:1789562940300,south-west:SBB01107,south-west,2026-09-16T12:49:00Z,2026-09-16T12:50:30Z,2,hub,2026-09-17T00:49:00Z,2026-09-17T00:49:00Z,true
south-west:SBB01111:1788848710200,south-west:SBB01111,south-west,2026-09-08T06:25:10Z,2026-09-08T07:35:10Z,70,hub,2026-09-17T00:49:00Z,2026-09-17T00:49:00Z,true
south-west:SBB01116:1788855734000,south-west:SBB01116,south-west,2026-09-08T08:22:14Z,2026-09-08T09:24:32Z,62,hub,2026-09-17T00:49:00Z,2026-09-17T00:49:00Z,true
south-west:SBB01119:1788844811000,south-west:SBB01119,south-west,2026-09-08T05:20:11Z,2026-09-08T11:59:31Z,399,hub,2026-09-17T00:49:00Z,2026-09-17T00:49:00Z,true
south-west:SBB01120:1788852050000,south-west:SBB01120,south-west,2026-09-08T07:20:50Z,2026-09-08T08:59:40Z,99,hub,2026-09-17T00:49:00Z,2026-09-17T00:49:00Z,true
south-west:SBB01121:1788847965000,south-west:SBB01121,south-west,2026-09-08T06:12:45Z,2026-09-08T14:34:41Z,502,hub,2026-09-17T00:49:00Z,2026-09-17T00:49:00Z,true
south-west:SBB01121:1789624469000,south-west:SBB01121,south-west,2026-09-17T05:54:29Z,2026-09-17T11:39:53Z,345,hub,2026-09-17T11:32:49Z,2026-09-17T13:51:58Z,true
south-west:SBB01122:1789477380780,south-west:SBB01122,south-west,2026-09-15T13:03:00Z,2026-09-15T13:04:10Z,1,hub,2026-09-17T00:49:00Z,2026-09-17T00:49:00Z,true
south-west:SBB01123:1788830381000,south-west:SBB01123,south-west,2026-09-08T01:19:41Z,2026-09-08T07:50:51Z,391,hub,2026-09-17T00:49:00Z,2026-09-17T00:49:00Z,true
south-west:SBB01126:1788849169000,south-west:SBB01126,south-west,2026-09-08T06:32:49Z,2026-09-08T10:43:48Z,251,hub,2026-09-17T00:49:00Z,2026-09-17T00:49:00Z,true
south-west:SBB01132:1788845539000,south-west:SBB01132,south-west,2026-09-08T05:32:19Z,2026-09-08T05:35:11Z,3,hub,2026-09-17T00:49:00Z,2026-09-17T00:49:00Z,true
south-west:SBB01137:1788826205170,south-west:SBB01137,south-west,2026-09-08T00:10:05Z,2026-09-08T00:20:05Z,10,hub,2026-09-17T00:49:00Z,2026-09-17T00:49:00Z,true
south-west:SBB01137:1789625165200,south-west:SBB01137,south-west,2026-09-17T06:06:05Z,2026-09-17T06:12:05Z,6,hub,2026-09-17T11:32:49Z,2026-09-17T11:32:49Z,true
south-west:SBB01145:1789472893100,south-west:SBB01145,south-west,2026-09-15T11:48:13Z,2026-09-15T11:48:14Z,0,hub,2026-09-17T00:49:00Z,2026-09-17T00:49:00Z,true
south-west:SBB01146:1788756110400,south-west:SBB01146,south-west,2026-09-07T04:41:50Z,2026-09-07T05:49:30Z,68,hub,2026-09-17T00:49:00Z,2026-09-17T00:49:00Z,true
south-west:SBB01148:1789482365170,south-west:SBB01148,south-west,2026-09-15T14:26:05Z,2026-09-15T14:28:05Z,2,hub,2026-09-17T00:49:00Z,2026-09-17T00:49:00Z,true
south-west:SBB01150:1788349739980,south-west:SBB01150,south-west,2026-09-02T11:48:59Z,2026-09-02T11:49:01Z,0,hub,2026-09-17T00:49:00Z,2026-09-17T00:49:00Z,true
south-west:SBB01154:1788846581000,south-west:SBB01154,south-west,2026-09-08T05:49:41Z,2026-09-08T10:59:29Z,310,hub,2026-09-17T00:49:00Z,2026-09-17T00:49:00Z,true
south-west:SBB01155:1788852281000,south-west:SBB01155,south-west,2026-09-08T07:24:41Z,2026-09-08T07:38:21Z,14,hub,2026-09-17T00:49:00Z,2026-09-17T00:49:00Z,true
south-west:SBB01155:1789624141000,south-west:SBB01155,south-west,2026-09-17T05:49:01Z,2026-09-17T05:50:21Z,1,hub,2026-09-17T11:32:49Z,2026-09-17T11:32:49Z,true
south-west:SBB01156:1788836861000,south-west:SBB01156,south-west,2026-09-08T03:07:41Z,2026-09-08T03:43:11Z,36,hub,2026-09-17T00:49:00Z,2026-09-17T00:49:00Z,true
south-west:SBB01158:1788852371000,south-west:SBB01158,south-west,2026-09-08T07:26:11Z,2026-09-08T07:41:51Z,16,hub,2026-09-17T00:49:00Z,2026-09-17T00:49:00Z,true
south-west:SBB01158:1789621181000,south-west:SBB01158,south-west,2026-09-17T04:59:41Z,2026-09-17T05:16:01Z,16,hub,2026-09-17T11:32:49Z,2026-09-17T11:32:49Z,true
south-west:SBB01160:1789358921000,south-west:SBB01160,south-west,2026-09-14T04:08:41Z,2026-09-14T04:32:11Z,24,hub,2026-09-17T00:49:00Z,2026-09-17T00:49:00Z,true
south-west:SBB01160:1789772890000,south-west:SBB01160,south-west,2026-09-18T23:08:10Z,2026-09-19T00:22:40Z,75,hub,2026-09-18T23:24:25Z,2026-09-19T01:01:22Z,true
south-west:SBB01163:1789129325200,south-west:SBB01163,south-west,2026-09-11T12:22:05Z,2026-09-11T12:26:05Z,4,hub,2026-09-17T00:49:00Z,2026-09-17T00:49:00Z,true
south-west:SBB01169:1789621740200,south-west:SBB01169,south-west,2026-09-17T05:09:00Z,2026-09-17T05:21:30Z,13,hub,2026-09-17T11:32:49Z,2026-09-17T11:32:49Z,true
south-west:SBB01176:1788842550400,south-west:SBB01176,south-west,2026-09-08T04:42:30Z,2026-09-08T04:47:00Z,5,hub,2026-09-17T00:49:00Z,2026-09-17T00:49:00Z,true
south-west:SBB01176:1789623470400,south-west:SBB01176,south-west,2026-09-17T05:37:50Z,2026-09-17T05:45:30Z,8,hub,2026-09-17T11:32:49Z,2026-09-17T11:32:49Z,true
south-west:SBB01177:1788954580000,south-west:SBB01177,south-west,2026-09-09T11:49:40Z,2026-09-09T11:51:00Z,1,hub,2026-09-17T00:49:00Z,2026-09-17T00:49:00Z,true
south-west:SBB01184:1789643261430,south-west:SBB01184,south-west,2026-09-17T11:07:41Z,2026-09-17T12:26:10Z,78,hub,2026-09-17T11:32:49Z,2026-09-17T13:51:58Z,true
south-west:SBB01210:1789624507000,south-west:SBB01210,south-west,2026-09-17T05:55:07Z,2026-09-17T06:06:24Z,11,hub,2026-09-17T11:32:49Z,2026-09-17T11:32:49Z,true
south-west:SBB01217:1788526685170,south-west:SBB01217,south-west,2026-09-04T12:58:05Z,2026-09-04T13:00:05Z,2,hub,2026-09-17T00:49:00Z,2026-09-17T00:49:00Z,true
south-west:SBB01219:1789600925200,south-west:SBB01219,south-west,2026-09-16T23:22:05Z,2026-09-16T23:42:05Z,20,hub,2026-09-17T00:49:00Z,2026-09-17T02:08:37Z,true
south-west:SBB01220:1788826860200,south-west:SBB01220,south-west,2026-09-08T00:21:00Z,2026-09-08T00:24:50Z,4,hub,2026-09-17T00:49:00Z,2026-09-17T00:49:00Z,true
south-west:SBB01222:1788858651000,south-west:SBB01222,south-west,2026-09-08T09:10:51Z,2026-09-08T10:27:01Z,76,hub,2026-09-17T00:49:00Z,2026-09-17T00:49:00Z,true
south-west:SBB01228:1788842459000,south-west:SBB01228,south-west,2026-09-08T04:40:59Z,2026-09-08T11:57:46Z,437,hub,2026-09-17T00:49:00Z,2026-09-17T00:49:00Z,true
south-west:SBB01231:1788848391000,south-west:SBB01231,south-west,2026-09-08T06:19:51Z,2026-09-08T08:44:11Z,144,hub,2026-09-17T00:49:00Z,2026-09-17T00:49:00Z,true
south-west:SBB01233:1788856685200,south-west:SBB01233,south-west,2026-09-08T08:38:05Z,2026-09-08T09:00:05Z,22,hub,2026-09-17T00:49:00Z,2026-09-17T00:49:00Z,true
south-west:SBB01239:1789602700100,south-west:SBB01239,south-west,2026-09-16T23:51:40Z,2026-09-17T00:02:50Z,11,hub,2026-09-17T00:49:00Z,2026-09-17T00:49:00Z,true
south-west:SBB01249:1788851180000,south-west:SBB01249,south-west,2026-09-08T07:06:20Z,2026-09-08T07:40:40Z,34,hub,2026-09-17T00:49:00Z,2026-09-17T00:49:00Z,true
south-west:SBB01256:1788783711400,south-west:SBB01256,south-west,2026-09-07T12:21:51Z,2026-09-07T12:22:50Z,1,hub,2026-09-17T00:49:00Z,2026-09-17T00:49:00Z,true
south-west:SBB01257:1788844711000,south-west:SBB01257,south-west,2026-09-08T05:18:31Z,2026-09-08T12:27:52Z,429,hub,2026-09-17T00:49:00Z,2026-09-17T00:49:00Z,true
south-west:SBB01264:1788862423000,south-west:SBB01264,south-west,2026-09-08T10:13:43Z,2026-09-08T10:15:54Z,2,hub,2026-09-17T00:49:00Z,2026-09-17T00:49:00Z,true
south-west:SBB01265:1788862110000,south-west:SBB01265,south-west,2026-09-08T10:08:30Z,2026-09-08T10:09:15Z,1,hub,2026-09-17T00:49:00Z,2026-09-17T00:49:00Z,true
south-west:SBB01266:1788833760000,south-west:SBB01266,south-west,2026-09-08T02:16:00Z,2026-09-08T06:28:51Z,253,hub,2026-09-17T00:49:00Z,2026-09-17T00:49:00Z,true
south-west:SBB01267:1788853010200,south-west:SBB01267,south-west,2026-09-08T07:36:50Z,2026-09-08T07:55:00Z,18,hub,2026-09-17T00:49:00Z,2026-09-17T00:49:00Z,true
south-west:SBB01268:1789459320670,south-west:SBB01268,south-west,2026-09-15T08:02:00Z,2026-09-15T09:36:00Z,94,hub,2026-09-17T00:49:00Z,2026-09-17T00:49:00Z,true
south-west:SBB01272:1788944400000,south-west:SBB01272,south-west,2026-09-09T09:00:00Z,2026-09-09T09:45:00Z,45,hub,2026-09-17T00:49:00Z,2026-09-17T00:49:00Z,true
south-west:SBB01274:1789624325170,south-west:SBB01274,south-west,2026-09-17T05:52:05Z,2026-09-17T05:54:05Z,2,hub,2026-09-17T11:32:49Z,2026-09-17T11:32:49Z,true
south-west:SBB01276:1788827764000,south-west:SBB01276,south-west,2026-09-08T00:36:04Z,2026-09-08T00:38:14Z,2,hub,2026-09-17T00:49:00Z,2026-09-17T00:49:00Z,true
south-west:SBB01286:1788836765170,south-west:SBB01286,south-west,2026-09-08T03:06:05Z,2026-09-08T03:20:05Z,14,hub,2026-09-17T00:49:00Z,2026-09-17T00:49:00Z,true
south-west:SBB01286:1789622285200,south-west:SBB01286,south-west,2026-09-17T05:18:05Z,2026-09-17T05:26:05Z,8,hub,2026-09-17T11:32:49Z,2026-09-17T11:32:49Z,true
south-west:SBB01288:1788847490200,south-west:SBB01288,south-west,2026-09-08T06:04:50Z,2026-09-08T06:52:00Z,47,hub,2026-09-17T00:49:00Z,2026-09-17T00:49:00Z,true
south-west:SBB01289:1788442841000,south-west:SBB01289,south-west,2026-09-03T13:40:41Z,2026-09-03T13:42:31Z,2,hub,2026-09-17T00:49:00Z,2026-09-17T00:49:00Z,true
south-west:SBB01292:1789718911000,south-west:SBB01292,south-west,2026-09-18T08:08:31Z,2026-09-18T08:13:11Z,5,hub,2026-09-18T10:30:40Z,2026-09-18T10:30:40Z,true
south-west:SBB01299:1789381231000,south-west:SBB01299,south-west,2026-09-14T10:20:31Z,2026-09-14T10:21:41Z,1,hub,2026-09-17T00:49:00Z,2026-09-17T00:49:00Z,true
south-west:SBB01300:1788848020490,south-west:SBB01300,south-west,2026-09-08T06:13:40Z,2026-09-08T06:19:00Z,5,hub,2026-09-17T00:49:00Z,2026-09-17T00:49:00Z,true
south-west:SBB01301:1788848765170,south-west:SBB01301,south-west,2026-09-08T06:26:05Z,2026-09-08T06:48:05Z,22,hub,2026-09-17T00:49:00Z,2026-09-17T00:49:00Z,true
south-west:SBB01314:1789129710300,south-west:SBB01314,south-west,2026-09-11T12:28:30Z,2026-09-11T12:29:40Z,1,hub,2026-09-17T00:49:00Z,2026-09-17T00:49:00Z,true
south-west:SBB01321:1788852680200,south-west:SBB01321,south-west,2026-09-08T07:31:20Z,2026-09-08T07:38:10Z,7,hub,2026-09-17T00:49:00Z,2026-09-17T00:49:00Z,true
south-west:SBB01326:1789535860200,south-west:SBB01326,south-west,2026-09-16T05:17:40Z,2026-09-16T05:27:20Z,10,hub,2026-09-17T00:49:00Z,2026-09-17T00:49:00Z,true
south-west:SBB01327:1789731911000,south-west:SBB01327,south-west,2026-09-18T11:45:11Z,2026-09-18T13:05:31Z,80,hub,2026-09-18T14:37:46Z,2026-09-18T14:37:46Z,true
south-west:SBB01328:1788729554000,south-west:SBB01328,south-west,2026-09-06T21:19:14Z,2026-09-06T21:20:24Z,1,hub,2026-09-17T00:49:00Z,2026-09-17T00:49:00Z,true
south-west:SBB01330:1788855701000,south-west:SBB01330,south-west,2026-09-08T08:21:41Z,2026-09-08T10:48:33Z,147,hub,2026-09-17T00:49:00Z,2026-09-17T00:49:00Z,true
south-west:SBB01335:1789624554000,south-west:SBB01335,south-west,2026-09-17T05:55:54Z,2026-09-17T06:01:54Z,6,hub,2026-09-17T11:32:49Z,2026-09-17T11:32:49Z,true
south-west:SBB01336:1788852725200,south-west:SBB01336,south-west,2026-09-08T07:32:05Z,2026-09-08T08:14:05Z,42,hub,2026-09-17T00:49:00Z,2026-09-17T00:49:00Z,true
south-west:SBB01336:1789626965260,south-west:SBB01336,south-west,2026-09-17T06:36:05Z,2026-09-17T07:26:05Z,50,hub,2026-09-17T11:32:49Z,2026-09-17T11:32:49Z,true
south-west:SBB01340:1788849740200,south-west:SBB01340,south-west,2026-09-08T06:42:20Z,2026-09-08T08:14:20Z,92,hub,2026-09-17T00:49:00Z,2026-09-17T00:49:00Z,true
south-west:SBB01340:1789622530200,south-west:SBB01340,south-west,2026-09-17T05:22:10Z,2026-09-17T05:27:30Z,5,hub,2026-09-17T11:32:49Z,2026-09-17T11:32:49Z,true
south-west:SBB01342:1789446070400,south-west:SBB01342,south-west,2026-09-15T04:21:10Z,2026-09-15T04:56:10Z,35,hub,2026-09-17T00:49:00Z,2026-09-17T00:49:00Z,true
south-west:SBB01342:1789624570400,south-west:SBB01342,south-west,2026-09-17T05:56:10Z,2026-09-17T06:40:40Z,45,hub,2026-09-17T11:32:49Z,2026-09-17T11:32:49Z,true
south-west:SBB01359:1788978731000,south-west:SBB01359,south-west,2026-09-09T18:32:11Z,2026-09-09T19:58:01Z,86,hub,2026-09-17T00:49:00Z,2026-09-17T00:49:00Z,true
south-west:SBB01359:1789656921000,south-west:SBB01359,south-west,2026-09-17T14:55:21Z,2026-09-17T15:01:01Z,6,hub,2026-09-17T15:38:08Z,2026-09-17T15:38:08Z,true
south-west:SBB01365:1789552710900,south-west:SBB01365,south-west,2026-09-16T09:58:30Z,2026-09-16T09:59:40Z,1,hub,2026-09-17T00:49:00Z,2026-09-17T00:49:00Z,true
south-west:SBB01368:1788451260000,south-west:SBB01368,south-west,2026-09-03T16:01:00Z,2026-09-03T16:04:11Z,3,hub,2026-09-17T00:49:00Z,2026-09-17T00:49:00Z,true
south-west:SBB01374:1788845201100,south-west:SBB01374,south-west,2026-09-08T05:26:41Z,2026-09-08T16:34:22Z,668,hub,2026-09-17T00:49:00Z,2026-09-17T00:49:00Z,true
south-west:SBB01380:1788861070000,south-west:SBB01380,south-west,2026-09-08T09:51:10Z,2026-09-08T09:52:31Z,1,hub,2026-09-17T00:49:00Z,2026-09-17T00:49:00Z,true
south-west:SBB01385:1789550285200,south-west:SBB01385,south-west,2026-09-16T09:18:05Z,2026-09-16T14:28:05Z,310,hub,2026-09-17T00:49:00Z,2026-09-17T00:49:00Z,true
south-west:SBB01389:1788837560300,south-west:SBB01389,south-west,2026-09-08T03:19:20Z,2026-09-08T04:18:00Z,59,hub,2026-09-17T00:49:00Z,2026-09-17T00:49:00Z,true
south-west:SBB01392:1789480950000,south-west:SBB01392,south-west,2026-09-15T14:02:30Z,2026-09-15T14:04:14Z,2,hub,2026-09-17T00:49:00Z,2026-09-17T00:49:00Z,true
south-west:SBB01392:1789712978000,south-west:SBB01392,south-west,2026-09-18T06:29:38Z,2026-09-18T06:31:26Z,2,hub,2026-09-18T06:44:23Z,2026-09-18T06:44:23Z,true
south-west:SBB01392:1789746475000,south-west:SBB01392,south-west,2026-09-18T15:47:55Z,2026-09-18T15:49:38Z,2,hub,2026-09-18T17:51:51Z,2026-09-18T17:51:51Z,true
south-west:SBB01396:1788848210600,south-west:SBB01396,south-west,2026-09-08T06:16:50Z,2026-09-08T11:51:00Z,334,hub,2026-09-17T00:49:00Z,2026-09-17T00:49:00Z,true
south-west:SBB01396:1789727050600,south-west:SBB01396,south-west,2026-09-18T10:29:50Z,2026-09-18T10:31:20Z,2,hub,2026-09-18T10:40:52Z,2026-09-18T11:01:14Z,true
south-west:SBB01407:1789349220200,south-west:SBB01407,south-west,2026-09-14T01:27:00Z,2026-09-16T11:21:20Z,3474,hub,2026-09-17T00:49:00Z,2026-09-17T00:49:00Z,true
south-west:SBB01407:1789620570200,south-west:SBB01407,south-west,2026-09-17T04:49:30Z,2026-09-17T05:20:40Z,31,hub,2026-09-17T11:32:49Z,2026-09-17T11:32:49Z,true
south-west:SBB01409:1789324685170,south-west:SBB01409,south-west,2026-09-13T18:38:05Z,2026-09-13T18:40:05Z,2,hub,2026-09-17T00:49:00Z,2026-09-17T00:49:00Z,true
south-west:SBB01414:1789069685170,south-west:SBB01414,south-west,2026-09-10T19:48:05Z,2026-09-10T19:50:05Z,2,hub,2026-09-17T00:49:00Z,2026-09-17T00:49:00Z,true
south-west:SBB01416:1788847685170,south-west:SBB01416,south-west,2026-09-08T06:08:05Z,2026-09-08T06:10:05Z,2,hub,2026-09-17T00:49:00Z,2026-09-17T00:49:00Z,true
south-west:SBB01417:1788858125200,south-west:SBB01417,south-west,2026-09-08T09:02:05Z,2026-09-08T09:04:05Z,2,hub,2026-09-17T00:49:00Z,2026-09-17T00:49:00Z,true
south-west:SBB01418:1789626005200,south-west:SBB01418,south-west,2026-09-17T06:20:05Z,2026-09-17T06:22:05Z,2,hub,2026-09-17T11:32:49Z,2026-09-17T11:32:49Z,true
south-west:SBB01419:1789380711000,south-west:SBB01419,south-west,2026-09-14T10:11:51Z,2026-09-14T10:14:17Z,2,hub,2026-09-17T00:49:00Z,2026-09-17T00:49:00Z,true
south-west:SBB01420:1789638003100,south-west:SBB01420,south-west,2026-09-17T09:40:03Z,2026-09-17T09:40:32Z,0,hub,2026-09-17T11:32:49Z,2026-09-17T11:32:49Z,true
south-west:SBB01421:1788854645170,south-west:SBB01421,south-west,2026-09-08T08:04:05Z,2026-09-08T08:06:05Z,2,hub,2026-09-17T00:49:00Z,2026-09-17T00:49:00Z,true
south-west:SBB01422:1788833525170,south-west:SBB01422,south-west,2026-09-08T02:12:05Z,2026-09-08T06:22:05Z,250,hub,2026-09-17T00:49:00Z,2026-09-17T00:49:00Z,true
south-west:SBB01424:1788849485170,south-west:SBB01424,south-west,2026-09-08T06:38:05Z,2026-09-08T06:52:05Z,14,hub,2026-09-17T00:49:00Z,2026-09-17T00:49:00Z,true
south-west:SBB01426:1788848525200,south-west:SBB01426,south-west,2026-09-08T06:22:05Z,2026-09-08T06:24:05Z,2,hub,2026-09-17T00:49:00Z,2026-09-17T00:49:00Z,true
southern:SWS00002:1788867000000,southern:SWS00002,southern,2026-09-08T11:30:00Z,2026-09-08T12:23:03Z,53,hub,2026-09-17T00:49:00Z,2026-09-17T00:49:00Z,true
southern:SWS00004:1788877804000,southern:SWS00004,southern,2026-09-08T14:30:04Z,2026-09-08T15:02:10Z,32,hub,2026-09-17T00:49:00Z,2026-09-17T00:49:00Z,true
southern:SWS00005:1788863933000,southern:SWS00005,southern,2026-09-08T10:38:53Z,2026-09-08T11:13:45Z,35,hub,2026-09-17T00:49:00Z,2026-09-17T00:49:00Z,true
southern:SWS00006:1788873842000,southern:SWS00006,southern,2026-09-08T13:24:02Z,2026-09-08T13:36:10Z,12,hub,2026-09-17T00:49:00Z,2026-09-17T00:49:00Z,true
southern:SWS00016:1788869135000,southern:SWS00016,southern,2026-09-08T12:05:35Z,2026-09-08T12:40:41Z,35,hub,2026-09-17T00:49:00Z,2026-09-17T00:49:00Z,true
southern:SWS00019:1788872898000,southern:SWS00019,southern,2026-09-08T13:08:18Z,2026-09-08T15:54:30Z,166,hub,2026-09-17T00:49:00Z,2026-09-17T00:49:00Z,true
southern:SWS00023:1788874585000,southern:SWS00023,southern,2026-09-08T13:36:25Z,2026-09-08T13:38:56Z,3,hub,2026-09-17T00:49:00Z,2026-09-17T00:49:00Z,true
southern:SWS00027:1788863433000,southern:SWS00027,southern,2026-09-08T10:30:33Z,2026-09-08T16:07:00Z,336,hub,2026-09-17T00:49:00Z,2026-09-17T00:49:00Z,true
southern:SWS00034:1788866100000,southern:SWS00034,southern,2026-09-08T11:15:00Z,2026-09-08T16:40:00Z,325,hub,2026-09-17T00:49:00Z,2026-09-17T00:49:00Z,true
southern:SWS00035:1788866005000,southern:SWS00035,southern,2026-09-08T11:13:25Z,2026-09-08T16:39:00Z,326,hub,2026-09-17T00:49:00Z,2026-09-17T00:49:00Z,true
southern:SWS00040:1788860520000,southern:SWS00040,southern,2026-09-08T09:42:00Z,2026-09-08T12:02:00Z,140,hub,2026-09-17T00:49:00Z,2026-09-17T00:49:00Z,true
southern:SWS00046:1788870746000,southern:SWS00046,southern,2026-09-08T12:32:26Z,2026-09-08T15:08:46Z,156,hub,2026-09-17T00:49:00Z,2026-09-17T00:49:00Z,true
southern:SWS00046:1789643549000,southern:SWS00046,southern,2026-09-17T11:12:29Z,2026-09-18T00:00:00Z,768,hub,2026-09-17T13:51:58Z,2026-09-18T01:08:26Z,true
southern:SWS00056:1788877800000,southern:SWS00056,southern,2026-09-08T14:30:00Z,2026-09-08T16:30:00Z,120,hub,2026-09-17T00:49:00Z,2026-09-17T00:49:00Z,true
southern:SWS00057:1788869280000,southern:SWS00057,southern,2026-09-08T12:08:00Z,2026-09-08T12:34:00Z,26,hub,2026-09-17T00:49:00Z,2026-09-17T00:49:00Z,true
southern:SWS00060:1788875860000,southern:SWS00060,southern,2026-09-08T13:57:40Z,2026-09-08T18:14:19Z,257,hub,2026-09-17T00:49:00Z,2026-09-17T00:49:00Z,true
southern:SWS00061:1788909724000,southern:SWS00061,southern,2026-09-08T23:22:04Z,2026-09-08T23:25:21Z,3,hub,2026-09-17T00:49:00Z,2026-09-17T00:49:00Z,true
southern:SWS00061:1789641339000,southern:SWS00061,southern,2026-09-17T10:35:39Z,2026-09-17T13:08:28Z,153,hub,2026-09-17T11:32:49Z,2026-09-17T11:32:49Z,false
southern:SWS00061:1789648395000,southern:SWS00061,southern,2026-09-17T12:33:15Z,2026-09-17T12:56:56Z,24,hub,2026-09-17T15:38:08Z,2026-09-17T15:38:08Z,true
southern:SWS00061:1789650508000,southern:SWS00061,southern,2026-09-17T13:08:28Z,2026-09-17T13:12:11Z,4,hub,2026-09-17T13:51:58Z,2026-09-17T13:51:58Z,true
southern:SWS00063:1788869679000,southern:SWS00063,southern,2026-09-08T12:14:39Z,2026-09-08T15:09:00Z,174,hub,2026-09-17T00:49:00Z,2026-09-17T00:49:00Z,true
southern:SWS00065:1788880296000,southern:SWS00065,southern,2026-09-08T15:11:36Z,2026-09-08T16:37:02Z,85,hub,2026-09-17T00:49:00Z,2026-09-17T00:49:00Z,true
southern:SWS00069:1788873204000,southern:SWS00069,southern,2026-09-08T13:13:24Z,2026-09-08T16:07:15Z,174,hub,2026-09-17T00:49:00Z,2026-09-17T00:49:00Z,true
southern:SWS00077:1788879399000,southern:SWS00077,southern,2026-09-08T14:56:39Z,2026-09-08T14:59:01Z,2,hub,2026-09-17T00:49:00Z,2026-09-17T00:49:00Z,true
southern:SWS00080:1788869396000,southern:SWS00080,southern,2026-09-08T12:09:56Z,2026-09-08T12:46:43Z,37,hub,2026-09-17T00:49:00Z,2026-09-17T00:49:00Z,true
southern:SWS00083:1788873326000,southern:SWS00083,southern,2026-09-08T13:15:26Z,2026-09-08T17:48:35Z,273,hub,2026-09-17T00:49:00Z,2026-09-17T00:49:00Z,true
southern:SWS00086:1788847121000,southern:SWS00086,southern,2026-09-08T05:58:41Z,2026-09-08T13:07:11Z,429,hub,2026-09-17T00:49:00Z,2026-09-17T00:49:00Z,true
southern:SWS00088:1788861720000,southern:SWS00088,southern,2026-09-08T10:02:00Z,2026-09-08T11:50:00Z,108,hub,2026-09-17T00:49:00Z,2026-09-17T00:49:00Z,true
southern:SWS00089:1788867840000,southern:SWS00089,southern,2026-09-08T11:44:00Z,2026-09-08T12:44:00Z,60,hub,2026-09-17T00:49:00Z,2026-09-17T00:49:00Z,true
southern:SWS00091:1788873960000,southern:SWS00091,southern,2026-09-08T13:26:00Z,2026-09-08T13:50:00Z,24,hub,2026-09-17T00:49:00Z,2026-09-17T00:49:00Z,true
southern:SWS00099:1788853785000,southern:SWS00099,southern,2026-09-08T07:49:45Z,2026-09-08T14:11:37Z,382,hub,2026-09-17T00:49:00Z,2026-09-17T00:49:00Z,true
southern:SWS00105:1788882627000,southern:SWS00105,southern,2026-09-08T15:50:27Z,2026-09-08T16:02:10Z,12,hub,2026-09-17T00:49:00Z,2026-09-17T00:49:00Z,true
southern:SWS00115:1788943343000,southern:SWS00115,southern,2026-09-09T08:42:23Z,2026-09-09T09:01:42Z,19,hub,2026-09-17T00:49:00Z,2026-09-17T00:49:00Z,true
southern:SWS00121:1788859880000,southern:SWS00121,southern,2026-09-08T09:31:20Z,2026-09-08T19:22:45Z,591,hub,2026-09-17T00:49:00Z,2026-09-17T00:49:00Z,true
southern:SWS00122:1788879542000,southern:SWS00122,southern,2026-09-08T14:59:02Z,2026-09-08T15:00:36Z,2,hub,2026-09-17T00:49:00Z,2026-09-17T00:49:00Z,true
southern:SWS00125:1789756151000,southern:SWS00125,southern,2026-09-18T18:29:11Z,2026-09-18T19:34:30Z,65,hub,2026-09-18T20:21:27Z,2026-09-18T20:21:27Z,true
southern:SWS00136:1788868740000,southern:SWS00136,southern,2026-09-08T11:59:00Z,2026-09-08T14:50:00Z,171,hub,2026-09-17T00:49:00Z,2026-09-17T00:49:00Z,true
southern:SWS00136:1789642121000,southern:SWS00136,southern,2026-09-17T10:48:41Z,2026-09-18T00:00:00Z,791,hub,2026-09-17T13:51:58Z,2026-09-18T01:08:26Z,true
southern:SWS00137:1788866621000,southern:SWS00137,southern,2026-09-08T11:23:41Z,2026-09-08T14:59:45Z,216,hub,2026-09-17T00:49:00Z,2026-09-17T00:49:00Z,true
southern:SWS00146:1788867149000,southern:SWS00146,southern,2026-09-08T11:32:29Z,2026-09-08T11:34:20Z,2,hub,2026-09-17T00:49:00Z,2026-09-17T00:49:00Z,true
southern:SWS00148:1788871247000,southern:SWS00148,southern,2026-09-08T12:40:47Z,2026-09-08T13:14:47Z,34,hub,2026-09-17T00:49:00Z,2026-09-17T00:49:00Z,true
southern:SWS00148:1789640521000,southern:SWS00148,southern,2026-09-17T10:22:01Z,2026-09-17T11:34:06Z,72,hub,2026-09-17T11:32:49Z,2026-09-17T13:51:58Z,true
southern:SWS00155:1788849812000,southern:SWS00155,southern,2026-09-08T06:43:32Z,2026-09-08T12:16:00Z,332,hub,2026-09-17T00:49:00Z,2026-09-17T00:49:00Z,true
southern:SWS00160:1788869687000,southern:SWS00160,southern,2026-09-08T12:14:47Z,2026-09-08T14:50:31Z,156,hub,2026-09-17T00:49:00Z,2026-09-17T00:49:00Z,true
southern:SWS00162:1788878103000,southern:SWS00162,southern,2026-09-08T14:35:03Z,2026-09-08T16:12:35Z,98,hub,2026-09-17T00:49:00Z,2026-09-17T00:49:00Z,true
southern:SWS00167:1788869045000,southern:SWS00167,southern,2026-09-08T12:04:05Z,2026-09-08T15:09:16Z,185,hub,2026-09-17T00:49:00Z,2026-09-17T00:49:00Z,true
southern:SWS00170:1788870940000,southern:SWS00170,southern,2026-09-08T12:35:40Z,2026-09-08T13:09:58Z,34,hub,2026-09-17T00:49:00Z,2026-09-17T00:49:00Z,true
southern:SWS00179:1788872091000,southern:SWS00179,southern,2026-09-08T12:54:51Z,2026-09-08T13:22:49Z,28,hub,2026-09-17T00:49:00Z,2026-09-17T00:49:00Z,true
southern:SWS00184:1788872145000,southern:SWS00184,southern,2026-09-08T12:55:45Z,2026-09-08T13:02:13Z,6,hub,2026-09-17T00:49:00Z,2026-09-17T00:49:00Z,true
southern:SWS00189:1788895920000,southern:SWS00189,southern,2026-09-08T19:32:00Z,2026-09-08T19:34:00Z,2,hub,2026-09-17T00:49:00Z,2026-09-17T00:49:00Z,true
southern:SWS00190:1788869067000,southern:SWS00190,southern,2026-09-08T12:04:27Z,2026-09-08T13:00:00Z,56,hub,2026-09-17T00:49:00Z,2026-09-17T00:49:00Z,true
southern:SWS00207:1789404600000,southern:SWS00207,southern,2026-09-14T16:50:00Z,2026-09-14T18:08:00Z,78,hub,2026-09-17T00:49:00Z,2026-09-17T00:49:00Z,true
southern:SWS00213:1788865940000,southern:SWS00213,southern,2026-09-08T11:12:20Z,2026-09-08T16:22:15Z,310,hub,2026-09-17T00:49:00Z,2026-09-17T00:49:00Z,true
southern:SWS00214:1788849119000,southern:SWS00214,southern,2026-09-08T06:31:59Z,2026-09-08T16:37:29Z,606,hub,2026-09-17T00:49:00Z,2026-09-17T00:49:00Z,true
southern:SWS00216:1788861292000,southern:SWS00216,southern,2026-09-08T09:54:52Z,2026-09-08T20:34:47Z,640,hub,2026-09-17T00:49:00Z,2026-09-17T00:49:00Z,true
southern:SWS00221:1788872878000,southern:SWS00221,southern,2026-09-08T13:07:58Z,2026-09-08T13:55:51Z,48,hub,2026-09-17T00:49:00Z,2026-09-17T00:49:00Z,true
southern:SWS00222:1788876688000,southern:SWS00222,southern,2026-09-08T14:11:28Z,2026-09-08T15:17:25Z,66,hub,2026-09-17T00:49:00Z,2026-09-17T00:49:00Z,true
southern:SWS00224:1788873313000,southern:SWS00224,southern,2026-09-08T13:15:13Z,2026-09-08T13:21:07Z,6,hub,2026-09-17T00:49:00Z,2026-09-17T00:49:00Z,true
southern:SWS00226:1788877800000,southern:SWS00226,southern,2026-09-08T14:30:00Z,2026-09-08T14:58:00Z,28,hub,2026-09-17T00:49:00Z,2026-09-17T00:49:00Z,true
southern:SWS00228:1788868560000,southern:SWS00228,southern,2026-09-08T11:56:00Z,2026-09-08T12:06:00Z,10,hub,2026-09-17T00:49:00Z,2026-09-17T00:49:00Z,true
southern:SWS00229:1788866760000,southern:SWS00229,southern,2026-09-08T11:26:00Z,2026-09-08T11:42:00Z,16,hub,2026-09-17T00:49:00Z,2026-09-17T00:49:00Z,true
southern:SWS00231:1789303200000,southern:SWS00231,southern,2026-09-13T12:40:00Z,2026-09-13T14:50:00Z,130,hub,2026-09-17T00:49:00Z,2026-09-17T00:49:00Z,true
southern:SWS00234:1788859432000,southern:SWS00234,southern,2026-09-08T09:23:52Z,2026-09-08T09:37:27Z,14,hub,2026-09-17T00:49:00Z,2026-09-17T00:49:00Z,true
southern:SWS00236:1788867020000,southern:SWS00236,southern,2026-09-08T11:30:20Z,2026-09-08T12:12:02Z,42,hub,2026-09-17T00:49:00Z,2026-09-17T00:49:00Z,true
southern:SWS00240:1788866635000,southern:SWS00240,southern,2026-09-08T11:23:55Z,2026-09-09T00:00:00Z,756,hub,2026-09-17T00:49:00Z,2026-09-17T00:49:00Z,true
southern:SWS00243:1788863280000,southern:SWS00243,southern,2026-09-08T10:28:00Z,2026-09-08T10:48:00Z,20,hub,2026-09-17T00:49:00Z,2026-09-17T00:49:00Z,true
southern:SWS00252:1789266090000,southern:SWS00252,southern,2026-09-13T02:21:30Z,2026-09-13T03:09:33Z,48,hub,2026-09-17T00:49:00Z,2026-09-17T00:49:00Z,true
southern:SWS00253:1788875296000,southern:SWS00253,southern,2026-09-08T13:48:16Z,2026-09-08T14:04:38Z,16,hub,2026-09-17T00:49:00Z,2026-09-17T00:49:00Z,true
southern:SWS00254:1788878160000,southern:SWS00254,southern,2026-09-08T14:36:00Z,2026-09-08T15:18:00Z,42,hub,2026-09-17T00:49:00Z,2026-09-17T00:49:00Z,true
southern:SWS00255:1788861171000,southern:SWS00255,southern,2026-09-08T09:52:51Z,2026-09-08T11:19:57Z,87,hub,2026-09-17T00:49:00Z,2026-09-17T00:49:00Z,true
southern:SWS00256:1788846848000,southern:SWS00256,southern,2026-09-08T05:54:08Z,2026-09-08T15:09:54Z,556,hub,2026-09-17T00:49:00Z,2026-09-17T00:49:00Z,true
southern:SWS00256:1789631817000,southern:SWS00256,southern,2026-09-17T07:56:57Z,2026-09-17T08:20:13Z,23,hub,2026-09-17T11:32:49Z,2026-09-17T11:32:49Z,true
southern:SWS00259:1788879779000,southern:SWS00259,southern,2026-09-08T15:02:59Z,2026-09-08T16:13:12Z,70,hub,2026-09-17T00:49:00Z,2026-09-17T00:49:00Z,true
southern:SWS00261:1788870480000,southern:SWS00261,southern,2026-09-08T12:28:00Z,2026-09-08T20:34:25Z,486,hub,2026-09-17T00:49:00Z,2026-09-17T00:49:00Z,true
southern:SWS00261:1789650277000,southern:SWS00261,southern,2026-09-17T13:04:37Z,2026-09-17T15:28:07Z,144,hub,2026-09-17T15:38:08Z,2026-09-17T19:14:51Z,true
southern:SWS00262:1788871947000,southern:SWS00262,southern,2026-09-08T12:52:27Z,2026-09-08T13:51:47Z,59,hub,2026-09-17T00:49:00Z,2026-09-17T00:49:00Z,true
southern:SWS00273:1788860256000,southern:SWS00273,southern,2026-09-08T09:37:36Z,2026-09-08T17:00:00Z,442,hub,2026-09-17T00:49:00Z,2026-09-17T00:49:00Z,true
southern:SWS00278:1788869459000,southern:SWS00278,southern,2026-09-08T12:10:59Z,2026-09-08T12:26:54Z,16,hub,2026-09-17T00:49:00Z,2026-09-17T00:49:00Z,true
southern:SWS00279:1788884346000,southern:SWS00279,southern,2026-09-08T16:19:06Z,2026-09-08T16:22:28Z,3,hub,2026-09-17T00:49:00Z,2026-09-17T00:49:00Z,true
southern:SWS00281:1788865953000,southern:SWS00281,southern,2026-09-08T11:12:33Z,2026-09-08T16:11:56Z,299,hub,2026-09-17T00:49:00Z,2026-09-17T00:49:00Z,true
southern:SWS00282:1788865920000,southern:SWS00282,southern,2026-09-08T11:12:00Z,2026-09-08T11:34:00Z,22,hub,2026-09-17T00:49:00Z,2026-09-17T00:49:00Z,true
southern:SWS00284:1788865127000,southern:SWS00284,southern,2026-09-08T10:58:47Z,2026-09-08T11:08:14Z,9,hub,2026-09-17T00:49:00Z,2026-09-17T00:49:00Z,true
southern:SWS00286:1788850440000,southern:SWS00286,southern,2026-09-08T06:54:00Z,2026-09-08T08:20:00Z,86,hub,2026-09-17T00:49:00Z,2026-09-17T00:49:00Z,true
southern:SWS00287:1788866760000,southern:SWS00287,southern,2026-09-08T11:26:00Z,2026-09-09T00:00:00Z,754,hub,2026-09-17T00:49:00Z,2026-09-17T00:49:00Z,true
southern:SWS00288:1788879000000,southern:SWS00288,southern,2026-09-08T14:50:00Z,2026-09-08T15:30:00Z,40,hub,2026-09-17T00:49:00Z,2026-09-17T00:49:00Z,true
southern:SWS00292:1788871857000,southern:SWS00292,southern,2026-09-08T12:50:57Z,2026-09-08T13:30:38Z,40,hub,2026-09-17T00:49:00Z,2026-09-17T00:49:00Z,true
southern:SWS00293:1788880673000,southern:SWS00293,southern,2026-09-08T15:17:53Z,2026-09-08T16:23:42Z,66,hub,2026-09-17T00:49:00Z,2026-09-17T00:49:00Z,true
southern:SWS00294:1788863975000,southern:SWS00294,southern,2026-09-08T10:39:35Z,2026-09-08T11:06:51Z,27,hub,2026-09-17T00:49:00Z,2026-09-17T00:49:00Z,true
southern:SWS00295:1788869978000,southern:SWS00295,southern,2026-09-08T12:19:38Z,2026-09-08T12:36:39Z,17,hub,2026-09-17T00:49:00Z,2026-09-17T00:49:00Z,true
southern:SWS00296:1788871380000,southern:SWS00296,southern,2026-09-08T12:43:00Z,2026-09-08T15:47:00Z,184,hub,2026-09-17T00:49:00Z,2026-09-17T00:49:00Z,true
southern:SWS00297:1788866198000,southern:SWS00297,southern,2026-09-08T11:16:38Z,2026-09-08T12:34:01Z,77,hub,2026-09-17T00:49:00Z,2026-09-17T00:49:00Z,true
southern:SWS00301:1788850920000,southern:SWS00301,southern,2026-09-08T07:02:00Z,2026-09-08T08:30:00Z,88,hub,2026-09-17T00:49:00Z,2026-09-17T00:49:00Z,true
southern:SWS00303:1788886168000,southern:SWS00303,southern,2026-09-08T16:49:28Z,2026-09-08T18:46:00Z,117,hub,2026-09-17T00:49:00Z,2026-09-17T00:49:00Z,true
southern:SWS00304:1788874211000,southern:SWS00304,southern,2026-09-08T13:30:11Z,2026-09-08T14:12:41Z,43,hub,2026-09-17T00:49:00Z,2026-09-17T00:49:00Z,true
southern:SWS00305:1788864720000,southern:SWS00305,southern,2026-09-08T10:52:00Z,2026-09-08T11:42:00Z,50,hub,2026-09-17T00:49:00Z,2026-09-17T00:49:00Z,true
southern:SWS00310:1788872760000,southern:SWS00310,southern,2026-09-08T13:06:00Z,2026-09-08T14:00:00Z,54,hub,2026-09-17T00:49:00Z,2026-09-17T00:49:00Z,true
southern:SWS00322:1788866016000,southern:SWS00322,southern,2026-09-08T11:13:36Z,2026-09-08T11:36:12Z,23,hub,2026-09-17T00:49:00Z,2026-09-17T00:49:00Z,true
southern:SWS00323:1788879213000,southern:SWS00323,southern,2026-09-08T14:53:33Z,2026-09-08T14:57:22Z,4,hub,2026-09-17T00:49:00Z,2026-09-17T00:49:00Z,true
southern:SWS00324:1788879009000,southern:SWS00324,southern,2026-09-08T14:50:09Z,2026-09-08T16:08:12Z,78,hub,2026-09-17T00:49:00Z,2026-09-17T00:49:00Z,true
southern:SWS00329:1788866291000,southern:SWS00329,southern,2026-09-08T11:18:11Z,2026-09-08T15:03:13Z,225,hub,2026-09-17T00:49:00Z,2026-09-17T00:49:00Z,true
southern:SWS00332:1788881004000,southern:SWS00332,southern,2026-09-08T15:23:24Z,2026-09-08T15:25:55Z,3,hub,2026-09-17T00:49:00Z,2026-09-17T00:49:00Z,true
southern:SWS00333:1788864960000,southern:SWS00333,southern,2026-09-08T10:56:00Z,2026-09-08T12:52:00Z,116,hub,2026-09-17T00:49:00Z,2026-09-17T00:49:00Z,true
southern:SWS00334:1788847688000,southern:SWS00334,southern,2026-09-08T06:08:08Z,2026-09-08T11:43:00Z,335,hub,2026-09-17T00:49:00Z,2026-09-17T00:49:00Z,true
southern:SWS00340:1788878582000,southern:SWS00340,southern,2026-09-08T14:43:02Z,2026-09-08T15:14:58Z,32,hub,2026-09-17T00:49:00Z,2026-09-17T00:49:00Z,true
southern:SWS00341:1788883920000,southern:SWS00341,southern,2026-09-08T16:12:00Z,2026-09-08T17:22:00Z,70,hub,2026-09-17T00:49:00Z,2026-09-17T00:49:00Z,true
southern:SWS00343:1788870598000,southern:SWS00343,southern,2026-09-08T12:29:58Z,2026-09-08T13:57:22Z,87,hub,2026-09-17T00:49:00Z,2026-09-17T00:49:00Z,true
southern:SWS00343:1789641549000,southern:SWS00343,southern,2026-09-17T10:39:09Z,2026-09-17T11:37:32Z,58,hub,2026-09-17T11:32:49Z,2026-09-17T11:32:49Z,false
southern:SWS00343:1789645052000,southern:SWS00343,southern,2026-09-17T11:37:32Z,2026-09-18T00:00:00Z,742,hub,2026-09-17T13:51:58Z,2026-09-18T01:08:26Z,true
southern:SWS00346:1788873328000,southern:SWS00346,southern,2026-09-08T13:15:28Z,2026-09-08T13:17:11Z,2,hub,2026-09-17T00:49:00Z,2026-09-17T00:49:00Z,true
southern:SWS00354:1788896276000,southern:SWS00354,southern,2026-09-08T19:37:56Z,2026-09-08T19:45:47Z,8,hub,2026-09-17T00:49:00Z,2026-09-17T00:49:00Z,true
southern:SWS00356:1788862071000,southern:SWS00356,southern,2026-09-08T10:07:51Z,2026-09-08T11:04:21Z,57,hub,2026-09-17T00:49:00Z,2026-09-17T00:49:00Z,true
southern:SWS00357:1788863582000,southern:SWS00357,southern,2026-09-08T10:33:02Z,2026-09-09T05:41:33Z,1149,hub,2026-09-17T00:49:00Z,2026-09-17T00:49:00Z,true
southern:SWS00359:1788873576000,southern:SWS00359,southern,2026-09-08T13:19:36Z,2026-09-08T16:07:17Z,168,hub,2026-09-17T00:49:00Z,2026-09-17T00:49:00Z,true
southern:SWS00360:1788868377000,southern:SWS00360,southern,2026-09-08T11:52:57Z,2026-09-08T12:31:59Z,39,hub,2026-09-17T00:49:00Z,2026-09-17T00:49:00Z,true
southern:SWS00362:1788886480000,southern:SWS00362,southern,2026-09-08T16:54:40Z,2026-09-08T16:58:25Z,4,hub,2026-09-17T00:49:00Z,2026-09-17T00:49:00Z,true
southern:SWS00364:1788874648000,southern:SWS00364,southern,2026-09-08T13:37:28Z,2026-09-08T13:54:44Z,17,hub,2026-09-17T00:49:00Z,2026-09-17T00:49:00Z,true
southern:SWS00365:1788862584000,southern:SWS00365,southern,2026-09-08T10:16:24Z,2026-09-08T12:26:45Z,130,hub,2026-09-17T00:49:00Z,2026-09-17T00:49:00Z,true
southern:SWS00376:1788863658000,southern:SWS00376,southern,2026-09-08T10:34:18Z,2026-09-08T10:43:09Z,9,hub,2026-09-17T00:49:00Z,2026-09-17T00:49:00Z,true
southern:SWS00380:1788876438000,southern:SWS00380,southern,2026-09-08T14:07:18Z,2026-09-08T14:39:49Z,33,hub,2026-09-17T00:49:00Z,2026-09-17T00:49:00Z,true
southern:SWS00380:1789641268000,southern:SWS00380,southern,2026-09-17T10:34:28Z,2026-09-18T00:00:00Z,806,hub,2026-09-17T11:32:49Z,2026-09-18T01:08:26Z,true
southern:SWS00381:1788852509000,southern:SWS00381,southern,2026-09-08T07:28:29Z,2026-09-08T12:16:34Z,288,hub,2026-09-17T00:49:00Z,2026-09-17T00:49:00Z,true
southern:SWS00382:1788868892000,southern:SWS00382,southern,2026-09-08T12:01:32Z,2026-09-08T13:39:00Z,97,hub,2026-09-17T00:49:00Z,2026-09-17T00:49:00Z,true
southern:SWS00382:1789641844000,southern:SWS00382,southern,2026-09-17T10:44:04Z,2026-09-17T11:38:24Z,54,hub,2026-09-18T10:30:40Z,2026-09-18T10:30:40Z,true
southern:SWS00382:1789645352000,southern:SWS00382,southern,2026-09-17T11:42:32Z,2026-09-17T11:45:45Z,3,hub,2026-09-17T13:51:58Z,2026-09-17T13:51:58Z,true
southern:SWS00383:1788875001000,southern:SWS00383,southern,2026-09-08T13:43:21Z,2026-09-09T12:00:00Z,1337,hub,2026-09-17T00:49:00Z,2026-09-17T00:49:00Z,true
southern:SWS00384:1788865934000,southern:SWS00384,southern,2026-09-08T11:12:14Z,2026-09-08T14:16:33Z,184,hub,2026-09-17T00:49:00Z,2026-09-17T00:49:00Z,true
southern:SWS00384:1789637443000,southern:SWS00384,southern,2026-09-17T09:30:43Z,2026-09-17T10:53:07Z,82,hub,2026-09-17T11:32:49Z,2026-09-17T11:32:49Z,false
southern:SWS00384:1789642387000,southern:SWS00384,southern,2026-09-17T10:53:07Z,2026-09-17T11:37:47Z,45,hub,2026-09-17T13:51:58Z,2026-09-17T13:51:58Z,true
southern:SWS00385:1788871031000,southern:SWS00385,southern,2026-09-08T12:37:11Z,2026-09-08T15:07:31Z,150,hub,2026-09-17T00:49:00Z,2026-09-17T00:49:00Z,true
southern:SWS00389:1788866236000,southern:SWS00389,southern,2026-09-08T11:17:16Z,2026-09-08T15:10:17Z,233,hub,2026-09-17T00:49:00Z,2026-09-17T00:49:00Z,true
southern:SWS00389:1789641780000,southern:SWS00389,southern,2026-09-17T10:43:00Z,2026-09-17T11:21:56Z,39,hub,2026-09-17T13:51:58Z,2026-09-17T13:51:58Z,true
southern:SWS00390:1788875295000,southern:SWS00390,southern,2026-09-08T13:48:15Z,2026-09-08T18:44:33Z,296,hub,2026-09-17T00:49:00Z,2026-09-17T00:49:00Z,true
southern:SWS00391:1788864934000,southern:SWS00391,southern,2026-09-08T10:55:34Z,2026-09-08T18:54:48Z,479,hub,2026-09-17T00:49:00Z,2026-09-17T00:49:00Z,true
southern:SWS00401:1788869135000,southern:SWS00401,southern,2026-09-08T12:05:35Z,2026-09-08T13:46:42Z,101,hub,2026-09-17T00:49:00Z,2026-09-17T00:49:00Z,true
southern:SWS00402:1788865583000,southern:SWS00402,southern,2026-09-08T11:06:23Z,2026-09-08T15:24:33Z,258,hub,2026-09-17T00:49:00Z,2026-09-17T00:49:00Z,true
southern:SWS00407:1788866880000,southern:SWS00407,southern,2026-09-08T11:28:00Z,2026-09-08T11:56:00Z,28,hub,2026-09-17T00:49:00Z,2026-09-17T00:49:00Z,true
southern:SWS00408:1788871699000,southern:SWS00408,southern,2026-09-08T12:48:19Z,2026-09-08T15:35:54Z,168,hub,2026-09-17T00:49:00Z,2026-09-17T00:49:00Z,true
southern:SWS00409:1788875377000,southern:SWS00409,southern,2026-09-08T13:49:37Z,2026-09-08T15:22:41Z,93,hub,2026-09-17T00:49:00Z,2026-09-17T00:49:00Z,true
southern:SWS00410:1788878218000,southern:SWS00410,southern,2026-09-08T14:36:58Z,2026-09-08T14:43:33Z,7,hub,2026-09-17T00:49:00Z,2026-09-17T00:49:00Z,true
southern:SWS00414:1788874886000,southern:SWS00414,southern,2026-09-08T13:41:26Z,2026-09-08T19:46:51Z,365,hub,2026-09-17T00:49:00Z,2026-09-17T00:49:00Z,true
southern:SWS00416:1789101479000,southern:SWS00416,southern,2026-09-11T04:37:59Z,2026-09-11T04:39:15Z,1,hub,2026-09-17T00:49:00Z,2026-09-17T00:49:00Z,true
southern:SWS00419:1788877200000,southern:SWS00419,southern,2026-09-08T14:20:00Z,2026-09-09T02:35:01Z,735,hub,2026-09-17T00:49:00Z,2026-09-17T00:49:00Z,true
southern:SWS00423:1788876471000,southern:SWS00423,southern,2026-09-08T14:07:51Z,2026-09-08T18:30:11Z,262,hub,2026-09-17T00:49:00Z,2026-09-17T00:49:00Z,true
southern:SWS00426:1788847256000,southern:SWS00426,southern,2026-09-08T06:00:56Z,2026-09-08T06:12:44Z,12,hub,2026-09-17T00:49:00Z,2026-09-17T00:49:00Z,true
southern:SWS00428:1788858872000,southern:SWS00428,southern,2026-09-08T09:14:32Z,2026-09-08T12:16:04Z,182,hub,2026-09-17T00:49:00Z,2026-09-17T00:49:00Z,true
southern:SWS00431:1788866640000,southern:SWS00431,southern,2026-09-08T11:24:00Z,2026-09-08T11:46:00Z,22,hub,2026-09-17T00:49:00Z,2026-09-17T00:49:00Z,true
southern:SWS00434:1788866795000,southern:SWS00434,southern,2026-09-08T11:26:35Z,2026-09-08T15:51:21Z,265,hub,2026-09-17T00:49:00Z,2026-09-17T00:49:00Z,true
southern:SWS00437:1788246475000,southern:SWS00437,southern,2026-09-01T07:07:55Z,2026-09-01T17:59:38Z,652,hub,2026-09-17T00:49:00Z,2026-09-17T00:49:00Z,true
southern:SWS00438:1788850712000,southern:SWS00438,southern,2026-09-08T06:58:32Z,2026-09-08T08:22:39Z,84,hub,2026-09-17T00:49:00Z,2026-09-17T00:49:00Z,true
southern:SWS00440:1788866479000,southern:SWS00440,southern,2026-09-08T11:21:19Z,2026-09-09T00:00:00Z,759,hub,2026-09-17T00:49:00Z,2026-09-17T00:49:00Z,true
southern:SWS00441:1788862228000,southern:SWS00441,southern,2026-09-08T10:10:28Z,2026-09-09T00:00:00Z,830,hub,2026-09-17T00:49:00Z,2026-09-17T00:49:00Z,true
southern:SWS00442:1788884340000,southern:SWS00442,southern,2026-09-08T16:19:00Z,2026-09-08T21:07:00Z,288,hub,2026-09-17T00:49:00Z,2026-09-17T00:49:00Z,true
southern:SWS00443:1788854465000,southern:SWS00443,southern,2026-09-08T08:01:05Z,2026-09-08T08:27:01Z,26,hub,2026-09-17T00:49:00Z,2026-09-17T00:49:00Z,true
southern:SWS00445:1788872833000,southern:SWS00445,southern,2026-09-08T13:07:13Z,2026-09-08T13:09:09Z,2,hub,2026-09-17T00:49:00Z,2026-09-17T00:49:00Z,true
southern:SWS00448:1789642164000,southern:SWS00448,southern,2026-09-17T10:58:00Z,2026-09-17T10:59:35Z,2,hub,2026-09-17T13:51:58Z,2026-09-18T14:37:46Z,true
southern:SWS00453:1788873936000,southern:SWS00453,southern,2026-09-08T13:25:36Z,2026-09-08T15:33:20Z,128,hub,2026-09-17T00:49:00Z,2026-09-17T00:49:00Z,true
southern:SWS00455:1788870635000,southern:SWS00455,southern,2026-09-08T12:30:35Z,2026-09-08T13:03:26Z,33,hub,2026-09-17T00:49:00Z,2026-09-17T00:49:00Z,true
southern:SWS00456:1788848525000,southern:SWS00456,southern,2026-09-08T06:22:05Z,2026-09-08T16:00:29Z,578,hub,2026-09-17T00:49:00Z,2026-09-17T00:49:00Z,true
southern:SWS00458:1788866858000,southern:SWS00458,southern,2026-09-08T11:27:38Z,2026-09-08T12:37:45Z,70,hub,2026-09-17T00:49:00Z,2026-09-17T00:49:00Z,true
southern:SWS00459:1789635600000,southern:SWS00459,southern,2026-09-17T09:00:00Z,2026-09-17T10:06:00Z,66,hub,2026-09-17T11:32:49Z,2026-09-17T11:32:49Z,true
southern:SWS00461:1788879595000,southern:SWS00461,southern,2026-09-08T14:59:55Z,2026-09-08T19:02:06Z,242,hub,2026-09-17T00:49:00Z,2026-09-17T00:49:00Z,true
southern:SWS00467:1788866663000,southern:SWS00467,southern,2026-09-08T11:24:23Z,2026-09-08T12:51:36Z,87,hub,2026-09-17T00:49:00Z,2026-09-17T00:49:00Z,true
southern:SWS00474:1788881579000,southern:SWS00474,southern,2026-09-08T15:32:59Z,2026-09-08T16:07:33Z,35,hub,2026-09-17T00:49:00Z,2026-09-17T00:49:00Z,true
southern:SWS00481:1788871276000,southern:SWS00481,southern,2026-09-08T12:41:16Z,2026-09-08T15:31:49Z,171,hub,2026-09-17T00:49:00Z,2026-09-17T00:49:00Z,true
southern:SWS00482:1789640439000,southern:SWS00482,southern,2026-09-17T10:20:39Z,2026-09-17T10:40:16Z,20,hub,2026-09-17T11:32:49Z,2026-09-17T11:32:49Z,true
southern:SWS00487:1788866766000,southern:SWS00487,southern,2026-09-08T11:26:06Z,2026-09-08T11:52:20Z,26,hub,2026-09-17T00:49:00Z,2026-09-17T00:49:00Z,true
southern:SWS00490:1789642156000,southern:SWS00490,southern,2026-09-17T10:49:16Z,2026-09-17T11:23:45Z,34,hub,2026-09-17T11:32:49Z,2026-09-17T13:51:58Z,true
southern:SWS00491:1788853285000,southern:SWS00491,southern,2026-09-08T07:41:25Z,2026-09-08T12:27:47Z,286,hub,2026-09-17T00:49:00Z,2026-09-17T00:49:00Z,true
southern:SWS00493:1788866400000,southern:SWS00493,southern,2026-09-08T11:20:00Z,2026-09-08T11:38:00Z,18,hub,2026-09-17T00:49:00Z,2026-09-17T00:49:00Z,true
southern:SWS00495:1788929295000,southern:SWS00495,southern,2026-09-09T04:48:15Z,2026-09-09T05:08:23Z,20,hub,2026-09-17T00:49:00Z,2026-09-17T00:49:00Z,true
southern:SWS00502:1788865351000,southern:SWS00502,southern,2026-09-08T11:02:31Z,2026-09-08T15:01:24Z,239,hub,2026-09-17T00:49:00Z,2026-09-17T00:49:00Z,true
southern:SWS00503:1788878339000,southern:SWS00503,southern,2026-09-08T14:38:59Z,2026-09-08T14:48:40Z,10,hub,2026-09-17T00:49:00Z,2026-09-17T00:49:00Z,true
southern:SWS00506:1788852840000,southern:SWS00506,southern,2026-09-08T07:34:00Z,2026-09-08T12:06:00Z,272,hub,2026-09-17T00:49:00Z,2026-09-17T00:49:00Z,true
southern:SWS00513:1788848755000,southern:SWS00513,southern,2026-09-08T06:25:55Z,2026-09-08T14:49:03Z,503,hub,2026-09-17T00:49:00Z,2026-09-17T00:49:00Z,true
southern:SWS00513:1789640265000,southern:SWS00513,southern,2026-09-17T10:26:00Z,2026-09-17T10:59:28Z,33,hub,2026-09-17T11:32:49Z,2026-09-18T21:02:08Z,true
southern:SWS00517:1788876752000,southern:SWS00517,southern,2026-09-08T14:12:32Z,2026-09-08T14:13:37Z,1,hub,2026-09-17T00:49:00Z,2026-09-17T00:49:00Z,true
southern:SWS00520:1789582852000,southern:SWS00520,southern,2026-09-16T18:20:52Z,2026-09-16T18:54:04Z,33,hub,2026-09-17T00:49:00Z,2026-09-17T00:49:00Z,true
southern:SWS00520:1789767770000,southern:SWS00520,southern,2026-09-18T21:42:50Z,2026-09-18T22:00:08Z,17,hub,2026-09-18T22:43:41Z,2026-09-18T22:43:41Z,true
southern:SWS00523:1788870909000,southern:SWS00523,southern,2026-09-08T12:35:09Z,2026-09-08T14:39:26Z,124,hub,2026-09-17T00:49:00Z,2026-09-17T00:49:00Z,true
southern:SWS00529:1788867000000,southern:SWS00529,southern,2026-09-08T11:30:00Z,2026-09-08T12:15:00Z,45,hub,2026-09-17T00:49:00Z,2026-09-17T00:49:00Z,true
southern:SWS00534:1788869027000,southern:SWS00534,southern,2026-09-08T12:03:47Z,2026-09-08T16:48:09Z,284,hub,2026-09-17T00:49:00Z,2026-09-17T00:49:00Z,true
southern:SWS00535:1788878880000,southern:SWS00535,southern,2026-09-08T14:48:00Z,2026-09-08T14:58:00Z,10,hub,2026-09-17T00:49:00Z,2026-09-17T00:49:00Z,true
southern:SWS00543:1788870803000,southern:SWS00543,southern,2026-09-08T12:33:23Z,2026-09-08T12:34:04Z,1,hub,2026-09-17T00:49:00Z,2026-09-17T00:49:00Z,true
southern:SWS00544:1788864420000,southern:SWS00544,southern,2026-09-08T10:47:00Z,2026-09-08T15:08:00Z,261,hub,2026-09-17T00:49:00Z,2026-09-17T00:49:00Z,true
southern:SWS00549:1788880551000,southern:SWS00549,southern,2026-09-08T15:15:51Z,2026-09-08T18:32:40Z,197,hub,2026-09-17T00:49:00Z,2026-09-17T00:49:00Z,true
southern:SWS00550:1788880641000,southern:SWS00550,southern,2026-09-08T15:17:21Z,2026-09-08T17:36:53Z,140,hub,2026-09-17T00:49:00Z,2026-09-17T00:49:00Z,true
southern:SWS00551:1788847343000,southern:SWS00551,southern,2026-09-08T06:02:23Z,2026-09-08T15:01:06Z,539,hub,2026-09-17T00:49:00Z,2026-09-17T00:49:00Z,true
southern:SWS00551:1789636037000,southern:SWS00551,southern,2026-09-17T09:07:17Z,2026-09-17T12:14:02Z,187,hub,2026-09-17T11:32:49Z,2026-09-17T13:51:58Z,true
southern:SWS00551:1789640880000,southern:SWS00551,southern,2026-09-17T10:28:00Z,2026-09-17T11:01:00Z,33,hub,2026-09-18T10:30:40Z,2026-09-18T10:30:40Z,true
southern:SWS00553:1788848595000,southern:SWS00553,southern,2026-09-08T06:23:15Z,2026-09-08T06:59:19Z,36,hub,2026-09-17T00:49:00Z,2026-09-17T00:49:00Z,true
southern:SWS00560:1788431280000,southern:SWS00560,southern,2026-09-03T10:28:00Z,2026-09-03T10:46:00Z,18,hub,2026-09-17T00:49:00Z,2026-09-17T00:49:00Z,true
southern:SWS00564:1788870320000,southern:SWS00564,southern,2026-09-08T12:25:20Z,2026-09-08T12:39:00Z,14,hub,2026-09-17T00:49:00Z,2026-09-17T00:49:00Z,true
southern:SWS00575:1788866826000,southern:SWS00575,southern,2026-09-08T11:27:06Z,2026-09-08T11:31:27Z,4,hub,2026-09-17T00:49:00Z,2026-09-17T00:49:00Z,true
southern:SWS00581:1788865800000,southern:SWS00581,southern,2026-09-08T11:10:00Z,2026-09-08T12:44:00Z,94,hub,2026-09-17T00:49:00Z,2026-09-17T00:49:00Z,true
southern:SWS00583:1788895165000,southern:SWS00583,southern,2026-09-08T19:19:25Z,2026-09-08T19:20:00Z,1,hub,2026-09-17T00:49:00Z,2026-09-17T00:49:00Z,true
southern:SWS00584:1788884963000,southern:SWS00584,southern,2026-09-08T16:29:23Z,2026-09-08T16:31:00Z,2,hub,2026-09-17T00:49:00Z,2026-09-17T00:49:00Z,true
southern:SWS00586:1788884400000,southern:SWS00586,southern,2026-09-08T16:20:00Z,2026-09-08T18:04:00Z,104,hub,2026-09-17T00:49:00Z,2026-09-17T00:49:00Z,true
southern:SWS00591:1788881858000,southern:SWS00591,southern,2026-09-08T15:37:38Z,2026-09-08T15:41:04Z,3,hub,2026-09-17T00:49:00Z,2026-09-17T00:49:00Z,true
southern:SWS00592:1788866874000,southern:SWS00592,southern,2026-09-08T11:27:54Z,2026-09-08T12:02:22Z,34,hub,2026-09-17T00:49:00Z,2026-09-17T00:49:00Z,true
southern:SWS00595:1788862337000,southern:SWS00595,southern,2026-09-08T10:12:17Z,2026-09-08T11:41:32Z,89,hub,2026-09-17T00:49:00Z,2026-09-17T00:49:00Z,true
southern:SWS00597:1788857480000,southern:SWS00597,southern,2026-09-08T08:51:20Z,2026-09-08T12:25:00Z,214,hub,2026-09-17T00:49:00Z,2026-09-17T00:49:00Z,true
southern:SWS00600:1788855625000,southern:SWS00600,southern,2026-09-08T08:20:25Z,2026-09-08T16:16:40Z,476,hub,2026-09-17T00:49:00Z,2026-09-17T00:49:00Z,true
southern:SWS00600:1789638257000,southern:SWS00600,southern,2026-09-17T09:44:17Z,2026-09-17T11:19:53Z,96,hub,2026-09-17T19:14:51Z,2026-09-17T19:14:51Z,true
southern:SWS00601:1788865939000,southern:SWS00601,southern,2026-09-08T11:12:19Z,2026-09-09T00:00:00Z,768,hub,2026-09-17T00:49:00Z,2026-09-17T00:49:00Z,true
southern:SWS00605:1788867320000,southern:SWS00605,southern,2026-09-08T11:35:20Z,2026-09-08T13:19:13Z,104,hub,2026-09-17T00:49:00Z,2026-09-17T00:49:00Z,true
southern:SWS00608:1788849161000,southern:SWS00608,southern,2026-09-08T06:32:41Z,2026-09-08T07:26:51Z,54,hub,2026-09-17T00:49:00Z,2026-09-17T00:49:00Z,true
southern:SWS00609:1788866640000,southern:SWS00609,southern,2026-09-08T11:24:00Z,2026-09-08T11:40:00Z,16,hub,2026-09-17T00:49:00Z,2026-09-17T00:49:00Z,true
southern:SWS00622:1788882826000,southern:SWS00622,southern,2026-09-08T15:53:46Z,2026-09-08T15:57:33Z,4,hub,2026-09-17T00:49:00Z,2026-09-17T00:49:00Z,true
southern:SWS00623:1789642239000,southern:SWS00623,southern,2026-09-17T10:50:39Z,2026-09-17T11:10:20Z,20,hub,2026-09-17T13:51:58Z,2026-09-17T13:51:58Z,true
southern:SWS00624:1788865747000,southern:SWS00624,southern,2026-09-08T11:09:07Z,2026-09-08T11:55:00Z,46,hub,2026-09-17T00:49:00Z,2026-09-17T00:49:00Z,true
southern:SWS00636:1788865215000,southern:SWS00636,southern,2026-09-08T11:00:15Z,2026-09-08T12:09:53Z,70,hub,2026-09-17T00:49:00Z,2026-09-17T00:49:00Z,true
southern:SWS00637:1788865200000,southern:SWS00637,southern,2026-09-08T11:00:00Z,2026-09-08T17:15:00Z,375,hub,2026-09-17T00:49:00Z,2026-09-17T00:49:00Z,true
southern:SWS00638:1788903554000,southern:SWS00638,southern,2026-09-08T21:39:14Z,2026-09-08T22:02:05Z,23,hub,2026-09-17T00:49:00Z,2026-09-17T00:49:00Z,true
southern:SWS00644:1788862659000,southern:SWS00644,southern,2026-09-08T10:17:39Z,2026-09-08T17:16:00Z,418,hub,2026-09-17T00:49:00Z,2026-09-17T00:49:00Z,true
southern:SWS00645:1788864936000,southern:SWS00645,southern,2026-09-08T10:55:36Z,2026-09-08T14:44:06Z,229,hub,2026-09-17T00:49:00Z,2026-09-17T00:49:00Z,true
southern:SWS00646:1788872880000,southern:SWS00646,southern,2026-09-08T13:08:00Z,2026-09-08T14:30:00Z,82,hub,2026-09-17T00:49:00Z,2026-09-17T00:49:00Z,true
southern:SWS00649:1788871200000,southern:SWS00649,southern,2026-09-08T12:40:00Z,2026-09-08T13:06:00Z,26,hub,2026-09-17T00:49:00Z,2026-09-17T00:49:00Z,true
southern:SWS00651:1788859964000,southern:SWS00651,southern,2026-09-08T09:32:44Z,2026-09-09T08:00:40Z,1348,hub,2026-09-17T00:49:00Z,2026-09-17T00:49:00Z,true
southern:SWS00656:1788862320000,southern:SWS00656,southern,2026-09-08T10:12:00Z,2026-09-08T13:57:00Z,225,hub,2026-09-17T00:49:00Z,2026-09-17T00:49:00Z,true
southern:SWS00657:1789100500000,southern:SWS00657,southern,2026-09-11T04:21:40Z,2026-09-11T04:40:01Z,18,hub,2026-09-17T00:49:00Z,2026-09-17T00:49:00Z,true
southern:SWS00664:1789318108000,southern:SWS00664,southern,2026-09-13T16:48:28Z,2026-09-13T16:50:17Z,2,hub,2026-09-17T00:49:00Z,2026-09-17T00:49:00Z,true
southern:SWS00670:1788863075000,southern:SWS00670,southern,2026-09-08T10:24:35Z,2026-09-08T11:51:26Z,87,hub,2026-09-17T00:49:00Z,2026-09-17T00:49:00Z,true
southern:SWS00671:1788884739000,southern:SWS00671,southern,2026-09-08T16:25:39Z,2026-09-08T16:47:16Z,22,hub,2026-09-17T00:49:00Z,2026-09-17T00:49:00Z,true
southern:SWS00674:1788865586000,southern:SWS00674,southern,2026-09-08T11:06:26Z,2026-09-08T15:12:05Z,246,hub,2026-09-17T00:49:00Z,2026-09-17T00:49:00Z,true
southern:SWS00676:1788876630000,southern:SWS00676,southern,2026-09-08T14:10:30Z,2026-09-08T14:14:34Z,4,hub,2026-09-17T00:49:00Z,2026-09-17T00:49:00Z,true
southern:SWS00677:1788860680000,southern:SWS00677,southern,2026-09-08T09:44:40Z,2026-09-08T11:43:04Z,118,hub,2026-09-17T00:49:00Z,2026-09-17T00:49:00Z,true
southern:SWS00679:1788867540000,southern:SWS00679,southern,2026-09-08T11:39:00Z,2026-09-08T20:00:00Z,501,hub,2026-09-17T00:49:00Z,2026-09-17T00:49:00Z,true
southern:SWS00680:1788866430000,southern:SWS00680,southern,2026-09-08T11:20:30Z,2026-09-08T15:01:12Z,221,hub,2026-09-17T00:49:00Z,2026-09-17T00:49:00Z,true
southern:SWS00686:1788869695000,southern:SWS00686,southern,2026-09-08T12:14:55Z,2026-09-08T12:26:27Z,12,hub,2026-09-17T00:49:00Z,2026-09-17T00:49:00Z,true
southern:SWS00688:1788891374000,southern:SWS00688,southern,2026-09-08T18:16:14Z,2026-09-08T18:50:19Z,34,hub,2026-09-17T00:49:00Z,2026-09-17T00:49:00Z,true
southern:SWS00693:1788872529000,southern:SWS00693,southern,2026-09-08T13:02:09Z,2026-09-08T18:13:06Z,311,hub,2026-09-17T00:49:00Z,2026-09-17T00:49:00Z,true
southern:SWS00698:1788873480000,southern:SWS00698,southern,2026-09-08T13:18:00Z,2026-09-08T14:38:00Z,80,hub,2026-09-17T00:49:00Z,2026-09-17T00:49:00Z,true
southern:SWS00710:1788874540000,southern:SWS00710,southern,2026-09-08T13:35:40Z,2026-09-08T13:50:55Z,15,hub,2026-09-17T00:49:00Z,2026-09-17T00:49:00Z,true
southern:SWS00717:1788872322000,southern:SWS00717,southern,2026-09-08T12:58:42Z,2026-09-08T22:56:47Z,598,hub,2026-09-17T00:49:00Z,2026-09-17T00:49:00Z,true
southern:SWS00721:1788862920000,southern:SWS00721,southern,2026-09-08T10:22:00Z,2026-09-08T11:18:00Z,56,hub,2026-09-17T00:49:00Z,2026-09-17T00:49:00Z,true
southern:SWS00723:1788851104000,southern:SWS00723,southern,2026-09-08T07:05:04Z,2026-09-08T14:51:35Z,467,hub,2026-09-17T00:49:00Z,2026-09-17T00:49:00Z,true
southern:SWS00727:1788893374000,southern:SWS00727,southern,2026-09-08T18:49:34Z,2026-09-08T18:52:39Z,3,hub,2026-09-17T00:49:00Z,2026-09-17T00:49:00Z,true
southern:SWS00730:1788850334000,southern:SWS00730,southern,2026-09-08T06:52:14Z,2026-09-08T07:19:27Z,27,hub,2026-09-17T00:49:00Z,2026-09-17T00:49:00Z,true
southern:SWS00738:1788872883000,southern:SWS00738,southern,2026-09-08T13:08:03Z,2026-09-08T16:32:09Z,204,hub,2026-09-17T00:49:00Z,2026-09-17T00:49:00Z,true
southern:SWS00741:1788905527000,southern:SWS00741,southern,2026-09-08T22:12:07Z,2026-09-08T22:49:36Z,37,hub,2026-09-17T00:49:00Z,2026-09-17T00:49:00Z,true
southern:SWS00742:1788896400000,southern:SWS00742,southern,2026-09-08T19:40:00Z,2026-09-08T19:55:00Z,15,hub,2026-09-17T00:49:00Z,2026-09-17T00:49:00Z,true
southern:SWS00748:1788847605000,southern:SWS00748,southern,2026-09-08T06:06:45Z,2026-09-08T12:14:59Z,368,hub,2026-09-17T00:49:00Z,2026-09-17T00:49:00Z,true
southern:SWS00760:1788869520000,southern:SWS00760,southern,2026-09-08T12:12:00Z,2026-09-08T12:14:00Z,2,hub,2026-09-17T00:49:00Z,2026-09-17T00:49:00Z,true
southern:SWS00761:1788867960000,southern:SWS00761,southern,2026-09-08T11:46:00Z,2026-09-08T12:34:00Z,48,hub,2026-09-17T00:49:00Z,2026-09-17T00:49:00Z,true
southern:SWS00766:1788867000000,southern:SWS00766,southern,2026-09-08T11:30:00Z,2026-09-08T13:42:00Z,132,hub,2026-09-17T00:49:00Z,2026-09-17T00:49:00Z,true
southern:SWS00770:1788878628000,southern:SWS00770,southern,2026-09-08T14:43:48Z,2026-09-08T14:57:18Z,14,hub,2026-09-17T00:49:00Z,2026-09-17T00:49:00Z,true
southern:SWS00770:1789638753000,southern:SWS00770,southern,2026-09-17T09:52:33Z,2026-09-17T10:26:54Z,34,hub,2026-09-17T13:51:58Z,2026-09-17T13:51:58Z,true
southern:SWS00770:1789642248000,southern:SWS00770,southern,2026-09-17T10:50:48Z,2026-09-17T10:53:29Z,3,hub,2026-09-17T11:32:49Z,2026-09-17T11:32:49Z,true
southern:SWS00772:1788852019000,southern:SWS00772,southern,2026-09-08T07:20:19Z,2026-09-08T15:50:19Z,510,hub,2026-09-17T00:49:00Z,2026-09-17T00:49:00Z,true
southern:SWS00778:1788874493000,southern:SWS00778,southern,2026-09-08T13:34:53Z,2026-09-08T16:14:36Z,160,hub,2026-09-17T00:49:00Z,2026-09-17T00:49:00Z,true
southern:SWS00781:1788877605000,southern:SWS00781,southern,2026-09-08T14:26:45Z,2026-09-08T17:10:28Z,164,hub,2026-09-17T00:49:00Z,2026-09-17T00:49:00Z,true
southern:SWS00784:1788874811000,southern:SWS00784,southern,2026-09-08T13:40:11Z,2026-09-08T20:46:13Z,426,hub,2026-09-17T00:49:00Z,2026-09-17T00:49:00Z,true
southern:SWS00794:1789583520000,southern:SWS00794,southern,2026-09-16T18:32:00Z,2026-09-16T18:48:00Z,16,hub,2026-09-17T00:49:00Z,2026-09-17T00:49:00Z,true
southern:SWS00795:1788879359000,southern:SWS00795,southern,2026-09-08T14:55:59Z,2026-09-08T14:58:42Z,3,hub,2026-09-17T00:49:00Z,2026-09-17T00:49:00Z,true
southern:SWS00797:1788867000000,southern:SWS00797,southern,2026-09-08T11:30:00Z,2026-09-09T00:00:00Z,750,hub,2026-09-17T00:49:00Z,2026-09-17T00:49:00Z,true
southern:SWS00808:1789640587000,southern:SWS00808,southern,2026-09-17T10:23:07Z,2026-09-17T10:40:19Z,17,hub,2026-09-17T11:32:49Z,2026-09-17T11:32:49Z,true
southern:SWS00811:1788847233000,southern:SWS00811,southern,2026-09-08T06:00:33Z,2026-09-08T15:16:55Z,556,hub,2026-09-17T00:49:00Z,2026-09-17T00:49:00Z,true
southern:SWS00815:1788862641000,southern:SWS00815,southern,2026-09-08T10:17:21Z,2026-09-08T10:18:29Z,1,hub,2026-09-17T00:49:00Z,2026-09-17T00:49:00Z,true
southern:SWS00815:1789634757000,southern:SWS00815,southern,2026-09-17T08:45:57Z,2026-09-17T09:04:00Z,18,hub,2026-09-17T11:32:49Z,2026-09-17T11:32:49Z,true
southern:SWS00820:1788878437000,southern:SWS00820,southern,2026-09-08T14:40:37Z,2026-09-08T14:57:31Z,17,hub,2026-09-17T00:49:00Z,2026-09-17T00:49:00Z,true
southern:SWS00821:1788868668000,southern:SWS00821,southern,2026-09-08T11:57:48Z,2026-09-08T11:59:00Z,1,hub,2026-09-17T00:49:00Z,2026-09-17T00:49:00Z,true
southern:SWS00823:1788866061000,southern:SWS00823,southern,2026-09-08T11:14:21Z,2026-09-08T11:30:45Z,16,hub,2026-09-17T00:49:00Z,2026-09-17T00:49:00Z,true
southern:SWS00832:1789108286000,southern:SWS00832,southern,2026-09-11T06:31:26Z,2026-09-11T06:35:13Z,4,hub,2026-09-17T00:49:00Z,2026-09-17T00:49:00Z,true
southern:SWS00835:1788851031000,southern:SWS00835,southern,2026-09-08T07:03:51Z,2026-09-08T07:24:37Z,21,hub,2026-09-17T00:49:00Z,2026-09-17T00:49:00Z,true
southern:SWS00840:1789758000000,southern:SWS00840,southern,2026-09-18T19:00:00Z,2026-09-18T19:02:00Z,2,hub,2026-09-18T20:21:27Z,2026-09-18T20:21:27Z,true
southern:SWS00844:1789321097000,southern:SWS00844,southern,2026-09-13T17:38:17Z,2026-09-13T18:49:45Z,71,hub,2026-09-17T00:49:00Z,2026-09-17T00:49:00Z,true
southern:SWS00846:1788878033000,southern:SWS00846,southern,2026-09-08T14:33:53Z,2026-09-08T15:08:51Z,35,hub,2026-09-17T00:49:00Z,2026-09-17T00:49:00Z,true
southern:SWS00847:1788878000000,southern:SWS00847,southern,2026-09-08T14:33:20Z,2026-09-08T15:08:38Z,35,hub,2026-09-17T00:49:00Z,2026-09-17T00:49:00Z,true
southern:SWS00848:1788877718000,southern:SWS00848,southern,2026-09-08T14:28:38Z,2026-09-08T14:56:02Z,27,hub,2026-09-17T00:49:00Z,2026-09-17T00:49:00Z,true
southern:SWS00851:1788867490000,southern:SWS00851,southern,2026-09-08T11:38:10Z,2026-09-08T12:05:16Z,27,hub,2026-09-17T00:49:00Z,2026-09-17T00:49:00Z,true
southern:SWS00855:1788870716000,southern:SWS00855,southern,2026-09-08T12:31:56Z,2026-09-08T15:49:01Z,197,hub,2026-09-17T00:49:00Z,2026-09-17T00:49:00Z,true
southern:SWS00856:1788879011000,southern:SWS00856,southern,2026-09-08T14:50:11Z,2026-09-08T18:50:55Z,241,hub,2026-09-17T00:49:00Z,2026-09-17T00:49:00Z,true
southern:SWS00860:1788850843000,southern:SWS00860,southern,2026-09-08T07:00:43Z,2026-09-08T07:56:17Z,56,hub,2026-09-17T00:49:00Z,2026-09-17T00:49:00Z,true
southern:SWS00861:1788864360000,southern:SWS00861,southern,2026-09-08T10:46:00Z,2026-09-08T11:14:00Z,28,hub,2026-09-17T00:49:00Z,2026-09-17T00:49:00Z,true
southern:SWS00865:1788863160000,southern:SWS00865,southern,2026-09-08T10:26:00Z,2026-09-08T11:16:00Z,50,hub,2026-09-17T00:49:00Z,2026-09-17T00:49:00Z,true
southern:SWS00866:1788868016000,southern:SWS00866,southern,2026-09-08T11:46:56Z,2026-09-08T11:47:51Z,1,hub,2026-09-17T00:49:00Z,2026-09-17T00:49:00Z,true
southern:SWS00869:1788866045000,southern:SWS00869,southern,2026-09-08T11:14:05Z,2026-09-08T11:14:46Z,1,hub,2026-09-17T00:49:00Z,2026-09-17T00:49:00Z,true
southern:SWS00874:1788873259000,southern:SWS00874,southern,2026-09-08T13:14:19Z,2026-09-08T13:18:49Z,5,hub,2026-09-17T00:49:00Z,2026-09-17T00:49:00Z,true
southern:SWS00875:1788870369000,southern:SWS00875,southern,2026-09-08T12:40:00Z,2026-09-08T15:50:31Z,191,hub,2026-09-17T00:49:00Z,2026-09-17T11:32:49Z,true
southern:SWS00879:1788967976000,southern:SWS00879,southern,2026-09-09T15:32:56Z,2026-09-09T15:51:17Z,18,hub,2026-09-17T00:49:00Z,2026-09-17T00:49:00Z,true
southern:SWS00882:1789641299000,southern:SWS00882,southern,2026-09-17T10:34:59Z,,,hub,2026-09-17T11:32:49Z,2026-09-17T11:32:49Z,
southern:SWS00886:1788872598000,southern:SWS00886,southern,2026-09-08T13:03:18Z,2026-09-08T13:49:45Z,46,hub,2026-09-17T00:49:00Z,2026-09-17T00:49:00Z,true
southern:SWS00887:1788868602000,southern:SWS00887,southern,2026-09-08T11:56:42Z,2026-09-08T14:25:54Z,149,hub,2026-09-17T00:49:00Z,2026-09-17T00:49:00Z,true
southern:SWS00888:1788872574000,southern:SWS00888,southern,2026-09-08T13:02:54Z,2026-09-08T17:11:20Z,248,hub,2026-09-17T00:49:00Z,2026-09-17T00:49:00Z,true
southern:SWS00895:1789640520000,southern:SWS00895,southern,2026-09-17T10:25:00Z,2026-09-18T00:00:00Z,815,hub,2026-09-17T11:32:49Z,2026-09-18T21:02:08Z,true
southern:SWS00903:1788877485000,southern:SWS00903,southern,2026-09-08T14:24:45Z,2026-09-08T19:20:32Z,296,hub,2026-09-17T00:49:00Z,2026-09-17T00:49:00Z,true
southern:SWS00909:1788879072000,southern:SWS00909,southern,2026-09-08T14:51:12Z,2026-09-08T15:39:52Z,49,hub,2026-09-17T00:49:00Z,2026-09-17T00:49:00Z,true
southern:SWS00911:1788871268000,southern:SWS00911,southern,2026-09-08T12:41:08Z,2026-09-08T14:38:00Z,117,hub,2026-09-17T00:49:00Z,2026-09-17T00:49:00Z,true
southern:SWS00913:1788866839000,southern:SWS00913,southern,2026-09-08T11:27:19Z,2026-09-09T00:00:00Z,753,hub,2026-09-17T00:49:00Z,2026-09-17T00:49:00Z,true
southern:SWS00923:1788869196000,southern:SWS00923,southern,2026-09-08T12:06:36Z,2026-09-08T21:41:20Z,575,hub,2026-09-17T00:49:00Z,2026-09-17T00:49:00Z,true
southern:SWS00924:1788880988000,southern:SWS00924,southern,2026-09-08T15:23:08Z,2026-09-08T15:28:11Z,5,hub,2026-09-17T00:49:00Z,2026-09-17T00:49:00Z,true
southern:SWS00925:1789110629000,southern:SWS00925,southern,2026-09-11T07:10:29Z,2026-09-11T09:49:24Z,159,hub,2026-09-17T00:49:00Z,2026-09-17T00:49:00Z,true
southern:SWS00925:1789642629000,southern:SWS00925,southern,2026-09-17T10:57:09Z,2026-09-17T11:51:15Z,54,hub,2026-09-17T13:51:58Z,2026-09-17T13:51:58Z,true
southern:SWS00929:1788886380000,southern:SWS00929,southern,2026-09-08T16:53:00Z,2026-09-08T18:26:18Z,93,hub,2026-09-17T00:49:00Z,2026-09-17T00:49:00Z,true
southern:SWS00932:1788874132000,southern:SWS00932,southern,2026-09-08T13:28:52Z,2026-09-08T14:19:16Z,50,hub,2026-09-17T00:49:00Z,2026-09-17T00:49:00Z,true
southern:SWS00932:1789641660000,southern:SWS00932,southern,2026-09-17T10:41:00Z,2026-09-17T11:53:00Z,72,hub,2026-09-18T10:30:40Z,2026-09-18T10:30:40Z,true
southern:SWS00932:1789645983000,southern:SWS00932,southern,2026-09-17T11:53:03Z,2026-09-17T12:57:35Z,65,hub,2026-09-17T13:51:58Z,2026-09-17T13:51:58Z,true
southern:SWS00933:1788878700000,southern:SWS00933,southern,2026-09-08T14:45:00Z,2026-09-08T15:37:41Z,53,hub,2026-09-17T00:49:00Z,2026-09-17T00:49:00Z,true
southern:SWS00936:1788862886000,southern:SWS00936,southern,2026-09-08T10:21:26Z,2026-09-08T11:09:11Z,48,hub,2026-09-17T00:49:00Z,2026-09-17T00:49:00Z,true
southern:SWS00938:1788870885000,southern:SWS00938,southern,2026-09-08T12:34:45Z,2026-09-08T12:52:25Z,18,hub,2026-09-17T00:49:00Z,2026-09-17T00:49:00Z,true
southern:SWS00944:1788865359000,southern:SWS00944,southern,2026-09-08T11:02:39Z,2026-09-08T12:53:14Z,111,hub,2026-09-17T11:32:49Z,2026-09-17T11:32:49Z,true
southern:SWS00948:1788865245000,southern:SWS00948,southern,2026-09-08T11:00:45Z,2026-09-08T12:09:38Z,69,hub,2026-09-17T00:49:00Z,2026-09-17T00:49:00Z,true
southern:SWS00950:1788864721000,southern:SWS00950,southern,2026-09-08T10:52:01Z,2026-09-08T14:55:07Z,243,hub,2026-09-17T00:49:00Z,2026-09-17T00:49:00Z,true
southern:SWS00951:1788877086000,southern:SWS00951,southern,2026-09-08T14:18:06Z,2026-09-08T15:21:24Z,63,hub,2026-09-17T00:49:00Z,2026-09-17T00:49:00Z,true
southern:SWS00952:1788864129000,southern:SWS00952,southern,2026-09-08T10:42:09Z,2026-09-08T12:22:37Z,100,hub,2026-09-17T00:49:00Z,2026-09-17T00:49:00Z,true
southern:SWS00953:1788873480000,southern:SWS00953,southern,2026-09-08T13:18:00Z,2026-09-08T13:54:00Z,36,hub,2026-09-17T00:49:00Z,2026-09-17T00:49:00Z,true
southern:SWS00954:1788874865000,southern:SWS00954,southern,2026-09-08T13:41:05Z,2026-09-08T14:46:26Z,65,hub,2026-09-17T00:49:00Z,2026-09-17T00:49:00Z,true
southern:SWS00959:1788879765000,southern:SWS00959,southern,2026-09-08T15:02:45Z,2026-09-08T15:03:44Z,1,hub,2026-09-17T00:49:00Z,2026-09-17T00:49:00Z,true
southern:SWS00959:1789644377000,southern:SWS00959,southern,2026-09-17T11:26:17Z,2026-09-17T11:27:42Z,1,hub,2026-09-17T13:51:58Z,2026-09-17T13:51:58Z,true
southern:SWS00960:1788864226000,southern:SWS00960,southern,2026-09-08T10:43:46Z,2026-09-09T00:00:00Z,796,hub,2026-09-17T00:49:00Z,2026-09-17T00:49:00Z,true
southern:SWS00961:1788875117000,southern:SWS00961,southern,2026-09-08T13:45:17Z,2026-09-08T15:42:52Z,118,hub,2026-09-17T00:49:00Z,2026-09-17T00:49:00Z,true
southern:SWS00963:1788871051000,southern:SWS00963,southern,2026-09-08T12:37:31Z,2026-09-08T12:53:45Z,16,hub,2026-09-17T00:49:00Z,2026-09-17T00:49:00Z,true
southern:SWS00965:1788866180000,southern:SWS00965,southern,2026-09-08T11:16:20Z,2026-09-08T12:16:22Z,60,hub,2026-09-17T00:49:00Z,2026-09-17T00:49:00Z,true
southern:SWS00967:1788875853000,southern:SWS00967,southern,2026-09-08T13:57:33Z,2026-09-08T14:01:59Z,4,hub,2026-09-17T00:49:00Z,2026-09-17T00:49:00Z,true
southern:SWS00971:1788862248000,southern:SWS00971,southern,2026-09-08T10:10:48Z,2026-09-08T15:17:58Z,307,hub,2026-09-17T00:49:00Z,2026-09-17T00:49:00Z,true
southern:SWS00971:1789642230000,southern:SWS00971,southern,2026-09-17T10:52:00Z,2026-09-18T00:00:00Z,788,hub,2026-09-17T13:51:58Z,2026-09-18T10:30:40Z,true
southern:SWS00972:1788877800000,southern:SWS00972,southern,2026-09-08T14:30:00Z,2026-09-08T14:58:00Z,28,hub,2026-09-17T00:49:00Z,2026-09-17T00:49:00Z,true
southern:SWS00973:1788861391000,southern:SWS00973,southern,2026-09-08T09:56:31Z,2026-09-08T12:03:17Z,127,hub,2026-09-17T00:49:00Z,2026-09-17T00:49:00Z,true
southern:SWS00974:1788854373000,southern:SWS00974,southern,2026-09-08T07:59:33Z,2026-09-08T08:40:51Z,41,hub,2026-09-17T00:49:00Z,2026-09-17T00:49:00Z,true
southern:SWS00977:1788858560000,southern:SWS00977,southern,2026-09-08T09:09:20Z,2026-09-08T11:20:19Z,131,hub,2026-09-17T00:49:00Z,2026-09-17T00:49:00Z,true
southern:SWS90020:1788891804000,southern:SWS90020,southern,2026-09-08T18:23:24Z,2026-09-08T21:08:05Z,165,hub,2026-09-17T00:49:00Z,2026-09-17T00:49:00Z,true
southern:SWS90060:1789723000000,southern:SWS90060,southern,2026-09-18T09:16:40Z,2026-09-18T17:13:24Z,477,hub,2026-09-18T10:30:40Z,2026-09-18T17:51:51Z,true
southern:SWS90071:1788848127000,southern:SWS90071,southern,2026-09-08T06:15:27Z,2026-09-08T08:10:12Z,115,hub,2026-09-17T00:49:00Z,2026-09-17T00:49:00Z,true
thames:TWL00040:1788512520000,thames:TWL00040,thames,2026-09-04T09:02:00Z,2026-09-04T17:36:00Z,514,hub,2026-09-17T00:49:00Z,2026-09-17T00:49:00Z,true
thames:TWL00054:1788874200000,thames:TWL00054,thames,2026-09-08T13:30:00Z,2026-09-08T18:00:00Z,270,hub,2026-09-17T00:49:00Z,2026-09-17T00:49:00Z,true
thames:TWL00093:1789112520000,thames:TWL00093,thames,2026-09-11T07:42:00Z,2026-09-11T07:46:00Z,4,hub,2026-09-17T00:49:00Z,2026-09-17T00:49:00Z,true
thames:TWL00115:1789314300000,thames:TWL00115,thames,2026-09-13T15:45:00Z,2026-09-13T21:45:00Z,360,hub,2026-09-17T00:49:00Z,2026-09-17T00:49:00Z,true
thames:TWL00117:1788869700000,thames:TWL00117,thames,2026-09-08T12:15:00Z,2026-09-08T16:45:00Z,270,hub,2026-09-17T00:49:00Z,2026-09-17T00:49:00Z,true
thames:TWL00117:1789715700000,thames:TWL00117,thames,2026-09-18T07:15:00Z,2026-09-18T07:45:00Z,30,hub,2026-09-18T10:30:40Z,2026-09-18T10:30:40Z,true
thames:TWL00123:1788871500000,thames:TWL00123,thames,2026-09-08T12:45:00Z,2026-09-08T22:00:00Z,555,hub,2026-09-17T00:49:00Z,2026-09-17T00:49:00Z,true
thames:TWL00125:1788876900000,thames:TWL00125,thames,2026-09-08T14:15:00Z,2026-09-08T15:15:00Z,60,hub,2026-09-17T00:49:00Z,2026-09-17T00:49:00Z,true
thames:TWL00131:1789265700000,thames:TWL00131,thames,2026-09-13T02:15:00Z,2026-09-13T02:45:00Z,30,hub,2026-09-17T00:49:00Z,2026-09-17T00:49:00Z,true
thames:TWL00172:1788875100000,thames:TWL00172,thames,2026-09-08T13:45:00Z,2026-09-09T01:15:00Z,690,hub,2026-09-17T00:49:00Z,2026-09-17T00:49:00Z,true
thames:TWL00180:1789258500000,thames:TWL00180,thames,2026-09-13T00:15:00Z,2026-09-13T00:45:00Z,30,hub,2026-09-17T00:49:00Z,2026-09-17T00:49:00Z,true
thames:TWL00187:1788869700000,thames:TWL00187,thames,2026-09-08T12:15:00Z,2026-09-08T14:45:00Z,150,hub,2026-09-17T00:49:00Z,2026-09-17T00:49:00Z,true
thames:TWL00191:1788330600000,thames:TWL00191,thames,2026-09-02T06:30:00Z,2026-09-02T06:38:00Z,8,hub,2026-09-18T11:01:14Z,2026-09-18T11:01:14Z,true
thames:TWL00217:1788877800000,thames:TWL00217,thames,2026-09-08T14:30:00Z,2026-09-09T09:30:00Z,1140,hub,2026-09-17T00:49:00Z,2026-09-17T00:49:00Z,true
thames:TWL00231:1788867000000,thames:TWL00231,thames,2026-09-08T11:30:00Z,2026-09-08T17:15:00Z,345,hub,2026-09-17T00:49:00Z,2026-09-17T00:49:00Z,true
thames:TWL00233:1788866100000,thames:TWL00233,thames,2026-09-08T11:15:00Z,2026-09-08T11:45:00Z,30,hub,2026-09-17T00:49:00Z,2026-09-17T00:49:00Z,true
thames:TWL00239:1788886800000,thames:TWL00239,thames,2026-09-08T17:00:00Z,2026-09-08T18:00:00Z,60,hub,2026-09-17T00:49:00Z,2026-09-17T00:49:00Z,true
thames:TWL00241:1788856920000,thames:TWL00241,thames,2026-09-08T08:42:00Z,2026-09-08T09:12:00Z,30,hub,2026-09-17T00:49:00Z,2026-09-17T00:49:00Z,true
thames:TWL00262:1788874200000,thames:TWL00262,thames,2026-09-08T13:30:00Z,2026-09-08T23:00:00Z,570,hub,2026-09-17T00:49:00Z,2026-09-17T00:49:00Z,true
thames:TWL00264:1788883200000,thames:TWL00264,thames,2026-09-08T16:00:00Z,2026-09-09T07:15:00Z,915,hub,2026-09-17T00:49:00Z,2026-09-17T00:49:00Z,true
thames:TWL00265:1788866100000,thames:TWL00265,thames,2026-09-08T11:15:00Z,2026-09-08T11:45:00Z,30,hub,2026-09-17T00:49:00Z,2026-09-17T00:49:00Z,true
thames:TWL00272:1788858900000,thames:TWL00272,thames,2026-09-08T09:15:00Z,2026-09-08T10:15:00Z,60,hub,2026-09-17T00:49:00Z,2026-09-17T00:49:00Z,true
thames:TWL00303:1788809400000,thames:TWL00303,thames,2026-09-07T19:30:00Z,2026-09-07T21:00:00Z,90,hub,2026-09-17T00:49:00Z,2026-09-17T00:49:00Z,true
thames:TWL00307:1788874200000,thames:TWL00307,thames,2026-09-08T13:30:00Z,2026-09-08T14:00:00Z,30,hub,2026-09-17T00:49:00Z,2026-09-17T00:49:00Z,true
thames:TWL00347:1788861600000,thames:TWL00347,thames,2026-09-08T10:00:00Z,2026-09-08T21:30:00Z,690,hub,2026-09-17T00:49:00Z,2026-09-17T00:49:00Z,true
thames:TWL00380:1788854400000,thames:TWL00380,thames,2026-09-08T08:00:00Z,2026-09-08T15:45:00Z,465,hub,2026-09-17T00:49:00Z,2026-09-17T00:49:00Z,true
thames:TWL00391:1789324200000,thames:TWL00391,thames,2026-09-13T18:30:00Z,2026-09-13T19:15:00Z,45,hub,2026-09-17T00:49:00Z,2026-09-17T00:49:00Z,true
thames:TWL00393:1789265700000,thames:TWL00393,thames,2026-09-13T02:15:00Z,2026-09-13T03:00:00Z,45,hub,2026-09-17T00:49:00Z,2026-09-17T00:49:00Z,true
thames:TWL00394:1789084800000,thames:TWL00394,thames,2026-09-11T00:00:00Z,2026-09-11T00:30:00Z,30,hub,2026-09-17T00:49:00Z,2026-09-17T00:49:00Z,true
thames:TWL00396:1788864300000,thames:TWL00396,thames,2026-09-08T10:45:00Z,2026-09-08T11:15:00Z,30,hub,2026-09-17T00:49:00Z,2026-09-17T00:49:00Z,true
thames:TWL00413:1788852600000,thames:TWL00413,thames,2026-09-08T07:30:00Z,2026-09-08T17:30:00Z,600,hub,2026-09-17T00:49:00Z,2026-09-17T00:49:00Z,true
thames:TWL00427:1789270200000,thames:TWL00427,thames,2026-09-13T03:30:00Z,2026-09-13T04:45:00Z,75,hub,2026-09-17T00:49:00Z,2026-09-17T00:49:00Z,true
thames:TWL00441:1789308900000,thames:TWL00441,thames,2026-09-13T14:15:00Z,2026-09-13T21:15:00Z,420,hub,2026-09-17T00:49:00Z,2026-09-17T00:49:00Z,true
thames:TWL00452:1788879720000,thames:TWL00452,thames,2026-09-08T15:02:00Z,2026-09-08T16:24:00Z,82,hub,2026-09-17T00:49:00Z,2026-09-17T00:49:00Z,true
thames:TWL00479:1789268400000,thames:TWL00479,thames,2026-09-13T03:00:00Z,2026-09-13T03:18:00Z,18,hub,2026-09-17T00:49:00Z,2026-09-17T00:49:00Z,true
thames:TWL00590:1788902520000,thames:TWL00590,thames,2026-09-08T21:22:00Z,2026-09-08T21:36:00Z,14,hub,2026-09-17T00:49:00Z,2026-09-17T00:49:00Z,true
thames:TWL00596:1788863160000,thames:TWL00596,thames,2026-09-08T10:26:00Z,2026-09-08T13:42:00Z,196,hub,2026-09-17T00:49:00Z,2026-09-17T00:49:00Z,true
thames:TWL00621:1788858840000,thames:TWL00621,thames,2026-09-08T09:14:00Z,2026-09-08T09:18:00Z,4,hub,2026-09-17T00:49:00Z,2026-09-17T00:49:00Z,true
thames:TWL00644:1788878760000,thames:TWL00644,thames,2026-09-08T14:46:00Z,2026-09-08T14:56:00Z,10,hub,2026-09-17T00:49:00Z,2026-09-17T00:49:00Z,true
thames:TWL00672:1788239160000,thames:TWL00672,thames,2026-09-01T05:06:00Z,2026-09-01T05:10:00Z,4,hub,2026-09-17T00:49:00Z,2026-09-17T00:49:00Z,true
thames:TWL00679:1788505680000,thames:TWL00679,thames,2026-09-04T07:08:00Z,2026-09-04T07:16:00Z,8,hub,2026-09-17T00:49:00Z,2026-09-17T00:49:00Z,true
thames:TWL00695:1789265700000,thames:TWL00695,thames,2026-09-13T02:15:00Z,2026-09-13T03:00:00Z,45,hub,2026-09-17T00:49:00Z,2026-09-17T00:49:00Z,true
thames:TWL00719:1789300920000,thames:TWL00719,thames,2026-09-13T12:02:00Z,2026-09-13T12:22:00Z,20,hub,2026-09-17T00:49:00Z,2026-09-17T00:49:00Z,true
thames:TWL00722:1789300320000,thames:TWL00722,thames,2026-09-13T11:52:00Z,2026-09-13T11:58:00Z,6,hub,2026-09-17T00:49:00Z,2026-09-17T00:49:00Z,true
thames:TWL00728:1788853500000,thames:TWL00728,thames,2026-09-08T07:45:00Z,2026-09-08T09:30:00Z,105,hub,2026-09-17T00:49:00Z,2026-09-17T00:49:00Z,true
thames:TWL00730:1788863400000,thames:TWL00730,thames,2026-09-08T10:30:00Z,2026-09-08T11:45:00Z,75,hub,2026-09-17T00:49:00Z,2026-09-17T00:49:00Z,true
thames:TWL00733:1788876000000,thames:TWL00733,thames,2026-09-08T14:00:00Z,2026-09-08T14:45:00Z,45,hub,2026-09-17T00:49:00Z,2026-09-17T00:49:00Z,true
thames:TWL00791:1789386480000,thames:TWL00791,thames,2026-09-14T11:48:00Z,2026-09-14T11:52:00Z,4,hub,2026-09-17T00:49:00Z,2026-09-17T00:49:00Z,true
thames:TWL00791:1789604760000,thames:TWL00791,thames,2026-09-17T00:26:00Z,2026-09-17T00:32:00Z,6,hub,2026-09-17T02:08:37Z,2026-09-17T02:08:37Z,true
thames:TWL00797:1789265280000,thames:TWL00797,thames,2026-09-13T02:08:00Z,2026-09-13T02:18:00Z,10,hub,2026-09-17T00:49:00Z,2026-09-17T00:49:00Z,true
thames:TWL00805:1788862500000,thames:TWL00805,thames,2026-09-08T10:15:00Z,2026-09-08T19:30:00Z,555,hub,2026-09-17T00:49:00Z,2026-09-17T00:49:00Z,true
united-utilities:UUP00003:1788502680000,united-utilities:UUP00003,united-utilities,2026-09-04T06:18:00Z,2026-09-04T06:38:00Z,20,hub,2026-09-17T00:49:00Z,2026-09-17T00:49:00Z,true
united-utilities:UUP00006:1788484920000,united-utilities:UUP00006,united-utilities,2026-09-04T01:22:00Z,2026-09-04T03:02:00Z,100,hub,2026-09-17T00:49:00Z,2026-09-17T00:49:00Z,true
united-utilities:UUP00008:1788828000000,united-utilities:UUP00008,united-utilities,2026-09-08T00:40:00Z,2026-09-08T00:50:00Z,10,hub,2026-09-17T00:49:00Z,2026-09-17T00:49:00Z,true
united-utilities:UUP00015:1789082880000,united-utilities:UUP00015,united-utilities,2026-09-10T23:28:00Z,2026-09-10T23:48:00Z,20,hub,2026-09-17T00:49:00Z,2026-09-17T00:49:00Z,true
united-utilities:UUP00018:1788810240000,united-utilities:UUP00018,united-utilities,2026-09-07T19:44:00Z,2026-09-07T19:48:00Z,4,hub,2026-09-17T00:49:00Z,2026-09-17T00:49:00Z,true
united-utilities:UUP00019:1788809760000,united-utilities:UUP00019,united-utilities,2026-09-07T19:36:00Z,2026-09-07T19:40:00Z,4,hub,2026-09-17T00:49:00Z,2026-09-17T00:49:00Z,true
united-utilities:UUP00021:1788484320000,united-utilities:UUP00021,united-utilities,2026-09-04T01:12:00Z,2026-09-04T01:30:00Z,18,hub,2026-09-17T00:49:00Z,2026-09-17T00:49:00Z,true
united-utilities:UUP00024:1789239000000,united-utilities:UUP00024,united-utilities,2026-09-12T18:50:00Z,2026-09-12T19:14:00Z,24,hub,2026-09-17T00:49:00Z,2026-09-17T00:49:00Z,true
united-utilities:UUP00025:1789433280000,united-utilities:UUP00025,united-utilities,2026-09-15T00:48:00Z,2026-09-15T01:08:00Z,20,hub,2026-09-17T00:49:00Z,2026-09-17T00:49:00Z,true
united-utilities:UUP00025:1789741320000,united-utilities:UUP00025,united-utilities,2026-09-18T14:22:00Z,2026-09-18T14:38:00Z,16,hub,2026-09-18T14:58:06Z,2026-09-18T15:18:24Z,true
united-utilities:UUP00027:1788815168000,united-utilities:UUP00027,united-utilities,2026-09-07T21:06:08Z,2026-09-07T21:15:17Z,9,hub,2026-09-17T00:49:00Z,2026-09-17T00:49:00Z,true
united-utilities:UUP00029:1789562040000,united-utilities:UUP00029,united-utilities,2026-09-16T12:34:00Z,2026-09-16T12:46:00Z,12,hub,2026-09-17T00:49:00Z,2026-09-17T00:49:00Z,true
united-utilities:UUP00029:1789746600000,united-utilities:UUP00029,united-utilities,2026-09-18T15:50:00Z,2026-09-18T16:00:00Z,10,hub,2026-09-18T17:51:51Z,2026-09-18T17:51:51Z,true
united-utilities:UUP00036:1789196040000,united-utilities:UUP00036,united-utilities,2026-09-12T06:54:00Z,2026-09-12T07:12:00Z,18,hub,2026-09-17T00:49:00Z,2026-09-17T00:49:00Z,true
united-utilities:UUP00037:1789477320000,united-utilities:UUP00037,united-utilities,2026-09-15T13:02:00Z,2026-09-15T13:38:00Z,36,hub,2026-09-17T00:49:00Z,2026-09-17T00:49:00Z,true
united-utilities:UUP00038:1788484080000,united-utilities:UUP00038,united-utilities,2026-09-04T01:08:00Z,2026-09-04T02:06:00Z,58,hub,2026-09-17T00:49:00Z,2026-09-17T00:49:00Z,true
united-utilities:UUP00042:1789448219000,united-utilities:UUP00042,united-utilities,2026-09-15T04:56:59Z,2026-09-15T05:21:12Z,24,hub,2026-09-17T00:49:00Z,2026-09-17T00:49:00Z,true
united-utilities:UUP00042:1789618580000,united-utilities:UUP00042,united-utilities,2026-09-17T04:16:20Z,2026-09-17T04:23:48Z,7,hub,2026-09-17T11:32:49Z,2026-09-17T11:32:49Z,true
united-utilities:UUP00042:1789746537000,united-utilities:UUP00042,united-utilities,2026-09-18T15:48:57Z,2026-09-18T15:59:16Z,10,hub,2026-09-18T17:51:51Z,2026-09-18T17:51:51Z,true
united-utilities:UUP00043:1789448212000,united-utilities:UUP00043,united-utilities,2026-09-15T04:56:52Z,2026-09-15T05:06:54Z,10,hub,2026-09-17T00:49:00Z,2026-09-17T00:49:00Z,true
united-utilities:UUP00047:1788478200000,united-utilities:UUP00047,united-utilities,2026-09-03T23:30:00Z,2026-09-04T02:22:00Z,172,hub,2026-09-17T00:49:00Z,2026-09-17T00:49:00Z,true
united-utilities:UUP00048:1788447462000,united-utilities:UUP00048,united-utilities,2026-09-03T14:57:42Z,2026-09-03T15:05:22Z,8,hub,2026-09-17T00:49:00Z,2026-09-17T00:49:00Z,true
united-utilities:UUP00049:1789239600000,united-utilities:UUP00049,united-utilities,2026-09-12T19:00:00Z,2026-09-12T19:14:00Z,14,hub,2026-09-17T00:49:00Z,2026-09-17T00:49:00Z,true
united-utilities:UUP00051:1788925200000,united-utilities:UUP00051,united-utilities,2026-09-09T03:40:00Z,2026-09-09T04:04:00Z,24,hub,2026-09-17T00:49:00Z,2026-09-17T00:49:00Z,true
united-utilities:UUP00054:1789238880000,united-utilities:UUP00054,united-utilities,2026-09-12T18:48:00Z,2026-09-12T22:30:00Z,222,hub,2026-09-17T00:49:00Z,2026-09-17T00:49:00Z,true
united-utilities:UUP00054:1789625760000,united-utilities:UUP00054,united-utilities,2026-09-17T06:16:00Z,2026-09-17T08:28:00Z,132,hub,2026-09-17T11:32:49Z,2026-09-17T11:32:49Z,true
united-utilities:UUP00055:1788819200000,united-utilities:UUP00055,united-utilities,2026-09-07T22:13:20Z,2026-09-07T22:24:41Z,11,hub,2026-09-17T00:49:00Z,2026-09-17T00:49:00Z,true
united-utilities:UUP00057:1788882960000,united-utilities:UUP00057,united-utilities,2026-09-08T15:56:00Z,2026-09-08T16:52:00Z,56,hub,2026-09-17T00:49:00Z,2026-09-17T00:49:00Z,true
united-utilities:UUP00057:1789615800000,united-utilities:UUP00057,united-utilities,2026-09-17T03:30:00Z,2026-09-17T03:58:00Z,28,hub,2026-09-17T11:32:49Z,2026-09-17T11:32:49Z,true
united-utilities:UUP00062:1789538520000,united-utilities:UUP00062,united-utilities,2026-09-16T06:02:00Z,2026-09-16T06:08:00Z,6,hub,2026-09-17T00:49:00Z,2026-09-17T00:49:00Z,true
united-utilities:UUP00062:1789616640000,united-utilities:UUP00062,united-utilities,2026-09-17T03:44:00Z,2026-09-17T05:32:00Z,108,hub,2026-09-17T11:32:49Z,2026-09-17T11:32:49Z,true
united-utilities:UUP00062:1789647480000,united-utilities:UUP00062,united-utilities,2026-09-17T12:18:00Z,2026-09-17T12:38:00Z,20,hub,2026-09-17T13:51:58Z,2026-09-17T13:51:58Z,true
united-utilities:UUP00062:1789667880000,united-utilities:UUP00062,united-utilities,2026-09-17T17:58:00Z,2026-09-17T18:30:00Z,32,hub,2026-09-17T19:14:51Z,2026-09-17T19:14:51Z,false
united-utilities:UUP00062:1789669800000,united-utilities:UUP00062,united-utilities,2026-09-17T18:30:00Z,2026-09-17T18:56:00Z,26,hub,2026-09-17T22:13:42Z,2026-09-17T22:13:42Z,true
united-utilities:UUP00062:1789738560000,united-utilities:UUP00062,united-utilities,2026-09-18T13:36:00Z,2026-09-18T13:58:00Z,22,hub,2026-09-18T14:37:46Z,2026-09-18T14:37:46Z,true
united-utilities:UUP00062:1789741560000,united-utilities:UUP00062,united-utilities,2026-09-18T14:26:00Z,2026-09-18T18:46:00Z,260,hub,2026-09-18T14:58:06Z,2026-09-18T20:21:27Z,true
united-utilities:UUP00062:1789773480000,united-utilities:UUP00062,united-utilities,2026-09-18T23:18:00Z,2026-09-18T23:48:00Z,30,hub,2026-09-19T00:41:02Z,2026-09-19T01:01:22Z,true
united-utilities:UUP00065:1789467360000,united-utilities:UUP00065,united-utilities,2026-09-15T10:16:00Z,2026-09-15T10:24:00Z,8,hub,2026-09-17T00:49:00Z,2026-09-17T00:49:00Z,true
united-utilities:UUP00066:1789447920000,united-utilities:UUP00066,united-utilities,2026-09-15T04:52:00Z,2026-09-15T04:56:00Z,4,hub,2026-09-17T00:49:00Z,2026-09-17T00:49:00Z,true
united-utilities:UUP00068:1789602600000,united-utilities:UUP00068,united-utilities,2026-09-16T23:50:00Z,2026-09-16T23:54:00Z,4,hub,2026-09-17T00:49:00Z,2026-09-17T00:49:00Z,true
united-utilities:UUP00068:1789608240000,united-utilities:UUP00068,united-utilities,2026-09-17T01:24:00Z,2026-09-17T03:40:00Z,136,hub,2026-09-17T02:08:37Z,2026-09-17T02:08:37Z,false
united-utilities:UUP00068:1789616400000,united-utilities:UUP00068,united-utilities,2026-09-17T03:40:00Z,2026-09-17T03:50:00Z,10,hub,2026-09-17T11:32:49Z,2026-09-17T11:32:49Z,true
united-utilities:UUP00068:1789735800000,united-utilities:UUP00068,united-utilities,2026-09-18T12:50:00Z,2026-09-18T14:16:00Z,86,hub,2026-09-18T14:37:46Z,2026-09-18T14:37:46Z,false
united-utilities:UUP00068:1789740960000,united-utilities:UUP00068,united-utilities,2026-09-18T14:16:00Z,2026-09-18T14:36:00Z,20,hub,2026-09-18T14:58:06Z,2026-09-18T14:58:06Z,false
united-utilities:UUP00068:1789742160000,united-utilities:UUP00068,united-utilities,2026-09-18T14:36:00Z,2026-09-18T15:50:00Z,74,hub,2026-09-18T15:18:24Z,2026-09-18T15:18:24Z,false
united-utilities:UUP00068:1789746600000,united-utilities:UUP00068,united-utilities,2026-09-18T15:50:00Z,2026-09-18T16:52:00Z,62,hub,2026-09-18T17:51:51Z,2026-09-18T17:51:51Z,true
united-utilities:UUP00069:1788815520000,united-utilities:UUP00069,united-utilities,2026-09-07T21:12:00Z,2026-09-08T07:46:00Z,634,hub,2026-09-17T00:49:00Z,2026-09-17T00:49:00Z,true
united-utilities:UUP00069:1789622760000,united-utilities:UUP00069,united-utilities,2026-09-17T05:26:00Z,2026-09-17T10:14:00Z,288,hub,2026-09-17T11:32:49Z,2026-09-17T11:32:49Z,true
united-utilities:UUP00069:1789755840000,united-utilities:UUP00069,united-utilities,2026-09-18T18:24:00Z,2026-09-18T22:18:00Z,234,hub,2026-09-18T20:21:27Z,2026-09-18T23:04:03Z,true
united-utilities:UUP00069:1789775760000,united-utilities:UUP00069,united-utilities,2026-09-18T23:56:00Z,,,hub,2026-09-19T00:51:12Z,2026-09-19T00:51:12Z,
united-utilities:UUP00072:1789194720000,united-utilities:UUP00072,united-utilities,2026-09-12T06:32:00Z,2026-09-12T08:10:00Z,98,hub,2026-09-17T00:49:00Z,2026-09-17T00:49:00Z,true
united-utilities:UUP00073:1789242240000,united-utilities:UUP00073,united-utilities,2026-09-12T19:44:00Z,2026-09-12T19:56:00Z,12,hub,2026-09-17T00:49:00Z,2026-09-17T00:49:00Z,true
united-utilities:UUP00076:1789529040000,united-utilities:UUP00076,united-utilities,2026-09-16T03:24:00Z,2026-09-16T03:28:00Z,4,hub,2026-09-17T00:49:00Z,2026-09-17T00:49:00Z,true
united-utilities:UUP00076:1789618320000,united-utilities:UUP00076,united-utilities,2026-09-17T04:12:00Z,2026-09-17T04:34:00Z,22,hub,2026-09-17T11:32:49Z,2026-09-17T11:32:49Z,true
united-utilities:UUP00077:1789449520000,united-utilities:UUP00077,united-utilities,2026-09-15T05:18:40Z,2026-09-17T05:26:07Z,2887,hub,2026-09-17T00:49:00Z,2026-09-17T11:32:49Z,true
united-utilities:UUP00079:1789536960000,united-utilities:UUP00079,united-utilities,2026-09-16T05:36:00Z,2026-09-16T05:44:00Z,8,hub,2026-09-17T00:49:00Z,2026-09-17T00:49:00Z,true
united-utilities:UUP00079:1789615680000,united-utilities:UUP00079,united-utilities,2026-09-17T03:28:00Z,2026-09-17T04:30:00Z,62,hub,2026-09-17T11:32:49Z,2026-09-17T11:32:49Z,true
united-utilities:UUP00080:1788882480000,united-utilities:UUP00080,united-utilities,2026-09-08T15:48:00Z,2026-09-08T16:16:00Z,28,hub,2026-09-17T00:49:00Z,2026-09-17T00:49:00Z,true
united-utilities:UUP00081:1789468080000,united-utilities:UUP00081,united-utilities,2026-09-15T10:28:00Z,2026-09-15T11:30:00Z,62,hub,2026-09-17T00:49:00Z,2026-09-17T00:49:00Z,true
united-utilities:UUP00081:1789617600000,united-utilities:UUP00081,united-utilities,2026-09-17T04:00:00Z,2026-09-17T05:06:00Z,66,hub,2026-09-17T11:32:49Z,2026-09-17T11:32:49Z,true
united-utilities:UUP00081:1789745640000,united-utilities:UUP00081,united-utilities,2026-09-18T15:34:00Z,2026-09-18T16:32:00Z,58,hub,2026-09-18T17:51:51Z,2026-09-18T22:43:41Z,true
united-utilities:UUP00083:1789449720000,united-utilities:UUP00083,united-utilities,2026-09-15T05:22:00Z,2026-09-15T05:30:00Z,8,hub,2026-09-17T00:49:00Z,2026-09-17T00:49:00Z,true
united-utilities:UUP00083:1789619160000,united-utilities:UUP00083,united-utilities,2026-09-17T04:26:00Z,2026-09-17T04:32:00Z,6,hub,2026-09-17T11:32:49Z,2026-09-17T11:32:49Z,true
united-utilities:UUP00084:1789624080000,united-utilities:UUP00084,united-utilities,2026-09-17T05:48:00Z,2026-09-17T05:56:00Z,8,hub,2026-09-17T11:32:49Z,2026-09-17T11:32:49Z,true
united-utilities:UUP00086:1789450320000,united-utilities:UUP00086,united-utilities,2026-09-15T05:32:00Z,2026-09-15T06:02:00Z,30,hub,2026-09-17T00:49:00Z,2026-09-17T00:49:00Z,true
united-utilities:UUP00086:1789617840000,united-utilities:UUP00086,united-utilities,2026-09-17T04:04:00Z,2026-09-17T04:44:00Z,40,hub,2026-09-17T11:32:49Z,2026-09-17T11:32:49Z,true
united-utilities:UUP00090:1789433520000,united-utilities:UUP00090,united-utilities,2026-09-15T00:52:00Z,2026-09-15T01:08:00Z,16,hub,2026-09-17T00:49:00Z,2026-09-17T00:49:00Z,true
united-utilities:UUP00090:1789741200000,united-utilities:UUP00090,united-utilities,2026-09-18T14:20:00Z,2026-09-18T14:34:00Z,14,hub,2026-09-18T14:58:06Z,2026-09-18T15:18:24Z,true
united-utilities:UUP00091:1789196040000,united-utilities:UUP00091,united-utilities,2026-09-12T06:54:00Z,2026-09-12T07:04:00Z,10,hub,2026-09-17T00:49:00Z,2026-09-17T00:49:00Z,true
united-utilities:UUP00093:1789449120000,united-utilities:UUP00093,united-utilities,2026-09-15T05:12:00Z,2026-09-15T05:24:00Z,12,hub,2026-09-17T00:49:00Z,2026-09-17T00:49:00Z,true
united-utilities:UUP00094:1789555200000,united-utilities:UUP00094,united-utilities,2026-09-16T10:40:00Z,2026-09-16T10:52:00Z,12,hub,2026-09-17T00:49:00Z,2026-09-17T00:49:00Z,true
united-utilities:UUP00094:1789620720000,united-utilities:UUP00094,united-utilities,2026-09-17T04:52:00Z,2026-09-17T05:00:00Z,8,hub,2026-09-17T11:32:49Z,2026-09-17T11:32:49Z,true
united-utilities:UUP00094:1789745520000,united-utilities:UUP00094,united-utilities,2026-09-18T15:32:00Z,2026-09-18T16:22:00Z,50,hub,2026-09-18T17:51:51Z,2026-09-18T17:51:51Z,false
united-utilities:UUP00094:1789748520000,united-utilities:UUP00094,united-utilities,2026-09-18T16:22:00Z,2026-09-18T18:22:00Z,120,hub,2026-09-18T20:21:27Z,2026-09-18T20:21:27Z,true
united-utilities:UUP00094:1789773840000,united-utilities:UUP00094,united-utilities,2026-09-18T23:24:00Z,2026-09-18T23:40:00Z,16,hub,2026-09-19T00:41:02Z,2026-09-19T00:41:02Z,true
united-utilities:UUP00095:1789554960000,united-utilities:UUP00095,united-utilities,2026-09-16T10:36:00Z,2026-09-16T10:42:00Z,6,hub,2026-09-17T00:49:00Z,2026-09-17T00:49:00Z,true
united-utilities:UUP00096:1788881400000,united-utilities:UUP00096,united-utilities,2026-09-08T15:30:00Z,2026-09-08T15:58:00Z,28,hub,2026-09-17T00:49:00Z,2026-09-17T00:49:00Z,true
united-utilities:UUP00098:1788510732000,united-utilities:UUP00098,united-utilities,2026-09-04T08:32:12Z,2026-09-04T09:38:08Z,66,hub,2026-09-17T00:49:00Z,2026-09-17T00:49:00Z,true
united-utilities:UUP00098:1789635336000,united-utilities:UUP00098,united-utilities,2026-09-17T08:55:36Z,2026-09-17T08:58:03Z,2,hub,2026-09-17T11:32:49Z,2026-09-17T11:32:49Z,true
united-utilities:UUP00099:1788481494000,united-utilities:UUP00099,united-utilities,2026-09-04T00:24:54Z,2026-09-04T04:12:20Z,227,hub,2026-09-17T00:49:00Z,2026-09-17T00:49:00Z,true
united-utilities:UUP00100:1789507080000,united-utilities:UUP00100,united-utilities,2026-09-15T21:18:00Z,2026-09-15T22:30:00Z,72,hub,2026-09-17T00:49:00Z,2026-09-17T00:49:00Z,true
united-utilities:UUP00100:1789621080000,united-utilities:UUP00100,united-utilities,2026-09-17T04:58:00Z,2026-09-17T05:34:00Z,36,hub,2026-09-17T11:32:49Z,2026-09-17T11:32:49Z,true
united-utilities:UUP00100:1789743720000,united-utilities:UUP00100,united-utilities,2026-09-18T15:02:00Z,2026-09-18T17:08:00Z,126,hub,2026-09-18T17:51:51Z,2026-09-18T18:02:06Z,true
united-utilities:UUP00101:1788484152000,united-utilities:UUP00101,united-utilities,2026-09-04T01:09:12Z,2026-09-04T03:23:11Z,134,hub,2026-09-17T00:49:00Z,2026-09-17T00:49:00Z,true
united-utilities:UUP00103:1789416858000,united-utilities:UUP00103,united-utilities,2026-09-14T20:14:18Z,2026-09-14T20:24:53Z,11,hub,2026-09-17T00:49:00Z,2026-09-17T00:49:00Z,true
united-utilities:UUP00107:1789450572000,united-utilities:UUP00107,united-utilities,2026-09-15T05:36:12Z,2026-09-17T05:15:45Z,2860,hub,2026-09-17T00:49:00Z,2026-09-17T11:32:49Z,true
united-utilities:UUP00109:1789454520000,united-utilities:UUP00109,united-utilities,2026-09-15T06:42:00Z,2026-09-15T06:46:00Z,4,hub,2026-09-17T00:49:00Z,2026-09-17T00:49:00Z,true
united-utilities:UUP00111:1788697961000,united-utilities:UUP00111,united-utilities,2026-09-06T12:32:41Z,2026-09-06T12:39:37Z,7,hub,2026-09-17T00:49:00Z,2026-09-17T00:49:00Z,true
united-utilities:UUP00116:1788560393000,united-utilities:UUP00116,united-utilities,2026-09-04T22:19:53Z,2026-09-04T22:28:17Z,8,hub,2026-09-17T00:49:00Z,2026-09-17T00:49:00Z,true
united-utilities:UUP00117:1788481920000,united-utilities:UUP00117,united-utilities,2026-09-04T00:32:00Z,2026-09-04T02:10:00Z,98,hub,2026-09-17T00:49:00Z,2026-09-17T00:49:00Z,true
united-utilities:UUP00118:1788310606000,united-utilities:UUP00118,united-utilities,2026-09-02T00:56:46Z,2026-09-02T01:18:03Z,21,hub,2026-09-17T00:49:00Z,2026-09-17T00:49:00Z,true
united-utilities:UUP00119:1789549080000,united-utilities:UUP00119,united-utilities,2026-09-16T08:58:00Z,2026-09-16T09:10:00Z,12,hub,2026-09-17T00:49:00Z,2026-09-17T00:49:00Z,true
united-utilities:UUP00119:1789619280000,united-utilities:UUP00119,united-utilities,2026-09-17T04:28:00Z,2026-09-17T04:36:00Z,8,hub,2026-09-17T11:32:49Z,2026-09-17T11:32:49Z,true
united-utilities:UUP00119:1789646400000,united-utilities:UUP00119,united-utilities,2026-09-17T12:00:00Z,2026-09-17T12:02:00Z,2,hub,2026-09-17T13:51:58Z,2026-09-17T13:51:58Z,true
united-utilities:UUP00119:1789746360000,united-utilities:UUP00119,united-utilities,2026-09-18T15:46:00Z,2026-09-18T15:54:00Z,8,hub,2026-09-18T17:51:51Z,2026-09-18T17:51:51Z,true
united-utilities:UUP00123:1789552440000,united-utilities:UUP00123,united-utilities,2026-09-16T09:54:00Z,2026-09-16T10:08:00Z,14,hub,2026-09-17T00:49:00Z,2026-09-17T00:49:00Z,true
united-utilities:UUP00123:1789616880000,united-utilities:UUP00123,united-utilities,2026-09-17T03:48:00Z,2026-09-17T04:46:00Z,58,hub,2026-09-17T11:32:49Z,2026-09-17T11:32:49Z,true
united-utilities:UUP00126:1788832042000,united-utilities:UUP00126,united-utilities,2026-09-08T01:47:22Z,2026-09-08T02:19:09Z,32,hub,2026-09-17T00:49:00Z,2026-09-17T00:49:00Z,true
united-utilities:UUP00127:1788815400000,united-utilities:UUP00127,united-utilities,2026-09-07T21:10:00Z,2026-09-07T21:36:00Z,26,hub,2026-09-17T00:49:00Z,2026-09-17T00:49:00Z,true
united-utilities:UUP00129:1788882960000,united-utilities:UUP00129,united-utilities,2026-09-08T15:56:00Z,2026-09-08T16:04:00Z,8,hub,2026-09-17T00:49:00Z,2026-09-17T00:49:00Z,true
united-utilities:UUP00130:1789195560000,united-utilities:UUP00130,united-utilities,2026-09-12T06:46:00Z,2026-09-12T09:14:00Z,148,hub,2026-09-17T00:49:00Z,2026-09-17T00:49:00Z,true
united-utilities:UUP00131:1789193520000,united-utilities:UUP00131,united-utilities,2026-09-12T06:12:00Z,2026-09-12T08:50:00Z,158,hub,2026-09-17T00:49:00Z,2026-09-17T00:49:00Z,true
united-utilities:UUP00132:1789229968000,united-utilities:UUP00132,united-utilities,2026-09-12T16:19:28Z,2026-09-12T16:24:22Z,5,hub,2026-09-17T00:49:00Z,2026-09-17T00:49:00Z,true
united-utilities:UUP00132:1789607961100,united-utilities:UUP00132,united-utilities,2026-09-17T01:19:21Z,2026-09-17T01:32:36Z,13,hub,2026-09-17T02:08:37Z,2026-09-17T02:08:37Z,true
united-utilities:UUP00132:1789740018600,united-utilities:UUP00132,united-utilities,2026-09-18T14:00:18Z,2026-09-18T14:17:08Z,17,hub,2026-09-18T14:37:46Z,2026-09-18T14:37:46Z,true
united-utilities:UUP00132:1789741658200,united-utilities:UUP00132,united-utilities,2026-09-18T14:27:38Z,2026-09-18T14:57:16Z,30,hub,2026-09-18T14:58:06Z,2026-09-18T15:18:24Z,true
united-utilities:UUP00133:1788685240000,united-utilities:UUP00133,united-utilities,2026-09-06T09:00:40Z,2026-09-06T09:04:09Z,3,hub,2026-09-17T00:49:00Z,2026-09-17T00:49:00Z,true
united-utilities:UUP00134:1789456803000,united-utilities:UUP00134,united-utilities,2026-09-15T07:20:03Z,2026-09-15T07:25:24Z,5,hub,2026-09-17T00:49:00Z,2026-09-17T00:49:00Z,true
united-utilities:UUP00134:1789746873000,united-utilities:UUP00134,united-utilities,2026-09-18T15:54:33Z,2026-09-18T16:00:13Z,6,hub,2026-09-18T17:51:51Z,2026-09-18T17:51:51Z,true
united-utilities:UUP00134:1789753276000,united-utilities:UUP00134,united-utilities,2026-09-18T17:41:16Z,2026-09-18T18:29:09Z,48,hub,2026-09-18T18:22:27Z,2026-09-18T20:21:27Z,true
united-utilities:UUP00135:1789507920000,united-utilities:UUP00135,united-utilities,2026-09-15T21:32:00Z,2026-09-15T22:04:00Z,32,hub,2026-09-17T00:49:00Z,2026-09-17T00:49:00Z,true
united-utilities:UUP00137:1788416400000,united-utilities:UUP00137,united-utilities,2026-09-03T06:20:00Z,2026-09-03T06:40:00Z,20,hub,2026-09-17T00:49:00Z,2026-09-17T00:49:00Z,true
united-utilities:UUP00138:1788874560000,united-utilities:UUP00138,united-utilities,2026-09-08T13:36:00Z,2026-09-08T13:42:00Z,6,hub,2026-09-17T00:49:00Z,2026-09-17T00:49:00Z,true
united-utilities:UUP00139:1788486480000,united-utilities:UUP00139,united-utilities,2026-09-04T01:48:00Z,2026-09-04T03:32:00Z,104,hub,2026-09-17T00:49:00Z,2026-09-17T00:49:00Z,true
united-utilities:UUP00142:1788924960000,united-utilities:UUP00142,united-utilities,2026-09-09T03:36:00Z,2026-09-09T03:56:00Z,20,hub,2026-09-17T00:49:00Z,2026-09-17T00:49:00Z,true
united-utilities:UUP00143:1788819487000,united-utilities:UUP00143,united-utilities,2026-09-07T22:18:07Z,2026-09-08T11:39:24Z,801,hub,2026-09-17T00:49:00Z,2026-09-17T00:49:00Z,true
united-utilities:UUP00144:1789533960000,united-utilities:UUP00144,united-utilities,2026-09-16T04:46:00Z,2026-09-16T04:52:00Z,6,hub,2026-09-17T00:49:00Z,2026-09-17T00:49:00Z,true
united-utilities:UUP00145:1788883200000,united-utilities:UUP00145,united-utilities,2026-09-08T16:00:00Z,2026-09-08T16:06:00Z,6,hub,2026-09-17T00:49:00Z,2026-09-17T00:49:00Z,true
united-utilities:UUP00146:1788564285000,united-utilities:UUP00146,united-utilities,2026-09-04T23:24:45Z,2026-09-05T00:20:05Z,55,hub,2026-09-17T00:49:00Z,2026-09-17T00:49:00Z,true
united-utilities:UUP00146:1789626563000,united-utilities:UUP00146,united-utilities,2026-09-17T06:29:23Z,2026-09-17T07:23:08Z,54,hub,2026-09-17T11:32:49Z,2026-09-17T11:32:49Z,true
united-utilities:UUP00146:1789644235000,united-utilities:UUP00146,united-utilities,2026-09-17T11:23:55Z,2026-09-17T21:17:28Z,594,hub,2026-09-17T13:51:58Z,2026-09-17T22:13:42Z,true
united-utilities:UUP00148:1789445040000,united-utilities:UUP00148,united-utilities,2026-09-15T04:04:00Z,2026-09-15T04:08:00Z,4,hub,2026-09-17T00:49:00Z,2026-09-17T00:49:00Z,true
united-utilities:UUP00151:1789431600000,united-utilities:UUP00151,united-utilities,2026-09-15T00:20:00Z,2026-09-15T04:58:00Z,278,hub,2026-09-17T00:49:00Z,2026-09-17T00:49:00Z,true
united-utilities:UUP00153:1788882840000,united-utilities:UUP00153,united-utilities,2026-09-08T15:54:00Z,2026-09-08T16:02:00Z,8,hub,2026-09-17T00:49:00Z,2026-09-17T00:49:00Z,true
united-utilities:UUP00154:1789451001000,united-utilities:UUP00154,united-utilities,2026-09-15T05:43:21Z,2026-09-15T06:22:53Z,40,hub,2026-09-17T00:49:00Z,2026-09-17T00:49:00Z,true
united-utilities:UUP00154:1789618221000,united-utilities:UUP00154,united-utilities,2026-09-17T04:10:21Z,2026-09-17T05:58:50Z,108,hub,2026-09-17T11:32:49Z,2026-09-17T11:32:49Z,true
united-utilities:UUP00154:1789647879000,united-utilities:UUP00154,united-utilities,2026-09-17T12:24:39Z,2026-09-17T12:52:56Z,28,hub,2026-09-17T13:51:58Z,2026-09-17T13:51:58Z,true
united-utilities:UUP00154:1789746647000,united-utilities:UUP00154,united-utilities,2026-09-18T15:50:47Z,2026-09-18T19:12:10Z,201,hub,2026-09-18T17:51:51Z,2026-09-18T20:21:27Z,true
united-utilities:UUP00155:1788483839000,united-utilities:UUP00155,united-utilities,2026-09-04T01:03:59Z,2026-09-04T01:07:31Z,4,hub,2026-09-17T00:49:00Z,2026-09-17T00:49:00Z,true
united-utilities:UUP00156:1788484031000,united-utilities:UUP00156,united-utilities,2026-09-04T01:07:11Z,2026-09-04T02:57:58Z,111,hub,2026-09-17T00:49:00Z,2026-09-17T00:49:00Z,true
united-utilities:UUP00158:1789454224000,united-utilities:UUP00158,united-utilities,2026-09-15T06:37:04Z,2026-09-15T06:39:07Z,2,hub,2026-09-17T00:49:00Z,2026-09-17T00:49:00Z,true
united-utilities:UUP00159:1789469419000,united-utilities:UUP00159,united-utilities,2026-09-15T10:50:19Z,2026-09-15T10:52:37Z,2,hub,2026-09-17T00:49:00Z,2026-09-17T00:49:00Z,true
united-utilities:UUP00160:1788479160000,united-utilities:UUP00160,united-utilities,2026-09-03T23:46:00Z,2026-09-04T01:56:00Z,130,hub,2026-09-17T00:49:00Z,2026-09-17T00:49:00Z,true
united-utilities:UUP00161:1788484800000,united-utilities:UUP00161,united-utilities,2026-09-04T01:20:00Z,2026-09-04T01:54:00Z,34,hub,2026-09-17T00:49:00Z,2026-09-17T00:49:00Z,true
united-utilities:UUP00166:1788812501000,united-utilities:UUP00166,united-utilities,2026-09-07T20:21:41Z,2026-09-07T22:03:49Z,102,hub,2026-09-17T00:49:00Z,2026-09-17T00:49:00Z,true
united-utilities:UUP00167:1788816826000,united-utilities:UUP00167,united-utilities,2026-09-07T21:33:46Z,2026-09-07T21:47:07Z,13,hub,2026-09-17T00:49:00Z,2026-09-17T00:49:00Z,true
united-utilities:UUP00169:1788883200000,united-utilities:UUP00169,united-utilities,2026-09-08T16:00:00Z,2026-09-08T16:10:00Z,10,hub,2026-09-17T00:49:00Z,2026-09-17T00:49:00Z,true
united-utilities:UUP00172:1789534440000,united-utilities:UUP00172,united-utilities,2026-09-16T04:54:00Z,2026-09-16T05:00:00Z,6,hub,2026-09-17T00:49:00Z,2026-09-17T00:49:00Z,true
united-utilities:UUP00172:1789617840000,united-utilities:UUP00172,united-utilities,2026-09-17T04:04:00Z,2026-09-17T04:10:00Z,6,hub,2026-09-17T11:32:49Z,2026-09-17T11:32:49Z,true
united-utilities:UUP00172:1789650960000,united-utilities:UUP00172,united-utilities,2026-09-17T13:16:00Z,2026-09-17T13:24:00Z,8,hub,2026-09-17T15:38:08Z,2026-09-17T15:38:08Z,true
united-utilities:UUP00173:1789534440000,united-utilities:UUP00173,united-utilities,2026-09-16T04:54:00Z,2026-09-16T05:00:00Z,6,hub,2026-09-17T00:49:00Z,2026-09-17T00:49:00Z,true
united-utilities:UUP00173:1789617840000,united-utilities:UUP00173,united-utilities,2026-09-17T04:04:00Z,2026-09-17T04:12:00Z,8,hub,2026-09-17T11:32:49Z,2026-09-17T11:32:49Z,true
united-utilities:UUP00175:1788480219000,united-utilities:UUP00175,united-utilities,2026-09-04T00:03:39Z,2026-09-04T02:51:46Z,168,hub,2026-09-17T00:49:00Z,2026-09-17T00:49:00Z,true
united-utilities:UUP00177:1789472425000,united-utilities:UUP00177,united-utilities,2026-09-15T11:40:25Z,2026-09-15T11:45:04Z,5,hub,2026-09-17T00:49:00Z,2026-09-17T00:49:00Z,true
united-utilities:UUP00177:1789620545000,united-utilities:UUP00177,united-utilities,2026-09-17T04:49:05Z,2026-09-17T04:55:44Z,7,hub,2026-09-17T11:32:49Z,2026-09-17T11:32:49Z,true
united-utilities:UUP00178:1788810224000,united-utilities:UUP00178,united-utilities,2026-09-07T19:43:44Z,2026-09-07T21:48:52Z,125,hub,2026-09-17T00:49:00Z,2026-09-17T00:49:00Z,true
united-utilities:UUP00178:1789614994000,united-utilities:UUP00178,united-utilities,2026-09-17T03:16:34Z,2026-09-17T04:38:29Z,82,hub,2026-09-17T11:32:49Z,2026-09-17T11:32:49Z,true
united-utilities:UUP00178:1789746347000,united-utilities:UUP00178,united-utilities,2026-09-18T15:45:47Z,2026-09-18T17:19:09Z,93,hub,2026-09-18T17:51:51Z,2026-09-18T18:02:06Z,true
united-utilities:UUP00179:1788813720000,united-utilities:UUP00179,united-utilities,2026-09-07T20:42:00Z,2026-09-07T22:00:00Z,78,hub,2026-09-17T00:49:00Z,2026-09-17T00:49:00Z,true
united-utilities:UUP00179:1789620360000,united-utilities:UUP00179,united-utilities,2026-09-17T04:46:00Z,2026-09-17T04:54:00Z,8,hub,2026-09-17T11:32:49Z,2026-09-17T11:32:49Z,true
united-utilities:UUP00182:1788486544000,united-utilities:UUP00182,united-utilities,2026-09-04T01:49:04Z,2026-09-04T01:51:29Z,2,hub,2026-09-17T00:49:00Z,2026-09-17T00:49:00Z,true
united-utilities:UUP00183:1788487721000,united-utilities:UUP00183,united-utilities,2026-09-04T02:08:41Z,2026-09-04T02:44:39Z,36,hub,2026-09-17T00:49:00Z,2026-09-17T00:49:00Z,true
united-utilities:UUP00184:1788477695000,united-utilities:UUP00184,united-utilities,2026-09-03T23:21:35Z,2026-09-04T02:44:39Z,203,hub,2026-09-17T00:49:00Z,2026-09-17T00:49:00Z,true
united-utilities:UUP00188:1788509160000,united-utilities:UUP00188,united-utilities,2026-09-04T08:06:00Z,2026-09-04T09:16:00Z,70,hub,2026-09-17T00:49:00Z,2026-09-17T00:49:00Z,true
united-utilities:UUP00190:1788480310000,united-utilities:UUP00190,united-utilities,2026-09-04T00:05:10Z,2026-09-04T02:23:26Z,138,hub,2026-09-17T00:49:00Z,2026-09-17T00:49:00Z,true
united-utilities:UUP00191:1788482400000,united-utilities:UUP00191,united-utilities,2026-09-04T00:40:00Z,2026-09-04T02:30:00Z,110,hub,2026-09-17T00:49:00Z,2026-09-17T00:49:00Z,true
united-utilities:UUP00193:1789239240000,united-utilities:UUP00193,united-utilities,2026-09-12T18:54:00Z,2026-09-12T19:14:00Z,20,hub,2026-09-17T00:49:00Z,2026-09-17T00:49:00Z,true
united-utilities:UUP00193:1789623480000,united-utilities:UUP00193,united-utilities,2026-09-17T05:38:00Z,2026-09-17T06:08:00Z,30,hub,2026-09-17T11:32:49Z,2026-09-17T11:32:49Z,true
united-utilities:UUP00195:1789233488000,united-utilities:UUP00195,united-utilities,2026-09-12T17:18:08Z,2026-09-12T17:21:04Z,3,hub,2026-09-17T00:49:00Z,2026-09-17T00:49:00Z,true
united-utilities:UUP00195:1789753021000,united-utilities:UUP00195,united-utilities,2026-09-18T17:37:01Z,2026-09-18T20:11:35Z,155,hub,2026-09-18T18:02:06Z,2026-09-18T20:41:44Z,true
united-utilities:UUP00196:1788507370000,united-utilities:UUP00196,united-utilities,2026-09-04T07:36:10Z,2026-09-04T07:39:10Z,3,hub,2026-09-17T00:49:00Z,2026-09-17T00:49:00Z,true
united-utilities:UUP00196:1789752960000,united-utilities:UUP00196,united-utilities,2026-09-18T17:36:00Z,2026-09-18T17:55:19Z,19,hub,2026-09-18T18:02:06Z,2026-09-18T18:02:06Z,false
united-utilities:UUP00196:1789754119000,united-utilities:UUP00196,united-utilities,2026-09-18T17:55:19Z,2026-09-18T17:56:00Z,1,hub,2026-09-18T18:42:49Z,2026-09-18T18:42:49Z,true
united-utilities:UUP00197:1789507585000,united-utilities:UUP00197,united-utilities,2026-09-15T21:26:25Z,2026-09-15T22:54:09Z,88,hub,2026-09-17T00:49:00Z,2026-09-17T00:49:00Z,true
united-utilities:UUP00197:1789617841000,united-utilities:UUP00197,united-utilities,2026-09-17T04:04:01Z,2026-09-17T04:35:11Z,31,hub,2026-09-17T11:32:49Z,2026-09-17T11:32:49Z,true
united-utilities:UUP00197:1789745260000,united-utilities:UUP00197,united-utilities,2026-09-18T15:27:40Z,2026-09-18T17:02:22Z,95,hub,2026-09-18T17:51:51Z,2026-09-18T17:51:51Z,true
united-utilities:UUP00198:1788484779000,united-utilities:UUP00198,united-utilities,2026-09-04T01:19:39Z,2026-09-04T02:09:42Z,50,hub,2026-09-17T00:49:00Z,2026-09-17T00:49:00Z,true
united-utilities:UUP00199:1788830597000,united-utilities:UUP00199,united-utilities,2026-09-08T01:23:17Z,2026-09-08T02:24:52Z,62,hub,2026-09-17T00:49:00Z,2026-09-17T00:49:00Z,true
united-utilities:UUP00199:1789637456000,united-utilities:UUP00199,united-utilities,2026-09-17T09:30:56Z,2026-09-17T10:29:50Z,59,hub,2026-09-17T11:32:49Z,2026-09-17T11:32:49Z,true
united-utilities:UUP00200:1789576811000,united-utilities:UUP00200,united-utilities,2026-09-16T16:40:11Z,2026-09-16T23:31:33Z,411,hub,2026-09-17T00:49:00Z,2026-09-17T00:49:00Z,true
united-utilities:UUP00200:1789610524000,united-utilities:UUP00200,united-utilities,2026-09-17T02:02:04Z,2026-09-17T08:49:33Z,407,hub,2026-09-17T11:32:49Z,2026-09-17T11:32:49Z,false
united-utilities:UUP00200:1789634973000,united-utilities:UUP00200,united-utilities,2026-09-17T08:49:33Z,2026-09-18T00:55:01Z,965,hub,2026-09-18T01:18:34Z,2026-09-18T01:18:34Z,true
united-utilities:UUP00200:1789743678000,united-utilities:UUP00200,united-utilities,2026-09-18T15:01:18Z,,,hub,2026-09-18T17:51:51Z,2026-09-18T17:51:51Z,
united-utilities:UUP00201:1789418854000,united-utilities:UUP00201,united-utilities,2026-09-14T20:47:34Z,2026-09-14T20:53:23Z,6,hub,2026-09-17T00:49:00Z,2026-09-17T00:49:00Z,true
united-utilities:UUP00204:1789434480000,united-utilities:UUP00204,united-utilities,2026-09-15T01:08:00Z,2026-09-15T01:36:00Z,28,hub,2026-09-17T00:49:00Z,2026-09-17T00:49:00Z,true
united-utilities:UUP00204:1789741908400,united-utilities:UUP00204,united-utilities,2026-09-18T14:31:48Z,2026-09-18T15:18:00Z,46,hub,2026-09-18T14:58:06Z,2026-09-18T17:51:51Z,true
united-utilities:UUP00206:1788485618000,united-utilities:UUP00206,united-utilities,2026-09-04T01:33:38Z,2026-09-04T01:36:18Z,3,hub,2026-09-17T00:49:00Z,2026-09-17T00:49:00Z,true
united-utilities:UUP00207:1788524908000,united-utilities:UUP00207,united-utilities,2026-09-04T12:28:28Z,2026-09-04T13:20:32Z,52,hub,2026-09-17T00:49:00Z,2026-09-17T00:49:00Z,true
united-utilities:UUP00207:1789748658000,united-utilities:UUP00207,united-utilities,2026-09-18T16:24:18Z,2026-09-18T20:38:16Z,254,hub,2026-09-18T17:51:51Z,2026-09-18T22:43:41Z,true
united-utilities:UUP00214:1788809400000,united-utilities:UUP00214,united-utilities,2026-09-07T19:30:00Z,2026-09-07T19:36:00Z,6,hub,2026-09-17T00:49:00Z,2026-09-17T00:49:00Z,true
united-utilities:UUP00215:1788813480000,united-utilities:UUP00215,united-utilities,2026-09-07T20:38:00Z,2026-09-07T21:10:00Z,32,hub,2026-09-17T00:49:00Z,2026-09-17T00:49:00Z,true
united-utilities:UUP00216:1788498600000,united-utilities:UUP00216,united-utilities,2026-09-04T05:10:00Z,2026-09-04T05:16:00Z,6,hub,2026-09-17T00:49:00Z,2026-09-17T00:49:00Z,true
united-utilities:UUP00217:1789555080000,united-utilities:UUP00217,united-utilities,2026-09-16T10:38:00Z,2026-09-16T10:46:00Z,8,hub,2026-09-17T00:49:00Z,2026-09-17T00:49:00Z,true
united-utilities:UUP00219:1789196613000,united-utilities:UUP00219,united-utilities,2026-09-12T07:03:33Z,2026-09-12T07:22:25Z,19,hub,2026-09-17T00:49:00Z,2026-09-17T00:49:00Z,true
united-utilities:UUP00219:1789660542000,united-utilities:UUP00219,united-utilities,2026-09-17T15:55:42Z,2026-09-17T15:58:41Z,3,hub,2026-09-17T19:14:51Z,2026-09-17T19:14:51Z,true
united-utilities:UUP00220:1788872848000,united-utilities:UUP00220,united-utilities,2026-09-08T13:07:28Z,2026-09-08T13:14:52Z,7,hub,2026-09-17T00:49:00Z,2026-09-17T00:49:00Z,true
united-utilities:UUP00223:1789552560000,united-utilities:UUP00223,united-utilities,2026-09-16T09:56:00Z,2026-09-16T10:20:00Z,24,hub,2026-09-17T00:49:00Z,2026-09-17T00:49:00Z,true
united-utilities:UUP00224:1788482760000,united-utilities:UUP00224,united-utilities,2026-09-04T00:46:00Z,2026-09-04T02:32:00Z,106,hub,2026-09-17T00:49:00Z,2026-09-17T00:49:00Z,true
united-utilities:UUP00226:1788486065000,united-utilities:UUP00226,united-utilities,2026-09-04T01:41:05Z,2026-09-04T03:31:44Z,111,hub,2026-09-17T00:49:00Z,2026-09-17T00:49:00Z,true
united-utilities:UUP00228:1788482400000,united-utilities:UUP00228,united-utilities,2026-09-04T00:40:00Z,2026-09-04T02:18:00Z,98,hub,2026-09-17T00:49:00Z,2026-09-17T00:49:00Z,true
united-utilities:UUP00228:1789622760000,united-utilities:UUP00228,united-utilities,2026-09-17T05:26:00Z,2026-09-17T05:36:00Z,10,hub,2026-09-17T11:32:49Z,2026-09-17T11:32:49Z,true
united-utilities:UUP00229:1788484200000,united-utilities:UUP00229,united-utilities,2026-09-04T01:10:00Z,2026-09-04T01:42:00Z,32,hub,2026-09-17T00:49:00Z,2026-09-17T00:49:00Z,true
united-utilities:UUP00230:1788478200000,united-utilities:UUP00230,united-utilities,2026-09-03T23:30:00Z,2026-09-04T09:04:00Z,574,hub,2026-09-17T00:49:00Z,2026-09-17T00:49:00Z,true
united-utilities:UUP00231:1788476667000,united-utilities:UUP00231,united-utilities,2026-09-03T23:04:27Z,2026-09-04T02:36:49Z,212,hub,2026-09-17T00:49:00Z,2026-09-17T00:49:00Z,true
united-utilities:UUP00232:1788506880000,united-utilities:UUP00232,united-utilities,2026-09-04T07:28:00Z,2026-09-04T07:42:00Z,14,hub,2026-09-17T00:49:00Z,2026-09-17T00:49:00Z,true
united-utilities:UUP00232:1789747440000,united-utilities:UUP00232,united-utilities,2026-09-18T16:04:00Z,2026-09-18T17:22:00Z,78,hub,2026-09-18T17:51:51Z,2026-09-18T18:02:06Z,true
united-utilities:UUP00233:1788511800000,united-utilities:UUP00233,united-utilities,2026-09-04T08:50:00Z,2026-09-04T09:12:00Z,22,hub,2026-09-17T00:49:00Z,2026-09-17T00:49:00Z,true
united-utilities:UUP00234:1788472080000,united-utilities:UUP00234,united-utilities,2026-09-03T21:48:00Z,2026-09-04T02:02:00Z,254,hub,2026-09-17T00:49:00Z,2026-09-17T00:49:00Z,true
united-utilities:UUP00237:1788480132000,united-utilities:UUP00237,united-utilities,2026-09-04T00:02:12Z,2026-09-04T15:15:04Z,913,hub,2026-09-17T00:49:00Z,2026-09-17T00:49:00Z,true
united-utilities:UUP00239:1789553376000,united-utilities:UUP00239,united-utilities,2026-09-16T10:09:36Z,2026-09-16T12:18:52Z,129,hub,2026-09-17T00:49:00Z,2026-09-17T00:49:00Z,true
united-utilities:UUP00239:1789615934000,united-utilities:UUP00239,united-utilities,2026-09-17T03:32:14Z,2026-09-17T17:43:50Z,852,hub,2026-09-17T11:32:49Z,2026-09-17T11:32:49Z,false
united-utilities:UUP00239:1789667030000,united-utilities:UUP00239,united-utilities,2026-09-17T17:43:50Z,2026-09-17T20:40:03Z,176,hub,2026-09-17T19:14:51Z,2026-09-17T22:13:42Z,true
united-utilities:UUP00239:1789747793000,united-utilities:UUP00239,united-utilities,2026-09-18T16:09:53Z,,,hub,2026-09-18T17:51:51Z,2026-09-18T17:51:51Z,
united-utilities:UUP00240:1788483720000,united-utilities:UUP00240,united-utilities,2026-09-04T01:02:00Z,2026-09-04T01:56:00Z,54,hub,2026-09-17T00:49:00Z,2026-09-17T00:49:00Z,true
united-utilities:UUP00240:1789624080000,united-utilities:UUP00240,united-utilities,2026-09-17T05:48:00Z,2026-09-17T05:56:00Z,8,hub,2026-09-17T11:32:49Z,2026-09-17T11:32:49Z,true
united-utilities:UUP00243:1789464467000,united-utilities:UUP00243,united-utilities,2026-09-15T09:27:47Z,2026-09-15T16:18:46Z,411,hub,2026-09-17T00:49:00Z,2026-09-17T00:49:00Z,true
united-utilities:UUP00243:1789628155000,united-utilities:UUP00243,united-utilities,2026-09-17T06:55:55Z,2026-09-17T10:12:53Z,197,hub,2026-09-17T11:32:49Z,2026-09-17T11:32:49Z,true
united-utilities:UUP00243:1789752378000,united-utilities:UUP00243,united-utilities,2026-09-18T17:26:18Z,,,hub,2026-09-18T18:02:06Z,2026-09-18T18:02:06Z,
united-utilities:UUP00245:1789454037000,united-utilities:UUP00245,united-utilities,2026-09-15T06:33:57Z,2026-09-15T07:04:16Z,30,hub,2026-09-17T00:49:00Z,2026-09-17T00:49:00Z,true
united-utilities:UUP00245:1789748620000,united-utilities:UUP00245,united-utilities,2026-09-18T16:23:40Z,2026-09-18T17:15:46Z,52,hub,2026-09-18T17:51:51Z,2026-09-18T17:51:51Z,true
united-utilities:UUP00246:1789449051000,united-utilities:UUP00246,united-utilities,2026-09-15T05:10:51Z,2026-09-17T06:20:26Z,2950,hub,2026-09-17T00:49:00Z,2026-09-17T11:32:49Z,true
united-utilities:UUP00246:1789647404000,united-utilities:UUP00246,united-utilities,2026-09-17T12:16:44Z,2026-09-17T12:49:21Z,33,hub,2026-09-17T13:51:58Z,2026-09-17T13:51:58Z,true
united-utilities:UUP00246:1789743408310,united-utilities:UUP00246,united-utilities,2026-09-18T14:56:48Z,2026-09-18T21:07:27Z,371,hub,2026-09-18T15:18:24Z,2026-09-18T22:43:41Z,true
united-utilities:UUP00246:1789773884000,united-utilities:UUP00246,united-utilities,2026-09-18T23:24:44Z,2026-09-19T00:07:22Z,43,hub,2026-09-19T00:41:02Z,2026-09-19T00:51:12Z,true
united-utilities:UUP00247:1788467760000,united-utilities:UUP00247,united-utilities,2026-09-03T20:36:00Z,2026-09-03T20:44:00Z,8,hub,2026-09-17T00:49:00Z,2026-09-17T00:49:00Z,true
united-utilities:UUP00252:1788818089000,united-utilities:UUP00252,united-utilities,2026-09-07T21:54:49Z,2026-09-07T21:57:54Z,3,hub,2026-09-17T00:49:00Z,2026-09-17T00:49:00Z,true
united-utilities:UUP00253:1788466920000,united-utilities:UUP00253,united-utilities,2026-09-03T20:22:00Z,2026-09-03T21:16:00Z,54,hub,2026-09-17T00:49:00Z,2026-09-17T00:49:00Z,true
united-utilities:UUP00254:1788883800000,united-utilities:UUP00254,united-utilities,2026-09-08T16:10:00Z,2026-09-08T16:16:00Z,6,hub,2026-09-17T00:49:00Z,2026-09-17T00:49:00Z,true
united-utilities:UUP00254:1789613400000,united-utilities:UUP00254,united-utilities,2026-09-17T02:50:00Z,2026-09-17T03:00:00Z,10,hub,2026-09-17T11:32:49Z,2026-09-17T11:32:49Z,true
united-utilities:UUP00254:1789743600000,united-utilities:UUP00254,united-utilities,2026-09-18T15:00:00Z,2026-09-18T16:26:00Z,86,hub,2026-09-18T17:51:51Z,2026-09-18T17:51:51Z,true
united-utilities:UUP00255:1789469640000,united-utilities:UUP00255,united-utilities,2026-09-15T10:54:00Z,2026-09-15T11:02:00Z,8,hub,2026-09-17T00:49:00Z,2026-09-17T00:49:00Z,true
united-utilities:UUP00255:1789618680000,united-utilities:UUP00255,united-utilities,2026-09-17T04:18:00Z,2026-09-17T04:24:00Z,6,hub,2026-09-17T11:32:49Z,2026-09-17T11:32:49Z,true
united-utilities:UUP00257:1788686721000,united-utilities:UUP00257,united-utilities,2026-09-06T09:25:21Z,2026-09-06T09:56:57Z,32,hub,2026-09-17T00:49:00Z,2026-09-17T00:49:00Z,true
united-utilities:UUP00258:1789197190000,united-utilities:UUP00258,united-utilities,2026-09-12T07:13:10Z,2026-09-12T08:02:34Z,49,hub,2026-09-17T00:49:00Z,2026-09-17T00:49:00Z,true
united-utilities:UUP00259:1789436160000,united-utilities:UUP00259,united-utilities,2026-09-15T01:36:00Z,2026-09-15T01:48:00Z,12,hub,2026-09-17T00:49:00Z,2026-09-17T00:49:00Z,true
united-utilities:UUP00260:1788498915000,united-utilities:UUP00260,united-utilities,2026-09-04T05:15:15Z,2026-09-18T09:01:27Z,20386,hub,2026-09-17T00:49:00Z,2026-09-17T00:49:00Z,false
united-utilities:UUP00260:1789722087000,united-utilities:UUP00260,united-utilities,2026-09-18T09:01:27Z,,,hub,2026-09-18T10:30:40Z,2026-09-18T10:30:40Z,
united-utilities:UUP00262:1789418880000,united-utilities:UUP00262,united-utilities,2026-09-14T20:48:00Z,2026-09-15T08:44:00Z,716,hub,2026-09-17T00:49:00Z,2026-09-17T00:49:00Z,true
united-utilities:UUP00264:1789443720000,united-utilities:UUP00264,united-utilities,2026-09-15T03:42:00Z,2026-09-15T04:02:00Z,20,hub,2026-09-17T00:49:00Z,2026-09-17T00:49:00Z,true
united-utilities:UUP00265:1788486756000,united-utilities:UUP00265,united-utilities,2026-09-04T01:52:36Z,2026-09-04T01:55:36Z,3,hub,2026-09-17T00:49:00Z,2026-09-17T00:49:00Z,true
united-utilities:UUP00265:1789623596000,united-utilities:UUP00265,united-utilities,2026-09-17T05:39:56Z,2026-09-17T05:51:20Z,11,hub,2026-09-17T11:32:49Z,2026-09-17T11:32:49Z,true
united-utilities:UUP00267:1789431720000,united-utilities:UUP00267,united-utilities,2026-09-15T00:22:00Z,2026-09-15T04:30:00Z,248,hub,2026-09-17T00:49:00Z,2026-09-17T00:49:00Z,true
united-utilities:UUP00267:1789606200000,united-utilities:UUP00267,united-utilities,2026-09-17T00:50:00Z,2026-09-17T02:02:00Z,72,hub,2026-09-17T02:08:37Z,2026-09-17T11:32:49Z,true
united-utilities:UUP00268:1788804960000,united-utilities:UUP00268,united-utilities,2026-09-07T18:16:00Z,2026-09-07T18:56:00Z,40,hub,2026-09-17T00:49:00Z,2026-09-17T00:49:00Z,true
united-utilities:UUP00269:1789553640000,united-utilities:UUP00269,united-utilities,2026-09-16T10:14:00Z,2026-09-16T10:46:00Z,32,hub,2026-09-17T00:49:00Z,2026-09-17T00:49:00Z,true
united-utilities:UUP00269:1789621800000,united-utilities:UUP00269,united-utilities,2026-09-17T05:10:00Z,2026-09-17T05:18:00Z,8,hub,2026-09-17T11:32:49Z,2026-09-17T11:32:49Z,true
united-utilities:UUP00269:1789668000000,united-utilities:UUP00269,united-utilities,2026-09-17T18:00:00Z,2026-09-17T18:22:00Z,22,hub,2026-09-17T19:14:51Z,2026-09-17T19:14:51Z,true
united-utilities:UUP00269:1789743600000,united-utilities:UUP00269,united-utilities,2026-09-18T15:00:00Z,2026-09-18T19:10:00Z,250,hub,2026-09-18T17:51:51Z,2026-09-18T17:51:51Z,false
united-utilities:UUP00269:1789758600000,united-utilities:UUP00269,united-utilities,2026-09-18T19:10:00Z,2026-09-18T19:12:00Z,2,hub,2026-09-18T20:21:27Z,2026-09-18T20:21:27Z,true
united-utilities:UUP00269:1789773480000,united-utilities:UUP00269,united-utilities,2026-09-18T23:18:00Z,2026-09-18T23:42:00Z,24,hub,2026-09-19T00:41:02Z,2026-09-19T00:41:02Z,true
united-utilities:UUP00270:1789532845000,united-utilities:UUP00270,united-utilities,2026-09-16T04:27:25Z,2026-09-16T04:41:17Z,14,hub,2026-09-17T00:49:00Z,2026-09-17T00:49:00Z,true
united-utilities:UUP00270:1789618353000,united-utilities:UUP00270,united-utilities,2026-09-17T04:12:33Z,2026-09-17T04:21:53Z,9,hub,2026-09-17T11:32:49Z,2026-09-17T11:32:49Z,true
united-utilities:UUP00270:1789646284000,united-utilities:UUP00270,united-utilities,2026-09-17T11:58:04Z,2026-09-17T12:00:15Z,2,hub,2026-09-17T13:51:58Z,2026-09-17T13:51:58Z,true
united-utilities:UUP00271:1788885120000,united-utilities:UUP00271,united-utilities,2026-09-08T16:32:00Z,2026-09-08T16:42:00Z,10,hub,2026-09-17T00:49:00Z,2026-09-17T00:49:00Z,true
united-utilities:UUP00273:1788883440000,united-utilities:UUP00273,united-utilities,2026-09-08T16:04:00Z,2026-09-08T18:58:00Z,174,hub,2026-09-17T00:49:00Z,2026-09-17T00:49:00Z,true
united-utilities:UUP00273:1789748160000,united-utilities:UUP00273,united-utilities,2026-09-18T16:16:00Z,2026-09-18T20:16:00Z,240,hub,2026-09-18T17:51:51Z,2026-09-18T21:02:08Z,true
united-utilities:UUP00274:1788885128000,united-utilities:UUP00274,united-utilities,2026-09-08T16:32:08Z,2026-09-08T16:41:59Z,10,hub,2026-09-17T00:49:00Z,2026-09-17T00:49:00Z,true
united-utilities:UUP00275:1788815280000,united-utilities:UUP00275,united-utilities,2026-09-07T21:08:00Z,2026-09-07T21:26:00Z,18,hub,2026-09-17T00:49:00Z,2026-09-17T00:49:00Z,true
united-utilities:UUP00276:1788906600000,united-utilities:UUP00276,united-utilities,2026-09-08T22:30:00Z,2026-09-08T22:34:00Z,4,hub,2026-09-17T00:49:00Z,2026-09-17T00:49:00Z,true
united-utilities:UUP00277:1788886713000,united-utilities:UUP00277,united-utilities,2026-09-08T16:58:33Z,2026-09-09T00:32:15Z,454,hub,2026-09-17T00:49:00Z,2026-09-17T00:49:00Z,true
united-utilities:UUP00277:1789761661000,united-utilities:UUP00277,united-utilities,2026-09-18T20:01:01Z,,,hub,2026-09-18T20:41:44Z,2026-09-18T20:41:44Z,
united-utilities:UUP00279:1789239600000,united-utilities:UUP00279,united-utilities,2026-09-12T19:00:00Z,2026-09-12T19:56:00Z,56,hub,2026-09-17T00:49:00Z,2026-09-17T00:49:00Z,true
united-utilities:UUP00280:1789243030000,united-utilities:UUP00280,united-utilities,2026-09-12T19:57:10Z,2026-09-12T20:16:00Z,19,hub,2026-09-17T00:49:00Z,2026-09-17T00:49:00Z,true
united-utilities:UUP00282:1789452240000,united-utilities:UUP00282,united-utilities,2026-09-15T06:04:00Z,2026-09-15T06:52:00Z,48,hub,2026-09-17T00:49:00Z,2026-09-17T00:49:00Z,true
united-utilities:UUP00283:1789113720000,united-utilities:UUP00283,united-utilities,2026-09-11T08:02:00Z,2026-09-11T08:08:00Z,6,hub,2026-09-17T00:49:00Z,2026-09-17T00:49:00Z,true
united-utilities:UUP00284:1788813625000,united-utilities:UUP00284,united-utilities,2026-09-07T20:40:25Z,2026-09-07T20:42:40Z,2,hub,2026-09-17T00:49:00Z,2026-09-17T00:49:00Z,true
united-utilities:UUP00285:1789197840000,united-utilities:UUP00285,united-utilities,2026-09-12T07:24:00Z,2026-09-12T08:04:00Z,40,hub,2026-09-17T00:49:00Z,2026-09-17T00:49:00Z,true
united-utilities:UUP00286:1788482400000,united-utilities:UUP00286,united-utilities,2026-09-04T00:40:00Z,2026-09-04T03:06:00Z,146,hub,2026-09-17T00:49:00Z,2026-09-17T00:49:00Z,true
united-utilities:UUP00287:1789432800000,united-utilities:UUP00287,united-utilities,2026-09-15T00:40:00Z,2026-09-15T00:48:00Z,8,hub,2026-09-17T00:49:00Z,2026-09-17T00:49:00Z,true
united-utilities:UUP00289:1789418400000,united-utilities:UUP00289,united-utilities,2026-09-14T20:40:00Z,2026-09-14T21:48:00Z,68,hub,2026-09-17T00:49:00Z,2026-09-17T00:49:00Z,true
united-utilities:UUP00290:1789552920000,united-utilities:UUP00290,united-utilities,2026-09-16T10:02:00Z,2026-09-16T10:26:00Z,24,hub,2026-09-17T00:49:00Z,2026-09-17T00:49:00Z,true
united-utilities:UUP00290:1789625520000,united-utilities:UUP00290,united-utilities,2026-09-17T06:12:00Z,2026-09-17T06:34:00Z,22,hub,2026-09-17T11:32:49Z,2026-09-17T11:32:49Z,true
united-utilities:UUP00291:1789463737000,united-utilities:UUP00291,united-utilities,2026-09-15T09:15:37Z,2026-09-15T09:18:18Z,3,hub,2026-09-17T00:49:00Z,2026-09-17T00:49:00Z,true
united-utilities:UUP00291:1789629143000,united-utilities:UUP00291,united-utilities,2026-09-17T07:12:23Z,2026-09-17T08:22:32Z,70,hub,2026-09-17T11:32:49Z,2026-09-17T11:32:49Z,true
united-utilities:UUP00293:1788929280000,united-utilities:UUP00293,united-utilities,2026-09-09T04:48:00Z,2026-09-09T05:18:00Z,30,hub,2026-09-17T00:49:00Z,2026-09-17T00:49:00Z,true
united-utilities:UUP00296:1788506880000,united-utilities:UUP00296,united-utilities,2026-09-04T07:28:00Z,2026-09-04T09:22:00Z,114,hub,2026-09-17T00:49:00Z,2026-09-17T00:49:00Z,true
united-utilities:UUP00297:1789469400000,united-utilities:UUP00297,united-utilities,2026-09-15T10:50:00Z,2026-09-15T10:58:00Z,8,hub,2026-09-17T00:49:00Z,2026-09-17T00:49:00Z,true
united-utilities:UUP00297:1789615800000,united-utilities:UUP00297,united-utilities,2026-09-17T03:30:00Z,2026-09-17T03:40:00Z,10,hub,2026-09-17T13:51:58Z,2026-09-17T13:51:58Z,true
united-utilities:UUP00299:1789449120000,united-utilities:UUP00299,united-utilities,2026-09-15T05:12:00Z,2026-09-15T05:20:00Z,8,hub,2026-09-17T00:49:00Z,2026-09-17T00:49:00Z,true
united-utilities:UUP00301:1789445880000,united-utilities:UUP00301,united-utilities,2026-09-15T04:18:00Z,2026-09-15T04:22:00Z,4,hub,2026-09-17T00:49:00Z,2026-09-17T00:49:00Z,true
united-utilities:UUP00301:1789662240000,united-utilities:UUP00301,united-utilities,2026-09-17T16:24:00Z,2026-09-17T16:44:00Z,20,hub,2026-09-17T19:14:51Z,2026-09-17T19:14:51Z,true
united-utilities:UUP00302:1789239360000,united-utilities:UUP00302,united-utilities,2026-09-12T18:56:00Z,2026-09-12T19:06:00Z,10,hub,2026-09-17T00:49:00Z,2026-09-17T00:49:00Z,true
united-utilities:UUP00303:1789240200000,united-utilities:UUP00303,united-utilities,2026-09-12T19:10:00Z,2026-09-12T19:20:00Z,10,hub,2026-09-17T00:49:00Z,2026-09-17T00:49:00Z,true
united-utilities:UUP00304:1789239206000,united-utilities:UUP00304,united-utilities,2026-09-12T18:53:26Z,2026-09-12T19:57:54Z,64,hub,2026-09-17T00:49:00Z,2026-09-17T00:49:00Z,true
united-utilities:UUP00306:1789385867000,united-utilities:UUP00306,united-utilities,2026-09-14T11:37:47Z,2026-09-14T12:33:37Z,56,hub,2026-09-17T00:49:00Z,2026-09-17T00:49:00Z,true
united-utilities:UUP00306:1789620030000,united-utilities:UUP00306,united-utilities,2026-09-17T04:40:30Z,2026-09-17T04:54:34Z,14,hub,2026-09-17T11:32:49Z,2026-09-17T11:32:49Z,true
united-utilities:UUP00306:1789751464000,united-utilities:UUP00306,united-utilities,2026-09-18T17:11:04Z,2026-09-18T17:23:13Z,12,hub,2026-09-18T17:51:51Z,2026-09-18T18:02:06Z,true
united-utilities:UUP00306:1789755156000,united-utilities:UUP00306,united-utilities,2026-09-18T18:12:36Z,2026-09-18T18:24:55Z,12,hub,2026-09-18T18:42:49Z,2026-09-18T20:21:27Z,true
united-utilities:UUP00309:1789242720000,united-utilities:UUP00309,united-utilities,2026-09-12T19:52:00Z,2026-09-12T19:58:00Z,6,hub,2026-09-17T00:49:00Z,2026-09-17T00:49:00Z,true
united-utilities:UUP00309:1789623720000,united-utilities:UUP00309,united-utilities,2026-09-17T05:42:00Z,2026-09-17T06:18:00Z,36,hub,2026-09-17T11:32:49Z,2026-09-17T11:32:49Z,true
united-utilities:UUP00310:1788285026000,united-utilities:UUP00310,united-utilities,2026-09-01T17:50:26Z,2026-09-01T17:52:28Z,2,hub,2026-09-17T00:49:00Z,2026-09-17T00:49:00Z,true
united-utilities:UUP00315:1789647000000,united-utilities:UUP00315,united-utilities,2026-09-17T12:10:00Z,2026-09-17T12:14:00Z,4,hub,2026-09-18T10:30:40Z,2026-09-18T10:30:40Z,true
united-utilities:UUP00316:1789468920000,united-utilities:UUP00316,united-utilities,2026-09-15T10:42:00Z,2026-09-15T10:46:00Z,4,hub,2026-09-17T00:49:00Z,2026-09-17T00:49:00Z,true
united-utilities:UUP00319:1789449120000,united-utilities:UUP00319,united-utilities,2026-09-15T05:12:00Z,2026-09-15T06:16:00Z,64,hub,2026-09-17T00:49:00Z,2026-09-17T00:49:00Z,true
united-utilities:UUP00319:1789618920000,united-utilities:UUP00319,united-utilities,2026-09-17T04:22:00Z,2026-09-17T04:48:00Z,26,hub,2026-09-17T11:32:49Z,2026-09-17T11:32:49Z,true
united-utilities:UUP00319:1789647600000,united-utilities:UUP00319,united-utilities,2026-09-17T12:20:00Z,2026-09-17T12:34:00Z,14,hub,2026-09-17T13:51:58Z,2026-09-17T13:51:58Z,true
united-utilities:UUP00319:1789746000000,united-utilities:UUP00319,united-utilities,2026-09-18T15:40:00Z,2026-09-18T16:22:00Z,42,hub,2026-09-18T17:51:51Z,2026-09-18T17:51:51Z,true
united-utilities:UUP00320:1789434120000,united-utilities:UUP00320,united-utilities,2026-09-15T01:02:00Z,2026-09-15T01:06:00Z,4,hub,2026-09-17T00:49:00Z,2026-09-17T00:49:00Z,true
united-utilities:UUP00320:1789741200000,united-utilities:UUP00320,united-utilities,2026-09-18T14:32:00Z,2026-09-18T14:36:00Z,4,hub,2026-09-18T14:58:06Z,2026-09-18T15:18:24Z,true
united-utilities:UUP00323:1788487200000,united-utilities:UUP00323,united-utilities,2026-09-04T02:00:00Z,2026-09-04T03:58:00Z,118,hub,2026-09-17T00:49:00Z,2026-09-17T00:49:00Z,true
united-utilities:UUP00324:1789449720000,united-utilities:UUP00324,united-utilities,2026-09-15T05:22:00Z,2026-09-15T06:10:00Z,48,hub,2026-09-17T00:49:00Z,2026-09-17T00:49:00Z,true
united-utilities:UUP00324:1789618440000,united-utilities:UUP00324,united-utilities,2026-09-17T04:14:00Z,2026-09-17T05:22:00Z,68,hub,2026-09-17T11:32:49Z,2026-09-17T11:32:49Z,true
united-utilities:UUP00324:1789748880000,united-utilities:UUP00324,united-utilities,2026-09-18T16:28:00Z,2026-09-18T17:14:00Z,46,hub,2026-09-18T17:51:51Z,2026-09-18T18:02:06Z,true
united-utilities:UUP00324:1789752960000,united-utilities:UUP00324,united-utilities,2026-09-18T17:36:00Z,2026-09-18T18:46:00Z,70,hub,2026-09-18T18:22:27Z,2026-09-18T20:21:27Z,true
united-utilities:UUP00324:1789773840000,united-utilities:UUP00324,united-utilities,2026-09-18T23:24:00Z,2026-09-19T00:32:00Z,68,hub,2026-09-19T00:41:02Z,2026-09-19T01:01:22Z,true
united-utilities:UUP00325:1789200400000,united-utilities:UUP00325,united-utilities,2026-09-12T08:06:40Z,2026-09-12T08:26:30Z,20,hub,2026-09-17T00:49:00Z,2026-09-17T00:49:00Z,true
united-utilities:UUP00326:1789536480000,united-utilities:UUP00326,united-utilities,2026-09-16T05:28:00Z,2026-09-16T05:36:00Z,8,hub,2026-09-17T00:49:00Z,2026-09-17T00:49:00Z,true
united-utilities:UUP00327:1788507240000,united-utilities:UUP00327,united-utilities,2026-09-04T07:34:00Z,2026-09-04T07:38:00Z,4,hub,2026-09-17T00:49:00Z,2026-09-17T00:49:00Z,true
united-utilities:UUP00328:1788485160000,united-utilities:UUP00328,united-utilities,2026-09-04T01:26:00Z,2026-09-04T01:52:00Z,26,hub,2026-09-17T00:49:00Z,2026-09-17T00:49:00Z,true
united-utilities:UUP00332:1788885840000,united-utilities:UUP00332,united-utilities,2026-09-08T16:44:00Z,2026-09-08T16:48:00Z,4,hub,2026-09-17T00:49:00Z,2026-09-17T00:49:00Z,true
united-utilities:UUP00333:1789555920000,united-utilities:UUP00333,united-utilities,2026-09-16T10:52:00Z,2026-09-16T11:12:00Z,20,hub,2026-09-17T00:49:00Z,2026-09-17T00:49:00Z,true
united-utilities:UUP00333:1789619760000,united-utilities:UUP00333,united-utilities,2026-09-17T04:36:00Z,2026-09-17T04:54:00Z,18,hub,2026-09-17T11:32:49Z,2026-09-17T11:32:49Z,true
united-utilities:UUP00333:1789774560000,united-utilities:UUP00333,united-utilities,2026-09-18T23:36:00Z,2026-09-18T23:48:00Z,12,hub,2026-09-19T00:41:02Z,2026-09-19T00:41:02Z,true
united-utilities:UUP00335:1789508428000,united-utilities:UUP00335,united-utilities,2026-09-15T21:40:28Z,2026-09-16T00:18:12Z,158,hub,2026-09-17T00:49:00Z,2026-09-17T00:49:00Z,true
united-utilities:UUP00335:1789627069000,united-utilities:UUP00335,united-utilities,2026-09-17T06:37:49Z,2026-09-17T09:05:37Z,148,hub,2026-09-17T11:32:49Z,2026-09-17T11:32:49Z,true
united-utilities:UUP00335:1789748481000,united-utilities:UUP00335,united-utilities,2026-09-18T16:21:21Z,,,hub,2026-09-18T17:51:51Z,2026-09-18T17:51:51Z,
united-utilities:UUP00336:1789508591000,united-utilities:UUP00336,united-utilities,2026-09-15T21:43:11Z,2026-09-15T22:18:00Z,35,hub,2026-09-17T00:49:00Z,2026-09-17T00:49:00Z,true
united-utilities:UUP00336:1789621800000,united-utilities:UUP00336,united-utilities,2026-09-17T05:10:00Z,2026-09-17T05:28:00Z,18,hub,2026-09-17T11:32:49Z,2026-09-17T11:32:49Z,true
united-utilities:UUP00336:1789741920009,united-utilities:UUP00336,united-utilities,2026-09-18T14:32:00Z,2026-09-18T19:34:00Z,302,hub,2026-09-18T14:58:06Z,2026-09-18T20:21:27Z,true
united-utilities:UUP00337:1789205640000,united-utilities:UUP00337,united-utilities,2026-09-12T09:34:00Z,2026-09-12T09:50:00Z,16,hub,2026-09-17T00:49:00Z,2026-09-17T00:49:00Z,true
united-utilities:UUP00338:1788820080000,united-utilities:UUP00338,united-utilities,2026-09-07T22:28:00Z,2026-09-07T22:38:00Z,10,hub,2026-09-17T00:49:00Z,2026-09-17T00:49:00Z,true
united-utilities:UUP00341:1789240539000,united-utilities:UUP00341,united-utilities,2026-09-12T19:15:39Z,2026-09-12T19:28:31Z,13,hub,2026-09-17T00:49:00Z,2026-09-17T00:49:00Z,true
united-utilities:UUP00342:1788483960000,united-utilities:UUP00342,united-utilities,2026-09-04T01:06:00Z,2026-09-04T01:18:00Z,12,hub,2026-09-17T00:49:00Z,2026-09-17T00:49:00Z,true
united-utilities:UUP00343:1788881400000,united-utilities:UUP00343,united-utilities,2026-09-08T15:30:00Z,2026-09-08T16:04:00Z,34,hub,2026-09-17T00:49:00Z,2026-09-17T00:49:00Z,true
united-utilities:UUP00344:1788814341000,united-utilities:UUP00344,united-utilities,2026-09-07T20:52:21Z,2026-09-07T21:47:21Z,55,hub,2026-09-17T00:49:00Z,2026-09-17T00:49:00Z,true
united-utilities:UUP00345:1788487560000,united-utilities:UUP00345,united-utilities,2026-09-04T02:06:00Z,2026-09-04T02:28:00Z,22,hub,2026-09-17T00:49:00Z,2026-09-17T00:49:00Z,true
united-utilities:UUP00348:1789523833000,united-utilities:UUP00348,united-utilities,2026-09-16T01:57:13Z,2026-09-16T02:14:30Z,17,hub,2026-09-17T00:49:00Z,2026-09-17T00:49:00Z,true
united-utilities:UUP00348:1789606233870,united-utilities:UUP00348,united-utilities,2026-09-17T00:50:33Z,2026-09-17T02:09:08Z,79,hub,2026-09-17T02:08:37Z,2026-09-17T11:32:49Z,true
united-utilities:UUP00348:1789741273820,united-utilities:UUP00348,united-utilities,2026-09-18T14:21:13Z,2026-09-18T15:14:42Z,53,hub,2026-09-18T14:58:06Z,2026-09-18T17:51:51Z,true
united-utilities:UUP00350:1788508505000,united-utilities:UUP00350,united-utilities,2026-09-04T07:55:05Z,2026-09-04T08:58:04Z,63,hub,2026-09-17T00:49:00Z,2026-09-17T00:49:00Z,true
united-utilities:UUP00350:1789613531000,united-utilities:UUP00350,united-utilities,2026-09-17T02:52:11Z,2026-09-17T02:55:43Z,4,hub,2026-09-17T11:32:49Z,2026-09-17T11:32:49Z,true
united-utilities:UUP00351:1789082249000,united-utilities:UUP00351,united-utilities,2026-09-10T23:17:29Z,2026-09-10T23:54:31Z,37,hub,2026-09-17T00:49:00Z,2026-09-17T00:49:00Z,true
united-utilities:UUP00352:1789082567000,united-utilities:UUP00352,united-utilities,2026-09-10T23:22:47Z,2026-09-10T23:32:03Z,9,hub,2026-09-17T00:49:00Z,2026-09-17T00:49:00Z,true
united-utilities:UUP00356:1789470896000,united-utilities:UUP00356,united-utilities,2026-09-15T11:14:56Z,2026-09-15T11:21:11Z,6,hub,2026-09-17T00:49:00Z,2026-09-17T00:49:00Z,true
united-utilities:UUP00356:1789618785000,united-utilities:UUP00356,united-utilities,2026-09-17T04:19:45Z,2026-09-17T04:24:18Z,5,hub,2026-09-17T11:32:49Z,2026-09-17T11:32:49Z,true
united-utilities:UUP00356:1789746207000,united-utilities:UUP00356,united-utilities,2026-09-18T15:43:27Z,2026-09-18T15:48:30Z,5,hub,2026-09-18T17:51:51Z,2026-09-18T17:51:51Z,true
united-utilities:UUP00357:1788883920000,united-utilities:UUP00357,united-utilities,2026-09-08T16:12:00Z,2026-09-08T16:56:00Z,44,hub,2026-09-17T00:49:00Z,2026-09-17T00:49:00Z,true
united-utilities:UUP00357:1789621920000,united-utilities:UUP00357,united-utilities,2026-09-17T05:12:00Z,2026-09-17T05:34:00Z,22,hub,2026-09-17T11:32:49Z,2026-09-17T11:32:49Z,true
united-utilities:UUP00357:1789751640000,united-utilities:UUP00357,united-utilities,2026-09-18T17:14:00Z,2026-09-18T18:30:00Z,76,hub,2026-09-18T20:21:27Z,2026-09-18T20:21:27Z,true
united-utilities:UUP00359:1788485855000,united-utilities:UUP00359,united-utilities,2026-09-04T01:37:35Z,2026-09-04T03:41:01Z,123,hub,2026-09-17T00:49:00Z,2026-09-17T00:49:00Z,true
united-utilities:UUP00360:1788471120000,united-utilities:UUP00360,united-utilities,2026-09-03T21:32:00Z,2026-09-04T01:34:00Z,242,hub,2026-09-17T00:49:00Z,2026-09-17T00:49:00Z,true
united-utilities:UUP00360:1789746120000,united-utilities:UUP00360,united-utilities,2026-09-18T15:42:00Z,2026-09-18T15:52:00Z,10,hub,2026-09-18T17:51:51Z,2026-09-18T17:51:51Z,true
united-utilities:UUP00361:1788486960000,united-utilities:UUP00361,united-utilities,2026-09-04T01:56:00Z,2026-09-04T02:42:00Z,46,hub,2026-09-17T00:49:00Z,2026-09-17T00:49:00Z,true
united-utilities:UUP00363:1788423235000,united-utilities:UUP00363,united-utilities,2026-09-03T08:13:55Z,,,hub,2026-09-17T00:49:00Z,2026-09-17T00:49:00Z,
united-utilities:UUP00364:1789530000000,united-utilities:UUP00364,united-utilities,2026-09-16T03:40:00Z,2026-09-16T04:00:00Z,20,hub,2026-09-17T00:49:00Z,2026-09-17T00:49:00Z,true
united-utilities:UUP00365:1789435555000,united-utilities:UUP00365,united-utilities,2026-09-15T01:25:55Z,2026-09-15T01:45:17Z,19,hub,2026-09-17T00:49:00Z,2026-09-17T00:49:00Z,true
united-utilities:UUP00369:1788886200000,united-utilities:UUP00369,united-utilities,2026-09-08T16:50:00Z,2026-09-08T17:02:00Z,12,hub,2026-09-17T00:49:00Z,2026-09-17T00:49:00Z,true
united-utilities:UUP00373:1788490874000,united-utilities:UUP00373,united-utilities,2026-09-04T03:01:14Z,2026-09-04T11:17:29Z,496,hub,2026-09-17T00:49:00Z,2026-09-17T00:49:00Z,true
united-utilities:UUP00374:1788493044000,united-utilities:UUP00374,united-utilities,2026-09-04T03:37:24Z,2026-09-04T06:55:27Z,198,hub,2026-09-17T00:49:00Z,2026-09-17T00:49:00Z,true
united-utilities:UUP00377:1789447313000,united-utilities:UUP00377,united-utilities,2026-09-15T04:41:53Z,2026-09-15T04:51:58Z,10,hub,2026-09-17T00:49:00Z,2026-09-17T00:49:00Z,true
united-utilities:UUP00377:1789615649000,united-utilities:UUP00377,united-utilities,2026-09-17T03:27:29Z,2026-09-17T04:06:11Z,39,hub,2026-09-17T11:32:49Z,2026-09-17T11:32:49Z,true
united-utilities:UUP00377:1789748355000,united-utilities:UUP00377,united-utilities,2026-09-18T16:19:15Z,2026-09-18T16:56:20Z,37,hub,2026-09-18T17:51:51Z,2026-09-18T17:51:51Z,true
united-utilities:UUP00377:1789753160000,united-utilities:UUP00377,united-utilities,2026-09-18T17:39:20Z,2026-09-18T17:45:53Z,7,hub,2026-09-18T18:22:27Z,2026-09-18T18:22:27Z,true
united-utilities:UUP00378:1788817680000,united-utilities:UUP00378,united-utilities,2026-09-07T21:48:00Z,2026-09-07T21:54:00Z,6,hub,2026-09-17T00:49:00Z,2026-09-17T00:49:00Z,true
united-utilities:UUP00379:1789450560000,united-utilities:UUP00379,united-utilities,2026-09-15T05:36:00Z,2026-09-15T05:40:00Z,4,hub,2026-09-17T00:49:00Z,2026-09-17T00:49:00Z,true
united-utilities:UUP00379:1789619040000,united-utilities:UUP00379,united-utilities,2026-09-17T04:24:00Z,2026-09-17T04:28:00Z,4,hub,2026-09-17T11:32:49Z,2026-09-17T11:32:49Z,true
united-utilities:UUP00380:1788883143000,united-utilities:UUP00380,united-utilities,2026-09-08T15:59:03Z,2026-09-08T16:03:27Z,4,hub,2026-09-17T00:49:00Z,2026-09-17T00:49:00Z,true
united-utilities:UUP00383:1789454099000,united-utilities:UUP00383,united-utilities,2026-09-15T06:34:59Z,2026-09-15T07:18:27Z,43,hub,2026-09-17T00:49:00Z,2026-09-17T00:49:00Z,true
united-utilities:UUP00384:1788903391000,united-utilities:UUP00384,united-utilities,2026-09-08T21:36:31Z,2026-09-18T18:34:49Z,14218,hub,2026-09-17T00:49:00Z,2026-09-17T00:49:00Z,false
united-utilities:UUP00384:1789756489000,united-utilities:UUP00384,united-utilities,2026-09-18T18:34:49Z,,,hub,2026-09-18T20:21:27Z,2026-09-18T20:21:27Z,
united-utilities:UUP00386:1789239960000,united-utilities:UUP00386,united-utilities,2026-09-12T19:06:00Z,2026-09-12T19:10:00Z,4,hub,2026-09-17T00:49:00Z,2026-09-17T00:49:00Z,true
united-utilities:UUP00389:1789196520000,united-utilities:UUP00389,united-utilities,2026-09-12T07:02:00Z,2026-09-12T08:46:00Z,104,hub,2026-09-17T00:49:00Z,2026-09-17T00:49:00Z,true
united-utilities:UUP00389:1789613160000,united-utilities:UUP00389,united-utilities,2026-09-17T02:46:00Z,2026-09-17T04:10:00Z,84,hub,2026-09-17T11:32:49Z,2026-09-17T11:32:49Z,true
united-utilities:UUP00390:1789195871000,united-utilities:UUP00390,united-utilities,2026-09-12T06:51:11Z,2026-09-12T08:40:34Z,109,hub,2026-09-17T00:49:00Z,2026-09-17T00:49:00Z,true
united-utilities:UUP00391:1789447080000,united-utilities:UUP00391,united-utilities,2026-09-15T04:38:00Z,2026-09-15T04:46:00Z,8,hub,2026-09-17T00:49:00Z,2026-09-17T00:49:00Z,true
united-utilities:UUP00391:1789745280000,united-utilities:UUP00391,united-utilities,2026-09-18T15:28:00Z,2026-09-18T17:24:00Z,116,hub,2026-09-18T17:51:51Z,2026-09-18T17:51:51Z,false
united-utilities:UUP00391:1789752240000,united-utilities:UUP00391,united-utilities,2026-09-18T17:24:00Z,2026-09-18T17:34:00Z,10,hub,2026-09-18T18:02:06Z,2026-09-18T18:02:06Z,true
united-utilities:UUP00391:1789753200000,united-utilities:UUP00391,united-utilities,2026-09-18T17:40:00Z,2026-09-18T17:50:00Z,10,hub,2026-09-18T18:22:27Z,2026-09-18T18:22:27Z,true
united-utilities:UUP00391:1789754400000,united-utilities:UUP00391,united-utilities,2026-09-18T18:00:00Z,2026-09-18T18:18:00Z,18,hub,2026-09-18T18:42:49Z,2026-09-18T18:42:49Z,false
united-utilities:UUP00391:1789755480000,united-utilities:UUP00391,united-utilities,2026-09-18T18:18:00Z,2026-09-18T18:24:00Z,6,hub,2026-09-18T20:21:27Z,2026-09-18T20:21:27Z,true
united-utilities:UUP00398:1789449960000,united-utilities:UUP00398,united-utilities,2026-09-15T05:26:00Z,2026-09-15T06:30:00Z,64,hub,2026-09-17T00:49:00Z,2026-09-17T00:49:00Z,true
united-utilities:UUP00398:1789616640000,united-utilities:UUP00398,united-utilities,2026-09-17T03:44:00Z,2026-09-17T05:32:00Z,108,hub,2026-09-17T11:32:49Z,2026-09-17T11:32:49Z,true
united-utilities:UUP00398:1789744680000,united-utilities:UUP00398,united-utilities,2026-09-18T15:18:00Z,2026-09-18T19:00:00Z,222,hub,2026-09-18T17:51:51Z,2026-09-18T20:21:27Z,true
united-utilities:UUP00398:1789774200000,united-utilities:UUP00398,united-utilities,2026-09-18T23:30:00Z,2026-09-19T00:00:00Z,30,hub,2026-09-19T00:41:02Z,2026-09-19T00:51:12Z,true
united-utilities:UUP00399:1789088400000,united-utilities:UUP00399,united-utilities,2026-09-11T01:00:00Z,2026-09-11T01:10:00Z,10,hub,2026-09-17T00:49:00Z,2026-09-17T00:49:00Z,true
united-utilities:UUP00400:1788813840000,united-utilities:UUP00400,united-utilities,2026-09-07T20:44:00Z,2026-09-07T20:48:00Z,4,hub,2026-09-17T00:49:00Z,2026-09-17T00:49:00Z,true
united-utilities:UUP00402:1789436520000,united-utilities:UUP00402,united-utilities,2026-09-15T01:42:00Z,2026-09-15T03:26:00Z,104,hub,2026-09-17T00:49:00Z,2026-09-17T00:49:00Z,true
united-utilities:UUP00402:1789743600000,united-utilities:UUP00402,united-utilities,2026-09-18T15:00:00Z,2026-09-18T15:56:00Z,56,hub,2026-09-18T17:51:51Z,2026-09-18T17:51:51Z,true
united-utilities:UUP00403:1789445760000,united-utilities:UUP00403,united-utilities,2026-09-15T04:16:00Z,2026-09-15T05:02:00Z,46,hub,2026-09-17T00:49:00Z,2026-09-17T00:49:00Z,true
united-utilities:UUP00403:1789614120000,united-utilities:UUP00403,united-utilities,2026-09-17T03:02:00Z,2026-09-17T03:16:00Z,14,hub,2026-09-17T11:32:49Z,2026-09-17T11:32:49Z,true
united-utilities:UUP00405:1789435524000,united-utilities:UUP00405,united-utilities,2026-09-15T01:25:24Z,2026-09-15T02:27:34Z,62,hub,2026-09-17T00:49:00Z,2026-09-17T00:49:00Z,true
united-utilities:UUP00407:1789450320000,united-utilities:UUP00407,united-utilities,2026-09-15T05:32:00Z,2026-09-15T05:44:00Z,12,hub,2026-09-17T00:49:00Z,2026-09-17T00:49:00Z,true
united-utilities:UUP00407:1789618440000,united-utilities:UUP00407,united-utilities,2026-09-17T04:14:00Z,2026-09-17T04:30:00Z,16,hub,2026-09-17T11:32:49Z,2026-09-17T11:32:49Z,true
united-utilities:UUP00408:1788506156000,united-utilities:UUP00408,united-utilities,2026-09-04T07:15:56Z,2026-09-04T08:54:55Z,99,hub,2026-09-17T00:49:00Z,2026-09-17T00:49:00Z,true
united-utilities:UUP00409:1788814200000,united-utilities:UUP00409,united-utilities,2026-09-07T20:50:00Z,2026-09-07T21:48:00Z,58,hub,2026-09-17T00:49:00Z,2026-09-17T00:49:00Z,true
united-utilities:UUP00409:1789620000000,united-utilities:UUP00409,united-utilities,2026-09-17T04:40:00Z,2026-09-17T04:56:00Z,16,hub,2026-09-17T11:32:49Z,2026-09-17T11:32:49Z,true
united-utilities:UUP00410:1788885360000,united-utilities:UUP00410,united-utilities,2026-09-08T16:36:00Z,2026-09-08T16:50:00Z,14,hub,2026-09-17T00:49:00Z,2026-09-17T00:49:00Z,true
united-utilities:UUP00411:1789244400000,united-utilities:UUP00411,united-utilities,2026-09-12T20:20:00Z,2026-09-12T20:36:00Z,16,hub,2026-09-17T00:49:00Z,2026-09-17T00:49:00Z,true
united-utilities:UUP00411:1789626240000,united-utilities:UUP00411,united-utilities,2026-09-17T06:24:00Z,2026-09-17T06:38:00Z,14,hub,2026-09-17T11:32:49Z,2026-09-17T11:32:49Z,true
united-utilities:UUP00413:1789446082000,united-utilities:UUP00413,united-utilities,2026-09-15T04:21:22Z,2026-09-15T04:58:36Z,37,hub,2026-09-18T05:53:28Z,2026-09-18T05:53:28Z,true
united-utilities:UUP00413:1789449682000,united-utilities:UUP00413,united-utilities,2026-09-15T05:21:22Z,,,hub,2026-09-17T00:49:00Z,2026-09-17T00:49:00Z,
united-utilities:UUP00415:1788479906000,united-utilities:UUP00415,united-utilities,2026-09-03T23:58:26Z,2026-09-04T01:17:17Z,79,hub,2026-09-17T00:49:00Z,2026-09-17T00:49:00Z,true
united-utilities:UUP00425:1789453320000,united-utilities:UUP00425,united-utilities,2026-09-15T06:22:00Z,2026-09-15T06:38:00Z,16,hub,2026-09-17T00:49:00Z,2026-09-17T00:49:00Z,true
united-utilities:UUP00425:1789748280000,united-utilities:UUP00425,united-utilities,2026-09-18T16:18:00Z,2026-09-18T18:22:00Z,124,hub,2026-09-18T17:51:51Z,2026-09-18T20:21:27Z,true
united-utilities:UUP00426:1788888095000,united-utilities:UUP00426,united-utilities,2026-09-08T17:21:35Z,2026-09-08T20:13:53Z,172,hub,2026-09-17T00:49:00Z,2026-09-17T00:49:00Z,true
united-utilities:UUP00426:1789756450000,united-utilities:UUP00426,united-utilities,2026-09-18T18:34:10Z,2026-09-18T22:44:45Z,251,hub,2026-09-18T20:21:27Z,2026-09-18T23:24:25Z,true
united-utilities:UUP00426:1789778234000,united-utilities:UUP00426,united-utilities,2026-09-19T00:37:14Z,,,hub,2026-09-19T01:01:22Z,2026-09-19T01:01:22Z,
united-utilities:UUP00427:1789197035000,united-utilities:UUP00427,united-utilities,2026-09-12T07:10:35Z,2026-09-12T11:55:06Z,285,hub,2026-09-17T00:49:00Z,2026-09-17T00:49:00Z,true
united-utilities:UUP00427:1789613954000,united-utilities:UUP00427,united-utilities,2026-09-17T02:59:14Z,2026-09-17T05:34:50Z,156,hub,2026-09-17T11:32:49Z,2026-09-17T11:32:49Z,true
united-utilities:UUP00427:1789743449000,united-utilities:UUP00427,united-utilities,2026-09-18T14:57:29Z,2026-09-18T20:22:01Z,325,hub,2026-09-18T17:51:51Z,2026-09-18T21:02:08Z,true
united-utilities:UUP00428:1788476040000,united-utilities:UUP00428,united-utilities,2026-09-03T22:54:00Z,2026-09-04T04:54:00Z,360,hub,2026-09-17T00:49:00Z,2026-09-17T00:49:00Z,true
united-utilities:UUP00428:1789745640000,united-utilities:UUP00428,united-utilities,2026-09-18T15:34:00Z,2026-09-18T16:52:00Z,78,hub,2026-09-18T18:22:27Z,2026-09-18T18:22:27Z,true
united-utilities:UUP00431:1788814605000,united-utilities:UUP00431,united-utilities,2026-09-07T20:56:45Z,2026-09-07T22:33:20Z,97,hub,2026-09-17T00:49:00Z,2026-09-17T00:49:00Z,true
united-utilities:UUP00433:1789200960000,united-utilities:UUP00433,united-utilities,2026-09-12T08:16:00Z,2026-09-12T09:06:00Z,50,hub,2026-09-17T00:49:00Z,2026-09-17T00:49:00Z,true
united-utilities:UUP00433:1789743960000,united-utilities:UUP00433,united-utilities,2026-09-18T15:06:00Z,2026-09-18T18:58:00Z,232,hub,2026-09-18T17:51:51Z,2026-09-18T17:51:51Z,false
united-utilities:UUP00433:1789757880000,united-utilities:UUP00433,united-utilities,2026-09-18T18:58:00Z,2026-09-18T19:18:00Z,20,hub,2026-09-18T20:21:27Z,2026-09-18T20:21:27Z,true
united-utilities:UUP00433:1789761240000,united-utilities:UUP00433,united-utilities,2026-09-18T19:54:00Z,2026-09-18T20:14:00Z,20,hub,2026-09-18T20:41:44Z,2026-09-18T21:02:08Z,true
united-utilities:UUP00433:1789767720000,united-utilities:UUP00433,united-utilities,2026-09-18T21:42:00Z,2026-09-18T21:48:00Z,6,hub,2026-09-18T22:43:41Z,2026-09-18T22:43:41Z,true
united-utilities:UUP00435:1789448640000,united-utilities:UUP00435,united-utilities,2026-09-15T05:04:00Z,2026-09-15T05:32:00Z,28,hub,2026-09-17T00:49:00Z,2026-09-17T00:49:00Z,true
united-utilities:UUP00435:1789617600000,united-utilities:UUP00435,united-utilities,2026-09-17T04:00:00Z,2026-09-17T04:16:00Z,16,hub,2026-09-17T11:32:49Z,2026-09-17T11:32:49Z,true
united-utilities:UUP00435:1789745040000,united-utilities:UUP00435,united-utilities,2026-09-18T15:24:00Z,2026-09-18T15:48:00Z,24,hub,2026-09-18T17:51:51Z,2026-09-18T17:51:51Z,true
united-utilities:UUP00435:1789773120000,united-utilities:UUP00435,united-utilities,2026-09-18T23:12:00Z,2026-09-18T23:16:00Z,4,hub,2026-09-19T00:41:02Z,2026-09-19T00:41:02Z,true
united-utilities:UUP00436:1788817158000,united-utilities:UUP00436,united-utilities,2026-09-07T21:39:18Z,2026-09-07T21:54:36Z,15,hub,2026-09-17T00:49:00Z,2026-09-17T00:49:00Z,true
united-utilities:UUP00438:1788512274000,united-utilities:UUP00438,united-utilities,2026-09-04T08:57:54Z,2026-09-04T09:17:37Z,20,hub,2026-09-17T00:49:00Z,2026-09-17T00:49:00Z,true
united-utilities:UUP00439:1788482640000,united-utilities:UUP00439,united-utilities,2026-09-04T00:44:00Z,2026-09-04T02:28:00Z,104,hub,2026-09-17T00:49:00Z,2026-09-17T00:49:00Z,true
united-utilities:UUP00439:1789622880000,united-utilities:UUP00439,united-utilities,2026-09-17T05:28:00Z,2026-09-17T06:06:00Z,38,hub,2026-09-17T11:32:49Z,2026-09-17T11:32:49Z,true
united-utilities:UUP00443:1788810480000,united-utilities:UUP00443,united-utilities,2026-09-07T19:48:00Z,2026-09-07T20:04:00Z,16,hub,2026-09-17T00:49:00Z,2026-09-17T00:49:00Z,true
united-utilities:UUP00443:1789619040000,united-utilities:UUP00443,united-utilities,2026-09-17T04:24:00Z,2026-09-17T04:30:00Z,6,hub,2026-09-17T11:32:49Z,2026-09-17T11:32:49Z,true
united-utilities:UUP00444:1789449120000,united-utilities:UUP00444,united-utilities,2026-09-15T05:12:00Z,2026-09-15T05:28:00Z,16,hub,2026-09-17T00:49:00Z,2026-09-17T00:49:00Z,true
united-utilities:UUP00444:1789618200000,united-utilities:UUP00444,united-utilities,2026-09-17T04:10:00Z,2026-09-17T04:26:00Z,16,hub,2026-09-17T11:32:49Z,2026-09-17T11:32:49Z,true
united-utilities:UUP00444:1789768320000,united-utilities:UUP00444,united-utilities,2026-09-18T21:52:00Z,2026-09-18T21:56:00Z,4,hub,2026-09-18T22:43:41Z,2026-09-18T22:43:41Z,true
united-utilities:UUP00444:1789773120000,united-utilities:UUP00444,united-utilities,2026-09-18T23:12:00Z,2026-09-18T23:30:00Z,18,hub,2026-09-19T00:41:02Z,2026-09-19T00:41:02Z,true
united-utilities:UUP00446:1788804600000,united-utilities:UUP00446,united-utilities,2026-09-07T18:10:00Z,2026-09-07T18:30:00Z,20,hub,2026-09-17T00:49:00Z,2026-09-17T00:49:00Z,true
united-utilities:UUP00447:1789555515000,united-utilities:UUP00447,united-utilities,2026-09-16T10:45:15Z,2026-09-16T11:55:14Z,70,hub,2026-09-17T00:49:00Z,2026-09-17T00:49:00Z,true
united-utilities:UUP00447:1789627690000,united-utilities:UUP00447,united-utilities,2026-09-17T06:48:10Z,2026-09-17T08:27:53Z,100,hub,2026-09-17T11:32:49Z,2026-09-17T11:32:49Z,true
united-utilities:UUP00447:1789749651000,united-utilities:UUP00447,united-utilities,2026-09-18T16:40:51Z,2026-09-18T17:40:43Z,60,hub,2026-09-18T17:51:51Z,2026-09-18T18:22:27Z,true
united-utilities:UUP00449:1789088400000,united-utilities:UUP00449,united-utilities,2026-09-11T01:00:00Z,2026-09-11T01:16:00Z,16,hub,2026-09-17T00:49:00Z,2026-09-17T00:49:00Z,true
united-utilities:UUP00450:1789216200000,united-utilities:UUP00450,united-utilities,2026-09-12T12:30:00Z,2026-09-12T12:34:00Z,4,hub,2026-09-17T00:49:00Z,2026-09-17T00:49:00Z,true
united-utilities:UUP00454:1788825360000,united-utilities:UUP00454,united-utilities,2026-09-07T23:56:00Z,2026-09-08T03:10:00Z,194,hub,2026-09-17T00:49:00Z,2026-09-17T00:49:00Z,true
united-utilities:UUP00454:1789618320000,united-utilities:UUP00454,united-utilities,2026-09-17T04:12:00Z,2026-09-17T04:46:00Z,34,hub,2026-09-17T11:32:49Z,2026-09-17T11:32:49Z,true
united-utilities:UUP00454:1789747680000,united-utilities:UUP00454,united-utilities,2026-09-18T16:08:00Z,2026-09-18T21:22:00Z,314,hub,2026-09-18T17:51:51Z,2026-09-18T17:51:51Z,false
united-utilities:UUP00454:1789766520000,united-utilities:UUP00454,united-utilities,2026-09-18T21:22:00Z,2026-09-18T23:20:00Z,118,hub,2026-09-19T00:41:02Z,2026-09-19T00:41:02Z,true
united-utilities:UUP00455:1788487695000,united-utilities:UUP00455,united-utilities,2026-09-04T02:08:15Z,2026-09-04T02:38:43Z,30,hub,2026-09-17T00:49:00Z,2026-09-17T00:49:00Z,true
united-utilities:UUP00456:1789239600000,united-utilities:UUP00456,united-utilities,2026-09-12T19:00:00Z,2026-09-12T20:18:00Z,78,hub,2026-09-17T00:49:00Z,2026-09-17T00:49:00Z,true
united-utilities:UUP00457:1789088501000,united-utilities:UUP00457,united-utilities,2026-09-11T01:01:41Z,2026-09-11T01:04:23Z,3,hub,2026-09-17T00:49:00Z,2026-09-17T00:49:00Z,true
united-utilities:UUP00458:1789549080000,united-utilities:UUP00458,united-utilities,2026-09-16T08:58:00Z,2026-09-16T09:04:00Z,6,hub,2026-09-17T00:49:00Z,2026-09-17T00:49:00Z,true
united-utilities:UUP00458:1789618560000,united-utilities:UUP00458,united-utilities,2026-09-17T04:16:00Z,2026-09-17T04:22:00Z,6,hub,2026-09-17T11:32:49Z,2026-09-17T11:32:49Z,true
united-utilities:UUP00459:1788485040000,united-utilities:UUP00459,united-utilities,2026-09-04T01:24:00Z,2026-09-04T02:32:00Z,68,hub,2026-09-17T00:49:00Z,2026-09-17T00:49:00Z,true
united-utilities:UUP00464:1789153080000,united-utilities:UUP00464,united-utilities,2026-09-11T18:58:00Z,2026-09-11T19:02:00Z,4,hub,2026-09-17T00:49:00Z,2026-09-17T00:49:00Z,true
united-utilities:UUP00465:1788815400000,united-utilities:UUP00465,united-utilities,2026-09-07T21:10:00Z,2026-09-07T21:24:00Z,14,hub,2026-09-17T00:49:00Z,2026-09-17T00:49:00Z,true
united-utilities:UUP00466:1788463320000,united-utilities:UUP00466,united-utilities,2026-09-03T19:22:00Z,2026-09-03T19:38:00Z,16,hub,2026-09-17T00:49:00Z,2026-09-17T00:49:00Z,true
united-utilities:UUP00467:1788507960000,united-utilities:UUP00467,united-utilities,2026-09-04T07:46:00Z,2026-09-04T07:50:00Z,4,hub,2026-09-17T00:49:00Z,2026-09-17T00:49:00Z,true
united-utilities:UUP00468:1788887160000,united-utilities:UUP00468,united-utilities,2026-09-08T17:06:00Z,2026-09-08T17:10:00Z,4,hub,2026-09-17T00:49:00Z,2026-09-17T00:49:00Z,true
united-utilities:UUP00468:1789747788000,united-utilities:UUP00468,united-utilities,2026-09-18T16:09:48Z,2026-09-18T17:10:38Z,61,hub,2026-09-18T17:51:51Z,2026-09-18T17:51:51Z,true
united-utilities:UUP00469:1788815760000,united-utilities:UUP00469,united-utilities,2026-09-07T21:16:00Z,2026-09-07T21:20:00Z,4,hub,2026-09-17T00:49:00Z,2026-09-17T00:49:00Z,true
united-utilities:UUP00470:1788882000000,united-utilities:UUP00470,united-utilities,2026-09-08T15:40:00Z,2026-09-08T15:46:00Z,6,hub,2026-09-17T00:49:00Z,2026-09-17T00:49:00Z,true
united-utilities:UUP00471:1788827280000,united-utilities:UUP00471,united-utilities,2026-09-08T00:28:00Z,2026-09-08T00:38:00Z,10,hub,2026-09-17T00:49:00Z,2026-09-17T00:49:00Z,true
united-utilities:UUP00472:1789469520000,united-utilities:UUP00472,united-utilities,2026-09-15T10:52:00Z,2026-09-15T11:18:00Z,26,hub,2026-09-17T00:49:00Z,2026-09-17T00:49:00Z,true
united-utilities:UUP00472:1789615680000,united-utilities:UUP00472,united-utilities,2026-09-17T03:28:00Z,2026-09-17T05:22:00Z,114,hub,2026-09-17T11:32:49Z,2026-09-17T11:32:49Z,true
united-utilities:UUP00472:1789647000000,united-utilities:UUP00472,united-utilities,2026-09-17T12:10:00Z,2026-09-17T12:36:00Z,26,hub,2026-09-17T13:51:58Z,2026-09-17T13:51:58Z,true
united-utilities:UUP00472:1789669440000,united-utilities:UUP00472,united-utilities,2026-09-17T18:24:00Z,2026-09-17T18:48:00Z,24,hub,2026-09-17T22:13:42Z,2026-09-17T22:13:42Z,true
united-utilities:UUP00472:1789757520000,united-utilities:UUP00472,united-utilities,2026-09-18T18:52:00Z,2026-09-18T18:56:00Z,4,hub,2026-09-18T22:43:41Z,2026-09-18T22:43:41Z,true
united-utilities:UUP00473:1789469880000,united-utilities:UUP00473,united-utilities,2026-09-15T10:58:00Z,2026-09-15T11:08:00Z,10,hub,2026-09-17T00:49:00Z,2026-09-17T00:49:00Z,true
united-utilities:UUP00473:1789618560000,united-utilities:UUP00473,united-utilities,2026-09-17T04:16:00Z,2026-09-17T04:42:00Z,26,hub,2026-09-17T11:32:49Z,2026-09-17T11:32:49Z,true
united-utilities:UUP00473:1789647120000,united-utilities:UUP00473,united-utilities,2026-09-17T12:12:00Z,2026-09-17T12:28:00Z,16,hub,2026-09-17T13:51:58Z,2026-09-17T13:51:58Z,true
united-utilities:UUP00473:1789745280000,united-utilities:UUP00473,united-utilities,2026-09-18T15:28:00Z,2026-09-18T16:14:00Z,46,hub,2026-09-18T17:51:51Z,2026-09-18T17:51:51Z,true
united-utilities:UUP00474:1789469400000,united-utilities:UUP00474,united-utilities,2026-09-15T10:50:00Z,2026-09-15T10:54:00Z,4,hub,2026-09-17T00:49:00Z,2026-09-17T00:49:00Z,true
united-utilities:UUP00474:1789618440000,united-utilities:UUP00474,united-utilities,2026-09-17T04:14:00Z,2026-09-17T04:26:00Z,12,hub,2026-09-17T11:32:49Z,2026-09-17T11:32:49Z,true
united-utilities:UUP00474:1789746240000,united-utilities:UUP00474,united-utilities,2026-09-18T15:44:00Z,2026-09-18T15:50:00Z,6,hub,2026-09-18T17:51:51Z,2026-09-18T17:51:51Z,true
united-utilities:UUP00475:1788887827000,united-utilities:UUP00475,united-utilities,2026-09-08T17:17:07Z,2026-09-08T19:23:55Z,127,hub,2026-09-17T00:49:00Z,2026-09-17T00:49:00Z,true
united-utilities:UUP00477:1788484920000,united-utilities:UUP00477,united-utilities,2026-09-04T01:22:00Z,2026-09-04T01:46:00Z,24,hub,2026-09-17T00:49:00Z,2026-09-17T00:49:00Z,true
united-utilities:UUP00478:1788816480000,united-utilities:UUP00478,united-utilities,2026-09-07T21:28:00Z,2026-09-07T21:34:00Z,6,hub,2026-09-17T00:49:00Z,2026-09-17T00:49:00Z,true
united-utilities:UUP00479:1788827760000,united-utilities:UUP00479,united-utilities,2026-09-08T00:36:00Z,2026-09-08T00:42:00Z,6,hub,2026-09-17T00:49:00Z,2026-09-17T00:49:00Z,true
united-utilities:UUP00480:1788933308000,united-utilities:UUP00480,united-utilities,2026-09-09T05:55:08Z,2026-09-09T06:46:03Z,51,hub,2026-09-17T00:49:00Z,2026-09-17T00:49:00Z,true
united-utilities:UUP00480:1789745722000,united-utilities:UUP00480,united-utilities,2026-09-18T15:35:22Z,2026-09-18T17:19:15Z,104,hub,2026-09-18T17:51:51Z,2026-09-18T18:02:06Z,true
united-utilities:UUP00481:1788506640000,united-utilities:UUP00481,united-utilities,2026-09-04T07:24:00Z,2026-09-04T08:38:00Z,74,hub,2026-09-17T00:49:00Z,2026-09-17T00:49:00Z,true
united-utilities:UUP00485:1789412521000,united-utilities:UUP00485,united-utilities,2026-09-14T19:02:01Z,2026-09-14T19:15:16Z,13,hub,2026-09-17T00:49:00Z,2026-09-17T00:49:00Z,true
united-utilities:UUP00486:1788818400000,united-utilities:UUP00486,united-utilities,2026-09-07T22:00:00Z,2026-09-07T22:16:00Z,16,hub,2026-09-17T00:49:00Z,2026-09-17T00:49:00Z,true
united-utilities:UUP00488:1788884880000,united-utilities:UUP00488,united-utilities,2026-09-08T16:28:00Z,2026-09-08T16:36:00Z,8,hub,2026-09-17T00:49:00Z,2026-09-17T00:49:00Z,true
united-utilities:UUP00489:1788881520000,united-utilities:UUP00489,united-utilities,2026-09-08T15:32:00Z,2026-09-08T15:50:00Z,18,hub,2026-09-17T00:49:00Z,2026-09-17T00:49:00Z,true
united-utilities:UUP00490:1788484800000,united-utilities:UUP00490,united-utilities,2026-09-04T01:20:00Z,2026-09-04T03:04:00Z,104,hub,2026-09-17T00:49:00Z,2026-09-17T00:49:00Z,true
united-utilities:UUP00491:1788821040000,united-utilities:UUP00491,united-utilities,2026-09-07T22:44:00Z,2026-09-07T23:18:00Z,34,hub,2026-09-17T00:49:00Z,2026-09-17T00:49:00Z,true
united-utilities:UUP00494:1788885720000,united-utilities:UUP00494,united-utilities,2026-09-08T16:42:00Z,2026-09-08T17:00:00Z,18,hub,2026-09-17T00:49:00Z,2026-09-17T00:49:00Z,true
united-utilities:UUP00494:1789619400000,united-utilities:UUP00494,united-utilities,2026-09-17T04:30:00Z,2026-09-17T04:46:00Z,16,hub,2026-09-17T11:32:49Z,2026-09-17T11:32:49Z,true
united-utilities:UUP00495:1788478560000,united-utilities:UUP00495,united-utilities,2026-09-03T23:36:00Z,2026-09-04T09:52:00Z,616,hub,2026-09-17T00:49:00Z,2026-09-17T00:49:00Z,true
united-utilities:UUP00496:1789449360000,united-utilities:UUP00496,united-utilities,2026-09-15T05:16:00Z,2026-09-15T05:34:00Z,18,hub,2026-09-17T00:49:00Z,2026-09-17T00:49:00Z,true
united-utilities:UUP00496:1789618680000,united-utilities:UUP00496,united-utilities,2026-09-17T04:18:00Z,2026-09-17T04:42:00Z,24,hub,2026-09-17T11:32:49Z,2026-09-17T11:32:49Z,true
united-utilities:UUP00498:1789196016000,united-utilities:UUP00498,united-utilities,2026-09-12T06:53:36Z,2026-09-12T07:04:47Z,11,hub,2026-09-17T00:49:00Z,2026-09-17T00:49:00Z,true
united-utilities:UUP00499:1789469860000,united-utilities:UUP00499,united-utilities,2026-09-15T10:57:40Z,2026-09-15T11:18:15Z,21,hub,2026-09-17T00:49:00Z,2026-09-17T00:49:00Z,true
united-utilities:UUP00500:1789087200000,united-utilities:UUP00500,united-utilities,2026-09-11T00:40:00Z,2026-09-11T00:44:00Z,4,hub,2026-09-17T00:49:00Z,2026-09-17T00:49:00Z,true
united-utilities:UUP00502:1788818280000,united-utilities:UUP00502,united-utilities,2026-09-07T21:58:00Z,2026-09-07T22:02:00Z,4,hub,2026-09-17T00:49:00Z,2026-09-17T00:49:00Z,true
united-utilities:UUP00504:1788831720000,united-utilities:UUP00504,united-utilities,2026-09-08T01:42:00Z,2026-09-08T02:44:00Z,62,hub,2026-09-17T00:49:00Z,2026-09-17T00:49:00Z,true
united-utilities:UUP00506:1789453198000,united-utilities:UUP00506,united-utilities,2026-09-15T06:19:58Z,2026-09-15T07:19:03Z,59,hub,2026-09-17T00:49:00Z,2026-09-17T00:49:00Z,true
united-utilities:UUP00506:1789621395000,united-utilities:UUP00506,united-utilities,2026-09-17T05:03:15Z,2026-09-17T06:09:39Z,66,hub,2026-09-17T11:32:49Z,2026-09-17T11:32:49Z,true
united-utilities:UUP00506:1789757046000,united-utilities:UUP00506,united-utilities,2026-09-18T18:44:06Z,2026-09-18T19:20:26Z,36,hub,2026-09-18T20:21:27Z,2026-09-18T20:21:27Z,true
united-utilities:UUP00507:1788804077000,united-utilities:UUP00507,united-utilities,2026-09-07T18:01:17Z,2026-09-07T18:09:48Z,9,hub,2026-09-17T00:49:00Z,2026-09-17T00:49:00Z,true
united-utilities:UUP00509:1788821160000,united-utilities:UUP00509,united-utilities,2026-09-07T22:46:00Z,2026-09-07T22:56:00Z,10,hub,2026-09-17T00:49:00Z,2026-09-17T00:49:00Z,true
united-utilities:UUP00510:1788825240000,united-utilities:UUP00510,united-utilities,2026-09-07T23:54:00Z,2026-09-08T02:02:00Z,128,hub,2026-09-17T00:49:00Z,2026-09-17T00:49:00Z,true
united-utilities:UUP00510:1789617360000,united-utilities:UUP00510,united-utilities,2026-09-17T03:56:00Z,2026-09-17T04:48:00Z,52,hub,2026-09-17T11:32:49Z,2026-09-17T11:32:49Z,true
united-utilities:UUP00510:1789750200000,united-utilities:UUP00510,united-utilities,2026-09-18T16:50:00Z,2026-09-18T18:50:00Z,120,hub,2026-09-18T17:51:51Z,2026-09-18T20:21:27Z,true
united-utilities:UUP00511:1789211898000,united-utilities:UUP00511,united-utilities,2026-09-12T11:18:18Z,2026-09-12T13:02:51Z,105,hub,2026-09-17T00:49:00Z,2026-09-17T00:49:00Z,true
united-utilities:UUP00511:1789620038000,united-utilities:UUP00511,united-utilities,2026-09-17T04:40:38Z,2026-09-17T08:32:54Z,232,hub,2026-09-17T11:32:49Z,2026-09-17T11:32:49Z,true
united-utilities:UUP00511:1789747248000,united-utilities:UUP00511,united-utilities,2026-09-18T16:00:48Z,,,hub,2026-09-18T17:51:51Z,2026-09-18T17:51:51Z,
united-utilities:UUP00512:1788505440000,united-utilities:UUP00512,united-utilities,2026-09-04T07:04:00Z,2026-09-04T08:34:00Z,90,hub,2026-09-17T00:49:00Z,2026-09-17T00:49:00Z,true
united-utilities:UUP00514:1789467890000,united-utilities:UUP00514,united-utilities,2026-09-15T10:24:50Z,2026-09-15T10:57:54Z,33,hub,2026-09-17T00:49:00Z,2026-09-17T00:49:00Z,true
united-utilities:UUP00516:1789470840000,united-utilities:UUP00516,united-utilities,2026-09-15T11:14:00Z,2026-09-15T12:10:00Z,56,hub,2026-09-17T00:49:00Z,2026-09-17T00:49:00Z,true
united-utilities:UUP00516:1789618800000,united-utilities:UUP00516,united-utilities,2026-09-17T04:20:00Z,2026-09-17T06:12:00Z,112,hub,2026-09-17T11:32:49Z,2026-09-17T11:32:49Z,true
united-utilities:UUP00516:1789744800000,united-utilities:UUP00516,united-utilities,2026-09-18T15:20:00Z,2026-09-18T17:00:00Z,100,hub,2026-09-18T17:51:51Z,2026-09-18T17:51:51Z,true
united-utilities:UUP00516:1789755480000,united-utilities:UUP00516,united-utilities,2026-09-18T18:18:00Z,2026-09-18T18:56:00Z,38,hub,2026-09-18T20:21:27Z,2026-09-18T20:21:27Z,true
united-utilities:UUP00516:1789774560000,united-utilities:UUP00516,united-utilities,2026-09-18T23:36:00Z,2026-09-19T00:14:00Z,38,hub,2026-09-19T00:41:02Z,2026-09-19T01:01:22Z,true
united-utilities:UUP00518:1789525920000,united-utilities:UUP00518,united-utilities,2026-09-16T02:32:00Z,2026-09-16T02:52:00Z,20,hub,2026-09-17T00:49:00Z,2026-09-17T00:49:00Z,true
united-utilities:UUP00518:1789601520000,united-utilities:UUP00518,united-utilities,2026-09-16T23:32:00Z,2026-09-16T23:38:00Z,6,hub,2026-09-17T02:08:37Z,2026-09-17T02:08:37Z,true
united-utilities:UUP00518:1789623000000,united-utilities:UUP00518,united-utilities,2026-09-17T05:30:00Z,2026-09-17T05:34:00Z,4,hub,2026-09-17T11:32:49Z,2026-09-17T11:32:49Z,true
united-utilities:UUP00518:1789647120000,united-utilities:UUP00518,united-utilities,2026-09-17T12:12:00Z,2026-09-17T13:00:00Z,48,hub,2026-09-17T13:51:58Z,2026-09-17T13:51:58Z,false
united-utilities:UUP00518:1789650000000,united-utilities:UUP00518,united-utilities,2026-09-17T13:00:00Z,2026-09-17T13:02:00Z,2,hub,2026-09-17T15:38:08Z,2026-09-17T15:38:08Z,true
united-utilities:UUP00518:1789693680000,united-utilities:UUP00518,united-utilities,2026-09-18T01:08:00Z,2026-09-18T01:16:00Z,8,hub,2026-09-18T01:59:07Z,2026-09-18T01:59:07Z,true
united-utilities:UUP00518:1789737960000,united-utilities:UUP00518,united-utilities,2026-09-18T13:26:00Z,2026-09-18T17:00:00Z,214,hub,2026-09-18T14:37:46Z,2026-09-18T14:37:46Z,false
united-utilities:UUP00518:1789750800000,united-utilities:UUP00518,united-utilities,2026-09-18T17:00:00Z,2026-09-18T17:26:00Z,26,hub,2026-09-18T18:02:06Z,2026-09-18T18:02:06Z,true
united-utilities:UUP00518:1789762560000,united-utilities:UUP00518,united-utilities,2026-09-18T20:16:00Z,2026-09-18T20:20:00Z,4,hub,2026-09-18T22:43:41Z,2026-09-18T22:43:41Z,true
united-utilities:UUP00520:1789467480000,united-utilities:UUP00520,united-utilities,2026-09-15T10:18:00Z,2026-09-15T10:54:00Z,36,hub,2026-09-17T00:49:00Z,2026-09-17T00:49:00Z,true
united-utilities:UUP00520:1789745280000,united-utilities:UUP00520,united-utilities,2026-09-18T15:28:00Z,2026-09-18T15:54:00Z,26,hub,2026-09-18T17:51:51Z,2026-09-18T17:51:51Z,true
united-utilities:UUP00522:1789619880000,united-utilities:UUP00522,united-utilities,2026-09-17T04:38:00Z,2026-09-17T04:56:00Z,18,hub,2026-09-17T11:32:49Z,2026-09-17T11:32:49Z,true
united-utilities:UUP00523:1788816671000,united-utilities:UUP00523,united-utilities,2026-09-07T21:31:11Z,2026-09-08T00:30:00Z,179,hub,2026-09-17T00:49:00Z,2026-09-17T00:49:00Z,true
united-utilities:UUP00523:1789622111000,united-utilities:UUP00523,united-utilities,2026-09-17T05:15:11Z,2026-09-17T09:02:00Z,227,hub,2026-09-17T11:32:49Z,2026-09-17T11:32:49Z,true
united-utilities:UUP00523:1789676280000,united-utilities:UUP00523,united-utilities,2026-09-17T20:18:00Z,2026-09-17T21:26:00Z,68,hub,2026-09-17T22:13:42Z,2026-09-17T22:13:42Z,true
united-utilities:UUP00523:1789750991000,united-utilities:UUP00523,united-utilities,2026-09-18T17:03:11Z,,,hub,2026-09-18T17:51:51Z,2026-09-18T17:51:51Z,
united-utilities:UUP00524:1788483970000,united-utilities:UUP00524,united-utilities,2026-09-04T01:06:10Z,2026-09-04T02:17:31Z,71,hub,2026-09-17T00:49:00Z,2026-09-17T00:49:00Z,true
united-utilities:UUP00525:1789549440000,united-utilities:UUP00525,united-utilities,2026-09-16T09:04:00Z,2026-09-16T09:12:00Z,8,hub,2026-09-17T00:49:00Z,2026-09-17T00:49:00Z,true
united-utilities:UUP00526:1788484560000,united-utilities:UUP00526,united-utilities,2026-09-04T01:16:00Z,2026-09-04T02:00:00Z,44,hub,2026-09-17T00:49:00Z,2026-09-17T00:49:00Z,true
united-utilities:UUP00529:1789553280000,united-utilities:UUP00529,united-utilities,2026-09-16T10:08:00Z,2026-09-16T10:18:00Z,10,hub,2026-09-17T00:49:00Z,2026-09-17T00:49:00Z,true
united-utilities:UUP00529:1789625040000,united-utilities:UUP00529,united-utilities,2026-09-17T06:04:00Z,2026-09-17T06:48:00Z,44,hub,2026-09-17T11:32:49Z,2026-09-17T11:32:49Z,true
united-utilities:UUP00530:1788556560000,united-utilities:UUP00530,united-utilities,2026-09-04T21:16:00Z,2026-09-04T21:34:00Z,18,hub,2026-09-17T00:49:00Z,2026-09-17T00:49:00Z,true
united-utilities:UUP00530:1789624320000,united-utilities:UUP00530,united-utilities,2026-09-17T05:52:00Z,2026-09-17T06:04:00Z,12,hub,2026-09-17T11:32:49Z,2026-09-17T11:32:49Z,true
united-utilities:UUP00533:1788484440000,united-utilities:UUP00533,united-utilities,2026-09-04T01:14:00Z,2026-09-04T02:56:00Z,102,hub,2026-09-17T00:49:00Z,2026-09-17T00:49:00Z,true
united-utilities:UUP00534:1789489440000,united-utilities:UUP00534,united-utilities,2026-09-15T16:24:00Z,2026-09-15T17:02:00Z,38,hub,2026-09-17T00:49:00Z,2026-09-17T00:49:00Z,true
united-utilities:UUP00534:1789637280000,united-utilities:UUP00534,united-utilities,2026-09-17T09:28:00Z,2026-09-17T09:42:00Z,14,hub,2026-09-17T11:32:49Z,2026-09-17T11:32:49Z,true
united-utilities:UUP00534:1789742640000,united-utilities:UUP00534,united-utilities,2026-09-18T14:44:00Z,2026-09-18T18:36:00Z,232,hub,2026-09-18T15:18:24Z,2026-09-18T20:21:27Z,true
united-utilities:UUP00535:1788487857000,united-utilities:UUP00535,united-utilities,2026-09-04T02:10:57Z,2026-09-04T02:40:33Z,30,hub,2026-09-17T00:49:00Z,2026-09-17T00:49:00Z,true
united-utilities:UUP00538:1788485740000,united-utilities:UUP00538,united-utilities,2026-09-04T01:35:40Z,2026-09-04T07:46:44Z,371,hub,2026-09-17T00:49:00Z,2026-09-17T00:49:00Z,true
united-utilities:UUP00539:1789469100000,united-utilities:UUP00539,united-utilities,2026-09-15T10:45:00Z,2026-09-15T12:45:00Z,120,hub,2026-09-17T00:49:00Z,2026-09-17T00:49:00Z,true
united-utilities:UUP00539:1789616700000,united-utilities:UUP00539,united-utilities,2026-09-17T03:45:00Z,2026-09-17T05:45:00Z,120,hub,2026-09-17T11:32:49Z,2026-09-17T11:32:49Z,true
united-utilities:UUP00539:1789745400000,united-utilities:UUP00539,united-utilities,2026-09-18T15:30:00Z,2026-09-18T17:15:00Z,105,hub,2026-09-18T17:51:51Z,2026-09-18T18:02:06Z,true
united-utilities:UUP00539:1789755300000,united-utilities:UUP00539,united-utilities,2026-09-18T18:15:00Z,2026-09-18T18:45:00Z,30,hub,2026-09-18T20:21:27Z,2026-09-18T20:21:27Z,true
united-utilities:UUP00542:1789554600000,united-utilities:UUP00542,united-utilities,2026-09-16T10:30:00Z,2026-09-16T10:52:00Z,22,hub,2026-09-17T00:49:00Z,2026-09-17T00:49:00Z,true
united-utilities:UUP00544:1789553640000,united-utilities:UUP00544,united-utilities,2026-09-16T10:14:00Z,2026-09-16T11:34:00Z,80,hub,2026-09-17T00:49:00Z,2026-09-17T00:49:00Z,true
united-utilities:UUP00544:1789618680000,united-utilities:UUP00544,united-utilities,2026-09-17T04:18:00Z,2026-09-17T06:08:00Z,110,hub,2026-09-17T11:32:49Z,2026-09-17T11:32:49Z,true
united-utilities:UUP00544:1789754520000,united-utilities:UUP00544,united-utilities,2026-09-18T18:02:00Z,2026-09-18T18:38:00Z,36,hub,2026-09-18T18:42:49Z,2026-09-18T20:21:27Z,true
united-utilities:UUP00544:1789774200000,united-utilities:UUP00544,united-utilities,2026-09-18T23:30:00Z,2026-09-18T23:56:00Z,26,hub,2026-09-19T00:41:02Z,2026-09-19T00:51:12Z,true
united-utilities:UUP00545:1788510319000,united-utilities:UUP00545,united-utilities,2026-09-04T08:25:19Z,2026-09-04T08:30:42Z,5,hub,2026-09-17T00:49:00Z,2026-09-17T00:49:00Z,true
united-utilities:UUP00546:1789445880000,united-utilities:UUP00546,united-utilities,2026-09-15T04:18:00Z,2026-09-15T04:34:00Z,16,hub,2026-09-17T00:49:00Z,2026-09-17T00:49:00Z,true
united-utilities:UUP00548:1789548120000,united-utilities:UUP00548,united-utilities,2026-09-16T08:42:00Z,2026-09-16T08:46:00Z,4,hub,2026-09-17T00:49:00Z,2026-09-17T00:49:00Z,true
united-utilities:UUP00548:1789618320000,united-utilities:UUP00548,united-utilities,2026-09-17T04:12:00Z,2026-09-17T04:16:00Z,4,hub,2026-09-17T11:32:49Z,2026-09-17T11:32:49Z,true
united-utilities:UUP00548:1789646640000,united-utilities:UUP00548,united-utilities,2026-09-17T12:04:00Z,2026-09-17T12:08:00Z,4,hub,2026-09-17T13:51:58Z,2026-09-17T13:51:58Z,true
united-utilities:UUP00548:1789651200000,united-utilities:UUP00548,united-utilities,2026-09-17T13:20:00Z,2026-09-17T13:24:00Z,4,hub,2026-09-17T15:38:08Z,2026-09-17T15:38:08Z,true
united-utilities:UUP00551:1789467600000,united-utilities:UUP00551,united-utilities,2026-09-15T10:20:00Z,2026-09-15T10:24:00Z,4,hub,2026-09-17T00:49:00Z,2026-09-17T00:49:00Z,true
united-utilities:UUP00552:1788500881000,united-utilities:UUP00552,united-utilities,2026-09-04T05:48:01Z,2026-09-04T09:02:37Z,195,hub,2026-09-17T00:49:00Z,2026-09-17T00:49:00Z,true
united-utilities:UUP00553:1789470840000,united-utilities:UUP00553,united-utilities,2026-09-15T11:14:00Z,2026-09-15T11:18:00Z,4,hub,2026-09-17T00:49:00Z,2026-09-17T00:49:00Z,true
united-utilities:UUP00553:1789617480000,united-utilities:UUP00553,united-utilities,2026-09-17T03:58:00Z,2026-09-17T04:14:00Z,16,hub,2026-09-17T11:32:49Z,2026-09-17T11:32:49Z,true
united-utilities:UUP00553:1789747800000,united-utilities:UUP00553,united-utilities,2026-09-18T16:10:00Z,2026-09-18T16:32:00Z,22,hub,2026-09-18T17:51:51Z,2026-09-18T17:51:51Z,true
united-utilities:UUP00554:1788823080000,united-utilities:UUP00554,united-utilities,2026-09-07T23:18:00Z,2026-09-07T23:28:00Z,10,hub,2026-09-17T00:49:00Z,2026-09-17T00:49:00Z,true
united-utilities:UUP00557:1789436040000,united-utilities:UUP00557,united-utilities,2026-09-15T01:34:00Z,2026-09-15T04:10:00Z,156,hub,2026-09-17T00:49:00Z,2026-09-17T00:49:00Z,true
united-utilities:UUP00557:1789608600000,united-utilities:UUP00557,united-utilities,2026-09-17T01:30:00Z,2026-09-17T02:16:00Z,46,hub,2026-09-17T02:08:37Z,2026-09-17T02:08:37Z,false
united-utilities:UUP00557:1789611360000,united-utilities:UUP00557,united-utilities,2026-09-17T02:16:00Z,2026-09-17T03:10:00Z,54,hub,2026-09-17T11:32:49Z,2026-09-17T11:32:49Z,true
united-utilities:UUP00557:1789738080000,united-utilities:UUP00557,united-utilities,2026-09-18T13:28:00Z,2026-09-18T14:26:00Z,58,hub,2026-09-18T14:37:46Z,2026-09-18T14:58:06Z,true
united-utilities:UUP00557:1789742640000,united-utilities:UUP00557,united-utilities,2026-09-18T14:44:00Z,2026-09-18T15:28:00Z,44,hub,2026-09-18T15:18:24Z,2026-09-18T15:18:24Z,false
united-utilities:UUP00557:1789745280000,united-utilities:UUP00557,united-utilities,2026-09-18T15:28:00Z,2026-09-18T17:10:00Z,102,hub,2026-09-18T17:51:51Z,2026-09-18T18:02:06Z,true
united-utilities:UUP00558:1788885000000,united-utilities:UUP00558,united-utilities,2026-09-08T16:30:00Z,2026-09-08T16:36:00Z,6,hub,2026-09-17T00:49:00Z,2026-09-17T00:49:00Z,true
united-utilities:UUP00559:1788484320000,united-utilities:UUP00559,united-utilities,2026-09-04T01:12:00Z,2026-09-04T02:52:00Z,100,hub,2026-09-17T00:49:00Z,2026-09-17T00:49:00Z,true
united-utilities:UUP00564:1789196040000,united-utilities:UUP00564,united-utilities,2026-09-12T06:54:00Z,2026-09-12T06:58:00Z,4,hub,2026-09-17T00:49:00Z,2026-09-17T00:49:00Z,true
united-utilities:UUP00565:1789195440000,united-utilities:UUP00565,united-utilities,2026-09-12T06:44:00Z,2026-09-12T06:54:00Z,10,hub,2026-09-17T00:49:00Z,2026-09-17T00:49:00Z,true
united-utilities:UUP00565:1789617000000,united-utilities:UUP00565,united-utilities,2026-09-17T03:50:00Z,2026-09-17T03:58:00Z,8,hub,2026-09-17T11:32:49Z,2026-09-17T11:32:49Z,true
united-utilities:UUP00567:1788819000000,united-utilities:UUP00567,united-utilities,2026-09-07T22:10:00Z,2026-09-07T22:16:00Z,6,hub,2026-09-17T00:49:00Z,2026-09-17T00:49:00Z,true
united-utilities:UUP00570:1789449000000,united-utilities:UUP00570,united-utilities,2026-09-15T05:10:00Z,2026-09-15T05:14:00Z,4,hub,2026-09-17T00:49:00Z,2026-09-17T00:49:00Z,true
united-utilities:UUP00570:1789772520000,united-utilities:UUP00570,united-utilities,2026-09-18T23:02:00Z,2026-09-18T23:20:00Z,18,hub,2026-09-19T00:41:02Z,2026-09-19T00:41:02Z,true
united-utilities:UUP00570:1789776600000,united-utilities:UUP00570,united-utilities,2026-09-19T00:10:00Z,2026-09-19T00:12:00Z,2,hub,2026-09-19T00:51:12Z,2026-09-19T01:01:22Z,true
united-utilities:UUP00573:1789203360000,united-utilities:UUP00573,united-utilities,2026-09-12T08:56:00Z,2026-09-12T09:00:00Z,4,hub,2026-09-17T00:49:00Z,2026-09-17T00:49:00Z,true
united-utilities:UUP00575:1788892326000,united-utilities:UUP00575,united-utilities,2026-09-08T18:32:06Z,2026-09-08T18:36:01Z,4,hub,2026-09-17T00:49:00Z,2026-09-17T00:49:00Z,true
united-utilities:UUP00576:1789449883000,united-utilities:UUP00576,united-utilities,2026-09-15T05:24:43Z,2026-09-16T12:58:59Z,1894,hub,2026-09-17T00:49:00Z,2026-09-17T00:49:00Z,true
united-utilities:UUP00576:1789619233000,united-utilities:UUP00576,united-utilities,2026-09-17T04:27:13Z,2026-09-17T05:23:03Z,56,hub,2026-09-17T11:32:49Z,2026-09-17T11:32:49Z,true
united-utilities:UUP00577:1788486155000,united-utilities:UUP00577,united-utilities,2026-09-04T01:42:35Z,2026-09-04T02:01:56Z,19,hub,2026-09-17T00:49:00Z,2026-09-17T00:49:00Z,true
united-utilities:UUP00578:1789416840000,united-utilities:UUP00578,united-utilities,2026-09-14T20:14:00Z,2026-09-14T21:04:00Z,50,hub,2026-09-17T00:49:00Z,2026-09-17T00:49:00Z,true
united-utilities:UUP00578:1789661280000,united-utilities:UUP00578,united-utilities,2026-09-17T16:08:00Z,2026-09-17T16:32:00Z,24,hub,2026-09-17T19:14:51Z,2026-09-17T19:14:51Z,true
united-utilities:UUP00579:1789469760000,united-utilities:UUP00579,united-utilities,2026-09-15T10:56:00Z,2026-09-15T11:08:00Z,12,hub,2026-09-17T00:49:00Z,2026-09-17T00:49:00Z,true
united-utilities:UUP00579:1789618800000,united-utilities:UUP00579,united-utilities,2026-09-17T04:20:00Z,2026-09-17T04:34:00Z,14,hub,2026-09-17T11:32:49Z,2026-09-17T11:32:49Z,true
united-utilities:UUP00579:1789647240000,united-utilities:UUP00579,united-utilities,2026-09-17T12:14:00Z,2026-09-17T12:24:00Z,10,hub,2026-09-17T13:51:58Z,2026-09-17T13:51:58Z,true
united-utilities:UUP00579:1789746000000,united-utilities:UUP00579,united-utilities,2026-09-18T15:40:00Z,2026-09-18T16:08:00Z,28,hub,2026-09-18T17:51:51Z,2026-09-18T17:51:51Z,true
united-utilities:UUP00581:1788821479000,united-utilities:UUP00581,united-utilities,2026-09-07T22:51:19Z,2026-09-07T23:36:55Z,46,hub,2026-09-17T00:49:00Z,2026-09-17T00:49:00Z,true
united-utilities:UUP00582:1789442280000,united-utilities:UUP00582,united-utilities,2026-09-15T03:18:00Z,2026-09-15T03:22:00Z,4,hub,2026-09-17T00:49:00Z,2026-09-17T00:49:00Z,true
united-utilities:UUP00583:1789549200000,united-utilities:UUP00583,united-utilities,2026-09-16T09:00:00Z,2026-09-16T09:12:00Z,12,hub,2026-09-17T00:49:00Z,2026-09-17T00:49:00Z,true
united-utilities:UUP00584:1788817320000,united-utilities:UUP00584,united-utilities,2026-09-07T21:42:00Z,2026-09-07T22:02:00Z,20,hub,2026-09-17T00:49:00Z,2026-09-17T00:49:00Z,true
united-utilities:UUP00586:1789442760000,united-utilities:UUP00586,united-utilities,2026-09-15T03:26:00Z,2026-09-15T03:54:00Z,28,hub,2026-09-17T00:49:00Z,2026-09-17T00:49:00Z,true
united-utilities:UUP00589:1788503534000,united-utilities:UUP00589,united-utilities,2026-09-04T06:32:14Z,2026-09-04T21:40:20Z,908,hub,2026-09-17T00:49:00Z,2026-09-17T00:49:00Z,true
united-utilities:UUP00593:1789448880000,united-utilities:UUP00593,united-utilities,2026-09-15T05:08:00Z,2026-09-15T05:18:00Z,10,hub,2026-09-17T00:49:00Z,2026-09-17T00:49:00Z,true
united-utilities:UUP00593:1789618560000,united-utilities:UUP00593,united-utilities,2026-09-17T04:16:00Z,2026-09-17T04:28:00Z,12,hub,2026-09-17T11:32:49Z,2026-09-17T11:32:49Z,true
united-utilities:UUP00601:1789546221000,united-utilities:UUP00601,united-utilities,2026-09-16T08:10:21Z,2026-09-16T08:27:02Z,17,hub,2026-09-17T00:49:00Z,2026-09-17T00:49:00Z,true
united-utilities:UUP00601:1789742121610,united-utilities:UUP00601,united-utilities,2026-09-18T14:35:21Z,2026-09-18T14:59:07Z,24,hub,2026-09-18T14:58:06Z,2026-09-18T17:51:51Z,true
united-utilities:UUP00603:1789197000000,united-utilities:UUP00603,united-utilities,2026-09-12T07:10:00Z,2026-09-12T10:03:00Z,173,hub,2026-09-17T00:49:00Z,2026-09-17T00:49:00Z,true
united-utilities:UUP00603:1789742280000,united-utilities:UUP00603,united-utilities,2026-09-18T14:38:00Z,,,hub,2026-09-18T17:51:51Z,2026-09-18T17:51:51Z,
united-utilities:UUP00604:1789197000000,united-utilities:UUP00604,united-utilities,2026-09-12T07:10:00Z,2026-09-18T14:38:00Z,9088,hub,2026-09-17T00:49:00Z,2026-09-17T00:49:00Z,false
united-utilities:UUP00604:1789742280000,united-utilities:UUP00604,united-utilities,2026-09-18T14:38:00Z,2026-09-18T15:58:00Z,80,hub,2026-09-18T15:18:24Z,2026-09-18T17:51:51Z,true
united-utilities:UUP00606:1789450080000,united-utilities:UUP00606,united-utilities,2026-09-15T05:28:00Z,2026-09-15T06:20:00Z,52,hub,2026-09-17T00:49:00Z,2026-09-17T00:49:00Z,true
united-utilities:UUP00606:1789621800000,united-utilities:UUP00606,united-utilities,2026-09-17T05:10:00Z,2026-09-17T06:04:00Z,54,hub,2026-09-17T11:32:49Z,2026-09-17T11:32:49Z,true
united-utilities:UUP00606:1789745400000,united-utilities:UUP00606,united-utilities,2026-09-18T15:30:00Z,2026-09-18T16:20:00Z,50,hub,2026-09-18T17:51:51Z,2026-09-18T17:51:51Z,true
united-utilities:UUP00607:1789123320000,united-utilities:UUP00607,united-utilities,2026-09-11T10:42:00Z,2026-09-11T19:46:00Z,544,hub,2026-09-17T00:49:00Z,2026-09-17T00:49:00Z,true
united-utilities:UUP00608:1789031196000,united-utilities:UUP00608,united-utilities,2026-09-10T09:06:36Z,2026-09-10T09:09:40Z,3,hub,2026-09-17T00:49:00Z,2026-09-17T00:49:00Z,true
united-utilities:UUP00609:1789448400000,united-utilities:UUP00609,united-utilities,2026-09-15T05:00:00Z,2026-09-15T05:52:00Z,52,hub,2026-09-17T00:49:00Z,2026-09-17T00:49:00Z,true
united-utilities:UUP00609:1789618200000,united-utilities:UUP00609,united-utilities,2026-09-17T04:10:00Z,2026-09-17T04:30:00Z,20,hub,2026-09-17T11:32:49Z,2026-09-17T11:32:49Z,true
united-utilities:UUP00610:1789508280000,united-utilities:UUP00610,united-utilities,2026-09-15T21:38:00Z,2026-09-15T22:08:00Z,30,hub,2026-09-17T00:49:00Z,2026-09-17T00:49:00Z,true
united-utilities:UUP00615:1789508400000,united-utilities:UUP00615,united-utilities,2026-09-15T21:40:00Z,2026-09-15T21:44:00Z,4,hub,2026-09-17T00:49:00Z,2026-09-17T00:49:00Z,true
united-utilities:UUP00618:1789446240000,united-utilities:UUP00618,united-utilities,2026-09-15T04:24:00Z,2026-09-15T04:50:00Z,26,hub,2026-09-17T00:49:00Z,2026-09-17T00:49:00Z,true
united-utilities:UUP00618:1789614120000,united-utilities:UUP00618,united-utilities,2026-09-17T03:02:00Z,2026-09-17T04:42:00Z,100,hub,2026-09-17T11:32:49Z,2026-09-17T11:32:49Z,true
united-utilities:UUP00618:1789748400000,united-utilities:UUP00618,united-utilities,2026-09-18T16:20:00Z,2026-09-18T16:32:00Z,12,hub,2026-09-18T17:51:51Z,2026-09-18T17:51:51Z,true
united-utilities:UUP00620:1788490972000,united-utilities:UUP00620,united-utilities,2026-09-04T03:02:52Z,2026-09-04T12:45:31Z,583,hub,2026-09-17T00:49:00Z,2026-09-17T00:49:00Z,true
united-utilities:UUP00621:1788485280000,united-utilities:UUP00621,united-utilities,2026-09-04T01:28:00Z,2026-09-04T02:00:00Z,32,hub,2026-09-17T00:49:00Z,2026-09-17T00:49:00Z,true
united-utilities:UUP00623:1789431844000,united-utilities:UUP00623,united-utilities,2026-09-15T00:24:04Z,2026-09-15T07:07:52Z,404,hub,2026-09-17T00:49:00Z,2026-09-17T00:49:00Z,true
united-utilities:UUP00623:1789605011400,united-utilities:UUP00623,united-utilities,2026-09-17T00:30:11Z,2026-09-17T02:10:57Z,101,hub,2026-09-17T02:08:37Z,2026-09-17T11:32:49Z,true
united-utilities:UUP00623:1789661307000,united-utilities:UUP00623,united-utilities,2026-09-17T16:08:27Z,2026-09-17T17:20:57Z,73,hub,2026-09-17T19:14:51Z,2026-09-17T19:14:51Z,true
united-utilities:UUP00623:1789740360400,united-utilities:UUP00623,united-utilities,2026-09-18T14:06:00Z,2026-09-18T16:33:58Z,148,hub,2026-09-18T14:37:46Z,2026-09-18T17:51:51Z,true
united-utilities:UUP00624:1789448640000,united-utilities:UUP00624,united-utilities,2026-09-15T05:04:00Z,2026-09-15T05:44:00Z,40,hub,2026-09-17T00:49:00Z,2026-09-17T00:49:00Z,true
united-utilities:UUP00624:1789616280000,united-utilities:UUP00624,united-utilities,2026-09-17T03:38:00Z,2026-09-17T04:50:00Z,72,hub,2026-09-17T11:32:49Z,2026-09-17T11:32:49Z,true
united-utilities:UUP00624:1789744560000,united-utilities:UUP00624,united-utilities,2026-09-18T15:16:00Z,2026-09-18T17:14:00Z,118,hub,2026-09-18T17:51:51Z,2026-09-18T18:02:06Z,true
united-utilities:UUP00627:1789452600000,united-utilities:UUP00627,united-utilities,2026-09-15T06:10:00Z,2026-09-15T07:12:00Z,62,hub,2026-09-17T00:49:00Z,2026-09-17T00:49:00Z,true
united-utilities:UUP00627:1789604880000,united-utilities:UUP00627,united-utilities,2026-09-17T00:28:00Z,2026-09-17T01:38:00Z,70,hub,2026-09-17T02:08:37Z,2026-09-17T11:32:49Z,true
united-utilities:UUP00627:1789741080000,united-utilities:UUP00627,united-utilities,2026-09-18T14:18:00Z,2026-09-18T15:20:00Z,62,hub,2026-09-18T14:58:06Z,2026-09-18T17:51:51Z,true
united-utilities:UUP00629:1789195680000,united-utilities:UUP00629,united-utilities,2026-09-12T06:48:00Z,2026-09-12T07:04:00Z,16,hub,2026-09-17T00:49:00Z,2026-09-17T00:49:00Z,true
united-utilities:UUP00630:1789446240000,united-utilities:UUP00630,united-utilities,2026-09-15T04:24:00Z,2026-09-15T04:40:00Z,16,hub,2026-09-17T00:49:00Z,2026-09-17T00:49:00Z,true
united-utilities:UUP00630:1789618560000,united-utilities:UUP00630,united-utilities,2026-09-17T04:16:00Z,2026-09-17T04:26:00Z,10,hub,2026-09-17T11:32:49Z,2026-09-17T11:32:49Z,true
united-utilities:UUP00630:1789742400000,united-utilities:UUP00630,united-utilities,2026-09-18T14:40:00Z,2026-09-18T16:02:00Z,82,hub,2026-09-18T15:18:24Z,2026-09-18T15:18:24Z,false
united-utilities:UUP00630:1789747320000,united-utilities:UUP00630,united-utilities,2026-09-18T16:02:00Z,2026-09-18T17:40:00Z,98,hub,2026-09-18T17:51:51Z,2026-09-18T18:22:27Z,true
united-utilities:UUP00630:1789753680000,united-utilities:UUP00630,united-utilities,2026-09-18T17:48:00Z,2026-09-18T18:02:00Z,14,hub,2026-09-18T18:42:49Z,2026-09-18T18:42:49Z,true
united-utilities:UUP00630:1789758840000,united-utilities:UUP00630,united-utilities,2026-09-18T19:14:00Z,2026-09-18T19:20:00Z,6,hub,2026-09-18T20:21:27Z,2026-09-18T20:21:27Z,true
united-utilities:UUP00631:1788564120000,united-utilities:UUP00631,united-utilities,2026-09-04T23:22:00Z,2026-09-05T15:00:00Z,938,hub,2026-09-17T00:49:00Z,2026-09-17T00:49:00Z,true
united-utilities:UUP00631:1789627680000,united-utilities:UUP00631,united-utilities,2026-09-17T06:48:00Z,2026-09-17T13:52:00Z,424,hub,2026-09-17T11:32:49Z,2026-09-17T15:38:08Z,true
united-utilities:UUP00632:1788566124000,united-utilities:UUP00632,united-utilities,2026-09-04T23:55:24Z,2026-09-05T00:20:07Z,25,hub,2026-09-17T00:49:00Z,2026-09-17T00:49:00Z,true
united-utilities:UUP00633:1788488400000,united-utilities:UUP00633,united-utilities,2026-09-04T02:20:00Z,2026-09-04T02:24:00Z,4,hub,2026-09-17T00:49:00Z,2026-09-17T00:49:00Z,true
united-utilities:UUP00635:1789506716000,united-utilities:UUP00635,united-utilities,2026-09-15T21:11:56Z,2026-09-15T21:40:17Z,28,hub,2026-09-17T00:49:00Z,2026-09-17T00:49:00Z,true
united-utilities:UUP00636:1789508160000,united-utilities:UUP00636,united-utilities,2026-09-15T21:36:00Z,2026-09-16T00:06:00Z,150,hub,2026-09-17T00:49:00Z,2026-09-17T00:49:00Z,true
united-utilities:UUP00636:1789622280000,united-utilities:UUP00636,united-utilities,2026-09-17T05:18:00Z,2026-09-17T07:14:00Z,116,hub,2026-09-17T11:32:49Z,2026-09-17T11:32:49Z,true
united-utilities:UUP00636:1789746480000,united-utilities:UUP00636,united-utilities,2026-09-18T15:48:00Z,2026-09-18T19:16:00Z,208,hub,2026-09-18T17:51:51Z,2026-09-18T20:21:27Z,true
united-utilities:UUP00639:1789470000000,united-utilities:UUP00639,united-utilities,2026-09-15T11:00:00Z,2026-09-15T11:12:00Z,12,hub,2026-09-17T00:49:00Z,2026-09-17T00:49:00Z,true
united-utilities:UUP00639:1789746840000,united-utilities:UUP00639,united-utilities,2026-09-18T15:54:00Z,2026-09-18T16:10:00Z,16,hub,2026-09-18T17:51:51Z,2026-09-18T17:51:51Z,true
united-utilities:UUP00640:1788827040000,united-utilities:UUP00640,united-utilities,2026-09-08T00:24:00Z,2026-09-08T00:34:00Z,10,hub,2026-09-17T00:49:00Z,2026-09-17T00:49:00Z,true
united-utilities:UUP00641:1789506552000,united-utilities:UUP00641,united-utilities,2026-09-15T21:09:12Z,2026-09-15T21:36:59Z,28,hub,2026-09-17T00:49:00Z,2026-09-17T00:49:00Z,true
united-utilities:UUP00641:1789745635000,united-utilities:UUP00641,united-utilities,2026-09-18T15:33:55Z,2026-09-18T16:30:35Z,57,hub,2026-09-18T17:51:51Z,2026-09-18T17:51:51Z,true
united-utilities:UUP00642:1789542397000,united-utilities:UUP00642,united-utilities,2026-09-16T07:06:37Z,2026-09-16T07:31:55Z,25,hub,2026-09-17T00:49:00Z,2026-09-17T00:49:00Z,true
united-utilities:UUP00642:1789624096000,united-utilities:UUP00642,united-utilities,2026-09-17T05:48:16Z,2026-09-17T06:33:34Z,45,hub,2026-09-17T11:32:49Z,2026-09-17T11:32:49Z,true
united-utilities:UUP00644:1789510072000,united-utilities:UUP00644,united-utilities,2026-09-15T22:07:52Z,2026-09-15T23:48:01Z,100,hub,2026-09-17T00:49:00Z,2026-09-17T00:49:00Z,true
united-utilities:UUP00648:1789554277000,united-utilities:UUP00648,united-utilities,2026-09-16T10:24:37Z,2026-09-16T10:49:02Z,24,hub,2026-09-17T00:49:00Z,2026-09-17T00:49:00Z,true
united-utilities:UUP00649:1788688800000,united-utilities:UUP00649,united-utilities,2026-09-06T10:00:00Z,2026-09-06T10:04:00Z,4,hub,2026-09-17T00:49:00Z,2026-09-17T00:49:00Z,true
united-utilities:UUP00651:1789207557000,united-utilities:UUP00651,united-utilities,2026-09-12T10:05:57Z,2026-09-12T10:11:57Z,6,hub,2026-09-17T00:49:00Z,2026-09-17T00:49:00Z,true
united-utilities:UUP00654:1788884133000,united-utilities:UUP00654,united-utilities,2026-09-08T16:15:33Z,2026-09-08T19:30:52Z,195,hub,2026-09-17T00:49:00Z,2026-09-17T00:49:00Z,true
united-utilities:UUP00654:1789622154000,united-utilities:UUP00654,united-utilities,2026-09-17T05:15:54Z,2026-09-17T06:37:04Z,81,hub,2026-09-17T11:32:49Z,2026-09-17T11:32:49Z,true
united-utilities:UUP00654:1789748439000,united-utilities:UUP00654,united-utilities,2026-09-18T16:20:39Z,2026-09-18T20:35:21Z,255,hub,2026-09-18T17:51:51Z,2026-09-18T21:02:08Z,true
united-utilities:UUP00655:1788886230000,united-utilities:UUP00655,united-utilities,2026-09-08T16:50:30Z,2026-09-08T17:08:20Z,18,hub,2026-09-17T00:49:00Z,2026-09-17T00:49:00Z,true
united-utilities:UUP00657:1789443740000,united-utilities:UUP00657,united-utilities,2026-09-15T03:42:20Z,2026-09-15T03:55:34Z,13,hub,2026-09-17T00:49:00Z,2026-09-17T00:49:00Z,true
united-utilities:UUP00657:1789608590100,united-utilities:UUP00657,united-utilities,2026-09-17T01:29:50Z,2026-09-17T01:47:00Z,17,hub,2026-09-17T02:08:37Z,2026-09-17T11:32:49Z,true
united-utilities:UUP00658:1788489720000,united-utilities:UUP00658,united-utilities,2026-09-04T02:42:00Z,2026-09-04T03:40:00Z,58,hub,2026-09-17T00:49:00Z,2026-09-17T00:49:00Z,true
united-utilities:UUP00659:1788807479000,united-utilities:UUP00659,united-utilities,2026-09-07T18:57:59Z,2026-09-07T19:00:05Z,2,hub,2026-09-17T00:49:00Z,2026-09-17T00:49:00Z,true
united-utilities:UUP00661:1789536480000,united-utilities:UUP00661,united-utilities,2026-09-16T05:28:00Z,2026-09-16T05:32:00Z,4,hub,2026-09-17T00:49:00Z,2026-09-17T00:49:00Z,true
united-utilities:UUP00665:1789556251000,united-utilities:UUP00665,united-utilities,2026-09-16T10:57:31Z,2026-09-16T12:44:12Z,107,hub,2026-09-17T00:49:00Z,2026-09-17T00:49:00Z,true
united-utilities:UUP00665:1789622884000,united-utilities:UUP00665,united-utilities,2026-09-17T05:28:04Z,2026-09-17T06:57:58Z,90,hub,2026-09-17T11:32:49Z,2026-09-17T11:32:49Z,true
united-utilities:UUP00668:1789240800000,united-utilities:UUP00668,united-utilities,2026-09-12T19:20:00Z,2026-09-12T21:10:00Z,110,hub,2026-09-17T00:49:00Z,2026-09-17T00:49:00Z,true
united-utilities:UUP00669:1789252272000,united-utilities:UUP00669,united-utilities,2026-09-12T22:31:12Z,,,hub,2026-09-17T00:49:00Z,2026-09-17T00:49:00Z,
united-utilities:UUP00670:1788883812000,united-utilities:UUP00670,united-utilities,2026-09-08T16:10:12Z,2026-09-08T18:31:41Z,141,hub,2026-09-17T00:49:00Z,2026-09-17T00:49:00Z,true
united-utilities:UUP00670:1789620403000,united-utilities:UUP00670,united-utilities,2026-09-17T04:46:43Z,2026-09-17T06:12:42Z,86,hub,2026-09-17T11:32:49Z,2026-09-17T11:32:49Z,true
united-utilities:UUP00670:1789749290000,united-utilities:UUP00670,united-utilities,2026-09-18T16:34:50Z,2026-09-18T19:52:43Z,198,hub,2026-09-18T17:51:51Z,2026-09-18T20:21:27Z,true
united-utilities:UUP00671:1788823320000,united-utilities:UUP00671,united-utilities,2026-09-07T23:22:00Z,2026-09-07T23:26:00Z,4,hub,2026-09-17T00:49:00Z,2026-09-17T00:49:00Z,true
united-utilities:UUP00672:1789431960000,united-utilities:UUP00672,united-utilities,2026-09-15T00:26:00Z,2026-09-15T04:04:00Z,218,hub,2026-09-17T00:49:00Z,2026-09-17T00:49:00Z,true
united-utilities:UUP00672:1789605600000,united-utilities:UUP00672,united-utilities,2026-09-17T00:40:00Z,2026-09-17T01:44:00Z,64,hub,2026-09-17T02:08:37Z,2026-09-17T11:32:49Z,true
united-utilities:UUP00672:1789740480000,united-utilities:UUP00672,united-utilities,2026-09-18T14:08:00Z,2026-09-18T15:18:00Z,70,hub,2026-09-18T14:37:46Z,2026-09-18T17:51:51Z,true
united-utilities:UUP00673:1789467360000,united-utilities:UUP00673,united-utilities,2026-09-15T10:16:00Z,2026-09-15T10:40:00Z,24,hub,2026-09-17T00:49:00Z,2026-09-17T00:49:00Z,true
united-utilities:UUP00673:1789616640000,united-utilities:UUP00673,united-utilities,2026-09-17T03:44:00Z,2026-09-17T04:14:00Z,30,hub,2026-09-17T11:32:49Z,2026-09-17T11:32:49Z,true
united-utilities:UUP00673:1789744920000,united-utilities:UUP00673,united-utilities,2026-09-18T15:22:00Z,2026-09-18T15:56:00Z,34,hub,2026-09-18T17:51:51Z,2026-09-18T17:51:51Z,true
united-utilities:UUP00675:1788826559000,united-utilities:UUP00675,united-utilities,2026-09-08T00:15:59Z,2026-09-08T00:17:07Z,1,hub,2026-09-17T00:49:00Z,2026-09-17T00:49:00Z,true
united-utilities:UUP00676:1789527000000,united-utilities:UUP00676,united-utilities,2026-09-16T02:50:00Z,2026-09-16T03:14:00Z,24,hub,2026-09-17T00:49:00Z,2026-09-17T00:49:00Z,true
united-utilities:UUP00676:1789742640000,united-utilities:UUP00676,united-utilities,2026-09-18T14:44:00Z,2026-09-18T17:32:00Z,168,hub,2026-09-18T15:18:24Z,2026-09-18T18:22:27Z,true
united-utilities:UUP00677:1788487895000,united-utilities:UUP00677,united-utilities,2026-09-04T02:11:35Z,2026-09-04T02:13:49Z,2,hub,2026-09-17T00:49:00Z,2026-09-17T00:49:00Z,true
united-utilities:UUP00678:1789447440000,united-utilities:UUP00678,united-utilities,2026-09-15T04:44:00Z,2026-09-15T05:32:00Z,48,hub,2026-09-17T00:49:00Z,2026-09-17T00:49:00Z,true
united-utilities:UUP00678:1789744920000,united-utilities:UUP00678,united-utilities,2026-09-18T15:22:00Z,2026-09-18T15:46:00Z,24,hub,2026-09-18T17:51:51Z,2026-09-18T17:51:51Z,true
united-utilities:UUP00679:1789416240000,united-utilities:UUP00679,united-utilities,2026-09-14T20:04:00Z,2026-09-14T21:50:00Z,106,hub,2026-09-17T00:49:00Z,2026-09-17T00:49:00Z,true
united-utilities:UUP00680:1789551720000,united-utilities:UUP00680,united-utilities,2026-09-16T09:42:00Z,2026-09-16T10:04:00Z,22,hub,2026-09-17T00:49:00Z,2026-09-17T00:49:00Z,true
united-utilities:UUP00681:1788881040000,united-utilities:UUP00681,united-utilities,2026-09-08T15:24:00Z,2026-09-08T15:50:00Z,26,hub,2026-09-17T00:49:00Z,2026-09-17T00:49:00Z,true
united-utilities:UUP00682:1789467960000,united-utilities:UUP00682,united-utilities,2026-09-15T10:26:00Z,2026-09-15T10:46:00Z,20,hub,2026-09-17T00:49:00Z,2026-09-17T00:49:00Z,true
united-utilities:UUP00683:1788478671000,united-utilities:UUP00683,united-utilities,2026-09-03T23:37:51Z,2026-09-04T03:04:49Z,207,hub,2026-09-17T00:49:00Z,2026-09-17T00:49:00Z,true
united-utilities:UUP00684:1788834525000,united-utilities:UUP00684,united-utilities,2026-09-08T02:28:45Z,2026-09-08T04:14:36Z,106,hub,2026-09-17T00:49:00Z,2026-09-17T00:49:00Z,true
united-utilities:UUP00685:1789473022000,united-utilities:UUP00685,united-utilities,2026-09-15T11:50:22Z,2026-09-15T16:23:02Z,273,hub,2026-09-17T00:49:00Z,2026-09-17T00:49:00Z,true
united-utilities:UUP00686:1788885840000,united-utilities:UUP00686,united-utilities,2026-09-08T16:44:00Z,2026-09-08T16:46:00Z,2,hub,2026-09-17T00:49:00Z,2026-09-17T00:49:00Z,true
united-utilities:UUP00687:1789444938000,united-utilities:UUP00687,united-utilities,2026-09-15T04:02:18Z,2026-09-15T04:39:48Z,38,hub,2026-09-17T00:49:00Z,2026-09-17T00:49:00Z,true
united-utilities:UUP00687:1789612599000,united-utilities:UUP00687,united-utilities,2026-09-17T02:36:39Z,2026-09-17T02:47:19Z,11,hub,2026-09-17T11:32:49Z,2026-09-17T11:32:49Z,true
united-utilities:UUP00689:1788739440000,united-utilities:UUP00689,united-utilities,2026-09-07T00:04:00Z,2026-09-07T00:12:00Z,8,hub,2026-09-17T00:49:00Z,2026-09-17T00:49:00Z,true
united-utilities:UUP00693:1789549440000,united-utilities:UUP00693,united-utilities,2026-09-16T09:04:00Z,2026-09-16T09:14:00Z,10,hub,2026-09-17T00:49:00Z,2026-09-17T00:49:00Z,true
united-utilities:UUP00695:1789470720000,united-utilities:UUP00695,united-utilities,2026-09-15T11:12:00Z,2026-09-15T11:18:00Z,6,hub,2026-09-17T00:49:00Z,2026-09-17T00:49:00Z,true
united-utilities:UUP00696:1788459600000,united-utilities:UUP00696,united-utilities,2026-09-03T18:20:00Z,2026-09-03T18:38:00Z,18,hub,2026-09-17T00:49:00Z,2026-09-17T00:49:00Z,true
united-utilities:UUP00697:1789442880000,united-utilities:UUP00697,united-utilities,2026-09-15T03:28:00Z,2026-09-15T03:54:00Z,26,hub,2026-09-17T00:49:00Z,2026-09-17T00:49:00Z,true
united-utilities:UUP00697:1789604880000,united-utilities:UUP00697,united-utilities,2026-09-17T00:28:00Z,2026-09-17T01:30:00Z,62,hub,2026-09-17T02:08:37Z,2026-09-17T02:08:37Z,true
united-utilities:UUP00698:1788481038000,united-utilities:UUP00698,united-utilities,2026-09-04T00:17:18Z,2026-09-04T10:22:24Z,605,hub,2026-09-17T00:49:00Z,2026-09-17T00:49:00Z,true
united-utilities:UUP00698:1789746020000,united-utilities:UUP00698,united-utilities,2026-09-18T15:40:20Z,2026-09-18T21:04:39Z,324,hub,2026-09-18T17:51:51Z,2026-09-18T22:43:41Z,true
united-utilities:UUP00699:1788921840000,united-utilities:UUP00699,united-utilities,2026-09-09T02:44:00Z,2026-09-09T02:50:00Z,6,hub,2026-09-17T00:49:00Z,2026-09-17T00:49:00Z,true
united-utilities:UUP00699:1789621320000,united-utilities:UUP00699,united-utilities,2026-09-17T05:02:00Z,2026-09-17T05:12:00Z,10,hub,2026-09-17T11:32:49Z,2026-09-17T11:32:49Z,true
united-utilities:UUP00700:1788816840000,united-utilities:UUP00700,united-utilities,2026-09-07T21:34:00Z,2026-09-07T21:52:00Z,18,hub,2026-09-17T00:49:00Z,2026-09-17T00:49:00Z,true
united-utilities:UUP00701:1789548840000,united-utilities:UUP00701,united-utilities,2026-09-16T08:54:00Z,2026-09-16T09:30:00Z,36,hub,2026-09-17T00:49:00Z,2026-09-17T00:49:00Z,true
united-utilities:UUP00701:1789616760000,united-utilities:UUP00701,united-utilities,2026-09-17T03:46:00Z,2026-09-17T04:24:00Z,38,hub,2026-09-17T11:32:49Z,2026-09-17T11:32:49Z,true
united-utilities:UUP00701:1789650000000,united-utilities:UUP00701,united-utilities,2026-09-17T13:10:00Z,2026-09-17T13:18:00Z,8,hub,2026-09-17T13:51:58Z,2026-09-17T15:38:08Z,true
united-utilities:UUP00701:1789739640000,united-utilities:UUP00701,united-utilities,2026-09-18T13:54:00Z,2026-09-18T20:00:00Z,366,hub,2026-09-18T14:37:46Z,2026-09-18T20:41:44Z,true
united-utilities:UUP00703:1788484155000,united-utilities:UUP00703,united-utilities,2026-09-04T01:09:15Z,2026-09-04T01:57:38Z,48,hub,2026-09-17T00:49:00Z,2026-09-17T00:49:00Z,true
united-utilities:UUP00704:1789419000000,united-utilities:UUP00704,united-utilities,2026-09-14T20:50:00Z,2026-09-14T21:32:00Z,42,hub,2026-09-17T00:49:00Z,2026-09-17T00:49:00Z,true
united-utilities:UUP00707:1789195920000,united-utilities:UUP00707,united-utilities,2026-09-12T06:52:00Z,2026-09-12T07:18:00Z,26,hub,2026-09-17T00:49:00Z,2026-09-17T00:49:00Z,true
united-utilities:UUP00708:1789507680000,united-utilities:UUP00708,united-utilities,2026-09-15T21:28:00Z,2026-09-15T21:48:00Z,20,hub,2026-09-17T00:49:00Z,2026-09-17T00:49:00Z,true
united-utilities:UUP00709:1789434120000,united-utilities:UUP00709,united-utilities,2026-09-15T01:02:00Z,2026-09-15T01:18:00Z,16,hub,2026-09-17T00:49:00Z,2026-09-17T00:49:00Z,true
united-utilities:UUP00710:1789508760000,united-utilities:UUP00710,united-utilities,2026-09-15T21:46:00Z,2026-09-15T22:06:00Z,20,hub,2026-09-17T00:49:00Z,2026-09-17T00:49:00Z,true
united-utilities:UUP00710:1789750320000,united-utilities:UUP00710,united-utilities,2026-09-18T16:52:00Z,2026-09-18T16:56:00Z,4,hub,2026-09-18T17:51:51Z,2026-09-18T17:51:51Z,true
united-utilities:UUP00711:1788493090000,united-utilities:UUP00711,united-utilities,2026-09-04T03:38:10Z,2026-09-04T09:14:10Z,336,hub,2026-09-17T00:49:00Z,2026-09-17T00:49:00Z,true
united-utilities:UUP00717:1789088280000,united-utilities:UUP00717,united-utilities,2026-09-11T00:58:00Z,2026-09-11T01:08:00Z,10,hub,2026-09-17T00:49:00Z,2026-09-17T00:49:00Z,true
united-utilities:UUP00718:1788810120000,united-utilities:UUP00718,united-utilities,2026-09-07T19:42:00Z,2026-09-07T19:50:00Z,8,hub,2026-09-17T00:49:00Z,2026-09-17T00:49:00Z,true
united-utilities:UUP00719:1788471874000,united-utilities:UUP00719,united-utilities,2026-09-03T21:44:34Z,2026-09-04T03:14:38Z,330,hub,2026-09-17T00:49:00Z,2026-09-17T00:49:00Z,true
united-utilities:UUP00720:1788487800000,united-utilities:UUP00720,united-utilities,2026-09-04T02:10:00Z,2026-09-04T02:18:07Z,8,hub,2026-09-17T00:49:00Z,2026-09-17T00:49:00Z,true
united-utilities:UUP00721:1788486240000,united-utilities:UUP00721,united-utilities,2026-09-04T01:44:00Z,2026-09-04T01:46:00Z,2,hub,2026-09-17T00:49:00Z,2026-09-17T00:49:00Z,true
united-utilities:UUP00723:1789450440000,united-utilities:UUP00723,united-utilities,2026-09-15T05:34:00Z,2026-09-15T05:44:00Z,10,hub,2026-09-17T00:49:00Z,2026-09-17T00:49:00Z,true
united-utilities:UUP00724:1788505785000,united-utilities:UUP00724,united-utilities,2026-09-04T07:09:45Z,2026-09-04T10:14:30Z,185,hub,2026-09-17T00:49:00Z,2026-09-17T00:49:00Z,true
united-utilities:UUP00725:1789513200000,united-utilities:UUP00725,united-utilities,2026-09-15T23:00:00Z,2026-09-15T23:20:00Z,20,hub,2026-09-17T00:49:00Z,2026-09-17T00:49:00Z,true
united-utilities:UUP00726:1788882000000,united-utilities:UUP00726,united-utilities,2026-09-08T15:40:00Z,2026-09-08T15:44:00Z,4,hub,2026-09-17T00:49:00Z,2026-09-17T00:49:00Z,true
united-utilities:UUP00728:1789435382000,united-utilities:UUP00728,united-utilities,2026-09-15T01:23:02Z,2026-09-15T01:27:06Z,4,hub,2026-09-17T00:49:00Z,2026-09-17T00:49:00Z,true
united-utilities:UUP00728:1789742929500,united-utilities:UUP00728,united-utilities,2026-09-18T14:48:49Z,2026-09-18T15:38:25Z,50,hub,2026-09-18T15:18:24Z,2026-09-18T15:18:24Z,false
united-utilities:UUP00728:1789745905000,united-utilities:UUP00728,united-utilities,2026-09-18T15:38:25Z,2026-09-18T15:55:09Z,17,hub,2026-09-18T17:51:51Z,2026-09-18T17:51:51Z,true
united-utilities:UUP00729:1789450200000,united-utilities:UUP00729,united-utilities,2026-09-15T05:30:00Z,2026-09-15T06:24:00Z,54,hub,2026-09-17T00:49:00Z,2026-09-17T00:49:00Z,true
united-utilities:UUP00729:1789616280000,united-utilities:UUP00729,united-utilities,2026-09-17T03:38:00Z,2026-09-17T06:54:00Z,196,hub,2026-09-17T11:32:49Z,2026-09-17T11:32:49Z,true
united-utilities:UUP00729:1789746000000,united-utilities:UUP00729,united-utilities,2026-09-18T15:40:00Z,2026-09-18T19:18:00Z,218,hub,2026-09-18T17:51:51Z,2026-09-18T20:21:27Z,true
united-utilities:UUP00737:1788816360000,united-utilities:UUP00737,united-utilities,2026-09-07T21:26:00Z,2026-09-07T21:44:00Z,18,hub,2026-09-17T00:49:00Z,2026-09-17T00:49:00Z,true
united-utilities:UUP00739:1788886800000,united-utilities:UUP00739,united-utilities,2026-09-08T17:00:00Z,2026-09-08T17:02:00Z,2,hub,2026-09-17T00:49:00Z,2026-09-17T00:49:00Z,true
united-utilities:UUP00739:1789625160000,united-utilities:UUP00739,united-utilities,2026-09-17T06:06:00Z,2026-09-17T06:10:00Z,4,hub,2026-09-17T11:32:49Z,2026-09-17T11:32:49Z,true
united-utilities:UUP00739:1789742640000,united-utilities:UUP00739,united-utilities,2026-09-18T14:44:00Z,2026-09-18T14:46:00Z,2,hub,2026-09-18T15:18:24Z,2026-09-18T17:51:51Z,true
united-utilities:UUP00739:1789757040000,united-utilities:UUP00739,united-utilities,2026-09-18T18:44:00Z,2026-09-18T18:46:00Z,2,hub,2026-09-18T20:21:27Z,2026-09-18T20:21:27Z,true
united-utilities:UUP00741:1789432257000,united-utilities:UUP00741,united-utilities,2026-09-15T00:30:57Z,2026-09-15T10:27:24Z,596,hub,2026-09-17T00:49:00Z,2026-09-17T00:49:00Z,true
united-utilities:UUP00741:1789607241190,united-utilities:UUP00741,united-utilities,2026-09-17T01:07:21Z,2026-09-17T04:18:50Z,191,hub,2026-09-17T02:08:37Z,2026-09-17T11:32:49Z,true
united-utilities:UUP00741:1789661684000,united-utilities:UUP00741,united-utilities,2026-09-17T16:14:44Z,2026-09-17T19:03:50Z,169,hub,2026-09-17T19:14:51Z,2026-09-17T22:13:42Z,true
united-utilities:UUP00741:1789742330300,united-utilities:UUP00741,united-utilities,2026-09-18T14:38:50Z,2026-09-18T17:51:06Z,192,hub,2026-09-18T15:18:24Z,2026-09-18T18:22:27Z,true
united-utilities:UUP00742:1788487800000,united-utilities:UUP00742,united-utilities,2026-09-04T02:10:00Z,2026-09-04T02:32:00Z,22,hub,2026-09-17T00:49:00Z,2026-09-17T00:49:00Z,true
united-utilities:UUP00744:1789434000000,united-utilities:UUP00744,united-utilities,2026-09-15T01:00:00Z,2026-09-15T01:02:00Z,2,hub,2026-09-17T00:49:00Z,2026-09-17T00:49:00Z,true
united-utilities:UUP00744:1789741920000,united-utilities:UUP00744,united-utilities,2026-09-18T14:32:00Z,2026-09-18T14:38:00Z,6,hub,2026-09-18T15:18:24Z,2026-09-18T15:18:24Z,true
united-utilities:UUP00745:1789450440000,united-utilities:UUP00745,united-utilities,2026-09-15T05:34:00Z,2026-09-15T06:08:00Z,34,hub,2026-09-17T00:49:00Z,2026-09-17T00:49:00Z,true
united-utilities:UUP00745:1789617960000,united-utilities:UUP00745,united-utilities,2026-09-17T04:06:00Z,2026-09-17T05:20:00Z,74,hub,2026-09-17T11:32:49Z,2026-09-17T11:32:49Z,true
united-utilities:UUP00745:1789749240000,united-utilities:UUP00745,united-utilities,2026-09-18T16:34:00Z,2026-09-18T19:00:00Z,146,hub,2026-09-18T17:51:51Z,2026-09-18T17:51:51Z,false
united-utilities:UUP00745:1789758000000,united-utilities:UUP00745,united-utilities,2026-09-18T19:00:00Z,2026-09-18T19:12:00Z,12,hub,2026-09-18T20:21:27Z,2026-09-18T20:21:27Z,true
united-utilities:UUP00745:1789767720000,united-utilities:UUP00745,united-utilities,2026-09-18T21:42:00Z,2026-09-18T22:34:00Z,52,hub,2026-09-18T22:43:41Z,2026-09-18T23:24:25Z,true
united-utilities:UUP00745:1789773840000,united-utilities:UUP00745,united-utilities,2026-09-18T23:24:00Z,,,hub,2026-09-19T00:41:02Z,2026-09-19T00:41:02Z,
united-utilities:UUP00746:1789474080000,united-utilities:UUP00746,united-utilities,2026-09-15T12:08:00Z,2026-09-15T12:20:00Z,12,hub,2026-09-17T00:49:00Z,2026-09-17T00:49:00Z,true
united-utilities:UUP00746:1789627440000,united-utilities:UUP00746,united-utilities,2026-09-17T06:44:00Z,2026-09-17T07:08:00Z,24,hub,2026-09-17T11:32:49Z,2026-09-17T11:32:49Z,true
united-utilities:UUP00747:1788485760000,united-utilities:UUP00747,united-utilities,2026-09-04T01:36:00Z,2026-09-04T02:28:00Z,52,hub,2026-09-17T00:49:00Z,2026-09-17T00:49:00Z,true
united-utilities:UUP00749:1789547040000,united-utilities:UUP00749,united-utilities,2026-09-16T08:24:00Z,2026-09-16T08:48:00Z,24,hub,2026-09-17T00:49:00Z,2026-09-17T00:49:00Z,true
united-utilities:UUP00749:1789616640000,united-utilities:UUP00749,united-utilities,2026-09-17T03:44:00Z,2026-09-17T05:56:00Z,132,hub,2026-09-17T11:32:49Z,2026-09-17T11:32:49Z,true
united-utilities:UUP00749:1789742880000,united-utilities:UUP00749,united-utilities,2026-09-18T14:48:00Z,2026-09-18T17:20:00Z,152,hub,2026-09-18T15:18:24Z,2026-09-18T18:02:06Z,true
united-utilities:UUP00751:1788818400000,united-utilities:UUP00751,united-utilities,2026-09-07T22:00:00Z,2026-09-08T02:24:00Z,264,hub,2026-09-17T00:49:00Z,2026-09-17T00:49:00Z,true
united-utilities:UUP00751:1789751760000,united-utilities:UUP00751,united-utilities,2026-09-18T17:16:00Z,2026-09-18T20:46:00Z,210,hub,2026-09-18T18:02:06Z,2026-09-18T22:43:41Z,true
united-utilities:UUP00752:1788487662000,united-utilities:UUP00752,united-utilities,2026-09-04T02:07:42Z,2026-09-04T03:17:07Z,69,hub,2026-09-17T00:49:00Z,2026-09-17T00:49:00Z,true
united-utilities:UUP00753:1788808760000,united-utilities:UUP00753,united-utilities,2026-09-07T19:19:20Z,2026-09-08T05:28:15Z,609,hub,2026-09-17T00:49:00Z,2026-09-17T00:49:00Z,true
united-utilities:UUP00754:1788813720000,united-utilities:UUP00754,united-utilities,2026-09-07T20:42:00Z,2026-09-07T20:48:00Z,6,hub,2026-09-17T00:49:00Z,2026-09-17T00:49:00Z,true
united-utilities:UUP00755:1788882960000,united-utilities:UUP00755,united-utilities,2026-09-08T15:56:00Z,2026-09-08T16:14:00Z,18,hub,2026-09-17T00:49:00Z,2026-09-17T00:49:00Z,true
united-utilities:UUP00755:1789619040000,united-utilities:UUP00755,united-utilities,2026-09-17T04:24:00Z,2026-09-17T04:40:00Z,16,hub,2026-09-17T11:32:49Z,2026-09-17T11:32:49Z,true
united-utilities:UUP00758:1789507200000,united-utilities:UUP00758,united-utilities,2026-09-15T21:20:00Z,2026-09-15T21:26:00Z,6,hub,2026-09-17T00:49:00Z,2026-09-17T00:49:00Z,true
united-utilities:UUP00759:1788808200000,united-utilities:UUP00759,united-utilities,2026-09-07T19:10:00Z,2026-09-07T19:18:00Z,8,hub,2026-09-17T00:49:00Z,2026-09-17T00:49:00Z,true
united-utilities:UUP00760:1789090320000,united-utilities:UUP00760,united-utilities,2026-09-11T01:32:00Z,2026-09-11T01:44:00Z,12,hub,2026-09-17T00:49:00Z,2026-09-17T00:49:00Z,true
united-utilities:UUP00761:1789206914000,united-utilities:UUP00761,united-utilities,2026-09-12T09:55:14Z,2026-09-12T10:02:57Z,8,hub,2026-09-17T00:49:00Z,2026-09-17T00:49:00Z,true
united-utilities:UUP00761:1789616673000,united-utilities:UUP00761,united-utilities,2026-09-17T03:44:33Z,2026-09-17T04:30:42Z,46,hub,2026-09-17T11:32:49Z,2026-09-17T11:32:49Z,true
united-utilities:UUP00761:1789738943600,united-utilities:UUP00761,united-utilities,2026-09-18T13:42:23Z,2026-09-18T14:51:13Z,69,hub,2026-09-18T14:37:46Z,2026-09-18T15:18:24Z,true
united-utilities:UUP00762:1789507680000,united-utilities:UUP00762,united-utilities,2026-09-15T21:28:00Z,2026-09-15T22:34:00Z,66,hub,2026-09-17T00:49:00Z,2026-09-17T00:49:00Z,true
united-utilities:UUP00762:1789621200000,united-utilities:UUP00762,united-utilities,2026-09-17T05:00:00Z,2026-09-17T05:56:00Z,56,hub,2026-09-17T11:32:49Z,2026-09-17T11:32:49Z,true
united-utilities:UUP00762:1789745520000,united-utilities:UUP00762,united-utilities,2026-09-18T15:32:00Z,2026-09-18T17:40:00Z,128,hub,2026-09-18T17:51:51Z,2026-09-18T18:22:27Z,true
united-utilities:UUP00763:1789445760000,united-utilities:UUP00763,united-utilities,2026-09-15T04:16:00Z,2026-09-15T04:24:00Z,8,hub,2026-09-17T00:49:00Z,2026-09-17T00:49:00Z,true
united-utilities:UUP00765:1789510320000,united-utilities:UUP00765,united-utilities,2026-09-15T22:12:00Z,2026-09-15T22:44:00Z,32,hub,2026-09-17T00:49:00Z,2026-09-17T00:49:00Z,true
united-utilities:UUP00766:1788482760000,united-utilities:UUP00766,united-utilities,2026-09-04T00:46:00Z,2026-09-04T02:26:00Z,100,hub,2026-09-17T00:49:00Z,2026-09-17T00:49:00Z,true
united-utilities:UUP00766:1789623000000,united-utilities:UUP00766,united-utilities,2026-09-17T05:30:00Z,2026-09-17T05:58:00Z,28,hub,2026-09-17T11:32:49Z,2026-09-17T11:32:49Z,true
united-utilities:UUP00767:1788783808000,united-utilities:UUP00767,united-utilities,2026-09-07T12:23:28Z,2026-09-07T12:38:29Z,15,hub,2026-09-17T00:49:00Z,2026-09-17T00:49:00Z,true
united-utilities:UUP00771:1788882960000,united-utilities:UUP00771,united-utilities,2026-09-08T15:56:00Z,2026-09-08T16:00:00Z,4,hub,2026-09-17T00:49:00Z,2026-09-17T00:49:00Z,true
united-utilities:UUP00774:1789542614000,united-utilities:UUP00774,united-utilities,2026-09-16T07:10:14Z,2026-09-16T08:10:02Z,60,hub,2026-09-17T00:49:00Z,2026-09-17T00:49:00Z,true
united-utilities:UUP00774:1789741486000,united-utilities:UUP00774,united-utilities,2026-09-18T14:24:46Z,2026-09-18T17:44:29Z,200,hub,2026-09-18T14:58:06Z,2026-09-18T18:22:27Z,true
united-utilities:UUP00777:1788521656000,united-utilities:UUP00777,united-utilities,2026-09-04T11:34:16Z,2026-09-04T11:44:02Z,10,hub,2026-09-17T00:49:00Z,2026-09-17T00:49:00Z,true
united-utilities:UUP00779:1788938420000,united-utilities:UUP00779,united-utilities,2026-09-09T07:20:20Z,2026-09-09T07:43:36Z,23,hub,2026-09-17T00:49:00Z,2026-09-17T00:49:00Z,true
united-utilities:UUP00781:1789444920000,united-utilities:UUP00781,united-utilities,2026-09-15T04:02:00Z,2026-09-15T04:08:00Z,6,hub,2026-09-17T00:49:00Z,2026-09-17T00:49:00Z,true
united-utilities:UUP00781:1789610400000,united-utilities:UUP00781,united-utilities,2026-09-17T02:00:00Z,2026-09-17T02:06:00Z,6,hub,2026-09-17T11:32:49Z,2026-09-17T11:32:49Z,true
united-utilities:UUP00781:1789661880000,united-utilities:UUP00781,united-utilities,2026-09-17T16:18:00Z,2026-09-17T16:24:00Z,6,hub,2026-09-17T19:14:51Z,2026-09-17T19:14:51Z,true
united-utilities:UUP00782:1789468440000,united-utilities:UUP00782,united-utilities,2026-09-15T10:34:00Z,2026-09-15T10:42:00Z,8,hub,2026-09-17T00:49:00Z,2026-09-17T00:49:00Z,true
united-utilities:UUP00782:1789617840000,united-utilities:UUP00782,united-utilities,2026-09-17T04:04:00Z,2026-09-17T04:10:00Z,6,hub,2026-09-17T11:32:49Z,2026-09-17T11:32:49Z,true
united-utilities:UUP00783:1789468974000,united-utilities:UUP00783,united-utilities,2026-09-15T10:42:54Z,2026-09-15T10:45:55Z,3,hub,2026-09-17T00:49:00Z,2026-09-17T00:49:00Z,true
united-utilities:UUP00783:1789618366000,united-utilities:UUP00783,united-utilities,2026-09-17T04:12:46Z,2026-09-17T04:19:53Z,7,hub,2026-09-17T11:32:49Z,2026-09-17T11:32:49Z,true
united-utilities:UUP00783:1789745830000,united-utilities:UUP00783,united-utilities,2026-09-18T15:37:10Z,2026-09-18T15:42:55Z,6,hub,2026-09-18T17:51:51Z,2026-09-18T17:51:51Z,true
united-utilities:UUP00785:1789448760000,united-utilities:UUP00785,united-utilities,2026-09-15T05:06:00Z,2026-09-15T05:22:00Z,16,hub,2026-09-17T00:49:00Z,2026-09-17T00:49:00Z,true
united-utilities:UUP00786:1789433520000,united-utilities:UUP00786,united-utilities,2026-09-15T00:52:00Z,2026-09-15T01:04:00Z,12,hub,2026-09-17T00:49:00Z,2026-09-17T00:49:00Z,true
united-utilities:UUP00787:1789446000000,united-utilities:UUP00787,united-utilities,2026-09-15T04:20:00Z,2026-09-15T04:54:00Z,34,hub,2026-09-17T00:49:00Z,2026-09-17T00:49:00Z,true
united-utilities:UUP00787:1789612320000,united-utilities:UUP00787,united-utilities,2026-09-17T02:32:00Z,2026-09-17T04:16:00Z,104,hub,2026-09-17T11:32:49Z,2026-09-17T11:32:49Z,true
united-utilities:UUP00787:1789742040000,united-utilities:UUP00787,united-utilities,2026-09-18T14:34:00Z,2026-09-18T15:02:00Z,28,hub,2026-09-18T15:18:24Z,2026-09-18T15:18:24Z,false
united-utilities:UUP00787:1789743720000,united-utilities:UUP00787,united-utilities,2026-09-18T15:02:00Z,2026-09-18T16:56:00Z,114,hub,2026-09-18T17:51:51Z,2026-09-18T17:51:51Z,true
united-utilities:UUP00788:1789416598000,united-utilities:UUP00788,united-utilities,2026-09-14T20:09:58Z,2026-09-15T12:44:08Z,994,hub,2026-09-17T00:49:00Z,2026-09-17T00:49:00Z,true
united-utilities:UUP00791:1789420200000,united-utilities:UUP00791,united-utilities,2026-09-14T21:10:00Z,2026-09-14T21:24:00Z,14,hub,2026-09-17T00:49:00Z,2026-09-17T00:49:00Z,true
united-utilities:UUP00792:1789552909000,united-utilities:UUP00792,united-utilities,2026-09-16T10:01:49Z,2026-09-18T15:09:03Z,3187,hub,2026-09-17T00:49:00Z,2026-09-17T00:49:00Z,false
united-utilities:UUP00792:1789744143000,united-utilities:UUP00792,united-utilities,2026-09-18T15:09:03Z,2026-09-18T15:27:11Z,18,hub,2026-09-18T17:51:51Z,2026-09-18T17:51:51Z,true
united-utilities:UUP00793:1789450920000,united-utilities:UUP00793,united-utilities,2026-09-15T05:42:00Z,2026-09-15T06:08:00Z,26,hub,2026-09-17T00:49:00Z,2026-09-17T00:49:00Z,true
united-utilities:UUP00793:1789619040000,united-utilities:UUP00793,united-utilities,2026-09-17T04:24:00Z,2026-09-17T04:46:00Z,22,hub,2026-09-17T11:32:49Z,2026-09-17T11:32:49Z,true
united-utilities:UUP00793:1789745400000,united-utilities:UUP00793,united-utilities,2026-09-18T15:30:00Z,2026-09-18T16:20:00Z,50,hub,2026-09-18T17:51:51Z,2026-09-18T17:51:51Z,true
united-utilities:UUP00793:1789754400000,united-utilities:UUP00793,united-utilities,2026-09-18T18:00:00Z,2026-09-18T18:14:00Z,14,hub,2026-09-18T18:42:49Z,2026-09-18T20:21:27Z,true
united-utilities:UUP00794:1788882120000,united-utilities:UUP00794,united-utilities,2026-09-08T15:42:00Z,2026-09-08T15:46:00Z,4,hub,2026-09-17T00:49:00Z,2026-09-17T00:49:00Z,true
united-utilities:UUP00795:1789448449000,united-utilities:UUP00795,united-utilities,2026-09-15T05:00:49Z,2026-09-15T05:04:08Z,3,hub,2026-09-17T00:49:00Z,2026-09-17T00:49:00Z,true
united-utilities:UUP00795:1789617856000,united-utilities:UUP00795,united-utilities,2026-09-17T04:04:16Z,2026-09-17T04:33:31Z,29,hub,2026-09-17T11:32:49Z,2026-09-17T11:32:49Z,true
united-utilities:UUP00795:1789750921000,united-utilities:UUP00795,united-utilities,2026-09-18T17:02:01Z,2026-09-18T19:09:46Z,128,hub,2026-09-18T17:51:51Z,2026-09-18T17:51:51Z,false
united-utilities:UUP00795:1789758586000,united-utilities:UUP00795,united-utilities,2026-09-18T19:09:46Z,2026-09-18T19:25:15Z,15,hub,2026-09-18T20:21:27Z,2026-09-18T20:21:27Z,true
united-utilities:UUP00795:1789765797000,united-utilities:UUP00795,united-utilities,2026-09-18T21:09:57Z,2026-09-18T23:10:51Z,121,hub,2026-09-18T22:43:41Z,2026-09-19T00:41:02Z,true
united-utilities:UUP00797:1789417509000,united-utilities:UUP00797,united-utilities,2026-09-14T20:25:09Z,2026-09-14T20:45:21Z,20,hub,2026-09-17T00:49:00Z,2026-09-17T00:49:00Z,true
united-utilities:UUP00799:1789445280000,united-utilities:UUP00799,united-utilities,2026-09-15T04:08:00Z,2026-09-15T04:28:00Z,20,hub,2026-09-17T00:49:00Z,2026-09-17T00:49:00Z,true
united-utilities:UUP00799:1789608240000,united-utilities:UUP00799,united-utilities,2026-09-17T01:24:00Z,2026-09-17T01:30:00Z,6,hub,2026-09-17T02:08:37Z,2026-09-17T02:08:37Z,true
united-utilities:UUP00799:1789612080000,united-utilities:UUP00799,united-utilities,2026-09-17T02:28:00Z,2026-09-17T02:44:00Z,16,hub,2026-09-17T11:32:49Z,2026-09-17T11:32:49Z,true
united-utilities:UUP00800:1789449480000,united-utilities:UUP00800,united-utilities,2026-09-15T05:18:00Z,2026-09-15T06:02:00Z,44,hub,2026-09-17T00:49:00Z,2026-09-17T00:49:00Z,true
united-utilities:UUP00801:1789450114000,united-utilities:UUP00801,united-utilities,2026-09-15T05:28:34Z,2026-09-15T06:41:19Z,73,hub,2026-09-17T00:49:00Z,2026-09-17T00:49:00Z,true
united-utilities:UUP00802:1788825190000,united-utilities:UUP00802,united-utilities,2026-09-07T23:53:10Z,2026-09-08T04:06:13Z,253,hub,2026-09-17T00:49:00Z,2026-09-17T00:49:00Z,true
united-utilities:UUP00805:1789440720000,united-utilities:UUP00805,united-utilities,2026-09-15T02:52:00Z,2026-09-15T02:58:00Z,6,hub,2026-09-17T00:49:00Z,2026-09-17T00:49:00Z,true
united-utilities:UUP00806:1788882240000,united-utilities:UUP00806,united-utilities,2026-09-08T15:44:00Z,2026-09-08T15:48:00Z,4,hub,2026-09-17T00:49:00Z,2026-09-17T00:49:00Z,true
united-utilities:UUP00809:1789591078000,united-utilities:UUP00809,united-utilities,2026-09-16T20:37:58Z,2026-09-16T20:41:59Z,4,hub,2026-09-17T00:49:00Z,2026-09-17T00:49:00Z,true
united-utilities:UUP00809:1789623633000,united-utilities:UUP00809,united-utilities,2026-09-17T05:40:33Z,2026-09-17T11:52:41Z,372,hub,2026-09-17T11:32:49Z,2026-09-17T13:51:58Z,true
united-utilities:UUP00809:1789655125941,united-utilities:UUP00809,united-utilities,2026-09-17T14:25:25Z,2026-09-17T14:28:16Z,3,hub,2026-09-17T15:38:08Z,2026-09-17T15:38:08Z,true
united-utilities:UUP00809:1789675702000,united-utilities:UUP00809,united-utilities,2026-09-17T20:08:22Z,2026-09-17T20:14:57Z,7,hub,2026-09-17T22:13:42Z,2026-09-17T22:13:42Z,true
united-utilities:UUP00809:1789757547000,united-utilities:UUP00809,united-utilities,2026-09-18T18:52:27Z,2026-09-18T21:54:23Z,182,hub,2026-09-18T20:21:27Z,2026-09-18T20:21:27Z,false
united-utilities:UUP00809:1789768463000,united-utilities:UUP00809,united-utilities,2026-09-18T21:54:23Z,,,hub,2026-09-18T22:43:41Z,2026-09-18T22:43:41Z,
united-utilities:UUP00811:1788815880000,united-utilities:UUP00811,united-utilities,2026-09-07T21:18:00Z,2026-09-07T21:22:00Z,4,hub,2026-09-17T00:49:00Z,2026-09-17T00:49:00Z,true
united-utilities:UUP00813:1789466880000,united-utilities:UUP00813,united-utilities,2026-09-15T10:08:00Z,2026-09-15T10:20:00Z,12,hub,2026-09-17T00:49:00Z,2026-09-17T00:49:00Z,true
united-utilities:UUP00813:1789614480000,united-utilities:UUP00813,united-utilities,2026-09-17T03:08:00Z,2026-09-17T03:22:00Z,14,hub,2026-09-17T11:32:49Z,2026-09-17T11:32:49Z,true
united-utilities:UUP00815:1789485290000,united-utilities:UUP00815,united-utilities,2026-09-15T15:14:50Z,2026-09-15T15:49:57Z,35,hub,2026-09-17T00:49:00Z,2026-09-17T00:49:00Z,true
united-utilities:UUP00816:1789508760000,united-utilities:UUP00816,united-utilities,2026-09-15T21:46:00Z,2026-09-15T21:54:00Z,8,hub,2026-09-17T00:49:00Z,2026-09-17T00:49:00Z,true
united-utilities:UUP00816:1789621080000,united-utilities:UUP00816,united-utilities,2026-09-17T04:58:00Z,2026-09-17T05:22:00Z,24,hub,2026-09-17T11:32:49Z,2026-09-17T11:32:49Z,true
united-utilities:UUP00816:1789743480000,united-utilities:UUP00816,united-utilities,2026-09-18T14:58:00Z,2026-09-18T16:52:00Z,114,hub,2026-09-18T17:51:51Z,2026-09-18T17:51:51Z,true
united-utilities:UUP00819:1788484800000,united-utilities:UUP00819,united-utilities,2026-09-04T01:20:00Z,2026-09-04T02:00:00Z,40,hub,2026-09-17T00:49:00Z,2026-09-17T00:49:00Z,true
united-utilities:UUP00820:1789449720000,united-utilities:UUP00820,united-utilities,2026-09-15T05:22:00Z,2026-09-15T06:10:00Z,48,hub,2026-09-17T00:49:00Z,2026-09-17T00:49:00Z,true
united-utilities:UUP00823:1789445640000,united-utilities:UUP00823,united-utilities,2026-09-15T04:14:00Z,2026-09-15T04:28:00Z,14,hub,2026-09-17T00:49:00Z,2026-09-17T00:49:00Z,true
united-utilities:UUP00824:1789443480000,united-utilities:UUP00824,united-utilities,2026-09-15T03:38:00Z,2026-09-15T03:42:00Z,4,hub,2026-09-17T00:49:00Z,2026-09-17T00:49:00Z,true
united-utilities:UUP00829:1789246920000,united-utilities:UUP00829,united-utilities,2026-09-12T21:02:00Z,2026-09-12T21:04:00Z,2,hub,2026-09-17T00:49:00Z,2026-09-17T00:49:00Z,true
united-utilities:UUP00829:1789742880000,united-utilities:UUP00829,united-utilities,2026-09-18T14:48:00Z,2026-09-18T16:54:00Z,126,hub,2026-09-18T15:18:24Z,2026-09-18T15:18:24Z,false
united-utilities:UUP00829:1789750440000,united-utilities:UUP00829,united-utilities,2026-09-18T16:54:00Z,2026-09-18T16:58:00Z,4,hub,2026-09-18T17:51:51Z,2026-09-18T17:51:51Z,true
united-utilities:UUP00829:1789752240000,united-utilities:UUP00829,united-utilities,2026-09-18T17:24:00Z,2026-09-18T17:32:00Z,8,hub,2026-09-18T18:02:06Z,2026-09-18T18:02:06Z,true
united-utilities:UUP00829:1789754280000,united-utilities:UUP00829,united-utilities,2026-09-18T17:58:00Z,2026-09-18T18:02:00Z,4,hub,2026-09-18T18:42:49Z,2026-09-18T18:42:49Z,true
united-utilities:UUP00829:1789759680000,united-utilities:UUP00829,united-utilities,2026-09-18T19:28:00Z,2026-09-18T19:32:00Z,4,hub,2026-09-18T20:21:27Z,2026-09-18T20:21:27Z,true
united-utilities:UUP00829:1789761960000,united-utilities:UUP00829,united-utilities,2026-09-18T20:06:00Z,2026-09-18T21:02:00Z,56,hub,2026-09-18T20:41:44Z,2026-09-18T20:41:44Z,false
united-utilities:UUP00829:1789765320000,united-utilities:UUP00829,united-utilities,2026-09-18T21:02:00Z,2026-09-18T22:02:00Z,60,hub,2026-09-18T22:43:41Z,2026-09-18T22:43:41Z,false
united-utilities:UUP00829:1789768920000,united-utilities:UUP00829,united-utilities,2026-09-18T22:02:00Z,2026-09-18T22:04:00Z,2,hub,2026-09-18T23:04:03Z,2026-09-18T23:04:03Z,true
united-utilities:UUP00829:1789771320000,united-utilities:UUP00829,united-utilities,2026-09-18T22:42:00Z,2026-09-18T23:12:00Z,30,hub,2026-09-18T23:24:25Z,2026-09-18T23:24:25Z,false
united-utilities:UUP00829:1789773120000,united-utilities:UUP00829,united-utilities,2026-09-18T23:12:00Z,2026-09-18T23:18:00Z,6,hub,2026-09-19T00:41:02Z,2026-09-19T00:41:02Z,true
united-utilities:UUP00829:1789775880000,united-utilities:UUP00829,united-utilities,2026-09-18T23:58:00Z,2026-09-19T00:02:00Z,4,hub,2026-09-19T00:51:12Z,2026-09-19T00:51:12Z,true
united-utilities:UUP00829:1789777680000,united-utilities:UUP00829,united-utilities,2026-09-19T00:28:00Z,2026-09-19T00:32:00Z,4,hub,2026-09-19T01:01:22Z,2026-09-19T01:01:22Z,true
united-utilities:UUP00831:1788491157000,united-utilities:UUP00831,united-utilities,2026-09-04T03:05:57Z,2026-09-04T03:56:47Z,51,hub,2026-09-17T00:49:00Z,2026-09-17T00:49:00Z,true
united-utilities:UUP00832:1789445528000,united-utilities:UUP00832,united-utilities,2026-09-15T04:12:08Z,2026-09-15T04:14:19Z,2,hub,2026-09-17T00:49:00Z,2026-09-17T00:49:00Z,true
united-utilities:UUP00832:1789614353000,united-utilities:UUP00832,united-utilities,2026-09-17T03:05:53Z,2026-09-17T03:07:58Z,2,hub,2026-09-17T11:32:49Z,2026-09-17T11:32:49Z,true
united-utilities:UUP00832:1789738546400,united-utilities:UUP00832,united-utilities,2026-09-18T13:35:46Z,2026-09-18T14:30:04Z,54,hub,2026-09-18T14:37:46Z,2026-09-18T14:37:46Z,false
united-utilities:UUP00832:1789741804400,united-utilities:UUP00832,united-utilities,2026-09-18T14:30:04Z,2026-09-18T16:15:35Z,106,hub,2026-09-18T14:58:06Z,2026-09-18T14:58:06Z,false
united-utilities:UUP00832:1789748135000,united-utilities:UUP00832,united-utilities,2026-09-18T16:15:35Z,2026-09-18T16:17:39Z,2,hub,2026-09-18T17:51:51Z,2026-09-18T17:51:51Z,true
united-utilities:UUP00834:1788807480000,united-utilities:UUP00834,united-utilities,2026-09-07T18:58:00Z,2026-09-07T19:14:00Z,16,hub,2026-09-17T00:49:00Z,2026-09-17T00:49:00Z,true
united-utilities:UUP00835:1788686640000,united-utilities:UUP00835,united-utilities,2026-09-06T09:24:00Z,2026-09-06T09:30:00Z,6,hub,2026-09-17T00:49:00Z,2026-09-17T00:49:00Z,true
united-utilities:UUP00837:1789603680000,united-utilities:UUP00837,united-utilities,2026-09-17T00:08:00Z,2026-09-17T02:27:45Z,140,hub,2026-09-17T00:49:00Z,2026-09-17T11:32:49Z,true
united-utilities:UUP00837:1789667040000,united-utilities:UUP00837,united-utilities,2026-09-17T17:44:00Z,2026-09-17T17:48:00Z,4,hub,2026-09-17T19:14:51Z,2026-09-17T19:14:51Z,true
united-utilities:UUP00837:1789740000000,united-utilities:UUP00837,united-utilities,2026-09-18T14:00:00Z,2026-09-18T15:40:00Z,100,hub,2026-09-18T14:37:46Z,2026-09-18T17:51:51Z,true
united-utilities:UUP00838:1789441200000,united-utilities:UUP00838,united-utilities,2026-09-15T03:00:00Z,2026-09-15T03:30:00Z,30,hub,2026-09-17T00:49:00Z,2026-09-17T00:49:00Z,true
united-utilities:UUP00838:1789604880000,united-utilities:UUP00838,united-utilities,2026-09-17T00:28:00Z,2026-09-17T01:32:00Z,64,hub,2026-09-17T02:08:37Z,2026-09-17T11:32:49Z,true
united-utilities:UUP00838:1789660560000,united-utilities:UUP00838,united-utilities,2026-09-17T15:56:00Z,2026-09-17T16:22:00Z,26,hub,2026-09-17T19:14:51Z,2026-09-17T19:14:51Z,true
united-utilities:UUP00838:1789740840000,united-utilities:UUP00838,united-utilities,2026-09-18T14:14:00Z,2026-09-18T14:40:00Z,26,hub,2026-09-18T14:58:06Z,2026-09-18T15:18:24Z,true
united-utilities:UUP00839:1789089112000,united-utilities:UUP00839,united-utilities,2026-09-11T01:11:52Z,2026-09-11T01:18:35Z,7,hub,2026-09-17T00:49:00Z,2026-09-17T00:49:00Z,true
united-utilities:UUP00841:1789496400000,united-utilities:UUP00841,united-utilities,2026-09-15T18:20:00Z,2026-09-15T18:26:00Z,6,hub,2026-09-17T00:49:00Z,2026-09-17T00:49:00Z,true
united-utilities:UUP00841:1789617720000,united-utilities:UUP00841,united-utilities,2026-09-17T04:02:00Z,2026-09-17T04:36:00Z,34,hub,2026-09-17T11:32:49Z,2026-09-17T11:32:49Z,true
united-utilities:UUP00842:1789432920000,united-utilities:UUP00842,united-utilities,2026-09-15T00:42:00Z,2026-09-15T08:09:25Z,447,hub,2026-09-17T00:49:00Z,2026-09-17T00:49:00Z,true
united-utilities:UUP00844:1789242240000,united-utilities:UUP00844,united-utilities,2026-09-12T19:44:00Z,2026-09-12T20:04:00Z,20,hub,2026-09-17T00:49:00Z,2026-09-17T00:49:00Z,true
united-utilities:UUP00847:1789556520000,united-utilities:UUP00847,united-utilities,2026-09-16T11:02:00Z,2026-09-16T11:06:00Z,4,hub,2026-09-17T00:49:00Z,2026-09-17T00:49:00Z,true
united-utilities:UUP00849:1788477360000,united-utilities:UUP00849,united-utilities,2026-09-03T23:16:00Z,2026-09-04T02:22:00Z,186,hub,2026-09-17T00:49:00Z,2026-09-17T00:49:00Z,true
united-utilities:UUP00850:1788817560000,united-utilities:UUP00850,united-utilities,2026-09-07T21:46:00Z,2026-09-07T21:50:00Z,4,hub,2026-09-17T00:49:00Z,2026-09-17T00:49:00Z,true
united-utilities:UUP00852:1788509640000,united-utilities:UUP00852,united-utilities,2026-09-04T08:14:00Z,2026-09-04T08:46:00Z,32,hub,2026-09-17T00:49:00Z,2026-09-17T00:49:00Z,true
united-utilities:UUP00852:1789776720000,united-utilities:UUP00852,united-utilities,2026-09-19T00:12:00Z,,,hub,2026-09-19T01:01:22Z,2026-09-19T01:01:22Z,
united-utilities:UUP00853:1788485520000,united-utilities:UUP00853,united-utilities,2026-09-04T01:32:00Z,2026-09-04T01:52:00Z,20,hub,2026-09-17T00:49:00Z,2026-09-17T00:49:00Z,true
united-utilities:UUP00854:1788488207000,united-utilities:UUP00854,united-utilities,2026-09-04T02:16:47Z,2026-09-04T02:57:54Z,41,hub,2026-09-17T00:49:00Z,2026-09-17T00:49:00Z,true
united-utilities:UUP00855:1789195920000,united-utilities:UUP00855,united-utilities,2026-09-12T06:52:00Z,2026-09-12T09:48:00Z,176,hub,2026-09-17T00:49:00Z,2026-09-17T00:49:00Z,true
united-utilities:UUP00857:1788481560000,united-utilities:UUP00857,united-utilities,2026-09-04T00:26:00Z,2026-09-04T02:22:00Z,116,hub,2026-09-17T00:49:00Z,2026-09-17T00:49:00Z,true
united-utilities:UUP00859:1789552080000,united-utilities:UUP00859,united-utilities,2026-09-16T09:48:00Z,2026-09-16T10:04:00Z,16,hub,2026-09-17T00:49:00Z,2026-09-17T00:49:00Z,true
united-utilities:UUP00859:1789619160000,united-utilities:UUP00859,united-utilities,2026-09-17T04:26:00Z,2026-09-17T04:40:00Z,14,hub,2026-09-17T11:32:49Z,2026-09-17T11:32:49Z,true
united-utilities:UUP00859:1789750080000,united-utilities:UUP00859,united-utilities,2026-09-18T16:48:00Z,2026-09-18T16:58:00Z,10,hub,2026-09-18T17:51:51Z,2026-09-18T17:51:51Z,true
united-utilities:UUP00859:1789773960000,united-utilities:UUP00859,united-utilities,2026-09-18T23:26:00Z,2026-09-18T23:34:00Z,8,hub,2026-09-19T00:41:02Z,2026-09-19T00:41:02Z,true
united-utilities:UUP00860:1789197480000,united-utilities:UUP00860,united-utilities,2026-09-12T07:18:00Z,2026-09-12T07:24:00Z,6,hub,2026-09-17T00:49:00Z,2026-09-17T00:49:00Z,true
united-utilities:UUP00861:1789440960000,united-utilities:UUP00861,united-utilities,2026-09-15T02:56:00Z,2026-09-15T03:12:00Z,16,hub,2026-09-17T00:49:00Z,2026-09-17T00:49:00Z,true
united-utilities:UUP00861:1789607280000,united-utilities:UUP00861,united-utilities,2026-09-17T01:08:00Z,2026-09-17T01:16:00Z,8,hub,2026-09-17T02:08:37Z,2026-09-17T02:08:37Z,true
united-utilities:UUP00861:1789660560000,united-utilities:UUP00861,united-utilities,2026-09-17T15:56:00Z,2026-09-17T16:10:00Z,14,hub,2026-09-17T19:14:51Z,2026-09-17T19:14:51Z,true
united-utilities:UUP00861:1789740240000,united-utilities:UUP00861,united-utilities,2026-09-18T14:04:00Z,2026-09-18T14:30:00Z,26,hub,2026-09-18T14:37:46Z,2026-09-18T15:18:24Z,true
united-utilities:UUP00862:1789199400000,united-utilities:UUP00862,united-utilities,2026-09-12T07:50:00Z,2026-09-12T08:00:00Z,10,hub,2026-09-17T00:49:00Z,2026-09-17T00:49:00Z,true
united-utilities:UUP00863:1789446874000,united-utilities:UUP00863,united-utilities,2026-09-15T04:34:34Z,2026-09-15T04:55:44Z,21,hub,2026-09-17T00:49:00Z,2026-09-17T00:49:00Z,true
united-utilities:UUP00866:1789467600000,united-utilities:UUP00866,united-utilities,2026-09-15T10:20:00Z,2026-09-15T10:38:00Z,18,hub,2026-09-17T00:49:00Z,2026-09-17T00:49:00Z,true
united-utilities:UUP00867:1788826200000,united-utilities:UUP00867,united-utilities,2026-09-08T00:10:00Z,2026-09-08T02:06:00Z,116,hub,2026-09-17T00:49:00Z,2026-09-17T00:49:00Z,true
united-utilities:UUP00867:1789618080000,united-utilities:UUP00867,united-utilities,2026-09-17T04:08:00Z,2026-09-17T04:52:00Z,44,hub,2026-09-17T11:32:49Z,2026-09-17T11:32:49Z,true
united-utilities:UUP00867:1789749251000,united-utilities:UUP00867,united-utilities,2026-09-18T16:26:00Z,2026-09-18T18:58:00Z,152,hub,2026-09-18T17:51:51Z,2026-09-18T20:21:27Z,true
united-utilities:UUP00867:1789767480000,united-utilities:UUP00867,united-utilities,2026-09-18T21:38:00Z,2026-09-18T22:28:00Z,50,hub,2026-09-18T22:43:41Z,2026-09-18T23:24:25Z,true
united-utilities:UUP00868:1789191480000,united-utilities:UUP00868,united-utilities,2026-09-12T05:38:00Z,2026-09-12T09:00:00Z,202,hub,2026-09-17T00:49:00Z,2026-09-17T00:49:00Z,true
united-utilities:UUP00869:1789472841000,united-utilities:UUP00869,united-utilities,2026-09-15T11:47:21Z,2026-09-15T11:49:29Z,2,hub,2026-09-17T00:49:00Z,2026-09-17T00:49:00Z,true
united-utilities:UUP00869:1789623348000,united-utilities:UUP00869,united-utilities,2026-09-17T05:35:48Z,2026-09-17T05:58:10Z,22,hub,2026-09-17T11:32:49Z,2026-09-17T11:32:49Z,true
united-utilities:UUP00869:1789774771000,united-utilities:UUP00869,united-utilities,2026-09-18T23:39:31Z,2026-09-18T23:50:43Z,11,hub,2026-09-19T00:41:02Z,2026-09-19T00:41:02Z,true
united-utilities:UUP00871:1789540800000,united-utilities:UUP00871,united-utilities,2026-09-16T06:40:00Z,2026-09-16T06:56:00Z,16,hub,2026-09-17T00:49:00Z,2026-09-17T00:49:00Z,true
united-utilities:UUP00871:1789617000000,united-utilities:UUP00871,united-utilities,2026-09-17T03:50:00Z,2026-09-17T06:10:00Z,140,hub,2026-09-17T11:32:49Z,2026-09-17T11:32:49Z,true
united-utilities:UUP00871:1789649410000,united-utilities:UUP00871,united-utilities,2026-09-17T12:50:10Z,2026-09-17T13:06:00Z,16,hub,2026-09-17T13:51:58Z,2026-09-17T13:51:58Z,true
united-utilities:UUP00871:1789668960000,united-utilities:UUP00871,united-utilities,2026-09-17T18:16:00Z,2026-09-17T18:36:00Z,20,hub,2026-09-17T19:14:51Z,2026-09-17T19:14:51Z,true
united-utilities:UUP00871:1789670400000,united-utilities:UUP00871,united-utilities,2026-09-17T18:40:00Z,2026-09-17T19:20:00Z,40,hub,2026-09-17T22:13:42Z,2026-09-17T22:13:42Z,true
united-utilities:UUP00871:1789742880000,united-utilities:UUP00871,united-utilities,2026-09-18T14:48:00Z,2026-09-18T19:30:00Z,282,hub,2026-09-18T15:18:24Z,2026-09-18T20:21:27Z,true
united-utilities:UUP00871:1789773960000,united-utilities:UUP00871,united-utilities,2026-09-18T23:26:00Z,2026-09-19T00:18:00Z,52,hub,2026-09-19T00:41:02Z,2026-09-19T01:01:22Z,true
united-utilities:UUP00872:1788881760000,united-utilities:UUP00872,united-utilities,2026-09-08T15:36:00Z,2026-09-08T15:54:00Z,18,hub,2026-09-17T00:49:00Z,2026-09-17T00:49:00Z,true
united-utilities:UUP00873:1789199839000,united-utilities:UUP00873,united-utilities,2026-09-12T07:57:19Z,2026-09-12T08:02:02Z,5,hub,2026-09-17T00:49:00Z,2026-09-17T00:49:00Z,true
united-utilities:UUP00874:1789507200000,united-utilities:UUP00874,united-utilities,2026-09-15T21:20:00Z,2026-09-15T22:12:00Z,52,hub,2026-09-17T00:49:00Z,2026-09-17T00:49:00Z,true
united-utilities:UUP00874:1789621560000,united-utilities:UUP00874,united-utilities,2026-09-17T05:06:00Z,2026-09-17T05:28:00Z,22,hub,2026-09-17T11:32:49Z,2026-09-17T11:32:49Z,true
united-utilities:UUP00874:1789744200000,united-utilities:UUP00874,united-utilities,2026-09-18T15:10:00Z,2026-09-18T17:00:00Z,110,hub,2026-09-18T17:51:51Z,2026-09-18T17:51:51Z,true
united-utilities:UUP00876:1789238040000,united-utilities:UUP00876,united-utilities,2026-09-12T18:34:00Z,2026-09-12T19:24:00Z,50,hub,2026-09-17T00:49:00Z,2026-09-17T00:49:00Z,true
united-utilities:UUP00876:1789623480000,united-utilities:UUP00876,united-utilities,2026-09-17T05:38:00Z,2026-09-17T06:04:00Z,26,hub,2026-09-17T11:32:49Z,2026-09-17T11:32:49Z,true
united-utilities:UUP00878:1789506480000,united-utilities:UUP00878,united-utilities,2026-09-15T21:08:00Z,2026-09-15T21:58:00Z,50,hub,2026-09-17T00:49:00Z,2026-09-17T00:49:00Z,true
united-utilities:UUP00882:1788817385000,united-utilities:UUP00882,united-utilities,2026-09-07T21:43:05Z,2026-09-07T21:50:45Z,8,hub,2026-09-17T00:49:00Z,2026-09-17T00:49:00Z,true
united-utilities:UUP00884:1789507800000,united-utilities:UUP00884,united-utilities,2026-09-15T21:30:00Z,2026-09-15T21:52:00Z,22,hub,2026-09-17T00:49:00Z,2026-09-17T00:49:00Z,true
united-utilities:UUP00884:1789621080000,united-utilities:UUP00884,united-utilities,2026-09-17T04:58:00Z,2026-09-17T05:20:00Z,22,hub,2026-09-17T11:32:49Z,2026-09-17T11:32:49Z,true
united-utilities:UUP00884:1789748640000,united-utilities:UUP00884,united-utilities,2026-09-18T16:24:00Z,2026-09-18T16:46:00Z,22,hub,2026-09-18T17:51:51Z,2026-09-18T17:51:51Z,true
united-utilities:UUP00886:1788808920000,united-utilities:UUP00886,united-utilities,2026-09-07T19:22:00Z,2026-09-07T19:34:00Z,12,hub,2026-09-17T00:49:00Z,2026-09-17T00:49:00Z,true
united-utilities:UUP00887:1789508280000,united-utilities:UUP00887,united-utilities,2026-09-15T21:38:00Z,2026-09-15T21:48:00Z,10,hub,2026-09-17T00:49:00Z,2026-09-17T00:49:00Z,true
united-utilities:UUP00887:1789619880000,united-utilities:UUP00887,united-utilities,2026-09-17T04:38:00Z,2026-09-17T05:10:00Z,32,hub,2026-09-17T11:32:49Z,2026-09-17T11:32:49Z,true
united-utilities:UUP00887:1789746360000,united-utilities:UUP00887,united-utilities,2026-09-18T15:46:00Z,2026-09-18T15:54:00Z,8,hub,2026-09-18T17:51:51Z,2026-09-18T17:51:51Z,true
united-utilities:UUP00888:1789444916000,united-utilities:UUP00888,united-utilities,2026-09-15T04:01:56Z,2026-09-15T04:27:30Z,26,hub,2026-09-17T00:49:00Z,2026-09-17T00:49:00Z,true
united-utilities:UUP00888:1789616324000,united-utilities:UUP00888,united-utilities,2026-09-17T03:38:44Z,2026-09-17T03:50:33Z,12,hub,2026-09-17T11:32:49Z,2026-09-17T11:32:49Z,true
united-utilities:UUP00888:1789740931200,united-utilities:UUP00888,united-utilities,2026-09-18T14:15:31Z,2026-09-18T15:13:14Z,58,hub,2026-09-18T14:37:46Z,2026-09-18T14:37:46Z,false
united-utilities:UUP00888:1789744394000,united-utilities:UUP00888,united-utilities,2026-09-18T15:13:14Z,2026-09-18T16:04:07Z,51,hub,2026-09-18T17:51:51Z,2026-09-18T17:51:51Z,true
united-utilities:UUP00889:1788774127000,united-utilities:UUP00889,united-utilities,2026-09-07T09:42:07Z,2026-09-07T11:19:44Z,98,hub,2026-09-17T00:49:00Z,2026-09-17T00:49:00Z,true
united-utilities:UUP00889:1789749726000,united-utilities:UUP00889,united-utilities,2026-09-18T16:42:06Z,2026-09-18T17:13:43Z,32,hub,2026-09-18T17:51:51Z,2026-09-18T17:51:51Z,true
united-utilities:UUP00890:1789200076000,united-utilities:UUP00890,united-utilities,2026-09-12T08:01:16Z,2026-09-12T08:19:50Z,19,hub,2026-09-17T00:49:00Z,2026-09-17T00:49:00Z,true
united-utilities:UUP00891:1788814800000,united-utilities:UUP00891,united-utilities,2026-09-07T21:00:00Z,2026-09-07T21:04:00Z,4,hub,2026-09-17T00:49:00Z,2026-09-17T00:49:00Z,true
united-utilities:UUP00892:1788818400000,united-utilities:UUP00892,united-utilities,2026-09-07T22:00:00Z,2026-09-07T22:14:00Z,14,hub,2026-09-17T00:49:00Z,2026-09-17T00:49:00Z,true
united-utilities:UUP00897:1788881880000,united-utilities:UUP00897,united-utilities,2026-09-08T15:38:00Z,2026-09-08T16:04:00Z,26,hub,2026-09-17T00:49:00Z,2026-09-17T00:49:00Z,true
united-utilities:UUP00898:1789745400000,united-utilities:UUP00898,united-utilities,2026-09-18T15:30:00Z,2026-09-18T15:52:00Z,22,hub,2026-09-18T17:51:51Z,2026-09-18T17:51:51Z,true
united-utilities:UUP00899:1788483451000,united-utilities:UUP00899,united-utilities,2026-09-04T00:57:31Z,2026-09-04T02:56:16Z,119,hub,2026-09-17T00:49:00Z,2026-09-17T00:49:00Z,true
united-utilities:UUP00899:1789745811000,united-utilities:UUP00899,united-utilities,2026-09-18T15:36:51Z,2026-09-18T15:55:43Z,19,hub,2026-09-18T17:51:51Z,2026-09-18T17:51:51Z,true
united-utilities:UUP00900:1789435124000,united-utilities:UUP00900,united-utilities,2026-09-15T01:18:44Z,2026-09-15T01:22:58Z,4,hub,2026-09-17T00:49:00Z,2026-09-17T00:49:00Z,true
united-utilities:UUP00900:1789740980200,united-utilities:UUP00900,united-utilities,2026-09-18T14:16:20Z,2026-09-18T14:20:46Z,4,hub,2026-09-18T14:37:46Z,2026-09-18T14:58:06Z,true
united-utilities:UUP00900:1789744002000,united-utilities:UUP00900,united-utilities,2026-09-18T15:06:42Z,2026-09-18T15:10:02Z,3,hub,2026-09-18T17:51:51Z,2026-09-18T17:51:51Z,true
united-utilities:UUP00901:1789507320000,united-utilities:UUP00901,united-utilities,2026-09-15T21:22:00Z,2026-09-15T22:04:00Z,42,hub,2026-09-17T00:49:00Z,2026-09-17T00:49:00Z,true
united-utilities:UUP00901:1789746000000,united-utilities:UUP00901,united-utilities,2026-09-18T15:40:00Z,2026-09-18T15:50:00Z,10,hub,2026-09-18T17:51:51Z,2026-09-18T17:51:51Z,true
united-utilities:UUP00902:1788572880000,united-utilities:UUP00902,united-utilities,2026-09-05T01:48:00Z,2026-09-05T03:08:00Z,80,hub,2026-09-17T00:49:00Z,2026-09-17T00:49:00Z,true
united-utilities:UUP00902:1789624320000,united-utilities:UUP00902,united-utilities,2026-09-17T05:52:00Z,2026-09-17T06:58:00Z,66,hub,2026-09-17T11:32:49Z,2026-09-17T11:32:49Z,true
united-utilities:UUP00902:1789745640000,united-utilities:UUP00902,united-utilities,2026-09-18T15:34:00Z,2026-09-18T18:28:00Z,174,hub,2026-09-18T17:51:51Z,2026-09-18T20:21:27Z,true
united-utilities:UUP00903:1789507080000,united-utilities:UUP00903,united-utilities,2026-09-15T21:18:00Z,2026-09-15T22:40:00Z,82,hub,2026-09-17T00:49:00Z,2026-09-17T00:49:00Z,true
united-utilities:UUP00903:1789620480000,united-utilities:UUP00903,united-utilities,2026-09-17T04:48:00Z,2026-09-17T05:12:00Z,24,hub,2026-09-17T11:32:49Z,2026-09-17T11:32:49Z,true
united-utilities:UUP00904:1789447920000,united-utilities:UUP00904,united-utilities,2026-09-15T04:52:00Z,2026-09-15T05:10:00Z,18,hub,2026-09-17T00:49:00Z,2026-09-17T00:49:00Z,true
united-utilities:UUP00904:1789617720000,united-utilities:UUP00904,united-utilities,2026-09-17T04:02:00Z,2026-09-17T04:14:00Z,12,hub,2026-09-17T11:32:49Z,2026-09-17T11:32:49Z,true
united-utilities:UUP00904:1789746240000,united-utilities:UUP00904,united-utilities,2026-09-18T15:44:00Z,2026-09-18T15:50:00Z,6,hub,2026-09-18T17:51:51Z,2026-09-18T17:51:51Z,true
united-utilities:UUP00905:1789507680000,united-utilities:UUP00905,united-utilities,2026-09-15T21:28:00Z,2026-09-15T21:52:00Z,24,hub,2026-09-17T00:49:00Z,2026-09-17T00:49:00Z,true
united-utilities:UUP00907:1788886800000,united-utilities:UUP00907,united-utilities,2026-09-08T17:00:00Z,2026-09-08T17:20:00Z,20,hub,2026-09-17T00:49:00Z,2026-09-17T00:49:00Z,true
united-utilities:UUP00909:1788481680000,united-utilities:UUP00909,united-utilities,2026-09-04T00:28:00Z,2026-09-04T02:00:00Z,92,hub,2026-09-17T00:49:00Z,2026-09-17T00:49:00Z,true
united-utilities:UUP00909:1789614840000,united-utilities:UUP00909,united-utilities,2026-09-17T03:14:00Z,2026-09-17T03:36:00Z,22,hub,2026-09-17T11:32:49Z,2026-09-17T11:32:49Z,true
united-utilities:UUP00909:1789745760000,united-utilities:UUP00909,united-utilities,2026-09-18T15:36:00Z,2026-09-18T16:58:00Z,82,hub,2026-09-18T17:51:51Z,2026-09-18T17:51:51Z,true
united-utilities:UUP00914:1789508640000,united-utilities:UUP00914,united-utilities,2026-09-15T21:44:00Z,2026-09-15T21:46:00Z,2,hub,2026-09-17T00:49:00Z,2026-09-17T00:49:00Z,true
united-utilities:UUP00915:1788487800000,united-utilities:UUP00915,united-utilities,2026-09-04T02:10:00Z,2026-09-04T02:24:00Z,14,hub,2026-09-17T00:49:00Z,2026-09-17T00:49:00Z,true
united-utilities:UUP00918:1789434240000,united-utilities:UUP00918,united-utilities,2026-09-15T01:04:00Z,2026-09-15T01:32:00Z,28,hub,2026-09-17T00:49:00Z,2026-09-17T00:49:00Z,true
united-utilities:UUP00918:1789608360000,united-utilities:UUP00918,united-utilities,2026-09-17T01:26:00Z,2026-09-17T03:32:00Z,126,hub,2026-09-17T02:08:37Z,2026-09-17T02:08:37Z,false
united-utilities:UUP00918:1789615920000,united-utilities:UUP00918,united-utilities,2026-09-17T03:32:00Z,2026-09-17T03:36:00Z,4,hub,2026-09-17T11:32:49Z,2026-09-17T11:32:49Z,true
united-utilities:UUP00918:1789736160000,united-utilities:UUP00918,united-utilities,2026-09-18T12:56:00Z,2026-09-18T14:30:00Z,94,hub,2026-09-18T14:37:46Z,2026-09-18T14:37:46Z,false
united-utilities:UUP00918:1789741800000,united-utilities:UUP00918,united-utilities,2026-09-18T14:30:00Z,2026-09-18T15:20:00Z,50,hub,2026-09-18T17:51:51Z,2026-09-18T17:51:51Z,true
united-utilities:UUP00919:1789470062000,united-utilities:UUP00919,united-utilities,2026-09-15T11:01:02Z,2026-09-15T11:05:41Z,5,hub,2026-09-17T00:49:00Z,2026-09-17T00:49:00Z,true
united-utilities:UUP00919:1789631336000,united-utilities:UUP00919,united-utilities,2026-09-17T07:48:56Z,2026-09-17T07:53:04Z,4,hub,2026-09-17T11:32:49Z,2026-09-17T11:32:49Z,true
united-utilities:UUP00919:1789742326200,united-utilities:UUP00919,united-utilities,2026-09-18T14:38:46Z,2026-09-18T22:16:10Z,457,hub,2026-09-18T15:18:24Z,2026-09-18T15:18:24Z,false
united-utilities:UUP00919:1789769770000,united-utilities:UUP00919,united-utilities,2026-09-18T22:16:10Z,2026-09-18T22:29:28Z,13,hub,2026-09-18T22:43:41Z,2026-09-18T23:04:03Z,true
united-utilities:UUP00919:1789774539000,united-utilities:UUP00919,united-utilities,2026-09-18T23:35:39Z,2026-09-18T23:44:59Z,9,hub,2026-09-19T00:41:02Z,2026-09-19T00:41:02Z,true
united-utilities:UUP00922:1789623360000,united-utilities:UUP00922,united-utilities,2026-09-17T05:36:00Z,2026-09-17T05:44:00Z,8,hub,2026-09-17T11:32:49Z,2026-09-17T11:32:49Z,true
united-utilities:UUP00924:1789439612000,united-utilities:UUP00924,united-utilities,2026-09-15T02:33:32Z,2026-09-15T03:52:29Z,79,hub,2026-09-17T00:49:00Z,2026-09-17T00:49:00Z,true
united-utilities:UUP00924:1789633332000,united-utilities:UUP00924,united-utilities,2026-09-17T08:22:12Z,2026-09-18T14:23:28Z,1801,hub,2026-09-17T11:32:49Z,2026-09-17T11:32:49Z,false
united-utilities:UUP00924:1789741408580,united-utilities:UUP00924,united-utilities,2026-09-18T14:23:28Z,2026-09-18T15:29:14Z,66,hub,2026-09-18T14:58:06Z,2026-09-18T17:51:51Z,true
united-utilities:UUP00925:1788490333000,united-utilities:UUP00925,united-utilities,2026-09-04T02:52:13Z,2026-09-04T03:37:38Z,45,hub,2026-09-17T00:49:00Z,2026-09-17T00:49:00Z,true
united-utilities:UUP00926:1789420356000,united-utilities:UUP00926,united-utilities,2026-09-14T21:12:36Z,2026-09-14T21:32:11Z,20,hub,2026-09-17T00:49:00Z,2026-09-17T00:49:00Z,true
united-utilities:UUP00926:1789661927000,united-utilities:UUP00926,united-utilities,2026-09-17T16:18:47Z,2026-09-17T16:39:23Z,21,hub,2026-09-17T19:14:51Z,2026-09-17T19:14:51Z,true
united-utilities:UUP00927:1789443720000,united-utilities:UUP00927,united-utilities,2026-09-15T03:42:00Z,2026-09-15T04:38:00Z,56,hub,2026-09-17T00:49:00Z,2026-09-17T00:49:00Z,true
united-utilities:UUP00927:1789605720000,united-utilities:UUP00927,united-utilities,2026-09-17T00:42:00Z,2026-09-17T02:12:00Z,90,hub,2026-09-17T02:08:37Z,2026-09-17T11:32:49Z,true
united-utilities:UUP00928:1789244523000,united-utilities:UUP00928,united-utilities,2026-09-12T20:22:03Z,2026-09-12T22:12:28Z,110,hub,2026-09-17T00:49:00Z,2026-09-17T00:49:00Z,true
united-utilities:UUP00929:1789537320000,united-utilities:UUP00929,united-utilities,2026-09-16T05:42:00Z,2026-09-16T06:06:00Z,24,hub,2026-09-17T00:49:00Z,2026-09-17T00:49:00Z,true
united-utilities:UUP00929:1789624200000,united-utilities:UUP00929,united-utilities,2026-09-17T05:50:00Z,2026-09-17T06:08:00Z,18,hub,2026-09-17T11:32:49Z,2026-09-17T11:32:49Z,true
united-utilities:UUP00931:1789419850000,united-utilities:UUP00931,united-utilities,2026-09-14T21:04:10Z,2026-09-14T21:20:44Z,17,hub,2026-09-17T00:49:00Z,2026-09-17T00:49:00Z,true
united-utilities:UUP00931:1789661992000,united-utilities:UUP00931,united-utilities,2026-09-17T16:19:52Z,2026-09-17T16:25:45Z,6,hub,2026-09-17T19:14:51Z,2026-09-17T19:14:51Z,true
united-utilities:UUP00933:1788816120000,united-utilities:UUP00933,united-utilities,2026-09-07T21:22:00Z,2026-09-07T21:28:00Z,6,hub,2026-09-17T00:49:00Z,2026-09-17T00:49:00Z,true
united-utilities:UUP00935:1789448293000,united-utilities:UUP00935,united-utilities,2026-09-15T04:58:13Z,2026-09-15T05:10:28Z,12,hub,2026-09-17T00:49:00Z,2026-09-17T00:49:00Z,true
united-utilities:UUP00935:1789754261000,united-utilities:UUP00935,united-utilities,2026-09-18T17:57:41Z,2026-09-18T18:11:06Z,13,hub,2026-09-18T18:22:27Z,2026-09-18T18:42:49Z,true
united-utilities:UUP00935:1789759837000,united-utilities:UUP00935,united-utilities,2026-09-18T19:30:37Z,2026-09-18T19:59:32Z,29,hub,2026-09-18T20:21:27Z,2026-09-18T20:41:44Z,true
united-utilities:UUP00936:1789202831000,united-utilities:UUP00936,united-utilities,2026-09-12T08:47:11Z,2026-09-12T09:18:55Z,32,hub,2026-09-17T00:49:00Z,2026-09-17T00:49:00Z,true
united-utilities:UUP00936:1789754105000,united-utilities:UUP00936,united-utilities,2026-09-18T17:55:05Z,2026-09-18T19:30:11Z,95,hub,2026-09-18T18:22:27Z,2026-09-18T18:22:27Z,false
united-utilities:UUP00936:1789759811000,united-utilities:UUP00936,united-utilities,2026-09-18T19:30:11Z,2026-09-18T19:59:24Z,29,hub,2026-09-18T20:21:27Z,2026-09-18T20:41:44Z,true
united-utilities:UUP00937:1788814200000,united-utilities:UUP00937,united-utilities,2026-09-07T20:50:00Z,2026-09-07T21:56:00Z,66,hub,2026-09-17T00:49:00Z,2026-09-17T00:49:00Z,true
united-utilities:UUP00941:1788838320000,united-utilities:UUP00941,united-utilities,2026-09-08T03:32:00Z,2026-09-08T03:44:00Z,12,hub,2026-09-17T00:49:00Z,2026-09-17T00:49:00Z,true
united-utilities:UUP00941:1789631160000,united-utilities:UUP00941,united-utilities,2026-09-17T07:46:00Z,2026-09-17T08:04:00Z,18,hub,2026-09-17T11:32:49Z,2026-09-17T11:32:49Z,true
united-utilities:UUP00942:1789407326000,united-utilities:UUP00942,united-utilities,2026-09-14T17:35:26Z,2026-09-14T17:37:14Z,2,hub,2026-09-17T00:49:00Z,2026-09-17T00:49:00Z,true
united-utilities:UUP00944:1788812880000,united-utilities:UUP00944,united-utilities,2026-09-07T20:28:00Z,2026-09-07T20:34:00Z,6,hub,2026-09-17T00:49:00Z,2026-09-17T00:49:00Z,true
united-utilities:UUP00946:1789043507000,united-utilities:UUP00946,united-utilities,2026-09-10T12:31:47Z,2026-09-10T12:48:36Z,17,hub,2026-09-17T00:49:00Z,2026-09-17T00:49:00Z,true
united-utilities:UUP00948:1788478254000,united-utilities:UUP00948,united-utilities,2026-09-03T23:30:54Z,2026-09-04T14:41:40Z,911,hub,2026-09-17T00:49:00Z,2026-09-17T00:49:00Z,true
united-utilities:UUP00949:1788810720000,united-utilities:UUP00949,united-utilities,2026-09-07T19:52:00Z,2026-09-07T20:00:00Z,8,hub,2026-09-17T00:49:00Z,2026-09-17T00:49:00Z,true
united-utilities:UUP00949:1789619040000,united-utilities:UUP00949,united-utilities,2026-09-17T04:24:00Z,2026-09-17T04:32:00Z,8,hub,2026-09-17T11:32:49Z,2026-09-17T11:32:49Z,true
united-utilities:UUP00951:1788885480000,united-utilities:UUP00951,united-utilities,2026-09-08T16:38:00Z,2026-09-08T17:50:00Z,72,hub,2026-09-17T00:49:00Z,2026-09-17T00:49:00Z,true
united-utilities:UUP00951:1789752000000,united-utilities:UUP00951,united-utilities,2026-09-18T17:20:00Z,2026-09-18T19:16:00Z,116,hub,2026-09-18T18:22:27Z,2026-09-18T20:21:27Z,true
united-utilities:UUP00953:1788483545000,united-utilities:UUP00953,united-utilities,2026-09-04T00:59:05Z,2026-09-04T03:11:11Z,132,hub,2026-09-17T00:49:00Z,2026-09-17T00:49:00Z,true
united-utilities:UUP00954:1789204680000,united-utilities:UUP00954,united-utilities,2026-09-12T09:18:00Z,2026-09-12T09:48:00Z,30,hub,2026-09-17T00:49:00Z,2026-09-17T00:49:00Z,true
united-utilities:UUP00954:1789618440000,united-utilities:UUP00954,united-utilities,2026-09-17T04:14:00Z,2026-09-17T04:36:00Z,22,hub,2026-09-17T11:32:49Z,2026-09-17T11:32:49Z,true
united-utilities:UUP00954:1789743720000,united-utilities:UUP00954,united-utilities,2026-09-18T15:02:00Z,2026-09-18T15:08:00Z,6,hub,2026-09-18T17:51:51Z,2026-09-18T17:51:51Z,true
united-utilities:UUP00955:1789198678000,united-utilities:UUP00955,united-utilities,2026-09-12T07:37:58Z,2026-09-12T14:50:02Z,432,hub,2026-09-17T00:49:00Z,2026-09-17T00:49:00Z,true
united-utilities:UUP00955:1789616284000,united-utilities:UUP00955,united-utilities,2026-09-17T03:38:04Z,2026-09-17T08:59:28Z,321,hub,2026-09-17T11:32:49Z,2026-09-17T11:32:49Z,true
united-utilities:UUP00956:1789470240000,united-utilities:UUP00956,united-utilities,2026-09-15T11:04:00Z,2026-09-15T11:48:00Z,44,hub,2026-09-17T00:49:00Z,2026-09-17T00:49:00Z,true
united-utilities:UUP00957:1789239840000,united-utilities:UUP00957,united-utilities,2026-09-12T19:04:00Z,2026-09-12T19:08:00Z,4,hub,2026-09-17T00:49:00Z,2026-09-17T00:49:00Z,true
united-utilities:UUP00959:1788485160000,united-utilities:UUP00959,united-utilities,2026-09-04T01:26:00Z,2026-09-04T03:30:00Z,124,hub,2026-09-17T00:49:00Z,2026-09-17T00:49:00Z,true
united-utilities:UUP00960:1789555200000,united-utilities:UUP00960,united-utilities,2026-09-16T10:40:00Z,2026-09-16T11:14:00Z,34,hub,2026-09-17T00:49:00Z,2026-09-17T00:49:00Z,true
united-utilities:UUP00960:1789624200000,united-utilities:UUP00960,united-utilities,2026-09-17T05:50:00Z,2026-09-17T06:16:00Z,26,hub,2026-09-17T11:32:49Z,2026-09-17T11:32:49Z,true
united-utilities:UUP00961:1789440720000,united-utilities:UUP00961,united-utilities,2026-09-15T02:52:00Z,2026-09-15T03:00:00Z,8,hub,2026-09-17T00:49:00Z,2026-09-17T00:49:00Z,true
united-utilities:UUP00961:1789607640000,united-utilities:UUP00961,united-utilities,2026-09-17T01:14:00Z,2026-09-17T01:20:00Z,6,hub,2026-09-17T11:32:49Z,2026-09-17T11:32:49Z,true
united-utilities:UUP00961:1789739880000,united-utilities:UUP00961,united-utilities,2026-09-18T13:58:00Z,2026-09-18T14:54:00Z,56,hub,2026-09-18T14:37:46Z,2026-09-18T17:51:51Z,true
united-utilities:UUP00962:1789508280000,united-utilities:UUP00962,united-utilities,2026-09-15T21:38:00Z,2026-09-15T22:08:00Z,30,hub,2026-09-17T00:49:00Z,2026-09-17T00:49:00Z,true
united-utilities:UUP00962:1789747680000,united-utilities:UUP00962,united-utilities,2026-09-18T16:08:00Z,2026-09-18T16:46:00Z,38,hub,2026-09-18T17:51:51Z,2026-09-18T17:51:51Z,true
united-utilities:UUP00963:1788463800000,united-utilities:UUP00963,united-utilities,2026-09-03T19:30:00Z,2026-09-03T19:34:00Z,4,hub,2026-09-17T00:49:00Z,2026-09-17T00:49:00Z,true
united-utilities:UUP00965:1789549080000,united-utilities:UUP00965,united-utilities,2026-09-16T08:58:00Z,2026-09-16T09:10:00Z,12,hub,2026-09-17T00:49:00Z,2026-09-17T00:49:00Z,true
united-utilities:UUP00965:1789619400000,united-utilities:UUP00965,united-utilities,2026-09-17T04:30:00Z,2026-09-17T04:34:00Z,4,hub,2026-09-17T11:32:49Z,2026-09-17T11:32:49Z,true
united-utilities:UUP00965:1789649640000,united-utilities:UUP00965,united-utilities,2026-09-17T12:54:00Z,2026-09-17T12:58:00Z,4,hub,2026-09-17T13:51:58Z,2026-09-17T13:51:58Z,true
united-utilities:UUP00965:1789746240000,united-utilities:UUP00965,united-utilities,2026-09-18T15:44:00Z,2026-09-18T15:48:00Z,4,hub,2026-09-18T17:51:51Z,2026-09-18T17:51:51Z,true
united-utilities:UUP00966:1788484440000,united-utilities:UUP00966,united-utilities,2026-09-04T01:14:00Z,2026-09-04T01:54:00Z,40,hub,2026-09-17T00:49:00Z,2026-09-17T00:49:00Z,true
united-utilities:UUP00968:1789516232000,united-utilities:UUP00968,united-utilities,2026-09-15T23:50:32Z,2026-09-15T23:52:48Z,2,hub,2026-09-17T00:49:00Z,2026-09-17T00:49:00Z,true
united-utilities:UUP00968:1789756524000,united-utilities:UUP00968,united-utilities,2026-09-18T18:35:24Z,2026-09-18T18:36:54Z,2,hub,2026-09-18T20:21:27Z,2026-09-18T20:21:27Z,true
united-utilities:UUP00971:1788885240000,united-utilities:UUP00971,united-utilities,2026-09-08T16:34:00Z,2026-09-08T16:38:00Z,4,hub,2026-09-17T00:49:00Z,2026-09-17T00:49:00Z,true
united-utilities:UUP00972:1788494233000,united-utilities:UUP00972,united-utilities,2026-09-04T03:57:13Z,2026-09-04T11:22:06Z,445,hub,2026-09-17T00:49:00Z,2026-09-17T00:49:00Z,true
united-utilities:UUP00974:1788883080000,united-utilities:UUP00974,united-utilities,2026-09-08T15:58:00Z,2026-09-08T16:06:00Z,8,hub,2026-09-17T00:49:00Z,2026-09-17T00:49:00Z,true
united-utilities:UUP00976:1789443960000,united-utilities:UUP00976,united-utilities,2026-09-15T03:46:00Z,2026-09-15T04:04:00Z,18,hub,2026-09-17T00:49:00Z,2026-09-17T00:49:00Z,true
united-utilities:UUP00976:1789608480000,united-utilities:UUP00976,united-utilities,2026-09-17T01:28:00Z,2026-09-17T02:34:00Z,66,hub,2026-09-17T02:08:37Z,2026-09-17T11:32:49Z,true
united-utilities:UUP00976:1789736160000,united-utilities:UUP00976,united-utilities,2026-09-18T12:56:00Z,2026-09-18T14:30:00Z,94,hub,2026-09-18T14:37:46Z,2026-09-18T14:37:46Z,false
united-utilities:UUP00976:1789741800000,united-utilities:UUP00976,united-utilities,2026-09-18T14:30:00Z,2026-09-18T15:18:00Z,48,hub,2026-09-18T17:51:51Z,2026-09-18T17:51:51Z,true
united-utilities:UUP00977:1788488880000,united-utilities:UUP00977,united-utilities,2026-09-04T02:28:00Z,2026-09-04T02:38:00Z,10,hub,2026-09-17T00:49:00Z,2026-09-17T00:49:00Z,true
united-utilities:UUP00979:1788805920000,united-utilities:UUP00979,united-utilities,2026-09-07T18:32:00Z,2026-09-07T18:38:00Z,6,hub,2026-09-17T00:49:00Z,2026-09-17T00:49:00Z,true
united-utilities:UUP00980:1789446120000,united-utilities:UUP00980,united-utilities,2026-09-15T04:22:00Z,2026-09-15T04:44:00Z,22,hub,2026-09-17T00:49:00Z,2026-09-17T00:49:00Z,true
united-utilities:UUP00980:1789612680000,united-utilities:UUP00980,united-utilities,2026-09-17T02:38:00Z,2026-09-17T03:40:00Z,62,hub,2026-09-17T11:32:49Z,2026-09-17T11:32:49Z,true
united-utilities:UUP00980:1789744200000,united-utilities:UUP00980,united-utilities,2026-09-18T15:10:00Z,2026-09-18T16:36:00Z,86,hub,2026-09-18T17:51:51Z,2026-09-18T17:51:51Z,true
united-utilities:UUP00981:1788478560000,united-utilities:UUP00981,united-utilities,2026-09-03T23:36:00Z,2026-09-03T23:54:00Z,18,hub,2026-09-17T00:49:00Z,2026-09-17T00:49:00Z,true
united-utilities:UUP00982:1788520080000,united-utilities:UUP00982,united-utilities,2026-09-04T11:08:00Z,2026-09-04T12:44:00Z,96,hub,2026-09-17T00:49:00Z,2026-09-17T00:49:00Z,true
united-utilities:UUP00984:1788481540000,united-utilities:UUP00984,united-utilities,2026-09-04T00:25:40Z,2026-09-04T01:47:49Z,82,hub,2026-09-17T00:49:00Z,2026-09-17T00:49:00Z,true
united-utilities:UUP00985:1788816600000,united-utilities:UUP00985,united-utilities,2026-09-07T21:30:00Z,2026-09-07T21:34:00Z,4,hub,2026-09-17T00:49:00Z,2026-09-17T00:49:00Z,true
united-utilities:UUP00986:1788887160000,united-utilities:UUP00986,united-utilities,2026-09-08T17:06:00Z,2026-09-08T17:12:00Z,6,hub,2026-09-17T00:49:00Z,2026-09-17T00:49:00Z,true
united-utilities:UUP00987:1789447920000,united-utilities:UUP00987,united-utilities,2026-09-15T04:52:00Z,2026-09-15T05:36:00Z,44,hub,2026-09-17T00:49:00Z,2026-09-17T00:49:00Z,true
united-utilities:UUP00991:1788817916000,united-utilities:UUP00991,united-utilities,2026-09-07T21:51:56Z,2026-09-07T22:33:30Z,42,hub,2026-09-17T00:49:00Z,2026-09-17T00:49:00Z,true
united-utilities:UUP00992:1788486573000,united-utilities:UUP00992,united-utilities,2026-09-04T01:49:33Z,2026-09-04T08:52:05Z,423,hub,2026-09-17T00:49:00Z,2026-09-17T00:49:00Z,true
united-utilities:UUP00995:1788883320000,united-utilities:UUP00995,united-utilities,2026-09-08T16:02:00Z,2026-09-08T16:08:00Z,6,hub,2026-09-17T00:49:00Z,2026-09-17T00:49:00Z,true
united-utilities:UUP00996:1789083120000,united-utilities:UUP00996,united-utilities,2026-09-10T23:32:00Z,2026-09-10T23:36:00Z,4,hub,2026-09-17T00:49:00Z,2026-09-17T00:49:00Z,true
united-utilities:UUP00997:1788883320000,united-utilities:UUP00997,united-utilities,2026-09-08T16:02:00Z,2026-09-08T16:12:00Z,10,hub,2026-09-17T00:49:00Z,2026-09-17T00:49:00Z,true
united-utilities:UUP00998:1789449360000,united-utilities:UUP00998,united-utilities,2026-09-15T05:16:00Z,2026-09-15T05:42:00Z,26,hub,2026-09-17T00:49:00Z,2026-09-17T00:49:00Z,true
united-utilities:UUP00998:1789616760000,united-utilities:UUP00998,united-utilities,2026-09-17T03:46:00Z,2026-09-17T03:54:00Z,8,hub,2026-09-17T11:32:49Z,2026-09-17T11:32:49Z,true
united-utilities:UUP01003:1789227644000,united-utilities:UUP01003,united-utilities,2026-09-12T15:40:44Z,2026-09-12T16:04:19Z,24,hub,2026-09-17T00:49:00Z,2026-09-17T00:49:00Z,true
united-utilities:UUP01003:1789613857000,united-utilities:UUP01003,united-utilities,2026-09-17T02:57:37Z,2026-09-17T21:14:54Z,1097,hub,2026-09-17T11:32:49Z,2026-09-17T11:32:49Z,false
united-utilities:UUP01003:1789679694000,united-utilities:UUP01003,united-utilities,2026-09-17T21:14:54Z,2026-09-17T21:19:01Z,4,hub,2026-09-17T22:13:42Z,2026-09-17T22:13:42Z,true
united-utilities:UUP01003:1789715692000,united-utilities:UUP01003,united-utilities,2026-09-18T07:14:52Z,2026-09-18T07:18:26Z,4,hub,2026-09-18T10:30:40Z,2026-09-18T10:30:40Z,true
united-utilities:UUP01003:1789743952000,united-utilities:UUP01003,united-utilities,2026-09-18T15:05:52Z,,,hub,2026-09-18T17:51:51Z,2026-09-18T17:51:51Z,
united-utilities:UUP01004:1788507600000,united-utilities:UUP01004,united-utilities,2026-09-04T07:40:00Z,2026-09-04T08:42:00Z,62,hub,2026-09-17T00:49:00Z,2026-09-17T00:49:00Z,true
united-utilities:UUP01004:1789624680000,united-utilities:UUP01004,united-utilities,2026-09-17T05:58:00Z,2026-09-17T06:22:00Z,24,hub,2026-09-17T11:32:49Z,2026-09-17T11:32:49Z,true
united-utilities:UUP01005:1789445154000,united-utilities:UUP01005,united-utilities,2026-09-15T04:05:54Z,2026-09-15T04:12:38Z,7,hub,2026-09-17T00:49:00Z,2026-09-17T00:49:00Z,true
united-utilities:UUP01005:1789611745000,united-utilities:UUP01005,united-utilities,2026-09-17T02:22:25Z,2026-09-17T02:28:55Z,7,hub,2026-09-17T11:32:49Z,2026-09-17T11:32:49Z,true
united-utilities:UUP01005:1789741733100,united-utilities:UUP01005,united-utilities,2026-09-18T14:28:53Z,2026-09-18T16:39:13Z,130,hub,2026-09-18T14:58:06Z,2026-09-18T14:58:06Z,false
united-utilities:UUP01005:1789749553000,united-utilities:UUP01005,united-utilities,2026-09-18T16:39:13Z,2026-09-18T16:44:47Z,6,hub,2026-09-18T17:51:51Z,2026-09-18T17:51:51Z,true
united-utilities:UUP01007:1789509240000,united-utilities:UUP01007,united-utilities,2026-09-15T21:54:00Z,2026-09-15T22:40:00Z,46,hub,2026-09-17T00:49:00Z,2026-09-17T00:49:00Z,true
united-utilities:UUP01007:1789749317000,united-utilities:UUP01007,united-utilities,2026-09-18T16:35:17Z,2026-09-18T17:36:00Z,61,hub,2026-09-18T17:51:51Z,2026-09-18T18:02:06Z,true
united-utilities:UUP01008:1788528840000,united-utilities:UUP01008,united-utilities,2026-09-04T13:34:00Z,2026-09-04T13:44:00Z,10,hub,2026-09-17T00:49:00Z,2026-09-17T00:49:00Z,true
united-utilities:UUP01009:1789195668000,united-utilities:UUP01009,united-utilities,2026-09-12T06:47:48Z,2026-09-12T11:13:07Z,265,hub,2026-09-17T00:49:00Z,2026-09-17T00:49:00Z,true
united-utilities:UUP01010:1788488880000,united-utilities:UUP01010,united-utilities,2026-09-04T02:28:00Z,2026-09-04T02:32:00Z,4,hub,2026-09-17T00:49:00Z,2026-09-17T00:49:00Z,true
united-utilities:UUP01011:1789089623000,united-utilities:UUP01011,united-utilities,2026-09-11T01:20:23Z,2026-09-11T01:31:51Z,11,hub,2026-09-17T00:49:00Z,2026-09-17T00:49:00Z,true
united-utilities:UUP01011:1789624790000,united-utilities:UUP01011,united-utilities,2026-09-17T05:59:50Z,2026-09-17T06:26:39Z,27,hub,2026-09-17T11:32:49Z,2026-09-17T11:32:49Z,true
united-utilities:UUP01013:1788819070000,united-utilities:UUP01013,united-utilities,2026-09-07T22:11:10Z,2026-09-08T07:03:03Z,532,hub,2026-09-17T00:49:00Z,2026-09-17T00:49:00Z,true
united-utilities:UUP01015:1788466320000,united-utilities:UUP01015,united-utilities,2026-09-03T20:12:00Z,2026-09-03T20:28:00Z,16,hub,2026-09-17T00:49:00Z,2026-09-17T00:49:00Z,true
united-utilities:UUP01018:1788488371000,united-utilities:UUP01018,united-utilities,2026-09-04T02:19:31Z,2026-09-04T03:03:31Z,44,hub,2026-09-17T00:49:00Z,2026-09-17T00:49:00Z,true
united-utilities:UUP01019:1789417091000,united-utilities:UUP01019,united-utilities,2026-09-14T20:18:11Z,2026-09-14T20:44:04Z,26,hub,2026-09-17T00:49:00Z,2026-09-17T00:49:00Z,true
united-utilities:UUP01019:1789661445000,united-utilities:UUP01019,united-utilities,2026-09-17T16:10:45Z,2026-09-17T16:19:18Z,9,hub,2026-09-17T19:14:51Z,2026-09-17T19:14:51Z,true
united-utilities:UUP01021:1789551120000,united-utilities:UUP01021,united-utilities,2026-09-16T09:32:00Z,2026-09-16T09:48:00Z,16,hub,2026-09-17T00:49:00Z,2026-09-17T00:49:00Z,true
united-utilities:UUP01021:1789614240000,united-utilities:UUP01021,united-utilities,2026-09-17T03:04:00Z,2026-09-17T03:50:00Z,46,hub,2026-09-17T11:32:49Z,2026-09-17T11:32:49Z,true
united-utilities:UUP01022:1789198052000,united-utilities:UUP01022,united-utilities,2026-09-12T07:27:32Z,2026-09-12T14:00:48Z,393,hub,2026-09-17T00:49:00Z,2026-09-17T00:49:00Z,true
united-utilities:UUP01022:1789615894000,united-utilities:UUP01022,united-utilities,2026-09-17T03:31:34Z,2026-09-17T07:32:18Z,241,hub,2026-09-17T11:32:49Z,2026-09-17T11:32:49Z,true
united-utilities:UUP01022:1789748629000,united-utilities:UUP01022,united-utilities,2026-09-18T16:23:49Z,,,hub,2026-09-18T17:51:51Z,2026-09-18T17:51:51Z,
united-utilities:UUP01023:1788877320000,united-utilities:UUP01023,united-utilities,2026-09-08T14:22:00Z,2026-09-08T14:44:00Z,22,hub,2026-09-17T00:49:00Z,2026-09-17T00:49:00Z,true
united-utilities:UUP01024:1789443120000,united-utilities:UUP01024,united-utilities,2026-09-15T03:32:00Z,2026-09-15T03:36:00Z,4,hub,2026-09-17T00:49:00Z,2026-09-17T00:49:00Z,true
united-utilities:UUP01024:1789605600000,united-utilities:UUP01024,united-utilities,2026-09-17T00:40:00Z,2026-09-17T03:30:00Z,170,hub,2026-09-17T02:08:37Z,2026-09-17T02:08:37Z,false
united-utilities:UUP01024:1789615800000,united-utilities:UUP01024,united-utilities,2026-09-17T03:30:00Z,2026-09-17T03:36:00Z,6,hub,2026-09-17T11:32:49Z,2026-09-17T11:32:49Z,true
united-utilities:UUP01025:1788561398000,united-utilities:UUP01025,united-utilities,2026-09-04T22:36:38Z,2026-09-04T23:35:46Z,59,hub,2026-09-17T00:49:00Z,2026-09-17T00:49:00Z,true
united-utilities:UUP01026:1788506554000,united-utilities:UUP01026,united-utilities,2026-09-04T07:22:34Z,2026-09-04T08:24:59Z,62,hub,2026-09-17T00:49:00Z,2026-09-17T00:49:00Z,true
united-utilities:UUP01027:1789419306000,united-utilities:UUP01027,united-utilities,2026-09-14T20:55:06Z,2026-09-14T21:27:55Z,33,hub,2026-09-17T00:49:00Z,2026-09-17T00:49:00Z,true
united-utilities:UUP01028:1789558525000,united-utilities:UUP01028,united-utilities,2026-09-16T11:35:25Z,2026-09-16T11:46:48Z,11,hub,2026-09-17T00:49:00Z,2026-09-17T00:49:00Z,true
united-utilities:UUP01028:1789616157000,united-utilities:UUP01028,united-utilities,2026-09-17T03:35:57Z,2026-09-17T05:04:20Z,88,hub,2026-09-17T11:32:49Z,2026-09-17T11:32:49Z,true
united-utilities:UUP01028:1789743967000,united-utilities:UUP01028,united-utilities,2026-09-18T15:06:07Z,2026-09-18T17:24:31Z,138,hub,2026-09-18T17:51:51Z,2026-09-18T18:02:06Z,true
united-utilities:UUP01030:1788817320000,united-utilities:UUP01030,united-utilities,2026-09-07T21:42:00Z,2026-09-07T21:52:00Z,10,hub,2026-09-17T00:49:00Z,2026-09-17T00:49:00Z,true
united-utilities:UUP01032:1789447440000,united-utilities:UUP01032,united-utilities,2026-09-15T04:44:00Z,2026-09-15T04:48:00Z,4,hub,2026-09-17T00:49:00Z,2026-09-17T00:49:00Z,true
united-utilities:UUP01035:1789749421000,united-utilities:UUP01035,united-utilities,2026-09-18T16:37:01Z,2026-09-18T16:38:13Z,1,hub,2026-09-18T17:51:51Z,2026-09-18T17:51:51Z,true
united-utilities:UUP01036:1788817800000,united-utilities:UUP01036,united-utilities,2026-09-07T21:50:00Z,2026-09-07T22:12:00Z,22,hub,2026-09-17T00:49:00Z,2026-09-17T00:49:00Z,true
united-utilities:UUP01037:1789450080000,united-utilities:UUP01037,united-utilities,2026-09-15T05:28:00Z,2026-09-15T06:02:00Z,34,hub,2026-09-17T00:49:00Z,2026-09-17T00:49:00Z,true
united-utilities:UUP01037:1789622520000,united-utilities:UUP01037,united-utilities,2026-09-17T05:22:00Z,2026-09-17T05:26:00Z,4,hub,2026-09-17T11:32:49Z,2026-09-17T11:32:49Z,true
united-utilities:UUP01039:1788487440000,united-utilities:UUP01039,united-utilities,2026-09-04T02:04:00Z,2026-09-04T02:42:00Z,38,hub,2026-09-17T00:49:00Z,2026-09-17T00:49:00Z,true
united-utilities:UUP01040:1789435080000,united-utilities:UUP01040,united-utilities,2026-09-15T01:18:00Z,2026-09-15T01:28:00Z,10,hub,2026-09-17T00:49:00Z,2026-09-17T00:49:00Z,true
united-utilities:UUP01049:1788818640000,united-utilities:UUP01049,united-utilities,2026-09-07T22:04:00Z,2026-09-07T22:18:00Z,14,hub,2026-09-17T00:49:00Z,2026-09-17T00:49:00Z,true
united-utilities:UUP01050:1789189394000,united-utilities:UUP01050,united-utilities,2026-09-12T05:03:14Z,2026-09-12T12:30:15Z,447,hub,2026-09-17T00:49:00Z,2026-09-17T00:49:00Z,true
united-utilities:UUP01050:1789605487970,united-utilities:UUP01050,united-utilities,2026-09-17T00:38:07Z,2026-09-17T01:12:09Z,34,hub,2026-09-17T02:08:37Z,2026-09-17T02:08:37Z,false
united-utilities:UUP01050:1789607529000,united-utilities:UUP01050,united-utilities,2026-09-17T01:12:09Z,2026-09-17T01:43:56Z,32,hub,2026-09-17T11:32:49Z,2026-09-17T11:32:49Z,true
united-utilities:UUP01050:1789644888000,united-utilities:UUP01050,united-utilities,2026-09-17T11:34:48Z,2026-09-17T11:45:27Z,11,hub,2026-09-17T13:51:58Z,2026-09-17T13:51:58Z,true
united-utilities:UUP01050:1789661517000,united-utilities:UUP01050,united-utilities,2026-09-17T16:11:57Z,2026-09-17T16:28:14Z,16,hub,2026-09-17T19:14:51Z,2026-09-17T19:14:51Z,true
united-utilities:UUP01050:1789740538640,united-utilities:UUP01050,united-utilities,2026-09-18T14:08:58Z,2026-09-18T14:29:29Z,21,hub,2026-09-18T14:37:46Z,2026-09-18T14:37:46Z,false
united-utilities:UUP01050:1789741769670,united-utilities:UUP01050,united-utilities,2026-09-18T14:29:29Z,2026-09-18T14:56:55Z,27,hub,2026-09-18T15:18:24Z,2026-09-18T15:18:24Z,true
united-utilities:UUP01051:1789509000000,united-utilities:UUP01051,united-utilities,2026-09-15T21:50:00Z,2026-09-15T22:08:00Z,18,hub,2026-09-17T00:49:00Z,2026-09-17T00:49:00Z,true
united-utilities:UUP01052:1789442946000,united-utilities:UUP01052,united-utilities,2026-09-15T03:29:06Z,2026-09-15T04:44:18Z,75,hub,2026-09-17T00:49:00Z,2026-09-17T00:49:00Z,true
united-utilities:UUP01052:1789750092000,united-utilities:UUP01052,united-utilities,2026-09-18T16:48:12Z,2026-09-18T17:56:08Z,68,hub,2026-09-18T17:51:51Z,2026-09-18T18:22:27Z,true
united-utilities:UUP01053:1789436995000,united-utilities:UUP01053,united-utilities,2026-09-15T01:49:55Z,2026-09-15T03:08:00Z,78,hub,2026-09-17T00:49:00Z,2026-09-17T00:49:00Z,true
united-utilities:UUP01053:1789743960000,united-utilities:UUP01053,united-utilities,2026-09-18T15:06:00Z,2026-09-18T16:54:00Z,108,hub,2026-09-18T17:51:51Z,2026-09-18T17:51:51Z,true
united-utilities:UUP01055:1788510120000,united-utilities:UUP01055,united-utilities,2026-09-04T08:22:00Z,2026-09-04T10:28:00Z,126,hub,2026-09-17T00:49:00Z,2026-09-17T00:49:00Z,true
united-utilities:UUP01055:1789746240000,united-utilities:UUP01055,united-utilities,2026-09-18T15:44:00Z,2026-09-18T19:14:34Z,211,hub,2026-09-18T17:51:51Z,2026-09-18T17:51:51Z,false
united-utilities:UUP01055:1789758874000,united-utilities:UUP01055,united-utilities,2026-09-18T19:14:34Z,2026-09-18T20:24:00Z,69,hub,2026-09-18T20:21:27Z,2026-09-18T20:21:27Z,false
united-utilities:UUP01055:1789763040000,united-utilities:UUP01055,united-utilities,2026-09-18T20:24:00Z,2026-09-18T20:34:56Z,11,hub,2026-09-18T21:02:08Z,2026-09-18T21:02:08Z,true
united-utilities:UUP01055:1789764992000,united-utilities:UUP01055,united-utilities,2026-09-18T20:56:32Z,2026-09-18T22:12:00Z,75,hub,2026-09-18T22:43:41Z,2026-09-18T22:43:41Z,false
united-utilities:UUP01055:1789769520000,united-utilities:UUP01055,united-utilities,2026-09-18T22:12:00Z,2026-09-18T22:24:00Z,12,hub,2026-09-18T23:04:03Z,2026-09-18T23:04:03Z,true
united-utilities:UUP01055:1789770960000,united-utilities:UUP01055,united-utilities,2026-09-18T22:36:00Z,,,hub,2026-09-18T23:24:25Z,2026-09-18T23:24:25Z,
united-utilities:UUP01056:1788485160000,united-utilities:UUP01056,united-utilities,2026-09-04T01:26:00Z,2026-09-04T02:22:00Z,56,hub,2026-09-17T00:49:00Z,2026-09-17T00:49:00Z,true
united-utilities:UUP01058:1789535839000,united-utilities:UUP01058,united-utilities,2026-09-16T05:17:19Z,2026-09-16T05:19:43Z,2,hub,2026-09-17T00:49:00Z,2026-09-17T00:49:00Z,true
united-utilities:UUP01058:1789742541850,united-utilities:UUP01058,united-utilities,2026-09-18T14:42:21Z,2026-09-18T18:07:41Z,205,hub,2026-09-18T15:18:24Z,2026-09-18T15:18:24Z,false
united-utilities:UUP01058:1789754861000,united-utilities:UUP01058,united-utilities,2026-09-18T18:07:41Z,2026-09-18T18:12:36Z,5,hub,2026-09-18T18:42:49Z,2026-09-18T18:42:49Z,true
united-utilities:UUP01059:1788882600000,united-utilities:UUP01059,united-utilities,2026-09-08T15:50:00Z,2026-09-08T15:54:00Z,4,hub,2026-09-17T00:49:00Z,2026-09-17T00:49:00Z,true
united-utilities:UUP01060:1788824710000,united-utilities:UUP01060,united-utilities,2026-09-07T23:45:10Z,2026-09-08T00:23:18Z,38,hub,2026-09-17T00:49:00Z,2026-09-17T00:49:00Z,true
united-utilities:UUP01064:1788505538000,united-utilities:UUP01064,united-utilities,2026-09-04T07:05:38Z,2026-09-04T07:24:26Z,19,hub,2026-09-17T00:49:00Z,2026-09-17T00:49:00Z,true
united-utilities:UUP01066:1789198387000,united-utilities:UUP01066,united-utilities,2026-09-12T07:33:07Z,2026-09-12T07:36:59Z,4,hub,2026-09-17T00:49:00Z,2026-09-17T00:49:00Z,true
united-utilities:UUP01067:1788819480000,united-utilities:UUP01067,united-utilities,2026-09-07T22:18:00Z,2026-09-07T22:24:00Z,6,hub,2026-09-17T00:49:00Z,2026-09-17T00:49:00Z,true
united-utilities:UUP01070:1789513779000,united-utilities:UUP01070,united-utilities,2026-09-15T23:09:39Z,2026-09-16T00:18:58Z,69,hub,2026-09-17T00:49:00Z,2026-09-17T00:49:00Z,true
united-utilities:UUP01071:1789509600000,united-utilities:UUP01071,united-utilities,2026-09-15T22:00:00Z,2026-09-15T22:30:00Z,30,hub,2026-09-17T00:49:00Z,2026-09-17T00:49:00Z,true
united-utilities:UUP01071:1789623900000,united-utilities:UUP01071,united-utilities,2026-09-17T05:45:00Z,2026-09-17T06:15:00Z,30,hub,2026-09-17T11:32:49Z,2026-09-17T11:32:49Z,true
united-utilities:UUP01071:1789745400000,united-utilities:UUP01071,united-utilities,2026-09-18T15:30:00Z,2026-09-18T16:30:00Z,60,hub,2026-09-18T17:51:51Z,2026-09-18T17:51:51Z,true
united-utilities:UUP01071:1789774200000,united-utilities:UUP01071,united-utilities,2026-09-18T23:30:00Z,2026-09-18T23:45:00Z,15,hub,2026-09-19T00:41:02Z,2026-09-19T00:51:12Z,true
united-utilities:UUP01073:1789433160000,united-utilities:UUP01073,united-utilities,2026-09-15T00:46:00Z,2026-09-15T02:00:00Z,74,hub,2026-09-17T00:49:00Z,2026-09-17T00:49:00Z,true
united-utilities:UUP01077:1789445040000,united-utilities:UUP01077,united-utilities,2026-09-15T04:04:00Z,2026-09-15T04:50:00Z,46,hub,2026-09-17T00:49:00Z,2026-09-17T00:49:00Z,true
united-utilities:UUP01077:1789612320000,united-utilities:UUP01077,united-utilities,2026-09-17T02:32:00Z,2026-09-17T03:14:00Z,42,hub,2026-09-17T11:32:49Z,2026-09-17T11:32:49Z,true
united-utilities:UUP01077:1789743960000,united-utilities:UUP01077,united-utilities,2026-09-18T15:06:00Z,2026-09-18T18:18:00Z,192,hub,2026-09-18T17:51:51Z,2026-09-18T20:21:27Z,true
united-utilities:UUP01078:1789444548000,united-utilities:UUP01078,united-utilities,2026-09-15T03:55:48Z,2026-09-15T04:27:43Z,32,hub,2026-09-17T00:49:00Z,2026-09-17T00:49:00Z,true
united-utilities:UUP01078:1789611040000,united-utilities:UUP01078,united-utilities,2026-09-17T02:10:40Z,2026-09-17T02:51:46Z,41,hub,2026-09-17T11:32:49Z,2026-09-17T11:32:49Z,true
united-utilities:UUP01078:1789742522500,united-utilities:UUP01078,united-utilities,2026-09-18T14:42:02Z,2026-09-18T16:21:18Z,99,hub,2026-09-18T15:18:24Z,2026-09-18T15:18:24Z,false
united-utilities:UUP01078:1789748478000,united-utilities:UUP01078,united-utilities,2026-09-18T16:21:18Z,2026-09-18T16:32:29Z,11,hub,2026-09-18T17:51:51Z,2026-09-18T17:51:51Z,true
united-utilities:UUP01079:1789439551000,united-utilities:UUP01079,united-utilities,2026-09-15T02:32:31Z,2026-09-15T02:52:05Z,20,hub,2026-09-17T00:49:00Z,2026-09-17T00:49:00Z,true
united-utilities:UUP01080:1788462931000,united-utilities:UUP01080,united-utilities,2026-09-03T19:15:31Z,2026-09-04T02:14:00Z,418,hub,2026-09-17T00:49:00Z,2026-09-17T00:49:00Z,true
united-utilities:UUP01081:1788805052000,united-utilities:UUP01081,united-utilities,2026-09-07T18:17:32Z,2026-09-07T18:54:33Z,37,hub,2026-09-17T00:49:00Z,2026-09-17T00:49:00Z,true
united-utilities:UUP01082:1789469160000,united-utilities:UUP01082,united-utilities,2026-09-15T10:46:00Z,2026-09-15T11:18:00Z,32,hub,2026-09-17T00:49:00Z,2026-09-17T00:49:00Z,true
united-utilities:UUP01083:1789468800000,united-utilities:UUP01083,united-utilities,2026-09-15T10:40:00Z,2026-09-15T10:48:00Z,8,hub,2026-09-17T00:49:00Z,2026-09-17T00:49:00Z,true
united-utilities:UUP01084:1788472680000,united-utilities:UUP01084,united-utilities,2026-09-03T21:58:00Z,2026-09-04T02:16:00Z,258,hub,2026-09-17T00:49:00Z,2026-09-17T00:49:00Z,true
united-utilities:UUP01084:1789746120000,united-utilities:UUP01084,united-utilities,2026-09-18T15:42:00Z,2026-09-18T16:32:00Z,50,hub,2026-09-18T18:42:49Z,2026-09-18T18:42:49Z,true
united-utilities:UUP01085:1789446578000,united-utilities:UUP01085,united-utilities,2026-09-15T04:29:38Z,2026-09-15T04:47:34Z,18,hub,2026-09-17T00:49:00Z,2026-09-17T00:49:00Z,true
united-utilities:UUP01086:1789197600000,united-utilities:UUP01086,united-utilities,2026-09-12T07:20:00Z,2026-09-12T07:24:00Z,4,hub,2026-09-17T00:49:00Z,2026-09-17T00:49:00Z,true
united-utilities:UUP01087:1789199241000,united-utilities:UUP01087,united-utilities,2026-09-12T07:47:21Z,2026-09-12T07:51:48Z,4,hub,2026-09-17T00:49:00Z,2026-09-17T00:49:00Z,true
united-utilities:UUP01089:1788883560000,united-utilities:UUP01089,united-utilities,2026-09-08T16:06:00Z,2026-09-08T16:40:00Z,34,hub,2026-09-17T00:49:00Z,2026-09-17T00:49:00Z,true
united-utilities:UUP01089:1789619880000,united-utilities:UUP01089,united-utilities,2026-09-17T04:38:00Z,2026-09-17T04:54:00Z,16,hub,2026-09-17T11:32:49Z,2026-09-17T11:32:49Z,true
united-utilities:UUP01092:1788486243000,united-utilities:UUP01092,united-utilities,2026-09-04T01:44:03Z,2026-09-04T02:55:04Z,71,hub,2026-09-17T00:49:00Z,2026-09-17T00:49:00Z,true
united-utilities:UUP01093:1789448640000,united-utilities:UUP01093,united-utilities,2026-09-15T05:04:00Z,2026-09-15T05:16:00Z,12,hub,2026-09-17T00:49:00Z,2026-09-17T00:49:00Z,true
united-utilities:UUP01093:1789621440000,united-utilities:UUP01093,united-utilities,2026-09-17T05:04:00Z,2026-09-17T05:22:00Z,18,hub,2026-09-17T11:32:49Z,2026-09-17T11:32:49Z,true
united-utilities:UUP01094:1788539942000,united-utilities:UUP01094,united-utilities,2026-09-04T16:39:02Z,,,hub,2026-09-17T00:49:00Z,2026-09-17T00:49:00Z,
united-utilities:UUP01096:1789444560000,united-utilities:UUP01096,united-utilities,2026-09-15T03:56:00Z,2026-09-15T04:00:00Z,4,hub,2026-09-17T00:49:00Z,2026-09-17T00:49:00Z,true
united-utilities:UUP01097:1788882120000,united-utilities:UUP01097,united-utilities,2026-09-08T15:42:00Z,2026-09-08T15:50:00Z,8,hub,2026-09-17T00:49:00Z,2026-09-17T00:49:00Z,true
united-utilities:UUP01099:1788483896000,united-utilities:UUP01099,united-utilities,2026-09-04T01:04:56Z,2026-09-04T03:37:08Z,152,hub,2026-09-17T00:49:00Z,2026-09-17T00:49:00Z,true
united-utilities:UUP01100:1789450560000,united-utilities:UUP01100,united-utilities,2026-09-15T05:36:00Z,2026-09-15T05:40:00Z,4,hub,2026-09-17T00:49:00Z,2026-09-17T00:49:00Z,true
united-utilities:UUP01100:1789618680000,united-utilities:UUP01100,united-utilities,2026-09-17T04:18:00Z,2026-09-17T04:28:00Z,10,hub,2026-09-17T11:32:49Z,2026-09-17T11:32:49Z,true
united-utilities:UUP01103:1788487080000,united-utilities:UUP01103,united-utilities,2026-09-04T01:58:00Z,2026-09-04T11:52:00Z,594,hub,2026-09-17T00:49:00Z,2026-09-17T00:49:00Z,true
united-utilities:UUP01106:1788488280000,united-utilities:UUP01106,united-utilities,2026-09-04T02:18:00Z,2026-09-04T02:22:00Z,4,hub,2026-09-17T00:49:00Z,2026-09-17T00:49:00Z,true
united-utilities:UUP01108:1788483720000,united-utilities:UUP01108,united-utilities,2026-09-04T01:02:00Z,2026-09-04T02:00:00Z,58,hub,2026-09-17T00:49:00Z,2026-09-17T00:49:00Z,true
united-utilities:UUP01110:1789445280000,united-utilities:UUP01110,united-utilities,2026-09-15T04:08:00Z,2026-09-15T04:48:00Z,40,hub,2026-09-17T00:49:00Z,2026-09-17T00:49:00Z,true
united-utilities:UUP01113:1788475628000,united-utilities:UUP01113,united-utilities,2026-09-03T22:47:08Z,2026-09-03T23:58:57Z,72,hub,2026-09-17T00:49:00Z,2026-09-17T00:49:00Z,true
united-utilities:UUP01113:1789744512000,united-utilities:UUP01113,united-utilities,2026-09-18T15:15:12Z,2026-09-18T15:45:52Z,31,hub,2026-09-18T17:51:51Z,2026-09-18T17:51:51Z,true
united-utilities:UUP01115:1788509280000,united-utilities:UUP01115,united-utilities,2026-09-04T08:08:00Z,2026-09-04T08:12:00Z,4,hub,2026-09-17T00:49:00Z,2026-09-17T00:49:00Z,true
united-utilities:UUP01116:1788882840000,united-utilities:UUP01116,united-utilities,2026-09-08T15:54:00Z,2026-09-08T16:00:00Z,6,hub,2026-09-17T00:49:00Z,2026-09-17T00:49:00Z,true
united-utilities:UUP01118:1789195560000,united-utilities:UUP01118,united-utilities,2026-09-12T06:46:00Z,2026-09-12T07:26:00Z,40,hub,2026-09-17T00:49:00Z,2026-09-17T00:49:00Z,true
united-utilities:UUP01119:1789087320000,united-utilities:UUP01119,united-utilities,2026-09-11T00:42:00Z,2026-09-11T01:00:00Z,18,hub,2026-09-17T00:49:00Z,2026-09-17T00:49:00Z,true
united-utilities:UUP01121:1788485760000,united-utilities:UUP01121,united-utilities,2026-09-04T01:36:00Z,2026-09-04T04:14:00Z,158,hub,2026-09-17T00:49:00Z,2026-09-17T00:49:00Z,true
united-utilities:UUP01122:1788488160000,united-utilities:UUP01122,united-utilities,2026-09-04T02:16:00Z,2026-09-04T02:34:00Z,18,hub,2026-09-17T00:49:00Z,2026-09-17T00:49:00Z,true
united-utilities:UUP01123:1789194960000,united-utilities:UUP01123,united-utilities,2026-09-12T06:36:00Z,2026-09-12T07:00:00Z,24,hub,2026-09-17T00:49:00Z,2026-09-17T00:49:00Z,true
united-utilities:UUP01124:1788498897000,united-utilities:UUP01124,united-utilities,2026-09-04T05:14:57Z,2026-09-04T05:15:56Z,1,hub,2026-09-17T00:49:00Z,2026-09-17T00:49:00Z,true
united-utilities:UUP01124:1789754085000,united-utilities:UUP01124,united-utilities,2026-09-18T17:54:45Z,,,hub,2026-09-18T18:22:27Z,2026-09-18T18:22:27Z,
united-utilities:UUP01125:1788485760000,united-utilities:UUP01125,united-utilities,2026-09-04T01:36:00Z,2026-09-04T01:40:00Z,4,hub,2026-09-17T00:49:00Z,2026-09-17T00:49:00Z,true
united-utilities:UUP01126:1788881880000,united-utilities:UUP01126,united-utilities,2026-09-08T15:38:00Z,2026-09-08T15:52:00Z,14,hub,2026-09-17T00:49:00Z,2026-09-17T00:49:00Z,true
united-utilities:UUP01127:1788504591000,united-utilities:UUP01127,united-utilities,2026-09-04T06:49:51Z,2026-09-04T07:16:15Z,26,hub,2026-09-17T00:49:00Z,2026-09-17T00:49:00Z,true
united-utilities:UUP01127:1789744195000,united-utilities:UUP01127,united-utilities,2026-09-18T15:09:55Z,2026-09-18T16:13:30Z,64,hub,2026-09-18T17:51:51Z,2026-09-18T17:51:51Z,true
united-utilities:UUP01128:1788827880000,united-utilities:UUP01128,united-utilities,2026-09-08T00:38:00Z,2026-09-08T00:44:00Z,6,hub,2026-09-17T00:49:00Z,2026-09-17T00:49:00Z,true
united-utilities:UUP01129:1788486580000,united-utilities:UUP01129,united-utilities,2026-09-04T01:49:40Z,2026-09-04T02:22:00Z,32,hub,2026-09-17T00:49:00Z,2026-09-17T00:49:00Z,true
united-utilities:UUP01131:1788821880000,united-utilities:UUP01131,united-utilities,2026-09-07T22:58:00Z,2026-09-08T06:20:00Z,442,hub,2026-09-17T00:49:00Z,2026-09-17T00:49:00Z,true
united-utilities:UUP01132:1788473160000,united-utilities:UUP01132,united-utilities,2026-09-03T22:06:00Z,2026-09-03T22:10:00Z,4,hub,2026-09-17T00:49:00Z,2026-09-17T00:49:00Z,true
united-utilities:UUP01134:1788827880000,united-utilities:UUP01134,united-utilities,2026-09-08T00:38:00Z,2026-09-08T00:42:00Z,4,hub,2026-09-17T00:49:00Z,2026-09-17T00:49:00Z,true
united-utilities:UUP01135:1788819240000,united-utilities:UUP01135,united-utilities,2026-09-07T22:14:00Z,2026-09-07T22:20:00Z,6,hub,2026-09-17T00:49:00Z,2026-09-17T00:49:00Z,true
united-utilities:UUP01137:1788813120000,united-utilities:UUP01137,united-utilities,2026-09-07T20:32:00Z,2026-09-07T21:16:00Z,44,hub,2026-09-17T00:49:00Z,2026-09-17T00:49:00Z,true
united-utilities:UUP01138:1788884490000,united-utilities:UUP01138,united-utilities,2026-09-08T16:21:30Z,2026-09-08T22:32:59Z,371,hub,2026-09-17T00:49:00Z,2026-09-17T00:49:00Z,true
united-utilities:UUP01138:1789623122000,united-utilities:UUP01138,united-utilities,2026-09-17T05:32:02Z,2026-09-17T10:24:18Z,292,hub,2026-09-17T11:32:49Z,2026-09-17T11:32:49Z,true
united-utilities:UUP01139:1788881280000,united-utilities:UUP01139,united-utilities,2026-09-08T15:28:00Z,2026-09-08T15:32:00Z,4,hub,2026-09-17T00:49:00Z,2026-09-17T00:49:00Z,true
united-utilities:UUP01143:1788485019000,united-utilities:UUP01143,united-utilities,2026-09-04T01:23:39Z,2026-09-04T02:42:19Z,79,hub,2026-09-17T00:49:00Z,2026-09-17T00:49:00Z,true
united-utilities:UUP01147:1789199252000,united-utilities:UUP01147,united-utilities,2026-09-12T07:47:32Z,2026-09-12T09:15:47Z,88,hub,2026-09-17T00:49:00Z,2026-09-17T00:49:00Z,true
united-utilities:UUP01148:1788818235000,united-utilities:UUP01148,united-utilities,2026-09-07T21:57:15Z,2026-09-07T23:01:17Z,64,hub,2026-09-17T00:49:00Z,2026-09-17T00:49:00Z,true
united-utilities:UUP01148:1789756449000,united-utilities:UUP01148,united-utilities,2026-09-18T18:34:09Z,2026-09-18T19:47:02Z,73,hub,2026-09-18T20:21:27Z,2026-09-18T20:21:27Z,true
united-utilities:UUP01148:1789770586000,united-utilities:UUP01148,united-utilities,2026-09-18T22:29:46Z,,,hub,2026-09-18T23:04:03Z,2026-09-18T23:04:03Z,
united-utilities:UUP01150:1789506840000,united-utilities:UUP01150,united-utilities,2026-09-15T21:14:00Z,2026-09-15T21:24:00Z,10,hub,2026-09-17T00:49:00Z,2026-09-17T00:49:00Z,true
united-utilities:UUP01151:1788817440000,united-utilities:UUP01151,united-utilities,2026-09-07T21:44:00Z,2026-09-07T21:46:00Z,2,hub,2026-09-17T00:49:00Z,2026-09-17T00:49:00Z,true
united-utilities:UUP01152:1789458240000,united-utilities:UUP01152,united-utilities,2026-09-15T07:44:00Z,2026-09-15T07:46:00Z,2,hub,2026-09-17T00:49:00Z,2026-09-17T00:49:00Z,true
united-utilities:UUP01153:1788867840000,united-utilities:UUP01153,united-utilities,2026-09-08T11:44:00Z,2026-09-08T11:46:40Z,3,hub,2026-09-17T00:49:00Z,2026-09-17T00:49:00Z,true
united-utilities:UUP01156:1788477240000,united-utilities:UUP01156,united-utilities,2026-09-03T23:14:00Z,2026-09-04T02:40:00Z,206,hub,2026-09-17T00:49:00Z,2026-09-17T00:49:00Z,true
united-utilities:UUP01157:1788491520000,united-utilities:UUP01157,united-utilities,2026-09-04T03:12:00Z,2026-09-04T07:24:00Z,252,hub,2026-09-17T00:49:00Z,2026-09-17T00:49:00Z,true
united-utilities:UUP01160:1789470120000,united-utilities:UUP01160,united-utilities,2026-09-15T11:02:00Z,2026-09-15T11:06:00Z,4,hub,2026-09-17T00:49:00Z,2026-09-17T00:49:00Z,true
united-utilities:UUP01161:1789506370000,united-utilities:UUP01161,united-utilities,2026-09-15T21:06:10Z,2026-09-15T23:41:54Z,156,hub,2026-09-17T00:49:00Z,2026-09-17T00:49:00Z,true
united-utilities:UUP01161:1789618666000,united-utilities:UUP01161,united-utilities,2026-09-17T04:17:46Z,2026-09-17T07:45:30Z,208,hub,2026-09-17T11:32:49Z,2026-09-17T11:32:49Z,true
united-utilities:UUP01161:1789745811000,united-utilities:UUP01161,united-utilities,2026-09-18T15:36:51Z,2026-09-18T15:55:07Z,18,hub,2026-09-18T17:51:51Z,2026-09-18T17:51:51Z,true
united-utilities:UUP01161:1789761514000,united-utilities:UUP01161,united-utilities,2026-09-18T19:58:34Z,2026-09-18T21:24:07Z,86,hub,2026-09-18T20:41:44Z,2026-09-18T22:43:41Z,true
united-utilities:UUP01163:1789449960000,united-utilities:UUP01163,united-utilities,2026-09-15T05:26:00Z,2026-09-15T05:44:00Z,18,hub,2026-09-17T00:49:00Z,2026-09-17T00:49:00Z,true
united-utilities:UUP01164:1788826320000,united-utilities:UUP01164,united-utilities,2026-09-08T00:12:00Z,2026-09-08T02:50:00Z,158,hub,2026-09-17T00:49:00Z,2026-09-17T00:49:00Z,true
united-utilities:UUP01165:1788488520000,united-utilities:UUP01165,united-utilities,2026-09-04T02:22:00Z,2026-09-04T09:34:00Z,432,hub,2026-09-17T00:49:00Z,2026-09-17T00:49:00Z,true
united-utilities:UUP01166:1788506040000,united-utilities:UUP01166,united-utilities,2026-09-04T07:14:00Z,2026-09-04T09:28:00Z,134,hub,2026-09-17T00:49:00Z,2026-09-17T00:49:00Z,true
united-utilities:UUP01167:1789502760000,united-utilities:UUP01167,united-utilities,2026-09-15T20:06:00Z,2026-09-15T20:18:00Z,12,hub,2026-09-17T00:49:00Z,2026-09-17T00:49:00Z,true
united-utilities:UUP01167:1789614840000,united-utilities:UUP01167,united-utilities,2026-09-17T03:14:00Z,2026-09-17T04:22:00Z,68,hub,2026-09-17T11:32:49Z,2026-09-17T11:32:49Z,true
united-utilities:UUP01167:1789743840000,united-utilities:UUP01167,united-utilities,2026-09-18T15:04:00Z,2026-09-18T16:18:00Z,74,hub,2026-09-18T17:51:51Z,2026-09-18T17:51:51Z,true
united-utilities:UUP01168:1789553400000,united-utilities:UUP01168,united-utilities,2026-09-16T10:10:00Z,2026-09-16T11:12:00Z,62,hub,2026-09-17T00:49:00Z,2026-09-17T00:49:00Z,true
united-utilities:UUP01168:1789617120000,united-utilities:UUP01168,united-utilities,2026-09-17T03:52:00Z,2026-09-17T05:36:00Z,104,hub,2026-09-17T11:32:49Z,2026-09-17T11:32:49Z,true
united-utilities:UUP01168:1789668600000,united-utilities:UUP01168,united-utilities,2026-09-17T18:10:00Z,2026-09-17T18:32:00Z,22,hub,2026-09-17T23:07:57Z,2026-09-17T23:07:57Z,true
united-utilities:UUP01168:1789744320000,united-utilities:UUP01168,united-utilities,2026-09-18T15:12:00Z,2026-09-18T19:14:00Z,242,hub,2026-09-18T17:51:51Z,2026-09-18T20:21:27Z,true
united-utilities:UUP01168:1789774080000,united-utilities:UUP01168,united-utilities,2026-09-18T23:28:00Z,2026-09-19T00:04:00Z,36,hub,2026-09-19T01:01:22Z,2026-09-19T01:01:22Z,true
united-utilities:UUP01170:1788816720000,united-utilities:UUP01170,united-utilities,2026-09-07T21:32:00Z,2026-09-07T21:54:00Z,22,hub,2026-09-17T00:49:00Z,2026-09-17T00:49:00Z,true
united-utilities:UUP01170:1789620840000,united-utilities:UUP01170,united-utilities,2026-09-17T04:54:00Z,2026-09-17T05:20:00Z,26,hub,2026-09-17T11:32:49Z,2026-09-17T11:32:49Z,true
united-utilities:UUP01175:1788482248000,united-utilities:UUP01175,united-utilities,2026-09-04T00:37:28Z,2026-09-04T01:56:24Z,79,hub,2026-09-17T00:49:00Z,2026-09-17T00:49:00Z,true
united-utilities:UUP01177:1789441440000,united-utilities:UUP01177,united-utilities,2026-09-15T03:04:00Z,2026-09-15T03:34:00Z,30,hub,2026-09-17T00:49:00Z,2026-09-17T00:49:00Z,true
united-utilities:UUP01178:1788482827000,united-utilities:UUP01178,united-utilities,2026-09-04T00:47:07Z,2026-09-04T12:02:49Z,676,hub,2026-09-17T00:49:00Z,2026-09-17T00:49:00Z,true
united-utilities:UUP01179:1788823800000,united-utilities:UUP01179,united-utilities,2026-09-07T23:30:00Z,2026-09-08T00:24:00Z,54,hub,2026-09-17T00:49:00Z,2026-09-17T00:49:00Z,true
united-utilities:UUP01179:1789613640000,united-utilities:UUP01179,united-utilities,2026-09-17T02:54:00Z,2026-09-17T04:04:00Z,70,hub,2026-09-17T11:32:49Z,2026-09-17T11:32:49Z,true
united-utilities:UUP01180:1788485234000,united-utilities:UUP01180,united-utilities,2026-09-04T01:27:14Z,2026-09-04T01:33:36Z,6,hub,2026-09-17T00:49:00Z,2026-09-17T00:49:00Z,true
united-utilities:UUP01181:1789474836000,united-utilities:UUP01181,united-utilities,2026-09-15T12:20:36Z,2026-09-15T13:39:25Z,79,hub,2026-09-17T00:49:00Z,2026-09-17T00:49:00Z,true
united-utilities:UUP01181:1789617897000,united-utilities:UUP01181,united-utilities,2026-09-17T04:04:57Z,2026-09-17T11:51:22Z,466,hub,2026-09-17T11:32:49Z,2026-09-17T13:51:58Z,true
united-utilities:UUP01181:1789674254000,united-utilities:UUP01181,united-utilities,2026-09-17T19:44:14Z,2026-09-17T20:50:39Z,66,hub,2026-09-17T22:13:42Z,2026-09-17T22:13:42Z,true
united-utilities:UUP01181:1789747666000,united-utilities:UUP01181,united-utilities,2026-09-18T16:07:46Z,,,hub,2026-09-18T17:51:51Z,2026-09-18T17:51:51Z,
united-utilities:UUP01183:1789439040000,united-utilities:UUP01183,united-utilities,2026-09-15T02:24:00Z,2026-09-15T03:38:00Z,74,hub,2026-09-17T00:49:00Z,2026-09-17T00:49:00Z,true
united-utilities:UUP01184:1788877080000,united-utilities:UUP01184,united-utilities,2026-09-08T14:18:00Z,2026-09-08T14:22:00Z,4,hub,2026-09-17T00:49:00Z,2026-09-17T00:49:00Z,true
united-utilities:UUP01185:1788882720000,united-utilities:UUP01185,united-utilities,2026-09-08T15:52:00Z,2026-09-08T15:58:00Z,6,hub,2026-09-17T00:49:00Z,2026-09-17T00:49:00Z,true
united-utilities:UUP01188:1788483720000,united-utilities:UUP01188,united-utilities,2026-09-04T01:02:00Z,2026-09-04T02:14:00Z,72,hub,2026-09-17T00:49:00Z,2026-09-17T00:49:00Z,true
united-utilities:UUP01192:1788507569000,united-utilities:UUP01192,united-utilities,2026-09-04T07:39:29Z,2026-09-04T08:03:36Z,24,hub,2026-09-17T00:49:00Z,2026-09-17T00:49:00Z,true
united-utilities:UUP01194:1789206240000,united-utilities:UUP01194,united-utilities,2026-09-12T09:44:00Z,2026-09-12T09:58:00Z,14,hub,2026-09-17T00:49:00Z,2026-09-17T00:49:00Z,true
united-utilities:UUP01194:1789616280000,united-utilities:UUP01194,united-utilities,2026-09-17T03:38:00Z,2026-09-17T04:56:00Z,78,hub,2026-09-17T11:32:49Z,2026-09-17T11:32:49Z,true
united-utilities:UUP01196:1789447253000,united-utilities:UUP01196,united-utilities,2026-09-15T04:40:53Z,2026-09-15T04:48:28Z,8,hub,2026-09-17T00:49:00Z,2026-09-17T00:49:00Z,true
united-utilities:UUP01197:1788508560000,united-utilities:UUP01197,united-utilities,2026-09-04T07:56:00Z,2026-09-04T09:14:00Z,78,hub,2026-09-17T00:49:00Z,2026-09-17T00:49:00Z,true
united-utilities:UUP01198:1789201821000,united-utilities:UUP01198,united-utilities,2026-09-12T08:30:21Z,2026-09-12T08:37:38Z,7,hub,2026-09-17T00:49:00Z,2026-09-17T00:49:00Z,true
united-utilities:UUP01200:1789430297000,united-utilities:UUP01200,united-utilities,2026-09-14T23:58:17Z,2026-09-15T01:52:29Z,114,hub,2026-09-17T00:49:00Z,2026-09-17T00:49:00Z,true
united-utilities:UUP01200:1789604921750,united-utilities:UUP01200,united-utilities,2026-09-17T00:28:41Z,2026-09-17T00:35:39Z,7,hub,2026-09-17T02:08:37Z,2026-09-17T02:08:37Z,true
united-utilities:UUP01200:1789740693720,united-utilities:UUP01200,united-utilities,2026-09-18T14:11:33Z,2026-09-18T14:53:26Z,42,hub,2026-09-18T14:37:46Z,2026-09-18T14:37:46Z,false
united-utilities:UUP01200:1789743206970,united-utilities:UUP01200,united-utilities,2026-09-18T14:53:26Z,2026-09-18T14:57:18Z,4,hub,2026-09-18T15:18:24Z,2026-09-18T15:18:24Z,true
united-utilities:UUP01201:1789448999000,united-utilities:UUP01201,united-utilities,2026-09-15T05:09:59Z,2026-09-15T05:23:24Z,13,hub,2026-09-17T00:49:00Z,2026-09-17T00:49:00Z,true
united-utilities:UUP01202:1789548120000,united-utilities:UUP01202,united-utilities,2026-09-16T08:42:00Z,2026-09-16T09:54:00Z,72,hub,2026-09-17T00:49:00Z,2026-09-17T00:49:00Z,true
united-utilities:UUP01202:1789616520000,united-utilities:UUP01202,united-utilities,2026-09-17T03:42:00Z,2026-09-17T04:02:00Z,20,hub,2026-09-17T11:32:49Z,2026-09-17T11:32:49Z,true
united-utilities:UUP01202:1789774920000,united-utilities:UUP01202,united-utilities,2026-09-18T23:42:00Z,2026-09-18T23:48:00Z,6,hub,2026-09-19T00:41:02Z,2026-09-19T00:41:02Z,true
united-utilities:UUP01203:1789552344000,united-utilities:UUP01203,united-utilities,2026-09-16T09:52:24Z,2026-09-16T09:59:25Z,7,hub,2026-09-17T00:49:00Z,2026-09-17T00:49:00Z,true
united-utilities:UUP01203:1789614342000,united-utilities:UUP01203,united-utilities,2026-09-17T03:05:42Z,2026-09-17T04:40:23Z,95,hub,2026-09-17T11:32:49Z,2026-09-17T11:32:49Z,true
united-utilities:UUP01203:1789746602000,united-utilities:UUP01203,united-utilities,2026-09-18T15:50:02Z,2026-09-18T15:57:14Z,7,hub,2026-09-18T17:51:51Z,2026-09-18T17:51:51Z,true
united-utilities:UUP01205:1788466800000,united-utilities:UUP01205,united-utilities,2026-09-03T20:20:00Z,2026-09-04T03:14:00Z,414,hub,2026-09-17T00:49:00Z,2026-09-17T00:49:00Z,true
united-utilities:UUP01205:1789746240000,united-utilities:UUP01205,united-utilities,2026-09-18T15:44:00Z,2026-09-18T17:22:00Z,98,hub,2026-09-18T17:51:51Z,2026-09-18T18:22:27Z,true
united-utilities:UUP01207:1789556880000,united-utilities:UUP01207,united-utilities,2026-09-16T11:08:00Z,2026-09-16T11:26:00Z,18,hub,2026-09-17T00:49:00Z,2026-09-17T00:49:00Z,true
united-utilities:UUP01207:1789623000000,united-utilities:UUP01207,united-utilities,2026-09-17T05:30:00Z,2026-09-17T05:34:00Z,4,hub,2026-09-17T11:32:49Z,2026-09-17T11:32:49Z,true
united-utilities:UUP01207:1789641960000,united-utilities:UUP01207,united-utilities,2026-09-17T10:46:00Z,2026-09-17T11:00:00Z,14,hub,2026-09-17T13:51:58Z,2026-09-17T13:51:58Z,true
united-utilities:UUP01207:1789774080000,united-utilities:UUP01207,united-utilities,2026-09-18T23:28:00Z,2026-09-18T23:52:00Z,24,hub,2026-09-19T00:41:02Z,2026-09-19T01:01:22Z,true
united-utilities:UUP01212:1788880884000,united-utilities:UUP01212,united-utilities,2026-09-08T15:21:24Z,2026-09-08T15:40:54Z,20,hub,2026-09-17T00:49:00Z,2026-09-17T00:49:00Z,true
united-utilities:UUP01214:1789448760000,united-utilities:UUP01214,united-utilities,2026-09-15T05:06:00Z,2026-09-15T05:14:00Z,8,hub,2026-09-17T00:49:00Z,2026-09-17T00:49:00Z,true
united-utilities:UUP01215:1788495202000,united-utilities:UUP01215,united-utilities,2026-09-04T04:13:22Z,2026-09-04T04:18:01Z,5,hub,2026-09-17T00:49:00Z,2026-09-17T00:49:00Z,true
united-utilities:UUP01216:1788502677000,united-utilities:UUP01216,united-utilities,2026-09-04T06:17:57Z,2026-09-18T15:12:03Z,20694,hub,2026-09-17T00:49:00Z,2026-09-17T00:49:00Z,false
united-utilities:UUP01216:1789744323000,united-utilities:UUP01216,united-utilities,2026-09-18T15:12:03Z,2026-09-18T17:40:06Z,148,hub,2026-09-18T17:51:51Z,2026-09-18T18:22:27Z,true
united-utilities:UUP01217:1788487440000,united-utilities:UUP01217,united-utilities,2026-09-04T02:04:00Z,2026-09-04T03:12:00Z,68,hub,2026-09-17T00:49:00Z,2026-09-17T00:49:00Z,true
united-utilities:UUP01218:1788511680000,united-utilities:UUP01218,united-utilities,2026-09-04T08:48:00Z,2026-09-04T09:34:00Z,46,hub,2026-09-17T00:49:00Z,2026-09-17T00:49:00Z,true
united-utilities:UUP01221:1789554960000,united-utilities:UUP01221,united-utilities,2026-09-16T10:36:00Z,2026-09-16T11:48:00Z,72,hub,2026-09-17T00:49:00Z,2026-09-17T00:49:00Z,true
united-utilities:UUP01224:1788816840000,united-utilities:UUP01224,united-utilities,2026-09-07T21:34:00Z,2026-09-07T21:52:00Z,18,hub,2026-09-17T00:49:00Z,2026-09-17T00:49:00Z,true
united-utilities:UUP01227:1788818280000,united-utilities:UUP01227,united-utilities,2026-09-07T21:58:00Z,2026-09-07T22:04:00Z,6,hub,2026-09-17T00:49:00Z,2026-09-17T00:49:00Z,true
united-utilities:UUP01228:1788886200000,united-utilities:UUP01228,united-utilities,2026-09-08T16:50:00Z,2026-09-08T17:02:00Z,12,hub,2026-09-17T00:49:00Z,2026-09-17T00:49:00Z,true
united-utilities:UUP01230:1789448760000,united-utilities:UUP01230,united-utilities,2026-09-15T05:06:00Z,2026-09-15T05:10:00Z,4,hub,2026-09-17T00:49:00Z,2026-09-17T00:49:00Z,true
united-utilities:UUP01230:1789752480000,united-utilities:UUP01230,united-utilities,2026-09-18T17:34:00Z,2026-09-18T17:40:00Z,6,hub,2026-09-18T18:02:06Z,2026-09-18T18:22:27Z,true
united-utilities:UUP01231:1788815280000,united-utilities:UUP01231,united-utilities,2026-09-07T21:08:00Z,2026-09-07T21:20:00Z,12,hub,2026-09-17T00:49:00Z,2026-09-17T00:49:00Z,true
united-utilities:UUP01232:1788816960000,united-utilities:UUP01232,united-utilities,2026-09-07T21:36:00Z,2026-09-07T22:08:00Z,32,hub,2026-09-17T00:49:00Z,2026-09-17T00:49:00Z,true
united-utilities:UUP01233:1788808560000,united-utilities:UUP01233,united-utilities,2026-09-07T19:16:00Z,2026-09-07T19:22:00Z,6,hub,2026-09-17T00:49:00Z,2026-09-17T00:49:00Z,true
united-utilities:UUP01235:1788831120000,united-utilities:UUP01235,united-utilities,2026-09-08T01:32:00Z,2026-09-08T01:38:00Z,6,hub,2026-09-17T00:49:00Z,2026-09-17T00:49:00Z,true
united-utilities:UUP01238:1788523759000,united-utilities:UUP01238,united-utilities,2026-09-04T12:09:19Z,2026-09-04T12:35:35Z,26,hub,2026-09-17T00:49:00Z,2026-09-17T00:49:00Z,true
united-utilities:UUP01241:1789080000000,united-utilities:UUP01241,united-utilities,2026-09-10T22:40:00Z,2026-09-10T23:12:00Z,32,hub,2026-09-17T00:49:00Z,2026-09-17T00:49:00Z,true
united-utilities:UUP01242:1789450080000,united-utilities:UUP01242,united-utilities,2026-09-15T05:28:00Z,2026-09-15T06:14:00Z,46,hub,2026-09-17T00:49:00Z,2026-09-17T00:49:00Z,true
united-utilities:UUP01242:1789623240000,united-utilities:UUP01242,united-utilities,2026-09-17T05:34:00Z,2026-09-17T05:58:00Z,24,hub,2026-09-17T11:32:49Z,2026-09-17T11:32:49Z,true
united-utilities:UUP01242:1789745760000,united-utilities:UUP01242,united-utilities,2026-09-18T15:36:00Z,2026-09-18T16:12:00Z,36,hub,2026-09-18T17:51:51Z,2026-09-18T17:51:51Z,true
united-utilities:UUP01244:1788483120000,united-utilities:UUP01244,united-utilities,2026-09-04T00:52:00Z,2026-09-04T02:24:00Z,92,hub,2026-09-17T00:49:00Z,2026-09-17T00:49:00Z,true
united-utilities:UUP01246:1788484320000,united-utilities:UUP01246,united-utilities,2026-09-04T01:12:00Z,2026-09-04T13:30:00Z,738,hub,2026-09-17T00:49:00Z,2026-09-17T00:49:00Z,true
united-utilities:UUP01252:1788882240000,united-utilities:UUP01252,united-utilities,2026-09-08T15:44:00Z,2026-09-08T15:50:00Z,6,hub,2026-09-17T00:49:00Z,2026-09-17T00:49:00Z,true
united-utilities:UUP01255:1789450538000,united-utilities:UUP01255,united-utilities,2026-09-15T05:35:38Z,2026-09-15T05:50:31Z,15,hub,2026-09-17T00:49:00Z,2026-09-17T00:49:00Z,true
united-utilities:UUP01263:1788507120000,united-utilities:UUP01263,united-utilities,2026-09-04T07:32:00Z,2026-09-04T08:56:00Z,84,hub,2026-09-17T00:49:00Z,2026-09-17T00:49:00Z,true
united-utilities:UUP01264:1788507124000,united-utilities:UUP01264,united-utilities,2026-09-04T07:32:04Z,2026-09-04T08:17:03Z,45,hub,2026-09-17T00:49:00Z,2026-09-17T00:49:00Z,true
united-utilities:UUP01266:1789508503000,united-utilities:UUP01266,united-utilities,2026-09-15T21:41:43Z,2026-09-15T22:08:55Z,27,hub,2026-09-17T00:49:00Z,2026-09-17T00:49:00Z,true
united-utilities:UUP01266:1789739958500,united-utilities:UUP01266,united-utilities,2026-09-18T13:59:18Z,2026-09-18T18:34:45Z,275,hub,2026-09-18T14:37:46Z,2026-09-18T20:21:27Z,true
united-utilities:UUP01268:1788481004000,united-utilities:UUP01268,united-utilities,2026-09-04T00:16:44Z,2026-09-04T03:34:04Z,197,hub,2026-09-17T00:49:00Z,2026-09-17T00:49:00Z,true
united-utilities:UUP01269:1789197120000,united-utilities:UUP01269,united-utilities,2026-09-12T07:12:00Z,2026-09-12T08:30:00Z,78,hub,2026-09-17T00:49:00Z,2026-09-17T00:49:00Z,true
united-utilities:UUP01270:1789509780000,united-utilities:UUP01270,united-utilities,2026-09-15T22:03:00Z,2026-09-15T22:46:00Z,43,hub,2026-09-17T00:49:00Z,2026-09-17T00:49:00Z,true
united-utilities:UUP01270:1789747140000,united-utilities:UUP01270,united-utilities,2026-09-18T15:59:00Z,2026-09-18T17:30:00Z,91,hub,2026-09-18T17:51:51Z,2026-09-18T18:02:06Z,true
united-utilities:UUP01271:1789195945000,united-utilities:UUP01271,united-utilities,2026-09-12T06:52:25Z,2026-09-12T07:10:35Z,18,hub,2026-09-17T00:49:00Z,2026-09-17T00:49:00Z,true
united-utilities:UUP01274:1789433520000,united-utilities:UUP01274,united-utilities,2026-09-15T00:52:00Z,2026-09-15T01:24:00Z,32,hub,2026-09-17T00:49:00Z,2026-09-17T00:49:00Z,true
united-utilities:UUP01275:1789555320000,united-utilities:UUP01275,united-utilities,2026-09-16T10:42:00Z,2026-09-16T12:04:00Z,82,hub,2026-09-17T00:49:00Z,2026-09-17T00:49:00Z,true
united-utilities:UUP01275:1789623480000,united-utilities:UUP01275,united-utilities,2026-09-17T05:38:00Z,2026-09-17T06:42:00Z,64,hub,2026-09-17T11:32:49Z,2026-09-17T11:32:49Z,true
united-utilities:UUP01279:1789440720000,united-utilities:UUP01279,united-utilities,2026-09-15T02:52:00Z,2026-09-15T02:56:00Z,4,hub,2026-09-17T00:49:00Z,2026-09-17T00:49:00Z,true
united-utilities:UUP01279:1789661280000,united-utilities:UUP01279,united-utilities,2026-09-17T16:08:00Z,2026-09-17T16:12:00Z,4,hub,2026-09-17T19:14:51Z,2026-09-17T19:14:51Z,true
united-utilities:UUP01284:1788848040000,united-utilities:UUP01284,united-utilities,2026-09-08T06:14:00Z,2026-09-08T06:18:00Z,4,hub,2026-09-17T00:49:00Z,2026-09-17T00:49:00Z,true
united-utilities:UUP01284:1789654920000,united-utilities:UUP01284,united-utilities,2026-09-17T14:22:00Z,2026-09-17T16:40:00Z,138,hub,2026-09-17T15:38:08Z,2026-09-17T19:14:51Z,true
united-utilities:UUP01284:1789749120000,united-utilities:UUP01284,united-utilities,2026-09-18T16:32:00Z,2026-09-18T18:16:00Z,104,hub,2026-09-18T17:51:51Z,2026-09-18T18:42:49Z,true
united-utilities:UUP01284:1789758000000,united-utilities:UUP01284,united-utilities,2026-09-18T19:00:00Z,2026-09-18T19:26:00Z,26,hub,2026-09-18T20:21:27Z,2026-09-18T20:21:27Z,true
united-utilities:UUP01284:1789763520000,united-utilities:UUP01284,united-utilities,2026-09-18T20:32:00Z,2026-09-18T20:54:00Z,22,hub,2026-09-18T22:43:41Z,2026-09-18T22:43:41Z,true
united-utilities:UUP01284:1789771800000,united-utilities:UUP01284,united-utilities,2026-09-18T22:50:00Z,2026-09-18T23:10:00Z,20,hub,2026-09-19T00:41:02Z,2026-09-19T00:41:02Z,true
united-utilities:UUP01285:1788825960000,united-utilities:UUP01285,united-utilities,2026-09-08T00:06:00Z,2026-09-08T00:30:00Z,24,hub,2026-09-17T00:49:00Z,2026-09-17T00:49:00Z,true
united-utilities:UUP01286:1789452120000,united-utilities:UUP01286,united-utilities,2026-09-15T06:02:00Z,2026-09-15T06:08:00Z,6,hub,2026-09-17T00:49:00Z,2026-09-17T00:49:00Z,true
united-utilities:UUP01287:1788481190000,united-utilities:UUP01287,united-utilities,2026-09-04T00:19:50Z,2026-09-04T02:34:15Z,134,hub,2026-09-17T00:49:00Z,2026-09-17T00:49:00Z,true
united-utilities:UUP01288:1788481577000,united-utilities:UUP01288,united-utilities,2026-09-04T00:26:17Z,2026-09-04T02:08:27Z,102,hub,2026-09-17T00:49:00Z,2026-09-17T00:49:00Z,true
united-utilities:UUP01289:1789506720000,united-utilities:UUP01289,united-utilities,2026-09-15T21:12:00Z,2026-09-15T22:04:00Z,52,hub,2026-09-17T00:49:00Z,2026-09-17T00:49:00Z,true
united-utilities:UUP01289:1789745400000,united-utilities:UUP01289,united-utilities,2026-09-18T15:30:00Z,2026-09-18T16:50:00Z,80,hub,2026-09-18T17:51:51Z,2026-09-18T17:51:51Z,true
united-utilities:UUP01290:1788809520000,united-utilities:UUP01290,united-utilities,2026-09-07T19:32:00Z,2026-09-18T15:24:00Z,15592,hub,2026-09-17T00:49:00Z,2026-09-17T00:49:00Z,false
united-utilities:UUP01290:1789745040000,united-utilities:UUP01290,united-utilities,2026-09-18T15:24:00Z,2026-09-18T19:28:00Z,244,hub,2026-09-18T17:51:51Z,2026-09-18T20:21:27Z,true
united-utilities:UUP01290:1789774920000,united-utilities:UUP01290,united-utilities,2026-09-18T23:42:00Z,2026-09-19T00:04:00Z,22,hub,2026-09-19T00:41:02Z,2026-09-19T01:01:22Z,true
united-utilities:UUP01292:1788478440000,united-utilities:UUP01292,united-utilities,2026-09-03T23:34:00Z,2026-09-04T03:44:00Z,250,hub,2026-09-17T00:49:00Z,2026-09-17T00:49:00Z,true
united-utilities:UUP01293:1788484680000,united-utilities:UUP01293,united-utilities,2026-09-04T01:18:00Z,2026-09-04T11:12:00Z,594,hub,2026-09-17T00:49:00Z,2026-09-17T00:49:00Z,true
united-utilities:UUP01295:1789452480000,united-utilities:UUP01295,united-utilities,2026-09-15T06:08:00Z,2026-09-15T06:32:00Z,24,hub,2026-09-17T00:49:00Z,2026-09-17T00:49:00Z,true
united-utilities:UUP01295:1789620240000,united-utilities:UUP01295,united-utilities,2026-09-17T04:44:00Z,2026-09-17T05:08:00Z,24,hub,2026-09-17T11:32:49Z,2026-09-17T11:32:49Z,true
united-utilities:UUP01295:1789747920000,united-utilities:UUP01295,united-utilities,2026-09-18T16:12:00Z,2026-09-18T17:18:00Z,66,hub,2026-09-18T17:51:51Z,2026-09-18T18:02:06Z,true
united-utilities:UUP01295:1789753440000,united-utilities:UUP01295,united-utilities,2026-09-18T17:44:00Z,2026-09-18T18:20:00Z,36,hub,2026-09-18T18:22:27Z,2026-09-18T20:21:27Z,true
united-utilities:UUP01296:1789554240000,united-utilities:UUP01296,united-utilities,2026-09-16T10:24:00Z,2026-09-16T11:04:00Z,40,hub,2026-09-17T00:49:00Z,2026-09-17T00:49:00Z,true
united-utilities:UUP01296:1789620000000,united-utilities:UUP01296,united-utilities,2026-09-17T04:40:00Z,2026-09-17T04:48:00Z,8,hub,2026-09-17T11:32:49Z,2026-09-17T11:32:49Z,true
united-utilities:UUP01301:1789450080000,united-utilities:UUP01301,united-utilities,2026-09-15T05:28:00Z,2026-09-15T05:40:00Z,12,hub,2026-09-17T00:49:00Z,2026-09-17T00:49:00Z,true
united-utilities:UUP01303:1788882360000,united-utilities:UUP01303,united-utilities,2026-09-08T15:46:00Z,2026-09-08T15:54:00Z,8,hub,2026-09-17T00:49:00Z,2026-09-17T00:49:00Z,true
united-utilities:UUP01304:1789555560000,united-utilities:UUP01304,united-utilities,2026-09-16T10:46:00Z,2026-09-16T10:50:00Z,4,hub,2026-09-17T00:49:00Z,2026-09-17T00:49:00Z,true
united-utilities:UUP01304:1789617960000,united-utilities:UUP01304,united-utilities,2026-09-17T04:06:00Z,2026-09-17T04:32:00Z,26,hub,2026-09-17T11:32:49Z,2026-09-17T11:32:49Z,true
united-utilities:UUP01306:1788925920000,united-utilities:UUP01306,united-utilities,2026-09-09T03:52:00Z,2026-09-09T04:00:00Z,8,hub,2026-09-17T00:49:00Z,2026-09-17T00:49:00Z,true
united-utilities:UUP01307:1788484080000,united-utilities:UUP01307,united-utilities,2026-09-04T01:08:00Z,2026-09-04T02:14:00Z,66,hub,2026-09-17T00:49:00Z,2026-09-17T00:49:00Z,true
united-utilities:UUP01311:1788820560000,united-utilities:UUP01311,united-utilities,2026-09-07T22:36:00Z,2026-09-07T22:58:00Z,22,hub,2026-09-17T00:49:00Z,2026-09-17T00:49:00Z,true
united-utilities:UUP01312:1789450080000,united-utilities:UUP01312,united-utilities,2026-09-15T05:28:00Z,2026-09-15T05:34:00Z,6,hub,2026-09-17T00:49:00Z,2026-09-17T00:49:00Z,true
united-utilities:UUP01313:1789538880000,united-utilities:UUP01313,united-utilities,2026-09-16T06:08:00Z,2026-09-16T06:20:00Z,12,hub,2026-09-17T00:49:00Z,2026-09-17T00:49:00Z,true
united-utilities:UUP01313:1789614960000,united-utilities:UUP01313,united-utilities,2026-09-17T03:16:00Z,2026-09-17T04:30:00Z,74,hub,2026-09-17T11:32:49Z,2026-09-17T11:32:49Z,true
united-utilities:UUP01313:1789669320000,united-utilities:UUP01313,united-utilities,2026-09-17T18:22:00Z,2026-09-17T18:26:00Z,4,hub,2026-09-17T19:14:51Z,2026-09-17T19:14:51Z,true
united-utilities:UUP01313:1789742760000,united-utilities:UUP01313,united-utilities,2026-09-18T14:46:00Z,2026-09-18T17:08:00Z,142,hub,2026-09-18T15:18:24Z,2026-09-18T18:02:06Z,true
united-utilities:UUP01313:1789753680000,united-utilities:UUP01313,united-utilities,2026-09-18T17:48:00Z,2026-09-18T18:18:00Z,30,hub,2026-09-18T18:22:27Z,2026-09-18T20:21:27Z,true
united-utilities:UUP01313:1789773360000,united-utilities:UUP01313,united-utilities,2026-09-18T23:16:00Z,2026-09-18T23:26:00Z,10,hub,2026-09-19T00:41:02Z,2026-09-19T00:41:02Z,true
united-utilities:UUP01316:1788507405000,united-utilities:UUP01316,united-utilities,2026-09-04T07:36:45Z,2026-09-04T07:40:05Z,3,hub,2026-09-17T00:49:00Z,2026-09-17T00:49:00Z,true
united-utilities:UUP01319:1789087320000,united-utilities:UUP01319,united-utilities,2026-09-11T00:42:00Z,2026-09-11T00:54:00Z,12,hub,2026-09-17T00:49:00Z,2026-09-17T00:49:00Z,true
united-utilities:UUP01321:1788819960000,united-utilities:UUP01321,united-utilities,2026-09-07T22:26:00Z,2026-09-07T22:58:00Z,32,hub,2026-09-17T00:49:00Z,2026-09-17T00:49:00Z,true
united-utilities:UUP01321:1789751640000,united-utilities:UUP01321,united-utilities,2026-09-18T17:14:00Z,2026-09-18T17:18:00Z,4,hub,2026-09-18T18:02:06Z,2026-09-18T18:02:06Z,true
united-utilities:UUP01321:1789752600000,united-utilities:UUP01321,united-utilities,2026-09-18T17:30:00Z,2026-09-18T17:46:00Z,16,hub,2026-09-18T18:22:27Z,2026-09-18T18:22:27Z,true
united-utilities:UUP01322:1789219920000,united-utilities:UUP01322,united-utilities,2026-09-12T13:32:00Z,2026-09-12T13:46:00Z,14,hub,2026-09-17T00:49:00Z,2026-09-17T00:49:00Z,true
united-utilities:UUP01323:1789452840000,united-utilities:UUP01323,united-utilities,2026-09-15T06:14:00Z,2026-09-15T06:26:00Z,12,hub,2026-09-17T00:49:00Z,2026-09-17T00:49:00Z,true
united-utilities:UUP01323:1789749000000,united-utilities:UUP01323,united-utilities,2026-09-18T16:30:00Z,2026-09-18T16:44:00Z,14,hub,2026-09-18T17:51:51Z,2026-09-18T17:51:51Z,true
united-utilities:UUP01323:1789774440000,united-utilities:UUP01323,united-utilities,2026-09-18T23:34:00Z,2026-09-18T23:42:00Z,8,hub,2026-09-19T00:41:02Z,2026-09-19T00:41:02Z,true
united-utilities:UUP01324:1788817560000,united-utilities:UUP01324,united-utilities,2026-09-07T21:46:00Z,2026-09-07T21:58:00Z,12,hub,2026-09-17T00:49:00Z,2026-09-17T00:49:00Z,true
united-utilities:UUP01326:1789595160000,united-utilities:UUP01326,united-utilities,2026-09-16T21:46:00Z,2026-09-17T03:32:00Z,346,hub,2026-09-17T00:49:00Z,2026-09-17T11:32:49Z,true
united-utilities:UUP01328:1789447202000,united-utilities:UUP01328,united-utilities,2026-09-15T04:40:02Z,2026-09-15T05:44:58Z,65,hub,2026-09-17T00:49:00Z,2026-09-17T00:49:00Z,true
united-utilities:UUP01331:1789545120000,united-utilities:UUP01331,united-utilities,2026-09-16T07:52:00Z,2026-09-16T07:56:00Z,4,hub,2026-09-17T00:49:00Z,2026-09-17T00:49:00Z,true
united-utilities:UUP01332:1788899170000,united-utilities:UUP01332,united-utilities,2026-09-08T20:26:10Z,2026-09-08T22:17:03Z,111,hub,2026-09-17T00:49:00Z,2026-09-17T00:49:00Z,true
united-utilities:UUP01333:1789506960000,united-utilities:UUP01333,united-utilities,2026-09-15T21:16:00Z,2026-09-15T21:40:00Z,24,hub,2026-09-17T00:49:00Z,2026-09-17T00:49:00Z,true
united-utilities:UUP01333:1789617960000,united-utilities:UUP01333,united-utilities,2026-09-17T04:06:00Z,2026-09-17T04:16:00Z,10,hub,2026-09-17T11:32:49Z,2026-09-17T11:32:49Z,true
united-utilities:UUP01333:1789748880000,united-utilities:UUP01333,united-utilities,2026-09-18T16:28:00Z,2026-09-18T16:32:00Z,4,hub,2026-09-18T17:51:51Z,2026-09-18T17:51:51Z,true
united-utilities:UUP01335:1789468560000,united-utilities:UUP01335,united-utilities,2026-09-15T10:36:00Z,2026-09-15T10:50:00Z,14,hub,2026-09-17T00:49:00Z,2026-09-17T00:49:00Z,true
united-utilities:UUP01336:1789203120000,united-utilities:UUP01336,united-utilities,2026-09-12T08:52:00Z,2026-09-12T08:58:00Z,6,hub,2026-09-17T00:49:00Z,2026-09-17T00:49:00Z,true
united-utilities:UUP01336:1789606320000,united-utilities:UUP01336,united-utilities,2026-09-17T00:52:00Z,2026-09-17T01:22:00Z,30,hub,2026-09-17T02:08:37Z,2026-09-17T02:08:37Z,false
united-utilities:UUP01336:1789608120000,united-utilities:UUP01336,united-utilities,2026-09-17T01:22:00Z,2026-09-17T01:58:00Z,36,hub,2026-09-17T11:32:49Z,2026-09-17T11:32:49Z,true
united-utilities:UUP01342:1788804706000,united-utilities:UUP01342,united-utilities,2026-09-07T18:11:46Z,2026-09-07T18:46:59Z,35,hub,2026-09-17T00:49:00Z,2026-09-17T00:49:00Z,true
united-utilities:UUP01345:1789439280000,united-utilities:UUP01345,united-utilities,2026-09-15T02:28:00Z,2026-09-15T02:34:00Z,6,hub,2026-09-17T00:49:00Z,2026-09-17T00:49:00Z,true
united-utilities:UUP01346:1788881160000,united-utilities:UUP01346,united-utilities,2026-09-08T15:26:00Z,2026-09-08T15:48:00Z,22,hub,2026-09-17T00:49:00Z,2026-09-17T00:49:00Z,true
united-utilities:UUP01348:1788485490000,united-utilities:UUP01348,united-utilities,2026-09-04T01:31:30Z,2026-09-04T03:43:53Z,132,hub,2026-09-17T00:49:00Z,2026-09-17T00:49:00Z,true
united-utilities:UUP01349:1788486960000,united-utilities:UUP01349,united-utilities,2026-09-04T01:56:00Z,2026-09-04T02:18:00Z,22,hub,2026-09-17T00:49:00Z,2026-09-17T00:49:00Z,true
united-utilities:UUP01351:1788499256000,united-utilities:UUP01351,united-utilities,2026-09-04T05:20:56Z,2026-09-04T10:31:45Z,311,hub,2026-09-17T00:49:00Z,2026-09-17T00:49:00Z,true
united-utilities:UUP01352:1788480720000,united-utilities:UUP01352,united-utilities,2026-09-04T00:12:00Z,2026-09-04T12:48:00Z,756,hub,2026-09-17T00:49:00Z,2026-09-17T00:49:00Z,true
united-utilities:UUP01354:1789554600000,united-utilities:UUP01354,united-utilities,2026-09-16T10:30:00Z,2026-09-16T11:22:00Z,52,hub,2026-09-17T00:49:00Z,2026-09-17T00:49:00Z,true
united-utilities:UUP01355:1788487080000,united-utilities:UUP01355,united-utilities,2026-09-04T01:58:00Z,2026-09-04T02:30:00Z,32,hub,2026-09-17T00:49:00Z,2026-09-17T00:49:00Z,true
united-utilities:UUP01357:1788484680000,united-utilities:UUP01357,united-utilities,2026-09-04T01:18:00Z,2026-09-04T02:56:00Z,98,hub,2026-09-17T00:49:00Z,2026-09-17T00:49:00Z,true
united-utilities:UUP01360:1789131089000,united-utilities:UUP01360,united-utilities,2026-09-11T12:51:29Z,2026-09-11T12:59:47Z,8,hub,2026-09-17T00:49:00Z,2026-09-17T00:49:00Z,true
united-utilities:UUP01361:1789197989000,united-utilities:UUP01361,united-utilities,2026-09-12T07:26:29Z,2026-09-12T15:06:14Z,460,hub,2026-09-17T00:49:00Z,2026-09-17T00:49:00Z,true
united-utilities:UUP01363:1788807859000,united-utilities:UUP01363,united-utilities,2026-09-07T19:04:19Z,2026-09-07T19:10:49Z,7,hub,2026-09-17T00:49:00Z,2026-09-17T00:49:00Z,true
united-utilities:UUP01364:1789509629000,united-utilities:UUP01364,united-utilities,2026-09-15T22:00:29Z,2026-09-15T22:17:47Z,17,hub,2026-09-17T00:49:00Z,2026-09-17T00:49:00Z,true
united-utilities:UUP01366:1789507560000,united-utilities:UUP01366,united-utilities,2026-09-15T21:26:00Z,2026-09-15T22:12:00Z,46,hub,2026-09-17T00:49:00Z,2026-09-17T00:49:00Z,true
united-utilities:UUP01366:1789619400000,united-utilities:UUP01366,united-utilities,2026-09-17T04:30:00Z,2026-09-17T04:40:00Z,10,hub,2026-09-17T11:32:49Z,2026-09-17T11:32:49Z,true
united-utilities:UUP01367:1788472320000,united-utilities:UUP01367,united-utilities,2026-09-03T21:52:00Z,2026-09-04T06:14:00Z,502,hub,2026-09-17T00:49:00Z,2026-09-17T00:49:00Z,true
united-utilities:UUP01367:1789748160000,united-utilities:UUP01367,united-utilities,2026-09-18T16:16:00Z,2026-09-18T17:58:00Z,102,hub,2026-09-18T17:51:51Z,2026-09-18T18:42:49Z,true
united-utilities:UUP01370:1788531127000,united-utilities:UUP01370,united-utilities,2026-09-04T14:12:07Z,2026-09-04T15:15:15Z,63,hub,2026-09-17T00:49:00Z,2026-09-17T00:49:00Z,true
united-utilities:UUP01370:1789717157000,united-utilities:UUP01370,united-utilities,2026-09-18T07:39:17Z,,,hub,2026-09-18T10:30:40Z,2026-09-18T10:30:40Z,
united-utilities:UUP01371:1789552200000,united-utilities:UUP01371,united-utilities,2026-09-16T09:50:00Z,2026-09-16T10:10:00Z,20,hub,2026-09-17T00:49:00Z,2026-09-17T00:49:00Z,true
united-utilities:UUP01371:1789743120000,united-utilities:UUP01371,united-utilities,2026-09-18T14:52:00Z,,,hub,2026-09-18T17:51:51Z,2026-09-18T17:51:51Z,
united-utilities:UUP01372:1789446840000,united-utilities:UUP01372,united-utilities,2026-09-15T04:34:00Z,2026-09-15T05:08:00Z,34,hub,2026-09-17T00:49:00Z,2026-09-17T00:49:00Z,true
united-utilities:UUP01372:1789745280000,united-utilities:UUP01372,united-utilities,2026-09-18T15:28:00Z,2026-09-18T16:00:00Z,32,hub,2026-09-18T17:51:51Z,2026-09-18T17:51:51Z,true
united-utilities:UUP01373:1789201222000,united-utilities:UUP01373,united-utilities,2026-09-12T08:20:22Z,2026-09-12T11:00:06Z,160,hub,2026-09-17T00:49:00Z,2026-09-17T00:49:00Z,true
united-utilities:UUP01373:1789744625000,united-utilities:UUP01373,united-utilities,2026-09-18T15:17:05Z,2026-09-18T18:55:55Z,219,hub,2026-09-18T17:51:51Z,2026-09-18T20:21:27Z,true
united-utilities:UUP01375:1789449480000,united-utilities:UUP01375,united-utilities,2026-09-15T05:18:00Z,2026-09-15T05:34:00Z,16,hub,2026-09-17T00:49:00Z,2026-09-17T00:49:00Z,true
united-utilities:UUP01375:1789618200000,united-utilities:UUP01375,united-utilities,2026-09-17T04:10:00Z,2026-09-17T04:44:00Z,34,hub,2026-09-17T11:32:49Z,2026-09-17T11:32:49Z,true
united-utilities:UUP01375:1789773720000,united-utilities:UUP01375,united-utilities,2026-09-18T23:22:00Z,2026-09-18T23:44:00Z,22,hub,2026-09-19T00:41:02Z,2026-09-19T00:41:02Z,true
united-utilities:UUP01378:1788813720000,united-utilities:UUP01378,united-utilities,2026-09-07T20:42:00Z,2026-09-07T22:20:00Z,98,hub,2026-09-17T00:49:00Z,2026-09-17T00:49:00Z,true
united-utilities:UUP01380:1788816720000,united-utilities:UUP01380,united-utilities,2026-09-07T21:32:00Z,2026-09-07T21:50:00Z,18,hub,2026-09-17T00:49:00Z,2026-09-17T00:49:00Z,true
united-utilities:UUP01383:1789452840000,united-utilities:UUP01383,united-utilities,2026-09-15T06:14:00Z,2026-09-15T06:22:00Z,8,hub,2026-09-17T00:49:00Z,2026-09-17T00:49:00Z,true
united-utilities:UUP01387:1789442137000,united-utilities:UUP01387,united-utilities,2026-09-15T03:15:37Z,2026-09-15T03:18:55Z,3,hub,2026-09-17T00:49:00Z,2026-09-17T00:49:00Z,true
united-utilities:UUP01387:1789661461000,united-utilities:UUP01387,united-utilities,2026-09-17T16:11:01Z,2026-09-17T16:17:47Z,7,hub,2026-09-17T19:14:51Z,2026-09-17T19:14:51Z,true
united-utilities:UUP01388:1789210440000,united-utilities:UUP01388,united-utilities,2026-09-12T10:54:00Z,2026-09-12T10:58:00Z,4,hub,2026-09-17T00:49:00Z,2026-09-17T00:49:00Z,true
united-utilities:UUP01391:1789450800000,united-utilities:UUP01391,united-utilities,2026-09-15T05:40:00Z,2026-09-15T06:18:00Z,38,hub,2026-09-17T00:49:00Z,2026-09-17T00:49:00Z,true
united-utilities:UUP01391:1789653120000,united-utilities:UUP01391,united-utilities,2026-09-17T13:52:00Z,2026-09-17T13:56:00Z,4,hub,2026-09-17T15:38:08Z,2026-09-17T15:38:08Z,true
united-utilities:UUP01392:1788814800000,united-utilities:UUP01392,united-utilities,2026-09-07T21:00:00Z,2026-09-07T22:15:00Z,75,hub,2026-09-17T00:49:00Z,2026-09-17T00:49:00Z,true
united-utilities:UUP01393:1789447213000,united-utilities:UUP01393,united-utilities,2026-09-15T04:40:13Z,2026-09-15T05:03:26Z,23,hub,2026-09-18T05:53:28Z,2026-09-18T05:53:28Z,true
united-utilities:UUP01393:1789450813000,united-utilities:UUP01393,united-utilities,2026-09-15T05:40:13Z,,,hub,2026-09-17T00:49:00Z,2026-09-17T00:49:00Z,
united-utilities:UUP01395:1789553847000,united-utilities:UUP01395,united-utilities,2026-09-16T10:17:27Z,2026-09-16T11:31:17Z,74,hub,2026-09-17T00:49:00Z,2026-09-17T00:49:00Z,true
united-utilities:UUP01397:1789151366000,united-utilities:UUP01397,united-utilities,2026-09-11T18:29:26Z,2026-09-11T19:18:15Z,49,hub,2026-09-17T00:49:00Z,2026-09-17T00:49:00Z,true
united-utilities:UUP01398:1789445599000,united-utilities:UUP01398,united-utilities,2026-09-15T04:13:19Z,2026-09-15T04:20:33Z,7,hub,2026-09-17T00:49:00Z,2026-09-17T00:49:00Z,true
united-utilities:UUP01399:1788806987000,united-utilities:UUP01399,united-utilities,2026-09-07T18:49:47Z,2026-09-07T19:05:27Z,16,hub,2026-09-17T00:49:00Z,2026-09-17T00:49:00Z,true
united-utilities:UUP01400:1788483068000,united-utilities:UUP01400,united-utilities,2026-09-04T00:51:08Z,2026-09-04T03:16:18Z,145,hub,2026-09-17T00:49:00Z,2026-09-17T00:49:00Z,true
united-utilities:UUP01401:1789537320000,united-utilities:UUP01401,united-utilities,2026-09-16T05:42:00Z,2026-09-16T06:14:00Z,32,hub,2026-09-17T00:49:00Z,2026-09-17T00:49:00Z,true
united-utilities:UUP01401:1789620840000,united-utilities:UUP01401,united-utilities,2026-09-17T04:54:00Z,2026-09-17T05:20:00Z,26,hub,2026-09-17T11:32:49Z,2026-09-17T11:32:49Z,true
united-utilities:UUP01401:1789667520000,united-utilities:UUP01401,united-utilities,2026-09-17T17:52:00Z,2026-09-17T18:00:00Z,8,hub,2026-09-17T19:14:51Z,2026-09-17T19:14:51Z,true
united-utilities:UUP01401:1789670160000,united-utilities:UUP01401,united-utilities,2026-09-17T18:36:00Z,2026-09-17T18:42:00Z,6,hub,2026-09-17T22:13:42Z,2026-09-17T22:13:42Z,true
united-utilities:UUP01401:1789743240000,united-utilities:UUP01401,united-utilities,2026-09-18T14:54:00Z,2026-09-18T17:08:00Z,134,hub,2026-09-18T17:51:51Z,2026-09-18T17:51:51Z,false
united-utilities:UUP01401:1789751280000,united-utilities:UUP01401,united-utilities,2026-09-18T17:08:00Z,2026-09-18T17:22:00Z,14,hub,2026-09-18T18:02:06Z,2026-09-18T18:02:06Z,true
united-utilities:UUP01401:1789753320000,united-utilities:UUP01401,united-utilities,2026-09-18T17:42:00Z,2026-09-18T18:36:00Z,54,hub,2026-09-18T18:22:27Z,2026-09-18T18:22:27Z,false
united-utilities:UUP01401:1789756560000,united-utilities:UUP01401,united-utilities,2026-09-18T18:36:00Z,2026-09-18T18:42:00Z,6,hub,2026-09-18T20:21:27Z,2026-09-18T20:21:27Z,true
united-utilities:UUP01401:1789774080000,united-utilities:UUP01401,united-utilities,2026-09-18T23:28:00Z,2026-09-18T23:32:00Z,4,hub,2026-09-19T00:41:02Z,2026-09-19T00:41:02Z,true
united-utilities:UUP01402:1789447680000,united-utilities:UUP01402,united-utilities,2026-09-15T04:48:00Z,2026-09-15T04:52:00Z,4,hub,2026-09-17T00:49:00Z,2026-09-17T00:49:00Z,true
united-utilities:UUP01403:1789195800000,united-utilities:UUP01403,united-utilities,2026-09-12T06:50:00Z,2026-09-12T06:58:00Z,8,hub,2026-09-17T00:49:00Z,2026-09-17T00:49:00Z,true
united-utilities:UUP01404:1789538113000,united-utilities:UUP01404,united-utilities,2026-09-16T05:55:13Z,2026-09-16T06:24:09Z,29,hub,2026-09-17T00:49:00Z,2026-09-17T00:49:00Z,true
united-utilities:UUP01404:1789621119000,united-utilities:UUP01404,united-utilities,2026-09-17T04:58:39Z,2026-09-17T05:33:39Z,35,hub,2026-09-17T11:32:49Z,2026-09-17T11:32:49Z,true
united-utilities:UUP01404:1789746901000,united-utilities:UUP01404,united-utilities,2026-09-18T15:55:01Z,2026-09-18T19:52:15Z,237,hub,2026-09-18T17:51:51Z,2026-09-18T20:21:27Z,true
united-utilities:UUP01404:1789775480000,united-utilities:UUP01404,united-utilities,2026-09-18T23:51:20Z,2026-09-19T00:09:12Z,18,hub,2026-09-19T00:41:02Z,2026-09-19T00:51:12Z,true
united-utilities:UUP01405:1789555440000,united-utilities:UUP01405,united-utilities,2026-09-16T10:44:00Z,2026-09-16T10:54:00Z,10,hub,2026-09-17T00:49:00Z,2026-09-17T00:49:00Z,true
united-utilities:UUP01406:1789416480000,united-utilities:UUP01406,united-utilities,2026-09-14T20:08:00Z,2026-09-14T20:16:00Z,8,hub,2026-09-17T00:49:00Z,2026-09-17T00:49:00Z,true
united-utilities:UUP01407:1788830040000,united-utilities:UUP01407,united-utilities,2026-09-08T01:14:00Z,2026-09-08T01:26:00Z,12,hub,2026-09-17T00:49:00Z,2026-09-17T00:49:00Z,true
united-utilities:UUP01407:1789619640000,united-utilities:UUP01407,united-utilities,2026-09-17T04:34:00Z,2026-09-17T04:40:00Z,6,hub,2026-09-17T11:32:49Z,2026-09-17T11:32:49Z,true
united-utilities:UUP01407:1789753560000,united-utilities:UUP01407,united-utilities,2026-09-18T17:46:00Z,2026-09-18T18:50:00Z,64,hub,2026-09-18T18:42:49Z,2026-09-18T20:21:27Z,true
united-utilities:UUP01408:1789509050000,united-utilities:UUP01408,united-utilities,2026-09-15T21:50:50Z,2026-09-16T00:03:13Z,132,hub,2026-09-17T00:49:00Z,2026-09-17T00:49:00Z,true
united-utilities:UUP01408:1789620534000,united-utilities:UUP01408,united-utilities,2026-09-17T04:48:54Z,2026-09-17T06:38:23Z,109,hub,2026-09-17T11:32:49Z,2026-09-17T11:32:49Z,true
united-utilities:UUP01408:1789744090000,united-utilities:UUP01408,united-utilities,2026-09-18T15:08:10Z,2026-09-18T17:57:46Z,170,hub,2026-09-18T17:51:51Z,2026-09-18T18:42:49Z,true
united-utilities:UUP01409:1788514440000,united-utilities:UUP01409,united-utilities,2026-09-04T09:34:00Z,2026-09-04T09:38:00Z,4,hub,2026-09-17T00:49:00Z,2026-09-17T00:49:00Z,true
united-utilities:UUP01410:1789418160000,united-utilities:UUP01410,united-utilities,2026-09-14T20:36:00Z,2026-09-14T20:46:00Z,10,hub,2026-09-17T00:49:00Z,2026-09-17T00:49:00Z,true
united-utilities:UUP01411:1788489840000,united-utilities:UUP01411,united-utilities,2026-09-04T02:44:00Z,2026-09-04T03:56:00Z,72,hub,2026-09-17T00:49:00Z,2026-09-17T00:49:00Z,true
united-utilities:UUP01412:1788503414000,united-utilities:UUP01412,united-utilities,2026-09-04T06:30:14Z,2026-09-04T11:50:35Z,320,hub,2026-09-17T00:49:00Z,2026-09-17T00:49:00Z,true
united-utilities:UUP01417:1788819943000,united-utilities:UUP01417,united-utilities,2026-09-07T22:25:43Z,2026-09-08T03:16:54Z,291,hub,2026-09-17T00:49:00Z,2026-09-17T00:49:00Z,true
united-utilities:UUP01418:1788828878000,united-utilities:UUP01418,united-utilities,2026-09-08T00:54:38Z,2026-09-08T03:24:22Z,150,hub,2026-09-17T00:49:00Z,2026-09-17T00:49:00Z,true
united-utilities:UUP01418:1789754239000,united-utilities:UUP01418,united-utilities,2026-09-18T17:57:19Z,2026-09-18T19:45:48Z,108,hub,2026-09-18T18:22:27Z,2026-09-18T20:21:27Z,true
united-utilities:UUP01420:1789467600000,united-utilities:UUP01420,united-utilities,2026-09-15T10:20:00Z,2026-09-15T10:48:00Z,28,hub,2026-09-17T00:49:00Z,2026-09-17T00:49:00Z,true
united-utilities:UUP01420:1789744800000,united-utilities:UUP01420,united-utilities,2026-09-18T15:20:00Z,2026-09-18T16:00:00Z,40,hub,2026-09-18T17:51:51Z,2026-09-18T17:51:51Z,true
united-utilities:UUP01424:1788488280000,united-utilities:UUP01424,united-utilities,2026-09-04T02:18:00Z,2026-09-04T02:52:00Z,34,hub,2026-09-17T00:49:00Z,2026-09-17T00:49:00Z,true
united-utilities:UUP01425:1789506720000,united-utilities:UUP01425,united-utilities,2026-09-15T21:12:00Z,2026-09-15T21:20:00Z,8,hub,2026-09-17T00:49:00Z,2026-09-17T00:49:00Z,true
united-utilities:UUP01426:1789568760000,united-utilities:UUP01426,united-utilities,2026-09-16T14:26:00Z,2026-09-16T14:30:00Z,4,hub,2026-09-17T00:49:00Z,2026-09-17T00:49:00Z,true
united-utilities:UUP01426:1789618200000,united-utilities:UUP01426,united-utilities,2026-09-17T04:10:00Z,2026-09-17T04:26:00Z,16,hub,2026-09-17T11:32:49Z,2026-09-17T11:32:49Z,true
united-utilities:UUP01426:1789741080000,united-utilities:UUP01426,united-utilities,2026-09-18T14:18:00Z,2026-09-18T15:38:00Z,80,hub,2026-09-18T14:58:06Z,2026-09-18T14:58:06Z,false
united-utilities:UUP01426:1789745880000,united-utilities:UUP01426,united-utilities,2026-09-18T15:38:00Z,2026-09-18T16:26:00Z,48,hub,2026-09-18T17:51:51Z,2026-09-18T17:51:51Z,true
united-utilities:UUP01426:1789753680000,united-utilities:UUP01426,united-utilities,2026-09-18T17:48:00Z,2026-09-18T18:08:00Z,20,hub,2026-09-18T18:42:49Z,2026-09-18T20:21:27Z,true
united-utilities:UUP01426:1789772640000,united-utilities:UUP01426,united-utilities,2026-09-18T23:04:00Z,2026-09-18T23:20:00Z,16,hub,2026-09-19T00:41:02Z,2026-09-19T00:41:02Z,true
united-utilities:UUP01427:1788485640000,united-utilities:UUP01427,united-utilities,2026-09-04T01:34:00Z,2026-09-04T01:38:00Z,4,hub,2026-09-17T00:49:00Z,2026-09-17T00:49:00Z,true
united-utilities:UUP01428:1789466040000,united-utilities:UUP01428,united-utilities,2026-09-15T09:54:00Z,2026-09-15T11:02:00Z,68,hub,2026-09-17T00:49:00Z,2026-09-17T00:49:00Z,true
united-utilities:UUP01428:1789743480000,united-utilities:UUP01428,united-utilities,2026-09-18T14:58:00Z,2026-09-18T16:04:00Z,66,hub,2026-09-18T17:51:51Z,2026-09-18T17:51:51Z,true
united-utilities:UUP01429:1789441320000,united-utilities:UUP01429,united-utilities,2026-09-15T03:02:00Z,2026-09-15T03:08:00Z,6,hub,2026-09-17T00:49:00Z,2026-09-17T00:49:00Z,true
united-utilities:UUP01429:1789752600000,united-utilities:UUP01429,united-utilities,2026-09-18T17:30:00Z,2026-09-18T17:32:00Z,2,hub,2026-09-18T18:02:06Z,2026-09-18T18:22:27Z,true
united-utilities:UUP01431:1789443535000,united-utilities:UUP01431,united-utilities,2026-09-15T03:38:55Z,2026-09-15T04:05:16Z,26,hub,2026-09-17T00:49:00Z,2026-09-17T00:49:00Z,true
united-utilities:UUP01431:1789621008000,united-utilities:UUP01431,united-utilities,2026-09-17T04:56:48Z,2026-09-17T06:30:58Z,94,hub,2026-09-17T11:32:49Z,2026-09-17T11:32:49Z,true
united-utilities:UUP01431:1789746750000,united-utilities:UUP01431,united-utilities,2026-09-18T15:52:30Z,2026-09-18T22:13:26Z,381,hub,2026-09-18T17:51:51Z,2026-09-18T22:43:41Z,true
united-utilities:UUP01431:1789774460000,united-utilities:UUP01431,united-utilities,2026-09-18T23:34:20Z,,,hub,2026-09-19T00:41:02Z,2026-09-19T00:41:02Z,
united-utilities:UUP01432:1789237680000,united-utilities:UUP01432,united-utilities,2026-09-12T18:28:00Z,2026-09-12T19:06:00Z,38,hub,2026-09-17T00:49:00Z,2026-09-17T00:49:00Z,true
united-utilities:UUP01434:1788481398000,united-utilities:UUP01434,united-utilities,2026-09-04T00:23:18Z,2026-09-04T03:28:29Z,185,hub,2026-09-17T00:49:00Z,2026-09-17T00:49:00Z,true
united-utilities:UUP01436:1788816840000,united-utilities:UUP01436,united-utilities,2026-09-07T21:34:00Z,2026-09-07T22:02:00Z,28,hub,2026-09-17T00:49:00Z,2026-09-17T00:49:00Z,true
united-utilities:UUP01436:1789753200000,united-utilities:UUP01436,united-utilities,2026-09-18T17:40:00Z,2026-09-18T17:52:00Z,12,hub,2026-09-18T18:22:27Z,2026-09-18T18:42:49Z,true
united-utilities:UUP01436:1789754520000,united-utilities:UUP01436,united-utilities,2026-09-18T18:02:00Z,2026-09-18T18:10:00Z,8,hub,2026-09-18T20:21:27Z,2026-09-18T20:21:27Z,true
united-utilities:UUP01438:1789449960000,united-utilities:UUP01438,united-utilities,2026-09-15T05:26:00Z,2026-09-15T05:34:00Z,8,hub,2026-09-17T00:49:00Z,2026-09-17T00:49:00Z,true
united-utilities:UUP01439:1788485640000,united-utilities:UUP01439,united-utilities,2026-09-04T01:34:00Z,2026-09-04T01:42:00Z,8,hub,2026-09-17T00:49:00Z,2026-09-17T00:49:00Z,true
united-utilities:UUP01440:1788831840000,united-utilities:UUP01440,united-utilities,2026-09-08T01:44:00Z,2026-09-08T01:48:00Z,4,hub,2026-09-17T00:49:00Z,2026-09-17T00:49:00Z,true
united-utilities:UUP01443:1789509600000,united-utilities:UUP01443,united-utilities,2026-09-15T22:00:00Z,2026-09-15T22:14:00Z,14,hub,2026-09-17T00:49:00Z,2026-09-17T00:49:00Z,true
united-utilities:UUP01445:1788831600000,united-utilities:UUP01445,united-utilities,2026-09-08T01:40:00Z,2026-09-08T01:46:00Z,6,hub,2026-09-17T00:49:00Z,2026-09-17T00:49:00Z,true
united-utilities:UUP01445:1789622880000,united-utilities:UUP01445,united-utilities,2026-09-17T05:28:00Z,2026-09-17T05:40:00Z,12,hub,2026-09-17T11:32:49Z,2026-09-17T11:32:49Z,true
united-utilities:UUP01446:1788810656000,united-utilities:UUP01446,united-utilities,2026-09-07T19:50:56Z,2026-09-07T21:31:26Z,101,hub,2026-09-17T00:49:00Z,2026-09-17T00:49:00Z,true
united-utilities:UUP01446:1789614675000,united-utilities:UUP01446,united-utilities,2026-09-17T03:11:15Z,2026-09-17T04:25:32Z,74,hub,2026-09-17T11:32:49Z,2026-09-17T11:32:49Z,true
united-utilities:UUP01447:1788481560000,united-utilities:UUP01447,united-utilities,2026-09-04T00:26:00Z,2026-09-04T03:06:00Z,160,hub,2026-09-17T00:49:00Z,2026-09-17T00:49:00Z,true
united-utilities:UUP01448:1789509240000,united-utilities:UUP01448,united-utilities,2026-09-15T21:54:00Z,2026-09-15T22:42:00Z,48,hub,2026-09-17T00:49:00Z,2026-09-17T00:49:00Z,true
united-utilities:UUP01448:1789619760000,united-utilities:UUP01448,united-utilities,2026-09-17T04:36:00Z,2026-09-17T04:56:00Z,20,hub,2026-09-17T11:32:49Z,2026-09-17T11:32:49Z,true
united-utilities:UUP01448:1789745400000,united-utilities:UUP01448,united-utilities,2026-09-18T15:30:00Z,2026-09-18T17:12:00Z,102,hub,2026-09-18T17:51:51Z,2026-09-18T18:02:06Z,true
united-utilities:UUP01449:1788860880000,united-utilities:UUP01449,united-utilities,2026-09-08T09:48:00Z,2026-09-11T10:04:00Z,4336,hub,2026-09-17T00:49:00Z,2026-09-17T00:49:00Z,true
united-utilities:UUP01452:1788883680000,united-utilities:UUP01452,united-utilities,2026-09-08T16:08:00Z,2026-09-08T16:18:00Z,10,hub,2026-09-17T00:49:00Z,2026-09-17T00:49:00Z,true
united-utilities:UUP01454:1788883080000,united-utilities:UUP01454,united-utilities,2026-09-08T15:58:00Z,2026-09-08T16:28:00Z,30,hub,2026-09-17T00:49:00Z,2026-09-17T00:49:00Z,true
united-utilities:UUP01455:1789533240000,united-utilities:UUP01455,united-utilities,2026-09-16T04:34:00Z,2026-09-16T04:46:00Z,12,hub,2026-09-17T00:49:00Z,2026-09-17T00:49:00Z,true
united-utilities:UUP01457:1789451280000,united-utilities:UUP01457,united-utilities,2026-09-15T05:48:00Z,2026-09-15T06:26:00Z,38,hub,2026-09-17T00:49:00Z,2026-09-17T00:49:00Z,true
united-utilities:UUP01457:1789621320000,united-utilities:UUP01457,united-utilities,2026-09-17T05:02:00Z,2026-09-17T05:42:00Z,40,hub,2026-09-17T11:32:49Z,2026-09-17T11:32:49Z,true
united-utilities:UUP01457:1789746000000,united-utilities:UUP01457,united-utilities,2026-09-18T15:40:00Z,2026-09-18T18:54:00Z,194,hub,2026-09-18T17:51:51Z,2026-09-18T20:21:27Z,true
united-utilities:UUP01457:1789774320000,united-utilities:UUP01457,united-utilities,2026-09-18T23:32:00Z,2026-09-18T23:56:00Z,24,hub,2026-09-19T00:41:02Z,2026-09-19T00:51:12Z,true
united-utilities:UUP01461:1788540542000,united-utilities:UUP01461,united-utilities,2026-09-04T16:49:02Z,2026-09-04T17:05:13Z,16,hub,2026-09-17T00:49:00Z,2026-09-17T00:49:00Z,true
united-utilities:UUP01463:1788493440000,united-utilities:UUP01463,united-utilities,2026-09-04T03:44:00Z,2026-09-04T03:52:00Z,8,hub,2026-09-17T00:49:00Z,2026-09-17T00:49:00Z,true
united-utilities:UUP01464:1788818040000,united-utilities:UUP01464,united-utilities,2026-09-07T21:54:00Z,2026-09-07T21:58:00Z,4,hub,2026-09-17T00:49:00Z,2026-09-17T00:49:00Z,true
united-utilities:UUP01466:1789557120000,united-utilities:UUP01466,united-utilities,2026-09-16T11:12:00Z,2026-09-16T11:24:00Z,12,hub,2026-09-17T00:49:00Z,2026-09-17T00:49:00Z,true
united-utilities:UUP01466:1789617360000,united-utilities:UUP01466,united-utilities,2026-09-17T03:56:00Z,2026-09-17T04:56:00Z,60,hub,2026-09-17T11:32:49Z,2026-09-17T11:32:49Z,true
united-utilities:UUP01466:1789664760000,united-utilities:UUP01466,united-utilities,2026-09-17T17:06:00Z,2026-09-17T17:14:00Z,8,hub,2026-09-17T19:14:51Z,2026-09-17T19:14:51Z,true
united-utilities:UUP01466:1789753080000,united-utilities:UUP01466,united-utilities,2026-09-18T17:38:00Z,2026-09-18T17:48:00Z,10,hub,2026-09-18T18:22:27Z,2026-09-18T18:42:49Z,true
united-utilities:UUP01466:1789773720000,united-utilities:UUP01466,united-utilities,2026-09-18T23:22:00Z,2026-09-18T23:44:00Z,22,hub,2026-09-19T00:41:02Z,2026-09-19T00:41:02Z,true
united-utilities:UUP01469:1789540680000,united-utilities:UUP01469,united-utilities,2026-09-16T06:38:00Z,2026-09-16T07:14:00Z,36,hub,2026-09-17T00:49:00Z,2026-09-17T00:49:00Z,true
united-utilities:UUP01469:1789613760000,united-utilities:UUP01469,united-utilities,2026-09-17T02:56:00Z,2026-09-17T03:56:00Z,60,hub,2026-09-17T11:32:49Z,2026-09-17T11:32:49Z,true
united-utilities:UUP01469:1789740120000,united-utilities:UUP01469,united-utilities,2026-09-18T14:02:00Z,2026-09-18T16:22:00Z,140,hub,2026-09-18T14:58:06Z,2026-09-18T17:51:51Z,true
united-utilities:UUP01470:1789449960000,united-utilities:UUP01470,united-utilities,2026-09-15T05:26:00Z,2026-09-15T05:34:00Z,8,hub,2026-09-17T00:49:00Z,2026-09-17T00:49:00Z,true
united-utilities:UUP01470:1789617240000,united-utilities:UUP01470,united-utilities,2026-09-17T03:54:00Z,2026-09-17T03:58:00Z,4,hub,2026-09-17T11:32:49Z,2026-09-17T11:32:49Z,true
united-utilities:UUP01471:1789506720000,united-utilities:UUP01471,united-utilities,2026-09-15T21:12:00Z,2026-09-15T21:20:00Z,8,hub,2026-09-17T00:49:00Z,2026-09-17T00:49:00Z,true
united-utilities:UUP01472:1789505520000,united-utilities:UUP01472,united-utilities,2026-09-15T20:52:00Z,2026-09-15T21:42:00Z,50,hub,2026-09-17T00:49:00Z,2026-09-17T00:49:00Z,true
united-utilities:UUP01473:1789505040000,united-utilities:UUP01473,united-utilities,2026-09-15T20:44:00Z,2026-09-15T22:02:00Z,78,hub,2026-09-17T00:49:00Z,2026-09-17T00:49:00Z,true
united-utilities:UUP01473:1789744920000,united-utilities:UUP01473,united-utilities,2026-09-18T15:22:00Z,2026-09-18T15:52:00Z,30,hub,2026-09-18T17:51:51Z,2026-09-18T17:51:51Z,true
united-utilities:UUP01474:1788479313000,united-utilities:UUP01474,united-utilities,2026-09-03T23:48:33Z,2026-09-04T05:05:03Z,317,hub,2026-09-17T00:49:00Z,2026-09-17T00:49:00Z,true
united-utilities:UUP01475:1788828360000,united-utilities:UUP01475,united-utilities,2026-09-08T00:46:00Z,2026-09-08T00:52:00Z,6,hub,2026-09-17T00:49:00Z,2026-09-17T00:49:00Z,true
united-utilities:UUP01477:1789449600000,united-utilities:UUP01477,united-utilities,2026-09-15T05:20:00Z,2026-09-15T06:10:00Z,50,hub,2026-09-17T00:49:00Z,2026-09-17T00:49:00Z,true
united-utilities:UUP01477:1789616160000,united-utilities:UUP01477,united-utilities,2026-09-17T03:36:00Z,2026-09-17T05:00:00Z,84,hub,2026-09-17T11:32:49Z,2026-09-17T11:32:49Z,true
united-utilities:UUP01477:1789744080000,united-utilities:UUP01477,united-utilities,2026-09-18T15:08:00Z,2026-09-18T17:18:00Z,130,hub,2026-09-18T17:51:51Z,2026-09-18T18:02:06Z,true
united-utilities:UUP01478:1788807000000,united-utilities:UUP01478,united-utilities,2026-09-07T18:50:00Z,2026-09-07T18:58:00Z,8,hub,2026-09-17T00:49:00Z,2026-09-17T00:49:00Z,true
united-utilities:UUP01480:1789479840000,united-utilities:UUP01480,united-utilities,2026-09-15T13:44:00Z,2026-09-15T13:46:00Z,2,hub,2026-09-17T00:49:00Z,2026-09-17T00:49:00Z,true
united-utilities:UUP01480:1789616760000,united-utilities:UUP01480,united-utilities,2026-09-17T03:46:00Z,2026-09-17T06:10:00Z,144,hub,2026-09-17T11:32:49Z,2026-09-17T11:32:49Z,true
united-utilities:UUP01480:1789742280000,united-utilities:UUP01480,united-utilities,2026-09-18T14:38:00Z,2026-09-18T18:18:00Z,220,hub,2026-09-18T15:18:24Z,2026-09-18T20:21:27Z,true
united-utilities:UUP01481:1789450005000,united-utilities:UUP01481,united-utilities,2026-09-15T05:26:45Z,2026-09-15T05:52:35Z,26,hub,2026-09-17T00:49:00Z,2026-09-17T00:49:00Z,true
united-utilities:UUP01481:1789619150000,united-utilities:UUP01481,united-utilities,2026-09-17T04:25:50Z,2026-09-17T05:11:17Z,45,hub,2026-09-17T11:32:49Z,2026-09-17T11:32:49Z,true
united-utilities:UUP01482:1789551000000,united-utilities:UUP01482,united-utilities,2026-09-16T09:30:00Z,2026-09-16T10:34:00Z,64,hub,2026-09-17T00:49:00Z,2026-09-17T00:49:00Z,true
united-utilities:UUP01482:1789621080000,united-utilities:UUP01482,united-utilities,2026-09-17T04:58:00Z,2026-09-17T07:16:00Z,138,hub,2026-09-17T11:32:49Z,2026-09-17T11:32:49Z,true
united-utilities:UUP01482:1789746960000,united-utilities:UUP01482,united-utilities,2026-09-18T15:56:00Z,2026-09-18T17:00:00Z,64,hub,2026-09-18T17:51:51Z,2026-09-18T17:51:51Z,true
united-utilities:UUP01482:1789776240000,united-utilities:UUP01482,united-utilities,2026-09-19T00:04:00Z,2026-09-19T00:16:00Z,12,hub,2026-09-19T00:51:12Z,2026-09-19T01:01:22Z,true
united-utilities:UUP01485:1788812760000,united-utilities:UUP01485,united-utilities,2026-09-07T20:26:00Z,2026-09-07T20:36:00Z,10,hub,2026-09-17T00:49:00Z,2026-09-17T00:49:00Z,true
united-utilities:UUP01485:1789743960000,united-utilities:UUP01485,united-utilities,2026-09-18T15:06:00Z,2026-09-18T16:24:00Z,78,hub,2026-09-18T17:51:51Z,2026-09-18T23:04:03Z,true
united-utilities:UUP01486:1789083600000,united-utilities:UUP01486,united-utilities,2026-09-10T23:40:00Z,2026-09-10T23:48:00Z,8,hub,2026-09-17T00:49:00Z,2026-09-17T00:49:00Z,true
united-utilities:UUP01487:1789467480000,united-utilities:UUP01487,united-utilities,2026-09-15T10:18:00Z,2026-09-15T10:30:00Z,12,hub,2026-09-17T00:49:00Z,2026-09-17T00:49:00Z,true
united-utilities:UUP01488:1789509120000,united-utilities:UUP01488,united-utilities,2026-09-15T21:52:00Z,2026-09-15T22:14:00Z,22,hub,2026-09-17T00:49:00Z,2026-09-17T00:49:00Z,true
united-utilities:UUP01489:1788474120000,united-utilities:UUP01489,united-utilities,2026-09-03T22:22:00Z,,,hub,2026-09-17T00:49:00Z,2026-09-17T00:49:00Z,
united-utilities:UUP01491:1789456800000,united-utilities:UUP01491,united-utilities,2026-09-15T07:20:00Z,2026-09-15T08:42:00Z,82,hub,2026-09-17T00:49:00Z,2026-09-17T00:49:00Z,true
united-utilities:UUP01491:1789613160000,united-utilities:UUP01491,united-utilities,2026-09-17T02:46:00Z,2026-09-17T05:36:00Z,170,hub,2026-09-17T11:32:49Z,2026-09-17T11:32:49Z,true
united-utilities:UUP01491:1789742760000,united-utilities:UUP01491,united-utilities,2026-09-18T14:46:00Z,2026-09-18T21:03:58Z,378,hub,2026-09-18T15:18:24Z,2026-09-18T22:43:41Z,true
united-utilities:UUP01493:1788481447000,united-utilities:UUP01493,united-utilities,2026-09-04T00:24:07Z,2026-09-04T01:14:15Z,50,hub,2026-09-17T00:49:00Z,2026-09-17T00:49:00Z,true
united-utilities:UUP01495:1789508760000,united-utilities:UUP01495,united-utilities,2026-09-15T21:46:00Z,2026-09-15T22:02:00Z,16,hub,2026-09-17T00:49:00Z,2026-09-17T00:49:00Z,true
united-utilities:UUP01496:1789204732000,united-utilities:UUP01496,united-utilities,2026-09-12T09:18:52Z,2026-09-12T09:28:47Z,10,hub,2026-09-17T00:49:00Z,2026-09-17T00:49:00Z,true
united-utilities:UUP01496:1789744303000,united-utilities:UUP01496,united-utilities,2026-09-18T15:11:43Z,2026-09-18T15:15:59Z,4,hub,2026-09-18T17:51:51Z,2026-09-18T17:51:51Z,true
united-utilities:UUP01497:1788810360000,united-utilities:UUP01497,united-utilities,2026-09-07T19:46:00Z,2026-09-07T19:50:00Z,4,hub,2026-09-17T00:49:00Z,2026-09-17T00:49:00Z,true
united-utilities:UUP01497:1789618800000,united-utilities:UUP01497,united-utilities,2026-09-17T04:20:00Z,2026-09-17T04:26:00Z,6,hub,2026-09-17T11:32:49Z,2026-09-17T11:32:49Z,true
united-utilities:UUP01500:1788515999000,united-utilities:UUP01500,united-utilities,2026-09-04T09:59:59Z,2026-09-04T10:03:24Z,3,hub,2026-09-17T00:49:00Z,2026-09-17T00:49:00Z,true
united-utilities:UUP01501:1788469239000,united-utilities:UUP01501,united-utilities,2026-09-03T21:00:39Z,2026-09-04T04:03:43Z,423,hub,2026-09-17T00:49:00Z,2026-09-17T00:49:00Z,true
united-utilities:UUP01501:1789742474000,united-utilities:UUP01501,united-utilities,2026-09-18T14:41:14Z,2026-09-18T16:05:45Z,85,hub,2026-09-18T15:18:24Z,2026-09-18T17:51:51Z,true
united-utilities:UUP01503:1788916080000,united-utilities:UUP01503,united-utilities,2026-09-09T01:08:00Z,2026-09-09T01:12:00Z,4,hub,2026-09-17T00:49:00Z,2026-09-17T00:49:00Z,true
united-utilities:UUP01503:1789623720000,united-utilities:UUP01503,united-utilities,2026-09-17T05:42:00Z,2026-09-17T05:56:00Z,14,hub,2026-09-17T11:32:49Z,2026-09-17T11:32:49Z,true
united-utilities:UUP01505:1789441727000,united-utilities:UUP01505,united-utilities,2026-09-15T03:08:47Z,2026-09-15T04:18:35Z,70,hub,2026-09-17T00:49:00Z,2026-09-17T00:49:00Z,true
united-utilities:UUP01505:1789608889000,united-utilities:UUP01505,united-utilities,2026-09-17T01:34:49Z,2026-09-17T01:43:40Z,9,hub,2026-09-17T02:08:37Z,2026-09-17T11:32:49Z,true
united-utilities:UUP01506:1789442155000,united-utilities:UUP01506,united-utilities,2026-09-15T03:15:55Z,2026-09-15T03:22:07Z,6,hub,2026-09-17T00:49:00Z,2026-09-17T00:49:00Z,true
united-utilities:UUP01506:1789741120000,united-utilities:UUP01506,united-utilities,2026-09-18T14:18:40Z,2026-09-18T14:47:35Z,29,hub,2026-09-18T14:58:06Z,2026-09-18T14:58:06Z,false
united-utilities:UUP01506:1789742855000,united-utilities:UUP01506,united-utilities,2026-09-18T14:47:35Z,2026-09-18T15:07:17Z,20,hub,2026-09-18T17:51:51Z,2026-09-18T17:51:51Z,true
united-utilities:UUP01507:1789534080000,united-utilities:UUP01507,united-utilities,2026-09-16T04:48:00Z,2026-09-16T05:10:00Z,22,hub,2026-09-17T00:49:00Z,2026-09-17T00:49:00Z,true
united-utilities:UUP01507:1789618800000,united-utilities:UUP01507,united-utilities,2026-09-17T04:20:00Z,2026-09-17T04:30:00Z,10,hub,2026-09-17T11:32:49Z,2026-09-17T11:32:49Z,true
united-utilities:UUP01508:1789470000000,united-utilities:UUP01508,united-utilities,2026-09-15T11:00:00Z,2026-09-15T12:54:00Z,114,hub,2026-09-17T00:49:00Z,2026-09-17T00:49:00Z,true
united-utilities:UUP01508:1789617960000,united-utilities:UUP01508,united-utilities,2026-09-17T04:06:00Z,2026-09-17T06:22:00Z,136,hub,2026-09-17T11:32:49Z,2026-09-17T11:32:49Z,true
united-utilities:UUP01508:1789744320000,united-utilities:UUP01508,united-utilities,2026-09-18T15:12:00Z,2026-09-18T19:22:00Z,250,hub,2026-09-18T17:51:51Z,2026-09-18T17:51:51Z,false
united-utilities:UUP01508:1789759320000,united-utilities:UUP01508,united-utilities,2026-09-18T19:22:00Z,2026-09-18T19:26:00Z,4,hub,2026-09-18T20:21:27Z,2026-09-18T20:21:27Z,true
united-utilities:UUP01510:1788484560000,united-utilities:UUP01510,united-utilities,2026-09-04T01:16:00Z,2026-09-04T01:36:00Z,20,hub,2026-09-17T00:49:00Z,2026-09-17T00:49:00Z,true
united-utilities:UUP01512:1789541160000,united-utilities:UUP01512,united-utilities,2026-09-16T06:46:00Z,2026-09-16T07:08:00Z,22,hub,2026-09-17T00:49:00Z,2026-09-17T00:49:00Z,true
united-utilities:UUP01512:1789622640000,united-utilities:UUP01512,united-utilities,2026-09-17T05:24:00Z,2026-09-17T06:14:00Z,50,hub,2026-09-17T11:32:49Z,2026-09-17T11:32:49Z,true
united-utilities:UUP01517:1789449240000,united-utilities:UUP01517,united-utilities,2026-09-15T05:14:00Z,2026-09-15T05:18:00Z,4,hub,2026-09-17T00:49:00Z,2026-09-17T00:49:00Z,true
united-utilities:UUP01519:1789450440000,united-utilities:UUP01519,united-utilities,2026-09-15T05:34:00Z,2026-09-15T05:38:00Z,4,hub,2026-09-17T00:49:00Z,2026-09-17T00:49:00Z,true
united-utilities:UUP01520:1789451539000,united-utilities:UUP01520,united-utilities,2026-09-15T05:52:19Z,2026-09-15T06:26:45Z,34,hub,2026-09-17T00:49:00Z,2026-09-17T00:49:00Z,true
united-utilities:UUP01521:1789442880000,united-utilities:UUP01521,united-utilities,2026-09-15T03:28:00Z,2026-09-15T03:34:00Z,6,hub,2026-09-17T00:49:00Z,2026-09-17T00:49:00Z,true
united-utilities:UUP01521:1789620720000,united-utilities:UUP01521,united-utilities,2026-09-17T04:52:00Z,2026-09-17T04:56:00Z,4,hub,2026-09-17T11:32:49Z,2026-09-17T11:32:49Z,true
united-utilities:UUP01522:1788508040000,united-utilities:UUP01522,united-utilities,2026-09-04T07:47:20Z,2026-09-04T08:23:02Z,36,hub,2026-09-17T00:49:00Z,2026-09-17T00:49:00Z,true
united-utilities:UUP01523:1789210726000,united-utilities:UUP01523,united-utilities,2026-09-12T10:58:46Z,2026-09-12T11:03:35Z,5,hub,2026-09-17T00:49:00Z,2026-09-17T00:49:00Z,true
united-utilities:UUP01524:1789548480000,united-utilities:UUP01524,united-utilities,2026-09-16T08:48:00Z,2026-09-16T08:56:00Z,8,hub,2026-09-17T00:49:00Z,2026-09-17T00:49:00Z,true
united-utilities:UUP01524:1789615680000,united-utilities:UUP01524,united-utilities,2026-09-17T03:28:00Z,2026-09-17T05:40:00Z,132,hub,2026-09-17T11:32:49Z,2026-09-17T11:32:49Z,true
united-utilities:UUP01524:1789647360000,united-utilities:UUP01524,united-utilities,2026-09-17T12:16:00Z,2026-09-17T12:40:00Z,24,hub,2026-09-17T13:51:58Z,2026-09-17T13:51:58Z,true
united-utilities:UUP01524:1789742400000,united-utilities:UUP01524,united-utilities,2026-09-18T14:40:00Z,2026-09-18T21:30:00Z,410,hub,2026-09-18T17:51:51Z,2026-09-18T17:51:51Z,false
united-utilities:UUP01524:1789767000000,united-utilities:UUP01524,united-utilities,2026-09-18T21:30:00Z,2026-09-18T21:32:00Z,2,hub,2026-09-18T22:43:41Z,2026-09-18T22:43:41Z,true
united-utilities:UUP01524:1789773120000,united-utilities:UUP01524,united-utilities,2026-09-18T23:12:00Z,2026-09-19T00:02:00Z,50,hub,2026-09-19T00:41:02Z,2026-09-19T01:01:22Z,true
united-utilities:UUP01526:1789452960000,united-utilities:UUP01526,united-utilities,2026-09-15T06:16:00Z,2026-09-15T06:34:00Z,18,hub,2026-09-17T00:49:00Z,2026-09-17T00:49:00Z,true
united-utilities:UUP01526:1789621920000,united-utilities:UUP01526,united-utilities,2026-09-17T05:12:00Z,2026-09-17T05:34:00Z,22,hub,2026-09-17T11:32:49Z,2026-09-17T11:32:49Z,true
united-utilities:UUP01526:1789747440000,united-utilities:UUP01526,united-utilities,2026-09-18T16:04:00Z,2026-09-18T16:38:00Z,34,hub,2026-09-18T17:51:51Z,2026-09-18T17:51:51Z,true
united-utilities:UUP01527:1789452840000,united-utilities:UUP01527,united-utilities,2026-09-15T06:14:00Z,2026-09-15T06:28:00Z,14,hub,2026-09-17T00:49:00Z,2026-09-17T00:49:00Z,true
united-utilities:UUP01527:1789622040000,united-utilities:UUP01527,united-utilities,2026-09-17T05:14:00Z,2026-09-17T05:28:00Z,14,hub,2026-09-17T11:32:49Z,2026-09-17T11:32:49Z,true
united-utilities:UUP01527:1789747680000,united-utilities:UUP01527,united-utilities,2026-09-18T16:08:00Z,2026-09-18T16:28:00Z,20,hub,2026-09-18T17:51:51Z,2026-09-18T17:51:51Z,true
united-utilities:UUP01528:1788816360000,united-utilities:UUP01528,united-utilities,2026-09-07T21:26:00Z,2026-09-07T21:38:00Z,12,hub,2026-09-17T00:49:00Z,2026-09-17T00:49:00Z,true
united-utilities:UUP01528:1789619760000,united-utilities:UUP01528,united-utilities,2026-09-17T04:36:00Z,2026-09-17T04:40:00Z,4,hub,2026-09-17T13:51:58Z,2026-09-17T13:51:58Z,true
united-utilities:UUP01529:1789506960000,united-utilities:UUP01529,united-utilities,2026-09-15T21:16:00Z,2026-09-15T21:56:00Z,40,hub,2026-09-17T00:49:00Z,2026-09-17T00:49:00Z,true
united-utilities:UUP01529:1789745040000,united-utilities:UUP01529,united-utilities,2026-09-18T15:24:00Z,2026-09-18T15:46:00Z,22,hub,2026-09-18T17:51:51Z,2026-09-18T17:51:51Z,true
united-utilities:UUP01530:1789506720000,united-utilities:UUP01530,united-utilities,2026-09-15T21:12:00Z,2026-09-15T21:16:00Z,4,hub,2026-09-17T00:49:00Z,2026-09-17T00:49:00Z,true
united-utilities:UUP01531:1788816600000,united-utilities:UUP01531,united-utilities,2026-09-07T21:30:00Z,2026-09-07T21:44:00Z,14,hub,2026-09-17T00:49:00Z,2026-09-17T00:49:00Z,true
united-utilities:UUP01533:1788507360000,united-utilities:UUP01533,united-utilities,2026-09-04T07:36:00Z,2026-09-04T09:30:00Z,114,hub,2026-09-17T00:49:00Z,2026-09-17T00:49:00Z,true
united-utilities:UUP01537:1788804554000,united-utilities:UUP01537,united-utilities,2026-09-07T18:09:14Z,2026-09-07T18:40:30Z,31,hub,2026-09-17T00:49:00Z,2026-09-17T00:49:00Z,true
united-utilities:UUP01543:1788479305000,united-utilities:UUP01543,united-utilities,2026-09-03T23:48:25Z,2026-09-04T03:03:15Z,195,hub,2026-09-17T00:49:00Z,2026-09-17T00:49:00Z,true
united-utilities:UUP01544:1789421160000,united-utilities:UUP01544,united-utilities,2026-09-14T21:26:00Z,2026-09-14T21:30:00Z,4,hub,2026-09-17T00:49:00Z,2026-09-17T00:49:00Z,true
united-utilities:UUP01545:1788829882000,united-utilities:UUP01545,united-utilities,2026-09-08T01:11:22Z,2026-09-08T02:28:31Z,77,hub,2026-09-17T00:49:00Z,2026-09-17T00:49:00Z,true
united-utilities:UUP01546:1789555080000,united-utilities:UUP01546,united-utilities,2026-09-16T10:38:00Z,2026-09-16T11:00:00Z,22,hub,2026-09-17T00:49:00Z,2026-09-17T00:49:00Z,true
united-utilities:UUP01546:1789724880000,united-utilities:UUP01546,united-utilities,2026-09-18T09:48:00Z,2026-09-18T09:54:00Z,6,hub,2026-09-18T10:30:40Z,2026-09-18T10:30:40Z,true
united-utilities:UUP01547:1789551960000,united-utilities:UUP01547,united-utilities,2026-09-16T09:46:00Z,2026-09-16T09:52:00Z,6,hub,2026-09-17T00:49:00Z,2026-09-17T00:49:00Z,true
united-utilities:UUP01547:1789614360000,united-utilities:UUP01547,united-utilities,2026-09-17T03:06:00Z,2026-09-17T04:46:00Z,100,hub,2026-09-17T11:32:49Z,2026-09-17T11:32:49Z,true
united-utilities:UUP01547:1789647960000,united-utilities:UUP01547,united-utilities,2026-09-17T12:26:00Z,2026-09-17T12:30:00Z,4,hub,2026-09-17T13:51:58Z,2026-09-17T13:51:58Z,true
united-utilities:UUP01547:1789650360000,united-utilities:UUP01547,united-utilities,2026-09-17T13:06:00Z,2026-09-17T13:14:00Z,8,hub,2026-09-17T15:38:08Z,2026-09-17T15:38:08Z,true
united-utilities:UUP01547:1789664160000,united-utilities:UUP01547,united-utilities,2026-09-17T16:56:00Z,2026-09-17T17:06:00Z,10,hub,2026-09-17T19:14:51Z,2026-09-17T19:14:51Z,true
united-utilities:UUP01547:1789750200000,united-utilities:UUP01547,united-utilities,2026-09-18T16:50:00Z,2026-09-18T17:30:00Z,40,hub,2026-09-18T17:51:51Z,2026-09-18T17:51:51Z,false
united-utilities:UUP01547:1789752600000,united-utilities:UUP01547,united-utilities,2026-09-18T17:30:00Z,2026-09-18T18:18:00Z,48,hub,2026-09-18T20:21:27Z,2026-09-18T20:21:27Z,true
united-utilities:UUP01547:1789773360000,united-utilities:UUP01547,united-utilities,2026-09-18T23:16:00Z,2026-09-18T23:40:00Z,24,hub,2026-09-19T00:41:02Z,2026-09-19T00:41:02Z,true
united-utilities:UUP01548:1789191480000,united-utilities:UUP01548,united-utilities,2026-09-12T05:38:00Z,2026-09-15T11:38:00Z,4680,hub,2026-09-17T00:49:00Z,2026-09-17T00:49:00Z,true
united-utilities:UUP01548:1789608480000,united-utilities:UUP01548,united-utilities,2026-09-17T01:28:00Z,2026-09-17T04:12:00Z,164,hub,2026-09-17T02:08:37Z,2026-09-17T11:32:49Z,true
united-utilities:UUP01548:1789663320000,united-utilities:UUP01548,united-utilities,2026-09-17T16:42:00Z,2026-09-17T18:52:00Z,130,hub,2026-09-17T19:14:51Z,2026-09-17T22:13:42Z,true
united-utilities:UUP01548:1789740960000,united-utilities:UUP01548,united-utilities,2026-09-18T14:16:00Z,,,hub,2026-09-18T14:58:06Z,2026-09-18T14:58:06Z,
united-utilities:UUP01551:1789450694000,united-utilities:UUP01551,united-utilities,2026-09-15T05:38:14Z,2026-09-15T07:10:44Z,93,hub,2026-09-17T00:49:00Z,2026-09-17T00:49:00Z,true
united-utilities:UUP01551:1789617468000,united-utilities:UUP01551,united-utilities,2026-09-17T03:57:48Z,2026-09-17T06:59:07Z,181,hub,2026-09-17T11:32:49Z,2026-09-17T11:32:49Z,true
united-utilities:UUP01551:1789648419000,united-utilities:UUP01551,united-utilities,2026-09-17T12:33:39Z,2026-09-17T17:47:55Z,314,hub,2026-09-17T13:51:58Z,2026-09-17T13:51:58Z,false
united-utilities:UUP01551:1789667275000,united-utilities:UUP01551,united-utilities,2026-09-17T17:47:55Z,2026-09-17T21:08:53Z,201,hub,2026-09-17T19:14:51Z,2026-09-17T22:13:42Z,true
united-utilities:UUP01551:1789739382401,united-utilities:UUP01551,united-utilities,2026-09-18T13:49:42Z,2026-09-18T21:50:53Z,481,hub,2026-09-18T14:37:46Z,2026-09-18T22:43:41Z,true
united-utilities:UUP01551:1789774169000,united-utilities:UUP01551,united-utilities,2026-09-18T23:29:29Z,,,hub,2026-09-19T00:41:02Z,2026-09-19T00:41:02Z,
united-utilities:UUP01555:1789459200000,united-utilities:UUP01555,united-utilities,2026-09-15T08:00:00Z,2026-09-15T08:04:00Z,4,hub,2026-09-17T00:49:00Z,2026-09-17T00:49:00Z,true
united-utilities:UUP01555:1789608360000,united-utilities:UUP01555,united-utilities,2026-09-17T01:26:00Z,2026-09-17T01:32:00Z,6,hub,2026-09-17T02:08:37Z,2026-09-17T02:08:37Z,true
united-utilities:UUP01555:1789609800000,united-utilities:UUP01555,united-utilities,2026-09-17T01:50:00Z,2026-09-17T01:54:00Z,4,hub,2026-09-17T11:32:49Z,2026-09-17T11:32:49Z,true
united-utilities:UUP01555:1789743240000,united-utilities:UUP01555,united-utilities,2026-09-18T14:54:00Z,2026-09-18T15:14:00Z,20,hub,2026-09-18T15:18:24Z,2026-09-18T15:18:24Z,false
united-utilities:UUP01555:1789744440000,united-utilities:UUP01555,united-utilities,2026-09-18T15:14:00Z,2026-09-18T15:20:00Z,6,hub,2026-09-18T17:51:51Z,2026-09-18T17:51:51Z,true
united-utilities:UUP01556:1789036406000,united-utilities:UUP01556,united-utilities,2026-09-10T10:33:26Z,2026-09-10T10:37:16Z,4,hub,2026-09-17T00:49:00Z,2026-09-17T00:49:00Z,true
united-utilities:UUP01558:1789542360000,united-utilities:UUP01558,united-utilities,2026-09-16T07:06:00Z,2026-09-16T07:40:00Z,34,hub,2026-09-17T00:49:00Z,2026-09-17T00:49:00Z,true
united-utilities:UUP01558:1789623600000,united-utilities:UUP01558,united-utilities,2026-09-17T05:40:00Z,2026-09-17T06:26:00Z,46,hub,2026-09-17T11:32:49Z,2026-09-17T11:32:49Z,true
united-utilities:UUP01560:1789444320000,united-utilities:UUP01560,united-utilities,2026-09-15T03:52:00Z,2026-09-15T04:02:00Z,10,hub,2026-09-17T00:49:00Z,2026-09-17T00:49:00Z,true
united-utilities:UUP01565:1789444742000,united-utilities:UUP01565,united-utilities,2026-09-15T03:59:02Z,2026-09-15T04:16:43Z,18,hub,2026-09-17T00:49:00Z,2026-09-17T00:49:00Z,true
united-utilities:UUP01565:1789662637000,united-utilities:UUP01565,united-utilities,2026-09-17T16:30:37Z,,,hub,2026-09-17T19:14:51Z,2026-09-17T19:14:51Z,
united-utilities:UUP01566:1788484800000,united-utilities:UUP01566,united-utilities,2026-09-04T01:20:00Z,2026-09-04T02:12:00Z,52,hub,2026-09-17T00:49:00Z,2026-09-17T00:49:00Z,true
united-utilities:UUP01567:1789554840000,united-utilities:UUP01567,united-utilities,2026-09-16T10:34:00Z,2026-09-16T11:46:00Z,72,hub,2026-09-17T00:49:00Z,2026-09-17T00:49:00Z,true
united-utilities:UUP01567:1789620600000,united-utilities:UUP01567,united-utilities,2026-09-17T04:50:00Z,2026-09-17T05:06:00Z,16,hub,2026-09-17T11:32:49Z,2026-09-17T11:32:49Z,true
united-utilities:UUP01570:1788486185000,united-utilities:UUP01570,united-utilities,2026-09-04T01:43:05Z,2026-09-04T07:37:35Z,355,hub,2026-09-17T00:49:00Z,2026-09-17T00:49:00Z,true
united-utilities:UUP01571:1788470306000,united-utilities:UUP01571,united-utilities,2026-09-03T21:18:26Z,2026-09-04T11:22:00Z,844,hub,2026-09-17T00:49:00Z,2026-09-17T00:49:00Z,true
united-utilities:UUP01572:1788485199000,united-utilities:UUP01572,united-utilities,2026-09-04T01:26:39Z,,,hub,2026-09-17T00:49:00Z,2026-09-17T00:49:00Z,
united-utilities:UUP01573:1789448760000,united-utilities:UUP01573,united-utilities,2026-09-15T05:06:00Z,2026-09-15T05:18:00Z,12,hub,2026-09-17T00:49:00Z,2026-09-17T00:49:00Z,true
united-utilities:UUP01574:1788578996000,united-utilities:UUP01574,united-utilities,2026-09-05T03:29:56Z,2026-09-05T03:37:47Z,8,hub,2026-09-17T00:49:00Z,2026-09-17T00:49:00Z,true
united-utilities:UUP01574:1789751948000,united-utilities:UUP01574,united-utilities,2026-09-18T17:19:08Z,2026-09-18T17:52:46Z,34,hub,2026-09-18T18:02:06Z,2026-09-18T18:22:27Z,true
united-utilities:UUP01575:1788821640000,united-utilities:UUP01575,united-utilities,2026-09-07T22:54:00Z,2026-09-07T23:04:00Z,10,hub,2026-09-17T00:49:00Z,2026-09-17T00:49:00Z,true
united-utilities:UUP01576:1788485555000,united-utilities:UUP01576,united-utilities,2026-09-04T01:32:35Z,2026-09-04T02:13:46Z,41,hub,2026-09-17T00:49:00Z,2026-09-17T00:49:00Z,true
united-utilities:UUP01577:1789451160000,united-utilities:UUP01577,united-utilities,2026-09-15T05:46:00Z,2026-09-15T06:56:00Z,70,hub,2026-09-17T00:49:00Z,2026-09-17T00:49:00Z,true
united-utilities:UUP01577:1789619880000,united-utilities:UUP01577,united-utilities,2026-09-17T04:38:00Z,2026-09-17T06:14:00Z,96,hub,2026-09-17T11:32:49Z,2026-09-17T11:32:49Z,true
united-utilities:UUP01577:1789748760000,united-utilities:UUP01577,united-utilities,2026-09-18T16:26:00Z,2026-09-18T19:28:00Z,182,hub,2026-09-18T17:51:51Z,2026-09-18T20:21:27Z,true
united-utilities:UUP01577:1789776480000,united-utilities:UUP01577,united-utilities,2026-09-19T00:08:00Z,,,hub,2026-09-19T00:51:12Z,2026-09-19T00:51:12Z,
united-utilities:UUP01580:1789555560000,united-utilities:UUP01580,united-utilities,2026-09-16T10:46:00Z,2026-09-16T10:56:00Z,10,hub,2026-09-17T00:49:00Z,2026-09-17T00:49:00Z,true
united-utilities:UUP01580:1789624320000,united-utilities:UUP01580,united-utilities,2026-09-17T05:52:00Z,2026-09-17T05:58:00Z,6,hub,2026-09-17T11:32:49Z,2026-09-17T11:32:49Z,true
united-utilities:UUP01581:1789239480000,united-utilities:UUP01581,united-utilities,2026-09-12T18:58:00Z,2026-09-12T20:34:00Z,96,hub,2026-09-17T00:49:00Z,2026-09-17T00:49:00Z,true
united-utilities:UUP01582:1789451040000,united-utilities:UUP01582,united-utilities,2026-09-15T05:44:00Z,2026-09-15T06:02:00Z,18,hub,2026-09-17T00:49:00Z,2026-09-17T00:49:00Z,true
united-utilities:UUP01583:1789470120000,united-utilities:UUP01583,united-utilities,2026-09-15T11:02:00Z,2026-09-15T11:24:00Z,22,hub,2026-09-17T00:49:00Z,2026-09-17T00:49:00Z,true
united-utilities:UUP01584:1788485280000,united-utilities:UUP01584,united-utilities,2026-09-04T01:28:00Z,2026-09-04T01:54:00Z,26,hub,2026-09-17T00:49:00Z,2026-09-17T00:49:00Z,true
united-utilities:UUP01586:1789197480000,united-utilities:UUP01586,united-utilities,2026-09-12T07:18:00Z,2026-09-12T08:10:00Z,52,hub,2026-09-17T00:49:00Z,2026-09-17T00:49:00Z,true
united-utilities:UUP01588:1789430774000,united-utilities:UUP01588,united-utilities,2026-09-15T00:06:14Z,2026-09-15T04:52:16Z,286,hub,2026-09-17T00:49:00Z,2026-09-17T00:49:00Z,true
united-utilities:UUP01588:1789741884700,united-utilities:UUP01588,united-utilities,2026-09-18T14:31:24Z,2026-09-18T15:18:37Z,47,hub,2026-09-18T14:58:06Z,2026-09-18T14:58:06Z,false
united-utilities:UUP01588:1789744717000,united-utilities:UUP01588,united-utilities,2026-09-18T15:18:37Z,2026-09-18T15:24:40Z,6,hub,2026-09-18T17:51:51Z,2026-09-18T17:51:51Z,true
united-utilities:UUP01590:1788804000000,united-utilities:UUP01590,united-utilities,2026-09-07T18:00:00Z,2026-09-07T18:10:00Z,10,hub,2026-09-17T00:49:00Z,2026-09-17T00:49:00Z,true
united-utilities:UUP01592:1788484313000,united-utilities:UUP01592,united-utilities,2026-09-04T01:11:53Z,2026-09-04T03:56:01Z,164,hub,2026-09-17T00:49:00Z,2026-09-17T00:49:00Z,true
united-utilities:UUP01594:1789448760000,united-utilities:UUP01594,united-utilities,2026-09-15T05:06:00Z,2026-09-15T05:18:00Z,12,hub,2026-09-17T00:49:00Z,2026-09-17T00:49:00Z,true
united-utilities:UUP01594:1789618440000,united-utilities:UUP01594,united-utilities,2026-09-17T04:14:00Z,2026-09-17T04:28:00Z,14,hub,2026-09-17T11:32:49Z,2026-09-17T11:32:49Z,true
united-utilities:UUP01596:1788883200000,united-utilities:UUP01596,united-utilities,2026-09-08T16:00:00Z,2026-09-08T16:10:00Z,10,hub,2026-09-17T00:49:00Z,2026-09-17T00:49:00Z,true
united-utilities:UUP01599:1788821280000,united-utilities:UUP01599,united-utilities,2026-09-07T22:48:00Z,2026-09-07T23:28:00Z,40,hub,2026-09-17T00:49:00Z,2026-09-17T00:49:00Z,true
united-utilities:UUP01600:1788485440000,united-utilities:UUP01600,united-utilities,2026-09-04T01:30:40Z,2026-09-04T01:51:05Z,20,hub,2026-09-17T00:49:00Z,2026-09-17T00:49:00Z,true
united-utilities:UUP01601:1788883080000,united-utilities:UUP01601,united-utilities,2026-09-08T15:58:00Z,2026-09-08T16:06:00Z,8,hub,2026-09-17T00:49:00Z,2026-09-17T00:49:00Z,true
united-utilities:UUP01602:1789087320000,united-utilities:UUP01602,united-utilities,2026-09-11T00:42:00Z,2026-09-11T00:48:00Z,6,hub,2026-09-17T00:49:00Z,2026-09-17T00:49:00Z,true
united-utilities:UUP01603:1788832988000,united-utilities:UUP01603,united-utilities,2026-09-08T02:03:08Z,2026-09-08T02:10:59Z,8,hub,2026-09-17T00:49:00Z,2026-09-17T00:49:00Z,true
united-utilities:UUP01603:1789623691000,united-utilities:UUP01603,united-utilities,2026-09-17T05:41:31Z,2026-09-17T06:10:31Z,29,hub,2026-09-17T11:32:49Z,2026-09-17T11:32:49Z,true
united-utilities:UUP01606:1788816960000,united-utilities:UUP01606,united-utilities,2026-09-07T21:36:00Z,2026-09-07T21:50:00Z,14,hub,2026-09-17T00:49:00Z,2026-09-17T00:49:00Z,true
united-utilities:UUP01607:1789450920000,united-utilities:UUP01607,united-utilities,2026-09-15T05:42:00Z,2026-09-15T05:56:00Z,14,hub,2026-09-17T00:49:00Z,2026-09-17T00:49:00Z,true
united-utilities:UUP01607:1789618200000,united-utilities:UUP01607,united-utilities,2026-09-17T04:10:00Z,2026-09-17T04:56:00Z,46,hub,2026-09-17T11:32:49Z,2026-09-17T11:32:49Z,true
united-utilities:UUP01609:1789433743000,united-utilities:UUP01609,united-utilities,2026-09-15T00:55:43Z,2026-09-15T02:12:44Z,77,hub,2026-09-17T00:49:00Z,2026-09-17T00:49:00Z,true
united-utilities:UUP01609:1789740977600,united-utilities:UUP01609,united-utilities,2026-09-18T14:16:17Z,2026-09-18T15:44:08Z,88,hub,2026-09-18T14:37:46Z,2026-09-18T17:51:51Z,true
united-utilities:UUP01614:1788459240000,united-utilities:UUP01614,united-utilities,2026-09-03T18:14:00Z,2026-09-03T18:46:00Z,32,hub,2026-09-17T00:49:00Z,2026-09-17T00:49:00Z,true
united-utilities:UUP01616:1788489128000,united-utilities:UUP01616,united-utilities,2026-09-04T02:32:08Z,2026-09-04T02:34:11Z,2,hub,2026-09-17T00:49:00Z,2026-09-17T00:49:00Z,true
united-utilities:UUP01618:1789466400000,united-utilities:UUP01618,united-utilities,2026-09-15T10:00:00Z,2026-09-15T10:06:00Z,6,hub,2026-09-17T00:49:00Z,2026-09-17T00:49:00Z,true
united-utilities:UUP01619:1789507440000,united-utilities:UUP01619,united-utilities,2026-09-15T21:24:00Z,2026-09-15T21:38:00Z,14,hub,2026-09-17T00:49:00Z,2026-09-17T00:49:00Z,true
united-utilities:UUP01622:1789510320000,united-utilities:UUP01622,united-utilities,2026-09-15T22:12:00Z,2026-09-15T22:16:00Z,4,hub,2026-09-17T00:49:00Z,2026-09-17T00:49:00Z,true
united-utilities:UUP01623:1789506720000,united-utilities:UUP01623,united-utilities,2026-09-15T21:12:00Z,2026-09-15T21:20:00Z,8,hub,2026-09-17T00:49:00Z,2026-09-17T00:49:00Z,true
united-utilities:UUP01624:1789449480000,united-utilities:UUP01624,united-utilities,2026-09-15T05:18:00Z,2026-09-15T05:22:00Z,4,hub,2026-09-17T00:49:00Z,2026-09-17T00:49:00Z,true
united-utilities:UUP01625:1789447200000,united-utilities:UUP01625,united-utilities,2026-09-15T04:40:00Z,2026-09-15T05:38:00Z,58,hub,2026-09-17T00:49:00Z,2026-09-17T00:49:00Z,true
united-utilities:UUP01625:1789620000000,united-utilities:UUP01625,united-utilities,2026-09-17T04:40:00Z,2026-09-17T05:16:00Z,36,hub,2026-09-17T11:32:49Z,2026-09-17T11:32:49Z,true
united-utilities:UUP01625:1789744080000,united-utilities:UUP01625,united-utilities,2026-09-18T15:08:00Z,2026-09-18T16:42:00Z,94,hub,2026-09-18T17:51:51Z,2026-09-18T17:51:51Z,true
united-utilities:UUP01626:1789086840000,united-utilities:UUP01626,united-utilities,2026-09-11T00:34:00Z,2026-09-11T00:38:00Z,4,hub,2026-09-17T00:49:00Z,2026-09-17T00:49:00Z,true
united-utilities:UUP01629:1789450200000,united-utilities:UUP01629,united-utilities,2026-09-15T05:30:00Z,2026-09-15T05:32:00Z,2,hub,2026-09-17T00:49:00Z,2026-09-17T00:49:00Z,true
united-utilities:UUP01631:1788487680000,united-utilities:UUP01631,united-utilities,2026-09-04T02:08:00Z,2026-09-04T02:28:00Z,20,hub,2026-09-17T00:49:00Z,2026-09-17T00:49:00Z,true
united-utilities:UUP01633:1788482160000,united-utilities:UUP01633,united-utilities,2026-09-04T00:36:00Z,2026-09-04T02:22:00Z,106,hub,2026-09-17T00:49:00Z,2026-09-17T00:49:00Z,true
united-utilities:UUP01634:1789443120000,united-utilities:UUP01634,united-utilities,2026-09-15T03:32:00Z,2026-09-15T03:42:00Z,10,hub,2026-09-17T00:49:00Z,2026-09-17T00:49:00Z,true
united-utilities:UUP01634:1789620720000,united-utilities:UUP01634,united-utilities,2026-09-17T04:52:00Z,2026-09-17T06:24:00Z,92,hub,2026-09-17T11:32:49Z,2026-09-17T11:32:49Z,true
united-utilities:UUP01635:1788482640000,united-utilities:UUP01635,united-utilities,2026-09-04T00:44:00Z,2026-09-04T02:50:00Z,126,hub,2026-09-17T00:49:00Z,2026-09-17T00:49:00Z,true
united-utilities:UUP01635:1789623360000,united-utilities:UUP01635,united-utilities,2026-09-17T05:36:00Z,2026-09-17T06:00:00Z,24,hub,2026-09-17T11:32:49Z,2026-09-17T11:32:49Z,true
united-utilities:UUP01636:1788813720000,united-utilities:UUP01636,united-utilities,2026-09-07T20:42:00Z,2026-09-07T21:00:00Z,18,hub,2026-09-17T00:49:00Z,2026-09-17T00:49:00Z,true
united-utilities:UUP01637:1788825600000,united-utilities:UUP01637,united-utilities,2026-09-08T00:00:00Z,2026-09-08T00:04:00Z,4,hub,2026-09-17T00:49:00Z,2026-09-17T00:49:00Z,true
united-utilities:UUP01640:1788820800000,united-utilities:UUP01640,united-utilities,2026-09-07T22:40:00Z,2026-09-07T23:16:00Z,36,hub,2026-09-17T00:49:00Z,2026-09-17T00:49:00Z,true
united-utilities:UUP01640:1789620960000,united-utilities:UUP01640,united-utilities,2026-09-17T04:56:00Z,2026-09-17T06:26:00Z,90,hub,2026-09-17T11:32:49Z,2026-09-17T11:32:49Z,true
united-utilities:UUP01640:1789748040000,united-utilities:UUP01640,united-utilities,2026-09-18T16:14:00Z,2026-09-18T17:50:00Z,96,hub,2026-09-18T17:51:51Z,2026-09-18T18:22:27Z,true
united-utilities:UUP01643:1789618920000,united-utilities:UUP01643,united-utilities,2026-09-17T04:22:00Z,2026-09-17T04:28:00Z,6,hub,2026-09-17T11:32:49Z,2026-09-17T11:32:49Z,true
united-utilities:UUP01650:1788438641000,united-utilities:UUP01650,united-utilities,2026-09-03T12:30:41Z,2026-09-03T12:42:43Z,12,hub,2026-09-17T00:49:00Z,2026-09-17T00:49:00Z,true
united-utilities:UUP01654:1789434120000,united-utilities:UUP01654,united-utilities,2026-09-15T01:02:00Z,2026-09-15T01:18:00Z,16,hub,2026-09-17T00:49:00Z,2026-09-17T00:49:00Z,true
united-utilities:UUP01655:1788879720000,united-utilities:UUP01655,united-utilities,2026-09-08T15:02:00Z,2026-09-08T16:10:00Z,68,hub,2026-09-17T00:49:00Z,2026-09-17T00:49:00Z,true
united-utilities:UUP01655:1789618080000,united-utilities:UUP01655,united-utilities,2026-09-17T04:08:00Z,2026-09-17T06:46:00Z,158,hub,2026-09-17T11:32:49Z,2026-09-17T11:32:49Z,true
united-utilities:UUP01655:1789750560000,united-utilities:UUP01655,united-utilities,2026-09-18T16:56:00Z,2026-09-18T19:40:00Z,164,hub,2026-09-18T17:51:51Z,2026-09-18T20:21:27Z,true
united-utilities:UUP01657:1788813620000,united-utilities:UUP01657,united-utilities,2026-09-07T20:40:20Z,2026-09-07T20:42:40Z,2,hub,2026-09-17T00:49:00Z,2026-09-17T00:49:00Z,true
united-utilities:UUP01658:1789449600000,united-utilities:UUP01658,united-utilities,2026-09-15T05:20:00Z,2026-09-15T05:42:00Z,22,hub,2026-09-17T00:49:00Z,2026-09-17T00:49:00Z,true
united-utilities:UUP01658:1789617600000,united-utilities:UUP01658,united-utilities,2026-09-17T04:00:00Z,2026-09-17T04:48:00Z,48,hub,2026-09-17T11:32:49Z,2026-09-17T11:32:49Z,true
united-utilities:UUP01659:1789447320000,united-utilities:UUP01659,united-utilities,2026-09-15T04:42:00Z,2026-09-15T05:30:00Z,48,hub,2026-09-17T00:49:00Z,2026-09-17T00:49:00Z,true
united-utilities:UUP01659:1789617240000,united-utilities:UUP01659,united-utilities,2026-09-17T03:54:00Z,2026-09-17T04:22:00Z,28,hub,2026-09-17T11:32:49Z,2026-09-17T11:32:49Z,true
united-utilities:UUP01659:1789739760000,united-utilities:UUP01659,united-utilities,2026-09-18T13:56:00Z,2026-09-18T16:16:00Z,140,hub,2026-09-18T14:37:46Z,2026-09-18T14:37:46Z,false
united-utilities:UUP01659:1789748160000,united-utilities:UUP01659,united-utilities,2026-09-18T16:16:00Z,2026-09-18T16:36:00Z,20,hub,2026-09-18T17:51:51Z,2026-09-18T17:51:51Z,true
united-utilities:UUP01660:1789448160000,united-utilities:UUP01660,united-utilities,2026-09-15T04:56:00Z,2026-09-15T05:12:00Z,16,hub,2026-09-17T00:49:00Z,2026-09-17T00:49:00Z,true
united-utilities:UUP01660:1789745040000,united-utilities:UUP01660,united-utilities,2026-09-18T15:24:00Z,2026-09-18T15:48:00Z,24,hub,2026-09-18T17:51:51Z,2026-09-18T17:51:51Z,true
united-utilities:UUP01661:1789712640000,united-utilities:UUP01661,united-utilities,2026-09-18T06:24:00Z,2026-09-18T06:28:00Z,4,hub,2026-09-18T10:30:40Z,2026-09-18T10:30:40Z,true
united-utilities:UUP01664:1789081909000,united-utilities:UUP01664,united-utilities,2026-09-10T23:11:49Z,2026-09-10T23:14:55Z,3,hub,2026-09-17T00:49:00Z,2026-09-17T00:49:00Z,true
united-utilities:UUP01665:1789215120000,united-utilities:UUP01665,united-utilities,2026-09-12T12:12:00Z,2026-09-12T12:52:00Z,40,hub,2026-09-17T00:49:00Z,2026-09-17T00:49:00Z,true
united-utilities:UUP01666:1788883200000,united-utilities:UUP01666,united-utilities,2026-09-08T16:00:00Z,2026-09-08T16:08:00Z,8,hub,2026-09-17T00:49:00Z,2026-09-17T00:49:00Z,true
united-utilities:UUP01667:1788818280000,united-utilities:UUP01667,united-utilities,2026-09-07T21:58:00Z,2026-09-07T22:18:00Z,20,hub,2026-09-17T00:49:00Z,2026-09-17T00:49:00Z,true
united-utilities:UUP01668:1789450817000,united-utilities:UUP01668,united-utilities,2026-09-15T05:40:17Z,2026-09-15T05:48:59Z,9,hub,2026-09-17T00:49:00Z,2026-09-17T00:49:00Z,true
united-utilities:UUP01668:1789620098000,united-utilities:UUP01668,united-utilities,2026-09-17T04:41:38Z,2026-09-17T04:52:12Z,11,hub,2026-09-17T11:32:49Z,2026-09-17T11:32:49Z,true
united-utilities:UUP01669:1788486080000,united-utilities:UUP01669,united-utilities,2026-09-04T01:41:20Z,2026-09-04T01:43:56Z,3,hub,2026-09-17T00:49:00Z,2026-09-17T00:49:00Z,true
united-utilities:UUP01670:1789467092000,united-utilities:UUP01670,united-utilities,2026-09-15T10:11:32Z,2026-09-15T10:24:17Z,13,hub,2026-09-17T00:49:00Z,2026-09-17T00:49:00Z,true
united-utilities:UUP01672:1789555680000,united-utilities:UUP01672,united-utilities,2026-09-16T10:48:00Z,2026-09-16T12:12:00Z,84,hub,2026-09-17T00:49:00Z,2026-09-17T00:49:00Z,true
united-utilities:UUP01672:1789627320000,united-utilities:UUP01672,united-utilities,2026-09-17T06:42:00Z,2026-09-17T06:46:00Z,4,hub,2026-09-17T11:32:49Z,2026-09-17T11:32:49Z,true
united-utilities:UUP01672:1789747800000,united-utilities:UUP01672,united-utilities,2026-09-18T16:10:00Z,2026-09-18T20:00:00Z,230,hub,2026-09-18T17:51:51Z,2026-09-18T20:41:44Z,true
united-utilities:UUP01672:1789776120000,united-utilities:UUP01672,united-utilities,2026-09-19T00:02:00Z,,,hub,2026-09-19T01:01:22Z,2026-09-19T01:01:22Z,
united-utilities:UUP01674:1788884407000,united-utilities:UUP01674,united-utilities,2026-09-08T16:20:07Z,2026-09-08T16:32:36Z,12,hub,2026-09-17T00:49:00Z,2026-09-17T00:49:00Z,true
united-utilities:UUP01674:1789751830000,united-utilities:UUP01674,united-utilities,2026-09-18T17:17:10Z,2026-09-18T17:57:43Z,41,hub,2026-09-18T17:51:51Z,2026-09-18T18:22:27Z,true
united-utilities:UUP01675:1789455531000,united-utilities:UUP01675,united-utilities,2026-09-15T06:58:51Z,2026-09-15T10:12:53Z,194,hub,2026-09-17T00:49:00Z,2026-09-17T00:49:00Z,true
united-utilities:UUP01675:1789630279000,united-utilities:UUP01675,united-utilities,2026-09-17T07:31:19Z,2026-09-17T08:17:38Z,46,hub,2026-09-17T11:32:49Z,2026-09-17T11:32:49Z,true
united-utilities:UUP01675:1789755167000,united-utilities:UUP01675,united-utilities,2026-09-18T18:12:47Z,,,hub,2026-09-18T18:42:49Z,2026-09-18T18:42:49Z,
united-utilities:UUP01676:1788882840000,united-utilities:UUP01676,united-utilities,2026-09-08T15:54:00Z,2026-09-08T16:02:00Z,8,hub,2026-09-17T00:49:00Z,2026-09-17T00:49:00Z,true
united-utilities:UUP01677:1789445399000,united-utilities:UUP01677,united-utilities,2026-09-15T04:09:59Z,2026-09-15T04:21:11Z,11,hub,2026-09-17T00:49:00Z,2026-09-17T00:49:00Z,true
united-utilities:UUP01679:1789453589000,united-utilities:UUP01679,united-utilities,2026-09-15T06:26:29Z,2026-09-15T06:43:57Z,17,hub,2026-09-17T00:49:00Z,2026-09-17T00:49:00Z,true
united-utilities:UUP01680:1788480840000,united-utilities:UUP01680,united-utilities,2026-09-04T00:14:00Z,2026-09-04T02:34:00Z,140,hub,2026-09-17T00:49:00Z,2026-09-17T00:49:00Z,true
united-utilities:UUP01682:1788485160000,united-utilities:UUP01682,united-utilities,2026-09-04T01:26:00Z,2026-09-04T03:16:00Z,110,hub,2026-09-17T00:49:00Z,2026-09-17T00:49:00Z,true
united-utilities:UUP01684:1788484080000,united-utilities:UUP01684,united-utilities,2026-09-04T01:08:00Z,2026-09-04T08:38:00Z,450,hub,2026-09-17T00:49:00Z,2026-09-17T00:49:00Z,true
united-utilities:UUP01684:1789750560000,united-utilities:UUP01684,united-utilities,2026-09-18T16:56:00Z,2026-09-18T17:46:00Z,50,hub,2026-09-18T17:51:51Z,2026-09-18T18:22:27Z,true
united-utilities:UUP01685:1788817440000,united-utilities:UUP01685,united-utilities,2026-09-07T21:44:00Z,2026-09-07T21:56:00Z,12,hub,2026-09-17T00:49:00Z,2026-09-17T00:49:00Z,true
united-utilities:UUP01686:1788458520000,united-utilities:UUP01686,united-utilities,2026-09-03T18:02:00Z,2026-09-03T18:14:00Z,12,hub,2026-09-17T00:49:00Z,2026-09-17T00:49:00Z,true
united-utilities:UUP01687:1788832800000,united-utilities:UUP01687,united-utilities,2026-09-08T02:00:00Z,2026-09-08T02:16:00Z,16,hub,2026-09-17T00:49:00Z,2026-09-17T00:49:00Z,true
united-utilities:UUP01687:1789623000000,united-utilities:UUP01687,united-utilities,2026-09-17T05:30:00Z,2026-09-17T06:20:00Z,50,hub,2026-09-17T11:32:49Z,2026-09-17T11:32:49Z,true
united-utilities:UUP01689:1788828523000,united-utilities:UUP01689,united-utilities,2026-09-08T00:48:43Z,2026-09-08T08:55:59Z,487,hub,2026-09-17T00:49:00Z,2026-09-17T00:49:00Z,true
united-utilities:UUP01690:1788803640000,united-utilities:UUP01690,united-utilities,2026-09-07T17:54:00Z,2026-09-07T17:58:00Z,4,hub,2026-09-17T00:49:00Z,2026-09-17T00:49:00Z,true
united-utilities:UUP01692:1788883498000,united-utilities:UUP01692,united-utilities,2026-09-08T16:04:58Z,2026-09-08T16:29:30Z,25,hub,2026-09-17T00:49:00Z,2026-09-17T00:49:00Z,true
united-utilities:UUP01693:1788823873000,united-utilities:UUP01693,united-utilities,2026-09-07T23:31:13Z,2026-09-08T21:01:21Z,1290,hub,2026-09-17T00:49:00Z,2026-09-17T00:49:00Z,true
united-utilities:UUP01694:1789450440000,united-utilities:UUP01694,united-utilities,2026-09-15T05:34:00Z,2026-09-15T06:02:00Z,28,hub,2026-09-17T00:49:00Z,2026-09-17T00:49:00Z,true
united-utilities:UUP01694:1789622040000,united-utilities:UUP01694,united-utilities,2026-09-17T05:14:00Z,2026-09-17T05:42:00Z,28,hub,2026-09-17T11:32:49Z,2026-09-17T11:32:49Z,true
united-utilities:UUP01695:1788816360000,united-utilities:UUP01695,united-utilities,2026-09-07T21:26:00Z,2026-09-07T21:32:00Z,6,hub,2026-09-17T00:49:00Z,2026-09-17T00:49:00Z,true
united-utilities:UUP01696:1789508280000,united-utilities:UUP01696,united-utilities,2026-09-15T21:38:00Z,2026-09-15T21:56:00Z,18,hub,2026-09-17T00:49:00Z,2026-09-17T00:49:00Z,true
united-utilities:UUP01697:1788484440000,united-utilities:UUP01697,united-utilities,2026-09-04T01:14:00Z,2026-09-04T01:56:00Z,42,hub,2026-09-17T00:49:00Z,2026-09-17T00:49:00Z,true
united-utilities:UUP01698:1788489125000,united-utilities:UUP01698,united-utilities,2026-09-04T02:32:05Z,2026-09-04T09:49:07Z,437,hub,2026-09-17T00:49:00Z,2026-09-17T00:49:00Z,true
united-utilities:UUP01699:1788815640000,united-utilities:UUP01699,united-utilities,2026-09-07T21:14:00Z,2026-09-07T21:50:00Z,36,hub,2026-09-17T00:49:00Z,2026-09-17T00:49:00Z,true
united-utilities:UUP01699:1789619880000,united-utilities:UUP01699,united-utilities,2026-09-17T04:38:00Z,2026-09-17T04:50:00Z,12,hub,2026-09-17T11:32:49Z,2026-09-17T11:32:49Z,true
united-utilities:UUP01701:1788884356000,united-utilities:UUP01701,united-utilities,2026-09-08T16:19:16Z,2026-09-08T17:14:56Z,56,hub,2026-09-17T00:49:00Z,2026-09-17T00:49:00Z,true
united-utilities:UUP01701:1789620386000,united-utilities:UUP01701,united-utilities,2026-09-17T04:46:26Z,2026-09-17T06:28:32Z,102,hub,2026-09-17T11:32:49Z,2026-09-17T11:32:49Z,true
united-utilities:UUP01701:1789756324000,united-utilities:UUP01701,united-utilities,2026-09-18T18:32:04Z,2026-09-18T18:55:40Z,24,hub,2026-09-18T20:21:27Z,2026-09-18T20:21:27Z,true
united-utilities:UUP01705:1789452960000,united-utilities:UUP01705,united-utilities,2026-09-15T06:16:00Z,2026-09-15T07:08:00Z,52,hub,2026-09-17T00:49:00Z,2026-09-17T00:49:00Z,true
united-utilities:UUP01705:1789634959000,united-utilities:UUP01705,united-utilities,2026-09-17T08:49:19Z,2026-09-17T08:58:00Z,9,hub,2026-09-17T11:32:49Z,2026-09-17T11:32:49Z,true
united-utilities:UUP01706:1789500495000,united-utilities:UUP01706,united-utilities,2026-09-15T19:28:15Z,2026-09-15T22:21:16Z,173,hub,2026-09-17T00:49:00Z,2026-09-17T00:49:00Z,true
united-utilities:UUP01706:1789631656000,united-utilities:UUP01706,united-utilities,2026-09-17T07:54:16Z,2026-09-17T08:24:58Z,31,hub,2026-09-17T11:32:49Z,2026-09-17T11:32:49Z,true
united-utilities:UUP01707:1789447476000,united-utilities:UUP01707,united-utilities,2026-09-15T04:44:36Z,2026-09-15T05:06:48Z,22,hub,2026-09-18T05:53:28Z,2026-09-18T05:53:28Z,true
united-utilities:UUP01707:1789451076000,united-utilities:UUP01707,united-utilities,2026-09-15T05:44:36Z,,,hub,2026-09-17T00:49:00Z,2026-09-17T00:49:00Z,
united-utilities:UUP01708:1788844670000,united-utilities:UUP01708,united-utilities,2026-09-08T05:17:50Z,2026-09-08T05:29:31Z,12,hub,2026-09-17T00:49:00Z,2026-09-17T00:49:00Z,true
united-utilities:UUP01710:1788487314000,united-utilities:UUP01710,united-utilities,2026-09-04T02:01:54Z,2026-09-04T03:45:50Z,104,hub,2026-09-17T00:49:00Z,2026-09-17T00:49:00Z,true
united-utilities:UUP01711:1789079280000,united-utilities:UUP01711,united-utilities,2026-09-10T22:28:00Z,2026-09-10T22:52:00Z,24,hub,2026-09-17T00:49:00Z,2026-09-17T00:49:00Z,true
united-utilities:UUP01712:1789444798000,united-utilities:UUP01712,united-utilities,2026-09-15T03:59:58Z,2026-09-15T04:05:08Z,5,hub,2026-09-17T00:49:00Z,2026-09-17T00:49:00Z,true
united-utilities:UUP01717:1789446321000,united-utilities:UUP01717,united-utilities,2026-09-15T04:25:21Z,2026-09-15T04:35:31Z,10,hub,2026-09-17T00:49:00Z,2026-09-17T00:49:00Z,true
united-utilities:UUP01717:1789620877000,united-utilities:UUP01717,united-utilities,2026-09-17T04:54:37Z,2026-09-17T05:00:57Z,6,hub,2026-09-17T11:32:49Z,2026-09-17T11:32:49Z,true
united-utilities:UUP01717:1789744042000,united-utilities:UUP01717,united-utilities,2026-09-18T15:07:22Z,2026-09-18T16:06:31Z,59,hub,2026-09-18T17:51:51Z,2026-09-18T17:51:51Z,true
united-utilities:UUP01720:1788485160000,united-utilities:UUP01720,united-utilities,2026-09-04T01:26:00Z,2026-09-04T01:46:00Z,20,hub,2026-09-17T00:49:00Z,2026-09-17T00:49:00Z,true
united-utilities:UUP01721:1788814800000,united-utilities:UUP01721,united-utilities,2026-09-07T21:00:00Z,2026-09-07T21:56:00Z,56,hub,2026-09-17T00:49:00Z,2026-09-17T00:49:00Z,true
united-utilities:UUP01721:1789746240000,united-utilities:UUP01721,united-utilities,2026-09-18T15:44:00Z,2026-09-18T22:30:00Z,406,hub,2026-09-18T17:51:51Z,2026-09-18T17:51:51Z,false
united-utilities:UUP01721:1789770600000,united-utilities:UUP01721,united-utilities,2026-09-18T22:30:00Z,2026-09-18T23:40:00Z,70,hub,2026-09-18T23:04:03Z,2026-09-19T00:41:02Z,true
united-utilities:UUP01724:1789266057000,united-utilities:UUP01724,united-utilities,2026-09-13T02:20:57Z,2026-09-13T07:47:39Z,327,hub,2026-09-17T00:49:00Z,2026-09-17T00:49:00Z,true
united-utilities:UUP01726:1789552320000,united-utilities:UUP01726,united-utilities,2026-09-16T09:52:00Z,2026-09-16T11:10:00Z,78,hub,2026-09-17T00:49:00Z,2026-09-17T00:49:00Z,true
united-utilities:UUP01726:1789612800000,united-utilities:UUP01726,united-utilities,2026-09-17T02:40:00Z,2026-09-17T04:44:00Z,124,hub,2026-09-17T11:32:49Z,2026-09-17T11:32:49Z,true
united-utilities:UUP01726:1789740360000,united-utilities:UUP01726,united-utilities,2026-09-18T14:06:00Z,2026-09-18T17:08:00Z,182,hub,2026-09-18T14:58:06Z,2026-09-18T18:02:06Z,true
united-utilities:UUP01727:1788465600000,united-utilities:UUP01727,united-utilities,2026-09-03T20:00:00Z,2026-09-03T20:28:00Z,28,hub,2026-09-17T00:49:00Z,2026-09-17T00:49:00Z,true
united-utilities:UUP01727:1789744320000,united-utilities:UUP01727,united-utilities,2026-09-18T15:12:00Z,2026-09-18T15:40:00Z,28,hub,2026-09-18T17:51:51Z,2026-09-18T17:51:51Z,true
united-utilities:UUP01729:1789201320000,united-utilities:UUP01729,united-utilities,2026-09-12T08:22:00Z,2026-09-12T10:26:00Z,124,hub,2026-09-17T00:49:00Z,2026-09-17T00:49:00Z,true
united-utilities:UUP01729:1789743240000,united-utilities:UUP01729,united-utilities,2026-09-18T14:54:00Z,2026-09-18T19:48:00Z,294,hub,2026-09-18T15:18:24Z,2026-09-18T20:21:27Z,true
united-utilities:UUP01733:1789446480000,united-utilities:UUP01733,united-utilities,2026-09-15T04:28:00Z,2026-09-15T05:42:00Z,74,hub,2026-09-17T00:49:00Z,2026-09-17T00:49:00Z,true
united-utilities:UUP01733:1789749360000,united-utilities:UUP01733,united-utilities,2026-09-18T16:36:00Z,2026-09-18T18:48:00Z,132,hub,2026-09-18T17:51:51Z,2026-09-18T20:21:27Z,true
united-utilities:UUP01734:1789436168000,united-utilities:UUP01734,united-utilities,2026-09-15T01:36:08Z,2026-09-15T01:56:11Z,20,hub,2026-09-17T00:49:00Z,2026-09-17T00:49:00Z,true
united-utilities:UUP01735:1789449600000,united-utilities:UUP01735,united-utilities,2026-09-15T05:20:00Z,2026-09-15T05:24:00Z,4,hub,2026-09-17T00:49:00Z,2026-09-17T00:49:00Z,true
united-utilities:UUP01735:1789750800000,united-utilities:UUP01735,united-utilities,2026-09-18T17:00:00Z,2026-09-18T17:04:00Z,4,hub,2026-09-18T17:51:51Z,2026-09-18T18:02:06Z,true
united-utilities:UUP01735:1789754400000,united-utilities:UUP01735,united-utilities,2026-09-18T18:00:00Z,2026-09-18T18:02:00Z,2,hub,2026-09-18T18:42:49Z,2026-09-18T20:21:27Z,true
united-utilities:UUP01737:1789203480000,united-utilities:UUP01737,united-utilities,2026-09-12T08:58:00Z,2026-09-12T09:58:00Z,60,hub,2026-09-17T00:49:00Z,2026-09-17T00:49:00Z,true
united-utilities:UUP01740:1788817800000,united-utilities:UUP01740,united-utilities,2026-09-07T21:50:00Z,2026-09-07T23:16:00Z,86,hub,2026-09-17T00:49:00Z,2026-09-17T00:49:00Z,true
united-utilities:UUP01741:1789437720000,united-utilities:UUP01741,united-utilities,2026-09-15T02:02:00Z,2026-09-15T02:32:00Z,30,hub,2026-09-17T00:49:00Z,2026-09-17T00:49:00Z,true
united-utilities:UUP01743:1788809520000,united-utilities:UUP01743,united-utilities,2026-09-07T19:32:00Z,2026-09-07T19:36:00Z,4,hub,2026-09-17T00:49:00Z,2026-09-17T00:49:00Z,true
united-utilities:UUP01743:1789612200000,united-utilities:UUP01743,united-utilities,2026-09-17T02:30:00Z,2026-09-17T03:24:00Z,54,hub,2026-09-17T11:32:49Z,2026-09-17T11:32:49Z,true
united-utilities:UUP01743:1789745640000,united-utilities:UUP01743,united-utilities,2026-09-18T15:34:00Z,2026-09-18T15:52:00Z,18,hub,2026-09-18T17:51:51Z,2026-09-18T17:51:51Z,true
united-utilities:UUP01744:1788483720000,united-utilities:UUP01744,united-utilities,2026-09-04T01:02:00Z,2026-09-04T01:42:00Z,40,hub,2026-09-17T00:49:00Z,2026-09-17T00:49:00Z,true
united-utilities:UUP01744:1789613160000,united-utilities:UUP01744,united-utilities,2026-09-17T02:46:00Z,2026-09-17T03:28:00Z,42,hub,2026-09-17T11:32:49Z,2026-09-17T11:32:49Z,true
united-utilities:UUP01746:1789557720000,united-utilities:UUP01746,united-utilities,2026-09-16T11:22:00Z,2026-09-16T11:52:00Z,30,hub,2026-09-17T00:49:00Z,2026-09-17T00:49:00Z,true
united-utilities:UUP01746:1789622040000,united-utilities:UUP01746,united-utilities,2026-09-17T05:14:00Z,2026-09-17T05:18:00Z,4,hub,2026-09-17T11:32:49Z,2026-09-17T11:32:49Z,true
united-utilities:UUP01746:1789645800000,united-utilities:UUP01746,united-utilities,2026-09-17T11:50:00Z,2026-09-17T12:18:00Z,28,hub,2026-09-17T13:51:58Z,2026-09-17T13:51:58Z,true
united-utilities:UUP01746:1789651440000,united-utilities:UUP01746,united-utilities,2026-09-17T13:24:00Z,2026-09-17T13:28:00Z,4,hub,2026-09-17T15:38:08Z,2026-09-17T15:38:08Z,true
united-utilities:UUP01746:1789663800000,united-utilities:UUP01746,united-utilities,2026-09-17T16:50:00Z,2026-09-17T17:12:00Z,22,hub,2026-09-17T19:14:51Z,2026-09-17T19:14:51Z,true
united-utilities:UUP01746:1789741440000,united-utilities:UUP01746,united-utilities,2026-09-18T14:24:00Z,2026-09-18T15:10:00Z,46,hub,2026-09-18T14:58:06Z,2026-09-18T14:58:06Z,false
united-utilities:UUP01746:1789744200000,united-utilities:UUP01746,united-utilities,2026-09-18T15:10:00Z,2026-09-18T17:18:00Z,128,hub,2026-09-18T17:51:51Z,2026-09-18T17:51:51Z,false
united-utilities:UUP01746:1789751880000,united-utilities:UUP01746,united-utilities,2026-09-18T17:18:00Z,2026-09-18T18:30:00Z,72,hub,2026-09-18T20:21:27Z,2026-09-18T20:21:27Z,true
united-utilities:UUP01746:1789774080000,united-utilities:UUP01746,united-utilities,2026-09-18T23:28:00Z,2026-09-18T23:52:00Z,24,hub,2026-09-19T00:41:02Z,2026-09-19T01:01:22Z,true
united-utilities:UUP01748:1788835680000,united-utilities:UUP01748,united-utilities,2026-09-08T02:48:00Z,2026-09-08T03:30:00Z,42,hub,2026-09-17T00:49:00Z,2026-09-17T00:49:00Z,true
united-utilities:UUP01750:1789557120000,united-utilities:UUP01750,united-utilities,2026-09-16T11:12:00Z,2026-09-16T11:18:00Z,6,hub,2026-09-17T00:49:00Z,2026-09-17T00:49:00Z,true
united-utilities:UUP01750:1789618920000,united-utilities:UUP01750,united-utilities,2026-09-17T04:22:00Z,2026-09-17T04:36:00Z,14,hub,2026-09-17T11:32:49Z,2026-09-17T11:32:49Z,true
united-utilities:UUP01751:1788483480000,united-utilities:UUP01751,united-utilities,2026-09-04T00:58:00Z,2026-09-04T02:14:00Z,76,hub,2026-09-17T00:49:00Z,2026-09-17T00:49:00Z,true
united-utilities:UUP01752:1788561000000,united-utilities:UUP01752,united-utilities,2026-09-04T22:30:00Z,2026-09-04T22:33:10Z,3,hub,2026-09-17T00:49:00Z,2026-09-17T00:49:00Z,true
united-utilities:UUP01753:1788484680000,united-utilities:UUP01753,united-utilities,2026-09-04T01:18:00Z,2026-09-04T01:52:00Z,34,hub,2026-09-17T00:49:00Z,2026-09-17T00:49:00Z,true
united-utilities:UUP01754:1788882924000,united-utilities:UUP01754,united-utilities,2026-09-08T15:55:24Z,2026-09-18T15:43:15Z,14388,hub,2026-09-17T00:49:00Z,2026-09-17T00:49:00Z,false
united-utilities:UUP01754:1789746195000,united-utilities:UUP01754,united-utilities,2026-09-18T15:43:15Z,2026-09-18T16:10:49Z,28,hub,2026-09-18T17:51:51Z,2026-09-18T17:51:51Z,true
united-utilities:UUP01758:1788817200000,united-utilities:UUP01758,united-utilities,2026-09-07T21:40:00Z,2026-09-07T21:50:00Z,10,hub,2026-09-17T00:49:00Z,2026-09-17T00:49:00Z,true
united-utilities:UUP01759:1788467040000,united-utilities:UUP01759,united-utilities,2026-09-03T20:24:00Z,2026-09-04T03:42:00Z,438,hub,2026-09-17T00:49:00Z,2026-09-17T00:49:00Z,true
united-utilities:UUP01759:1789744920000,united-utilities:UUP01759,united-utilities,2026-09-18T15:22:00Z,2026-09-18T15:56:00Z,34,hub,2026-09-18T17:51:51Z,2026-09-18T17:51:51Z,true
united-utilities:UUP01760:1788829953000,united-utilities:UUP01760,united-utilities,2026-09-08T01:12:33Z,2026-09-08T01:51:57Z,39,hub,2026-09-17T00:49:00Z,2026-09-17T00:49:00Z,true
united-utilities:UUP01760:1789754255000,united-utilities:UUP01760,united-utilities,2026-09-18T17:57:35Z,2026-09-18T19:20:54Z,83,hub,2026-09-18T18:22:27Z,2026-09-18T20:21:27Z,true
united-utilities:UUP01761:1788493877000,united-utilities:UUP01761,united-utilities,2026-09-04T03:51:17Z,2026-09-04T03:56:00Z,5,hub,2026-09-17T00:49:00Z,2026-09-17T00:49:00Z,true
united-utilities:UUP01762:1788506666000,united-utilities:UUP01762,united-utilities,2026-09-04T07:24:26Z,2026-09-04T08:37:07Z,73,hub,2026-09-17T00:49:00Z,2026-09-17T00:49:00Z,true
united-utilities:UUP01764:1789197840000,united-utilities:UUP01764,united-utilities,2026-09-12T07:24:00Z,2026-09-12T08:00:00Z,36,hub,2026-09-17T00:49:00Z,2026-09-17T00:49:00Z,true
united-utilities:UUP01765:1788517560000,united-utilities:UUP01765,united-utilities,2026-09-04T10:26:00Z,2026-09-04T11:58:00Z,92,hub,2026-09-17T00:49:00Z,2026-09-17T00:49:00Z,true
united-utilities:UUP01767:1788464466000,united-utilities:UUP01767,united-utilities,2026-09-03T19:41:06Z,2026-09-03T21:20:02Z,99,hub,2026-09-17T00:49:00Z,2026-09-17T00:49:00Z,true
united-utilities:UUP01770:1788487680000,united-utilities:UUP01770,united-utilities,2026-09-04T02:08:00Z,2026-09-04T05:06:00Z,178,hub,2026-09-17T00:49:00Z,2026-09-17T00:49:00Z,true
united-utilities:UUP01771:1788560760000,united-utilities:UUP01771,united-utilities,2026-09-04T22:26:00Z,2026-09-04T22:50:00Z,24,hub,2026-09-17T00:49:00Z,2026-09-17T00:49:00Z,true
united-utilities:UUP01772:1788882991000,united-utilities:UUP01772,united-utilities,2026-09-08T15:56:31Z,2026-09-08T16:04:24Z,8,hub,2026-09-17T00:49:00Z,2026-09-17T00:49:00Z,true
united-utilities:UUP01773:1788821019000,united-utilities:UUP01773,united-utilities,2026-09-07T22:43:39Z,2026-09-08T02:07:24Z,204,hub,2026-09-17T00:49:00Z,2026-09-17T00:49:00Z,true
united-utilities:UUP01774:1788819960000,united-utilities:UUP01774,united-utilities,2026-09-07T22:26:00Z,2026-09-07T22:46:00Z,20,hub,2026-09-17T00:49:00Z,2026-09-17T00:49:00Z,true
united-utilities:UUP01774:1789748880000,united-utilities:UUP01774,united-utilities,2026-09-18T16:28:00Z,2026-09-18T16:32:00Z,4,hub,2026-09-18T17:51:51Z,2026-09-18T17:51:51Z,true
united-utilities:UUP01777:1788483960000,united-utilities:UUP01777,united-utilities,2026-09-04T01:06:00Z,2026-09-04T03:04:00Z,118,hub,2026-09-17T00:49:00Z,2026-09-17T00:49:00Z,true
united-utilities:UUP01778:1789445140000,united-utilities:UUP01778,united-utilities,2026-09-15T04:05:40Z,2026-09-15T04:12:49Z,7,hub,2026-09-17T00:49:00Z,2026-09-17T00:49:00Z,true
united-utilities:UUP01779:1789200480000,united-utilities:UUP01779,united-utilities,2026-09-12T08:08:00Z,2026-09-12T08:12:00Z,4,hub,2026-09-17T00:49:00Z,2026-09-17T00:49:00Z,true
united-utilities:UUP01781:1789197480000,united-utilities:UUP01781,united-utilities,2026-09-12T07:18:00Z,2026-09-12T07:22:00Z,4,hub,2026-09-17T00:49:00Z,2026-09-17T00:49:00Z,true
united-utilities:UUP01782:1789449120000,united-utilities:UUP01782,united-utilities,2026-09-15T05:12:00Z,2026-09-15T05:24:00Z,12,hub,2026-09-17T00:49:00Z,2026-09-17T00:49:00Z,true
united-utilities:UUP01783:1788882360000,united-utilities:UUP01783,united-utilities,2026-09-08T15:46:00Z,2026-09-08T15:54:00Z,8,hub,2026-09-17T00:49:00Z,2026-09-17T00:49:00Z,true
united-utilities:UUP01786:1788491090000,united-utilities:UUP01786,united-utilities,2026-09-04T03:04:50Z,2026-09-04T05:10:45Z,126,hub,2026-09-17T00:49:00Z,2026-09-17T00:49:00Z,true
united-utilities:UUP01787:1788484680000,united-utilities:UUP01787,united-utilities,2026-09-04T01:18:00Z,2026-09-04T02:52:00Z,94,hub,2026-09-17T00:49:00Z,2026-09-17T00:49:00Z,true
united-utilities:UUP01790:1788815760000,united-utilities:UUP01790,united-utilities,2026-09-07T21:16:00Z,2026-09-07T21:20:00Z,4,hub,2026-09-17T00:49:00Z,2026-09-17T00:49:00Z,true
united-utilities:UUP01792:1789506782000,united-utilities:UUP01792,united-utilities,2026-09-15T21:13:02Z,2026-09-15T22:00:02Z,47,hub,2026-09-17T00:49:00Z,2026-09-17T00:49:00Z,true
united-utilities:UUP01792:1789623071000,united-utilities:UUP01792,united-utilities,2026-09-17T05:31:11Z,2026-09-17T05:36:07Z,5,hub,2026-09-17T11:32:49Z,2026-09-17T11:32:49Z,true
united-utilities:UUP01792:1789745585000,united-utilities:UUP01792,united-utilities,2026-09-18T15:33:05Z,2026-09-18T17:16:25Z,103,hub,2026-09-18T17:51:51Z,2026-09-18T17:51:51Z,true
united-utilities:UUP01794:1789379885000,united-utilities:UUP01794,united-utilities,2026-09-14T09:58:05Z,2026-09-14T09:58:09Z,0,hub,2026-09-17T00:49:00Z,2026-09-17T00:49:00Z,true
united-utilities:UUP01795:1789739113050,united-utilities:UUP01795,united-utilities,2026-09-18T13:45:13Z,2026-09-18T13:50:04Z,5,hub,2026-09-18T14:37:46Z,2026-09-18T14:37:46Z,true
united-utilities:UUP01797:1788488400000,united-utilities:UUP01797,united-utilities,2026-09-04T02:20:00Z,2026-09-04T15:10:00Z,770,hub,2026-09-17T00:49:00Z,2026-09-17T00:49:00Z,true
united-utilities:UUP01799:1789436400000,united-utilities:UUP01799,united-utilities,2026-09-15T01:40:00Z,2026-09-15T02:02:00Z,22,hub,2026-09-17T00:49:00Z,2026-09-17T00:49:00Z,true
united-utilities:UUP01799:1789747440000,united-utilities:UUP01799,united-utilities,2026-09-18T16:04:00Z,2026-09-18T16:20:00Z,16,hub,2026-09-18T17:51:51Z,2026-09-18T17:51:51Z,true
united-utilities:UUP01801:1789507800000,united-utilities:UUP01801,united-utilities,2026-09-15T21:30:00Z,2026-09-15T21:44:00Z,14,hub,2026-09-17T00:49:00Z,2026-09-17T00:49:00Z,true
united-utilities:UUP01802:1789452240000,united-utilities:UUP01802,united-utilities,2026-09-15T06:04:00Z,2026-09-15T06:22:00Z,18,hub,2026-09-17T00:49:00Z,2026-09-17T00:49:00Z,true
united-utilities:UUP01802:1789620600000,united-utilities:UUP01802,united-utilities,2026-09-17T04:50:00Z,2026-09-17T05:02:00Z,12,hub,2026-09-17T11:32:49Z,2026-09-17T11:32:49Z,true
united-utilities:UUP01802:1789746240000,united-utilities:UUP01802,united-utilities,2026-09-18T15:44:00Z,2026-09-18T18:46:00Z,182,hub,2026-09-18T17:51:51Z,2026-09-18T20:21:27Z,true
united-utilities:UUP01802:1789774440000,united-utilities:UUP01802,united-utilities,2026-09-18T23:34:00Z,2026-09-18T23:40:00Z,6,hub,2026-09-19T00:41:02Z,2026-09-19T00:41:02Z,true
united-utilities:UUP01804:1789096200000,united-utilities:UUP01804,united-utilities,2026-09-11T03:10:00Z,2026-09-11T03:18:00Z,8,hub,2026-09-17T00:49:00Z,2026-09-17T00:49:00Z,true
united-utilities:UUP01804:1789615320000,united-utilities:UUP01804,united-utilities,2026-09-17T03:22:00Z,2026-09-17T04:16:00Z,54,hub,2026-09-17T11:32:49Z,2026-09-17T11:32:49Z,true
united-utilities:UUP01804:1789744200000,united-utilities:UUP01804,united-utilities,2026-09-18T15:10:00Z,2026-09-18T18:24:00Z,194,hub,2026-09-18T17:51:51Z,2026-09-18T20:21:27Z,true
united-utilities:UUP01805:1788822840000,united-utilities:UUP01805,united-utilities,2026-09-07T23:14:00Z,2026-09-07T23:42:00Z,28,hub,2026-09-17T00:49:00Z,2026-09-17T00:49:00Z,true
united-utilities:UUP01806:1788483600000,united-utilities:UUP01806,united-utilities,2026-09-04T01:00:00Z,2026-09-04T01:02:00Z,2,hub,2026-09-17T00:49:00Z,2026-09-17T00:49:00Z,true
united-utilities:UUP01808:1789444200000,united-utilities:UUP01808,united-utilities,2026-09-15T03:50:00Z,2026-09-15T04:42:00Z,52,hub,2026-09-17T00:49:00Z,2026-09-17T00:49:00Z,true
united-utilities:UUP01808:1789611840000,united-utilities:UUP01808,united-utilities,2026-09-17T02:24:00Z,2026-09-17T03:52:00Z,88,hub,2026-09-17T11:32:49Z,2026-09-17T11:32:49Z,true
united-utilities:UUP01808:1789738560000,united-utilities:UUP01808,united-utilities,2026-09-18T13:36:00Z,2026-09-18T16:32:00Z,176,hub,2026-09-18T17:51:51Z,2026-09-18T17:51:51Z,true
united-utilities:UUP01811:1789466640000,united-utilities:UUP01811,united-utilities,2026-09-15T10:04:00Z,2026-09-15T11:46:00Z,102,hub,2026-09-17T00:49:00Z,2026-09-17T00:49:00Z,true
united-utilities:UUP01811:1789743120000,united-utilities:UUP01811,united-utilities,2026-09-18T14:52:00Z,2026-09-18T16:52:00Z,120,hub,2026-09-18T17:51:51Z,2026-09-18T17:51:51Z,true
united-utilities:UUP01812:1788487440000,united-utilities:UUP01812,united-utilities,2026-09-04T02:04:00Z,2026-09-04T02:08:00Z,4,hub,2026-09-17T00:49:00Z,2026-09-17T00:49:00Z,true
united-utilities:UUP01813:1789203084000,united-utilities:UUP01813,united-utilities,2026-09-12T08:51:24Z,2026-09-12T08:58:59Z,8,hub,2026-09-17T00:49:00Z,2026-09-17T00:49:00Z,true
united-utilities:UUP01816:1788808920000,united-utilities:UUP01816,united-utilities,2026-09-07T19:22:00Z,2026-09-07T19:28:00Z,6,hub,2026-09-17T00:49:00Z,2026-09-17T00:49:00Z,true
united-utilities:UUP01818:1789507320000,united-utilities:UUP01818,united-utilities,2026-09-15T21:22:00Z,2026-09-15T21:40:00Z,18,hub,2026-09-17T00:49:00Z,2026-09-17T00:49:00Z,true
united-utilities:UUP01818:1789620840000,united-utilities:UUP01818,united-utilities,2026-09-17T04:54:00Z,2026-09-17T05:12:00Z,18,hub,2026-09-17T11:32:49Z,2026-09-17T11:32:49Z,true
united-utilities:UUP01818:1789655640000,united-utilities:UUP01818,united-utilities,2026-09-17T14:34:00Z,2026-09-17T14:48:00Z,14,hub,2026-09-17T15:38:08Z,2026-09-17T15:38:08Z,true
united-utilities:UUP01818:1789743480000,united-utilities:UUP01818,united-utilities,2026-09-18T14:58:00Z,2026-09-18T16:48:00Z,110,hub,2026-09-18T17:51:51Z,2026-09-18T17:51:51Z,true
united-utilities:UUP01819:1788478215000,united-utilities:UUP01819,united-utilities,2026-09-03T23:30:15Z,2026-09-05T07:34:15Z,1924,hub,2026-09-17T00:49:00Z,2026-09-17T00:49:00Z,true
united-utilities:UUP01819:1789626260000,united-utilities:UUP01819,united-utilities,2026-09-17T06:24:20Z,2026-09-17T11:46:08Z,322,hub,2026-09-17T11:32:49Z,2026-09-17T13:51:58Z,true
united-utilities:UUP01819:1789748830000,united-utilities:UUP01819,united-utilities,2026-09-18T16:27:10Z,2026-09-18T22:47:35Z,380,hub,2026-09-18T17:51:51Z,2026-09-18T23:24:25Z,true
united-utilities:UUP01820:1788507120000,united-utilities:UUP01820,united-utilities,2026-09-04T07:32:00Z,2026-09-04T08:18:00Z,46,hub,2026-09-17T00:49:00Z,2026-09-17T00:49:00Z,true
united-utilities:UUP01822:1788488640000,united-utilities:UUP01822,united-utilities,2026-09-04T02:24:00Z,2026-09-04T02:42:00Z,18,hub,2026-09-17T00:49:00Z,2026-09-17T00:49:00Z,true
united-utilities:UUP01823:1789445880000,united-utilities:UUP01823,united-utilities,2026-09-15T04:18:00Z,2026-09-15T04:26:00Z,8,hub,2026-09-17T00:49:00Z,2026-09-17T00:49:00Z,true
united-utilities:UUP01823:1789611720000,united-utilities:UUP01823,united-utilities,2026-09-17T02:22:00Z,2026-09-17T04:30:00Z,128,hub,2026-09-17T11:32:49Z,2026-09-17T11:32:49Z,true
united-utilities:UUP01823:1789748640000,united-utilities:UUP01823,united-utilities,2026-09-18T16:24:00Z,2026-09-18T16:30:00Z,6,hub,2026-09-18T23:04:03Z,2026-09-18T23:04:03Z,true
united-utilities:UUP01824:1788819840000,united-utilities:UUP01824,united-utilities,2026-09-07T22:24:00Z,2026-09-07T22:40:00Z,16,hub,2026-09-17T00:49:00Z,2026-09-17T00:49:00Z,true
united-utilities:UUP01826:1789533480000,united-utilities:UUP01826,united-utilities,2026-09-16T04:38:00Z,2026-09-16T04:44:00Z,6,hub,2026-09-17T00:49:00Z,2026-09-17T00:49:00Z,true
united-utilities:UUP01826:1789618080000,united-utilities:UUP01826,united-utilities,2026-09-17T04:08:00Z,2026-09-17T04:16:00Z,8,hub,2026-09-17T11:32:49Z,2026-09-17T11:32:49Z,true
united-utilities:UUP01827:1789466280000,united-utilities:UUP01827,united-utilities,2026-09-15T09:58:00Z,2026-09-15T12:26:00Z,148,hub,2026-09-17T00:49:00Z,2026-09-17T00:49:00Z,true
united-utilities:UUP01827:1789616040000,united-utilities:UUP01827,united-utilities,2026-09-17T03:34:00Z,2026-09-17T04:48:00Z,74,hub,2026-09-17T11:32:49Z,2026-09-17T11:32:49Z,true
united-utilities:UUP01827:1789741680000,united-utilities:UUP01827,united-utilities,2026-09-18T14:28:00Z,2026-09-18T17:28:00Z,180,hub,2026-09-18T14:58:06Z,2026-09-18T18:02:06Z,true
united-utilities:UUP01828:1789509600000,united-utilities:UUP01828,united-utilities,2026-09-15T22:00:00Z,2026-09-15T22:10:00Z,10,hub,2026-09-17T00:49:00Z,2026-09-17T00:49:00Z,true
united-utilities:UUP01829:1789207328000,united-utilities:UUP01829,united-utilities,2026-09-12T10:02:08Z,2026-09-12T10:04:13Z,2,hub,2026-09-17T00:49:00Z,2026-09-17T00:49:00Z,true
united-utilities:UUP01829:1789749999000,united-utilities:UUP01829,united-utilities,2026-09-18T16:46:39Z,2026-09-18T16:48:55Z,2,hub,2026-09-18T17:51:51Z,2026-09-18T17:51:51Z,true
united-utilities:UUP01831:1788815040000,united-utilities:UUP01831,united-utilities,2026-09-07T21:04:00Z,2026-09-07T21:08:00Z,4,hub,2026-09-17T00:49:00Z,2026-09-17T00:49:00Z,true
united-utilities:UUP01834:1789112213000,united-utilities:UUP01834,united-utilities,2026-09-11T07:36:53Z,2026-09-11T07:38:16Z,1,hub,2026-09-17T00:49:00Z,2026-09-17T00:49:00Z,true
united-utilities:UUP01836:1789237200000,united-utilities:UUP01836,united-utilities,2026-09-12T18:20:00Z,2026-09-12T18:58:00Z,38,hub,2026-09-17T00:49:00Z,2026-09-17T00:49:00Z,true
united-utilities:UUP01836:1789622640000,united-utilities:UUP01836,united-utilities,2026-09-17T05:24:00Z,2026-09-17T05:36:00Z,12,hub,2026-09-17T11:32:49Z,2026-09-17T11:32:49Z,true
united-utilities:UUP01839:1789194246000,united-utilities:UUP01839,united-utilities,2026-09-12T06:24:06Z,2026-09-12T08:15:50Z,112,hub,2026-09-17T00:49:00Z,2026-09-17T00:49:00Z,true
united-utilities:UUP01840:1789554720000,united-utilities:UUP01840,united-utilities,2026-09-16T10:32:00Z,2026-09-16T10:46:00Z,14,hub,2026-09-17T00:49:00Z,2026-09-17T00:49:00Z,true
united-utilities:UUP01840:1789746720000,united-utilities:UUP01840,united-utilities,2026-09-18T15:52:00Z,2026-09-18T16:34:00Z,42,hub,2026-09-18T17:51:51Z,2026-09-18T17:51:51Z,true
united-utilities:UUP01840:1789753560000,united-utilities:UUP01840,united-utilities,2026-09-18T17:46:00Z,2026-09-18T18:16:00Z,30,hub,2026-09-18T18:22:27Z,2026-09-18T20:21:27Z,true
united-utilities:UUP01844:1788818280000,united-utilities:UUP01844,united-utilities,2026-09-07T21:58:00Z,2026-09-07T22:06:00Z,8,hub,2026-09-17T00:49:00Z,2026-09-17T00:49:00Z,true
united-utilities:UUP01847:1789194120000,united-utilities:UUP01847,united-utilities,2026-09-12T06:22:00Z,2026-09-12T06:38:00Z,16,hub,2026-09-17T00:49:00Z,2026-09-17T00:49:00Z,true
united-utilities:UUP01850:1789449360000,united-utilities:UUP01850,united-utilities,2026-09-15T05:16:00Z,2026-09-15T05:26:00Z,10,hub,2026-09-17T00:49:00Z,2026-09-17T00:49:00Z,true
united-utilities:UUP01850:1789619760000,united-utilities:UUP01850,united-utilities,2026-09-17T04:36:00Z,2026-09-17T04:44:00Z,8,hub,2026-09-17T11:32:49Z,2026-09-17T11:32:49Z,true
united-utilities:UUP01851:1788817320000,united-utilities:UUP01851,united-utilities,2026-09-07T21:42:00Z,2026-09-07T21:54:00Z,12,hub,2026-09-17T00:49:00Z,2026-09-17T00:49:00Z,true
united-utilities:UUP01852:1788489000000,united-utilities:UUP01852,united-utilities,2026-09-04T02:30:00Z,2026-09-04T02:32:00Z,2,hub,2026-09-17T00:49:00Z,2026-09-17T00:49:00Z,true
united-utilities:UUP01853:1788491760000,united-utilities:UUP01853,united-utilities,2026-09-04T03:16:00Z,2026-09-04T03:24:00Z,8,hub,2026-09-17T00:49:00Z,2026-09-17T00:49:00Z,true
united-utilities:UUP01854:1789446606000,united-utilities:UUP01854,united-utilities,2026-09-15T04:30:06Z,2026-09-18T16:37:10Z,5047,hub,2026-09-17T00:49:00Z,2026-09-17T00:49:00Z,false
united-utilities:UUP01854:1789749430000,united-utilities:UUP01854,united-utilities,2026-09-18T16:37:10Z,,,hub,2026-09-18T17:51:51Z,2026-09-18T17:51:51Z,
united-utilities:UUP01858:1788471840000,united-utilities:UUP01858,united-utilities,2026-09-03T21:44:00Z,2026-09-04T03:10:00Z,326,hub,2026-09-17T00:49:00Z,2026-09-17T00:49:00Z,true
united-utilities:UUP01858:1789752240000,united-utilities:UUP01858,united-utilities,2026-09-18T17:24:00Z,,,hub,2026-09-18T18:02:06Z,2026-09-18T18:02:06Z,
united-utilities:UUP01859:1788817680000,united-utilities:UUP01859,united-utilities,2026-09-07T21:48:00Z,2026-09-07T23:26:00Z,98,hub,2026-09-17T00:49:00Z,2026-09-17T00:49:00Z,true
united-utilities:UUP01861:1789536600000,united-utilities:UUP01861,united-utilities,2026-09-16T05:30:00Z,2026-09-16T06:02:00Z,32,hub,2026-09-17T00:49:00Z,2026-09-17T00:49:00Z,true
united-utilities:UUP01862:1789535640000,united-utilities:UUP01862,united-utilities,2026-09-16T05:14:00Z,2026-09-16T05:18:00Z,4,hub,2026-09-17T00:49:00Z,2026-09-17T00:49:00Z,true
united-utilities:UUP01867:1789240326000,united-utilities:UUP01867,united-utilities,2026-09-12T19:12:06Z,2026-09-12T21:33:24Z,141,hub,2026-09-17T00:49:00Z,2026-09-17T00:49:00Z,true
united-utilities:UUP01867:1789625259000,united-utilities:UUP01867,united-utilities,2026-09-17T06:07:39Z,2026-09-17T07:50:14Z,103,hub,2026-09-17T11:32:49Z,2026-09-17T11:32:49Z,true
united-utilities:UUP01869:1789451040000,united-utilities:UUP01869,united-utilities,2026-09-15T05:44:00Z,2026-09-15T06:16:00Z,32,hub,2026-09-17T00:49:00Z,2026-09-17T00:49:00Z,true
united-utilities:UUP01871:1788478800000,united-utilities:UUP01871,united-utilities,2026-09-03T23:40:00Z,2026-09-04T03:08:00Z,208,hub,2026-09-17T00:49:00Z,2026-09-17T00:49:00Z,true
united-utilities:UUP01872:1788817801000,united-utilities:UUP01872,united-utilities,2026-09-07T21:50:01Z,2026-09-07T22:05:05Z,15,hub,2026-09-17T00:49:00Z,2026-09-17T00:49:00Z,true
united-utilities:UUP01873:1788484080000,united-utilities:UUP01873,united-utilities,2026-09-04T01:08:00Z,2026-09-04T02:22:00Z,74,hub,2026-09-17T00:49:00Z,2026-09-17T00:49:00Z,true
united-utilities:UUP01875:1788803230000,united-utilities:UUP01875,united-utilities,2026-09-07T17:47:10Z,2026-09-07T18:01:39Z,14,hub,2026-09-17T00:49:00Z,2026-09-17T00:49:00Z,true
united-utilities:UUP01877:1788828240000,united-utilities:UUP01877,united-utilities,2026-09-08T00:44:00Z,2026-09-08T00:46:00Z,2,hub,2026-09-17T00:49:00Z,2026-09-17T00:49:00Z,true
united-utilities:UUP01879:1789416984000,united-utilities:UUP01879,united-utilities,2026-09-14T20:16:24Z,2026-09-14T21:38:19Z,82,hub,2026-09-17T00:49:00Z,2026-09-17T00:49:00Z,true
united-utilities:UUP01879:1789661358000,united-utilities:UUP01879,united-utilities,2026-09-17T16:09:18Z,2026-09-17T16:47:37Z,38,hub,2026-09-17T19:14:51Z,2026-09-17T19:14:51Z,true
united-utilities:UUP01880:1788477332000,united-utilities:UUP01880,united-utilities,2026-09-03T23:15:32Z,2026-09-04T04:40:50Z,325,hub,2026-09-17T00:49:00Z,2026-09-17T00:49:00Z,true
united-utilities:UUP01882:1788479040000,united-utilities:UUP01882,united-utilities,2026-09-03T23:44:00Z,2026-09-04T03:10:00Z,206,hub,2026-09-17T00:49:00Z,2026-09-17T00:49:00Z,true
united-utilities:UUP01883:1788485760000,united-utilities:UUP01883,united-utilities,2026-09-04T01:36:00Z,2026-09-04T02:34:00Z,58,hub,2026-09-17T00:49:00Z,2026-09-17T00:49:00Z,true
united-utilities:UUP01884:1788487458000,united-utilities:UUP01884,united-utilities,2026-09-04T02:04:18Z,2026-09-04T13:55:20Z,711,hub,2026-09-17T00:49:00Z,2026-09-17T00:49:00Z,true
united-utilities:UUP01885:1789240080000,united-utilities:UUP01885,united-utilities,2026-09-12T19:08:00Z,2026-09-12T20:36:00Z,88,hub,2026-09-17T00:49:00Z,2026-09-17T00:49:00Z,true
united-utilities:UUP01887:1789442088000,united-utilities:UUP01887,united-utilities,2026-09-15T03:14:48Z,2026-09-15T03:49:06Z,34,hub,2026-09-17T00:49:00Z,2026-09-17T00:49:00Z,true
united-utilities:UUP01887:1789622097000,united-utilities:UUP01887,united-utilities,2026-09-17T05:14:57Z,2026-09-17T05:57:06Z,42,hub,2026-09-17T11:32:49Z,2026-09-17T11:32:49Z,true
united-utilities:UUP01887:1789746278000,united-utilities:UUP01887,united-utilities,2026-09-18T15:44:38Z,2026-09-18T19:05:16Z,201,hub,2026-09-18T17:51:51Z,2026-09-18T20:21:27Z,true
united-utilities:UUP01887:1789775532000,united-utilities:UUP01887,united-utilities,2026-09-18T23:52:12Z,2026-09-19T00:15:24Z,23,hub,2026-09-19T00:41:02Z,2026-09-19T00:51:12Z,true
united-utilities:UUP01888:1788885000000,united-utilities:UUP01888,united-utilities,2026-09-08T16:30:00Z,2026-09-08T16:36:00Z,6,hub,2026-09-17T00:49:00Z,2026-09-17T00:49:00Z,true
united-utilities:UUP01890:1788482473000,united-utilities:UUP01890,united-utilities,2026-09-04T00:41:13Z,2026-09-04T02:11:07Z,90,hub,2026-09-17T00:49:00Z,2026-09-17T00:49:00Z,true
united-utilities:UUP01891:1788818127000,united-utilities:UUP01891,united-utilities,2026-09-07T21:55:27Z,2026-09-07T22:45:06Z,50,hub,2026-09-17T00:49:00Z,2026-09-17T00:49:00Z,true
united-utilities:UUP01892:1788486000000,united-utilities:UUP01892,united-utilities,2026-09-04T01:40:00Z,2026-09-04T01:44:00Z,4,hub,2026-09-17T00:49:00Z,2026-09-17T00:49:00Z,true
united-utilities:UUP01893:1788816960000,united-utilities:UUP01893,united-utilities,2026-09-07T21:36:00Z,2026-09-07T21:40:00Z,4,hub,2026-09-17T00:49:00Z,2026-09-17T00:49:00Z,true
united-utilities:UUP01894:1789451527000,united-utilities:UUP01894,united-utilities,2026-09-15T05:52:07Z,2026-09-15T06:19:14Z,27,hub,2026-09-17T00:49:00Z,2026-09-17T00:49:00Z,true
united-utilities:UUP01894:1789619137000,united-utilities:UUP01894,united-utilities,2026-09-17T04:25:37Z,2026-09-17T05:09:31Z,44,hub,2026-09-17T11:32:49Z,2026-09-17T11:32:49Z,true
united-utilities:UUP01894:1789747331000,united-utilities:UUP01894,united-utilities,2026-09-18T16:02:11Z,2026-09-18T18:56:58Z,175,hub,2026-09-18T17:51:51Z,2026-09-18T20:21:27Z,true
united-utilities:UUP01896:1789443948000,united-utilities:UUP01896,united-utilities,2026-09-15T03:45:48Z,2026-09-15T04:37:27Z,52,hub,2026-09-17T00:49:00Z,2026-09-17T00:49:00Z,true
united-utilities:UUP01896:1789661563000,united-utilities:UUP01896,united-utilities,2026-09-17T16:12:43Z,2026-09-17T16:28:24Z,16,hub,2026-09-17T19:14:51Z,2026-09-17T19:14:51Z,true
united-utilities:UUP01897:1789458727000,united-utilities:UUP01897,united-utilities,2026-09-15T07:52:07Z,2026-09-15T08:09:00Z,17,hub,2026-09-17T00:49:00Z,2026-09-17T00:49:00Z,true
united-utilities:UUP01898:1788581040000,united-utilities:UUP01898,united-utilities,2026-09-05T04:04:00Z,2026-09-05T04:08:00Z,4,hub,2026-09-17T00:49:00Z,2026-09-17T00:49:00Z,true
united-utilities:UUP01899:1789507560000,united-utilities:UUP01899,united-utilities,2026-09-15T21:26:00Z,2026-09-15T21:54:00Z,28,hub,2026-09-17T00:49:00Z,2026-09-17T00:49:00Z,true
united-utilities:UUP01899:1789621560000,united-utilities:UUP01899,united-utilities,2026-09-17T05:06:00Z,2026-09-17T05:18:00Z,12,hub,2026-09-17T11:32:49Z,2026-09-17T11:32:49Z,true
united-utilities:UUP01900:1788884280000,united-utilities:UUP01900,united-utilities,2026-09-08T16:18:00Z,2026-09-08T16:50:00Z,32,hub,2026-09-17T00:49:00Z,2026-09-17T00:49:00Z,true
united-utilities:UUP01900:1789747560000,united-utilities:UUP01900,united-utilities,2026-09-18T16:06:00Z,2026-09-18T18:56:00Z,170,hub,2026-09-18T17:51:51Z,2026-09-18T20:21:27Z,true
united-utilities:UUP01901:1789559878000,united-utilities:UUP01901,united-utilities,2026-09-16T11:57:58Z,2026-09-16T12:18:24Z,20,hub,2026-09-17T00:49:00Z,2026-09-17T00:49:00Z,true
united-utilities:UUP01901:1789743164500,united-utilities:UUP01901,united-utilities,2026-09-18T14:52:44Z,2026-09-18T17:09:12Z,136,hub,2026-09-18T15:18:24Z,2026-09-18T15:18:24Z,false
united-utilities:UUP01901:1789751352000,united-utilities:UUP01901,united-utilities,2026-09-18T17:09:12Z,2026-09-18T17:43:09Z,34,hub,2026-09-18T17:51:51Z,2026-09-18T18:22:27Z,true
united-utilities:UUP01901:1789763812000,united-utilities:UUP01901,united-utilities,2026-09-18T20:36:52Z,2026-09-18T20:46:37Z,10,hub,2026-09-18T21:02:08Z,2026-09-18T22:43:41Z,true
united-utilities:UUP01902:1788484320000,united-utilities:UUP01902,united-utilities,2026-09-04T01:12:00Z,2026-09-04T02:08:00Z,56,hub,2026-09-17T00:49:00Z,2026-09-17T00:49:00Z,true
united-utilities:UUP01903:1788479051000,united-utilities:UUP01903,united-utilities,2026-09-03T23:44:11Z,2026-09-04T03:34:50Z,231,hub,2026-09-17T00:49:00Z,2026-09-17T00:49:00Z,true
united-utilities:UUP01905:1789449600000,united-utilities:UUP01905,united-utilities,2026-09-15T05:20:00Z,2026-09-15T05:26:00Z,6,hub,2026-09-17T00:49:00Z,2026-09-17T00:49:00Z,true
united-utilities:UUP01905:1789612200000,united-utilities:UUP01905,united-utilities,2026-09-17T02:30:00Z,2026-09-17T03:00:00Z,30,hub,2026-09-17T11:32:49Z,2026-09-17T11:32:49Z,true
united-utilities:UUP01905:1789742760000,united-utilities:UUP01905,united-utilities,2026-09-18T14:46:00Z,,,hub,2026-09-18T15:18:24Z,2026-09-18T15:18:24Z,
united-utilities:UUP01906:1789445309000,united-utilities:UUP01906,united-utilities,2026-09-15T04:08:29Z,2026-09-15T04:56:35Z,48,hub,2026-09-17T00:49:00Z,2026-09-17T00:49:00Z,true
united-utilities:UUP01907:1788484281000,united-utilities:UUP01907,united-utilities,2026-09-04T01:11:21Z,2026-09-04T01:18:08Z,7,hub,2026-09-17T00:49:00Z,2026-09-17T00:49:00Z,true
united-utilities:UUP01908:1788485640000,united-utilities:UUP01908,united-utilities,2026-09-04T01:34:00Z,2026-09-04T04:04:00Z,150,hub,2026-09-17T00:49:00Z,2026-09-17T00:49:00Z,true
united-utilities:UUP01909:1788487080000,united-utilities:UUP01909,united-utilities,2026-09-04T01:58:00Z,2026-09-04T03:44:00Z,106,hub,2026-09-17T00:49:00Z,2026-09-17T00:49:00Z,true
united-utilities:UUP01910:1789507920000,united-utilities:UUP01910,united-utilities,2026-09-15T21:32:00Z,2026-09-15T21:42:00Z,10,hub,2026-09-17T00:49:00Z,2026-09-17T00:49:00Z,true
united-utilities:UUP01911:1789441080000,united-utilities:UUP01911,united-utilities,2026-09-15T02:58:00Z,2026-09-15T03:06:00Z,8,hub,2026-09-17T00:49:00Z,2026-09-17T00:49:00Z,true
united-utilities:UUP01911:1789660320000,united-utilities:UUP01911,united-utilities,2026-09-17T15:52:00Z,2026-09-17T16:04:00Z,12,hub,2026-09-17T19:14:51Z,2026-09-17T19:14:51Z,true
united-utilities:UUP01912:1789467360000,united-utilities:UUP01912,united-utilities,2026-09-15T10:16:00Z,2026-09-15T10:28:00Z,12,hub,2026-09-17T00:49:00Z,2026-09-17T00:49:00Z,true
united-utilities:UUP01915:1789536720000,united-utilities:UUP01915,united-utilities,2026-09-16T05:32:00Z,2026-09-16T06:04:00Z,32,hub,2026-09-17T00:49:00Z,2026-09-17T00:49:00Z,true
united-utilities:UUP01916:1788817560000,united-utilities:UUP01916,united-utilities,2026-09-07T21:46:00Z,2026-09-07T21:50:00Z,4,hub,2026-09-17T00:49:00Z,2026-09-17T00:49:00Z,true
united-utilities:UUP01918:1789448839000,united-utilities:UUP01918,united-utilities,2026-09-15T05:07:19Z,2026-09-15T05:44:56Z,38,hub,2026-09-17T00:49:00Z,2026-09-17T00:49:00Z,true
united-utilities:UUP01918:1789750605000,united-utilities:UUP01918,united-utilities,2026-09-18T16:56:45Z,2026-09-18T16:58:31Z,2,hub,2026-09-18T17:51:51Z,2026-09-18T17:51:51Z,true
united-utilities:UUP01920:1789535374000,united-utilities:UUP01920,united-utilities,2026-09-16T05:09:34Z,2026-09-16T05:26:09Z,17,hub,2026-09-17T00:49:00Z,2026-09-17T00:49:00Z,true
united-utilities:UUP01920:1789621860000,united-utilities:UUP01920,united-utilities,2026-09-17T05:11:00Z,2026-09-17T05:32:34Z,22,hub,2026-09-17T11:32:49Z,2026-09-17T11:32:49Z,true
united-utilities:UUP01920:1789652459010,united-utilities:UUP01920,united-utilities,2026-09-17T13:40:59Z,2026-09-17T14:26:36Z,46,hub,2026-09-17T15:38:08Z,2026-09-17T15:38:08Z,true
united-utilities:UUP01920:1789735580060,united-utilities:UUP01920,united-utilities,2026-09-18T12:46:20Z,2026-09-18T13:36:54Z,51,hub,2026-09-18T14:37:46Z,2026-09-18T14:37:46Z,true
united-utilities:UUP01920:1789746532000,united-utilities:UUP01920,united-utilities,2026-09-18T15:48:52Z,2026-09-18T19:21:08Z,212,hub,2026-09-18T17:51:51Z,2026-09-18T20:21:27Z,true
united-utilities:UUP01920:1789774642000,united-utilities:UUP01920,united-utilities,2026-09-18T23:37:22Z,2026-09-19T00:14:52Z,38,hub,2026-09-19T00:41:02Z,2026-09-19T00:51:12Z,true
united-utilities:UUP01921:1788820560000,united-utilities:UUP01921,united-utilities,2026-09-07T22:36:00Z,2026-09-07T22:44:00Z,8,hub,2026-09-17T00:49:00Z,2026-09-17T00:49:00Z,true
united-utilities:UUP01922:1788810720000,united-utilities:UUP01922,united-utilities,2026-09-07T19:52:00Z,2026-09-07T21:08:00Z,76,hub,2026-09-17T00:49:00Z,2026-09-17T00:49:00Z,true
united-utilities:UUP01924:1789449960000,united-utilities:UUP01924,united-utilities,2026-09-15T05:26:00Z,2026-09-15T06:06:00Z,40,hub,2026-09-17T00:49:00Z,2026-09-17T00:49:00Z,true
united-utilities:UUP01924:1789741680000,united-utilities:UUP01924,united-utilities,2026-09-18T14:28:00Z,2026-09-18T16:10:00Z,102,hub,2026-09-18T14:58:06Z,2026-09-18T14:58:06Z,false
united-utilities:UUP01924:1789747800000,united-utilities:UUP01924,united-utilities,2026-09-18T16:10:00Z,2026-09-18T17:18:00Z,68,hub,2026-09-18T17:51:51Z,2026-09-18T17:51:51Z,false
united-utilities:UUP01924:1789751880000,united-utilities:UUP01924,united-utilities,2026-09-18T17:18:00Z,2026-09-18T17:30:00Z,12,hub,2026-09-18T18:02:06Z,2026-09-18T18:02:06Z,true
united-utilities:UUP01925:1788481920000,united-utilities:UUP01925,united-utilities,2026-09-04T00:32:00Z,2026-09-04T01:50:00Z,78,hub,2026-09-17T00:49:00Z,2026-09-17T00:49:00Z,true
united-utilities:UUP01928:1788884760000,united-utilities:UUP01928,united-utilities,2026-09-08T16:26:00Z,2026-09-08T16:32:00Z,6,hub,2026-09-17T00:49:00Z,2026-09-17T00:49:00Z,true
united-utilities:UUP01931:1788484320000,united-utilities:UUP01931,united-utilities,2026-09-04T01:12:00Z,2026-09-04T02:20:00Z,68,hub,2026-09-17T00:49:00Z,2026-09-17T00:49:00Z,true
united-utilities:UUP01933:1788476909000,united-utilities:UUP01933,united-utilities,2026-09-03T23:08:29Z,2026-09-03T23:22:28Z,14,hub,2026-09-17T00:49:00Z,2026-09-17T00:49:00Z,true
united-utilities:UUP01934:1788478469000,united-utilities:UUP01934,united-utilities,2026-09-03T23:34:29Z,2026-09-04T05:32:48Z,358,hub,2026-09-17T00:49:00Z,2026-09-17T00:49:00Z,true
united-utilities:UUP01935:1788483000000,united-utilities:UUP01935,united-utilities,2026-09-04T00:50:00Z,2026-09-04T02:02:00Z,72,hub,2026-09-17T00:49:00Z,2026-09-17T00:49:00Z,true
united-utilities:UUP01937:1789197360000,united-utilities:UUP01937,united-utilities,2026-09-12T07:16:00Z,2026-09-12T08:22:00Z,66,hub,2026-09-17T00:49:00Z,2026-09-17T00:49:00Z,true
united-utilities:UUP01938:1789445012000,united-utilities:UUP01938,united-utilities,2026-09-15T04:03:32Z,2026-09-15T04:49:26Z,46,hub,2026-09-17T00:49:00Z,2026-09-17T00:49:00Z,true
united-utilities:UUP01938:1789662700000,united-utilities:UUP01938,united-utilities,2026-09-17T16:31:40Z,2026-09-17T16:45:16Z,14,hub,2026-09-17T19:14:51Z,2026-09-17T19:14:51Z,true
united-utilities:UUP01941:1788486302000,united-utilities:UUP01941,united-utilities,2026-09-04T01:45:02Z,2026-09-04T02:34:36Z,50,hub,2026-09-17T00:49:00Z,2026-09-17T00:49:00Z,true
united-utilities:UUP01941:1789745400000,united-utilities:UUP01941,united-utilities,2026-09-18T15:30:00Z,2026-09-18T17:11:12Z,101,hub,2026-09-18T17:51:51Z,2026-09-18T17:51:51Z,true
united-utilities:UUP01942:1789552320000,united-utilities:UUP01942,united-utilities,2026-09-16T09:52:00Z,2026-09-16T10:20:00Z,28,hub,2026-09-17T00:49:00Z,2026-09-17T00:49:00Z,true
united-utilities:UUP01942:1789617360000,united-utilities:UUP01942,united-utilities,2026-09-17T03:56:00Z,2026-09-17T05:00:00Z,64,hub,2026-09-17T11:32:49Z,2026-09-17T11:32:49Z,true
united-utilities:UUP01943:1789449360000,united-utilities:UUP01943,united-utilities,2026-09-15T05:16:00Z,2026-09-15T05:26:00Z,10,hub,2026-09-17T00:49:00Z,2026-09-17T00:49:00Z,true
united-utilities:UUP01944:1788826628000,united-utilities:UUP01944,united-utilities,2026-09-08T00:17:08Z,2026-09-08T00:22:34Z,5,hub,2026-09-17T00:49:00Z,2026-09-17T00:49:00Z,true
united-utilities:UUP01946:1788483120000,united-utilities:UUP01946,united-utilities,2026-09-04T00:52:00Z,2026-09-04T02:52:00Z,120,hub,2026-09-17T00:49:00Z,2026-09-17T00:49:00Z,true
united-utilities:UUP01947:1788820320000,united-utilities:UUP01947,united-utilities,2026-09-07T22:32:00Z,2026-09-07T22:40:00Z,8,hub,2026-09-17T00:49:00Z,2026-09-17T00:49:00Z,true
united-utilities:UUP01949:1788881640000,united-utilities:UUP01949,united-utilities,2026-09-08T15:34:00Z,2026-09-08T15:40:00Z,6,hub,2026-09-17T00:49:00Z,2026-09-17T00:49:00Z,true
united-utilities:UUP01952:1789603682000,united-utilities:UUP01952,united-utilities,2026-09-17T00:08:02Z,2026-09-17T03:21:58Z,194,hub,2026-09-17T00:49:00Z,2026-09-17T00:49:00Z,false
united-utilities:UUP01952:1789615318000,united-utilities:UUP01952,united-utilities,2026-09-17T03:21:58Z,2026-09-17T03:46:31Z,25,hub,2026-09-17T11:32:49Z,2026-09-17T11:32:49Z,true
united-utilities:UUP01952:1789684157000,united-utilities:UUP01952,united-utilities,2026-09-17T22:29:17Z,2026-09-17T22:53:18Z,24,hub,2026-09-17T23:07:57Z,2026-09-17T23:07:57Z,false
united-utilities:UUP01952:1789685598000,united-utilities:UUP01952,united-utilities,2026-09-17T22:53:18Z,2026-09-17T23:10:07Z,17,hub,2026-09-17T23:48:34Z,2026-09-17T23:48:34Z,true
united-utilities:UUP01953:1789551360000,united-utilities:UUP01953,united-utilities,2026-09-16T09:36:00Z,2026-09-16T10:48:00Z,72,hub,2026-09-17T00:49:00Z,2026-09-17T00:49:00Z,true
united-utilities:UUP01953:1789623960000,united-utilities:UUP01953,united-utilities,2026-09-17T05:46:00Z,2026-09-17T06:58:00Z,72,hub,2026-09-17T11:32:49Z,2026-09-17T11:32:49Z,true
united-utilities:UUP01954:1789434120000,united-utilities:UUP01954,united-utilities,2026-09-15T01:02:00Z,2026-09-15T02:12:00Z,70,hub,2026-09-17T00:49:00Z,2026-09-17T00:49:00Z,true
united-utilities:UUP01954:1789610400000,united-utilities:UUP01954,united-utilities,2026-09-17T02:00:00Z,2026-09-17T02:14:00Z,14,hub,2026-09-17T11:32:49Z,2026-09-17T11:32:49Z,true
united-utilities:UUP01954:1789741560000,united-utilities:UUP01954,united-utilities,2026-09-18T14:26:00Z,2026-09-18T15:02:00Z,36,hub,2026-09-18T14:58:06Z,2026-09-18T17:51:51Z,true
united-utilities:UUP01955:1789196475000,united-utilities:UUP01955,united-utilities,2026-09-12T07:01:15Z,2026-09-12T08:11:42Z,70,hub,2026-09-17T00:49:00Z,2026-09-17T00:49:00Z,true
united-utilities:UUP01956:1788831840000,united-utilities:UUP01956,united-utilities,2026-09-08T01:44:00Z,2026-09-08T01:56:00Z,12,hub,2026-09-17T00:49:00Z,2026-09-17T00:49:00Z,true
united-utilities:UUP01956:1789623240000,united-utilities:UUP01956,united-utilities,2026-09-17T05:34:00Z,2026-09-17T05:48:00Z,14,hub,2026-09-17T11:32:49Z,2026-09-17T11:32:49Z,true
united-utilities:UUP01957:1789543440000,united-utilities:UUP01957,united-utilities,2026-09-16T07:24:00Z,2026-09-16T08:00:00Z,36,hub,2026-09-17T00:49:00Z,2026-09-17T00:49:00Z,true
united-utilities:UUP01957:1789625880000,united-utilities:UUP01957,united-utilities,2026-09-17T06:18:00Z,2026-09-17T06:24:00Z,6,hub,2026-09-17T11:32:49Z,2026-09-17T11:32:49Z,true
united-utilities:UUP01958:1788482048000,united-utilities:UUP01958,united-utilities,2026-09-04T00:34:08Z,2026-09-04T05:37:52Z,304,hub,2026-09-17T00:49:00Z,2026-09-17T00:49:00Z,true
united-utilities:UUP01958:1789649605700,united-utilities:UUP01958,united-utilities,2026-09-17T12:53:25Z,2026-09-17T13:26:17Z,33,hub,2026-09-17T15:38:08Z,2026-09-17T15:38:08Z,true
united-utilities:UUP01959:1788485542000,united-utilities:UUP01959,united-utilities,2026-09-04T01:32:22Z,2026-09-04T03:30:24Z,118,hub,2026-09-17T00:49:00Z,2026-09-17T00:49:00Z,true
united-utilities:UUP01960:1788813960000,united-utilities:UUP01960,united-utilities,2026-09-07T20:46:00Z,2026-09-07T21:00:00Z,14,hub,2026-09-17T00:49:00Z,2026-09-17T00:49:00Z,true
united-utilities:UUP01961:1788478440000,united-utilities:UUP01961,united-utilities,2026-09-03T23:34:00Z,2026-09-04T03:24:00Z,230,hub,2026-09-17T00:49:00Z,2026-09-17T00:49:00Z,true
united-utilities:UUP01963:1788485880000,united-utilities:UUP01963,united-utilities,2026-09-04T01:38:00Z,2026-09-04T01:48:00Z,10,hub,2026-09-17T00:49:00Z,2026-09-17T00:49:00Z,true
united-utilities:UUP01964:1789233720000,united-utilities:UUP01964,united-utilities,2026-09-12T17:22:00Z,2026-09-12T18:04:00Z,42,hub,2026-09-17T00:49:00Z,2026-09-17T00:49:00Z,true
united-utilities:UUP01965:1789451040000,united-utilities:UUP01965,united-utilities,2026-09-15T05:44:00Z,2026-09-15T06:14:00Z,30,hub,2026-09-17T00:49:00Z,2026-09-17T00:49:00Z,true
united-utilities:UUP01966:1789509405000,united-utilities:UUP01966,united-utilities,2026-09-15T21:56:45Z,2026-09-15T22:00:30Z,4,hub,2026-09-17T00:49:00Z,2026-09-17T00:49:00Z,true
united-utilities:UUP01966:1789622572000,united-utilities:UUP01966,united-utilities,2026-09-17T05:22:52Z,2026-09-17T05:25:08Z,2,hub,2026-09-17T11:32:49Z,2026-09-17T11:32:49Z,true
united-utilities:UUP01966:1789751640000,united-utilities:UUP01966,united-utilities,2026-09-18T17:14:00Z,2026-09-18T17:16:04Z,2,hub,2026-09-18T17:51:51Z,2026-09-18T17:51:51Z,true
united-utilities:UUP01969:1788469424000,united-utilities:UUP01969,united-utilities,2026-09-03T21:03:44Z,2026-09-04T09:14:45Z,731,hub,2026-09-17T00:49:00Z,2026-09-17T00:49:00Z,true
united-utilities:UUP01970:1789449564000,united-utilities:UUP01970,united-utilities,2026-09-15T05:19:24Z,2026-09-15T05:26:30Z,7,hub,2026-09-17T00:49:00Z,2026-09-17T00:49:00Z,true
united-utilities:UUP01970:1789647410000,united-utilities:UUP01970,united-utilities,2026-09-17T12:16:50Z,2026-09-17T12:18:59Z,2,hub,2026-09-17T13:51:58Z,2026-09-17T13:51:58Z,true
united-utilities:UUP01970:1789747012000,united-utilities:UUP01970,united-utilities,2026-09-18T15:56:52Z,2026-09-18T15:59:57Z,3,hub,2026-09-18T17:51:51Z,2026-09-18T17:51:51Z,true
united-utilities:UUP01971:1789553280000,united-utilities:UUP01971,united-utilities,2026-09-16T10:08:00Z,2026-09-16T11:28:00Z,80,hub,2026-09-17T00:49:00Z,2026-09-17T00:49:00Z,true
united-utilities:UUP01971:1789641960000,united-utilities:UUP01971,united-utilities,2026-09-17T10:46:00Z,2026-09-17T10:54:00Z,8,hub,2026-09-17T11:32:49Z,2026-09-17T11:32:49Z,true
united-utilities:UUP01971:1789754760000,united-utilities:UUP01971,united-utilities,2026-09-18T18:06:00Z,2026-09-18T18:10:00Z,4,hub,2026-09-18T18:42:49Z,2026-09-18T18:42:49Z,true
united-utilities:UUP01971:1789774200000,united-utilities:UUP01971,united-utilities,2026-09-18T23:30:00Z,2026-09-18T23:56:00Z,26,hub,2026-09-19T00:41:02Z,2026-09-19T00:51:12Z,true
united-utilities:UUP01972:1789466880000,united-utilities:UUP01972,united-utilities,2026-09-15T10:08:00Z,2026-09-15T10:18:00Z,10,hub,2026-09-17T00:49:00Z,2026-09-17T00:49:00Z,true
united-utilities:UUP01973:1788487440000,united-utilities:UUP01973,united-utilities,2026-09-04T02:04:00Z,2026-09-04T02:16:00Z,12,hub,2026-09-17T00:49:00Z,2026-09-17T00:49:00Z,true
united-utilities:UUP01974:1788479068000,united-utilities:UUP01974,united-utilities,2026-09-03T23:44:28Z,2026-09-04T08:36:33Z,532,hub,2026-09-17T00:49:00Z,2026-09-17T00:49:00Z,true
united-utilities:UUP01975:1789453732000,united-utilities:UUP01975,united-utilities,2026-09-15T06:28:52Z,2026-09-15T06:54:39Z,26,hub,2026-09-17T00:49:00Z,2026-09-17T00:49:00Z,true
united-utilities:UUP01976:1788817734000,united-utilities:UUP01976,united-utilities,2026-09-07T21:48:54Z,2026-09-07T22:18:00Z,29,hub,2026-09-17T00:49:00Z,2026-09-17T00:49:00Z,true
united-utilities:UUP01980:1788486240000,united-utilities:UUP01980,united-utilities,2026-09-04T01:44:00Z,2026-09-04T02:12:00Z,28,hub,2026-09-17T00:49:00Z,2026-09-17T00:49:00Z,true
united-utilities:UUP01981:1788529882000,united-utilities:UUP01981,united-utilities,2026-09-04T13:51:22Z,2026-09-04T14:32:02Z,41,hub,2026-09-17T00:49:00Z,2026-09-17T00:49:00Z,true
united-utilities:UUP01983:1788488673000,united-utilities:UUP01983,united-utilities,2026-09-04T02:24:33Z,2026-09-04T10:59:05Z,515,hub,2026-09-17T00:49:00Z,2026-09-17T00:49:00Z,true
united-utilities:UUP01985:1788882646000,united-utilities:UUP01985,united-utilities,2026-09-08T15:50:46Z,2026-09-08T16:10:30Z,20,hub,2026-09-17T00:49:00Z,2026-09-17T00:49:00Z,true
united-utilities:UUP01986:1788484950000,united-utilities:UUP01986,united-utilities,2026-09-04T01:22:30Z,2026-09-04T01:26:20Z,4,hub,2026-09-17T00:49:00Z,2026-09-17T00:49:00Z,true
united-utilities:UUP01988:1788932040000,united-utilities:UUP01988,united-utilities,2026-09-09T05:34:00Z,2026-09-09T05:45:00Z,11,hub,2026-09-17T00:49:00Z,2026-09-17T00:49:00Z,true
united-utilities:UUP01993:1788485400000,united-utilities:UUP01993,united-utilities,2026-09-04T01:30:00Z,2026-09-04T02:56:00Z,86,hub,2026-09-17T00:49:00Z,2026-09-17T00:49:00Z,true
united-utilities:UUP01994:1788514689000,united-utilities:UUP01994,united-utilities,2026-09-04T09:38:09Z,2026-09-04T09:42:51Z,5,hub,2026-09-17T00:49:00Z,2026-09-17T00:49:00Z,true
united-utilities:UUP01995:1788882360000,united-utilities:UUP01995,united-utilities,2026-09-08T15:46:00Z,2026-09-08T15:54:00Z,8,hub,2026-09-17T00:49:00Z,2026-09-17T00:49:00Z,true
united-utilities:UUP01997:1789088160000,united-utilities:UUP01997,united-utilities,2026-09-11T00:56:00Z,2026-09-11T01:04:00Z,8,hub,2026-09-17T00:49:00Z,2026-09-17T00:49:00Z,true
united-utilities:UUP01998:1788810240000,united-utilities:UUP01998,united-utilities,2026-09-07T19:44:00Z,2026-09-07T19:48:00Z,4,hub,2026-09-17T00:49:00Z,2026-09-17T00:49:00Z,true
united-utilities:UUP01998:1789616400000,united-utilities:UUP01998,united-utilities,2026-09-17T03:40:00Z,2026-09-17T03:44:00Z,4,hub,2026-09-17T11:32:49Z,2026-09-17T11:32:49Z,true
united-utilities:UUP01998:1789745760000,united-utilities:UUP01998,united-utilities,2026-09-18T15:36:00Z,2026-09-18T15:54:00Z,18,hub,2026-09-18T17:51:51Z,2026-09-18T17:51:51Z,true
united-utilities:UUP02001:1788831960000,united-utilities:UUP02001,united-utilities,2026-09-08T01:46:00Z,2026-09-08T01:52:00Z,6,hub,2026-09-17T00:49:00Z,2026-09-17T00:49:00Z,true
united-utilities:UUP02002:1789448400000,united-utilities:UUP02002,united-utilities,2026-09-15T05:00:00Z,2026-09-15T05:08:00Z,8,hub,2026-09-17T00:49:00Z,2026-09-17T00:49:00Z,true
united-utilities:UUP02003:1789563421000,united-utilities:UUP02003,united-utilities,2026-09-16T12:57:01Z,2026-09-16T13:00:57Z,4,hub,2026-09-17T00:49:00Z,2026-09-17T00:49:00Z,true
united-utilities:UUP02003:1789613296000,united-utilities:UUP02003,united-utilities,2026-09-17T02:48:16Z,2026-09-17T23:20:11Z,1232,hub,2026-09-17T11:32:49Z,2026-09-18T01:08:26Z,true
united-utilities:UUP02003:1789744708000,united-utilities:UUP02003,united-utilities,2026-09-18T15:18:28Z,,,hub,2026-09-18T17:51:51Z,2026-09-18T17:51:51Z,
united-utilities:UUP02007:1788474227000,united-utilities:UUP02007,united-utilities,2026-09-03T22:23:47Z,2026-09-04T02:02:39Z,219,hub,2026-09-17T00:49:00Z,2026-09-17T00:49:00Z,true
united-utilities:UUP02010:1789506842000,united-utilities:UUP02010,united-utilities,2026-09-15T21:14:02Z,2026-09-15T23:44:38Z,151,hub,2026-09-17T00:49:00Z,2026-09-17T00:49:00Z,true
united-utilities:UUP02010:1789637643000,united-utilities:UUP02010,united-utilities,2026-09-17T09:34:03Z,2026-09-17T09:47:15Z,13,hub,2026-09-17T11:32:49Z,2026-09-17T11:32:49Z,true
united-utilities:UUP02010:1789741804300,united-utilities:UUP02010,united-utilities,2026-09-18T14:30:04Z,2026-09-18T21:54:03Z,444,hub,2026-09-18T14:58:06Z,2026-09-18T22:43:41Z,true
united-utilities:UUP02011:1789447083000,united-utilities:UUP02011,united-utilities,2026-09-15T04:38:03Z,2026-09-15T07:06:12Z,148,hub,2026-09-17T00:49:00Z,2026-09-17T00:49:00Z,true
united-utilities:UUP02011:1789622291000,united-utilities:UUP02011,united-utilities,2026-09-17T05:18:11Z,2026-09-17T05:56:08Z,38,hub,2026-09-17T11:32:49Z,2026-09-17T11:32:49Z,true
united-utilities:UUP02011:1789744513000,united-utilities:UUP02011,united-utilities,2026-09-18T15:15:13Z,2026-09-18T17:14:19Z,119,hub,2026-09-18T17:51:51Z,2026-09-18T17:51:51Z,true
united-utilities:UUP02013:1788482520000,united-utilities:UUP02013,united-utilities,2026-09-04T00:42:00Z,2026-09-04T03:50:00Z,188,hub,2026-09-17T00:49:00Z,2026-09-17T00:49:00Z,true
united-utilities:UUP02014:1788834215000,united-utilities:UUP02014,united-utilities,2026-09-08T02:23:35Z,2026-09-08T02:30:31Z,7,hub,2026-09-17T00:49:00Z,2026-09-17T00:49:00Z,true
united-utilities:UUP02016:1788506760000,united-utilities:UUP02016,united-utilities,2026-09-04T07:26:00Z,2026-09-04T08:40:00Z,74,hub,2026-09-17T00:49:00Z,2026-09-17T00:49:00Z,true
united-utilities:UUP02017:1788924971000,united-utilities:UUP02017,united-utilities,2026-09-09T03:36:11Z,2026-09-09T04:38:05Z,62,hub,2026-09-17T00:49:00Z,2026-09-17T00:49:00Z,true
united-utilities:UUP02018:1788816360000,united-utilities:UUP02018,united-utilities,2026-09-07T21:26:00Z,2026-09-07T21:34:00Z,8,hub,2026-09-17T00:49:00Z,2026-09-17T00:49:00Z,true
united-utilities:UUP02019:1789418615000,united-utilities:UUP02019,united-utilities,2026-09-14T20:43:35Z,2026-09-14T20:46:49Z,3,hub,2026-09-17T00:49:00Z,2026-09-17T00:49:00Z,true
united-utilities:UUP02020:1788506108000,united-utilities:UUP02020,united-utilities,2026-09-04T07:15:08Z,2026-09-04T07:39:56Z,25,hub,2026-09-17T00:49:00Z,2026-09-17T00:49:00Z,true
united-utilities:UUP02022:1788481329000,united-utilities:UUP02022,united-utilities,2026-09-04T00:22:09Z,2026-09-04T16:54:33Z,992,hub,2026-09-17T00:49:00Z,2026-09-17T00:49:00Z,true
united-utilities:UUP02022:1789628886000,united-utilities:UUP02022,united-utilities,2026-09-17T07:08:06Z,2026-09-17T09:27:48Z,140,hub,2026-09-17T11:32:49Z,2026-09-17T11:32:49Z,true
united-utilities:UUP02022:1789754464000,united-utilities:UUP02022,united-utilities,2026-09-18T18:01:04Z,2026-09-18T21:02:16Z,181,hub,2026-09-18T18:42:49Z,2026-09-18T22:43:41Z,true
united-utilities:UUP02023:1788486360000,united-utilities:UUP02023,united-utilities,2026-09-04T01:46:00Z,2026-09-04T03:36:00Z,110,hub,2026-09-17T00:49:00Z,2026-09-17T00:49:00Z,true
united-utilities:UUP02025:1789507800000,united-utilities:UUP02025,united-utilities,2026-09-15T21:30:00Z,2026-09-15T21:46:00Z,16,hub,2026-09-17T00:49:00Z,2026-09-17T00:49:00Z,true
united-utilities:UUP02027:1788484080000,united-utilities:UUP02027,united-utilities,2026-09-04T01:08:00Z,2026-09-04T03:02:00Z,114,hub,2026-09-17T00:49:00Z,2026-09-17T00:49:00Z,true
united-utilities:UUP02029:1788488709000,united-utilities:UUP02029,united-utilities,2026-09-04T02:25:09Z,2026-09-04T10:01:01Z,456,hub,2026-09-17T00:49:00Z,2026-09-17T00:49:00Z,true
united-utilities:UUP02029:1789755808000,united-utilities:UUP02029,united-utilities,2026-09-18T18:23:28Z,2026-09-18T19:03:57Z,40,hub,2026-09-18T20:21:27Z,2026-09-18T20:21:27Z,true
united-utilities:UUP02031:1789419480000,united-utilities:UUP02031,united-utilities,2026-09-14T20:58:00Z,2026-09-14T21:28:00Z,30,hub,2026-09-17T00:49:00Z,2026-09-17T00:49:00Z,true
united-utilities:UUP02033:1789469640000,united-utilities:UUP02033,united-utilities,2026-09-15T10:54:00Z,2026-09-15T11:14:00Z,20,hub,2026-09-17T00:49:00Z,2026-09-17T00:49:00Z,true
united-utilities:UUP02033:1789616880000,united-utilities:UUP02033,united-utilities,2026-09-17T03:48:00Z,2026-09-17T04:10:00Z,22,hub,2026-09-17T11:32:49Z,2026-09-17T11:32:49Z,true
united-utilities:UUP02033:1789745160000,united-utilities:UUP02033,united-utilities,2026-09-18T15:26:00Z,2026-09-18T15:42:00Z,16,hub,2026-09-18T17:51:51Z,2026-09-18T17:51:51Z,true
united-utilities:UUP02034:1788474164000,united-utilities:UUP02034,united-utilities,2026-09-03T22:22:44Z,2026-09-04T09:29:37Z,667,hub,2026-09-17T00:49:00Z,2026-09-17T00:49:00Z,true
united-utilities:UUP02035:1789509240000,united-utilities:UUP02035,united-utilities,2026-09-15T21:54:00Z,2026-09-15T22:10:00Z,16,hub,2026-09-17T00:49:00Z,2026-09-17T00:49:00Z,true
united-utilities:UUP02036:1788484800000,united-utilities:UUP02036,united-utilities,2026-09-04T01:20:00Z,2026-09-04T02:14:00Z,54,hub,2026-09-17T00:49:00Z,2026-09-17T00:49:00Z,true
united-utilities:UUP02038:1788486360000,united-utilities:UUP02038,united-utilities,2026-09-04T01:46:00Z,2026-09-04T01:54:00Z,8,hub,2026-09-17T00:49:00Z,2026-09-17T00:49:00Z,true
united-utilities:UUP02038:1789623720000,united-utilities:UUP02038,united-utilities,2026-09-17T05:42:00Z,2026-09-17T05:58:00Z,16,hub,2026-09-17T11:32:49Z,2026-09-17T11:32:49Z,true
united-utilities:UUP02041:1788482880000,united-utilities:UUP02041,united-utilities,2026-09-04T00:48:00Z,2026-09-04T03:00:00Z,132,hub,2026-09-17T00:49:00Z,2026-09-17T00:49:00Z,true
united-utilities:UUP02044:1788882600000,united-utilities:UUP02044,united-utilities,2026-09-08T15:50:00Z,2026-09-08T15:54:00Z,4,hub,2026-09-17T00:49:00Z,2026-09-17T00:49:00Z,true
united-utilities:UUP02044:1789621920000,united-utilities:UUP02044,united-utilities,2026-09-17T05:12:00Z,2026-09-17T05:16:00Z,4,hub,2026-09-17T11:32:49Z,2026-09-17T11:32:49Z,true
united-utilities:UUP02044:1789747080000,united-utilities:UUP02044,united-utilities,2026-09-18T15:58:00Z,2026-09-18T16:14:00Z,16,hub,2026-09-18T17:51:51Z,2026-09-18T17:51:51Z,true
united-utilities:UUP02045:1788819960000,united-utilities:UUP02045,united-utilities,2026-09-07T22:26:00Z,2026-09-07T22:44:00Z,18,hub,2026-09-17T00:49:00Z,2026-09-17T00:49:00Z,true
united-utilities:UUP02046:1789507560000,united-utilities:UUP02046,united-utilities,2026-09-15T21:26:00Z,2026-09-15T21:36:00Z,10,hub,2026-09-17T00:49:00Z,2026-09-17T00:49:00Z,true
united-utilities:UUP02047:1788485040000,united-utilities:UUP02047,united-utilities,2026-09-04T01:24:00Z,2026-09-04T01:50:00Z,26,hub,2026-09-17T00:49:00Z,2026-09-17T00:49:00Z,true
united-utilities:UUP02049:1788881640000,united-utilities:UUP02049,united-utilities,2026-09-08T15:34:00Z,2026-09-08T16:06:00Z,32,hub,2026-09-17T00:49:00Z,2026-09-17T00:49:00Z,true
united-utilities:UUP02049:1789620720000,united-utilities:UUP02049,united-utilities,2026-09-17T04:52:00Z,2026-09-17T04:56:00Z,4,hub,2026-09-17T11:32:49Z,2026-09-17T11:32:49Z,true
united-utilities:UUP02049:1789747200000,united-utilities:UUP02049,united-utilities,2026-09-18T16:00:00Z,2026-09-18T16:10:00Z,10,hub,2026-09-18T17:51:51Z,2026-09-18T17:51:51Z,true
united-utilities:UUP02052:1788486960000,united-utilities:UUP02052,united-utilities,2026-09-04T01:56:00Z,2026-09-04T02:08:00Z,12,hub,2026-09-17T00:49:00Z,2026-09-17T00:49:00Z,true
united-utilities:UUP02053:1788819960000,united-utilities:UUP02053,united-utilities,2026-09-07T22:26:00Z,2026-09-07T22:48:00Z,22,hub,2026-09-17T00:49:00Z,2026-09-17T00:49:00Z,true
united-utilities:UUP02057:1788484440000,united-utilities:UUP02057,united-utilities,2026-09-04T01:14:00Z,2026-09-04T03:14:00Z,120,hub,2026-09-17T00:49:00Z,2026-09-17T00:49:00Z,true
united-utilities:UUP02059:1789242960000,united-utilities:UUP02059,united-utilities,2026-09-12T19:56:00Z,2026-09-12T20:04:00Z,8,hub,2026-09-17T00:49:00Z,2026-09-17T00:49:00Z,true
united-utilities:UUP02061:1789451040000,united-utilities:UUP02061,united-utilities,2026-09-15T05:44:00Z,2026-09-15T06:02:00Z,18,hub,2026-09-17T00:49:00Z,2026-09-17T00:49:00Z,true
united-utilities:UUP02064:1789508880000,united-utilities:UUP02064,united-utilities,2026-09-15T21:48:00Z,2026-09-15T22:16:00Z,28,hub,2026-09-17T00:49:00Z,2026-09-17T00:49:00Z,true
united-utilities:UUP02065:1789195124000,united-utilities:UUP02065,united-utilities,2026-09-12T06:38:44Z,2026-09-12T06:46:48Z,8,hub,2026-09-17T00:49:00Z,2026-09-17T00:49:00Z,true
united-utilities:UUP02065:1789742936900,united-utilities:UUP02065,united-utilities,2026-09-18T14:48:56Z,,,hub,2026-09-18T15:18:24Z,2026-09-18T15:18:24Z,
united-utilities:UUP02066:1788473837000,united-utilities:UUP02066,united-utilities,2026-09-03T22:17:17Z,2026-09-04T02:14:51Z,238,hub,2026-09-17T00:49:00Z,2026-09-17T00:49:00Z,true
united-utilities:UUP02066:1789743830000,united-utilities:UUP02066,united-utilities,2026-09-18T15:03:50Z,2026-09-18T16:02:57Z,59,hub,2026-09-18T17:51:51Z,2026-09-18T17:51:51Z,true
united-utilities:UUP02067:1788481920000,united-utilities:UUP02067,united-utilities,2026-09-04T00:32:00Z,2026-09-04T02:22:00Z,110,hub,2026-09-17T00:49:00Z,2026-09-17T00:49:00Z,true
united-utilities:UUP02068:1788325200000,united-utilities:UUP02068,united-utilities,2026-09-02T05:00:00Z,2026-09-02T05:02:00Z,2,hub,2026-09-17T00:49:00Z,2026-09-17T00:49:00Z,true
united-utilities:UUP02070:1788832353000,united-utilities:UUP02070,united-utilities,2026-09-08T01:52:33Z,2026-09-08T01:57:59Z,5,hub,2026-09-17T00:49:00Z,2026-09-17T00:49:00Z,true
united-utilities:UUP02070:1789624247000,united-utilities:UUP02070,united-utilities,2026-09-17T05:50:47Z,2026-09-17T06:18:33Z,28,hub,2026-09-17T11:32:49Z,2026-09-17T11:32:49Z,true
united-utilities:UUP02072:1789537680000,united-utilities:UUP02072,united-utilities,2026-09-16T05:48:00Z,2026-09-16T06:14:00Z,26,hub,2026-09-17T00:49:00Z,2026-09-17T00:49:00Z,true
united-utilities:UUP02073:1789471320000,united-utilities:UUP02073,united-utilities,2026-09-15T11:22:00Z,2026-09-15T11:26:00Z,4,hub,2026-09-17T00:49:00Z,2026-09-17T00:49:00Z,true
united-utilities:UUP02073:1789618200000,united-utilities:UUP02073,united-utilities,2026-09-17T04:10:00Z,2026-09-17T04:30:00Z,20,hub,2026-09-17T11:32:49Z,2026-09-17T11:32:49Z,true
united-utilities:UUP02074:1789537200000,united-utilities:UUP02074,united-utilities,2026-09-16T05:40:00Z,2026-09-16T06:14:00Z,34,hub,2026-09-17T00:49:00Z,2026-09-17T00:49:00Z,true
united-utilities:UUP02075:1789217256000,united-utilities:UUP02075,united-utilities,2026-09-12T12:47:36Z,2026-09-12T12:51:04Z,3,hub,2026-09-17T00:49:00Z,2026-09-17T00:49:00Z,true
united-utilities:UUP02075:1789626645000,united-utilities:UUP02075,united-utilities,2026-09-17T06:30:45Z,2026-09-17T06:39:02Z,8,hub,2026-09-17T11:32:49Z,2026-09-17T11:32:49Z,true
united-utilities:UUP02075:1789746169000,united-utilities:UUP02075,united-utilities,2026-09-18T15:42:49Z,2026-09-18T22:16:49Z,394,hub,2026-09-18T17:51:51Z,2026-09-18T17:51:51Z,false
united-utilities:UUP02075:1789769809000,united-utilities:UUP02075,united-utilities,2026-09-18T22:16:49Z,2026-09-18T22:22:38Z,6,hub,2026-09-18T23:04:03Z,2026-09-18T23:04:03Z,true
united-utilities:UUP02076:1788481800000,united-utilities:UUP02076,united-utilities,2026-09-04T00:30:00Z,2026-09-04T01:46:00Z,76,hub,2026-09-17T00:49:00Z,2026-09-17T00:49:00Z,true
united-utilities:UUP02076:1789619880000,united-utilities:UUP02076,united-utilities,2026-09-17T04:38:00Z,2026-09-17T04:42:00Z,4,hub,2026-09-17T11:32:49Z,2026-09-17T11:32:49Z,true
united-utilities:UUP02077:1788511290000,united-utilities:UUP02077,united-utilities,2026-09-04T08:41:30Z,2026-09-04T09:16:32Z,35,hub,2026-09-17T00:49:00Z,2026-09-17T00:49:00Z,true
united-utilities:UUP02078:1788814320000,united-utilities:UUP02078,united-utilities,2026-09-07T20:52:00Z,2026-09-07T21:10:00Z,18,hub,2026-09-17T00:49:00Z,2026-09-17T00:49:00Z,true
united-utilities:UUP02078:1789618200000,united-utilities:UUP02078,united-utilities,2026-09-17T04:10:00Z,2026-09-17T04:24:00Z,14,hub,2026-09-17T11:32:49Z,2026-09-17T11:32:49Z,true
united-utilities:UUP02081:1789201615000,united-utilities:UUP02081,united-utilities,2026-09-12T08:26:55Z,2026-09-12T08:51:51Z,25,hub,2026-09-17T00:49:00Z,2026-09-17T00:49:00Z,true
united-utilities:UUP02082:1788488280000,united-utilities:UUP02082,united-utilities,2026-09-04T02:18:00Z,2026-09-04T02:46:00Z,28,hub,2026-09-17T00:49:00Z,2026-09-17T00:49:00Z,true
united-utilities:UUP02084:1789508520000,united-utilities:UUP02084,united-utilities,2026-09-15T21:42:00Z,2026-09-15T22:56:00Z,74,hub,2026-09-17T00:49:00Z,2026-09-17T00:49:00Z,true
united-utilities:UUP02084:1789746960000,united-utilities:UUP02084,united-utilities,2026-09-18T15:56:00Z,2026-09-18T17:20:00Z,84,hub,2026-09-18T17:51:51Z,2026-09-18T18:02:06Z,true
united-utilities:UUP02085:1789534814000,united-utilities:UUP02085,united-utilities,2026-09-16T05:00:14Z,2026-09-16T10:11:39Z,311,hub,2026-09-17T00:49:00Z,2026-09-17T00:49:00Z,true
united-utilities:UUP02085:1789617118000,united-utilities:UUP02085,united-utilities,2026-09-17T03:51:58Z,2026-09-17T07:26:38Z,215,hub,2026-09-17T11:32:49Z,2026-09-17T11:32:49Z,true
united-utilities:UUP02085:1789750045000,united-utilities:UUP02085,united-utilities,2026-09-18T16:47:25Z,2026-09-18T21:03:32Z,256,hub,2026-09-18T17:51:51Z,2026-09-18T22:43:41Z,true
united-utilities:UUP02085:1789774956000,united-utilities:UUP02085,united-utilities,2026-09-18T23:42:36Z,,,hub,2026-09-19T00:41:02Z,2026-09-19T00:41:02Z,
united-utilities:UUP02086:1789534560000,united-utilities:UUP02086,united-utilities,2026-09-16T04:56:00Z,2026-09-16T05:46:00Z,50,hub,2026-09-17T00:49:00Z,2026-09-17T00:49:00Z,true
united-utilities:UUP02088:1788483480000,united-utilities:UUP02088,united-utilities,2026-09-04T00:58:00Z,2026-09-04T02:56:00Z,118,hub,2026-09-17T00:49:00Z,2026-09-17T00:49:00Z,true
united-utilities:UUP02089:1789468680000,united-utilities:UUP02089,united-utilities,2026-09-15T10:38:00Z,2026-09-15T10:56:00Z,18,hub,2026-09-17T00:49:00Z,2026-09-17T00:49:00Z,true
united-utilities:UUP02089:1789617000000,united-utilities:UUP02089,united-utilities,2026-09-17T03:50:00Z,2026-09-17T04:22:00Z,32,hub,2026-09-17T11:32:49Z,2026-09-17T11:32:49Z,true
united-utilities:UUP02089:1789745880000,united-utilities:UUP02089,united-utilities,2026-09-18T15:38:00Z,2026-09-18T15:56:00Z,18,hub,2026-09-18T17:51:51Z,2026-09-18T17:51:51Z,true
united-utilities:UUP02089:1789754400000,united-utilities:UUP02089,united-utilities,2026-09-18T18:00:00Z,2026-09-18T18:04:00Z,4,hub,2026-09-18T18:42:49Z,2026-09-18T20:21:27Z,true
united-utilities:UUP02090:1789550374000,united-utilities:UUP02090,united-utilities,2026-09-16T09:19:34Z,2026-09-16T09:29:08Z,10,hub,2026-09-17T00:49:00Z,2026-09-17T00:49:00Z,true
united-utilities:UUP02092:1789444560000,united-utilities:UUP02092,united-utilities,2026-09-15T03:56:00Z,2026-09-15T04:48:00Z,52,hub,2026-09-17T00:49:00Z,2026-09-17T00:49:00Z,true
united-utilities:UUP02094:1789449720000,united-utilities:UUP02094,united-utilities,2026-09-15T05:22:00Z,2026-09-15T05:48:00Z,26,hub,2026-09-17T00:49:00Z,2026-09-17T00:49:00Z,true
united-utilities:UUP02094:1789621200000,united-utilities:UUP02094,united-utilities,2026-09-17T05:00:00Z,2026-09-17T05:14:00Z,14,hub,2026-09-17T11:32:49Z,2026-09-17T11:32:49Z,true
united-utilities:UUP02095:1788484320000,united-utilities:UUP02095,united-utilities,2026-09-04T01:12:00Z,2026-09-04T01:58:00Z,46,hub,2026-09-17T00:49:00Z,2026-09-17T00:49:00Z,true
united-utilities:UUP02095:1789622640000,united-utilities:UUP02095,united-utilities,2026-09-17T05:24:00Z,2026-09-17T05:32:00Z,8,hub,2026-09-17T11:32:49Z,2026-09-17T11:32:49Z,true
united-utilities:UUP02099:1789526040000,united-utilities:UUP02099,united-utilities,2026-09-16T02:34:00Z,2026-09-16T02:38:00Z,4,hub,2026-09-17T00:49:00Z,2026-09-17T00:49:00Z,true
united-utilities:UUP02099:1789616640000,united-utilities:UUP02099,united-utilities,2026-09-17T03:44:00Z,2026-09-17T03:48:00Z,4,hub,2026-09-17T11:32:49Z,2026-09-17T11:32:49Z,true
united-utilities:UUP02103:1789231537000,united-utilities:UUP02103,united-utilities,2026-09-12T16:45:37Z,2026-09-12T18:05:01Z,79,hub,2026-09-17T00:49:00Z,2026-09-17T00:49:00Z,true
united-utilities:UUP02103:1789624581000,united-utilities:UUP02103,united-utilities,2026-09-17T05:56:21Z,2026-09-17T12:30:17Z,394,hub,2026-09-17T11:32:49Z,2026-09-17T11:32:49Z,false
united-utilities:UUP02103:1789648217000,united-utilities:UUP02103,united-utilities,2026-09-17T12:30:17Z,2026-09-17T13:53:32Z,83,hub,2026-09-17T13:51:58Z,2026-09-17T15:38:08Z,true
united-utilities:UUP02103:1789658457000,united-utilities:UUP02103,united-utilities,2026-09-17T15:20:57Z,2026-09-17T16:23:30Z,63,hub,2026-09-17T19:14:51Z,2026-09-17T19:14:51Z,true
united-utilities:UUP02103:1789750387000,united-utilities:UUP02103,united-utilities,2026-09-18T16:53:07Z,,,hub,2026-09-18T17:51:51Z,2026-09-18T17:51:51Z,
united-utilities:UUP02105:1789085400000,united-utilities:UUP02105,united-utilities,2026-09-11T00:10:00Z,2026-09-11T00:30:00Z,20,hub,2026-09-17T00:49:00Z,2026-09-17T00:49:00Z,true
united-utilities:UUP02105:1789621320000,united-utilities:UUP02105,united-utilities,2026-09-17T05:02:00Z,2026-09-17T05:16:00Z,14,hub,2026-09-17T11:32:49Z,2026-09-17T11:32:49Z,true
united-utilities:UUP02105:1789748640000,united-utilities:UUP02105,united-utilities,2026-09-18T16:24:00Z,2026-09-18T16:46:00Z,22,hub,2026-09-18T17:51:51Z,2026-09-18T17:51:51Z,true
united-utilities:UUP02107:1789555560000,united-utilities:UUP02107,united-utilities,2026-09-16T10:46:00Z,2026-09-16T13:16:00Z,150,hub,2026-09-17T00:49:00Z,2026-09-17T00:49:00Z,true
united-utilities:UUP02107:1789623000000,united-utilities:UUP02107,united-utilities,2026-09-17T05:30:00Z,2026-09-17T07:00:00Z,90,hub,2026-09-17T11:32:49Z,2026-09-17T11:32:49Z,true
united-utilities:UUP02108:1788507892000,united-utilities:UUP02108,united-utilities,2026-09-04T07:44:52Z,2026-09-04T08:15:10Z,30,hub,2026-09-17T00:49:00Z,2026-09-17T00:49:00Z,true
united-utilities:UUP02110:1789123981000,united-utilities:UUP02110,united-utilities,2026-09-11T10:53:01Z,2026-09-11T11:26:53Z,34,hub,2026-09-17T00:49:00Z,2026-09-17T00:49:00Z,true
united-utilities:UUP02112:1789416360000,united-utilities:UUP02112,united-utilities,2026-09-14T20:06:00Z,2026-09-14T20:26:00Z,20,hub,2026-09-17T00:49:00Z,2026-09-17T00:49:00Z,true
united-utilities:UUP02114:1789524000000,united-utilities:UUP02114,united-utilities,2026-09-16T02:00:00Z,2026-09-16T02:14:00Z,14,hub,2026-09-17T00:49:00Z,2026-09-17T00:49:00Z,true
united-utilities:UUP02117:1789195316000,united-utilities:UUP02117,united-utilities,2026-09-12T06:41:56Z,2026-09-12T08:39:48Z,118,hub,2026-09-17T00:49:00Z,2026-09-17T00:49:00Z,true
united-utilities:UUP02118:1788820530000,united-utilities:UUP02118,united-utilities,2026-09-07T22:35:30Z,2026-09-07T22:50:01Z,15,hub,2026-09-17T00:49:00Z,2026-09-17T00:49:00Z,true
united-utilities:UUP02119:1788823080000,united-utilities:UUP02119,united-utilities,2026-09-07T23:18:00Z,2026-09-07T23:28:00Z,10,hub,2026-09-17T00:49:00Z,2026-09-17T00:49:00Z,true
united-utilities:UUP02120:1789556400000,united-utilities:UUP02120,united-utilities,2026-09-16T11:00:00Z,2026-09-16T11:08:00Z,8,hub,2026-09-17T00:49:00Z,2026-09-17T00:49:00Z,true
united-utilities:UUP02120:1789615680000,united-utilities:UUP02120,united-utilities,2026-09-17T03:28:00Z,2026-09-17T04:44:00Z,76,hub,2026-09-17T11:32:49Z,2026-09-17T11:32:49Z,true
united-utilities:UUP02120:1789751880000,united-utilities:UUP02120,united-utilities,2026-09-18T17:18:00Z,2026-09-18T18:04:00Z,46,hub,2026-09-18T18:02:06Z,2026-09-18T20:21:27Z,true
united-utilities:UUP02121:1788482779000,united-utilities:UUP02121,united-utilities,2026-09-04T00:46:19Z,2026-09-04T02:41:22Z,115,hub,2026-09-17T00:49:00Z,2026-09-17T00:49:00Z,true
united-utilities:UUP02122:1788815640000,united-utilities:UUP02122,united-utilities,2026-09-07T21:14:00Z,2026-09-07T23:26:00Z,132,hub,2026-09-17T00:49:00Z,2026-09-17T00:49:00Z,true
united-utilities:UUP02122:1789748400000,united-utilities:UUP02122,united-utilities,2026-09-18T16:20:00Z,2026-09-18T19:06:00Z,166,hub,2026-09-18T17:51:51Z,2026-09-18T20:21:27Z,true
united-utilities:UUP02122:1789774680000,united-utilities:UUP02122,united-utilities,2026-09-18T23:38:00Z,2026-09-18T23:56:00Z,18,hub,2026-09-19T00:41:02Z,2026-09-19T00:51:12Z,true
united-utilities:UUP02125:1789570080000,united-utilities:UUP02125,united-utilities,2026-09-16T14:48:00Z,2026-09-16T15:02:00Z,14,hub,2026-09-17T00:49:00Z,2026-09-17T00:49:00Z,true
united-utilities:UUP02125:1789620676000,united-utilities:UUP02125,united-utilities,2026-09-17T04:51:16Z,2026-09-17T16:04:00Z,673,hub,2026-09-17T11:32:49Z,2026-09-17T19:14:51Z,true
united-utilities:UUP02125:1789751476000,united-utilities:UUP02125,united-utilities,2026-09-18T17:11:16Z,,,hub,2026-09-18T17:51:51Z,2026-09-18T17:51:51Z,
united-utilities:UUP02127:1789550520000,united-utilities:UUP02127,united-utilities,2026-09-16T09:22:00Z,2026-09-16T09:38:00Z,16,hub,2026-09-17T00:49:00Z,2026-09-17T00:49:00Z,true
united-utilities:UUP02127:1789614120000,united-utilities:UUP02127,united-utilities,2026-09-17T03:02:00Z,2026-09-17T03:28:00Z,26,hub,2026-09-17T11:32:49Z,2026-09-17T11:32:49Z,true
united-utilities:UUP02128:1789468680000,united-utilities:UUP02128,united-utilities,2026-09-15T10:38:00Z,2026-09-15T10:52:00Z,14,hub,2026-09-17T00:49:00Z,2026-09-17T00:49:00Z,true
united-utilities:UUP02128:1789617960000,united-utilities:UUP02128,united-utilities,2026-09-17T04:06:00Z,2026-09-17T04:22:00Z,16,hub,2026-09-17T11:32:49Z,2026-09-17T11:32:49Z,true
united-utilities:UUP02128:1789745280000,united-utilities:UUP02128,united-utilities,2026-09-18T15:28:00Z,2026-09-18T16:02:00Z,34,hub,2026-09-18T17:51:51Z,2026-09-18T17:51:51Z,true
united-utilities:UUP02130:1788816686000,united-utilities:UUP02130,united-utilities,2026-09-07T21:31:26Z,2026-09-07T21:58:33Z,27,hub,2026-09-17T00:49:00Z,2026-09-17T00:49:00Z,true
united-utilities:UUP02131:1788488024000,united-utilities:UUP02131,united-utilities,2026-09-04T02:13:44Z,2026-09-04T07:41:29Z,328,hub,2026-09-17T00:49:00Z,2026-09-17T00:49:00Z,true
united-utilities:UUP02132:1789435680000,united-utilities:UUP02132,united-utilities,2026-09-15T01:28:00Z,2026-09-15T05:52:00Z,264,hub,2026-09-17T00:49:00Z,2026-09-17T00:49:00Z,true
united-utilities:UUP02137:1788485678000,united-utilities:UUP02137,united-utilities,2026-09-04T01:34:38Z,2026-09-04T10:13:01Z,518,hub,2026-09-17T00:49:00Z,2026-09-17T00:49:00Z,true
united-utilities:UUP02137:1789629870000,united-utilities:UUP02137,united-utilities,2026-09-17T07:24:30Z,2026-09-17T08:05:08Z,41,hub,2026-09-17T11:32:49Z,2026-09-17T11:32:49Z,true
united-utilities:UUP02138:1789245342000,united-utilities:UUP02138,united-utilities,2026-09-12T20:35:42Z,2026-09-12T21:15:47Z,40,hub,2026-09-17T00:49:00Z,2026-09-17T00:49:00Z,true
united-utilities:UUP02138:1789624394000,united-utilities:UUP02138,united-utilities,2026-09-17T05:53:14Z,2026-09-17T07:20:44Z,88,hub,2026-09-17T11:32:49Z,2026-09-17T11:32:49Z,true
united-utilities:UUP02139:1789449720000,united-utilities:UUP02139,united-utilities,2026-09-15T05:22:00Z,2026-09-15T06:16:00Z,54,hub,2026-09-17T00:49:00Z,2026-09-17T00:49:00Z,true
united-utilities:UUP02139:1789618440000,united-utilities:UUP02139,united-utilities,2026-09-17T04:14:00Z,2026-09-17T04:44:00Z,30,hub,2026-09-17T11:32:49Z,2026-09-17T11:32:49Z,true
united-utilities:UUP02139:1789749960000,united-utilities:UUP02139,united-utilities,2026-09-18T16:46:00Z,2026-09-18T19:24:00Z,158,hub,2026-09-18T17:51:51Z,2026-09-18T20:21:27Z,true
united-utilities:UUP02139:1789774800000,united-utilities:UUP02139,united-utilities,2026-09-18T23:40:00Z,2026-09-19T00:06:00Z,26,hub,2026-09-19T00:41:02Z,2026-09-19T00:51:12Z,true
united-utilities:UUP02140:1788484481000,united-utilities:UUP02140,united-utilities,2026-09-04T01:14:41Z,2026-09-04T01:34:48Z,20,hub,2026-09-17T00:49:00Z,2026-09-17T00:49:00Z,true
united-utilities:UUP02145:1789510680000,united-utilities:UUP02145,united-utilities,2026-09-15T22:18:00Z,2026-09-15T22:28:00Z,10,hub,2026-09-17T00:49:00Z,2026-09-17T00:49:00Z,true
united-utilities:UUP02147:1788484335000,united-utilities:UUP02147,united-utilities,2026-09-04T01:12:15Z,2026-09-04T02:31:15Z,79,hub,2026-09-17T00:49:00Z,2026-09-17T00:49:00Z,true
united-utilities:UUP02150:1789191326000,united-utilities:UUP02150,united-utilities,2026-09-12T05:35:26Z,2026-09-12T05:57:17Z,22,hub,2026-09-17T00:49:00Z,2026-09-17T00:49:00Z,true
united-utilities:UUP02151:1788507240000,united-utilities:UUP02151,united-utilities,2026-09-04T07:34:00Z,2026-09-04T08:34:00Z,60,hub,2026-09-17T00:49:00Z,2026-09-17T00:49:00Z,true
united-utilities:UUP02152:1788807480000,united-utilities:UUP02152,united-utilities,2026-09-07T18:58:00Z,2026-09-07T19:38:00Z,40,hub,2026-09-17T00:49:00Z,2026-09-17T00:49:00Z,true
united-utilities:UUP02153:1788483840000,united-utilities:UUP02153,united-utilities,2026-09-04T01:04:00Z,2026-09-04T03:02:00Z,118,hub,2026-09-17T00:49:00Z,2026-09-17T00:49:00Z,true
united-utilities:UUP02154:1788566049000,united-utilities:UUP02154,united-utilities,2026-09-04T23:54:09Z,2026-09-05T00:45:18Z,51,hub,2026-09-17T00:49:00Z,2026-09-17T00:49:00Z,true
united-utilities:UUP02155:1789554840000,united-utilities:UUP02155,united-utilities,2026-09-16T10:34:00Z,2026-09-16T10:48:00Z,14,hub,2026-09-17T00:49:00Z,2026-09-17T00:49:00Z,true
united-utilities:UUP02155:1789620240000,united-utilities:UUP02155,united-utilities,2026-09-17T04:44:00Z,2026-09-17T04:48:00Z,4,hub,2026-09-17T11:32:49Z,2026-09-17T11:32:49Z,true
united-utilities:UUP02155:1789754400000,united-utilities:UUP02155,united-utilities,2026-09-18T18:00:00Z,2026-09-18T18:14:00Z,14,hub,2026-09-18T18:42:49Z,2026-09-18T18:42:49Z,true
united-utilities:UUP02156:1789449240000,united-utilities:UUP02156,united-utilities,2026-09-15T05:14:00Z,2026-09-15T05:44:00Z,30,hub,2026-09-17T00:49:00Z,2026-09-17T00:49:00Z,true
united-utilities:UUP02156:1789617240000,united-utilities:UUP02156,united-utilities,2026-09-17T03:54:00Z,2026-09-17T04:52:00Z,58,hub,2026-09-17T11:32:49Z,2026-09-17T11:32:49Z,true
united-utilities:UUP02158:1789618500000,united-utilities:UUP02158,united-utilities,2026-09-17T04:15:00Z,2026-09-17T13:45:00Z,570,hub,2026-09-17T11:32:49Z,2026-09-17T15:38:08Z,true
united-utilities:UUP02158:1789667100000,united-utilities:UUP02158,united-utilities,2026-09-17T17:45:00Z,2026-09-17T22:15:00Z,270,hub,2026-09-17T19:14:51Z,2026-09-17T23:07:57Z,true
united-utilities:UUP02160:1789212360000,united-utilities:UUP02160,united-utilities,2026-09-12T11:26:00Z,2026-09-12T11:44:00Z,18,hub,2026-09-17T00:49:00Z,2026-09-17T00:49:00Z,true
united-utilities:UUP02161:1789450680000,united-utilities:UUP02161,united-utilities,2026-09-15T05:38:00Z,2026-09-15T06:16:00Z,38,hub,2026-09-17T00:49:00Z,2026-09-17T00:49:00Z,true
united-utilities:UUP02161:1789618320000,united-utilities:UUP02161,united-utilities,2026-09-17T04:12:00Z,2026-09-17T04:50:00Z,38,hub,2026-09-17T11:32:49Z,2026-09-17T11:32:49Z,true
united-utilities:UUP02161:1789746720000,united-utilities:UUP02161,united-utilities,2026-09-18T15:52:00Z,2026-09-18T16:58:00Z,66,hub,2026-09-18T17:51:51Z,2026-09-18T17:51:51Z,true
united-utilities:UUP02161:1789751640000,united-utilities:UUP02161,united-utilities,2026-09-18T17:14:00Z,2026-09-18T18:26:00Z,72,hub,2026-09-18T18:02:06Z,2026-09-18T18:02:06Z,false
united-utilities:UUP02161:1789755960000,united-utilities:UUP02161,united-utilities,2026-09-18T18:26:00Z,2026-09-18T18:42:00Z,16,hub,2026-09-18T20:21:27Z,2026-09-18T20:21:27Z,true
united-utilities:UUP02163:1789447800000,united-utilities:UUP02163,united-utilities,2026-09-15T04:50:00Z,2026-09-15T05:32:00Z,42,hub,2026-09-17T00:49:00Z,2026-09-17T00:49:00Z,true
united-utilities:UUP02163:1789746120000,united-utilities:UUP02163,united-utilities,2026-09-18T15:42:00Z,2026-09-18T15:58:00Z,16,hub,2026-09-18T17:51:51Z,2026-09-18T17:51:51Z,true
united-utilities:UUP02164:1788882480000,united-utilities:UUP02164,united-utilities,2026-09-08T15:48:00Z,2026-09-08T16:00:00Z,12,hub,2026-09-17T00:49:00Z,2026-09-17T00:49:00Z,true
united-utilities:UUP02166:1788484320000,united-utilities:UUP02166,united-utilities,2026-09-04T01:12:00Z,2026-09-04T03:08:00Z,116,hub,2026-09-17T00:49:00Z,2026-09-17T00:49:00Z,true
united-utilities:UUP02167:1789555080000,united-utilities:UUP02167,united-utilities,2026-09-16T10:38:00Z,2026-09-16T11:30:00Z,52,hub,2026-09-17T00:49:00Z,2026-09-17T00:49:00Z,true
united-utilities:UUP02167:1789622160000,united-utilities:UUP02167,united-utilities,2026-09-17T05:16:00Z,2026-09-17T06:14:00Z,58,hub,2026-09-17T11:32:49Z,2026-09-17T11:32:49Z,true
united-utilities:UUP02169:1788487560000,united-utilities:UUP02169,united-utilities,2026-09-04T02:06:00Z,2026-09-04T02:48:00Z,42,hub,2026-09-17T00:49:00Z,2026-09-17T00:49:00Z,true
united-utilities:UUP02171:1789554600000,united-utilities:UUP02171,united-utilities,2026-09-16T10:30:00Z,2026-09-16T10:56:00Z,26,hub,2026-09-17T00:49:00Z,2026-09-17T00:49:00Z,true
united-utilities:UUP02172:1789555560000,united-utilities:UUP02172,united-utilities,2026-09-16T10:46:00Z,2026-09-16T11:50:00Z,64,hub,2026-09-17T00:49:00Z,2026-09-17T00:49:00Z,true
united-utilities:UUP02172:1789624680000,united-utilities:UUP02172,united-utilities,2026-09-17T05:58:00Z,2026-09-17T06:20:00Z,22,hub,2026-09-17T11:32:49Z,2026-09-17T11:32:49Z,true
united-utilities:UUP02173:1788485040000,united-utilities:UUP02173,united-utilities,2026-09-04T01:24:00Z,2026-09-04T01:46:00Z,22,hub,2026-09-17T00:49:00Z,2026-09-17T00:49:00Z,true
united-utilities:UUP02174:1788509250000,united-utilities:UUP02174,united-utilities,2026-09-04T08:07:30Z,2026-09-04T08:45:05Z,38,hub,2026-09-17T00:49:00Z,2026-09-17T00:49:00Z,true
united-utilities:UUP02175:1789460631000,united-utilities:UUP02175,united-utilities,2026-09-15T08:23:51Z,2026-09-17T00:34:17Z,2410,hub,2026-09-17T00:49:00Z,2026-09-17T00:49:00Z,false
united-utilities:UUP02175:1789605257300,united-utilities:UUP02175,united-utilities,2026-09-17T00:34:17Z,2026-09-17T03:16:30Z,162,hub,2026-09-17T02:08:37Z,2026-09-17T02:08:37Z,false
united-utilities:UUP02175:1789614990000,united-utilities:UUP02175,united-utilities,2026-09-17T03:16:30Z,2026-09-17T03:18:24Z,2,hub,2026-09-17T11:32:49Z,2026-09-17T11:32:49Z,true
united-utilities:UUP02175:1789741966400,united-utilities:UUP02175,united-utilities,2026-09-18T14:37:22Z,2026-09-18T17:48:11Z,191,hub,2026-09-18T14:58:06Z,2026-09-18T15:18:24Z,false
united-utilities:UUP02175:1789753691000,united-utilities:UUP02175,united-utilities,2026-09-18T17:48:11Z,,,hub,2026-09-18T18:42:49Z,2026-09-18T18:42:49Z,
united-utilities:UUP02176:1789451250000,united-utilities:UUP02176,united-utilities,2026-09-15T05:47:30Z,2026-09-15T06:35:56Z,48,hub,2026-09-17T00:49:00Z,2026-09-17T00:49:00Z,true
united-utilities:UUP02176:1789619334000,united-utilities:UUP02176,united-utilities,2026-09-17T04:28:54Z,2026-09-17T04:58:10Z,29,hub,2026-09-17T11:32:49Z,2026-09-17T11:32:49Z,true
united-utilities:UUP02177:1788482451000,united-utilities:UUP02177,united-utilities,2026-09-04T00:40:51Z,2026-09-04T09:57:22Z,557,hub,2026-09-17T00:49:00Z,2026-09-17T00:49:00Z,true
united-utilities:UUP02179:1789542096000,united-utilities:UUP02179,united-utilities,2026-09-16T07:01:36Z,2026-09-16T10:12:44Z,191,hub,2026-09-17T00:49:00Z,2026-09-17T00:49:00Z,true
united-utilities:UUP02179:1789611758000,united-utilities:UUP02179,united-utilities,2026-09-17T02:22:38Z,2026-09-17T05:00:30Z,158,hub,2026-09-17T11:32:49Z,2026-09-17T11:32:49Z,true
united-utilities:UUP02179:1789743601000,united-utilities:UUP02179,united-utilities,2026-09-18T15:00:01Z,2026-09-18T18:02:11Z,182,hub,2026-09-18T17:51:51Z,2026-09-18T18:42:49Z,true
united-utilities:UUP02180:1789198425000,united-utilities:UUP02180,united-utilities,2026-09-12T07:33:45Z,2026-09-12T07:55:39Z,22,hub,2026-09-17T00:49:00Z,2026-09-17T00:49:00Z,true
united-utilities:UUP02182:1788485880000,united-utilities:UUP02182,united-utilities,2026-09-04T01:38:00Z,2026-09-04T03:36:00Z,118,hub,2026-09-17T00:49:00Z,2026-09-17T00:49:00Z,true
united-utilities:UUP02186:1789533960000,united-utilities:UUP02186,united-utilities,2026-09-16T04:46:00Z,2026-09-16T04:54:00Z,8,hub,2026-09-17T00:49:00Z,2026-09-17T00:49:00Z,true
united-utilities:UUP02187:1789555200000,united-utilities:UUP02187,united-utilities,2026-09-16T10:40:00Z,2026-09-16T10:44:00Z,4,hub,2026-09-17T00:49:00Z,2026-09-17T00:49:00Z,true
united-utilities:UUP02187:1789752480000,united-utilities:UUP02187,united-utilities,2026-09-18T17:28:00Z,2026-09-18T17:42:00Z,14,hub,2026-09-18T18:02:06Z,2026-09-18T18:22:27Z,true
united-utilities:UUP02188:1788817680000,united-utilities:UUP02188,united-utilities,2026-09-07T21:48:00Z,2026-09-07T21:58:00Z,10,hub,2026-09-17T00:49:00Z,2026-09-17T00:49:00Z,true
united-utilities:UUP02189:1788881849000,united-utilities:UUP02189,united-utilities,2026-09-08T15:37:29Z,2026-09-08T15:54:54Z,17,hub,2026-09-17T00:49:00Z,2026-09-17T00:49:00Z,true
united-utilities:UUP02192:1789449219000,united-utilities:UUP02192,united-utilities,2026-09-15T05:13:39Z,2026-09-15T05:30:09Z,17,hub,2026-09-17T00:49:00Z,2026-09-17T00:49:00Z,true
united-utilities:UUP02192:1789617270000,united-utilities:UUP02192,united-utilities,2026-09-17T03:54:30Z,2026-09-17T04:35:30Z,41,hub,2026-09-17T11:32:49Z,2026-09-17T11:32:49Z,true
united-utilities:UUP02194:1789509025000,united-utilities:UUP02194,united-utilities,2026-09-15T21:50:25Z,2026-09-15T21:53:45Z,3,hub,2026-09-17T00:49:00Z,2026-09-17T00:49:00Z,true
united-utilities:UUP02194:1789747412000,united-utilities:UUP02194,united-utilities,2026-09-18T16:03:32Z,2026-09-18T16:09:23Z,6,hub,2026-09-18T17:51:51Z,2026-09-18T17:51:51Z,true
united-utilities:UUP02196:1789416960000,united-utilities:UUP02196,united-utilities,2026-09-14T20:16:00Z,2026-09-14T21:06:00Z,50,hub,2026-09-17T00:49:00Z,2026-09-17T00:49:00Z,true
united-utilities:UUP02198:1789416480000,united-utilities:UUP02198,united-utilities,2026-09-14T20:08:00Z,2026-09-14T20:38:00Z,30,hub,2026-09-17T00:49:00Z,2026-09-17T00:49:00Z,true
united-utilities:UUP02199:1789039320000,united-utilities:UUP02199,united-utilities,2026-09-10T11:22:00Z,2026-09-10T11:26:00Z,4,hub,2026-09-17T00:49:00Z,2026-09-17T00:49:00Z,true
united-utilities:UUP02201:1789451040000,united-utilities:UUP02201,united-utilities,2026-09-15T05:44:00Z,2026-09-15T05:52:00Z,8,hub,2026-09-17T00:49:00Z,2026-09-17T00:49:00Z,true
united-utilities:UUP02207:1789083240000,united-utilities:UUP02207,united-utilities,2026-09-10T23:34:00Z,2026-09-10T23:38:00Z,4,hub,2026-09-17T00:49:00Z,2026-09-17T00:49:00Z,true
united-utilities:UUP02210:1789505640000,united-utilities:UUP02210,united-utilities,2026-09-15T20:54:00Z,2026-09-15T21:12:00Z,18,hub,2026-09-17T00:49:00Z,2026-09-17T00:49:00Z,true
united-utilities:UUP02210:1789749000000,united-utilities:UUP02210,united-utilities,2026-09-18T16:30:00Z,2026-09-18T16:34:00Z,4,hub,2026-09-18T17:51:51Z,2026-09-18T17:51:51Z,true
united-utilities:UUP02211:1788509455000,united-utilities:UUP02211,united-utilities,2026-09-04T08:10:55Z,2026-09-04T09:21:06Z,70,hub,2026-09-17T00:49:00Z,2026-09-17T00:49:00Z,true
united-utilities:UUP02213:1789200000000,united-utilities:UUP02213,united-utilities,2026-09-12T08:00:00Z,2026-09-12T08:24:00Z,24,hub,2026-09-17T00:49:00Z,2026-09-17T00:49:00Z,true
united-utilities:UUP02213:1789742520000,united-utilities:UUP02213,united-utilities,2026-09-18T14:42:00Z,2026-09-18T15:28:00Z,46,hub,2026-09-18T17:51:51Z,2026-09-18T17:51:51Z,true
united-utilities:UUP02216:1788890280000,united-utilities:UUP02216,united-utilities,2026-09-08T17:58:00Z,2026-09-08T18:12:00Z,14,hub,2026-09-17T00:49:00Z,2026-09-17T00:49:00Z,true
united-utilities:UUP02217:1789470000000,united-utilities:UUP02217,united-utilities,2026-09-15T11:00:00Z,2026-09-15T11:02:00Z,2,hub,2026-09-17T00:49:00Z,2026-09-17T00:49:00Z,true
united-utilities:UUP02217:1789617960000,united-utilities:UUP02217,united-utilities,2026-09-17T04:06:00Z,2026-09-17T05:28:00Z,82,hub,2026-09-17T11:32:49Z,2026-09-17T11:32:49Z,true
united-utilities:UUP02217:1789648080000,united-utilities:UUP02217,united-utilities,2026-09-17T12:28:00Z,2026-09-17T12:38:00Z,10,hub,2026-09-17T13:51:58Z,2026-09-17T13:51:58Z,true
united-utilities:UUP02217:1789669680000,united-utilities:UUP02217,united-utilities,2026-09-17T18:28:00Z,2026-09-17T18:32:00Z,4,hub,2026-09-17T19:14:51Z,2026-09-17T22:13:42Z,true
united-utilities:UUP02217:1789745520000,united-utilities:UUP02217,united-utilities,2026-09-18T15:32:00Z,2026-09-18T18:20:00Z,168,hub,2026-09-18T17:51:51Z,2026-09-18T20:21:27Z,true
united-utilities:UUP02218:1789496760000,united-utilities:UUP02218,united-utilities,2026-09-15T18:26:00Z,2026-09-15T18:34:00Z,8,hub,2026-09-17T00:49:00Z,2026-09-17T00:49:00Z,true
united-utilities:UUP02218:1789623480000,united-utilities:UUP02218,united-utilities,2026-09-17T05:38:00Z,2026-09-17T05:46:00Z,8,hub,2026-09-17T11:32:49Z,2026-09-17T11:32:49Z,true
united-utilities:UUP02219:1789508640000,united-utilities:UUP02219,united-utilities,2026-09-15T21:44:00Z,2026-09-15T21:58:00Z,14,hub,2026-09-17T00:49:00Z,2026-09-17T00:49:00Z,true
united-utilities:UUP02219:1789622040000,united-utilities:UUP02219,united-utilities,2026-09-17T05:14:00Z,2026-09-17T05:28:00Z,14,hub,2026-09-17T11:32:49Z,2026-09-17T11:32:49Z,true
united-utilities:UUP02219:1789749720000,united-utilities:UUP02219,united-utilities,2026-09-18T16:42:00Z,2026-09-18T16:58:00Z,16,hub,2026-09-18T17:51:51Z,2026-09-18T17:51:51Z,true
united-utilities:UUP02224:1789449120000,united-utilities:UUP02224,united-utilities,2026-09-15T05:12:00Z,2026-09-15T05:16:00Z,4,hub,2026-09-17T00:49:00Z,2026-09-17T00:49:00Z,true
united-utilities:UUP02225:1788817080000,united-utilities:UUP02225,united-utilities,2026-09-07T21:38:00Z,2026-09-07T22:04:00Z,26,hub,2026-09-17T00:49:00Z,2026-09-17T00:49:00Z,true
united-utilities:UUP02228:1789457160000,united-utilities:UUP02228,united-utilities,2026-09-15T07:26:00Z,2026-09-15T07:30:00Z,4,hub,2026-09-17T00:49:00Z,2026-09-17T00:49:00Z,true
united-utilities:UUP02228:1789626840000,united-utilities:UUP02228,united-utilities,2026-09-17T06:34:00Z,2026-09-17T06:38:00Z,4,hub,2026-09-17T11:32:49Z,2026-09-17T11:32:49Z,true
united-utilities:UUP02228:1789649400000,united-utilities:UUP02228,united-utilities,2026-09-17T12:50:00Z,2026-09-17T12:54:00Z,4,hub,2026-09-17T13:51:58Z,2026-09-17T13:51:58Z,true
united-utilities:UUP02228:1789651680000,united-utilities:UUP02228,united-utilities,2026-09-17T13:28:00Z,2026-09-17T13:32:00Z,4,hub,2026-09-17T15:38:08Z,2026-09-17T15:38:08Z,true
united-utilities:UUP02228:1789668840000,united-utilities:UUP02228,united-utilities,2026-09-17T18:14:00Z,2026-09-17T18:18:00Z,4,hub,2026-09-17T19:14:51Z,2026-09-17T19:14:51Z,true
united-utilities:UUP02228:1789673400000,united-utilities:UUP02228,united-utilities,2026-09-17T19:30:00Z,2026-09-17T19:32:00Z,2,hub,2026-09-17T22:13:42Z,2026-09-17T22:13:42Z,true
united-utilities:UUP02228:1789741560000,united-utilities:UUP02228,united-utilities,2026-09-18T14:26:00Z,2026-09-18T14:32:00Z,6,hub,2026-09-18T15:18:24Z,2026-09-18T17:51:51Z,true
united-utilities:UUP02228:1789752240000,united-utilities:UUP02228,united-utilities,2026-09-18T17:24:00Z,2026-09-18T17:28:00Z,4,hub,2026-09-18T18:02:06Z,2026-09-18T18:02:06Z,true
united-utilities:UUP02228:1789755960000,united-utilities:UUP02228,united-utilities,2026-09-18T18:26:00Z,2026-09-18T18:30:00Z,4,hub,2026-09-18T20:21:27Z,2026-09-18T20:21:27Z,true
united-utilities:UUP02228:1789766880000,united-utilities:UUP02228,united-utilities,2026-09-18T21:28:00Z,2026-09-18T21:34:00Z,6,hub,2026-09-18T22:43:41Z,2026-09-18T22:43:41Z,true
united-utilities:UUP02228:1789769520000,united-utilities:UUP02228,united-utilities,2026-09-18T22:12:00Z,2026-09-18T22:16:00Z,4,hub,2026-09-18T23:24:25Z,2026-09-18T23:24:25Z,true
united-utilities:UUP02231:1788804720000,united-utilities:UUP02231,united-utilities,2026-09-07T18:12:00Z,2026-09-07T18:20:00Z,8,hub,2026-09-17T00:49:00Z,2026-09-17T00:49:00Z,true
united-utilities:UUP02232:1788808920000,united-utilities:UUP02232,united-utilities,2026-09-07T19:22:00Z,2026-09-07T19:36:00Z,14,hub,2026-09-17T00:49:00Z,2026-09-17T00:49:00Z,true
united-utilities:UUP02232:1789612440000,united-utilities:UUP02232,united-utilities,2026-09-17T02:34:00Z,2026-09-17T02:40:00Z,6,hub,2026-09-17T11:32:49Z,2026-09-17T11:32:49Z,true
united-utilities:UUP02235:1789543440000,united-utilities:UUP02235,united-utilities,2026-09-16T07:24:00Z,2026-09-16T07:38:04Z,14,hub,2026-09-17T00:49:00Z,2026-09-17T00:49:00Z,true
united-utilities:UUP02240:1789200960000,united-utilities:UUP02240,united-utilities,2026-09-12T08:16:00Z,2026-09-12T08:40:00Z,24,hub,2026-09-17T00:49:00Z,2026-09-17T00:49:00Z,true
united-utilities:UUP02240:1789616760000,united-utilities:UUP02240,united-utilities,2026-09-17T03:46:00Z,2026-09-17T03:56:00Z,10,hub,2026-09-17T11:32:49Z,2026-09-17T11:32:49Z,true
united-utilities:UUP02246:1789471800000,united-utilities:UUP02246,united-utilities,2026-09-15T11:30:00Z,2026-09-15T11:32:00Z,2,hub,2026-09-17T00:49:00Z,2026-09-17T00:49:00Z,true
united-utilities:UUP02246:1789623000000,united-utilities:UUP02246,united-utilities,2026-09-17T05:30:00Z,2026-09-17T05:34:00Z,4,hub,2026-09-17T11:32:49Z,2026-09-17T11:32:49Z,true
united-utilities:UUP02248:1789448760000,united-utilities:UUP02248,united-utilities,2026-09-15T05:06:00Z,2026-09-15T05:56:00Z,50,hub,2026-09-17T00:49:00Z,2026-09-17T00:49:00Z,true
united-utilities:UUP02248:1789620960000,united-utilities:UUP02248,united-utilities,2026-09-17T04:56:00Z,2026-09-17T05:12:00Z,16,hub,2026-09-17T11:32:49Z,2026-09-17T11:32:49Z,true
united-utilities:UUP02248:1789747200000,united-utilities:UUP02248,united-utilities,2026-09-18T16:00:00Z,2026-09-18T16:10:00Z,10,hub,2026-09-18T17:51:51Z,2026-09-18T17:51:51Z,true
united-utilities:UUP02252:1788817440000,united-utilities:UUP02252,united-utilities,2026-09-07T21:44:00Z,2026-09-07T21:54:00Z,10,hub,2026-09-17T00:49:00Z,2026-09-17T00:49:00Z,true
united-utilities:UUP02254:1788928800000,united-utilities:UUP02254,united-utilities,2026-09-09T04:40:00Z,2026-09-09T05:52:00Z,72,hub,2026-09-17T00:49:00Z,2026-09-17T00:49:00Z,true
united-utilities:UUP02256:1789080000000,united-utilities:UUP02256,united-utilities,2026-09-10T22:40:00Z,2026-09-10T23:18:00Z,38,hub,2026-09-17T00:49:00Z,2026-09-17T00:49:00Z,true
united-utilities:UUP02258:1789507200000,united-utilities:UUP02258,united-utilities,2026-09-15T21:20:00Z,,,hub,2026-09-17T00:49:00Z,2026-09-17T00:49:00Z,
united-utilities:UUP02264:1789202160000,united-utilities:UUP02264,united-utilities,2026-09-12T08:36:00Z,2026-09-12T09:04:00Z,28,hub,2026-09-17T00:49:00Z,2026-09-17T00:49:00Z,true
united-utilities:UUP02264:1789608840000,united-utilities:UUP02264,united-utilities,2026-09-17T01:34:00Z,2026-09-17T01:38:00Z,4,hub,2026-09-17T11:32:49Z,2026-09-17T11:32:49Z,true
united-utilities:UUP02264:1789737240000,united-utilities:UUP02264,united-utilities,2026-09-18T13:14:00Z,2026-09-18T13:36:00Z,22,hub,2026-09-18T14:37:46Z,2026-09-18T14:37:46Z,true
united-utilities:UUP02264:1789741320000,united-utilities:UUP02264,united-utilities,2026-09-18T14:22:00Z,2026-09-18T15:28:00Z,66,hub,2026-09-18T14:58:06Z,2026-09-18T14:58:06Z,false
united-utilities:UUP02264:1789745280000,united-utilities:UUP02264,united-utilities,2026-09-18T15:28:00Z,2026-09-18T16:26:00Z,58,hub,2026-09-18T17:51:51Z,2026-09-18T17:51:51Z,true
united-utilities:UUP02268:1789445040000,united-utilities:UUP02268,united-utilities,2026-09-15T04:04:00Z,2026-09-15T05:14:00Z,70,hub,2026-09-17T00:49:00Z,2026-09-17T00:49:00Z,true
united-utilities:UUP02268:1789609680000,united-utilities:UUP02268,united-utilities,2026-09-17T01:48:00Z,2026-09-17T01:54:00Z,6,hub,2026-09-17T11:32:49Z,2026-09-17T11:32:49Z,true
united-utilities:UUP02268:1789748160000,united-utilities:UUP02268,united-utilities,2026-09-18T16:16:00Z,2026-09-18T16:40:00Z,24,hub,2026-09-18T17:51:51Z,2026-09-18T17:51:51Z,true
united-utilities:UUP02268:1789751520000,united-utilities:UUP02268,united-utilities,2026-09-18T17:12:00Z,2026-09-18T18:22:00Z,70,hub,2026-09-18T18:02:06Z,2026-09-18T18:02:06Z,false
united-utilities:UUP02268:1789755720000,united-utilities:UUP02268,united-utilities,2026-09-18T18:22:00Z,2026-09-18T18:44:00Z,22,hub,2026-09-18T20:21:27Z,2026-09-18T20:21:27Z,true
united-utilities:UUP02270:1788805560000,united-utilities:UUP02270,united-utilities,2026-09-07T18:26:00Z,2026-09-07T18:30:00Z,4,hub,2026-09-17T00:49:00Z,2026-09-17T00:49:00Z,true
united-utilities:UUP02272:1789454520000,united-utilities:UUP02272,united-utilities,2026-09-15T06:42:00Z,2026-09-15T06:50:00Z,8,hub,2026-09-17T00:49:00Z,2026-09-17T00:49:00Z,true
united-utilities:UUP02272:1789604760000,united-utilities:UUP02272,united-utilities,2026-09-17T00:26:00Z,2026-09-17T02:02:00Z,96,hub,2026-09-17T02:08:37Z,2026-09-17T11:32:49Z,true
united-utilities:UUP02272:1789660800000,united-utilities:UUP02272,united-utilities,2026-09-17T16:00:00Z,2026-09-17T16:32:00Z,32,hub,2026-09-17T19:14:51Z,2026-09-17T19:14:51Z,true
united-utilities:UUP02276:1789446960000,united-utilities:UUP02276,united-utilities,2026-09-15T04:36:00Z,2026-09-15T04:40:00Z,4,hub,2026-09-17T00:49:00Z,2026-09-17T00:49:00Z,true
united-utilities:UUP02276:1789661400000,united-utilities:UUP02276,united-utilities,2026-09-17T16:10:00Z,2026-09-17T16:34:00Z,24,hub,2026-09-17T19:14:51Z,2026-09-17T19:14:51Z,true
united-utilities:UUP02277:1788693840000,united-utilities:UUP02277,united-utilities,2026-09-06T11:24:00Z,2026-09-06T11:48:00Z,24,hub,2026-09-17T00:49:00Z,2026-09-17T00:49:00Z,true
united-utilities:UUP02280:1789543356000,united-utilities:UUP02280,united-utilities,2026-09-16T07:22:36Z,2026-09-16T07:49:35Z,27,hub,2026-09-17T00:49:00Z,2026-09-17T00:49:00Z,true
united-utilities:UUP02280:1789617041000,united-utilities:UUP02280,united-utilities,2026-09-17T03:50:41Z,2026-09-17T12:27:40Z,517,hub,2026-09-17T11:32:49Z,2026-09-17T11:32:49Z,false
united-utilities:UUP02280:1789648060000,united-utilities:UUP02280,united-utilities,2026-09-17T12:27:40Z,2026-09-17T12:46:54Z,19,hub,2026-09-17T13:51:58Z,2026-09-17T13:51:58Z,true
united-utilities:UUP02280:1789672011000,united-utilities:UUP02280,united-utilities,2026-09-17T19:06:51Z,2026-09-17T20:07:49Z,61,hub,2026-09-17T22:13:42Z,2026-09-17T22:13:42Z,true
united-utilities:UUP02280:1789741915040,united-utilities:UUP02280,united-utilities,2026-09-18T14:31:55Z,,,hub,2026-09-18T14:58:06Z,2026-09-18T14:58:06Z,
united-utilities:UUP02281:1788839685000,united-utilities:UUP02281,united-utilities,2026-09-08T03:54:45Z,2026-09-08T03:59:00Z,4,hub,2026-09-17T00:49:00Z,2026-09-17T00:49:00Z,true
united-utilities:UUP02284:1788468600000,united-utilities:UUP02284,united-utilities,2026-09-03T20:50:00Z,2026-09-04T05:14:20Z,504,hub,2026-09-17T00:49:00Z,2026-09-17T00:49:00Z,true
united-utilities:UUP02284:1789619100000,united-utilities:UUP02284,united-utilities,2026-09-17T04:25:00Z,2026-09-17T06:15:00Z,110,hub,2026-09-17T11:32:49Z,2026-09-17T11:32:49Z,true
united-utilities:UUP02288:1789210320000,united-utilities:UUP02288,united-utilities,2026-09-12T10:52:00Z,2026-09-12T11:32:00Z,40,hub,2026-09-17T00:49:00Z,2026-09-17T00:49:00Z,true
united-utilities:UUP02288:1789775760000,united-utilities:UUP02288,united-utilities,2026-09-18T23:56:00Z,2026-09-19T00:00:00Z,4,hub,2026-09-19T01:01:22Z,2026-09-19T01:01:22Z,true
united-utilities:UUP02289:1788814800000,united-utilities:UUP02289,united-utilities,2026-09-07T21:00:00Z,2026-09-07T21:10:00Z,10,hub,2026-09-17T00:49:00Z,2026-09-17T00:49:00Z,true
wessex:WSX10057:1788850680000,wessex:WSX10057,wessex,2026-09-08T06:58:00Z,2026-09-08T07:18:00Z,20,hub,2026-09-17T00:49:00Z,2026-09-17T00:49:00Z,true
wessex:WSX10155:1788599700000,wessex:WSX10155,wessex,2026-09-05T09:15:00Z,2026-09-05T10:42:00Z,87,hub,2026-09-17T00:49:00Z,2026-09-17T00:49:00Z,true
wessex:WSX10174:1788864600000,wessex:WSX10174,wessex,2026-09-08T10:50:00Z,2026-09-08T14:23:00Z,213,hub,2026-09-17T00:49:00Z,2026-09-17T00:49:00Z,true
wessex:WXW00011:1788856560000,wessex:WXW00011,wessex,2026-09-08T08:36:00Z,2026-09-08T08:56:00Z,20,hub,2026-09-17T00:49:00Z,2026-09-17T00:49:00Z,true
wessex:WXW00015:1788856440000,wessex:WXW00015,wessex,2026-09-08T08:34:00Z,2026-09-08T08:44:00Z,10,hub,2026-09-17T00:49:00Z,2026-09-17T00:49:00Z,true
wessex:WXW00040:1788856560000,wessex:WXW00040,wessex,2026-09-08T08:36:00Z,2026-09-08T08:52:00Z,16,hub,2026-09-17T00:49:00Z,2026-09-17T00:49:00Z,true
wessex:WXW00076:1788857160000,wessex:WXW00076,wessex,2026-09-08T08:46:00Z,2026-09-08T08:48:00Z,2,hub,2026-09-17T00:49:00Z,2026-09-17T00:49:00Z,true
wessex:WXW00093:1788860640000,wessex:WXW00093,wessex,2026-09-08T09:44:00Z,2026-09-08T09:50:00Z,6,hub,2026-09-17T00:49:00Z,2026-09-17T00:49:00Z,true
wessex:WXW00096:1788876600000,wessex:WXW00096,wessex,2026-09-08T14:10:00Z,2026-09-08T14:33:00Z,23,hub,2026-09-17T00:49:00Z,2026-09-17T00:49:00Z,true
wessex:WXW00135:1788432749000,wessex:WXW00135,wessex,2026-09-03T10:52:29Z,2026-09-03T10:52:47Z,0,hub,2026-09-17T00:49:00Z,2026-09-17T00:49:00Z,true
wessex:WXW00139:1788855720000,wessex:WXW00139,wessex,2026-09-08T08:22:00Z,2026-09-08T08:30:00Z,8,hub,2026-09-17T00:49:00Z,2026-09-17T00:49:00Z,true
wessex:WXW00150:1788860880000,wessex:WXW00150,wessex,2026-09-08T09:48:00Z,2026-09-08T09:52:00Z,4,hub,2026-09-17T00:49:00Z,2026-09-17T00:49:00Z,true
wessex:WXW00178:1788860880000,wessex:WXW00178,wessex,2026-09-08T09:48:00Z,2026-09-08T16:48:00Z,420,hub,2026-09-17T00:49:00Z,2026-09-17T00:49:00Z,true
wessex:WXW00180:1789085760000,wessex:WXW00180,wessex,2026-09-11T00:16:00Z,2026-09-11T00:34:00Z,18,hub,2026-09-17T00:49:00Z,2026-09-17T00:49:00Z,true
wessex:WXW00208:1788850500000,wessex:WXW00208,wessex,2026-09-08T06:55:00Z,2026-09-08T13:13:00Z,378,hub,2026-09-17T00:49:00Z,2026-09-17T00:49:00Z,true
wessex:WXW00235:1789750560000,wessex:WXW00235,wessex,2026-09-18T16:56:00Z,2026-09-18T16:58:00Z,2,hub,2026-09-18T18:12:18Z,2026-09-18T18:12:18Z,true
wessex:WXW00235:1789751760000,wessex:WXW00235,wessex,2026-09-18T17:16:00Z,2026-09-18T17:18:00Z,2,hub,2026-09-18T17:51:51Z,2026-09-18T17:51:51Z,true
wessex:WXW00256:1788868219000,wessex:WXW00256,wessex,2026-09-08T11:50:19Z,2026-09-08T11:51:26Z,1,hub,2026-09-17T00:49:00Z,2026-09-17T00:49:00Z,true
wessex:WXW00262:1788856200000,wessex:WXW00262,wessex,2026-09-08T08:30:00Z,2026-09-08T08:35:00Z,5,hub,2026-09-17T00:49:00Z,2026-09-17T00:49:00Z,true
wessex:WXW00270:1788861360000,wessex:WXW00270,wessex,2026-09-08T09:56:00Z,2026-09-08T10:02:00Z,6,hub,2026-09-17T00:49:00Z,2026-09-17T00:49:00Z,true
wessex:WXW00274:1788286020000,wessex:WXW00274,wessex,2026-09-01T18:07:00Z,2026-09-01T18:19:01Z,12,hub,2026-09-17T00:49:00Z,2026-09-17T00:49:00Z,true
wessex:WXW00298:1788852540000,wessex:WXW00298,wessex,2026-09-08T07:29:00Z,2026-09-08T08:03:00Z,34,hub,2026-09-17T00:49:00Z,2026-09-17T00:49:00Z,true
wessex:WXW00319:1788862140000,wessex:WXW00319,wessex,2026-09-08T10:09:00Z,2026-09-08T10:12:00Z,3,hub,2026-09-17T00:49:00Z,2026-09-17T00:49:00Z,true
wessex:WXW00338:1788856320000,wessex:WXW00338,wessex,2026-09-08T08:32:00Z,2026-09-08T08:46:00Z,14,hub,2026-09-17T00:49:00Z,2026-09-17T00:49:00Z,true
wessex:WXW00406:1788860880000,wessex:WXW00406,wessex,2026-09-08T09:48:00Z,2026-09-08T09:50:00Z,2,hub,2026-09-17T00:49:00Z,2026-09-17T00:49:00Z,true
wessex:WXW00408:1789300440000,wessex:WXW00408,wessex,2026-09-13T11:54:00Z,2026-09-13T12:08:00Z,14,hub,2026-09-17T00:49:00Z,2026-09-17T00:49:00Z,true
wessex:WXW00412:1788504600000,wessex:WXW00412,wessex,2026-09-04T06:50:00Z,2026-09-04T06:54:00Z,4,hub,2026-09-17T00:49:00Z,2026-09-17T00:49:00Z,true
wessex:WXW00426:1788856680000,wessex:WXW00426,wessex,2026-09-08T08:38:00Z,2026-09-08T08:40:00Z,2,hub,2026-09-17T00:49:00Z,2026-09-17T00:49:00Z,true
wessex:WXW00445:1789052760000,wessex:WXW00445,wessex,2026-09-10T15:06:00Z,2026-09-10T18:42:00Z,216,hub,2026-09-17T00:49:00Z,2026-09-17T00:49:00Z,true
wessex:WXW00461:1788872940000,wessex:WXW00461,wessex,2026-09-08T13:09:00Z,2026-09-08T13:12:00Z,3,hub,2026-09-17T00:49:00Z,2026-09-17T00:49:00Z,true
wessex:WXW00468:1788855840000,wessex:WXW00468,wessex,2026-09-08T08:24:00Z,2026-09-08T08:46:00Z,22,hub,2026-09-17T00:49:00Z,2026-09-17T00:49:00Z,true
wessex:WXW00469:1788856200000,wessex:WXW00469,wessex,2026-09-08T08:30:00Z,2026-09-08T08:36:00Z,6,hub,2026-09-17T00:49:00Z,2026-09-17T00:49:00Z,true
wessex:WXW00491:1789253760000,wessex:WXW00491,wessex,2026-09-12T22:56:00Z,2026-09-12T23:18:00Z,22,hub,2026-09-17T00:49:00Z,2026-09-17T00:49:00Z,true
wessex:WXW00504:1788856080000,wessex:WXW00504,wessex,2026-09-08T08:28:00Z,2026-09-08T08:38:00Z,10,hub,2026-09-17T00:49:00Z,2026-09-17T00:49:00Z,true
wessex:WXW00513:1789623720000,wessex:WXW00513,wessex,2026-09-17T05:42:00Z,2026-09-17T05:48:00Z,6,hub,2026-09-17T11:32:49Z,2026-09-17T11:32:49Z,true
wessex:WXW00525:1788855720000,wessex:WXW00525,wessex,2026-09-08T08:22:00Z,2026-09-08T08:38:00Z,16,hub,2026-09-17T00:49:00Z,2026-09-17T00:49:00Z,true
wessex:WXW00597:1788872040000,wessex:WXW00597,wessex,2026-09-08T12:54:00Z,2026-09-08T13:00:00Z,6,hub,2026-09-17T00:49:00Z,2026-09-17T00:49:00Z,true
wessex:WXW00608:1788853020000,wessex:WXW00608,wessex,2026-09-08T07:37:00Z,2026-09-08T08:09:00Z,32,hub,2026-09-17T00:49:00Z,2026-09-17T00:49:00Z,true
wessex:WXW00615:1789551900000,wessex:WXW00615,wessex,2026-09-16T09:45:00Z,2026-09-16T09:59:00Z,14,hub,2026-09-17T00:49:00Z,2026-09-17T00:49:00Z,true
wessex:WXW00617:1788832260000,wessex:WXW00617,wessex,2026-09-08T01:51:00Z,2026-09-08T02:07:00Z,16,hub,2026-09-17T00:49:00Z,2026-09-17T00:49:00Z,true
wessex:WXW00651:1788857400000,wessex:WXW00651,wessex,2026-09-08T08:50:00Z,2026-09-08T08:58:00Z,8,hub,2026-09-17T00:49:00Z,2026-09-17T00:49:00Z,true
wessex:WXW00663:1788868080000,wessex:WXW00663,wessex,2026-09-08T11:48:00Z,2026-09-08T11:49:00Z,1,hub,2026-09-17T00:49:00Z,2026-09-17T00:49:00Z,true
wessex:WXW00673:1788864840000,wessex:WXW00673,wessex,2026-09-08T10:54:00Z,2026-09-08T11:17:00Z,23,hub,2026-09-17T00:49:00Z,2026-09-17T00:49:00Z,true
wessex:WXW00679:1789636669000,wessex:WXW00679,wessex,2026-09-17T09:17:49Z,2026-09-17T09:18:16Z,0,hub,2026-09-17T11:32:49Z,2026-09-17T11:32:49Z,true
wessex:WXW00686:1788861720000,wessex:WXW00686,wessex,2026-09-08T10:02:00Z,2026-09-08T10:14:00Z,12,hub,2026-09-17T00:49:00Z,2026-09-17T00:49:00Z,true
wessex:WXW00690:1788876660000,wessex:WXW00690,wessex,2026-09-08T14:11:00Z,2026-09-08T14:25:00Z,14,hub,2026-09-17T00:49:00Z,2026-09-17T00:49:00Z,true
wessex:WXW00707:1788350520000,wessex:WXW00707,wessex,2026-09-02T12:02:00Z,2026-09-02T12:46:00Z,44,hub,2026-09-17T00:49:00Z,2026-09-17T00:49:00Z,true
wessex:WXW00743:1788856560000,wessex:WXW00743,wessex,2026-09-08T08:36:00Z,2026-09-08T08:44:00Z,8,hub,2026-09-17T00:49:00Z,2026-09-17T00:49:00Z,true
wessex:WXW00753:1788842040000,wessex:WXW00753,wessex,2026-09-08T04:34:00Z,2026-09-08T04:40:00Z,6,hub,2026-09-17T00:49:00Z,2026-09-17T00:49:00Z,true
wessex:WXW00766:1788855780000,wessex:WXW00766,wessex,2026-09-08T08:23:00Z,2026-09-08T09:34:00Z,71,hub,2026-09-17T00:49:00Z,2026-09-17T00:49:00Z,true
wessex:WXW00795:1788860220000,wessex:WXW00795,wessex,2026-09-08T09:37:00Z,2026-09-08T09:46:00Z,9,hub,2026-09-17T00:49:00Z,2026-09-17T00:49:00Z,true
wessex:WXW00824:1789735920000,wessex:WXW00824,wessex,2026-09-18T12:52:00Z,2026-09-18T12:54:00Z,2,hub,2026-09-18T14:37:46Z,2026-09-18T14:37:46Z,true
wessex:WXW00824:1789747800000,wessex:WXW00824,wessex,2026-09-18T16:10:00Z,2026-09-18T16:12:00Z,2,hub,2026-09-18T17:51:51Z,2026-09-18T17:51:51Z,true
wessex:WXW00824:1789752360000,wessex:WXW00824,wessex,2026-09-18T17:26:00Z,2026-09-18T17:28:00Z,2,hub,2026-09-18T18:02:06Z,2026-09-18T18:02:06Z,true
wessex:WXW00824:1789753560000,wessex:WXW00824,wessex,2026-09-18T17:46:00Z,2026-09-18T17:48:00Z,2,hub,2026-09-18T18:12:18Z,2026-09-18T18:12:18Z,true
wessex:WXW00824:1789754640000,wessex:WXW00824,wessex,2026-09-18T18:04:00Z,2026-09-18T18:06:00Z,2,hub,2026-09-18T18:32:37Z,2026-09-18T18:42:49Z,true
wessex:WXW00824:1789756320000,wessex:WXW00824,wessex,2026-09-18T18:32:00Z,2026-09-18T18:34:00Z,2,hub,2026-09-18T20:21:27Z,2026-09-18T20:21:27Z,true
wessex:WXW00824:1789763400000,wessex:WXW00824,wessex,2026-09-18T20:36:00Z,2026-09-18T20:40:00Z,4,hub,2026-09-18T21:02:08Z,2026-09-18T21:12:16Z,true
wessex:WXW00824:1789766280000,wessex:WXW00824,wessex,2026-09-18T21:18:00Z,2026-09-18T21:24:00Z,6,hub,2026-09-18T22:43:41Z,2026-09-18T22:43:41Z,true
wessex:WXW00824:1789770360000,wessex:WXW00824,wessex,2026-09-18T22:26:00Z,2026-09-18T22:30:00Z,4,hub,2026-09-18T22:53:52Z,2026-09-18T22:53:52Z,true
wessex:WXW00824:1789774680000,wessex:WXW00824,wessex,2026-09-18T23:38:00Z,2026-09-18T23:40:00Z,2,hub,2026-09-19T00:41:02Z,2026-09-19T00:41:02Z,true
wessex:WXW00864:1788857520000,wessex:WXW00864,wessex,2026-09-08T08:52:00Z,2026-09-08T09:13:00Z,21,hub,2026-09-17T00:49:00Z,2026-09-17T00:49:00Z,true
wessex:WXW00888:1788861600000,wessex:WXW00888,wessex,2026-09-08T10:00:00Z,2026-09-08T10:02:00Z,2,hub,2026-09-17T00:49:00Z,2026-09-17T00:49:00Z,true
wessex:WXW00897:1789634039000,wessex:WXW00897,wessex,2026-09-17T08:33:59Z,2026-09-17T08:34:59Z,1,hub,2026-09-17T11:32:49Z,2026-09-17T11:32:49Z,true
wessex:WXW00897:1789679759290,wessex:WXW00897,wessex,2026-09-17T21:15:59Z,2026-09-17T21:18:59Z,3,hub,2026-09-17T22:13:42Z,2026-09-17T22:13:42Z,true
wessex:WXW00897:1789687379590,wessex:WXW00897,wessex,2026-09-17T23:22:59Z,2026-09-17T23:23:59Z,1,hub,2026-09-17T23:48:34Z,2026-09-17T23:48:34Z,true
wessex:WXW00897:1789692239880,wessex:WXW00897,wessex,2026-09-18T00:43:59Z,2026-09-18T00:44:59Z,1,hub,2026-09-18T01:08:26Z,2026-09-18T01:08:26Z,true
wessex:WXW00897:1789693559260,wessex:WXW00897,wessex,2026-09-18T01:29:59Z,2026-09-18T01:53:59Z,24,hub,2026-09-18T01:18:34Z,2026-09-18T01:48:59Z,false
wessex:WXW00897:1789696019160,wessex:WXW00897,wessex,2026-09-18T01:53:59Z,2026-09-18T02:04:59Z,11,hub,2026-09-18T01:59:07Z,2026-09-18T02:18:27Z,true
wessex:WXW00897:1789709759610,wessex:WXW00897,wessex,2026-09-18T05:42:59Z,2026-09-18T05:44:59Z,2,hub,2026-09-18T05:53:28Z,2026-09-18T06:03:39Z,true
wessex:WXW00897:1789716479000,wessex:WXW00897,wessex,2026-09-18T07:27:59Z,2026-09-18T07:29:59Z,2,hub,2026-09-18T10:30:40Z,2026-09-18T10:30:40Z,true
wessex:WXW00897:1789740300020,wessex:WXW00897,wessex,2026-09-18T14:05:00Z,2026-09-18T14:05:59Z,1,hub,2026-09-18T14:37:46Z,2026-09-18T14:37:46Z,true
wessex:WXW00897:1789744499710,wessex:WXW00897,wessex,2026-09-18T15:21:59Z,2026-09-18T15:22:59Z,1,hub,2026-09-18T15:28:34Z,2026-09-18T17:51:51Z,true
wessex:WXW00924:1788860520000,wessex:WXW00924,wessex,2026-09-08T09:42:00Z,2026-09-08T09:44:00Z,2,hub,2026-09-17T00:49:00Z,2026-09-17T00:49:00Z,true
wessex:WXW00937:1788839760000,wessex:WXW00937,wessex,2026-09-08T03:56:00Z,2026-09-08T04:06:00Z,10,hub,2026-09-17T00:49:00Z,2026-09-17T00:49:00Z,true
wessex:WXW00938:1788864120000,wessex:WXW00938,wessex,2026-09-08T10:42:00Z,2026-09-08T10:53:00Z,11,hub,2026-09-17T00:49:00Z,2026-09-17T00:49:00Z,true
wessex:WXW00979:1788862560000,wessex:WXW00979,wessex,2026-09-08T10:16:00Z,2026-09-08T10:22:00Z,6,hub,2026-09-17T00:49:00Z,2026-09-17T00:49:00Z,true
wessex:WXW00991:1788873834000,wessex:WXW00991,wessex,2026-09-08T13:23:54Z,2026-09-08T13:27:03Z,3,hub,2026-09-17T00:49:00Z,2026-09-17T00:49:00Z,true
wessex:WXW01010:1788868140000,wessex:WXW01010,wessex,2026-09-08T11:49:00Z,2026-09-08T12:02:00Z,13,hub,2026-09-17T00:49:00Z,2026-09-17T00:49:00Z,true
wessex:WXW01016:1789086480000,wessex:WXW01016,wessex,2026-09-11T00:28:00Z,2026-09-11T00:46:00Z,18,hub,2026-09-17T00:49:00Z,2026-09-17T00:49:00Z,true
wessex:WXW01019:1788871680000,wessex:WXW01019,wessex,2026-09-08T12:48:00Z,2026-09-08T12:50:00Z,2,hub,2026-09-17T00:49:00Z,2026-09-17T00:49:00Z,true
wessex:WXW01023:1788872760000,wessex:WXW01023,wessex,2026-09-08T13:06:00Z,2026-09-08T13:08:00Z,2,hub,2026-09-17T00:49:00Z,2026-09-17T00:49:00Z,true
wessex:WXW01025:1788880200000,wessex:WXW01025,wessex,2026-09-08T15:10:00Z,2026-09-08T15:15:00Z,5,hub,2026-09-17T00:49:00Z,2026-09-17T00:49:00Z,true
wessex:WXW01046:1788864180000,wessex:WXW01046,wessex,2026-09-08T10:43:00Z,2026-09-08T11:34:00Z,51,hub,2026-09-17T00:49:00Z,2026-09-17T00:49:00Z,true
wessex:WXW01052:1788856560000,wessex:WXW01052,wessex,2026-09-08T08:36:00Z,2026-09-08T08:38:00Z,2,hub,2026-09-17T00:49:00Z,2026-09-17T00:49:00Z,true
wessex:WXW01069:1788856140000,wessex:WXW01069,wessex,2026-09-08T08:29:00Z,2026-09-08T08:49:00Z,20,hub,2026-09-17T00:49:00Z,2026-09-17T00:49:00Z,true
wessex:WXW01108:1788864060000,wessex:WXW01108,wessex,2026-09-08T10:41:00Z,2026-09-08T11:23:00Z,42,hub,2026-09-17T00:49:00Z,2026-09-17T00:49:00Z,true
wessex:WXW01151:1788860160000,wessex:WXW01151,wessex,2026-09-08T09:36:00Z,2026-09-08T09:46:00Z,10,hub,2026-09-17T00:49:00Z,2026-09-17T00:49:00Z,true
wessex:WXW01170:1788860280000,wessex:WXW01170,wessex,2026-09-08T09:38:00Z,2026-09-08T09:40:00Z,2,hub,2026-09-17T00:49:00Z,2026-09-17T00:49:00Z,true
wessex:WXW01203:1788855960000,wessex:WXW01203,wessex,2026-09-08T08:26:00Z,2026-09-08T08:32:00Z,6,hub,2026-09-17T00:49:00Z,2026-09-17T00:49:00Z,true
wessex:WXW01244:1788834780000,wessex:WXW01244,wessex,2026-09-08T02:33:00Z,2026-09-08T12:40:00Z,607,hub,2026-09-17T00:49:00Z,2026-09-17T00:49:00Z,true
wessex:WXW01256:1788346320000,wessex:WXW01256,wessex,2026-09-02T10:52:00Z,2026-09-02T11:16:00Z,24,hub,2026-09-17T00:49:00Z,2026-09-17T00:49:00Z,true
wessex:WXW01288:1788856560000,wessex:WXW01288,wessex,2026-09-08T08:36:00Z,2026-09-08T08:52:00Z,16,hub,2026-09-17T00:49:00Z,2026-09-17T00:49:00Z,true
wessex:WXW01296:1788461915000,wessex:WXW01296,wessex,2026-09-03T18:58:35Z,2026-09-03T18:58:58Z,0,hub,2026-09-17T00:49:00Z,2026-09-17T00:49:00Z,true
yorkshire:YWS00001:1788817740000,yorkshire:YWS00001,yorkshire,2026-09-07T21:49:00Z,2026-09-07T22:01:00Z,12,hub,2026-09-17T00:49:00Z,2026-09-17T00:49:00Z,true
yorkshire:YWS00004:1788820060000,yorkshire:YWS00004,yorkshire,2026-09-07T22:27:40Z,2026-09-07T22:32:10Z,5,hub,2026-09-17T00:49:00Z,2026-09-17T00:49:00Z,true
yorkshire:YWS00005:1789441913000,yorkshire:YWS00005,yorkshire,2026-09-15T03:11:53Z,2026-09-15T03:25:54Z,14,hub,2026-09-17T00:49:00Z,2026-09-17T00:49:00Z,true
yorkshire:YWS00005:1789766841000,yorkshire:YWS00005,yorkshire,2026-09-18T21:27:21Z,2026-09-18T21:32:15Z,5,hub,2026-09-18T22:43:41Z,2026-09-18T22:43:41Z,true
yorkshire:YWS00006:1788819393000,yorkshire:YWS00006,yorkshire,2026-09-07T22:16:33Z,2026-09-07T22:28:19Z,12,hub,2026-09-17T00:49:00Z,2026-09-17T00:49:00Z,true
yorkshire:YWS00008:1788816155000,yorkshire:YWS00008,yorkshire,2026-09-07T21:22:35Z,2026-09-07T21:43:19Z,21,hub,2026-09-17T00:49:00Z,2026-09-17T00:49:00Z,true
yorkshire:YWS00013:1788822120000,yorkshire:YWS00013,yorkshire,2026-09-07T23:02:00Z,2026-09-07T23:17:00Z,15,hub,2026-09-17T00:49:00Z,2026-09-17T00:49:00Z,true
yorkshire:YWS00018:1788819491000,yorkshire:YWS00018,yorkshire,2026-09-07T22:18:11Z,2026-09-07T23:01:55Z,44,hub,2026-09-17T00:49:00Z,2026-09-17T00:49:00Z,true
yorkshire:YWS00020:1788819600000,yorkshire:YWS00020,yorkshire,2026-09-07T22:20:00Z,2026-09-07T22:32:00Z,12,hub,2026-09-17T00:49:00Z,2026-09-17T00:49:00Z,true
yorkshire:YWS00024:1788817740000,yorkshire:YWS00024,yorkshire,2026-09-07T21:49:00Z,2026-09-07T22:19:00Z,30,hub,2026-09-17T00:49:00Z,2026-09-17T00:49:00Z,true
yorkshire:YWS00025:1788820809000,yorkshire:YWS00025,yorkshire,2026-09-07T22:40:09Z,2026-09-07T23:07:50Z,28,hub,2026-09-17T00:49:00Z,2026-09-17T00:49:00Z,true
yorkshire:YWS00028:1788820320000,yorkshire:YWS00028,yorkshire,2026-09-07T22:32:00Z,2026-09-07T22:46:00Z,14,hub,2026-09-17T00:49:00Z,2026-09-17T00:49:00Z,true
yorkshire:YWS00029:1789439397000,yorkshire:YWS00029,yorkshire,2026-09-15T02:29:57Z,2026-09-15T02:36:32Z,7,hub,2026-09-17T00:49:00Z,2026-09-17T00:49:00Z,true
yorkshire:YWS00030:1788818520000,yorkshire:YWS00030,yorkshire,2026-09-07T22:02:00Z,2026-09-07T22:46:00Z,44,hub,2026-09-17T00:49:00Z,2026-09-17T00:49:00Z,true
yorkshire:YWS00036:1789454864000,yorkshire:YWS00036,yorkshire,2026-09-15T06:47:44Z,2026-09-15T07:17:06Z,29,hub,2026-09-17T00:49:00Z,2026-09-17T00:49:00Z,true
yorkshire:YWS00037:1789032300000,yorkshire:YWS00037,yorkshire,2026-09-10T09:25:00Z,2026-09-10T09:28:00Z,3,hub,2026-09-17T00:49:00Z,2026-09-17T00:49:00Z,true
yorkshire:YWS00041:1788821898000,yorkshire:YWS00041,yorkshire,2026-09-07T22:58:18Z,2026-09-07T23:24:44Z,26,hub,2026-09-17T00:49:00Z,2026-09-17T00:49:00Z,true
yorkshire:YWS00043:1788943500000,yorkshire:YWS00043,yorkshire,2026-09-09T08:45:00Z,2026-09-09T08:46:00Z,1,hub,2026-09-17T00:49:00Z,2026-09-17T00:49:00Z,true
yorkshire:YWS00047:1788485935000,yorkshire:YWS00047,yorkshire,2026-09-04T01:38:55Z,2026-09-04T03:04:14Z,85,hub,2026-09-17T00:49:00Z,2026-09-17T00:49:00Z,true
yorkshire:YWS00051:1788489929000,yorkshire:YWS00051,yorkshire,2026-09-04T02:45:29Z,2026-09-04T02:48:16Z,3,hub,2026-09-17T00:49:00Z,2026-09-17T00:49:00Z,true
yorkshire:YWS00052:1788489819000,yorkshire:YWS00052,yorkshire,2026-09-04T02:43:39Z,2026-09-04T02:55:17Z,12,hub,2026-09-17T00:49:00Z,2026-09-17T00:49:00Z,true
yorkshire:YWS00055:1788992510000,yorkshire:YWS00055,yorkshire,2026-09-09T22:21:50Z,2026-09-09T22:22:35Z,1,hub,2026-09-17T00:49:00Z,2026-09-17T00:49:00Z,true
yorkshire:YWS00060:1788831275000,yorkshire:YWS00060,yorkshire,2026-09-08T01:34:35Z,2026-09-08T01:58:01Z,23,hub,2026-09-17T00:49:00Z,2026-09-17T00:49:00Z,true
yorkshire:YWS00062:1788505550000,yorkshire:YWS00062,yorkshire,2026-09-04T07:05:50Z,2026-09-04T07:06:51Z,1,hub,2026-09-17T00:49:00Z,2026-09-17T00:49:00Z,true
yorkshire:YWS00063:1788485865000,yorkshire:YWS00063,yorkshire,2026-09-04T01:37:45Z,2026-09-04T03:21:39Z,104,hub,2026-09-17T00:49:00Z,2026-09-17T00:49:00Z,true
yorkshire:YWS00064:1788819883000,yorkshire:YWS00064,yorkshire,2026-09-07T22:24:43Z,2026-09-08T00:49:20Z,145,hub,2026-09-17T00:49:00Z,2026-09-17T00:49:00Z,true
yorkshire:YWS00067:1788823920000,yorkshire:YWS00067,yorkshire,2026-09-07T23:32:00Z,2026-09-07T23:46:00Z,14,hub,2026-09-17T00:49:00Z,2026-09-17T00:49:00Z,true
yorkshire:YWS00069:1788824820000,yorkshire:YWS00069,yorkshire,2026-09-07T23:47:00Z,2026-09-08T00:16:00Z,29,hub,2026-09-17T00:49:00Z,2026-09-17T00:49:00Z,true
yorkshire:YWS00072:1788821046000,yorkshire:YWS00072,yorkshire,2026-09-07T22:44:06Z,2026-09-08T00:35:42Z,112,hub,2026-09-17T00:49:00Z,2026-09-17T00:49:00Z,true
yorkshire:YWS00073:1788495912000,yorkshire:YWS00073,yorkshire,2026-09-04T04:25:12Z,2026-09-04T04:39:28Z,14,hub,2026-09-17T00:49:00Z,2026-09-17T00:49:00Z,true
yorkshire:YWS00076:1788251593000,yorkshire:YWS00076,yorkshire,2026-09-01T08:33:13Z,2026-09-01T08:34:14Z,1,hub,2026-09-17T00:49:00Z,2026-09-17T00:49:00Z,true
yorkshire:YWS00077:1788490707000,yorkshire:YWS00077,yorkshire,2026-09-04T02:58:27Z,2026-09-04T03:09:25Z,11,hub,2026-09-17T00:49:00Z,2026-09-17T00:49:00Z,true
yorkshire:YWS00079:1789451866000,yorkshire:YWS00079,yorkshire,2026-09-15T05:57:46Z,2026-09-15T06:10:41Z,13,hub,2026-09-17T00:49:00Z,2026-09-17T00:49:00Z,true
yorkshire:YWS00081:1789542901000,yorkshire:YWS00081,yorkshire,2026-09-16T07:15:01Z,2026-09-16T07:17:00Z,2,hub,2026-09-17T00:49:00Z,2026-09-17T00:49:00Z,true
yorkshire:YWS00081:1789589221000,yorkshire:YWS00081,yorkshire,2026-09-16T20:07:01Z,2026-09-16T20:09:00Z,2,hub,2026-09-17T11:32:49Z,2026-09-17T11:32:49Z,true
yorkshire:YWS00085:1789066746000,yorkshire:YWS00085,yorkshire,2026-09-10T18:59:06Z,2026-09-10T19:01:55Z,3,hub,2026-09-17T00:49:00Z,2026-09-17T00:49:00Z,true
yorkshire:YWS00086:1788554880000,yorkshire:YWS00086,yorkshire,2026-09-04T20:48:00Z,2026-09-04T20:48:05Z,0,hub,2026-09-17T00:49:00Z,2026-09-17T00:49:00Z,true
yorkshire:YWS00087:1788491654000,yorkshire:YWS00087,yorkshire,2026-09-04T03:14:14Z,2026-09-04T03:14:39Z,0,hub,2026-09-17T00:49:00Z,2026-09-17T00:49:00Z,true
yorkshire:YWS00088:1789281241000,yorkshire:YWS00088,yorkshire,2026-09-13T06:34:01Z,2026-09-13T06:36:00Z,2,hub,2026-09-17T00:49:00Z,2026-09-17T00:49:00Z,true
yorkshire:YWS00088:1789615381000,yorkshire:YWS00088,yorkshire,2026-09-17T03:23:01Z,2026-09-17T03:25:00Z,2,hub,2026-09-17T11:32:49Z,2026-09-17T11:32:49Z,true
yorkshire:YWS00090:1788486600000,yorkshire:YWS00090,yorkshire,2026-09-04T01:50:00Z,2026-09-04T02:01:00Z,11,hub,2026-09-17T00:49:00Z,2026-09-17T00:49:00Z,true
yorkshire:YWS00095:1788492312000,yorkshire:YWS00095,yorkshire,2026-09-04T03:25:12Z,2026-09-04T03:27:41Z,2,hub,2026-09-17T00:49:00Z,2026-09-17T00:49:00Z,true
yorkshire:YWS00101:1788819600000,yorkshire:YWS00101,yorkshire,2026-09-07T22:20:00Z,2026-09-07T23:01:00Z,41,hub,2026-09-17T00:49:00Z,2026-09-17T00:49:00Z,true
yorkshire:YWS00102:1789448289000,yorkshire:YWS00102,yorkshire,2026-09-15T04:58:09Z,2026-09-15T05:46:51Z,49,hub,2026-09-17T00:49:00Z,2026-09-17T00:49:00Z,true
yorkshire:YWS00102:1789617552000,yorkshire:YWS00102,yorkshire,2026-09-17T03:59:12Z,2026-09-17T04:53:05Z,54,hub,2026-09-17T11:32:49Z,2026-09-17T11:32:49Z,true
yorkshire:YWS00102:1789651312000,yorkshire:YWS00102,yorkshire,2026-09-17T13:21:52Z,2026-09-17T13:27:12Z,5,hub,2026-09-17T15:38:08Z,2026-09-17T15:38:08Z,true
yorkshire:YWS00102:1789672293000,yorkshire:YWS00102,yorkshire,2026-09-17T19:11:33Z,2026-09-17T19:20:03Z,9,hub,2026-09-17T22:13:42Z,2026-09-17T22:13:42Z,true
yorkshire:YWS00102:1789744220000,yorkshire:YWS00102,yorkshire,2026-09-18T15:10:20Z,2026-09-18T19:11:04Z,241,hub,2026-09-18T17:51:51Z,2026-09-18T20:21:27Z,true
yorkshire:YWS00102:1789764159000,yorkshire:YWS00102,yorkshire,2026-09-18T20:42:39Z,,,hub,2026-09-18T22:43:41Z,2026-09-18T22:43:41Z,
yorkshire:YWS00108:1788814637000,yorkshire:YWS00108,yorkshire,2026-09-07T20:57:17Z,2026-09-07T22:50:53Z,114,hub,2026-09-17T00:49:00Z,2026-09-17T00:49:00Z,true
yorkshire:YWS00108:1789769916000,yorkshire:YWS00108,yorkshire,2026-09-18T22:18:36Z,,,hub,2026-09-18T23:24:25Z,2026-09-18T23:24:25Z,
yorkshire:YWS00111:1788819706000,yorkshire:YWS00111,yorkshire,2026-09-07T22:21:46Z,2026-09-08T00:05:36Z,104,hub,2026-09-17T00:49:00Z,2026-09-17T00:49:00Z,true
yorkshire:YWS00119:1789451592000,yorkshire:YWS00119,yorkshire,2026-09-15T05:53:12Z,2026-09-15T05:57:47Z,5,hub,2026-09-17T00:49:00Z,2026-09-17T00:49:00Z,true
yorkshire:YWS00124:1789329725000,yorkshire:YWS00124,yorkshire,2026-09-13T20:02:05Z,2026-09-13T20:02:14Z,0,hub,2026-09-17T00:49:00Z,2026-09-17T00:49:00Z,true
yorkshire:YWS00124:1789726582000,yorkshire:YWS00124,yorkshire,2026-09-18T10:16:22Z,2026-09-18T10:17:23Z,1,hub,2026-09-18T11:11:27Z,2026-09-18T14:37:46Z,true
yorkshire:YWS00125:1789202614000,yorkshire:YWS00125,yorkshire,2026-09-12T08:43:34Z,2026-09-12T08:48:13Z,5,hub,2026-09-17T00:49:00Z,2026-09-17T00:49:00Z,true
yorkshire:YWS00125:1789617950000,yorkshire:YWS00125,yorkshire,2026-09-17T04:05:50Z,2026-09-17T04:10:25Z,5,hub,2026-09-17T11:32:49Z,2026-09-17T11:32:49Z,true
yorkshire:YWS00128:1788819240000,yorkshire:YWS00128,yorkshire,2026-09-07T22:14:00Z,2026-09-07T22:38:00Z,24,hub,2026-09-17T00:49:00Z,2026-09-17T00:49:00Z,true
yorkshire:YWS00129:1788816720000,yorkshire:YWS00129,yorkshire,2026-09-07T21:32:00Z,2026-09-07T21:46:00Z,14,hub,2026-09-17T00:49:00Z,2026-09-17T00:49:00Z,true
yorkshire:YWS00130:1788824561000,yorkshire:YWS00130,yorkshire,2026-09-07T23:42:41Z,2026-09-07T23:48:26Z,6,hub,2026-09-17T00:49:00Z,2026-09-17T00:49:00Z,true
yorkshire:YWS00138:1789596730000,yorkshire:YWS00138,yorkshire,2026-09-16T22:12:10Z,2026-09-16T22:12:55Z,1,hub,2026-09-17T00:49:00Z,2026-09-17T00:49:00Z,true
yorkshire:YWS00141:1789443120000,yorkshire:YWS00141,yorkshire,2026-09-15T03:32:00Z,2026-09-15T03:46:00Z,14,hub,2026-09-17T00:49:00Z,2026-09-17T00:49:00Z,true
yorkshire:YWS00146:1788815484000,yorkshire:YWS00146,yorkshire,2026-09-07T21:11:24Z,2026-09-07T22:29:09Z,78,hub,2026-09-17T00:49:00Z,2026-09-17T00:49:00Z,true
yorkshire:YWS00147:1788494768000,yorkshire:YWS00147,yorkshire,2026-09-04T04:06:08Z,2026-09-04T04:07:28Z,1,hub,2026-09-17T00:49:00Z,2026-09-17T00:49:00Z,true
yorkshire:YWS00148:1788485985000,yorkshire:YWS00148,yorkshire,2026-09-04T01:39:45Z,2026-09-04T02:19:22Z,40,hub,2026-09-17T00:49:00Z,2026-09-17T00:49:00Z,true
yorkshire:YWS00149:1788823787000,yorkshire:YWS00149,yorkshire,2026-09-07T23:29:47Z,2026-09-07T23:33:41Z,4,hub,2026-09-17T00:49:00Z,2026-09-17T00:49:00Z,true
yorkshire:YWS00150:1788819522000,yorkshire:YWS00150,yorkshire,2026-09-07T22:18:42Z,2026-09-07T22:39:53Z,21,hub,2026-09-17T00:49:00Z,2026-09-17T00:49:00Z,true
yorkshire:YWS00152:1788822240000,yorkshire:YWS00152,yorkshire,2026-09-07T23:04:00Z,2026-09-07T23:16:00Z,12,hub,2026-09-17T00:49:00Z,2026-09-17T00:49:00Z,true
yorkshire:YWS00153:1788904200000,yorkshire:YWS00153,yorkshire,2026-09-08T21:50:00Z,2026-09-08T22:00:00Z,10,hub,2026-09-17T00:49:00Z,2026-09-17T00:49:00Z,true
yorkshire:YWS00159:1788824820000,yorkshire:YWS00159,yorkshire,2026-09-07T23:47:00Z,2026-09-08T00:01:00Z,14,hub,2026-09-17T00:49:00Z,2026-09-17T00:49:00Z,true
yorkshire:YWS00160:1788488762000,yorkshire:YWS00160,yorkshire,2026-09-04T02:26:02Z,2026-09-04T02:33:27Z,7,hub,2026-09-17T00:49:00Z,2026-09-17T00:49:00Z,true
yorkshire:YWS00164:1788824222000,yorkshire:YWS00164,yorkshire,2026-09-07T23:37:02Z,2026-09-08T00:07:38Z,31,hub,2026-09-17T00:49:00Z,2026-09-17T00:49:00Z,true
yorkshire:YWS00167:1788467881000,yorkshire:YWS00167,yorkshire,2026-09-03T20:38:01Z,2026-09-03T20:42:25Z,4,hub,2026-09-17T00:49:00Z,2026-09-17T00:49:00Z,true
yorkshire:YWS00171:1788878851000,yorkshire:YWS00171,yorkshire,2026-09-08T14:47:31Z,2026-09-08T15:26:28Z,39,hub,2026-09-17T00:49:00Z,2026-09-17T00:49:00Z,true
yorkshire:YWS00173:1788498081000,yorkshire:YWS00173,yorkshire,2026-09-04T05:01:21Z,2026-09-04T05:04:32Z,3,hub,2026-09-17T00:49:00Z,2026-09-17T00:49:00Z,true
yorkshire:YWS00177:1788826784000,yorkshire:YWS00177,yorkshire,2026-09-08T00:19:44Z,2026-09-08T00:47:47Z,28,hub,2026-09-17T00:49:00Z,2026-09-17T00:49:00Z,true
yorkshire:YWS00180:1788693660000,yorkshire:YWS00180,yorkshire,2026-09-06T11:21:00Z,2026-09-06T11:31:00Z,10,hub,2026-09-17T00:49:00Z,2026-09-17T00:49:00Z,true
yorkshire:YWS00182:1788692700000,yorkshire:YWS00182,yorkshire,2026-09-06T11:05:00Z,2026-09-06T11:16:00Z,11,hub,2026-09-17T00:49:00Z,2026-09-17T00:49:00Z,true
yorkshire:YWS00183:1788692820000,yorkshire:YWS00183,yorkshire,2026-09-06T11:07:00Z,2026-09-06T11:22:00Z,15,hub,2026-09-17T00:49:00Z,2026-09-17T00:49:00Z,true
yorkshire:YWS00185:1789082874000,yorkshire:YWS00185,yorkshire,2026-09-10T23:27:54Z,2026-09-10T23:45:15Z,17,hub,2026-09-17T00:49:00Z,2026-09-17T00:49:00Z,true
yorkshire:YWS00185:1789619452000,yorkshire:YWS00185,yorkshire,2026-09-17T04:30:52Z,2026-09-17T04:45:49Z,15,hub,2026-09-17T11:32:49Z,2026-09-17T11:32:49Z,true
yorkshire:YWS00186:1788484797000,yorkshire:YWS00186,yorkshire,2026-09-04T01:19:57Z,2026-09-04T01:52:00Z,32,hub,2026-09-17T00:49:00Z,2026-09-17T00:49:00Z,true
yorkshire:YWS00186:1789754992000,yorkshire:YWS00186,yorkshire,2026-09-18T18:09:52Z,2026-09-18T18:48:55Z,39,hub,2026-09-18T20:21:27Z,2026-09-18T20:21:27Z,true
yorkshire:YWS00186:1789767417000,yorkshire:YWS00186,yorkshire,2026-09-18T21:36:57Z,2026-09-18T23:20:19Z,103,hub,2026-09-18T22:43:41Z,2026-09-18T22:43:41Z,false
yorkshire:YWS00186:1789773619000,yorkshire:YWS00186,yorkshire,2026-09-18T23:20:19Z,2026-09-18T23:20:43Z,0,hub,2026-09-19T00:41:02Z,2026-09-19T00:41:02Z,true
yorkshire:YWS00187:1789447969000,yorkshire:YWS00187,yorkshire,2026-09-15T04:52:49Z,2026-09-15T04:55:38Z,3,hub,2026-09-17T00:49:00Z,2026-09-17T00:49:00Z,true
yorkshire:YWS00187:1789617689000,yorkshire:YWS00187,yorkshire,2026-09-17T04:01:29Z,2026-09-17T04:43:13Z,42,hub,2026-09-17T11:32:49Z,2026-09-17T11:32:49Z,true
yorkshire:YWS00187:1789651715000,yorkshire:YWS00187,yorkshire,2026-09-17T13:28:35Z,2026-09-17T13:34:01Z,5,hub,2026-09-17T15:38:08Z,2026-09-17T15:38:08Z,true
yorkshire:YWS00187:1789747962000,yorkshire:YWS00187,yorkshire,2026-09-18T16:12:42Z,2026-09-18T16:41:45Z,29,hub,2026-09-18T17:51:51Z,2026-09-18T17:51:51Z,true
yorkshire:YWS00187:1789753048000,yorkshire:YWS00187,yorkshire,2026-09-18T17:37:28Z,2026-09-18T17:58:35Z,21,hub,2026-09-18T18:42:49Z,2026-09-18T18:42:49Z,false
yorkshire:YWS00187:1789754315000,yorkshire:YWS00187,yorkshire,2026-09-18T17:58:35Z,2026-09-18T18:34:13Z,36,hub,2026-09-18T20:21:27Z,2026-09-18T20:21:27Z,true
yorkshire:YWS00187:1789767522000,yorkshire:YWS00187,yorkshire,2026-09-18T21:38:42Z,2026-09-18T22:23:06Z,44,hub,2026-09-18T22:43:41Z,2026-09-18T23:24:25Z,true
yorkshire:YWS00187:1789771951000,yorkshire:YWS00187,yorkshire,2026-09-18T22:52:31Z,2026-09-18T22:52:55Z,0,hub,2026-09-19T00:41:02Z,2026-09-19T00:41:02Z,true
yorkshire:YWS00189:1788830382000,yorkshire:YWS00189,yorkshire,2026-09-08T01:19:42Z,2026-09-08T01:30:32Z,11,hub,2026-09-17T00:49:00Z,2026-09-17T00:49:00Z,true
yorkshire:YWS00194:1788820800000,yorkshire:YWS00194,yorkshire,2026-09-07T22:40:00Z,2026-09-08T00:00:00Z,80,hub,2026-09-17T00:49:00Z,2026-09-17T00:49:00Z,true
yorkshire:YWS00197:1788819349000,yorkshire:YWS00197,yorkshire,2026-09-07T22:15:49Z,2026-09-07T22:58:44Z,43,hub,2026-09-17T00:49:00Z,2026-09-17T00:49:00Z,true
yorkshire:YWS00203:1788818700000,yorkshire:YWS00203,yorkshire,2026-09-07T22:05:00Z,2026-09-07T23:14:00Z,69,hub,2026-09-17T00:49:00Z,2026-09-17T00:49:00Z,true
yorkshire:YWS00207:1788819664000,yorkshire:YWS00207,yorkshire,2026-09-07T22:21:04Z,2026-09-07T23:00:47Z,40,hub,2026-09-17T00:49:00Z,2026-09-17T00:49:00Z,true
yorkshire:YWS00208:1788820534000,yorkshire:YWS00208,yorkshire,2026-09-07T22:35:34Z,2026-09-07T23:22:48Z,47,hub,2026-09-17T00:49:00Z,2026-09-17T00:49:00Z,true
yorkshire:YWS00209:1788821340000,yorkshire:YWS00209,yorkshire,2026-09-07T22:49:00Z,2026-09-07T23:31:00Z,42,hub,2026-09-17T00:49:00Z,2026-09-17T00:49:00Z,true
yorkshire:YWS00212:1788820320000,yorkshire:YWS00212,yorkshire,2026-09-07T22:32:00Z,2026-09-07T23:01:00Z,29,hub,2026-09-17T00:49:00Z,2026-09-17T00:49:00Z,true
yorkshire:YWS00225:1788490081000,yorkshire:YWS00225,yorkshire,2026-09-04T02:48:01Z,2026-09-04T02:48:50Z,1,hub,2026-09-17T00:49:00Z,2026-09-17T00:49:00Z,true
yorkshire:YWS00228:1788830061000,yorkshire:YWS00228,yorkshire,2026-09-08T01:14:21Z,2026-09-08T01:15:05Z,1,hub,2026-09-17T00:49:00Z,2026-09-17T00:49:00Z,true
yorkshire:YWS00229:1788830054000,yorkshire:YWS00229,yorkshire,2026-09-08T01:14:14Z,2026-09-08T02:11:44Z,58,hub,2026-09-17T00:49:00Z,2026-09-17T00:49:00Z,true
yorkshire:YWS00235:1788363820000,yorkshire:YWS00235,yorkshire,2026-09-02T15:43:40Z,2026-09-02T15:44:41Z,1,hub,2026-09-17T00:49:00Z,2026-09-17T00:49:00Z,true
yorkshire:YWS00247:1788362280000,yorkshire:YWS00247,yorkshire,2026-09-02T15:18:00Z,2026-09-03T04:09:00Z,771,hub,2026-09-17T00:49:00Z,2026-09-17T00:49:00Z,true
yorkshire:YWS00249:1788483467000,yorkshire:YWS00249,yorkshire,2026-09-04T00:57:47Z,2026-09-04T03:40:53Z,163,hub,2026-09-17T00:49:00Z,2026-09-17T00:49:00Z,true
yorkshire:YWS00253:1789451340000,yorkshire:YWS00253,yorkshire,2026-09-15T05:49:00Z,2026-09-15T06:01:00Z,12,hub,2026-09-17T00:49:00Z,2026-09-17T00:49:00Z,true
yorkshire:YWS00257:1788830220000,yorkshire:YWS00257,yorkshire,2026-09-08T01:17:00Z,2026-09-08T01:31:00Z,14,hub,2026-09-17T00:49:00Z,2026-09-17T00:49:00Z,true
yorkshire:YWS00259:1788471540000,yorkshire:YWS00259,yorkshire,2026-09-03T21:39:00Z,2026-09-03T21:49:00Z,10,hub,2026-09-17T00:49:00Z,2026-09-17T00:49:00Z,true
yorkshire:YWS00268:1788830220000,yorkshire:YWS00268,yorkshire,2026-09-08T01:17:00Z,2026-09-08T01:31:00Z,14,hub,2026-09-17T00:49:00Z,2026-09-17T00:49:00Z,true
yorkshire:YWS00270:1788830220000,yorkshire:YWS00270,yorkshire,2026-09-08T01:17:00Z,2026-09-08T01:31:00Z,14,hub,2026-09-17T00:49:00Z,2026-09-17T00:49:00Z,true
yorkshire:YWS00281:1788489710000,yorkshire:YWS00281,yorkshire,2026-09-04T02:41:50Z,2026-09-04T02:48:37Z,7,hub,2026-09-17T00:49:00Z,2026-09-17T00:49:00Z,true
yorkshire:YWS00282:1788813121000,yorkshire:YWS00282,yorkshire,2026-09-07T20:32:01Z,2026-09-07T21:07:48Z,36,hub,2026-09-17T00:49:00Z,2026-09-17T00:49:00Z,true
yorkshire:YWS00284:1788830140000,yorkshire:YWS00284,yorkshire,2026-09-08T01:15:40Z,2026-09-08T03:09:28Z,114,hub,2026-09-17T00:49:00Z,2026-09-17T00:49:00Z,true
yorkshire:YWS00285:1788828838000,yorkshire:YWS00285,yorkshire,2026-09-08T00:53:58Z,2026-09-08T02:02:55Z,69,hub,2026-09-17T00:49:00Z,2026-09-17T00:49:00Z,true
yorkshire:YWS00289:1788427740000,yorkshire:YWS00289,yorkshire,2026-09-03T09:29:00Z,2026-09-07T11:08:00Z,5859,hub,2026-09-17T00:49:00Z,2026-09-17T00:49:00Z,true
yorkshire:YWS00290:1788465758000,yorkshire:YWS00290,yorkshire,2026-09-03T20:02:38Z,2026-09-03T20:21:36Z,19,hub,2026-09-17T00:49:00Z,2026-09-17T00:49:00Z,true
yorkshire:YWS00291:1789151568000,yorkshire:YWS00291,yorkshire,2026-09-11T18:32:48Z,2026-09-11T19:09:20Z,37,hub,2026-09-17T00:49:00Z,2026-09-17T00:49:00Z,true
yorkshire:YWS00293:1789453641000,yorkshire:YWS00293,yorkshire,2026-09-15T06:27:21Z,2026-09-15T06:29:11Z,2,hub,2026-09-17T00:49:00Z,2026-09-17T00:49:00Z,true
yorkshire:YWS00295:1788464809000,yorkshire:YWS00295,yorkshire,2026-09-03T19:46:49Z,2026-09-03T20:45:36Z,59,hub,2026-09-17T00:49:00Z,2026-09-17T00:49:00Z,true
yorkshire:YWS00296:1788812182000,yorkshire:YWS00296,yorkshire,2026-09-07T20:16:22Z,2026-09-07T20:35:02Z,19,hub,2026-09-17T00:49:00Z,2026-09-17T00:49:00Z,true
yorkshire:YWS00298:1788465840000,yorkshire:YWS00298,yorkshire,2026-09-03T20:04:00Z,2026-09-03T20:16:00Z,12,hub,2026-09-17T00:49:00Z,2026-09-17T00:49:00Z,true
yorkshire:YWS00300:1789440897000,yorkshire:YWS00300,yorkshire,2026-09-15T02:54:57Z,2026-09-15T03:09:03Z,14,hub,2026-09-17T00:49:00Z,2026-09-17T00:49:00Z,true
yorkshire:YWS00300:1789614043000,yorkshire:YWS00300,yorkshire,2026-09-17T03:00:43Z,2026-09-17T04:28:22Z,88,hub,2026-09-17T11:32:49Z,2026-09-17T11:32:49Z,true
yorkshire:YWS00303:1788466877000,yorkshire:YWS00303,yorkshire,2026-09-03T20:21:17Z,2026-09-03T21:44:49Z,84,hub,2026-09-17T00:49:00Z,2026-09-17T00:49:00Z,true
yorkshire:YWS00310:1788812729000,yorkshire:YWS00310,yorkshire,2026-09-07T20:25:29Z,2026-09-07T20:27:26Z,2,hub,2026-09-17T00:49:00Z,2026-09-17T00:49:00Z,true
yorkshire:YWS00310:1789669513000,yorkshire:YWS00310,yorkshire,2026-09-17T18:25:13Z,2026-09-17T18:26:50Z,2,hub,2026-09-17T22:13:42Z,2026-09-17T22:13:42Z,true
yorkshire:YWS00311:1789462036000,yorkshire:YWS00311,yorkshire,2026-09-15T08:47:16Z,2026-09-15T08:56:36Z,9,hub,2026-09-17T00:49:00Z,2026-09-17T00:49:00Z,true
yorkshire:YWS00315:1788787029000,yorkshire:YWS00315,yorkshire,2026-09-07T13:17:09Z,2026-09-07T13:18:05Z,1,hub,2026-09-17T00:49:00Z,2026-09-17T00:49:00Z,true
yorkshire:YWS00323:1788465743000,yorkshire:YWS00323,yorkshire,2026-09-03T20:02:23Z,2026-09-03T20:49:58Z,48,hub,2026-09-17T00:49:00Z,2026-09-17T00:49:00Z,true
yorkshire:YWS00327:1788813260000,yorkshire:YWS00327,yorkshire,2026-09-07T20:34:20Z,2026-09-07T20:49:20Z,15,hub,2026-09-17T00:49:00Z,2026-09-17T00:49:00Z,true
yorkshire:YWS00336:1788487891000,yorkshire:YWS00336,yorkshire,2026-09-04T02:11:31Z,2026-09-04T02:56:39Z,45,hub,2026-09-17T00:49:00Z,2026-09-17T00:49:00Z,true
yorkshire:YWS00342:1788831211000,yorkshire:YWS00342,yorkshire,2026-09-08T01:33:31Z,2026-09-08T01:36:55Z,3,hub,2026-09-17T00:49:00Z,2026-09-17T00:49:00Z,true
yorkshire:YWS00348:1789586359000,yorkshire:YWS00348,yorkshire,2026-09-16T19:19:19Z,2026-09-16T19:21:04Z,2,hub,2026-09-17T00:49:00Z,2026-09-17T00:49:00Z,true
yorkshire:YWS00348:1789644517000,yorkshire:YWS00348,yorkshire,2026-09-17T11:28:37Z,2026-09-17T11:29:11Z,1,hub,2026-09-17T13:51:58Z,2026-09-17T13:51:58Z,true
yorkshire:YWS00348:1789716003000,yorkshire:YWS00348,yorkshire,2026-09-18T07:20:03Z,2026-09-18T07:22:17Z,2,hub,2026-09-18T10:30:40Z,2026-09-18T10:30:40Z,true
yorkshire:YWS00348:1789757804000,yorkshire:YWS00348,yorkshire,2026-09-18T18:56:44Z,2026-09-18T18:59:54Z,3,hub,2026-09-18T20:21:27Z,2026-09-18T20:21:27Z,true
yorkshire:YWS00357:1788808955000,yorkshire:YWS00357,yorkshire,2026-09-07T19:22:35Z,2026-09-07T19:27:19Z,5,hub,2026-09-17T00:49:00Z,2026-09-17T00:49:00Z,true
yorkshire:YWS00358:1788486507000,yorkshire:YWS00358,yorkshire,2026-09-04T01:48:27Z,2026-09-04T02:25:20Z,37,hub,2026-09-17T00:49:00Z,2026-09-17T00:49:00Z,true
yorkshire:YWS00361:1788467465000,yorkshire:YWS00361,yorkshire,2026-09-03T20:31:05Z,2026-09-03T21:58:45Z,88,hub,2026-09-17T00:49:00Z,2026-09-17T00:49:00Z,true
yorkshire:YWS00362:1788693835000,yorkshire:YWS00362,yorkshire,2026-09-06T11:23:55Z,2026-09-06T11:38:51Z,15,hub,2026-09-17T00:49:00Z,2026-09-17T00:49:00Z,true
yorkshire:YWS00365:1788525098000,yorkshire:YWS00365,yorkshire,2026-09-04T12:31:38Z,2026-09-04T12:50:34Z,19,hub,2026-09-17T00:49:00Z,2026-09-17T00:49:00Z,true
yorkshire:YWS00367:1788830697000,yorkshire:YWS00367,yorkshire,2026-09-08T01:24:57Z,2026-09-08T01:30:41Z,6,hub,2026-09-17T00:49:00Z,2026-09-17T00:49:00Z,true
yorkshire:YWS00374:1789452407000,yorkshire:YWS00374,yorkshire,2026-09-15T06:06:47Z,2026-09-15T06:13:00Z,6,hub,2026-09-17T00:49:00Z,2026-09-17T00:49:00Z,true
yorkshire:YWS00374:1789739689000,yorkshire:YWS00374,yorkshire,2026-09-18T13:54:49Z,2026-09-18T14:07:49Z,13,hub,2026-09-18T14:58:06Z,2026-09-18T14:58:06Z,true
yorkshire:YWS00377:1788466440000,yorkshire:YWS00377,yorkshire,2026-09-03T20:14:00Z,2026-09-03T21:01:00Z,47,hub,2026-09-17T00:49:00Z,2026-09-17T00:49:00Z,true
yorkshire:YWS00382:1788485741000,yorkshire:YWS00382,yorkshire,2026-09-04T01:35:41Z,2026-09-04T02:11:19Z,36,hub,2026-09-17T00:49:00Z,2026-09-17T00:49:00Z,true
yorkshire:YWS00388:1788823380000,yorkshire:YWS00388,yorkshire,2026-09-07T23:23:00Z,2026-09-07T23:26:00Z,3,hub,2026-09-17T00:49:00Z,2026-09-17T00:49:00Z,true
yorkshire:YWS00395:1788490758000,yorkshire:YWS00395,yorkshire,2026-09-04T02:59:18Z,2026-09-04T03:00:59Z,2,hub,2026-09-17T00:49:00Z,2026-09-17T00:49:00Z,true
yorkshire:YWS00398:1788821658000,yorkshire:YWS00398,yorkshire,2026-09-07T22:54:18Z,2026-09-07T23:21:45Z,27,hub,2026-09-17T00:49:00Z,2026-09-17T00:49:00Z,true
yorkshire:YWS00406:1788824744000,yorkshire:YWS00406,yorkshire,2026-09-07T23:45:44Z,2026-09-08T00:40:06Z,54,hub,2026-09-17T00:49:00Z,2026-09-17T00:49:00Z,true
yorkshire:YWS00425:1788339600000,yorkshire:YWS00425,yorkshire,2026-09-02T09:00:00Z,,,hub,2026-09-17T00:49:00Z,2026-09-17T00:49:00Z,
yorkshire:YWS00426:1789086826000,yorkshire:YWS00426,yorkshire,2026-09-11T00:33:46Z,2026-09-11T00:58:08Z,24,hub,2026-09-17T00:49:00Z,2026-09-17T00:49:00Z,true
yorkshire:YWS00426:1789740019000,yorkshire:YWS00426,yorkshire,2026-09-18T14:00:19Z,2026-09-18T14:31:06Z,31,hub,2026-09-18T14:58:06Z,2026-09-18T15:18:24Z,true
yorkshire:YWS00431:1789659053000,yorkshire:YWS00431,yorkshire,2026-09-17T15:30:53Z,2026-09-17T15:36:48Z,6,hub,2026-09-18T10:30:40Z,2026-09-18T10:30:40Z,true
yorkshire:YWS00439:1788488230000,yorkshire:YWS00439,yorkshire,2026-09-04T02:17:10Z,2026-09-04T03:08:49Z,52,hub,2026-09-17T00:49:00Z,2026-09-17T00:49:00Z,true
yorkshire:YWS00442:1788820104000,yorkshire:YWS00442,yorkshire,2026-09-07T22:28:24Z,2026-09-07T22:35:59Z,8,hub,2026-09-17T00:49:00Z,2026-09-17T00:49:00Z,true
yorkshire:YWS00445:1788822541000,yorkshire:YWS00445,yorkshire,2026-09-07T23:09:01Z,2026-09-07T23:44:50Z,36,hub,2026-09-17T00:49:00Z,2026-09-17T00:49:00Z,true
yorkshire:YWS00446:1788819957000,yorkshire:YWS00446,yorkshire,2026-09-07T22:25:57Z,2026-09-07T23:08:20Z,42,hub,2026-09-17T00:49:00Z,2026-09-17T00:49:00Z,true
yorkshire:YWS00450:1788823689000,yorkshire:YWS00450,yorkshire,2026-09-07T23:28:09Z,2026-09-07T23:28:33Z,0,hub,2026-09-17T00:49:00Z,2026-09-17T00:49:00Z,true
yorkshire:YWS00451:1788822509000,yorkshire:YWS00451,yorkshire,2026-09-07T23:08:29Z,2026-09-07T23:33:50Z,25,hub,2026-09-17T00:49:00Z,2026-09-17T00:49:00Z,true
yorkshire:YWS00456:1789639380000,yorkshire:YWS00456,yorkshire,2026-09-17T10:03:00Z,2026-09-17T10:03:19Z,0,hub,2026-09-17T11:32:49Z,2026-09-17T11:32:49Z,true
yorkshire:YWS00457:1788301360000,yorkshire:YWS00457,yorkshire,2026-09-01T22:22:40Z,2026-09-01T22:29:20Z,7,hub,2026-09-17T00:49:00Z,2026-09-17T00:49:00Z,true
yorkshire:YWS00467:1788820138000,yorkshire:YWS00467,yorkshire,2026-09-07T22:28:58Z,2026-09-07T22:35:13Z,6,hub,2026-09-17T00:49:00Z,2026-09-17T00:49:00Z,true
yorkshire:YWS00478:1788698739000,yorkshire:YWS00478,yorkshire,2026-09-06T12:45:39Z,2026-09-06T12:59:05Z,13,hub,2026-09-17T00:49:00Z,2026-09-17T00:49:00Z,true
yorkshire:YWS00482:1788491288000,yorkshire:YWS00482,yorkshire,2026-09-04T03:08:08Z,2026-09-04T03:08:28Z,0,hub,2026-09-17T00:49:00Z,2026-09-17T00:49:00Z,true
yorkshire:YWS00484:1788487001000,yorkshire:YWS00484,yorkshire,2026-09-04T01:56:41Z,2026-09-04T03:31:29Z,95,hub,2026-09-17T00:49:00Z,2026-09-17T00:49:00Z,true
yorkshire:YWS00485:1788484687000,yorkshire:YWS00485,yorkshire,2026-09-04T01:18:07Z,2026-09-04T03:13:58Z,116,hub,2026-09-17T00:49:00Z,2026-09-17T00:49:00Z,true
yorkshire:YWS00486:1788488526000,yorkshire:YWS00486,yorkshire,2026-09-04T02:22:06Z,2026-09-04T02:54:53Z,33,hub,2026-09-17T00:49:00Z,2026-09-17T00:49:00Z,true
yorkshire:YWS00491:1789027200000,yorkshire:YWS00491,yorkshire,2026-09-10T08:00:00Z,2026-09-10T08:01:00Z,1,hub,2026-09-17T00:49:00Z,2026-09-17T00:49:00Z,true
yorkshire:YWS00494:1789132620000,yorkshire:YWS00494,yorkshire,2026-09-11T13:17:00Z,2026-09-11T16:27:00Z,190,hub,2026-09-17T00:49:00Z,2026-09-17T00:49:00Z,true
yorkshire:YWS00495:1788469980000,yorkshire:YWS00495,yorkshire,2026-09-03T21:13:00Z,2026-09-03T21:31:00Z,18,hub,2026-09-17T00:49:00Z,2026-09-17T00:49:00Z,true
yorkshire:YWS00496:1788467189000,yorkshire:YWS00496,yorkshire,2026-09-03T20:26:29Z,2026-09-03T20:45:55Z,19,hub,2026-09-17T00:49:00Z,2026-09-17T00:49:00Z,true
yorkshire:YWS00497:1788829848000,yorkshire:YWS00497,yorkshire,2026-09-08T01:10:48Z,2026-09-08T01:50:16Z,39,hub,2026-09-17T00:49:00Z,2026-09-17T00:49:00Z,true
yorkshire:YWS00498:1788813825000,yorkshire:YWS00498,yorkshire,2026-09-07T20:43:45Z,2026-09-07T20:51:49Z,8,hub,2026-09-17T00:49:00Z,2026-09-17T00:49:00Z,true
yorkshire:YWS00499:1788485433000,yorkshire:YWS00499,yorkshire,2026-09-04T01:30:33Z,2026-09-04T02:23:48Z,53,hub,2026-09-17T00:49:00Z,2026-09-17T00:49:00Z,true
yorkshire:YWS00502:1788486522000,yorkshire:YWS00502,yorkshire,2026-09-04T01:48:42Z,2026-09-04T02:03:47Z,15,hub,2026-09-17T00:49:00Z,2026-09-17T00:49:00Z,true
yorkshire:YWS00519:1788490080000,yorkshire:YWS00519,yorkshire,2026-09-04T02:48:00Z,2026-09-04T03:16:00Z,28,hub,2026-09-17T00:49:00Z,2026-09-17T00:49:00Z,true
yorkshire:YWS00521:1788401524000,yorkshire:YWS00521,yorkshire,2026-09-03T02:12:04Z,2026-09-03T02:12:14Z,0,hub,2026-09-17T00:49:00Z,2026-09-17T00:49:00Z,true
yorkshire:YWS00525:1788491814000,yorkshire:YWS00525,yorkshire,2026-09-04T03:16:54Z,2026-09-04T06:08:12Z,171,hub,2026-09-17T00:49:00Z,2026-09-17T00:49:00Z,true
yorkshire:YWS00526:1788948261000,yorkshire:YWS00526,yorkshire,2026-09-09T10:04:21Z,2026-09-09T14:22:20Z,258,hub,2026-09-17T00:49:00Z,2026-09-17T00:49:00Z,true
yorkshire:YWS00532:1788489385000,yorkshire:YWS00532,yorkshire,2026-09-04T02:36:25Z,2026-09-04T02:38:38Z,2,hub,2026-09-17T00:49:00Z,2026-09-17T00:49:00Z,true
yorkshire:YWS00536:1788488851000,yorkshire:YWS00536,yorkshire,2026-09-04T02:27:31Z,2026-09-04T02:35:16Z,8,hub,2026-09-17T00:49:00Z,2026-09-17T00:49:00Z,true
yorkshire:YWS00543:1789586813000,yorkshire:YWS00543,yorkshire,2026-09-16T19:26:53Z,2026-09-16T19:33:27Z,7,hub,2026-09-17T00:49:00Z,2026-09-17T00:49:00Z,true
yorkshire:YWS00543:1789640053000,yorkshire:YWS00543,yorkshire,2026-09-17T10:14:13Z,2026-09-17T10:17:48Z,4,hub,2026-09-17T11:32:49Z,2026-09-17T11:32:49Z,true
yorkshire:YWS00543:1789643392000,yorkshire:YWS00543,yorkshire,2026-09-17T11:09:52Z,2026-09-17T11:13:57Z,4,hub,2026-09-17T13:51:58Z,2026-09-17T13:51:58Z,true
yorkshire:YWS00543:1789667310000,yorkshire:YWS00543,yorkshire,2026-09-17T17:48:30Z,2026-09-17T17:49:14Z,1,hub,2026-09-17T19:14:51Z,2026-09-17T19:14:51Z,true
yorkshire:YWS00543:1789677837000,yorkshire:YWS00543,yorkshire,2026-09-17T20:43:57Z,2026-09-17T20:48:41Z,5,hub,2026-09-17T22:13:42Z,2026-09-17T22:13:42Z,true
yorkshire:YWS00543:1789681761000,yorkshire:YWS00543,yorkshire,2026-09-17T21:49:21Z,2026-09-17T21:52:11Z,3,hub,2026-09-17T22:57:48Z,2026-09-17T22:57:48Z,true
yorkshire:YWS00543:1789717262000,yorkshire:YWS00543,yorkshire,2026-09-18T07:41:02Z,2026-09-18T07:49:37Z,9,hub,2026-09-18T10:30:40Z,2026-09-18T10:30:40Z,true
yorkshire:YWS00543:1789740439000,yorkshire:YWS00543,yorkshire,2026-09-18T14:07:19Z,2026-09-18T14:29:50Z,23,hub,2026-09-18T14:58:06Z,2026-09-18T14:58:06Z,false
yorkshire:YWS00543:1789741790000,yorkshire:YWS00543,yorkshire,2026-09-18T14:29:50Z,2026-09-18T15:28:34Z,59,hub,2026-09-18T15:18:24Z,2026-09-18T15:18:24Z,false
yorkshire:YWS00543:1789745314000,yorkshire:YWS00543,yorkshire,2026-09-18T15:28:34Z,2026-09-18T15:30:48Z,2,hub,2026-09-18T17:51:51Z,2026-09-18T17:51:51Z,true
yorkshire:YWS00543:1789753439000,yorkshire:YWS00543,yorkshire,2026-09-18T17:50:39Z,2026-09-18T17:50:58Z,0,hub,2026-09-18T18:42:49Z,2026-09-18T20:21:27Z,true
yorkshire:YWS00545:1788488948000,yorkshire:YWS00545,yorkshire,2026-09-04T02:29:08Z,2026-09-04T02:41:37Z,12,hub,2026-09-17T00:49:00Z,2026-09-17T00:49:00Z,true
yorkshire:YWS00548:1789391864000,yorkshire:YWS00548,yorkshire,2026-09-14T13:17:44Z,2026-09-14T13:59:14Z,42,hub,2026-09-17T00:49:00Z,2026-09-17T00:49:00Z,true
yorkshire:YWS00551:1788827191000,yorkshire:YWS00551,yorkshire,2026-09-08T00:26:31Z,2026-09-08T00:26:52Z,0,hub,2026-09-17T00:49:00Z,2026-09-17T00:49:00Z,true
yorkshire:YWS00557:1789296882000,yorkshire:YWS00557,yorkshire,2026-09-13T10:54:42Z,2026-09-13T10:55:57Z,1,hub,2026-09-17T00:49:00Z,2026-09-17T00:49:00Z,true
yorkshire:YWS00569:1788883932000,yorkshire:YWS00569,yorkshire,2026-09-08T16:12:12Z,2026-09-08T16:19:27Z,7,hub,2026-09-17T00:49:00Z,2026-09-17T00:49:00Z,true
yorkshire:YWS00576:1789587379000,yorkshire:YWS00576,yorkshire,2026-09-16T19:36:19Z,2026-09-16T19:36:26Z,0,hub,2026-09-17T00:49:00Z,2026-09-17T00:49:00Z,true
yorkshire:YWS00576:1789674988000,yorkshire:YWS00576,yorkshire,2026-09-17T19:56:28Z,2026-09-17T19:56:31Z,0,hub,2026-09-17T22:13:42Z,2026-09-17T22:13:42Z,true
yorkshire:YWS00577:1788611831000,yorkshire:YWS00577,yorkshire,2026-09-05T12:37:11Z,2026-09-05T20:27:04Z,470,hub,2026-09-17T00:49:00Z,2026-09-17T00:49:00Z,true
yorkshire:YWS00592:1788486568000,yorkshire:YWS00592,yorkshire,2026-09-04T01:49:28Z,2026-09-04T01:55:08Z,6,hub,2026-09-17T00:49:00Z,2026-09-17T00:49:00Z,true
yorkshire:YWS00593:1789201310000,yorkshire:YWS00593,yorkshire,2026-09-12T08:21:50Z,2026-09-12T08:48:24Z,27,hub,2026-09-17T00:49:00Z,2026-09-17T00:49:00Z,true
yorkshire:YWS00598:1788708215000,yorkshire:YWS00598,yorkshire,2026-09-06T15:23:35Z,2026-09-06T15:24:19Z,1,hub,2026-09-17T00:49:00Z,2026-09-17T00:49:00Z,true
yorkshire:YWS00617:1789202040000,yorkshire:YWS00617,yorkshire,2026-09-12T08:34:00Z,2026-09-12T08:48:00Z,14,hub,2026-09-17T00:49:00Z,2026-09-17T00:49:00Z,true
yorkshire:YWS00619:1788817080000,yorkshire:YWS00619,yorkshire,2026-09-07T21:38:00Z,2026-09-07T22:09:00Z,31,hub,2026-09-17T00:49:00Z,2026-09-17T00:49:00Z,true
yorkshire:YWS00620:1788489574000,yorkshire:YWS00620,yorkshire,2026-09-04T02:39:34Z,2026-09-04T02:45:09Z,6,hub,2026-09-17T00:49:00Z,2026-09-17T00:49:00Z,true
yorkshire:YWS00622:1788814500000,yorkshire:YWS00622,yorkshire,2026-09-07T20:55:00Z,2026-09-07T21:10:00Z,15,hub,2026-09-17T00:49:00Z,2026-09-17T00:49:00Z,true
yorkshire:YWS00624:1788826799000,yorkshire:YWS00624,yorkshire,2026-09-08T00:19:59Z,2026-09-08T00:30:34Z,11,hub,2026-09-17T00:49:00Z,2026-09-17T00:49:00Z,true
yorkshire:YWS00625:1788823920000,yorkshire:YWS00625,yorkshire,2026-09-07T23:32:00Z,2026-09-08T00:01:00Z,29,hub,2026-09-17T00:49:00Z,2026-09-17T00:49:00Z,true
yorkshire:YWS00626:1788819651000,yorkshire:YWS00626,yorkshire,2026-09-07T22:20:51Z,2026-09-07T22:43:07Z,22,hub,2026-09-17T00:49:00Z,2026-09-17T00:49:00Z,true
yorkshire:YWS00630:1788813136000,yorkshire:YWS00630,yorkshire,2026-09-07T20:32:16Z,2026-09-07T21:55:45Z,83,hub,2026-09-17T00:49:00Z,2026-09-17T00:49:00Z,true
yorkshire:YWS00633:1788822344000,yorkshire:YWS00633,yorkshire,2026-09-07T23:05:44Z,2026-09-07T23:18:04Z,12,hub,2026-09-17T00:49:00Z,2026-09-17T00:49:00Z,true
yorkshire:YWS00634:1788983374000,yorkshire:YWS00634,yorkshire,2026-09-09T19:49:34Z,2026-09-09T19:55:30Z,6,hub,2026-09-17T00:49:00Z,2026-09-17T00:49:00Z,true
yorkshire:YWS00635:1789434549000,yorkshire:YWS00635,yorkshire,2026-09-15T01:09:09Z,2026-09-15T01:09:13Z,0,hub,2026-09-17T00:49:00Z,2026-09-17T00:49:00Z,true
yorkshire:YWS00636:1788501767000,yorkshire:YWS00636,yorkshire,2026-09-04T06:02:47Z,2026-09-04T06:05:07Z,2,hub,2026-09-17T00:49:00Z,2026-09-17T00:49:00Z,true
yorkshire:YWS00637:1789474556000,yorkshire:YWS00637,yorkshire,2026-09-15T12:15:56Z,2026-09-15T17:37:46Z,322,hub,2026-09-17T00:49:00Z,2026-09-17T00:49:00Z,true
yorkshire:YWS00641:1788830760000,yorkshire:YWS00641,yorkshire,2026-09-08T01:26:00Z,2026-09-08T01:41:00Z,15,hub,2026-09-17T00:49:00Z,2026-09-17T00:49:00Z,true
yorkshire:YWS00643:1788468781000,yorkshire:YWS00643,yorkshire,2026-09-03T20:53:01Z,2026-09-04T03:28:32Z,396,hub,2026-09-17T00:49:00Z,2026-09-17T00:49:00Z,true
yorkshire:YWS00647:1788822120000,yorkshire:YWS00647,yorkshire,2026-09-07T23:02:00Z,2026-09-08T01:16:00Z,134,hub,2026-09-17T00:49:00Z,2026-09-17T00:49:00Z,true
yorkshire:YWS00649:1788530521000,yorkshire:YWS00649,yorkshire,2026-09-04T14:02:01Z,2026-09-04T14:11:37Z,10,hub,2026-09-17T00:49:00Z,2026-09-17T00:49:00Z,true
yorkshire:YWS00652:1789442960000,yorkshire:YWS00652,yorkshire,2026-09-15T03:29:20Z,2026-09-15T03:48:07Z,19,hub,2026-09-17T00:49:00Z,2026-09-17T00:49:00Z,true
yorkshire:YWS00652:1789764876000,yorkshire:YWS00652,yorkshire,2026-09-18T20:54:36Z,2026-09-18T21:42:05Z,47,hub,2026-09-18T22:43:41Z,2026-09-18T22:43:41Z,true
yorkshire:YWS00653:1788489705000,yorkshire:YWS00653,yorkshire,2026-09-04T02:41:45Z,2026-09-04T02:42:45Z,1,hub,2026-09-17T00:49:00Z,2026-09-17T00:49:00Z,true
yorkshire:YWS00657:1788487320000,yorkshire:YWS00657,yorkshire,2026-09-04T02:02:00Z,2026-09-04T02:16:00Z,14,hub,2026-09-17T00:49:00Z,2026-09-17T00:49:00Z,true
yorkshire:YWS00658:1788821094000,yorkshire:YWS00658,yorkshire,2026-09-07T22:44:54Z,2026-09-07T23:20:53Z,36,hub,2026-09-17T00:49:00Z,2026-09-17T00:49:00Z,true
yorkshire:YWS00662:1788336428000,yorkshire:YWS00662,yorkshire,2026-09-02T08:07:08Z,2026-09-02T08:07:17Z,0,hub,2026-09-17T00:49:00Z,2026-09-17T00:49:00Z,true
yorkshire:YWS00665:1789445319000,yorkshire:YWS00665,yorkshire,2026-09-15T04:08:39Z,2026-09-15T04:08:53Z,0,hub,2026-09-17T00:49:00Z,2026-09-17T00:49:00Z,true
yorkshire:YWS00668:1788818758000,yorkshire:YWS00668,yorkshire,2026-09-07T22:05:58Z,2026-09-07T23:34:33Z,89,hub,2026-09-17T00:49:00Z,2026-09-17T00:49:00Z,true
yorkshire:YWS00670:1788509160000,yorkshire:YWS00670,yorkshire,2026-09-04T08:06:00Z,2026-09-04T08:10:00Z,4,hub,2026-09-17T00:49:00Z,2026-09-17T00:49:00Z,true
yorkshire:YWS00672:1788820773000,yorkshire:YWS00672,yorkshire,2026-09-07T22:39:33Z,2026-09-07T23:07:04Z,28,hub,2026-09-17T00:49:00Z,2026-09-17T00:49:00Z,true
yorkshire:YWS00676:1788826620000,yorkshire:YWS00676,yorkshire,2026-09-08T00:17:00Z,2026-09-08T00:31:00Z,14,hub,2026-09-17T00:49:00Z,2026-09-17T00:49:00Z,true
yorkshire:YWS00676:1789626720000,yorkshire:YWS00676,yorkshire,2026-09-17T06:32:00Z,2026-09-17T07:01:00Z,29,hub,2026-09-17T11:32:49Z,2026-09-17T11:32:49Z,true
yorkshire:YWS00677:1788467257000,yorkshire:YWS00677,yorkshire,2026-09-03T20:27:37Z,2026-09-03T21:03:35Z,36,hub,2026-09-17T00:49:00Z,2026-09-17T00:49:00Z,true
yorkshire:YWS00678:1788485520000,yorkshire:YWS00678,yorkshire,2026-09-04T01:32:00Z,2026-09-04T02:31:00Z,59,hub,2026-09-17T00:49:00Z,2026-09-17T00:49:00Z,true
yorkshire:YWS00679:1788486968000,yorkshire:YWS00679,yorkshire,2026-09-04T01:56:08Z,2026-09-04T02:10:54Z,15,hub,2026-09-17T00:49:00Z,2026-09-17T00:49:00Z,true
yorkshire:YWS00683:1788485705000,yorkshire:YWS00683,yorkshire,2026-09-04T01:35:05Z,2026-09-04T02:16:12Z,41,hub,2026-09-17T00:49:00Z,2026-09-17T00:49:00Z,true
yorkshire:YWS00684:1788490020000,yorkshire:YWS00684,yorkshire,2026-09-04T02:47:00Z,2026-09-04T03:01:00Z,14,hub,2026-09-17T00:49:00Z,2026-09-17T00:49:00Z,true
yorkshire:YWS00690:1788816829000,yorkshire:YWS00690,yorkshire,2026-09-07T21:33:49Z,2026-09-07T21:34:28Z,1,hub,2026-09-17T00:49:00Z,2026-09-17T00:49:00Z,true
yorkshire:YWS00692:1788486176000,yorkshire:YWS00692,yorkshire,2026-09-04T01:42:56Z,2026-09-04T01:49:06Z,6,hub,2026-09-17T00:49:00Z,2026-09-17T00:49:00Z,true
yorkshire:YWS00693:1788472587000,yorkshire:YWS00693,yorkshire,2026-09-03T21:56:27Z,2026-09-03T22:11:12Z,15,hub,2026-09-17T00:49:00Z,2026-09-17T00:49:00Z,true
yorkshire:YWS00700:1788910781000,yorkshire:YWS00700,yorkshire,2026-09-08T23:39:41Z,2026-09-08T23:39:50Z,0,hub,2026-09-17T00:49:00Z,2026-09-17T00:49:00Z,true
yorkshire:YWS00701:1788968761000,yorkshire:YWS00701,yorkshire,2026-09-09T15:46:01Z,2026-09-09T15:48:00Z,2,hub,2026-09-17T00:49:00Z,2026-09-17T00:49:00Z,true
yorkshire:YWS00704:1788824712000,yorkshire:YWS00704,yorkshire,2026-09-07T23:45:12Z,2026-09-08T00:06:53Z,22,hub,2026-09-17T00:49:00Z,2026-09-17T00:49:00Z,true
yorkshire:YWS00706:1789495200000,yorkshire:YWS00706,yorkshire,2026-09-15T18:00:00Z,2026-09-15T18:01:00Z,1,hub,2026-09-17T00:49:00Z,2026-09-17T00:49:00Z,true
yorkshire:YWS00706:1789715820000,yorkshire:YWS00706,yorkshire,2026-09-18T07:17:00Z,2026-09-18T07:31:00Z,14,hub,2026-09-18T10:30:40Z,2026-09-18T10:30:40Z,true
yorkshire:YWS00707:1788823980000,yorkshire:YWS00707,yorkshire,2026-09-07T23:33:00Z,2026-09-08T00:01:00Z,28,hub,2026-09-17T00:49:00Z,2026-09-17T00:49:00Z,true
yorkshire:YWS00708:1788811507000,yorkshire:YWS00708,yorkshire,2026-09-07T20:05:07Z,2026-09-07T20:32:18Z,27,hub,2026-09-17T00:49:00Z,2026-09-17T00:49:00Z,true
yorkshire:YWS00709:1788818520000,yorkshire:YWS00709,yorkshire,2026-09-07T22:02:00Z,2026-09-07T23:45:29Z,103,hub,2026-09-17T00:49:00Z,2026-09-17T00:49:00Z,true
yorkshire:YWS00711:1788486932000,yorkshire:YWS00711,yorkshire,2026-09-04T01:55:32Z,2026-09-04T02:03:42Z,8,hub,2026-09-17T00:49:00Z,2026-09-17T00:49:00Z,true
yorkshire:YWS00713:1788486198000,yorkshire:YWS00713,yorkshire,2026-09-04T01:43:18Z,2026-09-04T02:07:51Z,25,hub,2026-09-17T00:49:00Z,2026-09-17T00:49:00Z,true
yorkshire:YWS00719:1788821220000,yorkshire:YWS00719,yorkshire,2026-09-07T22:47:00Z,2026-09-08T01:01:00Z,134,hub,2026-09-17T00:49:00Z,2026-09-17T00:49:00Z,true
yorkshire:YWS00722:1788817009000,yorkshire:YWS00722,yorkshire,2026-09-07T21:36:49Z,2026-09-07T22:13:41Z,37,hub,2026-09-17T00:49:00Z,2026-09-17T00:49:00Z,true
yorkshire:YWS00723:1789173000000,yorkshire:YWS00723,yorkshire,2026-09-12T00:30:00Z,2026-09-12T00:31:00Z,1,hub,2026-09-17T00:49:00Z,2026-09-17T00:49:00Z,true
yorkshire:YWS00728:1788821306000,yorkshire:YWS00728,yorkshire,2026-09-07T22:48:26Z,2026-09-07T22:53:06Z,5,hub,2026-09-17T00:49:00Z,2026-09-17T00:49:00Z,true
yorkshire:YWS00731:1788486428000,yorkshire:YWS00731,yorkshire,2026-09-04T01:47:08Z,2026-09-04T02:01:44Z,15,hub,2026-09-17T00:49:00Z,2026-09-17T00:49:00Z,true
yorkshire:YWS00732:1789278014000,yorkshire:YWS00732,yorkshire,2026-09-13T05:40:14Z,2026-09-13T05:46:29Z,6,hub,2026-09-17T00:49:00Z,2026-09-17T00:49:00Z,true
yorkshire:YWS00742:1788486537000,yorkshire:YWS00742,yorkshire,2026-09-04T01:48:57Z,2026-09-04T02:05:28Z,17,hub,2026-09-17T00:49:00Z,2026-09-17T00:49:00Z,true
yorkshire:YWS00744:1788486693000,yorkshire:YWS00744,yorkshire,2026-09-04T01:51:33Z,2026-09-04T02:03:39Z,12,hub,2026-09-17T00:49:00Z,2026-09-17T00:49:00Z,true
yorkshire:YWS00747:1788966384000,yorkshire:YWS00747,yorkshire,2026-09-09T15:06:24Z,2026-09-09T15:07:02Z,1,hub,2026-09-17T00:49:00Z,2026-09-17T00:49:00Z,true
yorkshire:YWS00748:1788818277000,yorkshire:YWS00748,yorkshire,2026-09-07T21:57:57Z,2026-09-07T22:08:37Z,11,hub,2026-09-17T00:49:00Z,2026-09-17T00:49:00Z,true
yorkshire:YWS00753:1789451254000,yorkshire:YWS00753,yorkshire,2026-09-15T05:47:34Z,2026-09-15T05:54:32Z,7,hub,2026-09-17T00:49:00Z,2026-09-17T00:49:00Z,true
yorkshire:YWS00753:1789674295000,yorkshire:YWS00753,yorkshire,2026-09-17T19:44:55Z,2026-09-17T19:46:44Z,2,hub,2026-09-17T22:13:42Z,2026-09-17T22:13:42Z,true
yorkshire:YWS00754:1788487320000,yorkshire:YWS00754,yorkshire,2026-09-04T02:02:00Z,2026-09-04T03:16:00Z,74,hub,2026-09-17T00:49:00Z,2026-09-17T00:49:00Z,true
yorkshire:YWS00755:1788487380000,yorkshire:YWS00755,yorkshire,2026-09-04T02:03:00Z,2026-09-04T03:16:00Z,73,hub,2026-09-17T00:49:00Z,2026-09-17T00:49:00Z,true
yorkshire:YWS00757:1788831183000,yorkshire:YWS00757,yorkshire,2026-09-08T01:33:03Z,2026-09-08T01:46:15Z,13,hub,2026-09-17T00:49:00Z,2026-09-17T00:49:00Z,true
yorkshire:YWS00757:1789752789000,yorkshire:YWS00757,yorkshire,2026-09-18T17:33:09Z,2026-09-18T18:22:51Z,50,hub,2026-09-18T18:42:49Z,2026-09-18T20:21:27Z,true
yorkshire:YWS00757:1789770081000,yorkshire:YWS00757,yorkshire,2026-09-18T22:21:21Z,2026-09-18T23:29:08Z,68,hub,2026-09-18T23:24:25Z,2026-09-18T23:24:25Z,false
yorkshire:YWS00757:1789774148000,yorkshire:YWS00757,yorkshire,2026-09-18T23:29:08Z,,,hub,2026-09-19T00:41:02Z,2026-09-19T00:41:02Z,
yorkshire:YWS00758:1789452798000,yorkshire:YWS00758,yorkshire,2026-09-15T06:13:18Z,2026-09-15T06:13:42Z,0,hub,2026-09-17T00:49:00Z,2026-09-17T00:49:00Z,true
yorkshire:YWS00758:1789751877000,yorkshire:YWS00758,yorkshire,2026-09-18T17:17:57Z,2026-09-18T17:19:01Z,1,hub,2026-09-18T18:22:27Z,2026-09-18T18:22:27Z,true
yorkshire:YWS00758:1789753010000,yorkshire:YWS00758,yorkshire,2026-09-18T17:36:50Z,2026-09-18T17:38:44Z,2,hub,2026-09-18T18:42:49Z,2026-09-18T18:42:49Z,true
yorkshire:YWS00758:1789756915000,yorkshire:YWS00758,yorkshire,2026-09-18T18:41:55Z,2026-09-18T18:44:00Z,2,hub,2026-09-18T20:21:27Z,2026-09-18T20:21:27Z,true
yorkshire:YWS00758:1789770167000,yorkshire:YWS00758,yorkshire,2026-09-18T22:22:47Z,2026-09-18T22:24:41Z,2,hub,2026-09-18T23:24:25Z,2026-09-18T23:24:25Z,true
yorkshire:YWS00758:1789773842000,yorkshire:YWS00758,yorkshire,2026-09-18T23:24:02Z,2026-09-18T23:27:26Z,3,hub,2026-09-19T00:41:02Z,2026-09-19T00:41:02Z,true
yorkshire:YWS00760:1788485119000,yorkshire:YWS00760,yorkshire,2026-09-04T01:25:19Z,2026-09-04T02:57:02Z,92,hub,2026-09-17T00:49:00Z,2026-09-17T00:49:00Z,true
yorkshire:YWS00761:1788817988000,yorkshire:YWS00761,yorkshire,2026-09-07T21:53:08Z,2026-09-07T22:08:59Z,16,hub,2026-09-17T00:49:00Z,2026-09-17T00:49:00Z,true
yorkshire:YWS00766:1788829417000,yorkshire:YWS00766,yorkshire,2026-09-08T01:03:37Z,2026-09-08T01:31:48Z,28,hub,2026-09-17T00:49:00Z,2026-09-17T00:49:00Z,true
yorkshire:YWS00766:1789769207000,yorkshire:YWS00766,yorkshire,2026-09-18T22:06:47Z,2026-09-18T22:29:09Z,22,hub,2026-09-18T22:53:52Z,2026-09-18T23:24:25Z,true
yorkshire:YWS00770:1788484991000,yorkshire:YWS00770,yorkshire,2026-09-04T01:23:11Z,2026-09-04T03:18:53Z,116,hub,2026-09-17T00:49:00Z,2026-09-17T00:49:00Z,true
yorkshire:YWS00773:1788486941000,yorkshire:YWS00773,yorkshire,2026-09-04T01:55:41Z,2026-09-04T01:56:10Z,0,hub,2026-09-17T00:49:00Z,2026-09-17T00:49:00Z,true
yorkshire:YWS00778:1788487295000,yorkshire:YWS00778,yorkshire,2026-09-04T02:01:35Z,2026-09-04T02:01:53Z,0,hub,2026-09-17T00:49:00Z,2026-09-17T00:49:00Z,true
yorkshire:YWS00780:1788823140000,yorkshire:YWS00780,yorkshire,2026-09-07T23:19:00Z,2026-09-07T23:31:00Z,12,hub,2026-09-17T00:49:00Z,2026-09-17T00:49:00Z,true
yorkshire:YWS00781:1788824417000,yorkshire:YWS00781,yorkshire,2026-09-07T23:40:17Z,2026-09-07T23:43:11Z,3,hub,2026-09-17T00:49:00Z,2026-09-17T00:49:00Z,true
yorkshire:YWS00782:1789485600000,yorkshire:YWS00782,yorkshire,2026-09-15T15:20:00Z,2026-09-15T15:35:00Z,15,hub,2026-09-17T00:49:00Z,2026-09-17T00:49:00Z,true
yorkshire:YWS00788:1788824820000,yorkshire:YWS00788,yorkshire,2026-09-07T23:47:00Z,2026-09-08T00:16:00Z,29,hub,2026-09-17T00:49:00Z,2026-09-17T00:49:00Z,true
yorkshire:YWS00789:1788814020000,yorkshire:YWS00789,yorkshire,2026-09-07T20:47:00Z,2026-09-07T22:31:00Z,104,hub,2026-09-17T00:49:00Z,2026-09-17T00:49:00Z,true
yorkshire:YWS00789:1789766160000,yorkshire:YWS00789,yorkshire,2026-09-18T21:16:00Z,2026-09-18T21:31:00Z,15,hub,2026-09-18T22:43:41Z,2026-09-18T22:43:41Z,true
yorkshire:YWS00791:1789060500000,yorkshire:YWS00791,yorkshire,2026-09-10T17:15:00Z,2026-09-10T17:16:00Z,1,hub,2026-09-17T00:49:00Z,2026-09-17T00:49:00Z,true
yorkshire:YWS00792:1788235301000,yorkshire:YWS00792,yorkshire,2026-09-01T04:01:41Z,2026-09-01T04:02:10Z,0,hub,2026-09-17T00:49:00Z,2026-09-17T00:49:00Z,true
yorkshire:YWS00794:1788833256000,yorkshire:YWS00794,yorkshire,2026-09-08T02:07:36Z,2026-09-08T02:19:32Z,12,hub,2026-09-17T00:49:00Z,2026-09-17T00:49:00Z,true
yorkshire:YWS00804:1788485928000,yorkshire:YWS00804,yorkshire,2026-09-04T01:38:48Z,2026-09-04T01:52:09Z,13,hub,2026-09-17T00:49:00Z,2026-09-17T00:49:00Z,true
yorkshire:YWS00804:1789759899000,yorkshire:YWS00804,yorkshire,2026-09-18T19:31:39Z,2026-09-18T19:38:48Z,7,hub,2026-09-18T20:41:44Z,2026-09-18T20:41:44Z,true
yorkshire:YWS00805:1788830719000,yorkshire:YWS00805,yorkshire,2026-09-08T01:25:19Z,2026-09-08T01:37:10Z,12,hub,2026-09-17T00:49:00Z,2026-09-17T00:49:00Z,true
yorkshire:YWS00806:1789508700000,yorkshire:YWS00806,yorkshire,2026-09-15T21:45:00Z,2026-09-15T21:46:00Z,1,hub,2026-09-17T00:49:00Z,2026-09-17T00:49:00Z,true
yorkshire:YWS00806:1789690680000,yorkshire:YWS00806,yorkshire,2026-09-18T00:18:00Z,2026-09-18T00:31:00Z,13,hub,2026-09-18T01:18:34Z,2026-09-18T01:18:34Z,true
yorkshire:YWS00808:1788493046000,yorkshire:YWS00808,yorkshire,2026-09-04T03:37:26Z,2026-09-04T03:38:42Z,1,hub,2026-09-17T00:49:00Z,2026-09-17T00:49:00Z,true
yorkshire:YWS00809:1788824820000,yorkshire:YWS00809,yorkshire,2026-09-07T23:47:00Z,2026-09-08T00:31:00Z,44,hub,2026-09-17T00:49:00Z,2026-09-17T00:49:00Z,true
yorkshire:YWS00810:1788816740000,yorkshire:YWS00810,yorkshire,2026-09-07T21:32:20Z,2026-09-07T22:34:49Z,62,hub,2026-09-17T00:49:00Z,2026-09-17T00:49:00Z,true
yorkshire:YWS00814:1788819795000,yorkshire:YWS00814,yorkshire,2026-09-07T22:23:15Z,2026-09-07T23:06:28Z,43,hub,2026-09-17T00:49:00Z,2026-09-17T00:49:00Z,true
yorkshire:YWS00816:1788817521000,yorkshire:YWS00816,yorkshire,2026-09-07T21:45:21Z,2026-09-07T22:28:22Z,43,hub,2026-09-17T00:49:00Z,2026-09-17T00:49:00Z,true
yorkshire:YWS00817:1788816523000,yorkshire:YWS00817,yorkshire,2026-09-07T21:28:43Z,2026-09-07T22:24:56Z,56,hub,2026-09-17T00:49:00Z,2026-09-17T00:49:00Z,true
yorkshire:YWS00820:1788478145000,yorkshire:YWS00820,yorkshire,2026-09-03T23:29:05Z,2026-09-03T23:29:14Z,0,hub,2026-09-17T00:49:00Z,2026-09-17T00:49:00Z,true
yorkshire:YWS00825:1788830777000,yorkshire:YWS00825,yorkshire,2026-09-08T01:26:17Z,2026-09-08T01:55:08Z,29,hub,2026-09-17T00:49:00Z,2026-09-17T00:49:00Z,true
yorkshire:YWS00826:1788831030000,yorkshire:YWS00826,yorkshire,2026-09-08T01:30:30Z,2026-09-08T01:38:40Z,8,hub,2026-09-17T00:49:00Z,2026-09-17T00:49:00Z,true
yorkshire:YWS00827:1788488911000,yorkshire:YWS00827,yorkshire,2026-09-04T02:28:31Z,2026-09-04T02:42:57Z,14,hub,2026-09-17T00:49:00Z,2026-09-17T00:49:00Z,true
yorkshire:YWS00830:1788490861000,yorkshire:YWS00830,yorkshire,2026-09-04T03:01:01Z,2026-09-04T03:01:51Z,1,hub,2026-09-17T00:49:00Z,2026-09-17T00:49:00Z,true
yorkshire:YWS00831:1788486201000,yorkshire:YWS00831,yorkshire,2026-09-04T01:43:21Z,2026-09-04T04:05:23Z,142,hub,2026-09-17T00:49:00Z,2026-09-17T00:49:00Z,true
yorkshire:YWS00833:1788528093000,yorkshire:YWS00833,yorkshire,2026-09-04T13:21:33Z,2026-09-04T13:25:32Z,4,hub,2026-09-17T00:49:00Z,2026-09-17T00:49:00Z,true
yorkshire:YWS00835:1788486673000,yorkshire:YWS00835,yorkshire,2026-09-04T01:51:13Z,2026-09-04T02:10:54Z,20,hub,2026-09-17T00:49:00Z,2026-09-17T00:49:00Z,true
yorkshire:YWS00836:1788706139000,yorkshire:YWS00836,yorkshire,2026-09-06T14:48:59Z,2026-09-06T15:01:14Z,12,hub,2026-09-17T00:49:00Z,2026-09-17T00:49:00Z,true
yorkshire:YWS00836:1789668076000,yorkshire:YWS00836,yorkshire,2026-09-17T18:01:16Z,2026-09-17T18:19:16Z,18,hub,2026-09-17T22:13:42Z,2026-09-17T22:13:42Z,true
yorkshire:YWS00840:1788821192000,yorkshire:YWS00840,yorkshire,2026-09-07T22:46:32Z,2026-09-07T23:17:31Z,31,hub,2026-09-17T00:49:00Z,2026-09-17T00:49:00Z,true
yorkshire:YWS00847:1788822180000,yorkshire:YWS00847,yorkshire,2026-09-07T23:03:00Z,2026-09-07T23:17:00Z,14,hub,2026-09-17T00:49:00Z,2026-09-17T00:49:00Z,true
yorkshire:YWS00849:1788245790000,yorkshire:YWS00849,yorkshire,2026-09-01T06:56:30Z,2026-09-01T06:56:34Z,0,hub,2026-09-17T00:49:00Z,2026-09-17T00:49:00Z,true
yorkshire:YWS00859:1788831108000,yorkshire:YWS00859,yorkshire,2026-09-08T01:31:48Z,2026-09-08T02:56:01Z,84,hub,2026-09-17T00:49:00Z,2026-09-17T00:49:00Z,true
yorkshire:YWS00860:1789660981000,yorkshire:YWS00860,yorkshire,2026-09-17T16:03:01Z,2026-09-17T16:03:40Z,1,hub,2026-09-17T19:14:51Z,2026-09-17T19:14:51Z,true
yorkshire:YWS00861:1788771754000,yorkshire:YWS00861,yorkshire,2026-09-07T09:02:34Z,2026-09-07T09:02:46Z,0,hub,2026-09-17T00:49:00Z,2026-09-17T00:49:00Z,true
yorkshire:YWS00861:1789738383000,yorkshire:YWS00861,yorkshire,2026-09-18T13:33:03Z,2026-09-18T13:33:22Z,0,hub,2026-09-18T14:37:46Z,2026-09-18T14:37:46Z,true
yorkshire:YWS00863:1788464614000,yorkshire:YWS00863,yorkshire,2026-09-03T19:43:34Z,2026-09-03T20:33:14Z,50,hub,2026-09-17T00:49:00Z,2026-09-17T00:49:00Z,true
yorkshire:YWS00864:1789617361000,yorkshire:YWS00864,yorkshire,2026-09-17T03:56:01Z,2026-09-17T03:58:00Z,2,hub,2026-09-17T11:32:49Z,2026-09-17T11:32:49Z,true
yorkshire:YWS00867:1788485695000,yorkshire:YWS00867,yorkshire,2026-09-04T01:34:55Z,2026-09-04T02:39:27Z,65,hub,2026-09-17T00:49:00Z,2026-09-17T00:49:00Z,true
yorkshire:YWS00871:1788817564000,yorkshire:YWS00871,yorkshire,2026-09-07T21:46:04Z,2026-09-07T22:29:32Z,43,hub,2026-09-17T00:49:00Z,2026-09-17T00:49:00Z,true
yorkshire:YWS00872:1788486623000,yorkshire:YWS00872,yorkshire,2026-09-04T01:50:23Z,2026-09-04T02:43:51Z,53,hub,2026-09-17T00:49:00Z,2026-09-17T00:49:00Z,true
yorkshire:YWS00875:1788818687000,yorkshire:YWS00875,yorkshire,2026-09-07T22:04:47Z,2026-09-07T22:15:27Z,11,hub,2026-09-17T00:49:00Z,2026-09-17T00:49:00Z,true
yorkshire:YWS00876:1788814020000,yorkshire:YWS00876,yorkshire,2026-09-07T20:47:00Z,2026-09-07T23:01:00Z,134,hub,2026-09-17T00:49:00Z,2026-09-17T00:49:00Z,true
yorkshire:YWS00877:1788819457000,yorkshire:YWS00877,yorkshire,2026-09-07T22:17:37Z,2026-09-08T00:47:06Z,149,hub,2026-09-17T00:49:00Z,2026-09-17T00:49:00Z,true
yorkshire:YWS00880:1788486560000,yorkshire:YWS00880,yorkshire,2026-09-04T01:49:20Z,2026-09-04T03:07:03Z,78,hub,2026-09-17T00:49:00Z,2026-09-17T00:49:00Z,true
yorkshire:YWS00881:1788488137000,yorkshire:YWS00881,yorkshire,2026-09-04T02:15:37Z,2026-09-04T02:57:02Z,41,hub,2026-09-17T00:49:00Z,2026-09-17T00:49:00Z,true
yorkshire:YWS00882:1788817283000,yorkshire:YWS00882,yorkshire,2026-09-07T21:41:23Z,2026-09-07T21:46:47Z,5,hub,2026-09-17T00:49:00Z,2026-09-17T00:49:00Z,true
yorkshire:YWS00883:1788819017000,yorkshire:YWS00883,yorkshire,2026-09-07T22:10:17Z,2026-09-07T22:22:33Z,12,hub,2026-09-17T00:49:00Z,2026-09-17T00:49:00Z,true
yorkshire:YWS00884:1788486206000,yorkshire:YWS00884,yorkshire,2026-09-04T01:43:26Z,2026-09-04T02:05:07Z,22,hub,2026-09-17T00:49:00Z,2026-09-17T00:49:00Z,true
yorkshire:YWS00891:1788816616000,yorkshire:YWS00891,yorkshire,2026-09-07T21:30:16Z,2026-09-07T23:35:05Z,125,hub,2026-09-17T00:49:00Z,2026-09-17T00:49:00Z,true
yorkshire:YWS00892:1788816869000,yorkshire:YWS00892,yorkshire,2026-09-07T21:34:29Z,2026-09-07T21:57:49Z,23,hub,2026-09-17T00:49:00Z,2026-09-17T00:49:00Z,true
yorkshire:YWS00893:1788484414000,yorkshire:YWS00893,yorkshire,2026-09-04T01:13:34Z,2026-09-04T04:08:48Z,175,hub,2026-09-17T00:49:00Z,2026-09-17T00:49:00Z,true
yorkshire:YWS00894:1788815239000,yorkshire:YWS00894,yorkshire,2026-09-07T21:07:19Z,2026-09-07T22:56:06Z,109,hub,2026-09-17T00:49:00Z,2026-09-17T00:49:00Z,true
yorkshire:YWS00896:1788818580000,yorkshire:YWS00896,yorkshire,2026-09-07T22:03:00Z,2026-09-07T23:31:00Z,88,hub,2026-09-17T00:49:00Z,2026-09-17T00:49:00Z,true
yorkshire:YWS00897:1789399800000,yorkshire:YWS00897,yorkshire,2026-09-14T15:30:00Z,2026-09-14T15:31:00Z,1,hub,2026-09-17T00:49:00Z,2026-09-17T00:49:00Z,true
yorkshire:YWS00898:1788819000000,yorkshire:YWS00898,yorkshire,2026-09-07T22:10:00Z,2026-09-07T22:31:00Z,21,hub,2026-09-17T00:49:00Z,2026-09-17T00:49:00Z,true
yorkshire:YWS00899:1788816780000,yorkshire:YWS00899,yorkshire,2026-09-07T21:33:00Z,2026-09-07T23:01:00Z,88,hub,2026-09-17T00:49:00Z,2026-09-17T00:49:00Z,true
yorkshire:YWS00900:1788816720000,yorkshire:YWS00900,yorkshire,2026-09-07T21:32:00Z,2026-09-07T22:46:00Z,74,hub,2026-09-17T00:49:00Z,2026-09-17T00:49:00Z,true
yorkshire:YWS00903:1788512023000,yorkshire:YWS00903,yorkshire,2026-09-04T08:53:43Z,2026-09-04T08:55:13Z,2,hub,2026-09-17T00:49:00Z,2026-09-17T00:49:00Z,true
yorkshire:YWS00904:1788497850000,yorkshire:YWS00904,yorkshire,2026-09-04T04:57:30Z,2026-09-04T05:04:20Z,7,hub,2026-09-17T00:49:00Z,2026-09-17T00:49:00Z,true
yorkshire:YWS00906:1788492902000,yorkshire:YWS00906,yorkshire,2026-09-04T03:35:02Z,2026-09-04T03:35:11Z,0,hub,2026-09-17T00:49:00Z,2026-09-17T00:49:00Z,true
yorkshire:YWS00911:1788829320000,yorkshire:YWS00911,yorkshire,2026-09-08T01:02:00Z,2026-09-08T02:01:00Z,59,hub,2026-09-17T00:49:00Z,2026-09-17T00:49:00Z,true
yorkshire:YWS00913:1789511372000,yorkshire:YWS00913,yorkshire,2026-09-15T22:29:32Z,2026-09-16T00:13:43Z,104,hub,2026-09-17T00:49:00Z,2026-09-17T00:49:00Z,true
yorkshire:YWS00918:1788576099000,yorkshire:YWS00918,yorkshire,2026-09-05T02:41:39Z,2026-09-05T02:41:50Z,0,hub,2026-09-17T00:49:00Z,2026-09-17T00:49:00Z,true
yorkshire:YWS00918:1789766013000,yorkshire:YWS00918,yorkshire,2026-09-18T21:13:33Z,2026-09-18T21:14:52Z,1,hub,2026-09-18T22:43:41Z,2026-09-18T22:43:41Z,true
yorkshire:YWS00923:1788821050000,yorkshire:YWS00923,yorkshire,2026-09-07T22:44:10Z,2026-09-08T03:09:47Z,266,hub,2026-09-17T00:49:00Z,2026-09-17T00:49:00Z,true
yorkshire:YWS00923:1789762697000,yorkshire:YWS00923,yorkshire,2026-09-18T20:18:17Z,,,hub,2026-09-18T22:43:41Z,2026-09-18T22:43:41Z,
yorkshire:YWS00936:1788825780000,yorkshire:YWS00936,yorkshire,2026-09-08T00:03:00Z,2026-09-08T00:46:00Z,43,hub,2026-09-17T00:49:00Z,2026-09-17T00:49:00Z,true
yorkshire:YWS00943:1788485160000,yorkshire:YWS00943,yorkshire,2026-09-04T01:26:00Z,2026-09-04T03:31:00Z,125,hub,2026-09-17T00:49:00Z,2026-09-17T00:49:00Z,true
yorkshire:YWS00944:1789554600000,yorkshire:YWS00944,yorkshire,2026-09-16T10:30:00Z,2026-09-16T10:31:00Z,1,hub,2026-09-17T00:49:00Z,2026-09-17T00:49:00Z,true
yorkshire:YWS00944:1789610400000,yorkshire:YWS00944,yorkshire,2026-09-17T02:00:00Z,2026-09-17T02:01:00Z,1,hub,2026-09-17T11:32:49Z,2026-09-17T11:32:49Z,true
yorkshire:YWS00946:1788520500000,yorkshire:YWS00946,yorkshire,2026-09-04T11:15:00Z,2026-09-04T11:16:00Z,1,hub,2026-09-17T00:49:00Z,2026-09-17T00:49:00Z,true
yorkshire:YWS00947:1788485520000,yorkshire:YWS00947,yorkshire,2026-09-04T01:32:00Z,2026-09-04T03:31:00Z,119,hub,2026-09-17T00:49:00Z,2026-09-17T00:49:00Z,true
yorkshire:YWS00948:1788486720000,yorkshire:YWS00948,yorkshire,2026-09-04T01:52:00Z,2026-09-04T02:16:00Z,24,hub,2026-09-17T00:49:00Z,2026-09-17T00:49:00Z,true
yorkshire:YWS00952:1788825870000,yorkshire:YWS00952,yorkshire,2026-09-08T00:04:30Z,2026-09-08T00:18:40Z,14,hub,2026-09-17T00:49:00Z,2026-09-17T00:49:00Z,true
yorkshire:YWS00953:1788822653000,yorkshire:YWS00953,yorkshire,2026-09-07T23:10:53Z,2026-09-07T23:18:48Z,8,hub,2026-09-17T00:49:00Z,2026-09-17T00:49:00Z,true
yorkshire:YWS00962:1788465720000,yorkshire:YWS00962,yorkshire,2026-09-03T20:02:00Z,2026-09-03T20:47:00Z,45,hub,2026-09-17T00:49:00Z,2026-09-17T00:49:00Z,true
yorkshire:YWS00967:1789763160000,yorkshire:YWS00967,yorkshire,2026-09-18T20:26:00Z,2026-09-18T21:01:00Z,35,hub,2026-09-18T22:43:41Z,2026-09-18T22:43:41Z,true
yorkshire:YWS00969:1788823920000,yorkshire:YWS00969,yorkshire,2026-09-07T23:32:00Z,2026-09-08T00:01:00Z,29,hub,2026-09-17T00:49:00Z,2026-09-17T00:49:00Z,true
yorkshire:YWS00972:1788824820000,yorkshire:YWS00972,yorkshire,2026-09-07T23:47:00Z,2026-09-08T00:16:00Z,29,hub,2026-09-17T00:49:00Z,2026-09-17T00:49:00Z,true
yorkshire:YWS00974:1789453920000,yorkshire:YWS00974,yorkshire,2026-09-15T06:32:00Z,2026-09-15T07:46:00Z,74,hub,2026-09-17T00:49:00Z,2026-09-17T00:49:00Z,true
yorkshire:YWS00974:1789753620000,yorkshire:YWS00974,yorkshire,2026-09-18T17:47:00Z,2026-09-18T18:46:00Z,59,hub,2026-09-18T18:42:49Z,2026-09-18T20:21:27Z,true
yorkshire:YWS00974:1789763520000,yorkshire:YWS00974,yorkshire,2026-09-18T20:32:00Z,,,hub,2026-09-18T22:43:41Z,2026-09-18T22:43:41Z,
yorkshire:YWS00984:1788486480000,yorkshire:YWS00984,yorkshire,2026-09-04T01:48:00Z,2026-09-04T02:01:00Z,13,hub,2026-09-17T00:49:00Z,2026-09-17T00:49:00Z,true
yorkshire:YWS00991:1788486420000,yorkshire:YWS00991,yorkshire,2026-09-04T01:47:00Z,2026-09-04T02:16:00Z,29,hub,2026-09-17T00:49:00Z,2026-09-17T00:49:00Z,true
yorkshire:YWS00994:1788821220000,yorkshire:YWS00994,yorkshire,2026-09-07T22:47:00Z,2026-09-07T23:16:00Z,29,hub,2026-09-17T00:49:00Z,2026-09-17T00:49:00Z,true
yorkshire:YWS00995:1788817680000,yorkshire:YWS00995,yorkshire,2026-09-07T21:48:00Z,2026-09-07T22:46:00Z,58,hub,2026-09-17T00:49:00Z,2026-09-17T00:49:00Z,true
yorkshire:YWS01006:1788813120000,yorkshire:YWS01006,yorkshire,2026-09-07T20:32:00Z,2026-09-07T23:16:00Z,164,hub,2026-09-17T00:49:00Z,2026-09-17T00:49:00Z,true
yorkshire:YWS01008:1789370520000,yorkshire:YWS01008,yorkshire,2026-09-14T07:22:00Z,2026-09-14T07:39:00Z,17,hub,2026-09-17T00:49:00Z,2026-09-17T00:49:00Z,true
yorkshire:YWS01014:1788823499000,yorkshire:YWS01014,yorkshire,2026-09-07T23:24:59Z,2026-09-07T23:41:30Z,17,hub,2026-09-17T00:49:00Z,2026-09-17T00:49:00Z,true
yorkshire:YWS01015:1788831601000,yorkshire:YWS01015,yorkshire,2026-09-08T01:40:01Z,2026-09-08T02:46:33Z,67,hub,2026-09-17T00:49:00Z,2026-09-17T00:49:00Z,true
yorkshire:YWS01018:1788486420000,yorkshire:YWS01018,yorkshire,2026-09-04T01:47:00Z,2026-09-04T02:01:00Z,14,hub,2026-09-17T00:49:00Z,2026-09-17T00:49:00Z,true
yorkshire:YWS01023:1788845278000,yorkshire:YWS01023,yorkshire,2026-09-08T05:27:58Z,2026-09-08T05:28:17Z,0,hub,2026-09-17T00:49:00Z,2026-09-17T00:49:00Z,true
yorkshire:YWS01024:1788820681000,yorkshire:YWS01024,yorkshire,2026-09-07T22:38:01Z,2026-09-08T00:35:56Z,118,hub,2026-09-17T00:49:00Z,2026-09-17T00:49:00Z,true
yorkshire:YWS01027:1789453980000,yorkshire:YWS01027,yorkshire,2026-09-15T06:33:00Z,2026-09-15T07:02:00Z,29,hub,2026-09-17T00:49:00Z,2026-09-17T00:49:00Z,true
yorkshire:YWS01027:1789741260000,yorkshire:YWS01027,yorkshire,2026-09-18T14:21:00Z,2026-09-18T14:47:00Z,26,hub,2026-09-18T15:18:24Z,2026-09-18T17:51:51Z,true
yorkshire:YWS01028:1788492146000,yorkshire:YWS01028,yorkshire,2026-09-04T03:22:26Z,2026-09-04T03:29:51Z,7,hub,2026-09-17T00:49:00Z,2026-09-17T00:49:00Z,true
yorkshire:YWS01029:1788818577000,yorkshire:YWS01029,yorkshire,2026-09-07T22:02:57Z,2026-09-07T23:09:03Z,66,hub,2026-09-17T00:49:00Z,2026-09-17T00:49:00Z,true
yorkshire:YWS01030:1789454607000,yorkshire:YWS01030,yorkshire,2026-09-15T06:43:27Z,2026-09-15T07:12:23Z,29,hub,2026-09-17T00:49:00Z,2026-09-17T00:49:00Z,true
yorkshire:YWS01032:1788483724000,yorkshire:YWS01032,yorkshire,2026-09-04T01:02:04Z,2026-09-04T02:08:34Z,67,hub,2026-09-17T00:49:00Z,2026-09-17T00:49:00Z,true
yorkshire:YWS01045:1789197076000,yorkshire:YWS01045,yorkshire,2026-09-12T07:11:16Z,2026-09-12T07:20:06Z,9,hub,2026-09-17T00:49:00Z,2026-09-17T00:49:00Z,true
yorkshire:YWS01046:1788484316000,yorkshire:YWS01046,yorkshire,2026-09-04T01:11:56Z,2026-09-04T01:20:40Z,9,hub,2026-09-17T00:49:00Z,2026-09-17T00:49:00Z,true
yorkshire:YWS01054:1788812220000,yorkshire:YWS01054,yorkshire,2026-09-07T20:17:00Z,2026-09-07T20:31:00Z,14,hub,2026-09-17T00:49:00Z,2026-09-17T00:49:00Z,true
yorkshire:YWS01055:1788465240000,yorkshire:YWS01055,yorkshire,2026-09-03T19:54:00Z,2026-09-03T20:54:00Z,60,hub,2026-09-17T00:49:00Z,2026-09-17T00:49:00Z,true
yorkshire:YWS01064:1788510720000,yorkshire:YWS01064,yorkshire,2026-09-04T08:32:00Z,2026-09-04T08:46:00Z,14,hub,2026-09-17T00:49:00Z,2026-09-17T00:49:00Z,true
yorkshire:YWS01069:1788814613000,yorkshire:YWS01069,yorkshire,2026-09-07T20:56:53Z,2026-09-07T20:57:48Z,1,hub,2026-09-17T00:49:00Z,2026-09-17T00:49:00Z,true
yorkshire:YWS01070:1788704280000,yorkshire:YWS01070,yorkshire,2026-09-06T14:18:00Z,2026-09-06T14:33:00Z,15,hub,2026-09-17T00:49:00Z,2026-09-17T00:49:00Z,true
yorkshire:YWS01074:1788818520000,yorkshire:YWS01074,yorkshire,2026-09-07T22:02:00Z,2026-09-07T22:16:00Z,14,hub,2026-09-17T00:49:00Z,2026-09-17T00:49:00Z,true
yorkshire:YWS01077:1788482820000,yorkshire:YWS01077,yorkshire,2026-09-04T00:47:00Z,2026-09-04T02:01:00Z,74,hub,2026-09-17T00:49:00Z,2026-09-17T00:49:00Z,true
yorkshire:YWS01080:1788493116000,yorkshire:YWS01080,yorkshire,2026-09-04T03:38:36Z,2026-09-04T03:43:20Z,5,hub,2026-09-17T00:49:00Z,2026-09-17T00:49:00Z,true
yorkshire:YWS01085:1788819737000,yorkshire:YWS01085,yorkshire,2026-09-07T22:22:17Z,2026-09-07T22:29:22Z,7,hub,2026-09-17T00:49:00Z,2026-09-17T00:49:00Z,true
yorkshire:YWS01089:1788487156000,yorkshire:YWS01089,yorkshire,2026-09-04T01:59:16Z,2026-09-04T02:23:33Z,24,hub,2026-09-17T00:49:00Z,2026-09-17T00:49:00Z,true
yorkshire:YWS01093:1788937281000,yorkshire:YWS01093,yorkshire,2026-09-09T07:01:21Z,2026-09-09T07:02:01Z,1,hub,2026-09-17T00:49:00Z,2026-09-17T00:49:00Z,true
yorkshire:YWS01107:1788818631000,yorkshire:YWS01107,yorkshire,2026-09-07T22:03:51Z,2026-09-07T22:48:54Z,45,hub,2026-09-17T00:49:00Z,2026-09-17T00:49:00Z,true
yorkshire:YWS01109:1788820303000,yorkshire:YWS01109,yorkshire,2026-09-07T22:31:43Z,2026-09-07T22:36:07Z,4,hub,2026-09-17T00:49:00Z,2026-09-17T00:49:00Z,true
yorkshire:YWS01122:1788819515000,yorkshire:YWS01122,yorkshire,2026-09-07T22:18:35Z,2026-09-07T23:30:37Z,72,hub,2026-09-17T00:49:00Z,2026-09-17T00:49:00Z,true
yorkshire:YWS01125:1788936890000,yorkshire:YWS01125,yorkshire,2026-09-09T06:54:50Z,2026-09-09T06:56:54Z,2,hub,2026-09-17T00:49:00Z,2026-09-17T00:49:00Z,true
yorkshire:YWS01139:1789450661000,yorkshire:YWS01139,yorkshire,2026-09-15T05:37:41Z,2026-09-15T05:37:50Z,0,hub,2026-09-17T00:49:00Z,2026-09-17T00:49:00Z,true
yorkshire:YWS01145:1788485520000,yorkshire:YWS01145,yorkshire,2026-09-04T01:32:00Z,2026-09-04T02:46:00Z,74,hub,2026-09-17T00:49:00Z,2026-09-17T00:49:00Z,true
yorkshire:YWS01150:1789376580000,yorkshire:YWS01150,yorkshire,2026-09-14T09:03:00Z,2026-09-14T09:46:00Z,43,hub,2026-09-17T00:49:00Z,2026-09-17T00:49:00Z,true
yorkshire:YWS01152:1788469920000,yorkshire:YWS01152,yorkshire,2026-09-03T21:12:00Z,2026-09-03T21:27:00Z,15,hub,2026-09-17T00:49:00Z,2026-09-17T00:49:00Z,true
yorkshire:YWS01156:1788814080000,yorkshire:YWS01156,yorkshire,2026-09-07T20:48:00Z,2026-09-07T22:31:00Z,103,hub,2026-09-17T00:49:00Z,2026-09-17T00:49:00Z,true
yorkshire:YWS01160:1788820800000,yorkshire:YWS01160,yorkshire,2026-09-07T22:40:00Z,2026-09-07T23:32:00Z,52,hub,2026-09-17T00:49:00Z,2026-09-17T00:49:00Z,true
yorkshire:YWS01162:1788815820000,yorkshire:YWS01162,yorkshire,2026-09-07T21:17:00Z,2026-09-07T21:39:00Z,22,hub,2026-09-17T00:49:00Z,2026-09-17T00:49:00Z,true
yorkshire:YWS01164:1788483660000,yorkshire:YWS01164,yorkshire,2026-09-04T01:01:00Z,2026-09-04T03:01:00Z,120,hub,2026-09-17T00:49:00Z,2026-09-17T00:49:00Z,true
yorkshire:YWS01167:1788486480000,yorkshire:YWS01167,yorkshire,2026-09-04T01:48:00Z,2026-09-04T05:46:00Z,238,hub,2026-09-17T00:49:00Z,2026-09-17T00:49:00Z,true
yorkshire:YWS01170:1788819420000,yorkshire:YWS01170,yorkshire,2026-09-07T22:17:00Z,2026-09-07T22:46:00Z,29,hub,2026-09-17T00:49:00Z,2026-09-17T00:49:00Z,true
yorkshire:YWS01172:1788485014000,yorkshire:YWS01172,yorkshire,2026-09-04T01:23:34Z,2026-09-04T02:11:48Z,48,hub,2026-09-17T00:49:00Z,2026-09-17T00:49:00Z,true
yorkshire:YWS01172:1789760197000,yorkshire:YWS01172,yorkshire,2026-09-18T19:36:37Z,2026-09-18T19:54:43Z,18,hub,2026-09-18T20:41:44Z,2026-09-18T20:51:53Z,true
yorkshire:YWS01172:1789765743000,yorkshire:YWS01172,yorkshire,2026-09-18T21:09:03Z,2026-09-18T21:16:03Z,7,hub,2026-09-18T22:43:41Z,2026-09-18T22:43:41Z,true
yorkshire:YWS01173:1788823361000,yorkshire:YWS01173,yorkshire,2026-09-07T23:22:41Z,2026-09-07T23:37:32Z,15,hub,2026-09-17T00:49:00Z,2026-09-17T00:49:00Z,true
yorkshire:YWS01181:1788829320000,yorkshire:YWS01181,yorkshire,2026-09-08T01:02:00Z,2026-09-08T01:16:00Z,14,hub,2026-09-17T00:49:00Z,2026-09-17T00:49:00Z,true
yorkshire:YWS01193:1788823980000,yorkshire:YWS01193,yorkshire,2026-09-07T23:33:00Z,2026-09-07T23:46:00Z,13,hub,2026-09-17T00:49:00Z,2026-09-17T00:49:00Z,true
yorkshire:YWS01205:1788814020000,yorkshire:YWS01205,yorkshire,2026-09-07T20:47:00Z,2026-09-07T21:16:00Z,29,hub,2026-09-17T00:49:00Z,2026-09-17T00:49:00Z,true
yorkshire:YWS01207:1788817560000,yorkshire:YWS01207,yorkshire,2026-09-07T21:46:00Z,2026-09-07T23:16:00Z,90,hub,2026-09-17T00:49:00Z,2026-09-17T00:49:00Z,true
yorkshire:YWS01207:1789765380000,yorkshire:YWS01207,yorkshire,2026-09-18T21:03:00Z,2026-09-18T21:31:00Z,28,hub,2026-09-18T22:43:41Z,2026-09-18T22:43:41Z,true
yorkshire:YWS01207:1789768020000,yorkshire:YWS01207,yorkshire,2026-09-18T21:47:00Z,2026-09-18T22:01:00Z,14,hub,2026-09-18T22:53:52Z,2026-09-18T22:53:52Z,true
yorkshire:YWS01215:1788699406000,yorkshire:YWS01215,yorkshire,2026-09-06T12:56:46Z,2026-09-06T13:00:55Z,4,hub,2026-09-17T00:49:00Z,2026-09-17T00:49:00Z,true
yorkshire:YWS01225:1788830220000,yorkshire:YWS01225,yorkshire,2026-09-08T01:17:00Z,2026-09-08T02:31:00Z,74,hub,2026-09-17T00:49:00Z,2026-09-17T00:49:00Z,true
yorkshire:YWS01240:1789045265000,yorkshire:YWS01240,yorkshire,2026-09-10T13:01:05Z,2026-09-10T13:01:46Z,1,hub,2026-09-17T00:49:00Z,2026-09-17T00:49:00Z,true
yorkshire:YWS01246:1788486761000,yorkshire:YWS01246,yorkshire,2026-09-04T01:52:41Z,2026-09-04T02:00:26Z,8,hub,2026-09-17T00:49:00Z,2026-09-17T00:49:00Z,true
yorkshire:YWS01280:1788693350000,yorkshire:YWS01280,yorkshire,2026-09-06T11:15:50Z,2026-09-06T11:24:40Z,9,hub,2026-09-17T00:49:00Z,2026-09-17T00:49:00Z,true
yorkshire:YWS01281:1788354645000,yorkshire:YWS01281,yorkshire,2026-09-02T13:10:45Z,2026-09-02T13:15:15Z,5,hub,2026-09-17T00:49:00Z,2026-09-17T00:49:00Z,true
yorkshire:YWS01282:1788660900000,yorkshire:YWS01282,yorkshire,2026-09-06T02:15:00Z,2026-09-06T02:16:00Z,1,hub,2026-09-17T00:49:00Z,2026-09-17T00:49:00Z,true
yorkshire:YWS01286:1788821220000,yorkshire:YWS01286,yorkshire,2026-09-07T22:47:00Z,2026-09-07T23:01:00Z,14,hub,2026-09-17T00:49:00Z,2026-09-17T00:49:00Z,true
yorkshire:YWS01287:1788814920000,yorkshire:YWS01287,yorkshire,2026-09-07T21:02:00Z,2026-09-07T21:31:00Z,29,hub,2026-09-17T00:49:00Z,2026-09-17T00:49:00Z,true
yorkshire:YWS01294:1788676620000,yorkshire:YWS01294,yorkshire,2026-09-06T06:37:00Z,2026-09-06T06:52:00Z,15,hub,2026-09-17T00:49:00Z,2026-09-17T00:49:00Z,true
yorkshire:YWS01294:1789636560000,yorkshire:YWS01294,yorkshire,2026-09-17T09:16:00Z,2026-09-17T09:31:00Z,15,hub,2026-09-17T11:32:49Z,2026-09-17T11:32:49Z,true
yorkshire:YWS01304:1788818520000,yorkshire:YWS01304,yorkshire,2026-09-07T22:02:00Z,2026-09-07T22:31:00Z,29,hub,2026-09-17T00:49:00Z,2026-09-17T00:49:00Z,true
yorkshire:YWS01305:1789452180000,yorkshire:YWS01305,yorkshire,2026-09-15T06:03:00Z,2026-09-15T07:31:00Z,88,hub,2026-09-17T00:49:00Z,2026-09-17T00:49:00Z,true
yorkshire:YWS01305:1789761900000,yorkshire:YWS01305,yorkshire,2026-09-18T20:05:00Z,,,hub,2026-09-18T20:51:53Z,2026-09-18T20:51:53Z,
yorkshire:YWS01309:1788827520000,yorkshire:YWS01309,yorkshire,2026-09-08T00:32:00Z,2026-09-08T01:46:00Z,74,hub,2026-09-17T00:49:00Z,2026-09-17T00:49:00Z,true
yorkshire:YWS01313:1788818520000,yorkshire:YWS01313,yorkshire,2026-09-07T22:02:00Z,2026-09-07T22:16:00Z,14,hub,2026-09-17T00:49:00Z,2026-09-17T00:49:00Z,true
yorkshire:YWS01323:1788527338000,yorkshire:YWS01323,yorkshire,2026-09-04T13:08:58Z,2026-09-04T13:10:18Z,1,hub,2026-09-17T00:49:00Z,2026-09-17T00:49:00Z,true
yorkshire:YWS01325:1788486743000,yorkshire:YWS01325,yorkshire,2026-09-04T01:52:23Z,2026-09-04T02:31:21Z,39,hub,2026-09-17T00:49:00Z,2026-09-17T00:49:00Z,true
yorkshire:YWS01327:1788837340000,yorkshire:YWS01327,yorkshire,2026-09-08T03:15:40Z,2026-09-08T03:17:14Z,2,hub,2026-09-17T00:49:00Z,2026-09-17T00:49:00Z,true
yorkshire:YWS01330:1788564453000,yorkshire:YWS01330,yorkshire,2026-09-04T23:27:33Z,2026-09-05T03:50:48Z,263,hub,2026-09-17T00:49:00Z,2026-09-17T00:49:00Z,true
yorkshire:YWS01331:1789138800000,yorkshire:YWS01331,yorkshire,2026-09-11T15:00:00Z,2026-09-11T15:00:03Z,0,hub,2026-09-17T00:49:00Z,2026-09-17T00:49:00Z,true
yorkshire:YWS01333:1788827372000,yorkshire:YWS01333,yorkshire,2026-09-08T00:29:32Z,2026-09-08T00:37:07Z,8,hub,2026-09-17T00:49:00Z,2026-09-17T00:49:00Z,true
yorkshire:YWS01334:1788508750000,yorkshire:YWS01334,yorkshire,2026-09-04T07:59:10Z,2026-09-04T07:59:13Z,0,hub,2026-09-17T00:49:00Z,2026-09-17T00:49:00Z,true
yorkshire:YWS01336:1788827709000,yorkshire:YWS01336,yorkshire,2026-09-08T00:35:09Z,2026-09-08T01:42:11Z,67,hub,2026-09-17T00:49:00Z,2026-09-17T00:49:00Z,true
yorkshire:YWS01337:1788946199000,yorkshire:YWS01337,yorkshire,2026-09-09T09:29:59Z,2026-09-09T09:30:58Z,1,hub,2026-09-17T00:49:00Z,2026-09-17T00:49:00Z,true
yorkshire:YWS01345:1788849629000,yorkshire:YWS01345,yorkshire,2026-09-08T06:40:29Z,2026-09-09T11:59:47Z,1759,hub,2026-09-17T00:49:00Z,2026-09-17T00:49:00Z,true
yorkshire:YWS01346:1788820096000,yorkshire:YWS01346,yorkshire,2026-09-07T22:28:16Z,2026-09-08T00:49:31Z,141,hub,2026-09-17T00:49:00Z,2026-09-17T00:49:00Z,true
yorkshire:YWS01347:1788834512000,yorkshire:YWS01347,yorkshire,2026-09-08T02:28:32Z,2026-09-08T02:39:30Z,11,hub,2026-09-17T00:49:00Z,2026-09-17T00:49:00Z,true
yorkshire:YWS01348:1788841346000,yorkshire:YWS01348,yorkshire,2026-09-08T04:22:26Z,2026-09-08T04:22:41Z,0,hub,2026-09-17T00:49:00Z,2026-09-17T00:49:00Z,true
yorkshire:YWS01349:1789041141000,yorkshire:YWS01349,yorkshire,2026-09-10T11:52:21Z,2026-09-10T12:06:22Z,14,hub,2026-09-17T00:49:00Z,2026-09-17T00:49:00Z,true
yorkshire:YWS01350:1788819420000,yorkshire:YWS01350,yorkshire,2026-09-07T22:17:00Z,2026-09-07T23:46:00Z,89,hub,2026-09-17T00:49:00Z,2026-09-17T00:49:00Z,true
yorkshire:YWS01351:1788830935000,yorkshire:YWS01351,yorkshire,2026-09-08T01:28:55Z,2026-09-08T01:47:35Z,19,hub,2026-09-17T00:49:00Z,2026-09-17T00:49:00Z,true
yorkshire:YWS01352:1788831004000,yorkshire:YWS01352,yorkshire,2026-09-08T01:30:04Z,2026-09-08T02:02:06Z,32,hub,2026-09-17T00:49:00Z,2026-09-17T00:49:00Z,true
yorkshire:YWS01352:1789769708000,yorkshire:YWS01352,yorkshire,2026-09-18T22:15:08Z,,,hub,2026-09-18T23:24:25Z,2026-09-18T23:24:25Z,
yorkshire:YWS01356:1789379853000,yorkshire:YWS01356,yorkshire,2026-09-14T09:57:33Z,2026-09-14T10:00:41Z,3,hub,2026-09-17T00:49:00Z,2026-09-17T00:49:00Z,true
yorkshire:YWS01360:1788787876000,yorkshire:YWS01360,yorkshire,2026-09-07T13:31:16Z,2026-09-07T14:06:40Z,35,hub,2026-09-17T00:49:00Z,2026-09-17T00:49:00Z,true
yorkshire:YWS01362:1788505805000,yorkshire:YWS01362,yorkshire,2026-09-04T07:10:05Z,2026-09-04T07:14:11Z,4,hub,2026-09-17T00:49:00Z,2026-09-17T00:49:00Z,true
yorkshire:YWS01363:1788818765000,yorkshire:YWS01363,yorkshire,2026-09-07T22:06:05Z,2026-09-07T22:54:24Z,48,hub,2026-09-17T00:49:00Z,2026-09-17T00:49:00Z,true
yorkshire:YWS01364:1788478455000,yorkshire:YWS01364,yorkshire,2026-09-03T23:34:15Z,2026-09-04T03:21:52Z,228,hub,2026-09-17T00:49:00Z,2026-09-17T00:49:00Z,true
yorkshire:YWS01365:1788830203000,yorkshire:YWS01365,yorkshire,2026-09-08T01:16:43Z,2026-09-08T01:18:02Z,1,hub,2026-09-17T00:49:00Z,2026-09-17T00:49:00Z,true
yorkshire:YWS01368:1788487380000,yorkshire:YWS01368,yorkshire,2026-09-04T02:03:00Z,2026-09-04T02:31:00Z,28,hub,2026-09-17T00:49:00Z,2026-09-17T00:49:00Z,true
yorkshire:YWS01370:1788814631000,yorkshire:YWS01370,yorkshire,2026-09-07T20:57:11Z,2026-09-07T23:20:56Z,144,hub,2026-09-17T00:49:00Z,2026-09-17T00:49:00Z,true
yorkshire:YWS01371:1788832372000,yorkshire:YWS01371,yorkshire,2026-09-08T01:52:52Z,2026-09-08T02:00:06Z,7,hub,2026-09-17T00:49:00Z,2026-09-17T00:49:00Z,true
yorkshire:YWS01377:1788478109000,yorkshire:YWS01377,yorkshire,2026-09-03T23:28:29Z,2026-09-04T02:20:12Z,172,hub,2026-09-17T00:49:00Z,2026-09-17T00:49:00Z,true
yorkshire:YWS01379:1789102397000,yorkshire:YWS01379,yorkshire,2026-09-11T04:53:17Z,2026-09-11T04:53:22Z,0,hub,2026-09-17T00:49:00Z,2026-09-17T00:49:00Z,true
yorkshire:YWS01380:1788836681000,yorkshire:YWS01380,yorkshire,2026-09-08T03:04:41Z,2026-09-08T03:04:51Z,0,hub,2026-09-17T00:49:00Z,2026-09-17T00:49:00Z,true
yorkshire:YWS01381:1788832606000,yorkshire:YWS01381,yorkshire,2026-09-08T01:56:46Z,2026-09-08T02:25:40Z,29,hub,2026-09-17T00:49:00Z,2026-09-17T00:49:00Z,true
yorkshire:YWS01386:1788818198000,yorkshire:YWS01386,yorkshire,2026-09-07T21:56:38Z,2026-09-07T21:56:53Z,0,hub,2026-09-17T00:49:00Z,2026-09-17T00:49:00Z,true
yorkshire:YWS01387:1789306331000,yorkshire:YWS01387,yorkshire,2026-09-13T13:32:11Z,2026-09-13T13:32:15Z,0,hub,2026-09-17T00:49:00Z,2026-09-17T00:49:00Z,true
yorkshire:YWS01388:1788816060000,yorkshire:YWS01388,yorkshire,2026-09-07T21:21:00Z,2026-09-08T00:35:56Z,195,hub,2026-09-17T00:49:00Z,2026-09-17T00:49:00Z,true
yorkshire:YWS01389:1788815127000,yorkshire:YWS01389,yorkshire,2026-09-07T21:05:27Z,2026-09-07T23:05:54Z,120,hub,2026-09-17T00:49:00Z,2026-09-17T00:49:00Z,true
yorkshire:YWS01392:1788486891000,yorkshire:YWS01392,yorkshire,2026-09-04T01:54:51Z,2026-09-04T02:15:32Z,21,hub,2026-09-17T00:49:00Z,2026-09-17T00:49:00Z,true
yorkshire:YWS01393:1788823199000,yorkshire:YWS01393,yorkshire,2026-09-07T23:19:59Z,2026-09-07T23:44:30Z,25,hub,2026-09-17T00:49:00Z,2026-09-17T00:49:00Z,true
yorkshire:YWS01394:1788493223000,yorkshire:YWS01394,yorkshire,2026-09-04T03:40:23Z,2026-09-04T03:42:05Z,2,hub,2026-09-17T00:49:00Z,2026-09-17T00:49:00Z,true
yorkshire:YWS01395:1788824400000,yorkshire:YWS01395,yorkshire,2026-09-07T23:40:00Z,2026-09-08T03:57:46Z,258,hub,2026-09-17T00:49:00Z,2026-09-17T00:49:00Z,true
yorkshire:YWS01396:1788821260000,yorkshire:YWS01396,yorkshire,2026-09-07T22:47:40Z,2026-09-08T00:55:48Z,128,hub,2026-09-17T00:49:00Z,2026-09-17T00:49:00Z,true
yorkshire:YWS01397:1788823080000,yorkshire:YWS01397,yorkshire,2026-09-07T23:18:00Z,2026-09-08T01:22:00Z,124,hub,2026-09-17T00:49:00Z,2026-09-17T00:49:00Z,true
yorkshire:YWS01401:1789443900000,yorkshire:YWS01401,yorkshire,2026-09-15T03:45:00Z,2026-09-15T03:46:00Z,1,hub,2026-09-17T00:49:00Z,2026-09-17T00:49:00Z,true
yorkshire:YWS01401:1789762620000,yorkshire:YWS01401,yorkshire,2026-09-18T20:17:00Z,2026-09-18T21:15:00Z,58,hub,2026-09-18T22:43:41Z,2026-09-18T22:43:41Z,true
yorkshire:YWS01401:1789774320000,yorkshire:YWS01401,yorkshire,2026-09-18T23:32:00Z,,,hub,2026-09-19T00:41:02Z,2026-09-19T00:41:02Z,
yorkshire:YWS01402:1788822987000,yorkshire:YWS01402,yorkshire,2026-09-07T23:16:27Z,2026-09-08T00:22:52Z,66,hub,2026-09-17T00:49:00Z,2026-09-17T00:49:00Z,true
yorkshire:YWS01402:1789763123000,yorkshire:YWS01402,yorkshire,2026-09-18T20:25:23Z,2026-09-18T21:17:08Z,52,hub,2026-09-18T22:43:41Z,2026-09-18T22:43:41Z,true
yorkshire:YWS01402:1789775098000,yorkshire:YWS01402,yorkshire,2026-09-18T23:44:58Z,,,hub,2026-09-19T00:41:02Z,2026-09-19T00:41:02Z,
yorkshire:YWS01403:1788824820000,yorkshire:YWS01403,yorkshire,2026-09-07T23:47:00Z,2026-09-08T00:01:00Z,14,hub,2026-09-17T00:49:00Z,2026-09-17T00:49:00Z,true
yorkshire:YWS01404:1788821100000,yorkshire:YWS01404,yorkshire,2026-09-07T22:45:00Z,2026-09-07T22:47:00Z,2,hub,2026-09-17T00:49:00Z,2026-09-17T00:49:00Z,true
yorkshire:YWS01406:1788821100000,yorkshire:YWS01406,yorkshire,2026-09-07T22:45:00Z,2026-09-07T22:54:00Z,9,hub,2026-09-17T00:49:00Z,2026-09-17T00:49:00Z,true
yorkshire:YWS01409:1788822120000,yorkshire:YWS01409,yorkshire,2026-09-07T23:02:00Z,2026-09-07T23:16:00Z,14,hub,2026-09-17T00:49:00Z,2026-09-17T00:49:00Z,true
yorkshire:YWS01409:1789768920000,yorkshire:YWS01409,yorkshire,2026-09-18T22:02:00Z,2026-09-18T22:16:00Z,14,hub,2026-09-18T22:53:52Z,2026-09-18T23:24:25Z,true
yorkshire:YWS01409:1789773420000,yorkshire:YWS01409,yorkshire,2026-09-18T23:17:00Z,2026-09-18T23:31:00Z,14,hub,2026-09-19T00:41:02Z,2026-09-19T00:41:02Z,true
yorkshire:YWS01410:1788486357000,yorkshire:YWS01410,yorkshire,2026-09-04T01:45:57Z,2026-09-04T02:00:23Z,14,hub,2026-09-17T00:49:00Z,2026-09-17T00:49:00Z,true
yorkshire:YWS01411:1788830992000,yorkshire:YWS01411,yorkshire,2026-09-08T01:29:52Z,2026-09-08T01:45:38Z,16,hub,2026-09-17T00:49:00Z,2026-09-17T00:49:00Z,true
yorkshire:YWS01413:1788486242000,yorkshire:YWS01413,yorkshire,2026-09-04T01:44:02Z,2026-09-04T02:43:52Z,60,hub,2026-09-17T00:49:00Z,2026-09-17T00:49:00Z,true
yorkshire:YWS01414:1788485631000,yorkshire:YWS01414,yorkshire,2026-09-04T01:33:51Z,2026-09-04T02:54:31Z,81,hub,2026-09-17T00:49:00Z,2026-09-17T00:49:00Z,true
yorkshire:YWS01415:1788818345000,yorkshire:YWS01415,yorkshire,2026-09-07T21:59:05Z,2026-09-07T22:03:49Z,5,hub,2026-09-17T00:49:00Z,2026-09-17T00:49:00Z,true
yorkshire:YWS01416:1788814287000,yorkshire:YWS01416,yorkshire,2026-09-07T20:51:27Z,2026-09-07T22:57:15Z,126,hub,2026-09-17T00:49:00Z,2026-09-17T00:49:00Z,true
yorkshire:YWS01416:1789764778000,yorkshire:YWS01416,yorkshire,2026-09-18T20:52:58Z,2026-09-18T23:42:24Z,169,hub,2026-09-18T22:53:52Z,2026-09-18T22:53:52Z,false
yorkshire:YWS01416:1789774944000,yorkshire:YWS01416,yorkshire,2026-09-18T23:42:24Z,,,hub,2026-09-19T00:41:02Z,2026-09-19T00:41:02Z,
yorkshire:YWS01417:1788507406000,yorkshire:YWS01417,yorkshire,2026-09-04T07:36:46Z,2026-09-04T07:53:34Z,17,hub,2026-09-17T00:49:00Z,2026-09-17T00:49:00Z,true
yorkshire:YWS01418:1788491365000,yorkshire:YWS01418,yorkshire,2026-09-04T03:09:25Z,2026-09-04T03:11:57Z,3,hub,2026-09-17T00:49:00Z,2026-09-17T00:49:00Z,true
yorkshire:YWS01421:1788838174000,yorkshire:YWS01421,yorkshire,2026-09-08T03:29:34Z,2026-09-08T03:33:04Z,4,hub,2026-09-17T00:49:00Z,2026-09-17T00:49:00Z,true
yorkshire:YWS01421:1789769021000,yorkshire:YWS01421,yorkshire,2026-09-18T22:03:41Z,,,hub,2026-09-18T22:53:52Z,2026-09-18T22:53:52Z,
yorkshire:YWS01422:1789455869000,yorkshire:YWS01422,yorkshire,2026-09-15T07:04:29Z,2026-09-15T07:04:45Z,0,hub,2026-09-17T00:49:00Z,2026-09-17T00:49:00Z,true
yorkshire:YWS01422:1789624017000,yorkshire:YWS01422,yorkshire,2026-09-17T05:46:57Z,2026-09-17T05:47:01Z,0,hub,2026-09-17T11:32:49Z,2026-09-17T11:32:49Z,true
yorkshire:YWS01422:1789763702000,yorkshire:YWS01422,yorkshire,2026-09-18T20:35:02Z,2026-09-18T22:10:14Z,95,hub,2026-09-18T22:43:41Z,2026-09-18T22:53:52Z,true
yorkshire:YWS01424:1788815820000,yorkshire:YWS01424,yorkshire,2026-09-07T21:17:00Z,2026-09-07T21:46:00Z,29,hub,2026-09-17T00:49:00Z,2026-09-17T00:49:00Z,true
yorkshire:YWS01425:1789557579000,yorkshire:YWS01425,yorkshire,2026-09-16T11:19:39Z,2026-09-16T11:19:53Z,0,hub,2026-09-17T00:49:00Z,2026-09-17T00:49:00Z,true
yorkshire:YWS01427:1788823994000,yorkshire:YWS01427,yorkshire,2026-09-07T23:33:14Z,2026-09-07T23:51:25Z,18,hub,2026-09-17T00:49:00Z,2026-09-17T00:49:00Z,true
yorkshire:YWS01428:1788880680000,yorkshire:YWS01428,yorkshire,2026-09-08T15:18:00Z,2026-09-08T15:22:39Z,5,hub,2026-09-17T00:49:00Z,2026-09-17T00:49:00Z,true
yorkshire:YWS01428:1789764627000,yorkshire:YWS01428,yorkshire,2026-09-18T20:50:27Z,2026-09-18T20:54:11Z,4,hub,2026-09-18T22:43:41Z,2026-09-18T22:43:41Z,true
yorkshire:YWS01429:1788818552000,yorkshire:YWS01429,yorkshire,2026-09-07T22:02:32Z,2026-09-07T22:33:49Z,31,hub,2026-09-17T00:49:00Z,2026-09-17T00:49:00Z,true
yorkshire:YWS01433:1788822168000,yorkshire:YWS01433,yorkshire,2026-09-07T23:02:48Z,2026-09-07T23:10:58Z,8,hub,2026-09-17T00:49:00Z,2026-09-17T00:49:00Z,true
yorkshire:YWS01436:1788815338000,yorkshire:YWS01436,yorkshire,2026-09-07T21:08:58Z,2026-09-07T22:21:10Z,72,hub,2026-09-17T00:49:00Z,2026-09-17T00:49:00Z,true
yorkshire:YWS01440:1788872280000,yorkshire:YWS01440,yorkshire,2026-09-08T12:58:00Z,2026-09-08T12:58:19Z,0,hub,2026-09-17T00:49:00Z,2026-09-17T00:49:00Z,true
yorkshire:YWS01441:1789380789000,yorkshire:YWS01441,yorkshire,2026-09-14T10:13:09Z,2026-09-14T10:15:16Z,2,hub,2026-09-17T00:49:00Z,2026-09-17T00:49:00Z,true
yorkshire:YWS01451:1788496854000,yorkshire:YWS01451,yorkshire,2026-09-04T04:40:54Z,2026-09-04T08:51:55Z,251,hub,2026-09-17T00:49:00Z,2026-09-17T00:49:00Z,true
yorkshire:YWS01455:1788489660000,yorkshire:YWS01455,yorkshire,2026-09-04T02:41:00Z,2026-09-04T02:50:25Z,9,hub,2026-09-17T00:49:00Z,2026-09-17T00:49:00Z,true
yorkshire:YWS01456:1788487074000,yorkshire:YWS01456,yorkshire,2026-09-04T01:57:54Z,2026-09-04T03:46:24Z,109,hub,2026-09-17T00:49:00Z,2026-09-17T00:49:00Z,true
yorkshire:YWS01457:1789442812000,yorkshire:YWS01457,yorkshire,2026-09-15T03:26:52Z,2026-09-15T03:30:12Z,3,hub,2026-09-17T00:49:00Z,2026-09-17T00:49:00Z,true
yorkshire:YWS01462:1788695747000,yorkshire:YWS01462,yorkshire,2026-09-06T11:55:47Z,2026-09-06T11:59:36Z,4,hub,2026-09-17T00:49:00Z,2026-09-17T00:49:00Z,true
yorkshire:YWS01470:1788355380000,yorkshire:YWS01470,yorkshire,2026-09-02T13:23:00Z,2026-09-02T13:23:04Z,0,hub,2026-09-17T00:49:00Z,2026-09-17T00:49:00Z,true
yorkshire:YWS01476:1789533780000,yorkshire:YWS01476,yorkshire,2026-09-16T04:43:00Z,2026-09-16T04:51:00Z,8,hub,2026-09-17T00:49:00Z,2026-09-17T00:49:00Z,true
yorkshire:YWS01476:1789774560000,yorkshire:YWS01476,yorkshire,2026-09-18T23:36:00Z,2026-09-18T23:47:00Z,11,hub,2026-09-19T00:41:02Z,2026-09-19T00:41:02Z,true
yorkshire:YWS01479:1788818824000,yorkshire:YWS01479,yorkshire,2026-09-07T22:07:04Z,2026-09-07T22:54:44Z,48,hub,2026-09-17T00:49:00Z,2026-09-17T00:49:00Z,true
yorkshire:YWS01490:1789458597000,yorkshire:YWS01490,yorkshire,2026-09-15T07:49:57Z,2026-09-15T08:23:10Z,33,hub,2026-09-17T00:49:00Z,2026-09-17T00:49:00Z,true
yorkshire:YWS01492:1789635889000,yorkshire:YWS01492,yorkshire,2026-09-17T09:04:49Z,2026-09-17T09:09:29Z,5,hub,2026-09-17T11:32:49Z,2026-09-17T11:32:49Z,true
yorkshire:YWS01497:1788487299000,yorkshire:YWS01497,yorkshire,2026-09-04T02:01:39Z,2026-09-04T04:41:19Z,160,hub,2026-09-17T00:49:00Z,2026-09-17T00:49:00Z,true
yorkshire:YWS01499:1788485954000,yorkshire:YWS01499,yorkshire,2026-09-04T01:39:14Z,2026-09-04T02:49:33Z,70,hub,2026-09-17T00:49:00Z,2026-09-17T00:49:00Z,true
yorkshire:YWS01502:1788815683000,yorkshire:YWS01502,yorkshire,2026-09-07T21:14:43Z,2026-09-07T22:26:07Z,71,hub,2026-09-17T00:49:00Z,2026-09-17T00:49:00Z,true
yorkshire:YWS01504:1788486132000,yorkshire:YWS01504,yorkshire,2026-09-04T01:42:12Z,2026-09-04T03:02:23Z,80,hub,2026-09-17T00:49:00Z,2026-09-17T00:49:00Z,true
yorkshire:YWS01510:1788835145000,yorkshire:YWS01510,yorkshire,2026-09-08T02:39:05Z,2026-09-08T02:43:25Z,4,hub,2026-09-17T00:49:00Z,2026-09-17T00:49:00Z,true
yorkshire:YWS01511:1788487320000,yorkshire:YWS01511,yorkshire,2026-09-04T02:02:00Z,2026-09-04T02:31:00Z,29,hub,2026-09-17T00:49:00Z,2026-09-17T00:49:00Z,true
yorkshire:YWS01514:1788486849000,yorkshire:YWS01514,yorkshire,2026-09-04T01:54:09Z,2026-09-04T02:07:45Z,14,hub,2026-09-17T00:49:00Z,2026-09-17T00:49:00Z,true
yorkshire:YWS01518:1788824442000,yorkshire:YWS01518,yorkshire,2026-09-07T23:40:42Z,2026-09-07T23:52:13Z,12,hub,2026-09-17T00:49:00Z,2026-09-17T00:49:00Z,true
yorkshire:YWS01522:1788820320000,yorkshire:YWS01522,yorkshire,2026-09-07T22:32:00Z,2026-09-07T23:16:00Z,44,hub,2026-09-17T00:49:00Z,2026-09-17T00:49:00Z,true
yorkshire:YWS01524:1788830047000,yorkshire:YWS01524,yorkshire,2026-09-08T01:14:07Z,2026-09-08T01:21:21Z,7,hub,2026-09-17T00:49:00Z,2026-09-17T00:49:00Z,true
yorkshire:YWS01526:1788820260000,yorkshire:YWS01526,yorkshire,2026-09-07T22:31:00Z,2026-09-08T00:15:00Z,104,hub,2026-09-17T00:49:00Z,2026-09-17T00:49:00Z,true
yorkshire:YWS01527:1788824143000,yorkshire:YWS01527,yorkshire,2026-09-07T23:35:43Z,2026-09-07T23:42:46Z,7,hub,2026-09-17T00:49:00Z,2026-09-17T00:49:00Z,true
yorkshire:YWS01529:1788816961000,yorkshire:YWS01529,yorkshire,2026-09-07T21:36:01Z,2026-09-07T22:37:26Z,61,hub,2026-09-17T00:49:00Z,2026-09-17T00:49:00Z,true
yorkshire:YWS01530:1788817762000,yorkshire:YWS01530,yorkshire,2026-09-07T21:49:22Z,2026-09-07T23:00:24Z,71,hub,2026-09-17T00:49:00Z,2026-09-17T00:49:00Z,true
yorkshire:YWS01531:1788831962000,yorkshire:YWS01531,yorkshire,2026-09-08T01:46:02Z,2026-09-08T01:59:03Z,13,hub,2026-09-17T00:49:00Z,2026-09-17T00:49:00Z,true
yorkshire:YWS01533:1788486353000,yorkshire:YWS01533,yorkshire,2026-09-04T01:45:53Z,2026-09-04T02:56:34Z,71,hub,2026-09-17T00:49:00Z,2026-09-17T00:49:00Z,true
yorkshire:YWS01537:1788485177000,yorkshire:YWS01537,yorkshire,2026-09-04T01:26:17Z,2026-09-04T01:46:21Z,20,hub,2026-09-17T00:49:00Z,2026-09-17T00:49:00Z,true
yorkshire:YWS01538:1788487320000,yorkshire:YWS01538,yorkshire,2026-09-04T02:02:00Z,2026-09-04T02:16:00Z,14,hub,2026-09-17T00:49:00Z,2026-09-17T00:49:00Z,true
yorkshire:YWS01546:1788825720000,yorkshire:YWS01546,yorkshire,2026-09-08T00:02:00Z,2026-09-08T00:16:00Z,14,hub,2026-09-17T00:49:00Z,2026-09-17T00:49:00Z,true
yorkshire:YWS01549:1788825248000,yorkshire:YWS01549,yorkshire,2026-09-07T23:54:08Z,2026-09-07T23:54:48Z,1,hub,2026-09-17T00:49:00Z,2026-09-17T00:49:00Z,true
yorkshire:YWS01556:1788486895000,yorkshire:YWS01556,yorkshire,2026-09-04T01:54:55Z,2026-09-04T01:56:19Z,1,hub,2026-09-17T00:49:00Z,2026-09-17T00:49:00Z,true
yorkshire:YWS01558:1788819281000,yorkshire:YWS01558,yorkshire,2026-09-07T22:14:41Z,2026-09-07T22:26:06Z,11,hub,2026-09-17T00:49:00Z,2026-09-17T00:49:00Z,true
yorkshire:YWS01559:1788491996000,yorkshire:YWS01559,yorkshire,2026-09-04T03:19:56Z,2026-09-04T08:23:03Z,303,hub,2026-09-17T00:49:00Z,2026-09-17T00:49:00Z,true
yorkshire:YWS01561:1788827025000,yorkshire:YWS01561,yorkshire,2026-09-08T00:23:45Z,2026-09-08T00:25:19Z,2,hub,2026-09-17T00:49:00Z,2026-09-17T00:49:00Z,true
yorkshire:YWS01564:1788486230000,yorkshire:YWS01564,yorkshire,2026-09-04T01:43:50Z,2026-09-04T01:54:39Z,11,hub,2026-09-17T00:49:00Z,2026-09-17T00:49:00Z,true
yorkshire:YWS01565:1788485975000,yorkshire:YWS01565,yorkshire,2026-09-04T01:39:35Z,2026-09-04T01:58:20Z,19,hub,2026-09-17T00:49:00Z,2026-09-17T00:49:00Z,true
yorkshire:YWS01566:1788819420000,yorkshire:YWS01566,yorkshire,2026-09-07T22:17:00Z,2026-09-07T22:31:00Z,14,hub,2026-09-17T00:49:00Z,2026-09-17T00:49:00Z,true
yorkshire:YWS01567:1789443131000,yorkshire:YWS01567,yorkshire,2026-09-15T03:32:11Z,2026-09-15T03:33:41Z,2,hub,2026-09-17T00:49:00Z,2026-09-17T00:49:00Z,true
yorkshire:YWS01568:1788270120000,yorkshire:YWS01568,yorkshire,2026-09-01T13:42:00Z,2026-09-01T13:52:00Z,10,hub,2026-09-17T00:49:00Z,2026-09-17T00:49:00Z,true
yorkshire:YWS01569:1788485058000,yorkshire:YWS01569,yorkshire,2026-09-04T01:24:18Z,2026-09-04T03:28:30Z,124,hub,2026-09-17T00:49:00Z,2026-09-17T00:49:00Z,true
yorkshire:YWS01572:1788817961000,yorkshire:YWS01572,yorkshire,2026-09-07T21:52:41Z,2026-09-07T23:01:00Z,68,hub,2026-09-17T00:49:00Z,2026-09-17T00:49:00Z,true
yorkshire:YWS01573:1788817020000,yorkshire:YWS01573,yorkshire,2026-09-07T21:37:00Z,2026-09-07T22:47:06Z,70,hub,2026-09-17T00:49:00Z,2026-09-17T00:49:00Z,true
yorkshire:YWS01577:1788820142000,yorkshire:YWS01577,yorkshire,2026-09-07T22:29:02Z,2026-09-07T23:09:05Z,40,hub,2026-09-17T00:49:00Z,2026-09-17T00:49:00Z,true
yorkshire:YWS01578:1788815565000,yorkshire:YWS01578,yorkshire,2026-09-07T21:12:45Z,2026-09-07T21:32:26Z,20,hub,2026-09-17T00:49:00Z,2026-09-17T00:49:00Z,true
yorkshire:YWS01581:1788818329000,yorkshire:YWS01581,yorkshire,2026-09-07T21:58:49Z,2026-09-07T22:43:21Z,45,hub,2026-09-17T00:49:00Z,2026-09-17T00:49:00Z,true
yorkshire:YWS01587:1789451811000,yorkshire:YWS01587,yorkshire,2026-09-15T05:56:51Z,2026-09-15T06:00:30Z,4,hub,2026-09-17T00:49:00Z,2026-09-17T00:49:00Z,true
yorkshire:YWS01587:1789766540000,yorkshire:YWS01587,yorkshire,2026-09-18T21:22:20Z,2026-09-18T21:59:51Z,38,hub,2026-09-18T22:43:41Z,2026-09-18T22:53:52Z,true
yorkshire:YWS01589:1788817560000,yorkshire:YWS01589,yorkshire,2026-09-07T21:46:00Z,2026-09-07T22:01:00Z,15,hub,2026-09-17T00:49:00Z,2026-09-17T00:49:00Z,true
yorkshire:YWS01593:1788485491000,yorkshire:YWS01593,yorkshire,2026-09-04T01:31:31Z,2026-09-04T01:59:53Z,28,hub,2026-09-17T00:49:00Z,2026-09-17T00:49:00Z,true
yorkshire:YWS01594:1788812872000,yorkshire:YWS01594,yorkshire,2026-09-07T20:27:52Z,2026-09-07T20:42:57Z,15,hub,2026-09-17T00:49:00Z,2026-09-17T00:49:00Z,true
yorkshire:YWS01595:1788819240000,yorkshire:YWS01595,yorkshire,2026-09-07T22:14:00Z,2026-09-07T22:27:00Z,13,hub,2026-09-17T00:49:00Z,2026-09-17T00:49:00Z,true
yorkshire:YWS01596:1788878832000,yorkshire:YWS01596,yorkshire,2026-09-08T14:47:12Z,2026-09-08T14:49:01Z,2,hub,2026-09-17T00:49:00Z,2026-09-17T00:49:00Z,true
yorkshire:YWS01601:1788817650000,yorkshire:YWS01601,yorkshire,2026-09-07T21:47:30Z,2026-09-07T22:11:16Z,24,hub,2026-09-17T00:49:00Z,2026-09-17T00:49:00Z,true
yorkshire:YWS01601:1789653517000,yorkshire:YWS01601,yorkshire,2026-09-17T13:58:37Z,2026-09-17T14:10:27Z,12,hub,2026-09-17T15:38:08Z,2026-09-17T15:38:08Z,true
yorkshire:YWS01602:1788818520000,yorkshire:YWS01602,yorkshire,2026-09-07T22:02:00Z,2026-09-07T22:16:00Z,14,hub,2026-09-17T00:49:00Z,2026-09-17T00:49:00Z,true
yorkshire:YWS01603:1789453340000,yorkshire:YWS01603,yorkshire,2026-09-15T06:22:20Z,2026-09-15T06:37:56Z,16,hub,2026-09-17T00:49:00Z,2026-09-17T00:49:00Z,true
yorkshire:YWS01603:1789622255000,yorkshire:YWS01603,yorkshire,2026-09-17T05:17:35Z,2026-09-17T05:22:59Z,5,hub,2026-09-17T11:32:49Z,2026-09-17T11:32:49Z,true
yorkshire:YWS01603:1789764027000,yorkshire:YWS01603,yorkshire,2026-09-18T20:40:27Z,2026-09-18T20:53:22Z,13,hub,2026-09-18T22:43:41Z,2026-09-18T22:43:41Z,true
yorkshire:YWS01604:1788817006000,yorkshire:YWS01604,yorkshire,2026-09-07T21:36:46Z,2026-09-07T22:49:10Z,72,hub,2026-09-17T00:49:00Z,2026-09-17T00:49:00Z,true
yorkshire:YWS01605:1788816095000,yorkshire:YWS01605,yorkshire,2026-09-07T21:21:35Z,2026-09-07T21:27:15Z,6,hub,2026-09-17T00:49:00Z,2026-09-17T00:49:00Z,true
yorkshire:YWS01606:1789452605000,yorkshire:YWS01606,yorkshire,2026-09-15T06:10:05Z,2026-09-15T06:16:35Z,7,hub,2026-09-17T00:49:00Z,2026-09-17T00:49:00Z,true
yorkshire:YWS01606:1789763443000,yorkshire:YWS01606,yorkshire,2026-09-18T20:30:43Z,2026-09-18T20:46:19Z,16,hub,2026-09-18T22:43:41Z,2026-09-18T22:43:41Z,true
yorkshire:YWS01607:1788822156000,yorkshire:YWS01607,yorkshire,2026-09-07T23:02:36Z,2026-09-07T23:25:21Z,23,hub,2026-09-17T00:49:00Z,2026-09-17T00:49:00Z,true
yorkshire:YWS01608:1788487575000,yorkshire:YWS01608,yorkshire,2026-09-04T02:06:15Z,2026-09-04T02:06:20Z,0,hub,2026-09-17T00:49:00Z,2026-09-17T00:49:00Z,true
yorkshire:YWS01609:1788827520000,yorkshire:YWS01609,yorkshire,2026-09-08T00:32:00Z,2026-09-08T00:46:00Z,14,hub,2026-09-17T00:49:00Z,2026-09-17T00:49:00Z,true
yorkshire:YWS01611:1788819333000,yorkshire:YWS01611,yorkshire,2026-09-07T22:15:33Z,2026-09-07T22:22:52Z,7,hub,2026-09-17T00:49:00Z,2026-09-17T00:49:00Z,true
yorkshire:YWS01612:1788818046000,yorkshire:YWS01612,yorkshire,2026-09-07T21:54:06Z,2026-09-07T22:36:43Z,43,hub,2026-09-17T00:49:00Z,2026-09-17T00:49:00Z,true
yorkshire:YWS01613:1788831727000,yorkshire:YWS01613,yorkshire,2026-09-08T01:42:07Z,2026-09-08T01:54:27Z,12,hub,2026-09-17T00:49:00Z,2026-09-17T00:49:00Z,true
yorkshire:YWS01618:1788489627000,yorkshire:YWS01618,yorkshire,2026-09-04T02:40:27Z,2026-09-04T02:51:56Z,11,hub,2026-09-17T00:49:00Z,2026-09-17T00:49:00Z,true
yorkshire:YWS01620:1788382896000,yorkshire:YWS01620,yorkshire,2026-09-02T21:01:36Z,2026-09-02T21:01:50Z,0,hub,2026-09-17T00:49:00Z,2026-09-17T00:49:00Z,true
yorkshire:YWS01629:1788486634000,yorkshire:YWS01629,yorkshire,2026-09-04T01:50:34Z,2026-09-04T02:07:58Z,17,hub,2026-09-17T00:49:00Z,2026-09-17T00:49:00Z,true
yorkshire:YWS01631:1788486339000,yorkshire:YWS01631,yorkshire,2026-09-04T01:45:39Z,2026-09-04T01:57:54Z,12,hub,2026-09-17T00:49:00Z,2026-09-17T00:49:00Z,true
yorkshire:YWS01633:1788816341000,yorkshire:YWS01633,yorkshire,2026-09-07T21:25:41Z,2026-09-07T21:34:21Z,9,hub,2026-09-17T00:49:00Z,2026-09-17T00:49:00Z,true
yorkshire:YWS01637:1788817211000,yorkshire:YWS01637,yorkshire,2026-09-07T21:40:11Z,2026-09-07T23:06:37Z,86,hub,2026-09-17T00:49:00Z,2026-09-17T00:49:00Z,true
yorkshire:YWS01638:1788831713000,yorkshire:YWS01638,yorkshire,2026-09-08T01:41:53Z,2026-09-08T01:54:48Z,13,hub,2026-09-17T00:49:00Z,2026-09-17T00:49:00Z,true
yorkshire:YWS01642:1788819802000,yorkshire:YWS01642,yorkshire,2026-09-07T22:23:22Z,2026-09-07T22:34:57Z,12,hub,2026-09-17T00:49:00Z,2026-09-17T00:49:00Z,true
yorkshire:YWS01645:1788486249000,yorkshire:YWS01645,yorkshire,2026-09-04T01:44:09Z,2026-09-04T02:19:16Z,35,hub,2026-09-17T00:49:00Z,2026-09-17T00:49:00Z,true
yorkshire:YWS01649:1788829994000,yorkshire:YWS01649,yorkshire,2026-09-08T01:13:14Z,2026-09-08T01:19:07Z,6,hub,2026-09-17T00:49:00Z,2026-09-17T00:49:00Z,true
yorkshire:YWS01651:1788816931000,yorkshire:YWS01651,yorkshire,2026-09-07T21:35:31Z,2026-09-07T21:39:26Z,4,hub,2026-09-17T00:49:00Z,2026-09-17T00:49:00Z,true
yorkshire:YWS01655:1788816720000,yorkshire:YWS01655,yorkshire,2026-09-07T21:32:00Z,2026-09-07T21:46:00Z,14,hub,2026-09-17T00:49:00Z,2026-09-17T00:49:00Z,true
yorkshire:YWS01658:1788830220000,yorkshire:YWS01658,yorkshire,2026-09-08T01:17:00Z,2026-09-08T01:31:00Z,14,hub,2026-09-17T00:49:00Z,2026-09-17T00:49:00Z,true
yorkshire:YWS01659:1788847020000,yorkshire:YWS01659,yorkshire,2026-09-08T05:57:00Z,2026-09-08T06:08:00Z,11,hub,2026-09-17T00:49:00Z,2026-09-17T00:49:00Z,true
yorkshire:YWS01662:1788822758000,yorkshire:YWS01662,yorkshire,2026-09-07T23:12:38Z,2026-09-07T23:19:03Z,6,hub,2026-09-17T00:49:00Z,2026-09-17T00:49:00Z,true
yorkshire:YWS01667:1788826704000,yorkshire:YWS01667,yorkshire,2026-09-08T00:18:24Z,2026-09-08T02:19:53Z,121,hub,2026-09-17T00:49:00Z,2026-09-17T00:49:00Z,true
yorkshire:YWS01668:1788825059000,yorkshire:YWS01668,yorkshire,2026-09-07T23:50:59Z,2026-09-07T23:55:14Z,4,hub,2026-09-17T00:49:00Z,2026-09-17T00:49:00Z,true
yorkshire:YWS01670:1788816720000,yorkshire:YWS01670,yorkshire,2026-09-07T21:32:00Z,2026-09-07T22:01:00Z,29,hub,2026-09-17T00:49:00Z,2026-09-17T00:49:00Z,true
yorkshire:YWS01674:1788831120000,yorkshire:YWS01674,yorkshire,2026-09-08T01:32:00Z,2026-09-08T01:46:00Z,14,hub,2026-09-17T00:49:00Z,2026-09-17T00:49:00Z,true
yorkshire:YWS01676:1788817920000,yorkshire:YWS01676,yorkshire,2026-09-07T21:52:00Z,2026-09-07T22:22:00Z,30,hub,2026-09-17T00:49:00Z,2026-09-17T00:49:00Z,true
yorkshire:YWS01677:1788831387000,yorkshire:YWS01677,yorkshire,2026-09-08T01:36:27Z,2026-09-08T02:13:19Z,37,hub,2026-09-17T00:49:00Z,2026-09-17T00:49:00Z,true
yorkshire:YWS01682:1788854220000,yorkshire:YWS01682,yorkshire,2026-09-08T07:57:00Z,2026-09-08T08:08:00Z,11,hub,2026-09-17T00:49:00Z,2026-09-17T00:49:00Z,true
yorkshire:YWS01685:1788486480000,yorkshire:YWS01685,yorkshire,2026-09-04T01:48:00Z,2026-09-04T02:01:00Z,13,hub,2026-09-17T00:49:00Z,2026-09-17T00:49:00Z,true
yorkshire:YWS01688:1788821280000,yorkshire:YWS01688,yorkshire,2026-09-07T22:48:00Z,2026-09-07T23:01:00Z,13,hub,2026-09-17T00:49:00Z,2026-09-17T00:49:00Z,true
yorkshire:YWS01697:1788819240000,yorkshire:YWS01697,yorkshire,2026-09-07T22:14:00Z,2026-09-07T22:29:00Z,15,hub,2026-09-17T00:49:00Z,2026-09-17T00:49:00Z,true
yorkshire:YWS01698:1789454820000,yorkshire:YWS01698,yorkshire,2026-09-15T06:47:00Z,2026-09-15T07:01:00Z,14,hub,2026-09-17T00:49:00Z,2026-09-17T00:49:00Z,true
yorkshire:YWS01698:1789755840000,yorkshire:YWS01698,yorkshire,2026-09-18T18:24:00Z,2026-09-18T18:46:00Z,22,hub,2026-09-18T20:21:27Z,2026-09-18T20:21:27Z,true
yorkshire:YWS01698:1789763520000,yorkshire:YWS01698,yorkshire,2026-09-18T20:32:00Z,,,hub,2026-09-18T22:43:41Z,2026-09-18T22:43:41Z,
yorkshire:YWS01699:1789443900000,yorkshire:YWS01699,yorkshire,2026-09-15T03:45:00Z,2026-09-15T03:46:00Z,1,hub,2026-09-17T00:49:00Z,2026-09-17T00:49:00Z,true
yorkshire:YWS01700:1788816458000,yorkshire:YWS01700,yorkshire,2026-09-07T21:27:38Z,2026-09-07T22:48:43Z,81,hub,2026-09-17T00:49:00Z,2026-09-17T00:49:00Z,true
yorkshire:YWS01704:1789394452000,yorkshire:YWS01704,yorkshire,2026-09-14T14:00:52Z,2026-09-14T14:14:48Z,14,hub,2026-09-17T00:49:00Z,2026-09-17T00:49:00Z,true
yorkshire:YWS01705:1788816720000,yorkshire:YWS01705,yorkshire,2026-09-07T21:32:00Z,2026-09-07T22:31:00Z,59,hub,2026-09-17T00:49:00Z,2026-09-17T00:49:00Z,true
yorkshire:YWS01707:1788816221000,yorkshire:YWS01707,yorkshire,2026-09-07T21:23:41Z,2026-09-07T21:50:42Z,27,hub,2026-09-17T00:49:00Z,2026-09-17T00:49:00Z,true
yorkshire:YWS01708:1788819480000,yorkshire:YWS01708,yorkshire,2026-09-07T22:18:00Z,2026-09-07T23:16:00Z,58,hub,2026-09-17T00:49:00Z,2026-09-17T00:49:00Z,true
yorkshire:YWS01712:1788818520000,yorkshire:YWS01712,yorkshire,2026-09-07T22:02:00Z,2026-09-07T22:16:00Z,14,hub,2026-09-17T00:49:00Z,2026-09-17T00:49:00Z,true
yorkshire:YWS01713:1788832020000,yorkshire:YWS01713,yorkshire,2026-09-08T01:47:00Z,2026-09-08T02:01:00Z,14,hub,2026-09-17T00:49:00Z,2026-09-17T00:49:00Z,true
yorkshire:YWS01715:1788484521000,yorkshire:YWS01715,yorkshire,2026-09-04T01:15:21Z,2026-09-04T02:01:34Z,46,hub,2026-09-17T00:49:00Z,2026-09-17T00:49:00Z,true
yorkshire:YWS01715:1789626130000,yorkshire:YWS01715,yorkshire,2026-09-17T06:22:10Z,2026-09-17T06:29:49Z,8,hub,2026-09-17T11:32:49Z,2026-09-17T11:32:49Z,true
yorkshire:YWS01718:1788488168000,yorkshire:YWS01718,yorkshire,2026-09-04T02:16:08Z,2026-09-04T03:49:12Z,93,hub,2026-09-17T00:49:00Z,2026-09-17T00:49:00Z,true
yorkshire:YWS01719:1789457285000,yorkshire:YWS01719,yorkshire,2026-09-15T07:28:05Z,2026-09-15T07:28:15Z,0,hub,2026-09-17T00:49:00Z,2026-09-17T00:49:00Z,true
yorkshire:YWS01720:1788496013000,yorkshire:YWS01720,yorkshire,2026-09-04T04:26:53Z,2026-09-04T05:03:17Z,36,hub,2026-09-17T00:49:00Z,2026-09-17T00:49:00Z,true
yorkshire:YWS01721:1788495863000,yorkshire:YWS01721,yorkshire,2026-09-04T04:24:23Z,2026-09-04T04:24:32Z,0,hub,2026-09-17T00:49:00Z,2026-09-17T00:49:00Z,true
yorkshire:YWS01724:1788492035000,yorkshire:YWS01724,yorkshire,2026-09-04T03:20:35Z,2026-09-04T03:52:51Z,32,hub,2026-09-17T00:49:00Z,2026-09-17T00:49:00Z,true
yorkshire:YWS01726:1788830709000,yorkshire:YWS01726,yorkshire,2026-09-08T01:25:09Z,2026-09-08T01:37:54Z,13,hub,2026-09-17T00:49:00Z,2026-09-17T00:49:00Z,true
yorkshire:YWS01727:1788829385000,yorkshire:YWS01727,yorkshire,2026-09-08T01:03:05Z,2026-09-08T01:11:05Z,8,hub,2026-09-17T00:49:00Z,2026-09-17T00:49:00Z,true
yorkshire:YWS01729:1788814740000,yorkshire:YWS01729,yorkshire,2026-09-07T20:59:00Z,2026-09-07T21:10:00Z,11,hub,2026-09-17T00:49:00Z,2026-09-17T00:49:00Z,true
yorkshire:YWS01734:1788488785000,yorkshire:YWS01734,yorkshire,2026-09-04T02:26:25Z,2026-09-04T02:41:20Z,15,hub,2026-09-17T00:49:00Z,2026-09-17T00:49:00Z,true
yorkshire:YWS01738:1788486532000,yorkshire:YWS01738,yorkshire,2026-09-04T01:48:52Z,2026-09-04T02:15:19Z,26,hub,2026-09-17T00:49:00Z,2026-09-17T00:49:00Z,true
yorkshire:YWS01739:1788486480000,yorkshire:YWS01739,yorkshire,2026-09-04T01:48:00Z,2026-09-04T02:16:00Z,28,hub,2026-09-17T00:49:00Z,2026-09-17T00:49:00Z,true
yorkshire:YWS01740:1788486303000,yorkshire:YWS01740,yorkshire,2026-09-04T01:45:03Z,2026-09-04T02:08:55Z,24,hub,2026-09-17T00:49:00Z,2026-09-17T00:49:00Z,true
yorkshire:YWS01742:1788490344000,yorkshire:YWS01742,yorkshire,2026-09-04T02:52:24Z,2026-09-04T03:31:01Z,39,hub,2026-09-17T00:49:00Z,2026-09-17T00:49:00Z,true
yorkshire:YWS01744:1789458949000,yorkshire:YWS01744,yorkshire,2026-09-15T07:55:49Z,2026-09-15T07:56:03Z,0,hub,2026-09-17T00:49:00Z,2026-09-17T00:49:00Z,true
yorkshire:YWS01746:1788879192000,yorkshire:YWS01746,yorkshire,2026-09-08T14:53:12Z,2026-09-08T14:53:16Z,0,hub,2026-09-17T00:49:00Z,2026-09-17T00:49:00Z,true
yorkshire:YWS01748:1788817454000,yorkshire:YWS01748,yorkshire,2026-09-07T21:44:14Z,2026-09-07T21:47:38Z,3,hub,2026-09-17T00:49:00Z,2026-09-17T00:49:00Z,true
yorkshire:YWS01751:1789442242000,yorkshire:YWS01751,yorkshire,2026-09-15T03:17:22Z,2026-09-15T03:26:11Z,9,hub,2026-09-17T00:49:00Z,2026-09-17T00:49:00Z,true
yorkshire:YWS01752:1788820285000,yorkshire:YWS01752,yorkshire,2026-09-07T22:31:25Z,2026-09-08T00:27:00Z,116,hub,2026-09-17T00:49:00Z,2026-09-17T00:49:00Z,true
yorkshire:YWS01753:1788821390000,yorkshire:YWS01753,yorkshire,2026-09-07T22:49:50Z,2026-09-07T23:01:05Z,11,hub,2026-09-17T00:49:00Z,2026-09-17T00:49:00Z,true
yorkshire:YWS01756:1788341379000,yorkshire:YWS01756,yorkshire,2026-09-02T09:29:39Z,2026-09-02T09:30:38Z,1,hub,2026-09-17T00:49:00Z,2026-09-17T00:49:00Z,true
yorkshire:YWS01757:1788818945000,yorkshire:YWS01757,yorkshire,2026-09-07T22:09:05Z,2026-09-07T22:26:21Z,17,hub,2026-09-17T00:49:00Z,2026-09-17T00:49:00Z,true
yorkshire:YWS01761:1788820118000,yorkshire:YWS01761,yorkshire,2026-09-07T22:28:38Z,2026-09-07T22:46:29Z,18,hub,2026-09-17T00:49:00Z,2026-09-17T00:49:00Z,true
yorkshire:YWS01763:1788823309000,yorkshire:YWS01763,yorkshire,2026-09-07T23:21:49Z,2026-09-07T23:30:27Z,9,hub,2026-09-17T00:49:00Z,2026-09-17T00:49:00Z,true
yorkshire:YWS01764:1788880555000,yorkshire:YWS01764,yorkshire,2026-09-08T15:15:55Z,2026-09-08T15:32:21Z,16,hub,2026-09-17T00:49:00Z,2026-09-17T00:49:00Z,true
yorkshire:YWS01765:1788816891000,yorkshire:YWS01765,yorkshire,2026-09-07T21:34:51Z,2026-09-07T21:37:40Z,3,hub,2026-09-17T00:49:00Z,2026-09-17T00:49:00Z,true
yorkshire:YWS01767:1789560120000,yorkshire:YWS01767,yorkshire,2026-09-16T12:15:00Z,2026-09-16T12:16:00Z,1,hub,2026-09-17T00:49:00Z,2026-09-17T11:32:49Z,true
yorkshire:YWS01767:1789654620000,yorkshire:YWS01767,yorkshire,2026-09-17T14:17:00Z,2026-09-17T14:31:00Z,14,hub,2026-09-17T15:38:08Z,2026-09-17T15:38:08Z,true
yorkshire:YWS01767:1789763520000,yorkshire:YWS01767,yorkshire,2026-09-18T20:32:00Z,2026-09-18T22:16:00Z,104,hub,2026-09-18T22:43:41Z,2026-09-18T23:24:25Z,true
yorkshire:YWS01768:1788822120000,yorkshire:YWS01768,yorkshire,2026-09-07T23:02:00Z,2026-09-07T23:31:00Z,29,hub,2026-09-17T00:49:00Z,2026-09-17T00:49:00Z,true
yorkshire:YWS01769:1789453020000,yorkshire:YWS01769,yorkshire,2026-09-15T06:17:00Z,2026-09-15T07:01:00Z,44,hub,2026-09-17T00:49:00Z,2026-09-17T00:49:00Z,true
yorkshire:YWS01769:1789624020000,yorkshire:YWS01769,yorkshire,2026-09-17T05:47:00Z,2026-09-17T06:16:00Z,29,hub,2026-09-17T11:32:49Z,2026-09-17T11:32:49Z,true
yorkshire:YWS01769:1789763520000,yorkshire:YWS01769,yorkshire,2026-09-18T20:32:00Z,2026-09-18T22:46:00Z,134,hub,2026-09-18T22:43:41Z,2026-09-18T23:34:35Z,true
yorkshire:YWS01770:1788818520000,yorkshire:YWS01770,yorkshire,2026-09-07T22:02:00Z,2026-09-07T22:31:00Z,29,hub,2026-09-17T00:49:00Z,2026-09-17T00:49:00Z,true
yorkshire:YWS01771:1788880980000,yorkshire:YWS01771,yorkshire,2026-09-08T15:23:00Z,2026-09-08T15:30:55Z,8,hub,2026-09-17T00:49:00Z,2026-09-17T00:49:00Z,true
yorkshire:YWS01773:1788819749000,yorkshire:YWS01773,yorkshire,2026-09-07T22:22:29Z,2026-09-07T22:23:53Z,1,hub,2026-09-17T00:49:00Z,2026-09-17T00:49:00Z,true
yorkshire:YWS01775:1788816964000,yorkshire:YWS01775,yorkshire,2026-09-07T21:36:04Z,2026-09-07T23:21:30Z,105,hub,2026-09-17T00:49:00Z,2026-09-17T00:49:00Z,true
yorkshire:YWS01775:1789763800000,yorkshire:YWS01775,yorkshire,2026-09-18T20:36:40Z,2026-09-18T21:55:17Z,79,hub,2026-09-18T22:43:41Z,2026-09-18T22:53:52Z,true
yorkshire:YWS01777:1788826198000,yorkshire:YWS01777,yorkshire,2026-09-08T00:09:58Z,2026-09-08T00:12:22Z,2,hub,2026-09-17T00:49:00Z,2026-09-17T00:49:00Z,true
yorkshire:YWS01784:1788815409000,yorkshire:YWS01784,yorkshire,2026-09-07T21:10:09Z,2026-09-07T23:29:12Z,139,hub,2026-09-17T00:49:00Z,2026-09-17T00:49:00Z,true
yorkshire:YWS01785:1788831120000,yorkshire:YWS01785,yorkshire,2026-09-08T01:32:00Z,2026-09-08T01:46:00Z,14,hub,2026-09-17T00:49:00Z,2026-09-17T00:49:00Z,true
yorkshire:YWS01788:1788484698000,yorkshire:YWS01788,yorkshire,2026-09-04T01:18:18Z,2026-09-04T03:30:10Z,132,hub,2026-09-17T00:49:00Z,2026-09-17T00:49:00Z,true
yorkshire:YWS01788:1789626458000,yorkshire:YWS01788,yorkshire,2026-09-17T06:27:38Z,2026-09-17T06:46:08Z,19,hub,2026-09-17T11:32:49Z,2026-09-17T11:32:49Z,true
yorkshire:YWS01788:1789761839000,yorkshire:YWS01788,yorkshire,2026-09-18T20:03:59Z,2026-09-18T21:33:13Z,89,hub,2026-09-18T20:51:53Z,2026-09-18T22:53:52Z,true
yorkshire:YWS01789:1788487042000,yorkshire:YWS01789,yorkshire,2026-09-04T01:57:22Z,2026-09-04T03:14:28Z,77,hub,2026-09-17T00:49:00Z,2026-09-17T00:49:00Z,true
yorkshire:YWS01793:1788489068000,yorkshire:YWS01793,yorkshire,2026-09-04T02:31:08Z,2026-09-04T02:31:32Z,0,hub,2026-09-17T00:49:00Z,2026-09-17T00:49:00Z,true
yorkshire:YWS01795:1788486569000,yorkshire:YWS01795,yorkshire,2026-09-04T01:49:29Z,2026-09-04T01:54:33Z,5,hub,2026-09-17T00:49:00Z,2026-09-17T00:49:00Z,true
yorkshire:YWS01797:1788812661000,yorkshire:YWS01797,yorkshire,2026-09-07T20:24:21Z,2026-09-07T20:51:17Z,27,hub,2026-09-17T00:49:00Z,2026-09-17T00:49:00Z,true
yorkshire:YWS01798:1788812690000,yorkshire:YWS01798,yorkshire,2026-09-07T20:24:50Z,2026-09-07T21:00:26Z,36,hub,2026-09-17T00:49:00Z,2026-09-17T00:49:00Z,true
yorkshire:YWS01801:1788814020000,yorkshire:YWS01801,yorkshire,2026-09-07T20:47:00Z,2026-09-07T21:16:00Z,29,hub,2026-09-17T00:49:00Z,2026-09-17T00:49:00Z,true
yorkshire:YWS01804:1789454357000,yorkshire:YWS01804,yorkshire,2026-09-15T06:39:17Z,2026-09-15T06:39:56Z,1,hub,2026-09-17T00:49:00Z,2026-09-17T00:49:00Z,true
yorkshire:YWS01804:1789762635000,yorkshire:YWS01804,yorkshire,2026-09-18T20:17:15Z,2026-09-18T23:17:37Z,180,hub,2026-09-18T22:43:41Z,2026-09-18T22:43:41Z,false
yorkshire:YWS01804:1789773457000,yorkshire:YWS01804,yorkshire,2026-09-18T23:17:37Z,,,hub,2026-09-19T00:41:02Z,2026-09-19T00:41:02Z,
yorkshire:YWS01805:1788819420000,yorkshire:YWS01805,yorkshire,2026-09-07T22:17:00Z,2026-09-07T22:31:00Z,14,hub,2026-09-17T00:49:00Z,2026-09-17T00:49:00Z,true
yorkshire:YWS01809:1788815880000,yorkshire:YWS01809,yorkshire,2026-09-07T21:18:00Z,2026-09-07T23:01:00Z,103,hub,2026-09-17T00:49:00Z,2026-09-17T00:49:00Z,true
yorkshire:YWS01813:1788818174000,yorkshire:YWS01813,yorkshire,2026-09-07T21:56:14Z,2026-09-07T22:24:11Z,28,hub,2026-09-17T00:49:00Z,2026-09-17T00:49:00Z,true
yorkshire:YWS01815:1788486504000,yorkshire:YWS01815,yorkshire,2026-09-04T01:48:24Z,2026-09-04T02:09:24Z,21,hub,2026-09-17T00:49:00Z,2026-09-17T00:49:00Z,true
yorkshire:YWS01817:1788492758000,yorkshire:YWS01817,yorkshire,2026-09-04T03:32:38Z,2026-09-04T03:32:48Z,0,hub,2026-09-17T00:49:00Z,2026-09-17T00:49:00Z,true
yorkshire:YWS01819:1788486980000,yorkshire:YWS01819,yorkshire,2026-09-04T01:56:20Z,2026-09-04T03:17:57Z,82,hub,2026-09-17T00:49:00Z,2026-09-17T00:49:00Z,true
yorkshire:YWS01820:1789033271000,yorkshire:YWS01820,yorkshire,2026-09-10T09:41:11Z,2026-09-10T09:56:58Z,16,hub,2026-09-17T00:49:00Z,2026-09-17T00:49:00Z,true
yorkshire:YWS01823:1788490863000,yorkshire:YWS01823,yorkshire,2026-09-04T03:01:03Z,2026-09-04T03:07:58Z,7,hub,2026-09-17T00:49:00Z,2026-09-17T00:49:00Z,true
yorkshire:YWS01823:1789763406000,yorkshire:YWS01823,yorkshire,2026-09-18T20:30:06Z,2026-09-18T21:13:00Z,43,hub,2026-09-18T22:43:41Z,2026-09-18T22:43:41Z,true
yorkshire:YWS01823:1789770017000,yorkshire:YWS01823,yorkshire,2026-09-18T22:20:17Z,2026-09-18T22:23:57Z,4,hub,2026-09-18T23:24:25Z,2026-09-18T23:24:25Z,true
yorkshire:YWS01825:1788485587000,yorkshire:YWS01825,yorkshire,2026-09-04T01:33:07Z,2026-09-04T02:17:51Z,45,hub,2026-09-17T00:49:00Z,2026-09-17T00:49:00Z,true
yorkshire:YWS01828:1788814020000,yorkshire:YWS01828,yorkshire,2026-09-07T20:47:00Z,2026-09-07T21:16:00Z,29,hub,2026-09-17T00:49:00Z,2026-09-17T00:49:00Z,true
yorkshire:YWS01829:1788821167000,yorkshire:YWS01829,yorkshire,2026-09-07T22:46:07Z,2026-09-07T23:09:49Z,24,hub,2026-09-17T00:49:00Z,2026-09-17T00:49:00Z,true
yorkshire:YWS01830:1788820380000,yorkshire:YWS01830,yorkshire,2026-09-07T22:33:00Z,2026-09-07T22:46:00Z,13,hub,2026-09-17T00:49:00Z,2026-09-17T00:49:00Z,true
yorkshire:YWS01831:1788818959000,yorkshire:YWS01831,yorkshire,2026-09-07T22:09:19Z,2026-09-07T22:27:06Z,18,hub,2026-09-17T00:49:00Z,2026-09-17T00:49:00Z,true
yorkshire:YWS01832:1788830578000,yorkshire:YWS01832,yorkshire,2026-09-08T01:22:58Z,2026-09-08T01:23:03Z,0,hub,2026-09-17T00:49:00Z,2026-09-17T00:49:00Z,true
yorkshire:YWS01834:1788820209000,yorkshire:YWS01834,yorkshire,2026-09-07T22:30:09Z,2026-09-07T22:32:28Z,2,hub,2026-09-17T00:49:00Z,2026-09-17T00:49:00Z,true
yorkshire:YWS01839:1788820380000,yorkshire:YWS01839,yorkshire,2026-09-07T22:33:00Z,2026-09-07T23:01:00Z,28,hub,2026-09-17T00:49:00Z,2026-09-17T00:49:00Z,true
yorkshire:YWS01847:1788824786000,yorkshire:YWS01847,yorkshire,2026-09-07T23:46:26Z,2026-09-07T23:54:15Z,8,hub,2026-09-17T00:49:00Z,2026-09-17T00:49:00Z,true
yorkshire:YWS01849:1788831432000,yorkshire:YWS01849,yorkshire,2026-09-08T01:37:12Z,2026-09-08T01:46:53Z,10,hub,2026-09-17T00:49:00Z,2026-09-17T00:49:00Z,true
yorkshire:YWS01851:1788831240000,yorkshire:YWS01851,yorkshire,2026-09-08T01:34:00Z,2026-09-08T01:46:00Z,12,hub,2026-09-17T00:49:00Z,2026-09-17T00:49:00Z,true
yorkshire:YWS01852:1788824800000,yorkshire:YWS01852,yorkshire,2026-09-07T23:46:40Z,2026-09-08T00:14:16Z,28,hub,2026-09-17T00:49:00Z,2026-09-17T00:49:00Z,true
yorkshire:YWS01856:1789453479000,yorkshire:YWS01856,yorkshire,2026-09-15T06:24:39Z,2026-09-15T06:28:19Z,4,hub,2026-09-17T00:49:00Z,2026-09-17T00:49:00Z,true
yorkshire:YWS01857:1788823020000,yorkshire:YWS01857,yorkshire,2026-09-07T23:17:00Z,2026-09-08T01:31:00Z,134,hub,2026-09-17T00:49:00Z,2026-09-17T00:49:00Z,true
yorkshire:YWS01858:1789443891000,yorkshire:YWS01858,yorkshire,2026-09-15T03:44:51Z,2026-09-15T04:36:16Z,51,hub,2026-09-17T00:49:00Z,2026-09-17T00:49:00Z,true
yorkshire:YWS01858:1789756812000,yorkshire:YWS01858,yorkshire,2026-09-18T18:40:12Z,,,hub,2026-09-18T20:21:27Z,2026-09-18T20:21:27Z,
yorkshire:YWS01860:1788487911000,yorkshire:YWS01860,yorkshire,2026-09-04T02:11:51Z,2026-09-04T03:17:47Z,66,hub,2026-09-17T00:49:00Z,2026-09-17T00:49:00Z,true
yorkshire:YWS01862:1788816524000,yorkshire:YWS01862,yorkshire,2026-09-07T21:28:44Z,2026-09-07T22:44:53Z,76,hub,2026-09-17T00:49:00Z,2026-09-17T00:49:00Z,true
yorkshire:YWS01863:1789451812000,yorkshire:YWS01863,yorkshire,2026-09-15T05:56:52Z,2026-09-15T05:58:11Z,1,hub,2026-09-17T00:49:00Z,2026-09-17T00:49:00Z,true
yorkshire:YWS01870:1788818772000,yorkshire:YWS01870,yorkshire,2026-09-07T22:06:12Z,2026-09-07T22:22:23Z,16,hub,2026-09-17T00:49:00Z,2026-09-17T00:49:00Z,true
yorkshire:YWS01872:1789443120000,yorkshire:YWS01872,yorkshire,2026-09-15T03:32:00Z,2026-09-15T03:46:00Z,14,hub,2026-09-17T00:49:00Z,2026-09-17T00:49:00Z,true
yorkshire:YWS01872:1789760820000,yorkshire:YWS01872,yorkshire,2026-09-18T19:47:00Z,2026-09-18T20:01:00Z,14,hub,2026-09-18T20:41:44Z,2026-09-18T20:51:53Z,true
yorkshire:YWS01872:1789762620000,yorkshire:YWS01872,yorkshire,2026-09-18T20:17:00Z,2026-09-18T21:15:00Z,58,hub,2026-09-18T22:43:41Z,2026-09-18T22:43:41Z,true
yorkshire:YWS01872:1789773420000,yorkshire:YWS01872,yorkshire,2026-09-18T23:17:00Z,2026-09-18T23:46:00Z,29,hub,2026-09-19T00:41:02Z,2026-09-19T00:41:02Z,true
yorkshire:YWS01873:1788824582000,yorkshire:YWS01873,yorkshire,2026-09-07T23:43:02Z,2026-09-07T23:46:26Z,3,hub,2026-09-17T00:49:00Z,2026-09-17T00:49:00Z,true
yorkshire:YWS01878:1788486627000,yorkshire:YWS01878,yorkshire,2026-09-04T01:50:27Z,2026-09-04T02:21:09Z,31,hub,2026-09-17T00:49:00Z,2026-09-17T00:49:00Z,true
yorkshire:YWS01880:1788820320000,yorkshire:YWS01880,yorkshire,2026-09-07T22:32:00Z,2026-09-07T22:46:00Z,14,hub,2026-09-17T00:49:00Z,2026-09-17T00:49:00Z,true
yorkshire:YWS01881:1788486413000,yorkshire:YWS01881,yorkshire,2026-09-04T01:46:53Z,2026-09-04T01:52:07Z,5,hub,2026-09-17T00:49:00Z,2026-09-17T00:49:00Z,true
yorkshire:YWS01885:1788487260000,yorkshire:YWS01885,yorkshire,2026-09-04T02:01:00Z,2026-09-04T03:04:00Z,63,hub,2026-09-17T00:49:00Z,2026-09-17T00:49:00Z,true
yorkshire:YWS01886:1788490895000,yorkshire:YWS01886,yorkshire,2026-09-04T03:01:35Z,2026-09-04T03:10:38Z,9,hub,2026-09-17T00:49:00Z,2026-09-17T00:49:00Z,true
yorkshire:YWS01889:1788823980000,yorkshire:YWS01889,yorkshire,2026-09-07T23:33:00Z,2026-09-08T00:01:00Z,28,hub,2026-09-17T00:49:00Z,2026-09-17T00:49:00Z,true
yorkshire:YWS01891:1788824302000,yorkshire:YWS01891,yorkshire,2026-09-07T23:38:22Z,2026-09-08T00:12:40Z,34,hub,2026-09-17T00:49:00Z,2026-09-17T00:49:00Z,true
yorkshire:YWS01895:1788477013000,yorkshire:YWS01895,yorkshire,2026-09-03T23:10:13Z,2026-09-03T23:18:17Z,8,hub,2026-09-17T00:49:00Z,2026-09-17T00:49:00Z,true
yorkshire:YWS01899:1788813082000,yorkshire:YWS01899,yorkshire,2026-09-07T20:31:22Z,2026-09-07T22:43:19Z,132,hub,2026-09-17T00:49:00Z,2026-09-17T00:49:00Z,true
yorkshire:YWS01900:1788814236000,yorkshire:YWS01900,yorkshire,2026-09-07T20:50:36Z,2026-09-07T20:57:41Z,7,hub,2026-09-17T00:49:00Z,2026-09-17T00:49:00Z,true
yorkshire:YWS01901:1788822120000,yorkshire:YWS01901,yorkshire,2026-09-07T23:02:00Z,2026-09-07T23:31:00Z,29,hub,2026-09-17T00:49:00Z,2026-09-17T00:49:00Z,true
yorkshire:YWS01902:1788826440000,yorkshire:YWS01902,yorkshire,2026-09-08T00:14:00Z,2026-09-08T00:31:00Z,17,hub,2026-09-17T00:49:00Z,2026-09-17T00:49:00Z,true
yorkshire:YWS01902:1789653720000,yorkshire:YWS01902,yorkshire,2026-09-17T14:02:00Z,2026-09-17T14:16:00Z,14,hub,2026-09-17T15:38:08Z,2026-09-17T15:38:08Z,true
yorkshire:YWS01903:1788826440000,yorkshire:YWS01903,yorkshire,2026-09-08T00:14:00Z,2026-09-08T00:31:00Z,17,hub,2026-09-17T00:49:00Z,2026-09-17T00:49:00Z,true
yorkshire:YWS01903:1789653720000,yorkshire:YWS01903,yorkshire,2026-09-17T14:02:00Z,2026-09-17T14:16:00Z,14,hub,2026-09-17T15:38:08Z,2026-09-17T15:38:08Z,true
yorkshire:YWS01904:1788818254000,yorkshire:YWS01904,yorkshire,2026-09-07T21:57:34Z,2026-09-07T22:17:30Z,20,hub,2026-09-17T00:49:00Z,2026-09-17T00:49:00Z,true
yorkshire:YWS01905:1788826216000,yorkshire:YWS01905,yorkshire,2026-09-08T00:10:16Z,2026-09-08T00:24:31Z,14,hub,2026-09-17T00:49:00Z,2026-09-17T00:49:00Z,true
yorkshire:YWS01911:1788880534000,yorkshire:YWS01911,yorkshire,2026-09-08T15:15:34Z,2026-09-08T15:19:34Z,4,hub,2026-09-17T00:49:00Z,2026-09-17T00:49:00Z,true
yorkshire:YWS01915:1788820485000,yorkshire:YWS01915,yorkshire,2026-09-07T22:34:45Z,2026-09-07T22:35:59Z,1,hub,2026-09-17T00:49:00Z,2026-09-17T00:49:00Z,true
yorkshire:YWS01924:1788831236000,yorkshire:YWS01924,yorkshire,2026-09-08T01:33:56Z,2026-09-08T01:45:41Z,12,hub,2026-09-17T00:49:00Z,2026-09-17T00:49:00Z,true
yorkshire:YWS01925:1788818066000,yorkshire:YWS01925,yorkshire,2026-09-07T21:54:26Z,2026-09-07T22:35:00Z,41,hub,2026-09-17T00:49:00Z,2026-09-17T00:49:00Z,true
yorkshire:YWS01928:1788831152000,yorkshire:YWS01928,yorkshire,2026-09-08T01:32:32Z,2026-09-08T01:36:02Z,4,hub,2026-09-17T00:49:00Z,2026-09-17T00:49:00Z,true
yorkshire:YWS01941:1788500160000,yorkshire:YWS01941,yorkshire,2026-09-04T05:36:00Z,2026-09-04T05:52:40Z,17,hub,2026-09-17T00:49:00Z,2026-09-17T00:49:00Z,true
yorkshire:YWS01944:1788341065000,yorkshire:YWS01944,yorkshire,2026-09-02T09:24:25Z,2026-09-02T09:25:16Z,1,hub,2026-09-17T00:49:00Z,2026-09-17T00:49:00Z,true
yorkshire:YWS01946:1788810853000,yorkshire:YWS01946,yorkshire,2026-09-07T19:54:13Z,2026-09-07T19:57:28Z,3,hub,2026-09-17T00:49:00Z,2026-09-17T00:49:00Z,true
yorkshire:YWS01949:1788819107000,yorkshire:YWS01949,yorkshire,2026-09-07T22:11:47Z,2026-09-07T22:22:07Z,10,hub,2026-09-17T00:49:00Z,2026-09-17T00:49:00Z,true
yorkshire:YWS01952:1788814967000,yorkshire:YWS01952,yorkshire,2026-09-07T21:02:47Z,2026-09-07T22:46:58Z,104,hub,2026-09-17T00:49:00Z,2026-09-17T00:49:00Z,true
yorkshire:YWS01954:1788814920000,yorkshire:YWS01954,yorkshire,2026-09-07T21:02:00Z,2026-09-07T21:16:00Z,14,hub,2026-09-17T00:49:00Z,2026-09-17T00:49:00Z,true
yorkshire:YWS01956:1788486469000,yorkshire:YWS01956,yorkshire,2026-09-04T01:47:49Z,2026-09-04T03:33:46Z,106,hub,2026-09-17T00:49:00Z,2026-09-17T00:49:00Z,true
yorkshire:YWS01962:1789188840000,yorkshire:YWS01962,yorkshire,2026-09-12T04:54:00Z,2026-09-14T08:43:00Z,3109,hub,2026-09-17T00:49:00Z,2026-09-17T00:49:00Z,true
yorkshire:YWS01963:1788822120000,yorkshire:YWS01963,yorkshire,2026-09-07T23:02:00Z,2026-09-07T23:31:00Z,29,hub,2026-09-17T00:49:00Z,2026-09-17T00:49:00Z,true
yorkshire:YWS01964:1789540868000,yorkshire:YWS01964,yorkshire,2026-09-16T06:41:08Z,2026-09-16T06:48:27Z,7,hub,2026-09-17T00:49:00Z,2026-09-17T00:49:00Z,true
yorkshire:YWS01964:1789688002000,yorkshire:YWS01964,yorkshire,2026-09-17T23:33:22Z,2026-09-17T23:33:31Z,0,hub,2026-09-18T01:08:26Z,2026-09-18T01:08:26Z,true
yorkshire:YWS01965:1789443054000,yorkshire:YWS01965,yorkshire,2026-09-15T03:30:54Z,2026-09-15T03:32:33Z,2,hub,2026-09-17T00:49:00Z,2026-09-17T00:49:00Z,true
yorkshire:YWS01967:1788822720000,yorkshire:YWS01967,yorkshire,2026-09-07T23:12:00Z,2026-09-07T23:23:00Z,11,hub,2026-09-17T00:49:00Z,2026-09-17T00:49:00Z,true
yorkshire:YWS01971:1788486970000,yorkshire:YWS01971,yorkshire,2026-09-04T01:56:10Z,2026-09-04T03:33:22Z,97,hub,2026-09-17T00:49:00Z,2026-09-17T00:49:00Z,true
yorkshire:YWS01972:1789443120000,yorkshire:YWS01972,yorkshire,2026-09-15T03:32:00Z,2026-09-15T03:46:00Z,14,hub,2026-09-17T00:49:00Z,2026-09-17T00:49:00Z,true
yorkshire:YWS01973:1788490208000,yorkshire:YWS01973,yorkshire,2026-09-04T02:50:08Z,2026-09-04T02:51:43Z,2,hub,2026-09-17T00:49:00Z,2026-09-17T00:49:00Z,true
yorkshire:YWS01989:1788486834000,yorkshire:YWS01989,yorkshire,2026-09-04T01:53:54Z,2026-09-04T04:27:17Z,153,hub,2026-09-17T00:49:00Z,2026-09-17T00:49:00Z,true
yorkshire:YWS01994:1788821277000,yorkshire:YWS01994,yorkshire,2026-09-07T22:47:57Z,2026-09-07T22:53:41Z,6,hub,2026-09-17T00:49:00Z,2026-09-17T00:49:00Z,true
yorkshire:YWS01995:1788831704000,yorkshire:YWS01995,yorkshire,2026-09-08T01:41:44Z,2026-09-08T01:48:34Z,7,hub,2026-09-17T00:49:00Z,2026-09-17T00:49:00Z,true
yorkshire:YWS01996:1788485520000,yorkshire:YWS01996,yorkshire,2026-09-04T01:32:00Z,2026-09-04T04:01:00Z,149,hub,2026-09-17T00:49:00Z,2026-09-17T00:49:00Z,true
yorkshire:YWS01997:1788506100000,yorkshire:YWS01997,yorkshire,2026-09-04T07:15:00Z,2026-09-04T07:38:00Z,23,hub,2026-09-17T00:49:00Z,2026-09-17T00:49:00Z,true
yorkshire:YWS02005:1788496920000,yorkshire:YWS02005,yorkshire,2026-09-04T04:42:00Z,2026-09-04T04:53:00Z,11,hub,2026-09-17T00:49:00Z,2026-09-17T00:49:00Z,true
yorkshire:YWS02006:1789621860000,yorkshire:YWS02006,yorkshire,2026-09-17T05:11:00Z,2026-09-17T05:22:00Z,11,hub,2026-09-17T11:32:49Z,2026-09-17T11:32:49Z,true
yorkshire:YWS02007:1789450860000,yorkshire:YWS02007,yorkshire,2026-09-15T05:41:00Z,2026-09-15T06:11:00Z,30,hub,2026-09-17T00:49:00Z,2026-09-17T00:49:00Z,true
yorkshire:YWS02007:1789621800000,yorkshire:YWS02007,yorkshire,2026-09-17T05:10:00Z,2026-09-17T05:20:00Z,10,hub,2026-09-17T11:32:49Z,2026-09-17T11:32:49Z,true
yorkshire:YWS02009:1789326120000,yorkshire:YWS02009,yorkshire,2026-09-13T19:02:00Z,2026-09-13T19:31:00Z,29,hub,2026-09-17T00:49:00Z,2026-09-17T00:49:00Z,true
yorkshire:YWS02009:1789756200000,yorkshire:YWS02009,yorkshire,2026-09-18T18:30:00Z,2026-09-18T18:31:00Z,1,hub,2026-09-18T20:21:27Z,2026-09-18T20:21:27Z,true
yorkshire:YWS02014:1788820320000,yorkshire:YWS02014,yorkshire,2026-09-07T22:32:00Z,2026-09-07T23:01:00Z,29,hub,2026-09-17T00:49:00Z,2026-09-17T00:49:00Z,true
yorkshire:YWS02016:1788822180000,yorkshire:YWS02016,yorkshire,2026-09-07T23:03:00Z,2026-09-07T23:16:00Z,13,hub,2026-09-17T00:49:00Z,2026-09-17T00:49:00Z,true
yorkshire:YWS02030:1789625820000,yorkshire:YWS02030,yorkshire,2026-09-17T06:17:00Z,2026-09-17T06:31:00Z,14,hub,2026-09-17T11:32:49Z,2026-09-17T11:32:49Z,true
yorkshire:YWS02037:1788318000000,yorkshire:YWS02037,yorkshire,2026-09-02T03:00:00Z,2026-09-02T03:01:00Z,1,hub,2026-09-17T00:49:00Z,2026-09-17T00:49:00Z,true
yorkshire:YWS02038:1788818520000,yorkshire:YWS02038,yorkshire,2026-09-07T22:02:00Z,2026-09-07T22:46:00Z,44,hub,2026-09-17T00:49:00Z,2026-09-17T00:49:00Z,true
yorkshire:YWS02040:1788818760000,yorkshire:YWS02040,yorkshire,2026-09-07T22:06:00Z,2026-09-07T23:01:00Z,55,hub,2026-09-17T00:49:00Z,2026-09-17T00:49:00Z,true
yorkshire:YWS02042:1788832800000,yorkshire:YWS02042,yorkshire,2026-09-08T02:00:00Z,2026-09-08T02:01:00Z,1,hub,2026-09-17T00:49:00Z,2026-09-17T00:49:00Z,true
yorkshire:YWS02043:1788820320000,yorkshire:YWS02043,yorkshire,2026-09-07T22:32:00Z,2026-09-07T22:46:00Z,14,hub,2026-09-17T00:49:00Z,2026-09-17T00:49:00Z,true
yorkshire:YWS02044:1788825720000,yorkshire:YWS02044,yorkshire,2026-09-08T00:02:00Z,2026-09-08T00:16:00Z,14,hub,2026-09-17T00:49:00Z,2026-09-17T00:49:00Z,true
yorkshire:YWS02045:1788816840000,yorkshire:YWS02045,yorkshire,2026-09-07T21:34:00Z,2026-09-07T22:31:00Z,57,hub,2026-09-17T00:49:00Z,2026-09-17T00:49:00Z,true
yorkshire:YWS02052:1788818520000,yorkshire:YWS02052,yorkshire,2026-09-07T22:02:00Z,2026-09-07T22:16:00Z,14,hub,2026-09-17T00:49:00Z,2026-09-17T00:49:00Z,true
yorkshire:YWS02056:1788814800000,yorkshire:YWS02056,yorkshire,2026-09-07T21:00:00Z,2026-09-07T21:01:00Z,1,hub,2026-09-17T00:49:00Z,2026-09-17T00:49:00Z,true
yorkshire:YWS02058:1788818520000,yorkshire:YWS02058,yorkshire,2026-09-07T22:02:00Z,2026-09-07T22:16:00Z,14,hub,2026-09-17T00:49:00Z,2026-09-17T00:49:00Z,true
yorkshire:YWS02064:1788820320000,yorkshire:YWS02064,yorkshire,2026-09-07T22:32:00Z,2026-09-07T22:47:00Z,15,hub,2026-09-17T00:49:00Z,2026-09-17T00:49:00Z,true
yorkshire:YWS02065:1788823920000,yorkshire:YWS02065,yorkshire,2026-09-07T23:32:00Z,2026-09-08T00:01:00Z,29,hub,2026-09-17T00:49:00Z,2026-09-17T00:49:00Z,true
yorkshire:YWS02072:1788823920000,yorkshire:YWS02072,yorkshire,2026-09-07T23:32:00Z,2026-09-08T00:01:00Z,29,hub,2026-09-17T00:49:00Z,2026-09-17T00:49:00Z,true
yorkshire:YWS02074:1788823920000,yorkshire:YWS02074,yorkshire,2026-09-07T23:32:00Z,2026-09-08T00:17:00Z,45,hub,2026-09-17T00:49:00Z,2026-09-17T00:49:00Z,true
yorkshire:YWS02075:1788823560000,yorkshire:YWS02075,yorkshire,2026-09-07T23:26:00Z,2026-09-07T23:41:00Z,15,hub,2026-09-17T00:49:00Z,2026-09-17T00:49:00Z,true
yorkshire:YWS02077:1788819371000,yorkshire:YWS02077,yorkshire,2026-09-07T22:16:11Z,2026-09-07T22:21:41Z,6,hub,2026-09-17T00:49:00Z,2026-09-17T00:49:00Z,true
yorkshire:YWS02078:1788832800000,yorkshire:YWS02078,yorkshire,2026-09-08T02:00:00Z,2026-09-08T02:01:00Z,1,hub,2026-09-17T00:49:00Z,2026-09-17T00:49:00Z,true
yorkshire:YWS02092:1788486480000,yorkshire:YWS02092,yorkshire,2026-09-04T01:48:00Z,2026-09-04T02:01:00Z,13,hub,2026-09-17T00:49:00Z,2026-09-17T00:49:00Z,true
yorkshire:YWS02095:1788486540000,yorkshire:YWS02095,yorkshire,2026-09-04T01:49:00Z,2026-09-04T02:31:00Z,42,hub,2026-09-17T00:49:00Z,2026-09-17T00:49:00Z,true
yorkshire:YWS02096:1788486420000,yorkshire:YWS02096,yorkshire,2026-09-04T01:47:00Z,2026-09-04T02:46:00Z,59,hub,2026-09-17T00:49:00Z,2026-09-17T00:49:00Z,true
yorkshire:YWS02101:1788988500000,yorkshire:YWS02101,yorkshire,2026-09-09T21:15:00Z,2026-09-09T21:16:00Z,1,hub,2026-09-17T00:49:00Z,2026-09-17T00:49:00Z,true
yorkshire:YWS02105:1789419696000,yorkshire:YWS02105,yorkshire,2026-09-14T21:01:36Z,2026-09-14T21:01:40Z,0,hub,2026-09-17T00:49:00Z,2026-09-17T00:49:00Z,true
yorkshire:YWS02105:1789751628000,yorkshire:YWS02105,yorkshire,2026-09-18T17:18:34Z,2026-09-18T17:20:33Z,2,hub,2026-09-18T17:51:51Z,2026-09-18T18:22:27Z,true
yorkshire:YWS02105:1789759796000,yorkshire:YWS02105,yorkshire,2026-09-18T19:29:56Z,2026-09-18T19:30:05Z,0,hub,2026-09-18T20:21:27Z,2026-09-18T20:21:27Z,true
yorkshire:YWS02105:1789760857000,yorkshire:YWS02105,yorkshire,2026-09-18T19:58:38Z,2026-09-18T19:58:42Z,0,hub,2026-09-18T20:41:44Z,2026-09-18T20:51:53Z,true
yorkshire:YWS02105:1789767202000,yorkshire:YWS02105,yorkshire,2026-09-18T21:33:22Z,2026-09-18T21:33:26Z,0,hub,2026-09-18T22:43:41Z,2026-09-18T22:43:41Z,true
yorkshire:YWS02105:1789768990000,yorkshire:YWS02105,yorkshire,2026-09-18T22:03:10Z,2026-09-18T22:03:34Z,0,hub,2026-09-18T22:53:52Z,2026-09-18T22:53:52Z,true
yorkshire:YWS02110:1788490800000,yorkshire:YWS02110,yorkshire,2026-09-04T03:00:00Z,2026-09-04T03:01:00Z,1,hub,2026-09-17T00:49:00Z,2026-09-17T00:49:00Z,true
yorkshire:YWS02114:1788486420000,yorkshire:YWS02114,yorkshire,2026-09-04T01:47:00Z,2026-09-04T02:01:00Z,14,hub,2026-09-17T00:49:00Z,2026-09-17T00:49:00Z,true
yorkshire:YWS02116:1788484620000,yorkshire:YWS02116,yorkshire,2026-09-04T01:17:00Z,2026-09-04T02:31:00Z,74,hub,2026-09-17T00:49:00Z,2026-09-17T00:49:00Z,true
yorkshire:YWS02119:1788818843000,yorkshire:YWS02119,yorkshire,2026-09-07T22:07:23Z,2026-09-07T22:13:03Z,6,hub,2026-09-17T00:49:00Z,2026-09-17T00:49:00Z,true
yorkshire:YWS02120:1788817718000,yorkshire:YWS02120,yorkshire,2026-09-07T21:48:38Z,2026-09-07T21:55:48Z,7,hub,2026-09-17T00:49:00Z,2026-09-17T00:49:00Z,true
yorkshire:YWS02122:1789453931000,yorkshire:YWS02122,yorkshire,2026-09-15T06:32:11Z,2026-09-15T06:41:51Z,10,hub,2026-09-17T00:49:00Z,2026-09-17T00:49:00Z,true
yorkshire:YWS02122:1789762094000,yorkshire:YWS02122,yorkshire,2026-09-18T20:08:14Z,2026-09-18T21:03:39Z,55,hub,2026-09-18T20:51:53Z,2026-09-18T20:51:53Z,false
yorkshire:YWS02122:1789765419000,yorkshire:YWS02122,yorkshire,2026-09-18T21:03:39Z,2026-09-18T21:43:27Z,40,hub,2026-09-18T22:43:41Z,2026-09-18T22:43:41Z,true
yorkshire:YWS02122:1789774540000,yorkshire:YWS02122,yorkshire,2026-09-18T23:35:40Z,2026-09-18T23:38:14Z,3,hub,2026-09-19T00:41:02Z,2026-09-19T00:41:02Z,true
yorkshire:YWS02124:1788834600000,yorkshire:YWS02124,yorkshire,2026-09-08T02:30:00Z,2026-09-08T02:31:00Z,1,hub,2026-09-17T00:49:00Z,2026-09-17T00:49:00Z,true
yorkshire:YWS02132:1788954300000,yorkshire:YWS02132,yorkshire,2026-09-09T11:45:00Z,2026-09-09T11:55:00Z,10,hub,2026-09-17T00:49:00Z,2026-09-17T00:49:00Z,true
yorkshire:YWS02133:1788813120000,yorkshire:YWS02133,yorkshire,2026-09-07T20:32:00Z,2026-09-07T20:46:00Z,14,hub,2026-09-17T00:49:00Z,2026-09-17T00:49:00Z,true
yorkshire:YWS02134:1788814020000,yorkshire:YWS02134,yorkshire,2026-09-07T20:47:00Z,2026-09-07T21:01:00Z,14,hub,2026-09-17T00:49:00Z,2026-09-17T00:49:00Z,true
yorkshire:YWS02149:1788822180000,yorkshire:YWS02149,yorkshire,2026-09-07T23:03:00Z,2026-09-07T23:16:00Z,13,hub,2026-09-17T00:49:00Z,2026-09-17T00:49:00Z,true
yorkshire:YWS02150:1788821644000,yorkshire:YWS02150,yorkshire,2026-09-07T22:54:04Z,2026-09-07T23:11:20Z,17,hub,2026-09-17T00:49:00Z,2026-09-17T00:49:00Z,true
yorkshire:YWS02151:1789454940000,yorkshire:YWS02151,yorkshire,2026-09-15T06:49:00Z,2026-09-15T07:16:00Z,27,hub,2026-09-17T00:49:00Z,2026-09-17T00:49:00Z,true
yorkshire:YWS02151:1789766280000,yorkshire:YWS02151,yorkshire,2026-09-18T21:18:00Z,2026-09-18T22:01:00Z,43,hub,2026-09-18T22:43:41Z,2026-09-18T22:53:52Z,true
yorkshire:YWS02155:1789621440000,yorkshire:YWS02155,yorkshire,2026-09-17T05:04:00Z,2026-09-17T05:49:00Z,45,hub,2026-09-17T11:32:49Z,2026-09-17T11:32:49Z,true
yorkshire:YWS02163:1788832020000,yorkshire:YWS02163,yorkshire,2026-09-08T01:47:00Z,2026-09-08T02:01:00Z,14,hub,2026-09-17T00:49:00Z,2026-09-17T00:49:00Z,true
yorkshire:YWS02166:1788846420000,yorkshire:YWS02166,yorkshire,2026-09-08T05:47:00Z,2026-09-08T06:01:00Z,14,hub,2026-09-17T00:49:00Z,2026-09-17T00:49:00Z,true
yorkshire:YWS02167:1788830880000,yorkshire:YWS02167,yorkshire,2026-09-08T01:28:00Z,2026-09-08T01:38:00Z,10,hub,2026-09-17T00:49:00Z,2026-09-17T00:49:00Z,true
yorkshire:YWS02169:1788824520000,yorkshire:YWS02169,yorkshire,2026-09-07T23:42:00Z,2026-09-08T00:01:00Z,19,hub,2026-09-17T00:49:00Z,2026-09-17T00:49:00Z,true
yorkshire:YWS02170:1788826500000,yorkshire:YWS02170,yorkshire,2026-09-08T00:15:00Z,2026-09-08T00:16:00Z,1,hub,2026-09-17T00:49:00Z,2026-09-17T00:49:00Z,true
yorkshire:YWS02171:1788488100000,yorkshire:YWS02171,yorkshire,2026-09-04T02:15:00Z,2026-09-04T02:22:00Z,7,hub,2026-09-17T00:49:00Z,2026-09-17T00:49:00Z,true
yorkshire:YWS02175:1788476520000,yorkshire:YWS02175,yorkshire,2026-09-03T23:02:00Z,2026-09-03T23:16:00Z,14,hub,2026-09-17T00:49:00Z,2026-09-17T00:49:00Z,true
yorkshire:YWS02178:1788820200000,yorkshire:YWS02178,yorkshire,2026-09-07T22:30:00Z,2026-09-07T22:31:00Z,1,hub,2026-09-17T00:49:00Z,2026-09-17T00:49:00Z,true
yorkshire:YWS02182:1788819660000,yorkshire:YWS02182,yorkshire,2026-09-07T22:21:00Z,2026-09-07T22:34:00Z,13,hub,2026-09-17T00:49:00Z,2026-09-17T00:49:00Z,true
yorkshire:YWS02183:1788816720000,yorkshire:YWS02183,yorkshire,2026-09-07T21:32:00Z,2026-09-07T22:31:00Z,59,hub,2026-09-17T00:49:00Z,2026-09-17T00:49:00Z,true
yorkshire:YWS02184:1788340065000,yorkshire:YWS02184,yorkshire,2026-09-02T09:07:45Z,2026-09-02T09:08:22Z,1,hub,2026-09-17T00:49:00Z,2026-09-17T00:49:00Z,true
yorkshire:YWS02185:1788486294000,yorkshire:YWS02185,yorkshire,2026-09-04T01:44:54Z,2026-09-04T01:48:04Z,3,hub,2026-09-17T00:49:00Z,2026-09-17T00:49:00Z,true
yorkshire:YWS02185:1789625579000,yorkshire:YWS02185,yorkshire,2026-09-17T06:12:59Z,2026-09-17T06:18:34Z,6,hub,2026-09-17T11:32:49Z,2026-09-17T11:32:49Z,true
yorkshire:YWS02185:1789760832000,yorkshire:YWS02185,yorkshire,2026-09-18T19:51:38Z,2026-09-18T19:53:33Z,2,hub,2026-09-18T20:41:44Z,2026-09-18T20:51:53Z,true
yorkshire:YWS02185:1789762783000,yorkshire:YWS02185,yorkshire,2026-09-18T20:19:43Z,2026-09-18T20:36:05Z,16,hub,2026-09-18T22:43:41Z,2026-09-18T22:43:41Z,true
yorkshire:YWS02192:1789553316000,yorkshire:YWS02192,yorkshire,2026-09-16T10:08:36Z,2026-09-16T10:09:09Z,1,hub,2026-09-17T00:49:00Z,2026-09-17T00:49:00Z,true
yorkshire:YWS02195:1788489411000,yorkshire:YWS02195,yorkshire,2026-09-04T02:36:51Z,2026-09-04T02:37:01Z,0,hub,2026-09-17T00:49:00Z,2026-09-17T00:49:00Z,true
yorkshire:YWS02197:1788828480000,yorkshire:YWS02197,yorkshire,2026-09-08T00:48:00Z,2026-09-08T01:46:00Z,58,hub,2026-09-17T00:49:00Z,2026-09-17T00:49:00Z,true
yorkshire:YWS02200:1788487320000,yorkshire:YWS02200,yorkshire,2026-09-04T02:02:00Z,2026-09-04T03:13:00Z,71,hub,2026-09-17T00:49:00Z,2026-09-17T00:49:00Z,true
yorkshire:YWS02210:1788823740000,yorkshire:YWS02210,yorkshire,2026-09-07T23:29:00Z,2026-09-08T01:01:00Z,92,hub,2026-09-17T00:49:00Z,2026-09-17T00:49:00Z,true
yorkshire:YWS02244:1788486136000,yorkshire:YWS02244,yorkshire,2026-09-04T01:42:16Z,2026-09-04T03:12:26Z,90,hub,2026-09-17T00:49:00Z,2026-09-17T00:49:00Z,true
yorkshire:YWS02254:1788822084000,yorkshire:YWS02254,yorkshire,2026-09-07T23:01:24Z,2026-09-08T01:32:11Z,151,hub,2026-09-17T00:49:00Z,2026-09-17T00:49:00Z,true
yorkshire:YWS02255:1788963420000,yorkshire:YWS02255,yorkshire,2026-09-09T14:17:00Z,2026-09-09T14:46:00Z,29,hub,2026-09-17T00:49:00Z,2026-09-17T00:49:00Z,true
yorkshire:YWS02255:1788965100000,yorkshire:YWS02255,yorkshire,2026-09-09T14:45:00Z,2026-09-09T14:46:00Z,1,hub,2026-09-18T10:30:40Z,2026-09-18T10:30:40Z,true
yorkshire:YWS02259:1788488220000,yorkshire:YWS02259,yorkshire,2026-09-04T02:17:00Z,2026-09-04T02:31:00Z,14,hub,2026-09-17T00:49:00Z,2026-09-17T00:49:00Z,true
yorkshire:YWS02264:1788824820000,yorkshire:YWS02264,yorkshire,2026-09-07T23:47:00Z,2026-09-08T00:31:00Z,44,hub,2026-09-17T00:49:00Z,2026-09-17T00:49:00Z,true
yorkshire:YWS02267:1788820680000,yorkshire:YWS02267,yorkshire,2026-09-07T22:38:00Z,2026-09-07T22:48:00Z,10,hub,2026-09-17T00:49:00Z,2026-09-17T00:49:00Z,true
yorkshire:YWS02273:1788487320000,yorkshire:YWS02273,yorkshire,2026-09-04T02:02:00Z,2026-09-04T03:16:00Z,74,hub,2026-09-17T00:49:00Z,2026-09-17T00:49:00Z,true
yorkshire:YWS02278:1789538280000,yorkshire:YWS02278,yorkshire,2026-09-16T05:58:00Z,2026-09-16T06:13:00Z,15,hub,2026-09-17T00:49:00Z,2026-09-17T00:49:00Z,true
yorkshire:YWS02279:1789722274000,yorkshire:YWS02279,yorkshire,2026-09-18T09:04:34Z,2026-09-18T09:22:33Z,18,hub,2026-09-18T10:30:40Z,2026-09-18T10:30:40Z,true
yorkshire:YWS02285:1788488191000,yorkshire:YWS02285,yorkshire,2026-09-04T02:16:31Z,2026-09-04T02:20:13Z,4,hub,2026-09-17T00:49:00Z,2026-09-17T00:49:00Z,true
yorkshire:YWS02296:1788819863000,yorkshire:YWS02296,yorkshire,2026-09-07T22:24:23Z,2026-09-07T22:58:21Z,34,hub,2026-09-17T00:49:00Z,2026-09-17T00:49:00Z,true
yorkshire:YWS02298:1789602258000,yorkshire:YWS02298,yorkshire,2026-09-16T23:44:18Z,2026-09-17T00:36:37Z,52,hub,2026-09-17T00:49:00Z,2026-09-17T00:49:00Z,false
yorkshire:YWS02298:1789605397000,yorkshire:YWS02298,yorkshire,2026-09-17T00:36:37Z,2026-09-17T00:36:42Z,0,hub,2026-09-17T02:08:37Z,2026-09-17T02:08:37Z,true
yorkshire:YWS02298:1789624033000,yorkshire:YWS02298,yorkshire,2026-09-17T05:47:13Z,2026-09-18T09:15:04Z,1648,hub,2026-09-17T11:32:49Z,2026-09-17T11:32:49Z,false
yorkshire:YWS02298:1789722904000,yorkshire:YWS02298,yorkshire,2026-09-18T09:15:04Z,2026-09-18T09:24:45Z,10,hub,2026-09-18T10:30:40Z,2026-09-18T10:30:40Z,true
