overflow_key,company_slug,offline_start_utc,offline_end_utc,offline_end_source,first_observed_utc,last_observed_utc,source
thames:TWL00000,thames,2022-04-01T00:00:00Z,2025-03-09T06:58:00Z,feed,2026-09-19T20:01:39Z,2026-09-19T20:01:39Z,thames_api
thames:TWL00000,thames,2025-07-03T07:06:00Z,2025-08-14T12:30:00Z,feed,2026-09-19T20:01:39Z,2026-09-19T20:01:39Z,thames_api
thames:TWL00000,thames,2025-10-10T14:14:00Z,2025-10-22T00:00:00Z,feed,2026-09-19T20:01:39Z,2026-09-19T20:01:39Z,thames_api
thames:TWL00001,thames,2023-10-29T09:00:00Z,2023-11-08T09:15:00Z,feed,2026-09-19T20:01:39Z,2026-09-19T20:01:39Z,thames_api
thames:TWL00002,thames,2022-12-12T18:15:00Z,2022-12-14T09:45:00Z,feed,2026-09-19T20:01:39Z,2026-09-19T20:01:39Z,thames_api
thames:TWL00003,thames,2022-04-01T00:00:00Z,2022-04-29T06:00:00Z,feed,2026-09-19T20:01:39Z,2026-09-19T20:01:39Z,thames_api
thames:TWL00003,thames,2022-10-06T13:00:00Z,2023-11-21T10:48:00Z,feed,2026-09-19T20:01:39Z,2026-09-19T20:01:39Z,thames_api
thames:TWL00003,thames,2024-05-02T08:14:00Z,2024-05-13T11:20:00Z,feed,2026-09-19T20:01:39Z,2026-09-19T20:01:39Z,thames_api
thames:TWL00003,thames,2024-05-13T15:00:00Z,2024-05-14T07:20:00Z,feed,2026-09-19T20:01:39Z,2026-09-19T20:01:39Z,thames_api
thames:TWL00003,thames,2025-03-27T11:28:00Z,2025-03-27T16:48:00Z,feed,2026-09-19T20:01:39Z,2026-09-19T20:01:39Z,thames_api
thames:TWL00003,thames,2025-07-28T07:18:00Z,2025-07-28T14:28:00Z,feed,2026-09-19T20:01:39Z,2026-09-19T20:01:39Z,thames_api
thames:TWL00003,thames,2026-02-19T08:04:00Z,2026-02-19T15:00:00Z,feed,2026-09-19T20:01:39Z,2026-09-19T20:01:39Z,thames_api
thames:TWL00003,thames,2026-02-27T08:08:00Z,2026-03-02T12:08:00Z,feed,2026-09-19T20:01:39Z,2026-09-19T20:01:39Z,thames_api
thames:TWL00003,thames,2026-05-08T09:26:00Z,2026-05-08T10:06:00Z,feed,2026-09-19T20:01:39Z,2026-09-19T20:01:39Z,thames_api
thames:TWL00003,thames,2026-06-10T09:54:00Z,2026-06-10T11:42:00Z,feed,2026-09-19T20:01:39Z,2026-09-19T20:01:39Z,thames_api
thames:TWL00003,thames,2026-07-07T08:16:00Z,2026-07-10T08:54:00Z,feed,2026-09-19T20:01:39Z,2026-09-19T20:01:39Z,thames_api
thames:TWL00003,thames,2026-07-13T15:46:00Z,2026-07-13T17:18:00Z,feed,2026-09-19T20:01:39Z,2026-09-19T20:01:39Z,thames_api
thames:TWL00003,thames,2026-08-21T12:14:00Z,2026-08-21T13:48:00Z,feed,2026-09-19T20:01:39Z,2026-09-19T20:01:39Z,thames_api
thames:TWL00004,thames,2022-11-28T19:20:00Z,2022-12-09T19:54:00Z,feed,2026-09-19T20:01:39Z,2026-09-19T20:01:39Z,thames_api
thames:TWL00004,thames,2025-03-24T16:56:00Z,2025-03-27T08:20:00Z,feed,2026-09-19T20:01:39Z,2026-09-19T20:01:39Z,thames_api
thames:TWL00004,thames,2025-05-27T07:24:00Z,2025-06-04T11:16:00Z,feed,2026-09-19T20:01:39Z,2026-09-19T20:01:39Z,thames_api
thames:TWL00005,thames,2022-07-19T11:06:00Z,2022-11-25T13:04:00Z,feed,2026-09-19T20:01:39Z,2026-09-19T20:01:39Z,thames_api
thames:TWL00005,thames,2023-12-26T03:00:00Z,2024-01-02T10:50:00Z,feed,2026-09-19T20:01:39Z,2026-09-19T20:01:39Z,thames_api
thames:TWL00005,thames,2024-05-07T03:00:00Z,2024-05-14T07:40:00Z,feed,2026-09-19T20:01:39Z,2026-09-19T20:01:39Z,thames_api
thames:TWL00005,thames,2025-03-27T11:30:00Z,2025-03-27T16:48:00Z,feed,2026-09-19T20:01:39Z,2026-09-19T20:01:39Z,thames_api
thames:TWL00005,thames,2025-07-25T07:16:00Z,2025-07-25T14:36:00Z,feed,2026-09-19T20:01:39Z,2026-09-19T20:01:39Z,thames_api
thames:TWL00005,thames,2025-10-15T07:34:00Z,2025-10-15T13:18:00Z,feed,2026-09-19T20:01:39Z,2026-09-19T20:01:39Z,thames_api
thames:TWL00005,thames,2025-10-16T08:04:00Z,2025-10-16T16:08:00Z,feed,2026-09-19T20:01:39Z,2026-09-19T20:01:39Z,thames_api
thames:TWL00005,thames,2025-11-11T09:46:00Z,2025-11-11T16:54:00Z,feed,2026-09-19T20:01:39Z,2026-09-19T20:01:39Z,thames_api
thames:TWL00005,thames,2025-11-27T10:40:00Z,2025-11-28T08:16:00Z,feed,2026-09-19T20:01:39Z,2026-09-19T20:01:39Z,thames_api
thames:TWL00005,thames,2026-04-28T08:36:00Z,2026-04-28T15:54:00Z,feed,2026-09-19T20:01:39Z,2026-09-19T20:01:39Z,thames_api
thames:TWL00007,thames,2024-01-18T13:00:00Z,2024-02-02T13:45:00Z,feed,2026-09-19T20:01:39Z,2026-09-19T20:01:39Z,thames_api
thames:TWL00008,thames,2026-06-30T10:45:00Z,2026-06-30T11:15:00Z,feed,2026-09-19T20:01:39Z,2026-09-19T20:01:39Z,thames_api
thames:TWL00009,thames,2022-04-01T00:00:00Z,2023-11-23T13:30:00Z,feed,2026-09-19T20:01:39Z,2026-09-19T20:01:39Z,thames_api
thames:TWL00009,thames,2024-07-04T05:00:00Z,2024-07-09T15:00:00Z,feed,2026-09-19T20:01:39Z,2026-09-19T20:01:39Z,thames_api
thames:TWL00009,thames,2024-08-12T16:30:00Z,2024-08-23T16:00:00Z,feed,2026-09-19T20:01:39Z,2026-09-19T20:01:39Z,thames_api
thames:TWL00009,thames,2024-09-23T06:00:00Z,2024-10-04T09:30:00Z,feed,2026-09-19T20:01:39Z,2026-09-19T20:01:39Z,thames_api
thames:TWL00009,thames,2025-09-23T07:00:00Z,2025-10-22T13:45:00Z,feed,2026-09-19T20:01:39Z,2026-09-19T20:01:39Z,thames_api
thames:TWL00010,thames,2024-01-18T09:15:00Z,2024-01-23T07:45:00Z,feed,2026-09-19T20:01:39Z,2026-09-19T20:01:39Z,thames_api
thames:TWL00010,thames,2025-02-15T02:00:00Z,2025-02-17T11:30:00Z,feed,2026-09-19T20:01:39Z,2026-09-19T20:01:39Z,thames_api
thames:TWL00012,thames,2024-05-21T20:00:00Z,2024-05-29T08:45:00Z,feed,2026-09-19T20:01:39Z,2026-09-19T20:01:39Z,thames_api
thames:TWL00015,thames,2023-09-02T02:00:00Z,2023-09-14T07:15:00Z,feed,2026-09-19T20:01:39Z,2026-09-19T20:01:39Z,thames_api
thames:TWL00015,thames,2024-05-28T02:00:00Z,2024-05-31T08:15:00Z,feed,2026-09-19T20:01:39Z,2026-09-19T20:01:39Z,thames_api
thames:TWL00015,thames,2024-06-01T02:00:00Z,2024-06-03T08:00:00Z,feed,2026-09-19T20:01:39Z,2026-09-19T20:01:39Z,thames_api
thames:TWL00015,thames,2024-06-10T02:00:00Z,2024-06-14T09:45:00Z,feed,2026-09-19T20:01:39Z,2026-09-19T20:01:39Z,thames_api
thames:TWL00015,thames,2025-12-03T10:00:00Z,2025-12-22T11:45:00Z,feed,2026-09-19T20:01:39Z,2026-09-19T20:01:39Z,thames_api
thames:TWL00016,thames,2023-02-22T17:45:00Z,2023-03-06T16:30:00Z,feed,2026-09-19T20:01:39Z,2026-09-19T20:01:39Z,thames_api
thames:TWL00016,thames,2023-12-02T14:45:00Z,2023-12-21T11:30:00Z,feed,2026-09-19T20:01:39Z,2026-09-19T20:01:39Z,thames_api
thames:TWL00018,thames,2023-06-18T06:00:00Z,2023-07-12T07:15:00Z,feed,2026-09-19T20:01:39Z,2026-09-19T20:01:39Z,thames_api
thames:TWL00018,thames,2024-06-19T06:00:00Z,2024-06-24T07:45:00Z,feed,2026-09-19T20:01:39Z,2026-09-19T20:01:39Z,thames_api
thames:TWL00018,thames,2024-10-21T13:30:00Z,2024-10-25T08:15:00Z,feed,2026-09-19T20:01:39Z,2026-09-19T20:01:39Z,thames_api
thames:TWL00018,thames,2025-01-03T15:30:00Z,2025-01-08T10:15:00Z,feed,2026-09-19T20:01:39Z,2026-09-19T20:01:39Z,thames_api
thames:TWL00021,thames,2023-10-12T01:00:00Z,2024-02-01T15:45:00Z,feed,2026-09-19T20:01:39Z,2026-09-19T20:01:39Z,thames_api
thames:TWL00021,thames,2025-11-03T22:00:00Z,2025-11-11T08:30:00Z,feed,2026-09-19T20:01:39Z,2026-09-19T20:01:39Z,thames_api
thames:TWL00021,thames,2026-08-10T01:00:00Z,2026-08-18T07:30:00Z,feed,2026-09-19T20:01:39Z,2026-09-19T20:01:39Z,thames_api
thames:TWL00021,thames,2026-09-15T02:00:00Z,,,2026-09-19T20:01:39Z,2026-09-19T20:01:39Z,thames_api
thames:TWL00026,thames,2024-10-17T06:00:00Z,2024-11-04T08:45:00Z,feed,2026-09-19T20:01:39Z,2026-09-19T20:01:39Z,thames_api
thames:TWL00027,thames,2023-08-10T14:45:00Z,2023-08-30T07:45:00Z,feed,2026-09-19T20:01:39Z,2026-09-19T20:01:39Z,thames_api
thames:TWL00029,thames,2022-08-23T15:04:00Z,2022-11-28T19:48:00Z,feed,2026-09-19T20:01:39Z,2026-09-19T20:01:39Z,thames_api
thames:TWL00030,thames,2023-02-02T16:15:00Z,2023-02-07T18:15:00Z,feed,2026-09-19T20:01:39Z,2026-09-19T20:01:39Z,thames_api
thames:TWL00030,thames,2023-02-28T07:45:00Z,2023-03-06T16:30:00Z,feed,2026-09-19T20:01:39Z,2026-09-19T20:01:39Z,thames_api
thames:TWL00031,thames,2023-02-18T18:30:00Z,2023-03-06T16:30:00Z,feed,2026-09-19T20:01:39Z,2026-09-19T20:01:39Z,thames_api
thames:TWL00032,thames,2022-04-01T00:00:00Z,2024-09-10T15:30:00Z,feed,2026-09-19T20:01:39Z,2026-09-19T20:01:39Z,thames_api
thames:TWL00032,thames,2025-03-27T10:28:00Z,2025-03-27T16:48:00Z,feed,2026-09-19T20:01:39Z,2026-09-19T20:01:39Z,thames_api
thames:TWL00032,thames,2025-04-02T07:02:00Z,2025-04-02T13:52:00Z,feed,2026-09-19T20:01:39Z,2026-09-19T20:01:39Z,thames_api
thames:TWL00032,thames,2025-05-14T04:50:00Z,2025-05-14T12:12:00Z,feed,2026-09-19T20:01:39Z,2026-09-19T20:01:39Z,thames_api
thames:TWL00032,thames,2025-06-04T08:06:00Z,2025-06-04T16:42:00Z,feed,2026-09-19T20:01:39Z,2026-09-19T20:01:39Z,thames_api
thames:TWL00032,thames,2025-06-11T06:22:00Z,2025-06-11T16:14:00Z,feed,2026-09-19T20:01:39Z,2026-09-19T20:01:39Z,thames_api
thames:TWL00032,thames,2025-06-18T07:48:00Z,2025-06-18T16:00:00Z,feed,2026-09-19T20:01:39Z,2026-09-19T20:01:39Z,thames_api
thames:TWL00032,thames,2025-06-25T06:14:00Z,2025-06-25T14:30:00Z,feed,2026-09-19T20:01:39Z,2026-09-19T20:01:39Z,thames_api
thames:TWL00032,thames,2025-07-02T08:34:00Z,2025-07-02T14:50:00Z,feed,2026-09-19T20:01:39Z,2026-09-19T20:01:39Z,thames_api
thames:TWL00032,thames,2025-07-09T08:30:00Z,2025-07-09T12:12:00Z,feed,2026-09-19T20:01:39Z,2026-09-19T20:01:39Z,thames_api
thames:TWL00032,thames,2025-07-10T08:20:00Z,2025-07-10T14:40:00Z,feed,2026-09-19T20:01:39Z,2026-09-19T20:01:39Z,thames_api
thames:TWL00032,thames,2025-07-16T08:40:00Z,2025-07-16T15:16:00Z,feed,2026-09-19T20:01:39Z,2026-09-19T20:01:39Z,thames_api
thames:TWL00032,thames,2025-07-17T06:10:00Z,2025-07-17T15:46:00Z,feed,2026-09-19T20:01:39Z,2026-09-19T20:01:39Z,thames_api
thames:TWL00032,thames,2025-07-21T08:24:00Z,2025-07-21T17:06:00Z,feed,2026-09-19T20:01:39Z,2026-09-19T20:01:39Z,thames_api
thames:TWL00032,thames,2025-07-22T07:12:00Z,2025-07-31T18:16:00Z,feed,2026-09-19T20:01:39Z,2026-09-19T20:01:39Z,thames_api
thames:TWL00032,thames,2025-08-06T08:22:00Z,2025-08-06T08:58:00Z,feed,2026-09-19T20:01:39Z,2026-09-19T20:01:39Z,thames_api
thames:TWL00032,thames,2025-08-07T07:36:00Z,2025-08-07T10:06:00Z,feed,2026-09-19T20:01:39Z,2026-09-19T20:01:39Z,thames_api
thames:TWL00032,thames,2025-08-13T08:12:00Z,2025-08-13T14:34:00Z,feed,2026-09-19T20:01:39Z,2026-09-19T20:01:39Z,thames_api
thames:TWL00032,thames,2025-08-19T12:36:00Z,2025-08-19T15:34:00Z,feed,2026-09-19T20:01:39Z,2026-09-19T20:01:39Z,thames_api
thames:TWL00032,thames,2025-08-28T08:48:00Z,2025-08-28T10:06:00Z,feed,2026-09-19T20:01:39Z,2026-09-19T20:01:39Z,thames_api
thames:TWL00032,thames,2025-09-03T08:38:00Z,2025-09-03T16:36:00Z,feed,2026-09-19T20:01:39Z,2026-09-19T20:01:39Z,thames_api
thames:TWL00032,thames,2025-09-04T04:06:00Z,2025-09-04T04:54:00Z,feed,2026-09-19T20:01:39Z,2026-09-19T20:01:39Z,thames_api
thames:TWL00032,thames,2025-09-17T08:00:00Z,2025-09-17T15:36:00Z,feed,2026-09-19T20:01:39Z,2026-09-19T20:01:39Z,thames_api
thames:TWL00032,thames,2025-09-22T03:38:00Z,2025-09-22T07:48:00Z,feed,2026-09-19T20:01:39Z,2026-09-19T20:01:39Z,thames_api
thames:TWL00032,thames,2025-10-15T07:36:00Z,2025-10-15T13:18:00Z,feed,2026-09-19T20:01:39Z,2026-09-19T20:01:39Z,thames_api
thames:TWL00032,thames,2025-10-16T08:06:00Z,2025-10-16T16:08:00Z,feed,2026-09-19T20:01:39Z,2026-09-19T20:01:39Z,thames_api
thames:TWL00032,thames,2025-10-29T08:30:00Z,2025-10-29T17:34:00Z,feed,2026-09-19T20:01:39Z,2026-09-19T20:01:39Z,thames_api
thames:TWL00032,thames,2025-11-05T07:30:00Z,2025-11-05T12:06:00Z,feed,2026-09-19T20:01:39Z,2026-09-19T20:01:39Z,thames_api
thames:TWL00032,thames,2025-11-11T09:48:00Z,2025-11-11T16:54:00Z,feed,2026-09-19T20:01:39Z,2026-09-19T20:01:39Z,thames_api
thames:TWL00032,thames,2025-11-18T09:32:00Z,2025-11-18T15:20:00Z,feed,2026-09-19T20:01:39Z,2026-09-19T20:01:39Z,thames_api
thames:TWL00032,thames,2025-11-26T09:42:00Z,2025-11-26T17:12:00Z,feed,2026-09-19T20:01:39Z,2026-09-19T20:01:39Z,thames_api
thames:TWL00032,thames,2025-11-27T10:42:00Z,2025-11-28T08:16:00Z,feed,2026-09-19T20:01:39Z,2026-09-19T20:01:39Z,thames_api
thames:TWL00032,thames,2025-12-03T08:40:00Z,2025-12-03T14:20:00Z,feed,2026-09-19T20:01:39Z,2026-09-19T20:01:39Z,thames_api
thames:TWL00032,thames,2025-12-10T08:18:00Z,2025-12-10T15:28:00Z,feed,2026-09-19T20:01:39Z,2026-09-19T20:01:39Z,thames_api
thames:TWL00032,thames,2025-12-17T09:08:00Z,2025-12-17T14:24:00Z,feed,2026-09-19T20:01:39Z,2026-09-19T20:01:39Z,thames_api
thames:TWL00032,thames,2025-12-18T07:54:00Z,2025-12-18T17:54:00Z,feed,2026-09-19T20:01:39Z,2026-09-19T20:01:39Z,thames_api
thames:TWL00032,thames,2026-01-22T09:02:00Z,2026-01-22T12:58:00Z,feed,2026-09-19T20:01:39Z,2026-09-19T20:01:39Z,thames_api
thames:TWL00032,thames,2026-01-29T09:22:00Z,2026-01-29T16:46:00Z,feed,2026-09-19T20:01:39Z,2026-09-19T20:01:39Z,thames_api
thames:TWL00032,thames,2026-02-19T08:38:00Z,2026-02-19T16:40:00Z,feed,2026-09-19T20:01:39Z,2026-09-19T20:01:39Z,thames_api
thames:TWL00032,thames,2026-02-25T09:18:00Z,2026-02-25T13:58:00Z,feed,2026-09-19T20:01:39Z,2026-09-19T20:01:39Z,thames_api
thames:TWL00032,thames,2026-03-18T08:22:00Z,2026-03-18T11:32:00Z,feed,2026-09-19T20:01:39Z,2026-09-19T20:01:39Z,thames_api
thames:TWL00032,thames,2026-04-28T08:40:00Z,2026-04-28T15:54:00Z,feed,2026-09-19T20:01:39Z,2026-09-19T20:01:39Z,thames_api
thames:TWL00032,thames,2026-05-05T07:08:00Z,2026-05-05T14:36:00Z,feed,2026-09-19T20:01:39Z,2026-09-19T20:01:39Z,thames_api
thames:TWL00032,thames,2026-05-12T09:58:00Z,2026-05-12T15:12:00Z,feed,2026-09-19T20:01:39Z,2026-09-19T20:01:39Z,thames_api
thames:TWL00032,thames,2026-05-13T03:06:00Z,2026-05-13T06:26:00Z,feed,2026-09-19T20:01:39Z,2026-09-19T20:01:39Z,thames_api
thames:TWL00032,thames,2026-05-15T09:02:00Z,2026-05-15T13:08:00Z,feed,2026-09-19T20:01:39Z,2026-09-19T20:01:39Z,thames_api
thames:TWL00032,thames,2026-05-26T03:12:00Z,2026-05-26T08:28:00Z,feed,2026-09-19T20:01:39Z,2026-09-19T20:01:39Z,thames_api
thames:TWL00032,thames,2026-05-27T06:30:00Z,2026-05-27T16:08:00Z,feed,2026-09-19T20:01:39Z,2026-09-19T20:01:39Z,thames_api
thames:TWL00032,thames,2026-05-28T06:24:00Z,2026-05-28T15:30:00Z,feed,2026-09-19T20:01:39Z,2026-09-19T20:01:39Z,thames_api
thames:TWL00032,thames,2026-05-29T08:36:00Z,2026-05-29T12:10:00Z,feed,2026-09-19T20:01:39Z,2026-09-19T20:01:39Z,thames_api
thames:TWL00032,thames,2026-06-01T06:42:00Z,2026-06-02T04:26:00Z,feed,2026-09-19T20:01:39Z,2026-09-19T20:01:39Z,thames_api
thames:TWL00032,thames,2026-06-05T09:06:00Z,2026-06-05T13:32:00Z,feed,2026-09-19T20:01:39Z,2026-09-19T20:01:39Z,thames_api
thames:TWL00032,thames,2026-06-09T09:22:00Z,2026-06-09T11:42:00Z,feed,2026-09-19T20:01:39Z,2026-09-19T20:01:39Z,thames_api
thames:TWL00032,thames,2026-06-10T07:18:00Z,2026-06-10T14:48:00Z,feed,2026-09-19T20:01:39Z,2026-09-19T20:01:39Z,thames_api
thames:TWL00032,thames,2026-06-19T07:06:00Z,2026-06-19T14:16:00Z,feed,2026-09-19T20:01:39Z,2026-09-19T20:01:39Z,thames_api
thames:TWL00032,thames,2026-07-01T02:42:00Z,2026-07-01T06:24:00Z,feed,2026-09-19T20:01:39Z,2026-09-19T20:01:39Z,thames_api
thames:TWL00032,thames,2026-07-15T07:48:00Z,2026-07-15T11:26:00Z,feed,2026-09-19T20:01:39Z,2026-09-19T20:01:39Z,thames_api
thames:TWL00032,thames,2026-07-23T10:06:00Z,2026-07-23T15:18:00Z,feed,2026-09-19T20:01:39Z,2026-09-19T20:01:39Z,thames_api
thames:TWL00032,thames,2026-07-29T07:58:00Z,2026-07-29T14:22:00Z,feed,2026-09-19T20:01:39Z,2026-09-19T20:01:39Z,thames_api
thames:TWL00032,thames,2026-07-30T07:00:00Z,2026-07-30T15:36:00Z,feed,2026-09-19T20:01:39Z,2026-09-19T20:01:39Z,thames_api
thames:TWL00032,thames,2026-08-03T08:52:00Z,2026-08-03T11:28:00Z,feed,2026-09-19T20:01:39Z,2026-09-19T20:01:39Z,thames_api
thames:TWL00032,thames,2026-08-18T07:18:00Z,2026-08-18T08:40:00Z,feed,2026-09-19T20:01:39Z,2026-09-19T20:01:39Z,thames_api
thames:TWL00032,thames,2026-08-19T07:44:00Z,2026-08-19T10:38:00Z,feed,2026-09-19T20:01:39Z,2026-09-19T20:01:39Z,thames_api
thames:TWL00032,thames,2026-08-21T07:22:00Z,2026-08-21T13:38:00Z,feed,2026-09-19T20:01:39Z,2026-09-19T20:01:39Z,thames_api
thames:TWL00032,thames,2026-08-31T10:44:00Z,2026-08-31T15:36:00Z,feed,2026-09-19T20:01:39Z,2026-09-19T20:01:39Z,thames_api
thames:TWL00032,thames,2026-09-09T07:40:00Z,2026-09-09T13:42:00Z,feed,2026-09-19T20:01:39Z,2026-09-19T20:01:39Z,thames_api
thames:TWL00032,thames,2026-09-10T03:16:00Z,2026-09-10T12:40:00Z,feed,2026-09-19T20:01:39Z,2026-09-19T20:01:39Z,thames_api
thames:TWL00033,thames,2025-05-19T04:00:00Z,2025-05-23T09:22:00Z,feed,2026-09-19T20:01:39Z,2026-09-19T20:01:39Z,thames_api
thames:TWL00034,thames,2022-09-21T14:26:00Z,2023-01-10T13:44:00Z,feed,2026-09-19T20:01:39Z,2026-09-19T20:01:39Z,thames_api
thames:TWL00034,thames,2025-08-10T17:00:00Z,2025-08-27T08:26:00Z,feed,2026-09-19T20:01:39Z,2026-09-19T20:01:39Z,thames_api
thames:TWL00035,thames,2022-04-01T00:00:00Z,2024-05-15T12:00:00Z,feed,2026-09-19T20:01:39Z,2026-09-19T20:01:39Z,thames_api
thames:TWL00035,thames,2024-05-15T18:30:00Z,2024-06-04T10:45:00Z,feed,2026-09-19T20:01:39Z,2026-09-19T20:01:39Z,thames_api
thames:TWL00035,thames,2025-12-11T11:30:00Z,2025-12-12T10:15:00Z,feed,2026-09-19T20:01:39Z,2026-09-19T20:01:39Z,thames_api
thames:TWL00038,thames,2022-08-01T08:00:00Z,2022-11-15T08:30:00Z,feed,2026-09-19T20:01:39Z,2026-09-19T20:01:39Z,thames_api
thames:TWL00038,thames,2023-07-31T08:30:00Z,2023-08-10T10:15:00Z,feed,2026-09-19T20:01:39Z,2026-09-19T20:01:39Z,thames_api
thames:TWL00038,thames,2023-08-18T08:15:00Z,2023-09-13T08:00:00Z,feed,2026-09-19T20:01:39Z,2026-09-19T20:01:39Z,thames_api
thames:TWL00038,thames,2023-10-05T07:15:00Z,2023-10-18T08:15:00Z,feed,2026-09-19T20:01:39Z,2026-09-19T20:01:39Z,thames_api
thames:TWL00040,thames,2022-04-01T00:00:00Z,2026-01-30T06:30:00Z,feed,2026-09-19T20:01:39Z,2026-09-19T20:01:39Z,thames_api
thames:TWL00040,thames,2026-02-04T10:20:00Z,2026-02-04T10:22:00Z,feed,2026-09-19T20:01:39Z,2026-09-19T20:01:39Z,thames_api
thames:TWL00043,thames,2022-09-15T08:00:00Z,2022-11-15T08:45:00Z,feed,2026-09-19T20:01:39Z,2026-09-19T20:01:39Z,thames_api
thames:TWL00043,thames,2025-10-04T08:00:00Z,2025-10-07T07:30:00Z,feed,2026-09-19T20:01:39Z,2026-09-19T20:01:39Z,thames_api
thames:TWL00043,thames,2025-10-07T08:00:00Z,2025-10-13T11:45:00Z,feed,2026-09-19T20:01:39Z,2026-09-19T20:01:39Z,thames_api
thames:TWL00044,thames,2024-11-01T10:00:00Z,2024-11-16T17:00:00Z,feed,2026-09-19T20:01:39Z,2026-09-19T20:01:39Z,thames_api
thames:TWL00045,thames,2026-03-24T09:15:00Z,2026-04-08T08:15:00Z,feed,2026-09-19T20:01:39Z,2026-09-19T20:01:39Z,thames_api
thames:TWL00047,thames,2022-04-01T00:00:00Z,2022-04-04T12:30:00Z,feed,2026-09-19T20:01:39Z,2026-09-19T20:01:39Z,thames_api
thames:TWL00049,thames,2022-04-01T00:00:00Z,2022-06-06T12:15:00Z,feed,2026-09-19T20:01:39Z,2026-09-19T20:01:39Z,thames_api
thames:TWL00049,thames,2022-06-14T18:15:00Z,2022-07-03T23:45:00Z,feed,2026-09-19T20:01:39Z,2026-09-19T20:01:39Z,thames_api
thames:TWL00049,thames,2023-02-10T09:00:00Z,2023-02-23T09:30:00Z,feed,2026-09-19T20:01:39Z,2026-09-19T20:01:39Z,thames_api
thames:TWL00049,thames,2023-06-03T00:00:00Z,2023-06-27T11:45:00Z,feed,2026-09-19T20:01:39Z,2026-09-19T20:01:39Z,thames_api
thames:TWL00049,thames,2023-11-25T03:00:00Z,2023-12-04T09:00:00Z,feed,2026-09-19T20:01:39Z,2026-09-19T20:01:39Z,thames_api
thames:TWL00049,thames,2023-12-08T13:45:00Z,2023-12-14T09:30:00Z,feed,2026-09-19T20:01:39Z,2026-09-19T20:01:39Z,thames_api
thames:TWL00050,thames,2022-04-01T00:00:00Z,2022-07-16T14:45:00Z,feed,2026-09-19T20:01:39Z,2026-09-19T20:01:39Z,thames_api
thames:TWL00050,thames,2022-09-14T17:45:00Z,2022-09-18T22:00:00Z,feed,2026-09-19T20:01:39Z,2026-09-19T20:01:39Z,thames_api
thames:TWL00050,thames,2023-02-01T23:45:00Z,2023-02-07T14:45:00Z,feed,2026-09-19T20:01:39Z,2026-09-19T20:01:39Z,thames_api
thames:TWL00050,thames,2023-02-07T16:45:00Z,2023-04-26T12:45:00Z,feed,2026-09-19T20:01:39Z,2026-09-19T20:01:39Z,thames_api
thames:TWL00050,thames,2024-09-14T04:00:00Z,2024-10-16T07:15:00Z,feed,2026-09-19T20:01:39Z,2026-09-19T20:01:39Z,thames_api
thames:TWL00050,thames,2025-08-11T12:30:00Z,2025-08-21T07:30:00Z,feed,2026-09-19T20:01:39Z,2026-09-19T20:01:39Z,thames_api
thames:TWL00050,thames,2026-06-15T05:00:00Z,2026-06-24T11:00:00Z,feed,2026-09-19T20:01:39Z,2026-09-19T20:01:39Z,thames_api
thames:TWL00051,thames,2025-09-19T13:15:00Z,2025-10-03T07:15:00Z,feed,2026-09-19T20:01:39Z,2026-09-19T20:01:39Z,thames_api
thames:TWL00053,thames,2022-06-01T13:00:00Z,2022-06-03T16:45:00Z,feed,2026-09-19T20:01:39Z,2026-09-19T20:01:39Z,thames_api
thames:TWL00053,thames,2022-06-03T18:30:00Z,2022-06-10T09:00:00Z,feed,2026-09-19T20:01:39Z,2026-09-19T20:01:39Z,thames_api
thames:TWL00053,thames,2024-01-25T04:00:00Z,2024-02-01T15:45:00Z,feed,2026-09-19T20:01:39Z,2026-09-19T20:01:39Z,thames_api
thames:TWL00053,thames,2024-11-19T23:00:00Z,2024-12-09T08:15:00Z,feed,2026-09-19T20:01:39Z,2026-09-19T20:01:39Z,thames_api
thames:TWL00053,thames,2025-01-06T04:00:00Z,2025-01-13T16:00:00Z,feed,2026-09-19T20:01:39Z,2026-09-19T20:01:39Z,thames_api
thames:TWL00053,thames,2025-02-07T23:00:00Z,2025-02-14T09:00:00Z,feed,2026-09-19T20:01:39Z,2026-09-19T20:01:39Z,thames_api
thames:TWL00053,thames,2025-10-15T23:00:00Z,2025-10-23T07:45:00Z,feed,2026-09-19T20:01:39Z,2026-09-19T20:01:39Z,thames_api
thames:TWL00054,thames,2022-11-10T07:45:00Z,2022-11-11T08:30:00Z,feed,2026-09-19T20:01:39Z,2026-09-19T20:01:39Z,thames_api
thames:TWL00054,thames,2025-01-13T12:45:00Z,2025-02-05T10:45:00Z,feed,2026-09-19T20:01:39Z,2026-09-19T20:01:39Z,thames_api
thames:TWL00057,thames,2024-05-08T12:30:00Z,2024-05-13T07:00:00Z,feed,2026-09-19T20:01:39Z,2026-09-19T20:01:39Z,thames_api
thames:TWL00059,thames,2023-04-03T05:30:00Z,2023-04-19T15:15:00Z,feed,2026-09-19T20:01:39Z,2026-09-19T20:01:39Z,thames_api
thames:TWL00060,thames,2022-04-01T00:00:00Z,2024-12-31T23:45:00Z,feed,2026-09-19T20:01:39Z,2026-09-19T20:01:39Z,thames_api
thames:TWL00060,thames,2026-02-08T11:00:00Z,2026-02-16T08:00:00Z,feed,2026-09-19T20:01:39Z,2026-09-19T20:01:39Z,thames_api
thames:TWL00060,thames,2026-06-25T09:00:00Z,2026-07-07T07:30:00Z,feed,2026-09-19T20:01:39Z,2026-09-19T20:01:39Z,thames_api
thames:TWL00061,thames,2023-09-04T01:00:00Z,2023-09-12T08:00:00Z,feed,2026-09-19T20:01:39Z,2026-09-19T20:01:39Z,thames_api
thames:TWL00061,thames,2023-10-28T09:30:00Z,2023-11-07T08:15:00Z,feed,2026-09-19T20:01:39Z,2026-09-19T20:01:39Z,thames_api
thames:TWL00061,thames,2026-01-19T11:00:00Z,2026-02-03T15:30:00Z,feed,2026-09-19T20:01:39Z,2026-09-19T20:01:39Z,thames_api
thames:TWL00061,thames,2026-07-04T12:00:00Z,2026-07-10T10:15:00Z,feed,2026-09-19T20:01:39Z,2026-09-19T20:01:39Z,thames_api
thames:TWL00064,thames,2024-12-12T09:45:00Z,2024-12-23T12:15:00Z,feed,2026-09-19T20:01:39Z,2026-09-19T20:01:39Z,thames_api
thames:TWL00066,thames,2026-04-02T07:15:00Z,2026-04-07T07:15:00Z,feed,2026-09-19T20:01:39Z,2026-09-19T20:01:39Z,thames_api
thames:TWL00069,thames,2022-07-19T02:45:00Z,2022-07-26T02:15:00Z,feed,2026-09-19T20:01:39Z,2026-09-19T20:01:39Z,thames_api
thames:TWL00069,thames,2023-06-18T20:00:00Z,2023-08-11T07:30:00Z,feed,2026-09-19T20:01:39Z,2026-09-19T20:01:39Z,thames_api
thames:TWL00069,thames,2023-09-01T02:00:00Z,2023-09-14T07:00:00Z,feed,2026-09-19T20:01:39Z,2026-09-19T20:01:39Z,thames_api
thames:TWL00069,thames,2023-11-06T02:00:00Z,2023-11-09T11:45:00Z,feed,2026-09-19T20:01:39Z,2026-09-19T20:01:39Z,thames_api
thames:TWL00069,thames,2023-11-28T02:00:00Z,2023-12-12T08:45:00Z,feed,2026-09-19T20:01:39Z,2026-09-19T20:01:39Z,thames_api
thames:TWL00070,thames,2025-04-01T09:15:00Z,2025-06-20T08:30:00Z,feed,2026-09-19T20:01:39Z,2026-09-19T20:01:39Z,thames_api
thames:TWL00071,thames,2023-03-22T11:00:00Z,2023-05-05T06:30:00Z,feed,2026-09-19T20:01:39Z,2026-09-19T20:01:39Z,thames_api
thames:TWL00072,thames,2023-07-22T15:00:00Z,2023-08-07T10:00:00Z,feed,2026-09-19T20:01:39Z,2026-09-19T20:01:39Z,thames_api
thames:TWL00072,thames,2024-01-04T17:00:00Z,2024-01-23T09:00:00Z,feed,2026-09-19T20:01:39Z,2026-09-19T20:01:39Z,thames_api
thames:TWL00072,thames,2024-03-17T15:00:00Z,2024-04-02T07:30:00Z,feed,2026-09-19T20:01:39Z,2026-09-19T20:01:39Z,thames_api
thames:TWL00072,thames,2026-05-15T15:00:00Z,2026-05-26T13:30:00Z,feed,2026-09-19T20:01:39Z,2026-09-19T20:01:39Z,thames_api
thames:TWL00073,thames,2024-01-29T15:45:00Z,2024-06-07T14:15:00Z,feed,2026-09-19T20:01:39Z,2026-09-19T20:01:39Z,thames_api
thames:TWL00073,thames,2024-06-10T07:45:00Z,2024-06-21T08:30:00Z,feed,2026-09-19T20:01:39Z,2026-09-19T20:01:39Z,thames_api
thames:TWL00073,thames,2024-06-24T07:15:00Z,2024-06-28T07:15:00Z,feed,2026-09-19T20:01:39Z,2026-09-19T20:01:39Z,thames_api
thames:TWL00073,thames,2025-11-12T20:00:00Z,2025-12-18T08:30:00Z,feed,2026-09-19T20:01:39Z,2026-09-19T20:01:39Z,thames_api
thames:TWL00076,thames,2022-04-01T00:00:00Z,2022-12-31T23:45:00Z,feed,2026-09-19T20:01:39Z,2026-09-19T20:01:39Z,thames_api
thames:TWL00076,thames,2024-11-17T06:15:00Z,2024-11-19T10:15:00Z,feed,2026-09-19T20:01:39Z,2026-09-19T20:01:39Z,thames_api
thames:TWL00077,thames,2022-04-01T00:00:00Z,2022-04-12T12:30:00Z,feed,2026-09-19T20:01:39Z,2026-09-19T20:01:39Z,thames_api
thames:TWL00077,thames,2022-04-18T20:30:00Z,2023-02-07T18:30:00Z,feed,2026-09-19T20:01:39Z,2026-09-19T20:01:39Z,thames_api
thames:TWL00077,thames,2023-04-01T10:45:00Z,2023-04-12T13:45:00Z,feed,2026-09-19T20:01:39Z,2026-09-19T20:01:39Z,thames_api
thames:TWL00080,thames,2022-04-01T00:00:00Z,2024-07-05T00:00:00Z,feed,2026-09-19T20:01:39Z,2026-09-19T20:01:39Z,thames_api
thames:TWL00081,thames,2025-01-10T15:45:00Z,2025-01-28T08:45:00Z,feed,2026-09-19T20:01:39Z,2026-09-19T20:01:39Z,thames_api
thames:TWL00082,thames,2022-10-24T20:15:00Z,2023-01-26T14:00:00Z,feed,2026-09-19T20:01:39Z,2026-09-19T20:01:39Z,thames_api
thames:TWL00083,thames,2026-06-09T14:00:00Z,2026-06-16T08:30:00Z,feed,2026-09-19T20:01:39Z,2026-09-19T20:01:39Z,thames_api
thames:TWL00084,thames,2022-04-01T00:00:00Z,2023-02-10T01:42:00Z,feed,2026-09-19T20:01:39Z,2026-09-19T20:01:39Z,thames_api
thames:TWL00084,thames,2026-08-21T23:00:00Z,2026-09-07T09:46:00Z,feed,2026-09-19T20:01:39Z,2026-09-19T20:01:39Z,thames_api
thames:TWL00084,thames,2026-09-11T15:00:00Z,2026-09-17T11:14:00Z,feed,2026-09-19T20:01:39Z,2026-09-19T20:01:39Z,thames_api
thames:TWL00085,thames,2022-04-01T00:00:00Z,2024-12-31T23:45:00Z,feed,2026-09-19T20:01:39Z,2026-09-19T20:01:39Z,thames_api
thames:TWL00086,thames,2023-06-18T04:00:00Z,2023-08-15T09:15:00Z,feed,2026-09-19T20:01:39Z,2026-09-19T20:01:39Z,thames_api
thames:TWL00086,thames,2023-09-24T06:00:00Z,2023-09-28T15:00:00Z,feed,2026-09-19T20:01:39Z,2026-09-19T20:01:39Z,thames_api
thames:TWL00086,thames,2023-10-07T06:00:00Z,2023-10-18T07:45:00Z,feed,2026-09-19T20:01:39Z,2026-09-19T20:01:39Z,thames_api
thames:TWL00086,thames,2024-09-16T09:45:00Z,2024-10-01T07:30:00Z,feed,2026-09-19T20:01:39Z,2026-09-19T20:01:39Z,thames_api
thames:TWL00086,thames,2025-05-06T14:45:00Z,2025-05-09T11:00:00Z,feed,2026-09-19T20:01:39Z,2026-09-19T20:01:39Z,thames_api
thames:TWL00086,thames,2025-05-17T10:00:00Z,2025-05-20T11:00:00Z,feed,2026-09-19T20:01:39Z,2026-09-19T20:01:39Z,thames_api
thames:TWL00086,thames,2025-05-20T13:30:00Z,2025-05-25T17:30:00Z,feed,2026-09-19T20:01:39Z,2026-09-19T20:01:39Z,thames_api
thames:TWL00087,thames,2022-04-01T00:00:00Z,2023-01-24T23:02:00Z,feed,2026-09-19T20:01:39Z,2026-09-19T20:01:39Z,thames_api
thames:TWL00087,thames,2023-11-17T00:00:00Z,2024-01-17T08:58:00Z,feed,2026-09-19T20:01:39Z,2026-09-19T20:01:39Z,thames_api
thames:TWL00087,thames,2025-08-09T01:00:00Z,2025-08-12T07:24:00Z,feed,2026-09-19T20:01:39Z,2026-09-19T20:01:39Z,thames_api
thames:TWL00087,thames,2026-07-05T01:00:00Z,2026-07-10T10:34:00Z,feed,2026-09-19T20:01:39Z,2026-09-19T20:01:39Z,thames_api
thames:TWL00088,thames,2022-06-24T15:00:00Z,2022-11-11T08:45:00Z,feed,2026-09-19T20:01:39Z,2026-09-19T20:01:39Z,thames_api
thames:TWL00088,thames,2023-07-26T07:30:00Z,2023-08-07T07:15:00Z,feed,2026-09-19T20:01:39Z,2026-09-19T20:01:39Z,thames_api
thames:TWL00088,thames,2023-12-07T12:00:00Z,2023-12-13T10:45:00Z,feed,2026-09-19T20:01:39Z,2026-09-19T20:01:39Z,thames_api
thames:TWL00088,thames,2024-03-02T12:00:00Z,2024-03-11T16:45:00Z,feed,2026-09-19T20:01:39Z,2026-09-19T20:01:39Z,thames_api
thames:TWL00088,thames,2024-03-12T08:00:00Z,2024-03-15T12:30:00Z,feed,2026-09-19T20:01:39Z,2026-09-19T20:01:39Z,thames_api
thames:TWL00088,thames,2025-04-24T18:15:00Z,2025-05-23T10:30:00Z,feed,2026-09-19T20:01:39Z,2026-09-19T20:01:39Z,thames_api
thames:TWL00088,thames,2025-07-22T08:15:00Z,2025-07-25T11:15:00Z,feed,2026-09-19T20:01:39Z,2026-09-19T20:01:39Z,thames_api
thames:TWL00088,thames,2025-09-24T07:30:00Z,2025-12-30T08:30:00Z,feed,2026-09-19T20:01:39Z,2026-09-19T20:01:39Z,thames_api
thames:TWL00088,thames,2026-07-24T14:15:00Z,2026-08-07T07:00:00Z,feed,2026-09-19T20:01:39Z,2026-09-19T20:01:39Z,thames_api
thames:TWL00088,thames,2026-09-07T15:30:00Z,2026-09-14T07:15:00Z,feed,2026-09-19T20:01:39Z,2026-09-19T20:01:39Z,thames_api
thames:TWL00090,thames,2025-09-08T21:00:00Z,2025-09-12T07:45:00Z,feed,2026-09-19T20:01:39Z,2026-09-19T20:01:39Z,thames_api
thames:TWL00093,thames,2022-09-23T20:18:00Z,2022-11-11T08:58:00Z,feed,2026-09-19T20:01:39Z,2026-09-19T20:01:39Z,thames_api
thames:TWL00093,thames,2025-08-15T12:56:00Z,2025-09-10T08:52:00Z,feed,2026-09-19T20:01:39Z,2026-09-19T20:01:39Z,thames_api
thames:TWL00093,thames,2026-07-13T15:48:00Z,2026-07-13T17:18:00Z,feed,2026-09-19T20:01:39Z,2026-09-19T20:01:39Z,thames_api
thames:TWL00095,thames,2023-01-11T13:00:00Z,2023-01-27T09:30:00Z,feed,2026-09-19T20:01:39Z,2026-09-19T20:01:39Z,thames_api
thames:TWL00095,thames,2023-09-10T05:00:00Z,2023-09-28T07:15:00Z,feed,2026-09-19T20:01:39Z,2026-09-19T20:01:39Z,thames_api
thames:TWL00095,thames,2025-06-30T06:00:00Z,2025-07-07T07:15:00Z,feed,2026-09-19T20:01:39Z,2026-09-19T20:01:39Z,thames_api
thames:TWL00095,thames,2025-07-11T06:00:00Z,2025-08-13T07:30:00Z,feed,2026-09-19T20:01:39Z,2026-09-19T20:01:39Z,thames_api
thames:TWL00095,thames,2025-11-27T17:00:00Z,2025-12-19T14:00:00Z,feed,2026-09-19T20:01:39Z,2026-09-19T20:01:39Z,thames_api
thames:TWL00096,thames,2023-06-25T04:00:00Z,2023-07-19T10:15:00Z,feed,2026-09-19T20:01:39Z,2026-09-19T20:01:39Z,thames_api
thames:TWL00097,thames,2025-01-10T10:30:00Z,2025-01-14T07:45:00Z,feed,2026-09-19T20:01:39Z,2026-09-19T20:01:39Z,thames_api
thames:TWL00101,thames,2023-09-25T01:00:00Z,2023-10-02T09:18:00Z,feed,2026-09-19T20:01:39Z,2026-09-19T20:01:39Z,thames_api
thames:TWL00101,thames,2024-11-15T01:00:00Z,2024-11-25T15:50:00Z,feed,2026-09-19T20:01:39Z,2026-09-19T20:01:39Z,thames_api
thames:TWL00101,thames,2025-10-07T10:00:00Z,2025-10-17T07:38:00Z,feed,2026-09-19T20:01:39Z,2026-09-19T20:01:39Z,thames_api
thames:TWL00101,thames,2025-10-29T01:00:00Z,2025-11-04T08:58:00Z,feed,2026-09-19T20:01:39Z,2026-09-19T20:01:39Z,thames_api
thames:TWL00101,thames,2026-04-21T01:00:00Z,2026-05-05T11:08:00Z,feed,2026-09-19T20:01:39Z,2026-09-19T20:01:39Z,thames_api
thames:TWL00103,thames,2026-06-15T10:00:00Z,2026-06-30T09:30:00Z,feed,2026-09-19T20:01:39Z,2026-09-19T20:01:39Z,thames_api
thames:TWL00105,thames,2025-09-18T03:00:00Z,2025-09-24T12:15:00Z,feed,2026-09-19T20:01:39Z,2026-09-19T20:01:39Z,thames_api
thames:TWL00105,thames,2026-05-24T03:00:00Z,2026-05-28T14:15:00Z,feed,2026-09-19T20:01:39Z,2026-09-19T20:01:39Z,thames_api
thames:TWL00106,thames,2022-04-01T00:00:00Z,2022-09-22T09:00:00Z,feed,2026-09-19T20:01:39Z,2026-09-19T20:01:39Z,thames_api
thames:TWL00106,thames,2022-10-23T10:30:00Z,2022-10-27T10:30:00Z,feed,2026-09-19T20:01:39Z,2026-09-19T20:01:39Z,thames_api
thames:TWL00106,thames,2022-10-27T11:45:00Z,2024-11-12T09:15:00Z,feed,2026-09-19T20:01:39Z,2026-09-19T20:01:39Z,thames_api
thames:TWL00106,thames,2025-05-27T08:45:00Z,2025-06-16T07:15:00Z,feed,2026-09-19T20:01:39Z,2026-09-19T20:01:39Z,thames_api
thames:TWL00108,thames,2024-09-27T00:00:00Z,2024-09-27T05:45:00Z,feed,2026-09-19T20:01:39Z,2026-09-19T20:01:39Z,thames_api
thames:TWL00108,thames,2024-09-27T15:30:00Z,2024-09-28T11:15:00Z,feed,2026-09-19T20:01:39Z,2026-09-19T20:01:39Z,thames_api
thames:TWL00108,thames,2024-09-29T08:45:00Z,2024-09-29T10:00:00Z,feed,2026-09-19T20:01:39Z,2026-09-19T20:01:39Z,thames_api
thames:TWL00108,thames,2024-09-30T03:00:00Z,2024-09-30T04:30:00Z,feed,2026-09-19T20:01:39Z,2026-09-19T20:01:39Z,thames_api
thames:TWL00108,thames,2024-09-30T05:00:00Z,2024-09-30T05:15:00Z,feed,2026-09-19T20:01:39Z,2026-09-19T20:01:39Z,thames_api
thames:TWL00108,thames,2024-10-06T23:45:00Z,2024-10-07T09:15:00Z,feed,2026-09-19T20:01:39Z,2026-09-19T20:01:39Z,thames_api
thames:TWL00108,thames,2024-10-07T21:45:00Z,2024-10-08T02:45:00Z,feed,2026-09-19T20:01:39Z,2026-09-19T20:01:39Z,thames_api
thames:TWL00108,thames,2024-10-08T03:15:00Z,2024-10-08T11:00:00Z,feed,2026-09-19T20:01:39Z,2026-09-19T20:01:39Z,thames_api
thames:TWL00108,thames,2024-10-08T17:00:00Z,2024-10-08T17:45:00Z,feed,2026-09-19T20:01:39Z,2026-09-19T20:01:39Z,thames_api
thames:TWL00108,thames,2024-10-10T08:00:00Z,2024-10-10T10:00:00Z,feed,2026-09-19T20:01:39Z,2026-09-19T20:01:39Z,thames_api
thames:TWL00108,thames,2024-10-11T14:15:00Z,2024-10-24T07:45:00Z,feed,2026-09-19T20:01:39Z,2026-09-19T20:01:39Z,thames_api
thames:TWL00109,thames,2022-07-26T13:30:00Z,2023-08-10T23:00:00Z,feed,2026-09-19T20:01:39Z,2026-09-19T20:01:39Z,thames_api
thames:TWL00109,thames,2023-08-11T00:00:00Z,2023-08-22T07:15:00Z,feed,2026-09-19T20:01:39Z,2026-09-19T20:01:39Z,thames_api
thames:TWL00109,thames,2023-08-29T09:30:00Z,2023-09-28T07:15:00Z,feed,2026-09-19T20:01:39Z,2026-09-19T20:01:39Z,thames_api
thames:TWL00109,thames,2024-02-05T09:00:00Z,2026-07-20T07:30:00Z,feed,2026-09-19T20:01:39Z,2026-09-19T20:01:39Z,thames_api
thames:TWL00111,thames,2023-09-17T06:15:00Z,2023-09-28T09:15:00Z,feed,2026-09-19T20:01:39Z,2026-09-19T20:01:39Z,thames_api
thames:TWL00112,thames,2024-04-30T13:45:00Z,2024-05-31T10:45:00Z,feed,2026-09-19T20:01:39Z,2026-09-19T20:01:39Z,thames_api
thames:TWL00112,thames,2024-12-23T07:30:00Z,2024-12-24T00:00:00Z,feed,2026-09-19T20:01:39Z,2026-09-19T20:01:39Z,thames_api
thames:TWL00112,thames,2026-07-14T09:00:00Z,2026-08-20T14:30:00Z,feed,2026-09-19T20:01:39Z,2026-09-19T20:01:39Z,thames_api
thames:TWL00113,thames,2023-05-25T06:00:00Z,2023-07-05T10:00:00Z,feed,2026-09-19T20:01:39Z,2026-09-19T20:01:39Z,thames_api
thames:TWL00113,thames,2023-07-09T06:00:00Z,2023-07-25T10:45:00Z,feed,2026-09-19T20:01:39Z,2026-09-19T20:01:39Z,thames_api
thames:TWL00115,thames,2022-04-01T00:00:00Z,2023-03-09T14:30:00Z,feed,2026-09-19T20:01:39Z,2026-09-19T20:01:39Z,thames_api
thames:TWL00115,thames,2023-04-11T21:00:00Z,2023-04-12T08:00:00Z,feed,2026-09-19T20:01:39Z,2026-09-19T20:01:39Z,thames_api
thames:TWL00115,thames,2024-09-12T10:00:00Z,2024-09-19T14:00:00Z,feed,2026-09-19T20:01:39Z,2026-09-19T20:01:39Z,thames_api
thames:TWL00116,thames,2022-04-01T00:00:00Z,2024-12-05T00:00:00Z,feed,2026-09-19T20:01:39Z,2026-09-19T20:01:39Z,thames_api
thames:TWL00116,thames,2025-04-01T04:48:00Z,2025-05-14T12:12:00Z,feed,2026-09-19T20:01:39Z,2026-09-19T20:01:39Z,thames_api
thames:TWL00116,thames,2025-05-14T13:52:00Z,2025-10-14T11:58:00Z,feed,2026-09-19T20:01:39Z,2026-09-19T20:01:39Z,thames_api
thames:TWL00116,thames,2025-10-15T07:38:00Z,2025-10-15T13:18:00Z,feed,2026-09-19T20:01:39Z,2026-09-19T20:01:39Z,thames_api
thames:TWL00116,thames,2025-10-16T08:08:00Z,2025-10-16T16:08:00Z,feed,2026-09-19T20:01:39Z,2026-09-19T20:01:39Z,thames_api
thames:TWL00116,thames,2025-10-17T08:18:00Z,2025-10-17T09:30:00Z,feed,2026-09-19T20:01:39Z,2026-09-19T20:01:39Z,thames_api
thames:TWL00116,thames,2025-10-29T08:28:00Z,2025-10-29T17:34:00Z,feed,2026-09-19T20:01:39Z,2026-09-19T20:01:39Z,thames_api
thames:TWL00116,thames,2025-11-05T07:28:00Z,2025-11-05T12:06:00Z,feed,2026-09-19T20:01:39Z,2026-09-19T20:01:39Z,thames_api
thames:TWL00116,thames,2025-11-11T09:50:00Z,2025-11-11T16:54:00Z,feed,2026-09-19T20:01:39Z,2026-09-19T20:01:39Z,thames_api
thames:TWL00116,thames,2025-11-18T09:30:00Z,2025-11-18T15:20:00Z,feed,2026-09-19T20:01:39Z,2026-09-19T20:01:39Z,thames_api
thames:TWL00116,thames,2025-11-26T09:42:00Z,2025-11-26T17:12:00Z,feed,2026-09-19T20:01:39Z,2026-09-19T20:01:39Z,thames_api
thames:TWL00116,thames,2025-11-27T10:44:00Z,2025-11-28T08:16:00Z,feed,2026-09-19T20:01:39Z,2026-09-19T20:01:39Z,thames_api
thames:TWL00116,thames,2025-12-03T08:40:00Z,2025-12-03T14:20:00Z,feed,2026-09-19T20:01:39Z,2026-09-19T20:01:39Z,thames_api
thames:TWL00116,thames,2025-12-10T08:16:00Z,2025-12-10T15:28:00Z,feed,2026-09-19T20:01:39Z,2026-09-19T20:01:39Z,thames_api
thames:TWL00116,thames,2025-12-17T09:06:00Z,2025-12-17T14:24:00Z,feed,2026-09-19T20:01:39Z,2026-09-19T20:01:39Z,thames_api
thames:TWL00116,thames,2025-12-18T07:54:00Z,2025-12-18T17:54:00Z,feed,2026-09-19T20:01:39Z,2026-09-19T20:01:39Z,thames_api
thames:TWL00116,thames,2026-01-22T09:00:00Z,2026-01-22T12:58:00Z,feed,2026-09-19T20:01:39Z,2026-09-19T20:01:39Z,thames_api
thames:TWL00116,thames,2026-01-29T09:22:00Z,2026-01-29T16:46:00Z,feed,2026-09-19T20:01:39Z,2026-09-19T20:01:39Z,thames_api
thames:TWL00116,thames,2026-02-05T13:12:00Z,2026-02-05T14:50:00Z,feed,2026-09-19T20:01:39Z,2026-09-19T20:01:39Z,thames_api
thames:TWL00116,thames,2026-02-06T13:12:00Z,2026-02-06T13:56:00Z,feed,2026-09-19T20:01:39Z,2026-09-19T20:01:39Z,thames_api
thames:TWL00116,thames,2026-02-12T13:46:00Z,2026-02-12T14:26:00Z,feed,2026-09-19T20:01:39Z,2026-09-19T20:01:39Z,thames_api
thames:TWL00116,thames,2026-02-25T09:18:00Z,2026-02-25T13:58:00Z,feed,2026-09-19T20:01:39Z,2026-09-19T20:01:39Z,thames_api
thames:TWL00116,thames,2026-02-27T09:10:00Z,2026-02-27T12:20:00Z,feed,2026-09-19T20:01:39Z,2026-09-19T20:01:39Z,thames_api
thames:TWL00116,thames,2026-03-18T08:24:00Z,2026-03-18T11:32:00Z,feed,2026-09-19T20:01:39Z,2026-09-19T20:01:39Z,thames_api
thames:TWL00116,thames,2026-04-28T08:42:00Z,2026-04-28T15:54:00Z,feed,2026-09-19T20:01:39Z,2026-09-19T20:01:39Z,thames_api
thames:TWL00116,thames,2026-04-30T11:22:00Z,2026-05-01T17:04:00Z,feed,2026-09-19T20:01:39Z,2026-09-19T20:01:39Z,thames_api
thames:TWL00116,thames,2026-05-05T07:08:00Z,2026-05-05T14:36:00Z,feed,2026-09-19T20:01:39Z,2026-09-19T20:01:39Z,thames_api
thames:TWL00116,thames,2026-05-12T09:58:00Z,2026-05-12T15:12:00Z,feed,2026-09-19T20:01:39Z,2026-09-19T20:01:39Z,thames_api
thames:TWL00116,thames,2026-05-15T09:02:00Z,2026-05-15T13:08:00Z,feed,2026-09-19T20:01:39Z,2026-09-19T20:01:39Z,thames_api
thames:TWL00116,thames,2026-05-18T03:10:00Z,2026-05-18T17:08:00Z,feed,2026-09-19T20:01:39Z,2026-09-19T20:01:39Z,thames_api
thames:TWL00116,thames,2026-05-26T03:12:00Z,2026-05-26T08:28:00Z,feed,2026-09-19T20:01:39Z,2026-09-19T20:01:39Z,thames_api
thames:TWL00116,thames,2026-05-27T06:30:00Z,2026-05-27T16:08:00Z,feed,2026-09-19T20:01:39Z,2026-09-19T20:01:39Z,thames_api
thames:TWL00116,thames,2026-05-28T06:24:00Z,2026-05-28T15:30:00Z,feed,2026-09-19T20:01:39Z,2026-09-19T20:01:39Z,thames_api
thames:TWL00116,thames,2026-05-29T08:34:00Z,2026-05-29T12:10:00Z,feed,2026-09-19T20:01:39Z,2026-09-19T20:01:39Z,thames_api
thames:TWL00116,thames,2026-06-01T06:40:00Z,2026-06-02T04:26:00Z,feed,2026-09-19T20:01:39Z,2026-09-19T20:01:39Z,thames_api
thames:TWL00116,thames,2026-06-09T08:04:00Z,2026-06-09T16:28:00Z,feed,2026-09-19T20:01:39Z,2026-09-19T20:01:39Z,thames_api
thames:TWL00116,thames,2026-06-10T07:20:00Z,2026-06-10T14:48:00Z,feed,2026-09-19T20:01:39Z,2026-09-19T20:01:39Z,thames_api
thames:TWL00116,thames,2026-06-19T07:06:00Z,2026-06-19T14:16:00Z,feed,2026-09-19T20:01:39Z,2026-09-19T20:01:39Z,thames_api
thames:TWL00116,thames,2026-06-30T08:48:00Z,2026-06-30T10:50:00Z,feed,2026-09-19T20:01:39Z,2026-09-19T20:01:39Z,thames_api
thames:TWL00116,thames,2026-07-01T02:40:00Z,2026-07-01T06:24:00Z,feed,2026-09-19T20:01:39Z,2026-09-19T20:01:39Z,thames_api
thames:TWL00116,thames,2026-07-15T07:48:00Z,2026-07-15T11:26:00Z,feed,2026-09-19T20:01:39Z,2026-09-19T20:01:39Z,thames_api
thames:TWL00116,thames,2026-07-29T07:58:00Z,2026-07-29T14:22:00Z,feed,2026-09-19T20:01:39Z,2026-09-19T20:01:39Z,thames_api
thames:TWL00116,thames,2026-07-30T07:00:00Z,2026-07-30T15:36:00Z,feed,2026-09-19T20:01:39Z,2026-09-19T20:01:39Z,thames_api
thames:TWL00116,thames,2026-08-19T07:44:00Z,2026-08-19T10:38:00Z,feed,2026-09-19T20:01:39Z,2026-09-19T20:01:39Z,thames_api
thames:TWL00116,thames,2026-08-21T07:22:00Z,2026-08-21T13:38:00Z,feed,2026-09-19T20:01:39Z,2026-09-19T20:01:39Z,thames_api
thames:TWL00116,thames,2026-09-09T07:38:00Z,2026-09-09T13:42:00Z,feed,2026-09-19T20:01:39Z,2026-09-19T20:01:39Z,thames_api
thames:TWL00116,thames,2026-09-10T03:16:00Z,2026-09-10T12:40:00Z,feed,2026-09-19T20:01:39Z,2026-09-19T20:01:39Z,thames_api
thames:TWL00117,thames,2024-01-03T05:00:00Z,2024-01-17T10:15:00Z,feed,2026-09-19T20:01:39Z,2026-09-19T20:01:39Z,thames_api
thames:TWL00117,thames,2024-11-01T15:45:00Z,2024-11-19T14:30:00Z,feed,2026-09-19T20:01:39Z,2026-09-19T20:01:39Z,thames_api
thames:TWL00117,thames,2024-11-21T11:45:00Z,2024-12-05T12:00:00Z,feed,2026-09-19T20:01:39Z,2026-09-19T20:01:39Z,thames_api
thames:TWL00117,thames,2025-01-23T15:45:00Z,2025-02-20T12:15:00Z,feed,2026-09-19T20:01:39Z,2026-09-19T20:01:39Z,thames_api
thames:TWL00117,thames,2025-03-06T09:30:00Z,2025-07-22T06:45:00Z,feed,2026-09-19T20:01:39Z,2026-09-19T20:01:39Z,thames_api
thames:TWL00118,thames,2023-02-08T09:30:00Z,2023-02-08T14:45:00Z,feed,2026-09-19T20:01:39Z,2026-09-19T20:01:39Z,thames_api
thames:TWL00118,thames,2023-06-12T13:45:00Z,2023-06-30T14:45:00Z,feed,2026-09-19T20:01:39Z,2026-09-19T20:01:39Z,thames_api
thames:TWL00118,thames,2024-01-18T11:15:00Z,2024-01-23T14:45:00Z,feed,2026-09-19T20:01:39Z,2026-09-19T20:01:39Z,thames_api
thames:TWL00118,thames,2024-11-27T15:00:00Z,2024-12-11T08:45:00Z,feed,2026-09-19T20:01:39Z,2026-09-19T20:01:39Z,thames_api
thames:TWL00118,thames,2025-01-26T18:00:00Z,2025-02-19T08:15:00Z,feed,2026-09-19T20:01:39Z,2026-09-19T20:01:39Z,thames_api
thames:TWL00118,thames,2025-11-06T09:00:00Z,2025-11-11T08:45:00Z,feed,2026-09-19T20:01:39Z,2026-09-19T20:01:39Z,thames_api
thames:TWL00118,thames,2025-11-14T08:00:00Z,2026-01-16T15:45:00Z,feed,2026-09-19T20:01:39Z,2026-09-19T20:01:39Z,thames_api
thames:TWL00118,thames,2026-06-16T10:00:00Z,2026-06-30T09:30:00Z,feed,2026-09-19T20:01:39Z,2026-09-19T20:01:39Z,thames_api
thames:TWL00119,thames,2022-06-15T08:00:00Z,2022-11-10T12:30:00Z,feed,2026-09-19T20:01:39Z,2026-09-19T20:01:39Z,thames_api
thames:TWL00119,thames,2023-08-14T12:30:00Z,2023-08-16T08:15:00Z,feed,2026-09-19T20:01:39Z,2026-09-19T20:01:39Z,thames_api
thames:TWL00121,thames,2026-07-24T07:00:00Z,2026-08-06T10:34:00Z,feed,2026-09-19T20:01:39Z,2026-09-19T20:01:39Z,thames_api
thames:TWL00122,thames,2024-03-15T08:30:00Z,2024-03-20T12:00:00Z,feed,2026-09-19T20:01:39Z,2026-09-19T20:01:39Z,thames_api
thames:TWL00122,thames,2025-11-28T15:45:00Z,2025-12-15T09:45:00Z,feed,2026-09-19T20:01:39Z,2026-09-19T20:01:39Z,thames_api
thames:TWL00123,thames,2022-10-24T11:30:00Z,2022-11-03T10:45:00Z,feed,2026-09-19T20:01:39Z,2026-09-19T20:01:39Z,thames_api
thames:TWL00123,thames,2022-12-08T12:45:00Z,2022-12-12T01:45:00Z,feed,2026-09-19T20:01:39Z,2026-09-19T20:01:39Z,thames_api
thames:TWL00124,thames,2022-07-03T02:45:00Z,2023-04-12T12:15:00Z,feed,2026-09-19T20:01:39Z,2026-09-19T20:01:39Z,thames_api
thames:TWL00125,thames,2023-12-02T19:00:00Z,2023-12-20T09:30:00Z,feed,2026-09-19T20:01:39Z,2026-09-19T20:01:39Z,thames_api
thames:TWL00125,thames,2025-02-07T08:15:00Z,2025-03-03T08:15:00Z,feed,2026-09-19T20:01:39Z,2026-09-19T20:01:39Z,thames_api
thames:TWL00125,thames,2026-02-23T15:45:00Z,2026-03-04T11:15:00Z,feed,2026-09-19T20:01:39Z,2026-09-19T20:01:39Z,thames_api
thames:TWL00125,thames,2026-03-11T08:45:00Z,2026-03-23T09:15:00Z,feed,2026-09-19T20:01:39Z,2026-09-19T20:01:39Z,thames_api
thames:TWL00125,thames,2026-06-15T06:00:00Z,2026-06-23T08:00:00Z,feed,2026-09-19T20:01:39Z,2026-09-19T20:01:39Z,thames_api
thames:TWL00125,thames,2026-07-28T19:45:00Z,2026-07-28T20:15:00Z,feed,2026-09-19T20:01:39Z,2026-09-19T20:01:39Z,thames_api
thames:TWL00126,thames,2024-04-24T04:00:00Z,2024-05-03T07:30:00Z,feed,2026-09-19T20:01:39Z,2026-09-19T20:01:39Z,thames_api
thames:TWL00128,thames,2026-03-27T09:00:00Z,2026-03-27T10:15:00Z,feed,2026-09-19T20:01:39Z,2026-09-19T20:01:39Z,thames_api
thames:TWL00128,thames,2026-03-27T13:00:00Z,2026-04-15T07:30:00Z,feed,2026-09-19T20:01:39Z,2026-09-19T20:01:39Z,thames_api
thames:TWL00128,thames,2026-09-09T20:00:00Z,2026-09-09T20:15:00Z,feed,2026-09-19T20:01:39Z,2026-09-19T20:01:39Z,thames_api
thames:TWL00128,thames,2026-09-09T22:45:00Z,2026-09-10T00:00:00Z,feed,2026-09-19T20:01:39Z,2026-09-19T20:01:39Z,thames_api
thames:TWL00128,thames,2026-09-10T07:30:00Z,2026-09-10T08:00:00Z,feed,2026-09-19T20:01:39Z,2026-09-19T20:01:39Z,thames_api
thames:TWL00128,thames,2026-09-10T08:30:00Z,,,2026-09-19T20:01:39Z,2026-09-19T20:01:39Z,thames_api
thames:TWL00129,thames,2025-04-28T12:30:00Z,2025-05-09T07:15:00Z,feed,2026-09-19T20:01:39Z,2026-09-19T20:01:39Z,thames_api
thames:TWL00130,thames,2026-05-31T03:00:00Z,2026-06-16T08:30:00Z,feed,2026-09-19T20:01:39Z,2026-09-19T20:01:39Z,thames_api
thames:TWL00130,thames,2026-06-19T12:15:00Z,2026-06-19T12:45:00Z,feed,2026-09-19T20:01:39Z,2026-09-19T20:01:39Z,thames_api
thames:TWL00130,thames,2026-07-26T03:00:00Z,2026-08-05T13:00:00Z,feed,2026-09-19T20:01:39Z,2026-09-19T20:01:39Z,thames_api
thames:TWL00130,thames,2026-09-07T03:00:00Z,,,2026-09-19T20:01:39Z,2026-09-19T20:01:39Z,thames_api
thames:TWL00132,thames,2022-04-01T00:00:00Z,2022-05-25T09:15:00Z,feed,2026-09-19T20:01:39Z,2026-09-19T20:01:39Z,thames_api
thames:TWL00132,thames,2024-01-12T23:00:00Z,2024-01-17T10:30:00Z,feed,2026-09-19T20:01:39Z,2026-09-19T20:01:39Z,thames_api
thames:TWL00133,thames,2022-04-01T00:00:00Z,2022-04-26T21:30:00Z,feed,2026-09-19T20:01:39Z,2026-09-19T20:01:39Z,thames_api
thames:TWL00133,thames,2024-01-11T21:00:00Z,2024-03-04T08:30:00Z,feed,2026-09-19T20:01:39Z,2026-09-19T20:01:39Z,thames_api
thames:TWL00133,thames,2024-10-05T21:00:00Z,2024-10-11T07:15:00Z,feed,2026-09-19T20:01:39Z,2026-09-19T20:01:39Z,thames_api
thames:TWL00133,thames,2025-03-12T21:00:00Z,2025-06-23T13:15:00Z,feed,2026-09-19T20:01:39Z,2026-09-19T20:01:39Z,thames_api
thames:TWL00133,thames,2025-09-17T21:00:00Z,2025-09-29T08:15:00Z,feed,2026-09-19T20:01:39Z,2026-09-19T20:01:39Z,thames_api
thames:TWL00134,thames,2023-07-11T07:15:00Z,2023-07-25T10:45:00Z,feed,2026-09-19T20:01:39Z,2026-09-19T20:01:39Z,thames_api
thames:TWL00135,thames,2022-04-01T00:00:00Z,2022-04-26T18:30:00Z,feed,2026-09-19T20:01:39Z,2026-09-19T20:01:39Z,thames_api
thames:TWL00136,thames,2022-04-01T00:00:00Z,2025-10-03T16:30:00Z,feed,2026-09-19T20:01:39Z,2026-09-19T20:01:39Z,thames_api
thames:TWL00136,thames,2026-09-09T16:00:00Z,,,2026-09-19T20:01:39Z,2026-09-19T20:01:39Z,thames_api
thames:TWL00137,thames,2022-10-28T04:00:00Z,2022-11-15T00:00:00Z,feed,2026-09-19T20:01:39Z,2026-09-19T20:01:39Z,thames_api
thames:TWL00137,thames,2024-07-02T03:00:00Z,2024-07-05T07:15:00Z,feed,2026-09-19T20:01:39Z,2026-09-19T20:01:39Z,thames_api
thames:TWL00137,thames,2025-11-26T03:00:00Z,2025-12-05T13:00:00Z,feed,2026-09-19T20:01:39Z,2026-09-19T20:01:39Z,thames_api
thames:TWL00138,thames,2022-05-06T02:15:00Z,2022-05-19T18:30:00Z,feed,2026-09-19T20:01:39Z,2026-09-19T20:01:39Z,thames_api
thames:TWL00138,thames,2022-12-05T09:30:00Z,2022-12-19T11:30:00Z,feed,2026-09-19T20:01:39Z,2026-09-19T20:01:39Z,thames_api
thames:TWL00138,thames,2024-08-24T02:00:00Z,2024-09-23T07:45:00Z,feed,2026-09-19T20:01:39Z,2026-09-19T20:01:39Z,thames_api
thames:TWL00139,thames,2023-06-04T20:00:00Z,2023-06-23T08:00:00Z,feed,2026-09-19T20:01:39Z,2026-09-19T20:01:39Z,thames_api
thames:TWL00139,thames,2024-05-12T22:00:00Z,2024-05-20T10:00:00Z,feed,2026-09-19T20:01:39Z,2026-09-19T20:01:39Z,thames_api
thames:TWL00139,thames,2024-05-20T21:00:00Z,2024-05-25T14:30:00Z,feed,2026-09-19T20:01:39Z,2026-09-19T20:01:39Z,thames_api
thames:TWL00139,thames,2024-05-25T18:00:00Z,2024-07-29T07:00:00Z,feed,2026-09-19T20:01:39Z,2026-09-19T20:01:39Z,thames_api
thames:TWL00139,thames,2026-02-17T20:00:00Z,2026-03-04T15:45:00Z,feed,2026-09-19T20:01:39Z,2026-09-19T20:01:39Z,thames_api
thames:TWL00139,thames,2026-06-19T12:15:00Z,2026-06-19T12:45:00Z,feed,2026-09-19T20:01:39Z,2026-09-19T20:01:39Z,thames_api
thames:TWL00139,thames,2026-07-24T20:00:00Z,2026-07-28T07:45:00Z,feed,2026-09-19T20:01:39Z,2026-09-19T20:01:39Z,thames_api
thames:TWL00139,thames,2026-07-31T20:00:00Z,2026-08-11T07:15:00Z,feed,2026-09-19T20:01:39Z,2026-09-19T20:01:39Z,thames_api
thames:TWL00139,thames,2026-08-11T20:00:00Z,2026-08-20T07:15:00Z,feed,2026-09-19T20:01:39Z,2026-09-19T20:01:39Z,thames_api
thames:TWL00139,thames,2026-09-11T20:00:00Z,,,2026-09-19T20:01:39Z,2026-09-19T20:01:39Z,thames_api
thames:TWL00140,thames,2022-04-01T00:00:00Z,2022-04-26T21:04:00Z,feed,2026-09-19T20:01:39Z,2026-09-19T20:01:39Z,thames_api
thames:TWL00140,thames,2023-03-08T15:18:00Z,2023-07-06T15:38:00Z,feed,2026-09-19T20:01:39Z,2026-09-19T20:01:39Z,thames_api
thames:TWL00142,thames,2026-04-12T18:00:00Z,2026-04-17T11:24:00Z,feed,2026-09-19T20:01:39Z,2026-09-19T20:01:39Z,thames_api
thames:TWL00144,thames,2022-04-01T00:00:00Z,2024-06-03T12:15:00Z,feed,2026-09-19T20:01:39Z,2026-09-19T20:01:39Z,thames_api
thames:TWL00145,thames,2022-09-21T07:30:00Z,2023-02-21T08:15:00Z,feed,2026-09-19T20:01:39Z,2026-09-19T20:01:39Z,thames_api
thames:TWL00145,thames,2023-10-08T13:15:00Z,2023-10-18T07:45:00Z,feed,2026-09-19T20:01:39Z,2026-09-19T20:01:39Z,thames_api
thames:TWL00145,thames,2024-10-22T10:30:00Z,2024-10-25T11:00:00Z,feed,2026-09-19T20:01:39Z,2026-09-19T20:01:39Z,thames_api
thames:TWL00145,thames,2024-10-28T08:15:00Z,2024-11-05T08:15:00Z,feed,2026-09-19T20:01:39Z,2026-09-19T20:01:39Z,thames_api
thames:TWL00146,thames,2023-09-12T09:30:00Z,2023-09-15T07:00:00Z,feed,2026-09-19T20:01:39Z,2026-09-19T20:01:39Z,thames_api
thames:TWL00149,thames,2024-10-16T10:00:00Z,2024-10-28T08:30:00Z,feed,2026-09-19T20:01:39Z,2026-09-19T20:01:39Z,thames_api
thames:TWL00150,thames,2022-11-21T10:45:00Z,2023-10-16T07:15:00Z,feed,2026-09-19T20:01:39Z,2026-09-19T20:01:39Z,thames_api
thames:TWL00150,thames,2023-10-23T00:45:00Z,,,2026-09-19T20:01:39Z,2026-09-19T20:01:39Z,thames_api
thames:TWL00152,thames,2022-08-08T12:52:00Z,2022-11-23T09:00:00Z,feed,2026-09-19T20:01:39Z,2026-09-19T20:01:39Z,thames_api
thames:TWL00152,thames,2024-09-30T16:20:00Z,2024-10-23T13:46:00Z,feed,2026-09-19T20:01:39Z,2026-09-19T20:01:39Z,thames_api
thames:TWL00152,thames,2025-07-02T10:22:00Z,2025-07-30T08:16:00Z,feed,2026-09-19T20:01:39Z,2026-09-19T20:01:39Z,thames_api
thames:TWL00152,thames,2025-07-30T10:00:00Z,2025-08-14T12:30:00Z,feed,2026-09-19T20:01:39Z,2026-09-19T20:01:39Z,thames_api
thames:TWL00153,thames,2022-04-01T00:00:00Z,2023-04-25T11:36:00Z,feed,2026-09-19T20:01:39Z,2026-09-19T20:01:39Z,thames_api
thames:TWL00153,thames,2023-07-24T10:14:00Z,2023-09-13T10:20:00Z,feed,2026-09-19T20:01:39Z,2026-09-19T20:01:39Z,thames_api
thames:TWL00153,thames,2023-12-18T08:06:00Z,2023-12-22T09:58:00Z,feed,2026-09-19T20:01:39Z,2026-09-19T20:01:39Z,thames_api
thames:TWL00153,thames,2025-07-17T09:00:00Z,2025-09-25T14:16:00Z,feed,2026-09-19T20:01:39Z,2026-09-19T20:01:39Z,thames_api
thames:TWL00154,thames,2022-04-01T00:00:00Z,2024-11-13T16:00:00Z,feed,2026-09-19T20:01:39Z,2026-09-19T20:01:39Z,thames_api
thames:TWL00154,thames,2024-11-15T01:48:00Z,2024-11-15T01:54:00Z,feed,2026-09-19T20:01:39Z,2026-09-19T20:01:39Z,thames_api
thames:TWL00154,thames,2025-01-31T09:16:00Z,2025-01-31T09:44:00Z,feed,2026-09-19T20:01:39Z,2026-09-19T20:01:39Z,thames_api
thames:TWL00154,thames,2025-03-27T11:28:00Z,2025-03-27T16:48:00Z,feed,2026-09-19T20:01:39Z,2026-09-19T20:01:39Z,thames_api
thames:TWL00154,thames,2025-04-02T07:02:00Z,2025-04-02T13:52:00Z,feed,2026-09-19T20:01:39Z,2026-09-19T20:01:39Z,thames_api
thames:TWL00154,thames,2025-05-14T04:50:00Z,2025-05-14T12:12:00Z,feed,2026-09-19T20:01:39Z,2026-09-19T20:01:39Z,thames_api
thames:TWL00154,thames,2025-06-04T08:06:00Z,2025-06-04T16:42:00Z,feed,2026-09-19T20:01:39Z,2026-09-19T20:01:39Z,thames_api
thames:TWL00154,thames,2025-06-11T06:22:00Z,2025-06-11T16:14:00Z,feed,2026-09-19T20:01:39Z,2026-09-19T20:01:39Z,thames_api
thames:TWL00154,thames,2025-06-18T07:46:00Z,2025-06-18T16:00:00Z,feed,2026-09-19T20:01:39Z,2026-09-19T20:01:39Z,thames_api
thames:TWL00154,thames,2025-06-25T06:14:00Z,2025-06-25T14:30:00Z,feed,2026-09-19T20:01:39Z,2026-09-19T20:01:39Z,thames_api
thames:TWL00154,thames,2025-07-02T08:34:00Z,2025-07-02T14:50:00Z,feed,2026-09-19T20:01:39Z,2026-09-19T20:01:39Z,thames_api
thames:TWL00154,thames,2025-07-09T08:30:00Z,2025-07-09T12:12:00Z,feed,2026-09-19T20:01:39Z,2026-09-19T20:01:39Z,thames_api
thames:TWL00154,thames,2025-07-10T08:20:00Z,2025-07-10T14:40:00Z,feed,2026-09-19T20:01:39Z,2026-09-19T20:01:39Z,thames_api
thames:TWL00154,thames,2025-07-16T08:48:00Z,2025-07-16T15:16:00Z,feed,2026-09-19T20:01:39Z,2026-09-19T20:01:39Z,thames_api
thames:TWL00154,thames,2025-07-30T07:12:00Z,2025-07-30T13:08:00Z,feed,2026-09-19T20:01:39Z,2026-09-19T20:01:39Z,thames_api
thames:TWL00154,thames,2025-08-06T08:20:00Z,2025-08-06T08:58:00Z,feed,2026-09-19T20:01:39Z,2026-09-19T20:01:39Z,thames_api
thames:TWL00154,thames,2025-08-06T11:56:00Z,2025-08-06T16:20:00Z,feed,2026-09-19T20:01:39Z,2026-09-19T20:01:39Z,thames_api
thames:TWL00154,thames,2025-08-07T07:36:00Z,2025-08-07T10:06:00Z,feed,2026-09-19T20:01:39Z,2026-09-19T20:01:39Z,thames_api
thames:TWL00154,thames,2025-08-13T08:12:00Z,2025-08-13T14:34:00Z,feed,2026-09-19T20:01:39Z,2026-09-19T20:01:39Z,thames_api
thames:TWL00154,thames,2025-08-27T11:58:00Z,2025-08-28T08:50:00Z,feed,2026-09-19T20:01:39Z,2026-09-19T20:01:39Z,thames_api
thames:TWL00154,thames,2025-09-03T08:38:00Z,2025-09-03T16:36:00Z,feed,2026-09-19T20:01:39Z,2026-09-19T20:01:39Z,thames_api
thames:TWL00154,thames,2025-09-04T04:06:00Z,2025-09-04T04:54:00Z,feed,2026-09-19T20:01:39Z,2026-09-19T20:01:39Z,thames_api
thames:TWL00154,thames,2025-09-17T08:00:00Z,2025-09-17T15:36:00Z,feed,2026-09-19T20:01:39Z,2026-09-19T20:01:39Z,thames_api
thames:TWL00154,thames,2025-09-25T03:38:00Z,2025-09-25T06:40:00Z,feed,2026-09-19T20:01:39Z,2026-09-19T20:01:39Z,thames_api
thames:TWL00154,thames,2025-10-15T07:46:00Z,2025-10-15T13:18:00Z,feed,2026-09-19T20:01:39Z,2026-09-19T20:01:39Z,thames_api
thames:TWL00154,thames,2025-10-16T08:14:00Z,2025-10-16T16:08:00Z,feed,2026-09-19T20:01:39Z,2026-09-19T20:01:39Z,thames_api
thames:TWL00154,thames,2025-10-29T08:28:00Z,2025-10-29T17:34:00Z,feed,2026-09-19T20:01:39Z,2026-09-19T20:01:39Z,thames_api
thames:TWL00154,thames,2025-11-05T07:30:00Z,2025-11-05T12:06:00Z,feed,2026-09-19T20:01:39Z,2026-09-19T20:01:39Z,thames_api
thames:TWL00154,thames,2025-11-11T10:00:00Z,2025-11-11T16:54:00Z,feed,2026-09-19T20:01:39Z,2026-09-19T20:01:39Z,thames_api
thames:TWL00154,thames,2025-11-18T09:30:00Z,2025-11-18T15:20:00Z,feed,2026-09-19T20:01:39Z,2026-09-19T20:01:39Z,thames_api
thames:TWL00154,thames,2025-11-26T09:42:00Z,2025-11-26T17:12:00Z,feed,2026-09-19T20:01:39Z,2026-09-19T20:01:39Z,thames_api
thames:TWL00154,thames,2025-11-27T10:48:00Z,2025-11-28T08:16:00Z,feed,2026-09-19T20:01:39Z,2026-09-19T20:01:39Z,thames_api
thames:TWL00154,thames,2025-12-03T08:40:00Z,2025-12-03T14:20:00Z,feed,2026-09-19T20:01:39Z,2026-09-19T20:01:39Z,thames_api
thames:TWL00154,thames,2025-12-10T08:16:00Z,2025-12-10T15:28:00Z,feed,2026-09-19T20:01:39Z,2026-09-19T20:01:39Z,thames_api
thames:TWL00154,thames,2025-12-17T09:08:00Z,2025-12-17T14:24:00Z,feed,2026-09-19T20:01:39Z,2026-09-19T20:01:39Z,thames_api
thames:TWL00154,thames,2025-12-18T07:54:00Z,2025-12-18T17:54:00Z,feed,2026-09-19T20:01:39Z,2026-09-19T20:01:39Z,thames_api
thames:TWL00154,thames,2026-01-08T19:20:00Z,2026-01-09T15:42:00Z,feed,2026-09-19T20:01:39Z,2026-09-19T20:01:39Z,thames_api
thames:TWL00154,thames,2026-01-19T10:56:00Z,2026-01-19T13:26:00Z,feed,2026-09-19T20:01:39Z,2026-09-19T20:01:39Z,thames_api
thames:TWL00154,thames,2026-01-22T09:02:00Z,2026-01-22T12:58:00Z,feed,2026-09-19T20:01:39Z,2026-09-19T20:01:39Z,thames_api
thames:TWL00154,thames,2026-01-29T09:22:00Z,2026-01-29T16:46:00Z,feed,2026-09-19T20:01:39Z,2026-09-19T20:01:39Z,thames_api
thames:TWL00154,thames,2026-02-25T09:18:00Z,2026-02-25T13:58:00Z,feed,2026-09-19T20:01:39Z,2026-09-19T20:01:39Z,thames_api
thames:TWL00154,thames,2026-03-03T08:58:00Z,2026-03-03T10:10:00Z,feed,2026-09-19T20:01:39Z,2026-09-19T20:01:39Z,thames_api
thames:TWL00154,thames,2026-03-09T10:24:00Z,2026-03-09T13:36:00Z,feed,2026-09-19T20:01:39Z,2026-09-19T20:01:39Z,thames_api
thames:TWL00154,thames,2026-03-18T08:30:00Z,2026-03-18T11:32:00Z,feed,2026-09-19T20:01:39Z,2026-09-19T20:01:39Z,thames_api
thames:TWL00154,thames,2026-04-27T09:18:00Z,2026-04-27T11:52:00Z,feed,2026-09-19T20:01:39Z,2026-09-19T20:01:39Z,thames_api
thames:TWL00154,thames,2026-04-28T08:46:00Z,2026-04-28T15:54:00Z,feed,2026-09-19T20:01:39Z,2026-09-19T20:01:39Z,thames_api
thames:TWL00154,thames,2026-05-05T07:08:00Z,2026-05-05T14:36:00Z,feed,2026-09-19T20:01:39Z,2026-09-19T20:01:39Z,thames_api
thames:TWL00154,thames,2026-05-06T11:54:00Z,2026-05-06T12:46:00Z,feed,2026-09-19T20:01:39Z,2026-09-19T20:01:39Z,thames_api
thames:TWL00154,thames,2026-05-12T09:58:00Z,2026-05-12T15:12:00Z,feed,2026-09-19T20:01:39Z,2026-09-19T20:01:39Z,thames_api
thames:TWL00154,thames,2026-05-13T03:08:00Z,2026-05-13T06:26:00Z,feed,2026-09-19T20:01:39Z,2026-09-19T20:01:39Z,thames_api
thames:TWL00154,thames,2026-05-15T09:08:00Z,2026-05-15T13:08:00Z,feed,2026-09-19T20:01:39Z,2026-09-19T20:01:39Z,thames_api
thames:TWL00154,thames,2026-05-26T03:12:00Z,2026-05-26T08:28:00Z,feed,2026-09-19T20:01:39Z,2026-09-19T20:01:39Z,thames_api
thames:TWL00154,thames,2026-05-27T06:30:00Z,2026-05-27T16:08:00Z,feed,2026-09-19T20:01:39Z,2026-09-19T20:01:39Z,thames_api
thames:TWL00154,thames,2026-05-28T06:24:00Z,2026-05-28T15:30:00Z,feed,2026-09-19T20:01:39Z,2026-09-19T20:01:39Z,thames_api
thames:TWL00154,thames,2026-05-29T08:34:00Z,2026-05-29T12:10:00Z,feed,2026-09-19T20:01:39Z,2026-09-19T20:01:39Z,thames_api
thames:TWL00154,thames,2026-06-01T06:40:00Z,2026-06-02T04:26:00Z,feed,2026-09-19T20:01:39Z,2026-09-19T20:01:39Z,thames_api
thames:TWL00154,thames,2026-06-09T09:26:00Z,2026-06-09T11:42:00Z,feed,2026-09-19T20:01:39Z,2026-09-19T20:01:39Z,thames_api
thames:TWL00154,thames,2026-06-10T07:34:00Z,2026-06-10T14:48:00Z,feed,2026-09-19T20:01:39Z,2026-09-19T20:01:39Z,thames_api
thames:TWL00154,thames,2026-06-19T07:06:00Z,2026-06-19T14:16:00Z,feed,2026-09-19T20:01:39Z,2026-09-19T20:01:39Z,thames_api
thames:TWL00154,thames,2026-07-01T02:42:00Z,2026-07-01T06:24:00Z,feed,2026-09-19T20:01:39Z,2026-09-19T20:01:39Z,thames_api
thames:TWL00154,thames,2026-07-15T07:48:00Z,2026-07-15T11:26:00Z,feed,2026-09-19T20:01:39Z,2026-09-19T20:01:39Z,thames_api
thames:TWL00154,thames,2026-07-27T09:00:00Z,2026-07-27T14:30:00Z,feed,2026-09-19T20:01:39Z,2026-09-19T20:01:39Z,thames_api
thames:TWL00154,thames,2026-07-29T07:58:00Z,2026-07-29T14:22:00Z,feed,2026-09-19T20:01:39Z,2026-09-19T20:01:39Z,thames_api
thames:TWL00154,thames,2026-07-30T07:00:00Z,2026-07-30T15:36:00Z,feed,2026-09-19T20:01:39Z,2026-09-19T20:01:39Z,thames_api
thames:TWL00154,thames,2026-08-19T07:44:00Z,2026-08-19T10:38:00Z,feed,2026-09-19T20:01:39Z,2026-09-19T20:01:39Z,thames_api
thames:TWL00154,thames,2026-08-21T07:22:00Z,2026-08-21T13:38:00Z,feed,2026-09-19T20:01:39Z,2026-09-19T20:01:39Z,thames_api
thames:TWL00154,thames,2026-09-09T07:38:00Z,2026-09-09T13:42:00Z,feed,2026-09-19T20:01:39Z,2026-09-19T20:01:39Z,thames_api
thames:TWL00154,thames,2026-09-10T03:16:00Z,2026-09-10T12:40:00Z,feed,2026-09-19T20:01:39Z,2026-09-19T20:01:39Z,thames_api
thames:TWL00155,thames,2023-02-15T14:45:00Z,2023-03-01T17:00:00Z,feed,2026-09-19T20:01:39Z,2026-09-19T20:01:39Z,thames_api
thames:TWL00155,thames,2024-01-15T09:15:00Z,2024-01-29T08:45:00Z,feed,2026-09-19T20:01:39Z,2026-09-19T20:01:39Z,thames_api
thames:TWL00156,thames,2022-04-01T00:00:00Z,2022-04-27T05:15:00Z,feed,2026-09-19T20:01:39Z,2026-09-19T20:01:39Z,thames_api
thames:TWL00157,thames,2022-04-01T00:00:00Z,2023-08-24T07:45:00Z,feed,2026-09-19T20:01:39Z,2026-09-19T20:01:39Z,thames_api
thames:TWL00157,thames,2023-08-24T10:00:00Z,2023-09-13T07:30:00Z,feed,2026-09-19T20:01:39Z,2026-09-19T20:01:39Z,thames_api
thames:TWL00157,thames,2024-01-02T02:00:00Z,2024-01-09T10:45:00Z,feed,2026-09-19T20:01:39Z,2026-09-19T20:01:39Z,thames_api
thames:TWL00157,thames,2024-04-10T16:15:00Z,2024-05-17T14:30:00Z,feed,2026-09-19T20:01:39Z,2026-09-19T20:01:39Z,thames_api
thames:TWL00158,thames,2022-04-01T00:00:00Z,2023-05-03T13:00:00Z,feed,2026-09-19T20:01:39Z,2026-09-19T20:01:39Z,thames_api
thames:TWL00158,thames,2025-08-29T12:15:00Z,2025-09-04T07:30:00Z,feed,2026-09-19T20:01:39Z,2026-09-19T20:01:39Z,thames_api
thames:TWL00159,thames,2022-12-08T09:15:00Z,2022-12-20T07:30:00Z,feed,2026-09-19T20:01:39Z,2026-09-19T20:01:39Z,thames_api
thames:TWL00159,thames,2024-04-08T13:30:00Z,2024-04-10T07:00:00Z,feed,2026-09-19T20:01:39Z,2026-09-19T20:01:39Z,thames_api
thames:TWL00160,thames,2025-01-10T12:00:00Z,2025-01-23T08:00:00Z,feed,2026-09-19T20:01:39Z,2026-09-19T20:01:39Z,thames_api
thames:TWL00160,thames,2025-02-02T04:00:00Z,2025-02-17T09:00:00Z,feed,2026-09-19T20:01:39Z,2026-09-19T20:01:39Z,thames_api
thames:TWL00160,thames,2025-07-18T00:00:00Z,2025-07-25T10:45:00Z,feed,2026-09-19T20:01:39Z,2026-09-19T20:01:39Z,thames_api
thames:TWL00161,thames,2022-05-26T05:15:00Z,2022-10-16T23:45:00Z,feed,2026-09-19T20:01:39Z,2026-09-19T20:01:39Z,thames_api
thames:TWL00161,thames,2022-11-25T17:00:00Z,2023-03-06T16:45:00Z,feed,2026-09-19T20:01:39Z,2026-09-19T20:01:39Z,thames_api
thames:TWL00161,thames,2023-04-01T05:15:00Z,2023-04-17T11:30:00Z,feed,2026-09-19T20:01:39Z,2026-09-19T20:01:39Z,thames_api
thames:TWL00163,thames,2022-05-24T16:00:00Z,2024-02-01T12:20:00Z,feed,2026-09-19T20:01:39Z,2026-09-19T20:01:39Z,thames_api
thames:TWL00163,thames,2025-10-15T07:46:00Z,2025-10-15T13:18:00Z,feed,2026-09-19T20:01:39Z,2026-09-19T20:01:39Z,thames_api
thames:TWL00163,thames,2025-10-16T08:14:00Z,2025-10-16T16:08:00Z,feed,2026-09-19T20:01:39Z,2026-09-19T20:01:39Z,thames_api
thames:TWL00163,thames,2025-11-11T10:00:00Z,2025-11-11T16:54:00Z,feed,2026-09-19T20:01:39Z,2026-09-19T20:01:39Z,thames_api
thames:TWL00163,thames,2025-11-27T10:48:00Z,2025-11-28T08:16:00Z,feed,2026-09-19T20:01:39Z,2026-09-19T20:01:39Z,thames_api
thames:TWL00163,thames,2026-03-18T08:28:00Z,2026-03-18T11:32:00Z,feed,2026-09-19T20:01:39Z,2026-09-19T20:01:39Z,thames_api
thames:TWL00163,thames,2026-04-28T08:46:00Z,2026-04-28T15:54:00Z,feed,2026-09-19T20:01:39Z,2026-09-19T20:01:39Z,thames_api
thames:TWL00163,thames,2026-05-15T09:08:00Z,2026-05-15T13:08:00Z,feed,2026-09-19T20:01:39Z,2026-09-19T20:01:39Z,thames_api
thames:TWL00163,thames,2026-06-09T09:26:00Z,2026-06-09T11:42:00Z,feed,2026-09-19T20:01:39Z,2026-09-19T20:01:39Z,thames_api
thames:TWL00163,thames,2026-06-10T07:32:00Z,2026-06-10T14:48:00Z,feed,2026-09-19T20:01:39Z,2026-09-19T20:01:39Z,thames_api
thames:TWL00164,thames,2022-09-29T11:30:00Z,2022-12-20T14:15:00Z,feed,2026-09-19T20:01:39Z,2026-09-19T20:01:39Z,thames_api
thames:TWL00164,thames,2023-04-11T09:00:00Z,2023-05-12T07:15:00Z,feed,2026-09-19T20:01:39Z,2026-09-19T20:01:39Z,thames_api
thames:TWL00164,thames,2023-05-18T19:00:00Z,2023-06-02T13:30:00Z,feed,2026-09-19T20:01:39Z,2026-09-19T20:01:39Z,thames_api
thames:TWL00164,thames,2023-06-04T19:00:00Z,2023-07-14T07:00:00Z,feed,2026-09-19T20:01:39Z,2026-09-19T20:01:39Z,thames_api
thames:TWL00164,thames,2023-08-07T07:00:00Z,2023-08-17T07:30:00Z,feed,2026-09-19T20:01:39Z,2026-09-19T20:01:39Z,thames_api
thames:TWL00164,thames,2025-01-14T19:00:00Z,2025-02-03T09:00:00Z,feed,2026-09-19T20:01:39Z,2026-09-19T20:01:39Z,thames_api
thames:TWL00165,thames,2023-04-19T08:00:00Z,2024-03-05T15:45:00Z,feed,2026-09-19T20:01:39Z,2026-09-19T20:01:39Z,thames_api
thames:TWL00166,thames,2023-03-29T12:45:00Z,2023-04-05T11:45:00Z,feed,2026-09-19T20:01:39Z,2026-09-19T20:01:39Z,thames_api
thames:TWL00166,thames,2025-11-18T09:30:00Z,2025-12-02T11:00:00Z,feed,2026-09-19T20:01:39Z,2026-09-19T20:01:39Z,thames_api
thames:TWL00167,thames,2023-06-20T05:00:00Z,2023-07-05T10:00:00Z,feed,2026-09-19T20:01:39Z,2026-09-19T20:01:39Z,thames_api
thames:TWL00167,thames,2024-02-07T15:00:00Z,2024-04-22T09:45:00Z,feed,2026-09-19T20:01:39Z,2026-09-19T20:01:39Z,thames_api
thames:TWL00169,thames,2025-11-26T02:00:00Z,2025-12-09T08:15:00Z,feed,2026-09-19T20:01:39Z,2026-09-19T20:01:39Z,thames_api
thames:TWL00171,thames,2025-02-04T23:00:00Z,2025-03-31T07:15:00Z,feed,2026-09-19T20:01:39Z,2026-09-19T20:01:39Z,thames_api
thames:TWL00171,thames,2025-07-23T00:00:00Z,2025-08-22T11:30:00Z,feed,2026-09-19T20:01:39Z,2026-09-19T20:01:39Z,thames_api
thames:TWL00171,thames,2026-03-02T14:00:00Z,2026-03-13T12:45:00Z,feed,2026-09-19T20:01:39Z,2026-09-19T20:01:39Z,thames_api
thames:TWL00171,thames,2026-03-20T13:00:00Z,2026-04-13T07:15:00Z,feed,2026-09-19T20:01:39Z,2026-09-19T20:01:39Z,thames_api
thames:TWL00171,thames,2026-06-26T08:15:00Z,2026-07-03T09:00:00Z,feed,2026-09-19T20:01:39Z,2026-09-19T20:01:39Z,thames_api
thames:TWL00172,thames,2023-04-04T14:45:00Z,2023-04-12T08:15:00Z,feed,2026-09-19T20:01:39Z,2026-09-19T20:01:39Z,thames_api
thames:TWL00172,thames,2023-09-22T16:00:00Z,2023-10-02T13:30:00Z,feed,2026-09-19T20:01:39Z,2026-09-19T20:01:39Z,thames_api
thames:TWL00172,thames,2026-06-23T08:00:00Z,2026-07-02T16:15:00Z,feed,2026-09-19T20:01:39Z,2026-09-19T20:01:39Z,thames_api
thames:TWL00174,thames,2022-06-11T07:15:00Z,2022-10-11T07:45:00Z,feed,2026-09-19T20:01:39Z,2026-09-19T20:01:39Z,thames_api
thames:TWL00175,thames,2022-04-01T00:00:00Z,2024-11-22T14:00:00Z,feed,2026-09-19T20:01:39Z,2026-09-19T20:01:39Z,thames_api
thames:TWL00175,thames,2024-12-03T10:30:00Z,2024-12-08T15:15:00Z,feed,2026-09-19T20:01:39Z,2026-09-19T20:01:39Z,thames_api
thames:TWL00175,thames,2024-12-10T11:00:00Z,2024-12-17T12:45:00Z,feed,2026-09-19T20:01:39Z,2026-09-19T20:01:39Z,thames_api
thames:TWL00175,thames,2024-12-19T08:30:00Z,2024-12-20T00:00:00Z,feed,2026-09-19T20:01:39Z,2026-09-19T20:01:39Z,thames_api
thames:TWL00175,thames,2025-03-21T09:30:00Z,2025-03-25T08:15:00Z,feed,2026-09-19T20:01:39Z,2026-09-19T20:01:39Z,thames_api
thames:TWL00175,thames,2025-03-25T10:30:00Z,2025-03-25T14:45:00Z,feed,2026-09-19T20:01:39Z,2026-09-19T20:01:39Z,thames_api
thames:TWL00176,thames,2022-11-19T08:00:00Z,2022-12-06T14:15:00Z,feed,2026-09-19T20:01:39Z,2026-09-19T20:01:39Z,thames_api
thames:TWL00179,thames,2022-04-01T00:00:00Z,2023-08-05T14:02:00Z,feed,2026-09-19T20:01:39Z,2026-09-19T20:01:39Z,thames_api
thames:TWL00179,thames,2024-10-28T09:54:00Z,2024-12-30T11:38:00Z,feed,2026-09-19T20:01:39Z,2026-09-19T20:01:39Z,thames_api
thames:TWL00179,thames,2025-03-27T11:30:00Z,2025-03-27T16:48:00Z,feed,2026-09-19T20:01:39Z,2026-09-19T20:01:39Z,thames_api
thames:TWL00179,thames,2025-07-25T08:06:00Z,2025-07-25T14:36:00Z,feed,2026-09-19T20:01:39Z,2026-09-19T20:01:39Z,thames_api
thames:TWL00179,thames,2025-08-12T08:02:00Z,2025-08-12T14:56:00Z,feed,2026-09-19T20:01:39Z,2026-09-19T20:01:39Z,thames_api
thames:TWL00179,thames,2025-08-13T06:14:00Z,2025-08-13T14:34:00Z,feed,2026-09-19T20:01:39Z,2026-09-19T20:01:39Z,thames_api
thames:TWL00179,thames,2025-08-28T11:36:00Z,2025-08-29T07:24:00Z,feed,2026-09-19T20:01:39Z,2026-09-19T20:01:39Z,thames_api
thames:TWL00179,thames,2025-10-01T07:58:00Z,2025-10-01T09:12:00Z,feed,2026-09-19T20:01:39Z,2026-09-19T20:01:39Z,thames_api
thames:TWL00179,thames,2025-10-15T07:38:00Z,2025-10-15T13:18:00Z,feed,2026-09-19T20:01:39Z,2026-09-19T20:01:39Z,thames_api
thames:TWL00179,thames,2025-10-16T08:06:00Z,2025-10-16T16:08:00Z,feed,2026-09-19T20:01:39Z,2026-09-19T20:01:39Z,thames_api
thames:TWL00179,thames,2025-10-29T11:48:00Z,2025-11-14T11:50:00Z,feed,2026-09-19T20:01:39Z,2026-09-19T20:01:39Z,thames_api
thames:TWL00179,thames,2025-11-27T10:44:00Z,2025-11-28T08:16:00Z,feed,2026-09-19T20:01:39Z,2026-09-19T20:01:39Z,thames_api
thames:TWL00179,thames,2026-03-18T08:22:00Z,2026-03-18T11:32:00Z,feed,2026-09-19T20:01:39Z,2026-09-19T20:01:39Z,thames_api
thames:TWL00179,thames,2026-04-28T08:42:00Z,2026-04-28T15:54:00Z,feed,2026-09-19T20:01:39Z,2026-09-19T20:01:39Z,thames_api
thames:TWL00179,thames,2026-05-15T09:02:00Z,2026-05-15T13:08:00Z,feed,2026-09-19T20:01:39Z,2026-09-19T20:01:39Z,thames_api
thames:TWL00179,thames,2026-05-19T02:20:00Z,2026-05-19T08:40:00Z,feed,2026-09-19T20:01:39Z,2026-09-19T20:01:39Z,thames_api
thames:TWL00179,thames,2026-06-09T09:22:00Z,2026-06-09T11:42:00Z,feed,2026-09-19T20:01:39Z,2026-09-19T20:01:39Z,thames_api
thames:TWL00179,thames,2026-06-10T07:18:00Z,2026-06-10T14:48:00Z,feed,2026-09-19T20:01:39Z,2026-09-19T20:01:39Z,thames_api
thames:TWL00179,thames,2026-07-01T09:46:00Z,2026-07-01T13:18:00Z,feed,2026-09-19T20:01:39Z,2026-09-19T20:01:39Z,thames_api
thames:TWL00180,thames,2025-08-06T15:15:00Z,2025-09-05T10:15:00Z,feed,2026-09-19T20:01:39Z,2026-09-19T20:01:39Z,thames_api
thames:TWL00180,thames,2026-07-13T16:00:00Z,2026-08-13T13:00:00Z,feed,2026-09-19T20:01:39Z,2026-09-19T20:01:39Z,thames_api
thames:TWL00181,thames,2022-08-06T05:15:00Z,2023-02-15T15:30:00Z,feed,2026-09-19T20:01:39Z,2026-09-19T20:01:39Z,thames_api
thames:TWL00181,thames,2025-09-02T10:15:00Z,2025-09-03T08:30:00Z,feed,2026-09-19T20:01:39Z,2026-09-19T20:01:39Z,thames_api
thames:TWL00183,thames,2022-04-01T00:00:00Z,2022-12-06T16:45:00Z,feed,2026-09-19T20:01:39Z,2026-09-19T20:01:39Z,thames_api
thames:TWL00185,thames,2022-04-01T00:00:00Z,2024-12-05T00:00:00Z,feed,2026-09-19T20:01:39Z,2026-09-19T20:01:39Z,thames_api
thames:TWL00185,thames,2025-04-02T07:00:00Z,2025-04-02T13:52:00Z,feed,2026-09-19T20:01:39Z,2026-09-19T20:01:39Z,thames_api
thames:TWL00185,thames,2025-05-14T04:48:00Z,2025-05-14T12:12:00Z,feed,2026-09-19T20:01:39Z,2026-09-19T20:01:39Z,thames_api
thames:TWL00185,thames,2025-05-29T09:34:00Z,2025-05-29T16:16:00Z,feed,2026-09-19T20:01:39Z,2026-09-19T20:01:39Z,thames_api
thames:TWL00185,thames,2025-06-04T08:04:00Z,2025-06-04T16:42:00Z,feed,2026-09-19T20:01:39Z,2026-09-19T20:01:39Z,thames_api
thames:TWL00185,thames,2025-06-11T06:16:00Z,2025-06-11T16:14:00Z,feed,2026-09-19T20:01:39Z,2026-09-19T20:01:39Z,thames_api
thames:TWL00185,thames,2025-06-18T07:46:00Z,2025-06-18T16:00:00Z,feed,2026-09-19T20:01:39Z,2026-09-19T20:01:39Z,thames_api
thames:TWL00185,thames,2025-06-25T06:12:00Z,2025-06-25T14:30:00Z,feed,2026-09-19T20:01:39Z,2026-09-19T20:01:39Z,thames_api
thames:TWL00185,thames,2025-07-02T08:34:00Z,2025-07-02T14:50:00Z,feed,2026-09-19T20:01:39Z,2026-09-19T20:01:39Z,thames_api
thames:TWL00185,thames,2025-07-09T08:26:00Z,2025-07-09T12:12:00Z,feed,2026-09-19T20:01:39Z,2026-09-19T20:01:39Z,thames_api
thames:TWL00185,thames,2025-07-10T08:18:00Z,2025-07-10T14:40:00Z,feed,2026-09-19T20:01:39Z,2026-09-19T20:01:39Z,thames_api
thames:TWL00185,thames,2025-07-15T11:08:00Z,2025-07-15T16:00:00Z,feed,2026-09-19T20:01:39Z,2026-09-19T20:01:39Z,thames_api
thames:TWL00185,thames,2025-07-16T08:46:00Z,2025-07-16T15:16:00Z,feed,2026-09-19T20:01:39Z,2026-09-19T20:01:39Z,thames_api
thames:TWL00185,thames,2025-07-23T06:10:00Z,2025-07-23T10:56:00Z,feed,2026-09-19T20:01:39Z,2026-09-19T20:01:39Z,thames_api
thames:TWL00185,thames,2025-07-30T07:12:00Z,2025-07-30T13:08:00Z,feed,2026-09-19T20:01:39Z,2026-09-19T20:01:39Z,thames_api
thames:TWL00185,thames,2025-07-31T07:52:00Z,2025-07-31T18:16:00Z,feed,2026-09-19T20:01:39Z,2026-09-19T20:01:39Z,thames_api
thames:TWL00185,thames,2025-08-06T08:20:00Z,2025-08-06T08:58:00Z,feed,2026-09-19T20:01:39Z,2026-09-19T20:01:39Z,thames_api
thames:TWL00185,thames,2025-08-07T07:36:00Z,2025-08-07T10:06:00Z,feed,2026-09-19T20:01:39Z,2026-09-19T20:01:39Z,thames_api
thames:TWL00185,thames,2025-08-12T07:56:00Z,2025-08-12T14:56:00Z,feed,2026-09-19T20:01:39Z,2026-09-19T20:01:39Z,thames_api
thames:TWL00185,thames,2025-08-13T08:10:00Z,2025-08-13T14:34:00Z,feed,2026-09-19T20:01:39Z,2026-09-19T20:01:39Z,thames_api
thames:TWL00185,thames,2025-08-19T12:38:00Z,2025-08-19T15:34:00Z,feed,2026-09-19T20:01:39Z,2026-09-19T20:01:39Z,thames_api
thames:TWL00185,thames,2025-08-31T12:28:00Z,2025-09-08T16:56:00Z,feed,2026-09-19T20:01:39Z,2026-09-19T20:01:39Z,thames_api
thames:TWL00185,thames,2025-09-17T07:58:00Z,2025-09-17T15:36:00Z,feed,2026-09-19T20:01:39Z,2026-09-19T20:01:39Z,thames_api
thames:TWL00185,thames,2025-09-23T04:12:00Z,2025-09-23T06:38:00Z,feed,2026-09-19T20:01:39Z,2026-09-19T20:01:39Z,thames_api
thames:TWL00185,thames,2025-10-15T07:44:00Z,2025-10-15T13:18:00Z,feed,2026-09-19T20:01:39Z,2026-09-19T20:01:39Z,thames_api
thames:TWL00185,thames,2025-10-16T08:12:00Z,2025-10-16T16:08:00Z,feed,2026-09-19T20:01:39Z,2026-09-19T20:01:39Z,thames_api
thames:TWL00185,thames,2025-10-29T08:26:00Z,2025-10-29T17:34:00Z,feed,2026-09-19T20:01:39Z,2026-09-19T20:01:39Z,thames_api
thames:TWL00185,thames,2025-11-05T07:28:00Z,2025-11-05T12:06:00Z,feed,2026-09-19T20:01:39Z,2026-09-19T20:01:39Z,thames_api
thames:TWL00185,thames,2025-11-11T09:58:00Z,2025-11-11T16:54:00Z,feed,2026-09-19T20:01:39Z,2026-09-19T20:01:39Z,thames_api
thames:TWL00185,thames,2025-11-18T09:28:00Z,2025-11-18T15:20:00Z,feed,2026-09-19T20:01:39Z,2026-09-19T20:01:39Z,thames_api
thames:TWL00185,thames,2025-11-26T09:42:00Z,2025-11-26T17:12:00Z,feed,2026-09-19T20:01:39Z,2026-09-19T20:01:39Z,thames_api
thames:TWL00185,thames,2025-11-27T10:48:00Z,2025-11-28T08:16:00Z,feed,2026-09-19T20:01:39Z,2026-09-19T20:01:39Z,thames_api
thames:TWL00185,thames,2025-12-03T08:40:00Z,2025-12-03T14:20:00Z,feed,2026-09-19T20:01:39Z,2026-09-19T20:01:39Z,thames_api
thames:TWL00185,thames,2025-12-10T08:16:00Z,2025-12-10T15:28:00Z,feed,2026-09-19T20:01:39Z,2026-09-19T20:01:39Z,thames_api
thames:TWL00185,thames,2025-12-17T09:06:00Z,2025-12-17T14:24:00Z,feed,2026-09-19T20:01:39Z,2026-09-19T20:01:39Z,thames_api
thames:TWL00185,thames,2025-12-18T07:52:00Z,2025-12-18T17:54:00Z,feed,2026-09-19T20:01:39Z,2026-09-19T20:01:39Z,thames_api
thames:TWL00185,thames,2026-01-22T09:00:00Z,2026-01-22T12:58:00Z,feed,2026-09-19T20:01:39Z,2026-09-19T20:01:39Z,thames_api
thames:TWL00185,thames,2026-01-29T09:22:00Z,2026-01-29T16:46:00Z,feed,2026-09-19T20:01:39Z,2026-09-19T20:01:39Z,thames_api
thames:TWL00185,thames,2026-02-18T10:28:00Z,2026-02-18T12:40:00Z,feed,2026-09-19T20:01:39Z,2026-09-19T20:01:39Z,thames_api
thames:TWL00185,thames,2026-02-24T08:30:00Z,2026-02-24T17:02:00Z,feed,2026-09-19T20:01:39Z,2026-09-19T20:01:39Z,thames_api
thames:TWL00185,thames,2026-02-25T09:16:00Z,2026-02-25T13:58:00Z,feed,2026-09-19T20:01:39Z,2026-09-19T20:01:39Z,thames_api
thames:TWL00185,thames,2026-03-04T10:54:00Z,2026-03-05T09:50:00Z,feed,2026-09-19T20:01:39Z,2026-09-19T20:01:39Z,thames_api
thames:TWL00185,thames,2026-03-11T11:08:00Z,2026-03-11T14:42:00Z,feed,2026-09-19T20:01:39Z,2026-09-19T20:01:39Z,thames_api
thames:TWL00185,thames,2026-03-18T08:28:00Z,2026-03-18T11:32:00Z,feed,2026-09-19T20:01:39Z,2026-09-19T20:01:39Z,thames_api
thames:TWL00185,thames,2026-04-28T08:44:00Z,2026-04-28T15:54:00Z,feed,2026-09-19T20:01:39Z,2026-09-19T20:01:39Z,thames_api
thames:TWL00185,thames,2026-05-05T07:08:00Z,2026-05-05T14:36:00Z,feed,2026-09-19T20:01:39Z,2026-09-19T20:01:39Z,thames_api
thames:TWL00185,thames,2026-05-12T03:00:00Z,2026-05-12T07:18:00Z,feed,2026-09-19T20:01:39Z,2026-09-19T20:01:39Z,thames_api
thames:TWL00185,thames,2026-05-12T09:56:00Z,2026-05-12T15:12:00Z,feed,2026-09-19T20:01:39Z,2026-09-19T20:01:39Z,thames_api
thames:TWL00185,thames,2026-05-15T09:06:00Z,2026-05-15T13:08:00Z,feed,2026-09-19T20:01:39Z,2026-09-19T20:01:39Z,thames_api
thames:TWL00185,thames,2026-05-26T03:10:00Z,2026-05-26T08:28:00Z,feed,2026-09-19T20:01:39Z,2026-09-19T20:01:39Z,thames_api
thames:TWL00185,thames,2026-05-27T06:30:00Z,2026-05-27T16:08:00Z,feed,2026-09-19T20:01:39Z,2026-09-19T20:01:39Z,thames_api
thames:TWL00185,thames,2026-05-28T06:24:00Z,2026-05-28T15:30:00Z,feed,2026-09-19T20:01:39Z,2026-09-19T20:01:39Z,thames_api
thames:TWL00185,thames,2026-05-29T08:34:00Z,2026-05-29T12:10:00Z,feed,2026-09-19T20:01:39Z,2026-09-19T20:01:39Z,thames_api
thames:TWL00185,thames,2026-06-01T06:40:00Z,2026-06-02T04:26:00Z,feed,2026-09-19T20:01:39Z,2026-09-19T20:01:39Z,thames_api
thames:TWL00185,thames,2026-06-09T09:26:00Z,2026-06-09T11:42:00Z,feed,2026-09-19T20:01:39Z,2026-09-19T20:01:39Z,thames_api
thames:TWL00185,thames,2026-06-10T07:22:00Z,2026-06-10T14:48:00Z,feed,2026-09-19T20:01:39Z,2026-09-19T20:01:39Z,thames_api
thames:TWL00185,thames,2026-06-19T07:04:00Z,2026-06-19T14:16:00Z,feed,2026-09-19T20:01:39Z,2026-09-19T20:01:39Z,thames_api
thames:TWL00185,thames,2026-06-24T07:32:00Z,2026-06-24T12:56:00Z,feed,2026-09-19T20:01:39Z,2026-09-19T20:01:39Z,thames_api
thames:TWL00185,thames,2026-07-01T02:40:00Z,2026-07-01T06:24:00Z,feed,2026-09-19T20:01:39Z,2026-09-19T20:01:39Z,thames_api
thames:TWL00185,thames,2026-07-15T07:46:00Z,2026-07-15T11:26:00Z,feed,2026-09-19T20:01:39Z,2026-09-19T20:01:39Z,thames_api
thames:TWL00185,thames,2026-07-29T07:56:00Z,2026-07-29T14:22:00Z,feed,2026-09-19T20:01:39Z,2026-09-19T20:01:39Z,thames_api
thames:TWL00185,thames,2026-07-30T07:00:00Z,2026-07-30T15:36:00Z,feed,2026-09-19T20:01:39Z,2026-09-19T20:01:39Z,thames_api
thames:TWL00185,thames,2026-08-03T07:34:00Z,2026-08-03T13:40:00Z,feed,2026-09-19T20:01:39Z,2026-09-19T20:01:39Z,thames_api
thames:TWL00185,thames,2026-08-17T07:42:00Z,2026-08-17T14:36:00Z,feed,2026-09-19T20:01:39Z,2026-09-19T20:01:39Z,thames_api
thames:TWL00185,thames,2026-08-19T07:42:00Z,2026-08-19T10:38:00Z,feed,2026-09-19T20:01:39Z,2026-09-19T20:01:39Z,thames_api
thames:TWL00185,thames,2026-08-21T07:22:00Z,2026-08-21T13:38:00Z,feed,2026-09-19T20:01:39Z,2026-09-19T20:01:39Z,thames_api
thames:TWL00185,thames,2026-09-09T07:38:00Z,2026-09-09T13:42:00Z,feed,2026-09-19T20:01:39Z,2026-09-19T20:01:39Z,thames_api
thames:TWL00185,thames,2026-09-10T03:14:00Z,2026-09-10T12:40:00Z,feed,2026-09-19T20:01:39Z,2026-09-19T20:01:39Z,thames_api
thames:TWL00186,thames,2022-12-29T18:00:00Z,2023-01-19T11:00:00Z,feed,2026-09-19T20:01:39Z,2026-09-19T20:01:39Z,thames_api
thames:TWL00186,thames,2023-10-08T13:30:00Z,2023-10-17T15:00:00Z,feed,2026-09-19T20:01:39Z,2026-09-19T20:01:39Z,thames_api
thames:TWL00186,thames,2026-03-07T15:00:00Z,2026-03-19T10:30:00Z,feed,2026-09-19T20:01:39Z,2026-09-19T20:01:39Z,thames_api
thames:TWL00187,thames,2022-04-01T00:00:00Z,2024-12-31T23:45:00Z,feed,2026-09-19T20:01:39Z,2026-09-19T20:01:39Z,thames_api
thames:TWL00189,thames,2022-04-01T00:00:00Z,2023-07-12T09:45:00Z,feed,2026-09-19T20:01:39Z,2026-09-19T20:01:39Z,thames_api
thames:TWL00189,thames,2025-08-02T07:00:00Z,2025-08-06T07:30:00Z,feed,2026-09-19T20:01:39Z,2026-09-19T20:01:39Z,thames_api
thames:TWL00189,thames,2025-08-10T07:00:00Z,2025-08-22T07:15:00Z,feed,2026-09-19T20:01:39Z,2026-09-19T20:01:39Z,thames_api
thames:TWL00190,thames,2023-04-23T06:00:00Z,2023-05-12T14:00:00Z,feed,2026-09-19T20:01:39Z,2026-09-19T20:01:39Z,thames_api
thames:TWL00190,thames,2024-06-04T06:00:00Z,2024-06-10T07:45:00Z,feed,2026-09-19T20:01:39Z,2026-09-19T20:01:39Z,thames_api
thames:TWL00190,thames,2024-09-27T06:00:00Z,2024-10-01T09:00:00Z,feed,2026-09-19T20:01:39Z,2026-09-19T20:01:39Z,thames_api
thames:TWL00190,thames,2025-02-26T06:00:00Z,2025-03-06T08:15:00Z,feed,2026-09-19T20:01:39Z,2026-09-19T20:01:39Z,thames_api
thames:TWL00190,thames,2025-12-22T06:00:00Z,2026-01-07T14:15:00Z,feed,2026-09-19T20:01:39Z,2026-09-19T20:01:39Z,thames_api
thames:TWL00190,thames,2026-01-12T16:30:00Z,2026-02-02T08:00:00Z,feed,2026-09-19T20:01:39Z,2026-09-19T20:01:39Z,thames_api
thames:TWL00190,thames,2026-02-03T06:00:00Z,2026-02-10T08:00:00Z,feed,2026-09-19T20:01:39Z,2026-09-19T20:01:39Z,thames_api
thames:TWL00190,thames,2026-03-04T14:00:00Z,2026-03-09T09:45:00Z,feed,2026-09-19T20:01:39Z,2026-09-19T20:01:39Z,thames_api
thames:TWL00191,thames,2024-03-09T01:42:00Z,2024-03-12T08:36:00Z,feed,2026-09-19T20:01:39Z,2026-09-19T20:01:39Z,thames_api
thames:TWL00191,thames,2024-03-15T19:28:00Z,2024-03-22T09:36:00Z,feed,2026-09-19T20:01:39Z,2026-09-19T20:01:39Z,thames_api
thames:TWL00191,thames,2025-11-18T09:20:00Z,2025-11-25T13:12:00Z,feed,2026-09-19T20:01:39Z,2026-09-19T20:01:39Z,thames_api
thames:TWL00191,thames,2026-09-02T07:52:00Z,2026-09-18T10:22:00Z,feed,2026-09-19T20:01:39Z,2026-09-19T20:01:39Z,thames_api
thames:TWL00192,thames,2022-04-01T00:00:00Z,2024-07-23T11:42:00Z,feed,2026-09-19T20:01:39Z,2026-09-19T20:01:39Z,thames_api
thames:TWL00192,thames,2024-07-25T00:00:00Z,2024-08-29T12:30:00Z,feed,2026-09-19T20:01:39Z,2026-09-19T20:01:39Z,thames_api
thames:TWL00192,thames,2025-01-31T09:16:00Z,2025-01-31T09:44:00Z,feed,2026-09-19T20:01:39Z,2026-09-19T20:01:39Z,thames_api
thames:TWL00192,thames,2025-04-02T07:08:00Z,2025-04-02T13:52:00Z,feed,2026-09-19T20:01:39Z,2026-09-19T20:01:39Z,thames_api
thames:TWL00192,thames,2025-05-14T04:52:00Z,2025-05-14T12:12:00Z,feed,2026-09-19T20:01:39Z,2026-09-19T20:01:39Z,thames_api
thames:TWL00192,thames,2025-06-04T08:08:00Z,2025-06-04T16:42:00Z,feed,2026-09-19T20:01:39Z,2026-09-19T20:01:39Z,thames_api
thames:TWL00192,thames,2025-06-11T06:24:00Z,2025-06-11T16:14:00Z,feed,2026-09-19T20:01:39Z,2026-09-19T20:01:39Z,thames_api
thames:TWL00192,thames,2025-06-18T07:50:00Z,2025-06-18T16:00:00Z,feed,2026-09-19T20:01:39Z,2026-09-19T20:01:39Z,thames_api
thames:TWL00192,thames,2025-06-25T06:18:00Z,2025-06-25T14:30:00Z,feed,2026-09-19T20:01:39Z,2026-09-19T20:01:39Z,thames_api
thames:TWL00192,thames,2025-07-02T08:36:00Z,2025-07-02T14:50:00Z,feed,2026-09-19T20:01:39Z,2026-09-19T20:01:39Z,thames_api
thames:TWL00192,thames,2025-07-09T08:32:00Z,2025-07-09T12:12:00Z,feed,2026-09-19T20:01:39Z,2026-09-19T20:01:39Z,thames_api
thames:TWL00192,thames,2025-07-10T08:22:00Z,2025-07-10T14:40:00Z,feed,2026-09-19T20:01:39Z,2026-09-19T20:01:39Z,thames_api
thames:TWL00192,thames,2025-07-15T11:04:00Z,2025-07-15T16:00:00Z,feed,2026-09-19T20:01:39Z,2026-09-19T20:01:39Z,thames_api
thames:TWL00192,thames,2025-07-16T08:40:00Z,2025-07-16T15:16:00Z,feed,2026-09-19T20:01:39Z,2026-09-19T20:01:39Z,thames_api
thames:TWL00192,thames,2025-07-17T06:10:00Z,2025-07-17T15:46:00Z,feed,2026-09-19T20:01:39Z,2026-09-19T20:01:39Z,thames_api
thames:TWL00192,thames,2025-07-21T09:56:00Z,2025-07-21T17:06:00Z,feed,2026-09-19T20:01:39Z,2026-09-19T20:01:39Z,thames_api
thames:TWL00192,thames,2025-07-22T07:12:00Z,2025-07-31T18:16:00Z,feed,2026-09-19T20:01:39Z,2026-09-19T20:01:39Z,thames_api
thames:TWL00192,thames,2025-08-06T08:24:00Z,2025-08-06T08:58:00Z,feed,2026-09-19T20:01:39Z,2026-09-19T20:01:39Z,thames_api
thames:TWL00192,thames,2025-08-07T07:38:00Z,2025-08-07T10:06:00Z,feed,2026-09-19T20:01:39Z,2026-09-19T20:01:39Z,thames_api
thames:TWL00192,thames,2025-08-13T08:12:00Z,2025-08-13T14:34:00Z,feed,2026-09-19T20:01:39Z,2026-09-19T20:01:39Z,thames_api
thames:TWL00192,thames,2025-08-19T12:36:00Z,2025-08-19T15:34:00Z,feed,2026-09-19T20:01:39Z,2026-09-19T20:01:39Z,thames_api
thames:TWL00192,thames,2025-08-21T07:32:00Z,2025-08-21T10:20:00Z,feed,2026-09-19T20:01:39Z,2026-09-19T20:01:39Z,thames_api
thames:TWL00192,thames,2025-08-28T08:50:00Z,2025-09-02T13:48:00Z,feed,2026-09-19T20:01:39Z,2026-09-19T20:01:39Z,thames_api
thames:TWL00192,thames,2025-09-03T08:40:00Z,2025-09-03T16:36:00Z,feed,2026-09-19T20:01:39Z,2026-09-19T20:01:39Z,thames_api
thames:TWL00192,thames,2025-09-04T04:08:00Z,2025-09-04T04:54:00Z,feed,2026-09-19T20:01:39Z,2026-09-19T20:01:39Z,thames_api
thames:TWL00192,thames,2025-09-17T08:00:00Z,2025-09-17T15:36:00Z,feed,2026-09-19T20:01:39Z,2026-09-19T20:01:39Z,thames_api
thames:TWL00192,thames,2025-09-22T03:38:00Z,2025-09-22T07:46:00Z,feed,2026-09-19T20:01:39Z,2026-09-19T20:01:39Z,thames_api
thames:TWL00192,thames,2025-10-15T07:38:00Z,2025-10-15T13:18:00Z,feed,2026-09-19T20:01:39Z,2026-09-19T20:01:39Z,thames_api
thames:TWL00192,thames,2025-10-16T08:06:00Z,2025-10-16T16:08:00Z,feed,2026-09-19T20:01:39Z,2026-09-19T20:01:39Z,thames_api
thames:TWL00192,thames,2025-10-21T09:22:00Z,2025-10-21T16:26:00Z,feed,2026-09-19T20:01:39Z,2026-09-19T20:01:39Z,thames_api
thames:TWL00192,thames,2025-10-29T08:32:00Z,2025-10-29T17:34:00Z,feed,2026-09-19T20:01:39Z,2026-09-19T20:01:39Z,thames_api
thames:TWL00192,thames,2025-10-31T12:28:00Z,2025-10-31T13:40:00Z,feed,2026-09-19T20:01:39Z,2026-09-19T20:01:39Z,thames_api
thames:TWL00192,thames,2025-11-05T07:34:00Z,2025-11-05T12:06:00Z,feed,2026-09-19T20:01:39Z,2026-09-19T20:01:39Z,thames_api
thames:TWL00192,thames,2025-11-11T09:48:00Z,2025-11-11T16:54:00Z,feed,2026-09-19T20:01:39Z,2026-09-19T20:01:39Z,thames_api
thames:TWL00192,thames,2025-11-12T11:26:00Z,2025-11-12T15:34:00Z,feed,2026-09-19T20:01:39Z,2026-09-19T20:01:39Z,thames_api
thames:TWL00192,thames,2025-11-18T09:34:00Z,2025-11-18T15:20:00Z,feed,2026-09-19T20:01:39Z,2026-09-19T20:01:39Z,thames_api
thames:TWL00192,thames,2025-11-26T09:44:00Z,2025-11-26T17:12:00Z,feed,2026-09-19T20:01:39Z,2026-09-19T20:01:39Z,thames_api
thames:TWL00192,thames,2025-11-27T10:42:00Z,2025-11-28T08:16:00Z,feed,2026-09-19T20:01:39Z,2026-09-19T20:01:39Z,thames_api
thames:TWL00192,thames,2025-12-03T08:42:00Z,2025-12-03T14:20:00Z,feed,2026-09-19T20:01:39Z,2026-09-19T20:01:39Z,thames_api
thames:TWL00192,thames,2025-12-10T08:20:00Z,2025-12-10T15:28:00Z,feed,2026-09-19T20:01:39Z,2026-09-19T20:01:39Z,thames_api
thames:TWL00192,thames,2025-12-17T09:10:00Z,2025-12-17T14:24:00Z,feed,2026-09-19T20:01:39Z,2026-09-19T20:01:39Z,thames_api
thames:TWL00192,thames,2025-12-18T07:56:00Z,2025-12-18T17:54:00Z,feed,2026-09-19T20:01:39Z,2026-09-19T20:01:39Z,thames_api
thames:TWL00192,thames,2025-12-19T11:58:00Z,2025-12-23T13:54:00Z,feed,2026-09-19T20:01:39Z,2026-09-19T20:01:39Z,thames_api
thames:TWL00192,thames,2026-01-22T09:02:00Z,2026-01-22T12:58:00Z,feed,2026-09-19T20:01:39Z,2026-09-19T20:01:39Z,thames_api
thames:TWL00192,thames,2026-01-29T09:24:00Z,2026-01-29T16:46:00Z,feed,2026-09-19T20:01:39Z,2026-09-19T20:01:39Z,thames_api
thames:TWL00192,thames,2026-02-05T08:36:00Z,2026-02-05T14:50:00Z,feed,2026-09-19T20:01:39Z,2026-09-19T20:01:39Z,thames_api
thames:TWL00192,thames,2026-02-06T13:10:00Z,2026-02-06T13:56:00Z,feed,2026-09-19T20:01:39Z,2026-09-19T20:01:39Z,thames_api
thames:TWL00192,thames,2026-02-13T09:54:00Z,2026-02-13T11:34:00Z,feed,2026-09-19T20:01:39Z,2026-09-19T20:01:39Z,thames_api
thames:TWL00192,thames,2026-02-19T08:34:00Z,2026-02-19T16:40:00Z,feed,2026-09-19T20:01:39Z,2026-09-19T20:01:39Z,thames_api
thames:TWL00192,thames,2026-02-25T09:20:00Z,2026-02-25T13:58:00Z,feed,2026-09-19T20:01:39Z,2026-09-19T20:01:39Z,thames_api
thames:TWL00192,thames,2026-03-18T08:22:00Z,2026-03-18T11:32:00Z,feed,2026-09-19T20:01:39Z,2026-09-19T20:01:39Z,thames_api
thames:TWL00192,thames,2026-04-28T08:42:00Z,2026-04-28T15:54:00Z,feed,2026-09-19T20:01:39Z,2026-09-19T20:01:39Z,thames_api
thames:TWL00192,thames,2026-05-05T07:10:00Z,2026-05-05T14:36:00Z,feed,2026-09-19T20:01:39Z,2026-09-19T20:01:39Z,thames_api
thames:TWL00192,thames,2026-05-11T03:12:00Z,2026-05-11T06:22:00Z,feed,2026-09-19T20:01:39Z,2026-09-19T20:01:39Z,thames_api
thames:TWL00192,thames,2026-05-12T10:00:00Z,2026-05-12T15:12:00Z,feed,2026-09-19T20:01:39Z,2026-09-19T20:01:39Z,thames_api
thames:TWL00192,thames,2026-05-15T09:02:00Z,2026-05-15T13:08:00Z,feed,2026-09-19T20:01:39Z,2026-09-19T20:01:39Z,thames_api
thames:TWL00192,thames,2026-05-19T10:00:00Z,2026-05-19T15:38:00Z,feed,2026-09-19T20:01:39Z,2026-09-19T20:01:39Z,thames_api
thames:TWL00192,thames,2026-05-26T03:12:00Z,2026-05-26T08:28:00Z,feed,2026-09-19T20:01:39Z,2026-09-19T20:01:39Z,thames_api
thames:TWL00192,thames,2026-05-27T06:32:00Z,2026-05-27T16:08:00Z,feed,2026-09-19T20:01:39Z,2026-09-19T20:01:39Z,thames_api
thames:TWL00192,thames,2026-05-28T06:26:00Z,2026-05-28T15:30:00Z,feed,2026-09-19T20:01:39Z,2026-09-19T20:01:39Z,thames_api
thames:TWL00192,thames,2026-05-29T08:36:00Z,2026-05-29T12:10:00Z,feed,2026-09-19T20:01:39Z,2026-09-19T20:01:39Z,thames_api
thames:TWL00192,thames,2026-06-01T06:44:00Z,2026-06-02T04:26:00Z,feed,2026-09-19T20:01:39Z,2026-09-19T20:01:39Z,thames_api
thames:TWL00192,thames,2026-06-09T09:22:00Z,2026-06-09T11:42:00Z,feed,2026-09-19T20:01:39Z,2026-09-19T20:01:39Z,thames_api
thames:TWL00192,thames,2026-06-10T07:18:00Z,2026-06-10T14:48:00Z,feed,2026-09-19T20:01:39Z,2026-09-19T20:01:39Z,thames_api
thames:TWL00192,thames,2026-06-19T07:10:00Z,2026-06-19T14:16:00Z,feed,2026-09-19T20:01:39Z,2026-09-19T20:01:39Z,thames_api
thames:TWL00192,thames,2026-07-01T02:44:00Z,2026-07-01T06:24:00Z,feed,2026-09-19T20:01:39Z,2026-09-19T20:01:39Z,thames_api
thames:TWL00192,thames,2026-07-15T07:50:00Z,2026-07-15T11:26:00Z,feed,2026-09-19T20:01:39Z,2026-09-19T20:01:39Z,thames_api
thames:TWL00192,thames,2026-07-17T08:14:00Z,2026-07-17T09:56:00Z,feed,2026-09-19T20:01:39Z,2026-09-19T20:01:39Z,thames_api
thames:TWL00192,thames,2026-07-29T08:02:00Z,2026-07-29T14:22:00Z,feed,2026-09-19T20:01:39Z,2026-09-19T20:01:39Z,thames_api
thames:TWL00192,thames,2026-07-30T07:04:00Z,2026-07-30T15:36:00Z,feed,2026-09-19T20:01:39Z,2026-09-19T20:01:39Z,thames_api
thames:TWL00192,thames,2026-08-05T09:22:00Z,2026-08-05T14:18:00Z,feed,2026-09-19T20:01:39Z,2026-09-19T20:01:39Z,thames_api
thames:TWL00192,thames,2026-08-19T07:46:00Z,2026-08-19T10:38:00Z,feed,2026-09-19T20:01:39Z,2026-09-19T20:01:39Z,thames_api
thames:TWL00192,thames,2026-08-21T07:24:00Z,2026-08-21T13:38:00Z,feed,2026-09-19T20:01:39Z,2026-09-19T20:01:39Z,thames_api
thames:TWL00192,thames,2026-09-09T07:42:00Z,2026-09-09T13:42:00Z,feed,2026-09-19T20:01:39Z,2026-09-19T20:01:39Z,thames_api
thames:TWL00192,thames,2026-09-10T03:18:00Z,2026-09-10T12:40:00Z,feed,2026-09-19T20:01:39Z,2026-09-19T20:01:39Z,thames_api
thames:TWL00193,thames,2022-04-01T00:00:00Z,2023-09-12T11:45:00Z,feed,2026-09-19T20:01:39Z,2026-09-19T20:01:39Z,thames_api
thames:TWL00193,thames,2024-01-24T15:15:00Z,2024-02-08T14:15:00Z,feed,2026-09-19T20:01:39Z,2026-09-19T20:01:39Z,thames_api
thames:TWL00194,thames,2026-06-09T23:00:00Z,2026-06-16T08:30:00Z,feed,2026-09-19T20:01:39Z,2026-09-19T20:01:39Z,thames_api
thames:TWL00194,thames,2026-07-11T23:00:00Z,2026-07-16T08:15:00Z,feed,2026-09-19T20:01:39Z,2026-09-19T20:01:39Z,thames_api
thames:TWL00195,thames,2025-07-23T07:00:00Z,2025-08-06T12:30:00Z,feed,2026-09-19T20:01:39Z,2026-09-19T20:01:39Z,thames_api
thames:TWL00195,thames,2025-09-17T13:30:00Z,2025-09-25T12:15:00Z,feed,2026-09-19T20:01:39Z,2026-09-19T20:01:39Z,thames_api
thames:TWL00196,thames,2023-08-10T14:00:00Z,2023-08-14T10:15:00Z,feed,2026-09-19T20:01:39Z,2026-09-19T20:01:39Z,thames_api
thames:TWL00198,thames,2025-04-04T03:00:00Z,2025-04-17T08:00:00Z,feed,2026-09-19T20:01:39Z,2026-09-19T20:01:39Z,thames_api
thames:TWL00198,thames,2025-05-30T03:00:00Z,2025-06-03T07:30:00Z,feed,2026-09-19T20:01:39Z,2026-09-19T20:01:39Z,thames_api
thames:TWL00199,thames,2023-09-04T09:00:00Z,2023-09-12T08:00:00Z,feed,2026-09-19T20:01:39Z,2026-09-19T20:01:39Z,thames_api
thames:TWL00200,thames,2022-04-01T00:00:00Z,2023-02-08T21:32:00Z,feed,2026-09-19T20:01:39Z,2026-09-19T20:01:39Z,thames_api
thames:TWL00200,thames,2025-10-16T01:00:00Z,2025-11-04T09:24:00Z,feed,2026-09-19T20:01:39Z,2026-09-19T20:01:39Z,thames_api
thames:TWL00201,thames,2024-07-09T08:00:00Z,2024-07-16T07:56:00Z,feed,2026-09-19T20:01:39Z,2026-09-19T20:01:39Z,thames_api
thames:TWL00201,thames,2025-11-25T21:44:00Z,2025-11-26T09:18:00Z,feed,2026-09-19T20:01:39Z,2026-09-19T20:01:39Z,thames_api
thames:TWL00201,thames,2025-11-26T11:24:00Z,2025-12-05T13:02:00Z,feed,2026-09-19T20:01:39Z,2026-09-19T20:01:39Z,thames_api
thames:TWL00202,thames,2023-08-28T06:00:00Z,2023-08-31T07:00:00Z,feed,2026-09-19T20:01:39Z,2026-09-19T20:01:39Z,thames_api
thames:TWL00203,thames,2023-08-18T10:58:00Z,2023-08-18T13:20:00Z,feed,2026-09-19T20:01:39Z,2026-09-19T20:01:39Z,thames_api
thames:TWL00203,thames,2025-10-15T07:46:00Z,2025-10-15T13:18:00Z,feed,2026-09-19T20:01:39Z,2026-09-19T20:01:39Z,thames_api
thames:TWL00203,thames,2025-10-16T08:14:00Z,2025-10-16T16:08:00Z,feed,2026-09-19T20:01:39Z,2026-09-19T20:01:39Z,thames_api
thames:TWL00203,thames,2025-11-11T10:00:00Z,2025-11-11T16:54:00Z,feed,2026-09-19T20:01:39Z,2026-09-19T20:01:39Z,thames_api
thames:TWL00203,thames,2025-11-27T10:50:00Z,2025-11-28T08:16:00Z,feed,2026-09-19T20:01:39Z,2026-09-19T20:01:39Z,thames_api
thames:TWL00203,thames,2025-12-09T08:54:00Z,2025-12-09T14:10:00Z,feed,2026-09-19T20:01:39Z,2026-09-19T20:01:39Z,thames_api
thames:TWL00203,thames,2025-12-10T06:12:00Z,2025-12-10T15:52:00Z,feed,2026-09-19T20:01:39Z,2026-09-19T20:01:39Z,thames_api
thames:TWL00203,thames,2026-03-18T08:30:00Z,2026-03-18T11:32:00Z,feed,2026-09-19T20:01:39Z,2026-09-19T20:01:39Z,thames_api
thames:TWL00203,thames,2026-04-22T07:08:00Z,2026-04-24T13:56:00Z,feed,2026-09-19T20:01:39Z,2026-09-19T20:01:39Z,thames_api
thames:TWL00203,thames,2026-04-28T08:46:00Z,2026-04-28T15:54:00Z,feed,2026-09-19T20:01:39Z,2026-09-19T20:01:39Z,thames_api
thames:TWL00203,thames,2026-04-29T14:50:00Z,2026-05-01T08:16:00Z,feed,2026-09-19T20:01:39Z,2026-09-19T20:01:39Z,thames_api
thames:TWL00203,thames,2026-05-12T14:22:00Z,2026-05-13T06:00:00Z,feed,2026-09-19T20:01:39Z,2026-09-19T20:01:39Z,thames_api
thames:TWL00203,thames,2026-05-13T14:52:00Z,2026-05-14T07:02:00Z,feed,2026-09-19T20:01:39Z,2026-09-19T20:01:39Z,thames_api
thames:TWL00203,thames,2026-05-14T13:00:00Z,2026-05-15T08:06:00Z,feed,2026-09-19T20:01:39Z,2026-09-19T20:01:39Z,thames_api
thames:TWL00203,thames,2026-05-15T09:08:00Z,2026-05-15T13:08:00Z,feed,2026-09-19T20:01:39Z,2026-09-19T20:01:39Z,thames_api
thames:TWL00203,thames,2026-05-19T02:18:00Z,2026-05-19T08:40:00Z,feed,2026-09-19T20:01:39Z,2026-09-19T20:01:39Z,thames_api
thames:TWL00203,thames,2026-06-09T09:28:00Z,2026-06-09T11:42:00Z,feed,2026-09-19T20:01:39Z,2026-09-19T20:01:39Z,thames_api
thames:TWL00203,thames,2026-06-10T07:34:00Z,2026-06-10T14:48:00Z,feed,2026-09-19T20:01:39Z,2026-09-19T20:01:39Z,thames_api
thames:TWL00203,thames,2026-07-07T06:58:00Z,2026-07-09T14:56:00Z,feed,2026-09-19T20:01:39Z,2026-09-19T20:01:39Z,thames_api
thames:TWL00203,thames,2026-07-13T15:52:00Z,2026-07-13T17:18:00Z,feed,2026-09-19T20:01:39Z,2026-09-19T20:01:39Z,thames_api
thames:TWL00203,thames,2026-09-07T07:08:00Z,2026-09-08T09:00:00Z,feed,2026-09-19T20:01:39Z,2026-09-19T20:01:39Z,thames_api
thames:TWL00203,thames,2026-09-17T07:46:00Z,2026-09-17T13:30:00Z,feed,2026-09-19T20:01:39Z,2026-09-19T20:01:39Z,thames_api
thames:TWL00204,thames,2022-04-17T14:30:00Z,2022-04-21T06:30:00Z,feed,2026-09-19T20:01:39Z,2026-09-19T20:01:39Z,thames_api
thames:TWL00204,thames,2022-04-21T09:30:00Z,2022-04-25T07:15:00Z,feed,2026-09-19T20:01:39Z,2026-09-19T20:01:39Z,thames_api
thames:TWL00204,thames,2022-04-26T09:00:00Z,2022-04-30T05:30:00Z,feed,2026-09-19T20:01:39Z,2026-09-19T20:01:39Z,thames_api
thames:TWL00204,thames,2022-04-30T08:00:00Z,2022-05-05T05:15:00Z,feed,2026-09-19T20:01:39Z,2026-09-19T20:01:39Z,thames_api
thames:TWL00204,thames,2022-05-06T08:30:00Z,2022-05-09T01:30:00Z,feed,2026-09-19T20:01:39Z,2026-09-19T20:01:39Z,thames_api
thames:TWL00204,thames,2022-05-09T07:45:00Z,2022-05-12T05:45:00Z,feed,2026-09-19T20:01:39Z,2026-09-19T20:01:39Z,thames_api
thames:TWL00204,thames,2022-07-19T09:15:00Z,2022-07-22T02:30:00Z,feed,2026-09-19T20:01:39Z,2026-09-19T20:01:39Z,thames_api
thames:TWL00204,thames,2022-10-24T23:00:00Z,2022-10-27T01:15:00Z,feed,2026-09-19T20:01:39Z,2026-09-19T20:01:39Z,thames_api
thames:TWL00204,thames,2022-12-02T19:00:00Z,2022-12-04T22:30:00Z,feed,2026-09-19T20:01:39Z,2026-09-19T20:01:39Z,thames_api
thames:TWL00204,thames,2023-01-26T08:45:00Z,2023-02-01T01:00:00Z,feed,2026-09-19T20:01:39Z,2026-09-19T20:01:39Z,thames_api
thames:TWL00204,thames,2023-02-11T04:15:00Z,2023-02-13T14:30:00Z,feed,2026-09-19T20:01:39Z,2026-09-19T20:01:39Z,thames_api
thames:TWL00204,thames,2023-09-07T09:00:00Z,2024-06-07T14:30:00Z,feed,2026-09-19T20:01:39Z,2026-09-19T20:01:39Z,thames_api
thames:TWL00204,thames,2024-08-18T08:00:00Z,2024-08-23T13:45:00Z,feed,2026-09-19T20:01:39Z,2026-09-19T20:01:39Z,thames_api
thames:TWL00206,thames,2024-08-03T19:00:00Z,2024-08-14T09:00:00Z,feed,2026-09-19T20:01:39Z,2026-09-19T20:01:39Z,thames_api
thames:TWL00208,thames,2024-12-26T08:00:00Z,2024-12-31T09:15:00Z,feed,2026-09-19T20:01:39Z,2026-09-19T20:01:39Z,thames_api
thames:TWL00208,thames,2025-02-23T08:00:00Z,2025-02-27T08:45:00Z,feed,2026-09-19T20:01:39Z,2026-09-19T20:01:39Z,thames_api
thames:TWL00209,thames,2022-11-28T20:00:00Z,2022-12-16T17:00:00Z,feed,2026-09-19T20:01:39Z,2026-09-19T20:01:39Z,thames_api
thames:TWL00209,thames,2024-04-30T15:00:00Z,2024-05-13T10:45:00Z,feed,2026-09-19T20:01:39Z,2026-09-19T20:01:39Z,thames_api
thames:TWL00209,thames,2025-01-07T15:00:00Z,2025-01-23T08:00:00Z,feed,2026-09-19T20:01:39Z,2026-09-19T20:01:39Z,thames_api
thames:TWL00210,thames,2022-04-01T00:00:00Z,2023-11-22T19:06:00Z,feed,2026-09-19T20:01:39Z,2026-09-19T20:01:39Z,thames_api
thames:TWL00210,thames,2024-04-18T08:06:00Z,2024-04-29T12:34:00Z,feed,2026-09-19T20:01:39Z,2026-09-19T20:01:39Z,thames_api
thames:TWL00210,thames,2024-09-02T07:12:00Z,2024-09-02T13:34:00Z,feed,2026-09-19T20:01:39Z,2026-09-19T20:01:39Z,thames_api
thames:TWL00210,thames,2024-09-17T10:02:00Z,2024-09-17T14:00:00Z,feed,2026-09-19T20:01:39Z,2026-09-19T20:01:39Z,thames_api
thames:TWL00210,thames,2024-09-18T08:14:00Z,2024-09-19T11:44:00Z,feed,2026-09-19T20:01:39Z,2026-09-19T20:01:39Z,thames_api
thames:TWL00210,thames,2025-07-25T07:14:00Z,2025-07-25T14:36:00Z,feed,2026-09-19T20:01:39Z,2026-09-19T20:01:39Z,thames_api
thames:TWL00210,thames,2025-08-20T07:18:00Z,2025-08-20T16:12:00Z,feed,2026-09-19T20:01:39Z,2026-09-19T20:01:39Z,thames_api
thames:TWL00210,thames,2025-10-15T07:34:00Z,2025-10-15T13:18:00Z,feed,2026-09-19T20:01:39Z,2026-09-19T20:01:39Z,thames_api
thames:TWL00210,thames,2025-10-16T08:04:00Z,2025-10-16T16:08:00Z,feed,2026-09-19T20:01:39Z,2026-09-19T20:01:39Z,thames_api
thames:TWL00210,thames,2025-11-11T09:46:00Z,2025-11-11T16:54:00Z,feed,2026-09-19T20:01:39Z,2026-09-19T20:01:39Z,thames_api
thames:TWL00210,thames,2025-11-27T10:42:00Z,2025-11-28T08:16:00Z,feed,2026-09-19T20:01:39Z,2026-09-19T20:01:39Z,thames_api
thames:TWL00210,thames,2026-03-18T08:20:00Z,2026-03-18T11:32:00Z,feed,2026-09-19T20:01:39Z,2026-09-19T20:01:39Z,thames_api
thames:TWL00210,thames,2026-04-21T10:16:00Z,2026-04-21T14:06:00Z,feed,2026-09-19T20:01:39Z,2026-09-19T20:01:39Z,thames_api
thames:TWL00210,thames,2026-04-28T08:36:00Z,2026-04-28T15:54:00Z,feed,2026-09-19T20:01:39Z,2026-09-19T20:01:39Z,thames_api
thames:TWL00210,thames,2026-05-15T09:00:00Z,2026-05-15T13:08:00Z,feed,2026-09-19T20:01:39Z,2026-09-19T20:01:39Z,thames_api
thames:TWL00210,thames,2026-05-19T02:20:00Z,2026-05-19T08:40:00Z,feed,2026-09-19T20:01:39Z,2026-09-19T20:01:39Z,thames_api
thames:TWL00210,thames,2026-06-09T09:20:00Z,2026-06-09T11:42:00Z,feed,2026-09-19T20:01:39Z,2026-09-19T20:01:39Z,thames_api
thames:TWL00210,thames,2026-06-10T07:16:00Z,2026-06-10T14:48:00Z,feed,2026-09-19T20:01:39Z,2026-09-19T20:01:39Z,thames_api
thames:TWL00210,thames,2026-08-06T09:42:00Z,2026-08-06T12:00:00Z,feed,2026-09-19T20:01:39Z,2026-09-19T20:01:39Z,thames_api
thames:TWL00211,thames,2022-04-01T00:00:00Z,2025-10-24T16:15:00Z,feed,2026-09-19T20:01:39Z,2026-09-19T20:01:39Z,thames_api
thames:TWL00211,thames,2026-05-20T17:00:00Z,2026-06-19T08:30:00Z,feed,2026-09-19T20:01:39Z,2026-09-19T20:01:39Z,thames_api
thames:TWL00213,thames,2022-04-01T00:00:00Z,2024-02-13T12:06:00Z,feed,2026-09-19T20:01:39Z,2026-09-19T20:01:39Z,thames_api
thames:TWL00214,thames,2024-12-12T07:00:00Z,2025-01-29T10:15:00Z,feed,2026-09-19T20:01:39Z,2026-09-19T20:01:39Z,thames_api
thames:TWL00214,thames,2025-04-24T08:30:00Z,2025-04-24T11:30:00Z,feed,2026-09-19T20:01:39Z,2026-09-19T20:01:39Z,thames_api
thames:TWL00216,thames,2024-06-30T20:00:00Z,2024-07-05T07:15:00Z,feed,2026-09-19T20:01:39Z,2026-09-19T20:01:39Z,thames_api
thames:TWL00218,thames,2023-06-09T03:00:00Z,2023-07-05T10:00:00Z,feed,2026-09-19T20:01:39Z,2026-09-19T20:01:39Z,thames_api
thames:TWL00218,thames,2023-09-02T03:00:00Z,2023-09-20T13:30:00Z,feed,2026-09-19T20:01:39Z,2026-09-19T20:01:39Z,thames_api
thames:TWL00218,thames,2023-10-11T03:00:00Z,2023-10-24T08:00:00Z,feed,2026-09-19T20:01:39Z,2026-09-19T20:01:39Z,thames_api
thames:TWL00218,thames,2024-07-25T06:00:00Z,2024-08-13T06:30:00Z,feed,2026-09-19T20:01:39Z,2026-09-19T20:01:39Z,thames_api
thames:TWL00220,thames,2022-04-01T00:00:00Z,2024-11-06T08:00:00Z,feed,2026-09-19T20:01:39Z,2026-09-19T20:01:39Z,thames_api
thames:TWL00220,thames,2025-01-31T09:16:00Z,2025-01-31T09:44:00Z,feed,2026-09-19T20:01:39Z,2026-09-19T20:01:39Z,thames_api
thames:TWL00220,thames,2025-03-27T11:26:00Z,2025-03-27T16:48:00Z,feed,2026-09-19T20:01:39Z,2026-09-19T20:01:39Z,thames_api
thames:TWL00220,thames,2025-04-02T07:16:00Z,2025-04-02T13:52:00Z,feed,2026-09-19T20:01:39Z,2026-09-19T20:01:39Z,thames_api
thames:TWL00220,thames,2025-04-04T08:32:00Z,2025-04-04T12:46:00Z,feed,2026-09-19T20:01:39Z,2026-09-19T20:01:39Z,thames_api
thames:TWL00220,thames,2025-04-08T06:10:00Z,2025-04-25T14:40:00Z,feed,2026-09-19T20:01:39Z,2026-09-19T20:01:39Z,thames_api
thames:TWL00220,thames,2025-05-14T07:10:00Z,2025-05-14T12:12:00Z,feed,2026-09-19T20:01:39Z,2026-09-19T20:01:39Z,thames_api
thames:TWL00220,thames,2025-05-28T05:40:00Z,2025-05-28T11:00:00Z,feed,2026-09-19T20:01:39Z,2026-09-19T20:01:39Z,thames_api
thames:TWL00220,thames,2025-05-29T09:32:00Z,2025-05-29T14:34:00Z,feed,2026-09-19T20:01:39Z,2026-09-19T20:01:39Z,thames_api
thames:TWL00220,thames,2025-06-11T06:22:00Z,2025-06-11T16:14:00Z,feed,2026-09-19T20:01:39Z,2026-09-19T20:01:39Z,thames_api
thames:TWL00220,thames,2025-06-16T06:24:00Z,2025-06-18T16:00:00Z,feed,2026-09-19T20:01:39Z,2026-09-19T20:01:39Z,thames_api
thames:TWL00220,thames,2025-06-25T06:16:00Z,2025-06-25T14:30:00Z,feed,2026-09-19T20:01:39Z,2026-09-19T20:01:39Z,thames_api
thames:TWL00220,thames,2025-07-02T08:36:00Z,2025-07-02T14:50:00Z,feed,2026-09-19T20:01:39Z,2026-09-19T20:01:39Z,thames_api
thames:TWL00220,thames,2025-07-09T08:30:00Z,2025-07-09T12:12:00Z,feed,2026-09-19T20:01:39Z,2026-09-19T20:01:39Z,thames_api
thames:TWL00220,thames,2025-07-10T08:22:00Z,2025-07-10T14:40:00Z,feed,2026-09-19T20:01:39Z,2026-09-19T20:01:39Z,thames_api
thames:TWL00220,thames,2025-07-15T11:04:00Z,2025-07-15T16:00:00Z,feed,2026-09-19T20:01:39Z,2026-09-19T20:01:39Z,thames_api
thames:TWL00220,thames,2025-07-24T07:32:00Z,2025-07-24T15:12:00Z,feed,2026-09-19T20:01:39Z,2026-09-19T20:01:39Z,thames_api
thames:TWL00220,thames,2025-07-30T07:12:00Z,2025-07-30T13:08:00Z,feed,2026-09-19T20:01:39Z,2026-09-19T20:01:39Z,thames_api
thames:TWL00220,thames,2025-08-06T08:22:00Z,2025-08-06T08:58:00Z,feed,2026-09-19T20:01:39Z,2026-09-19T20:01:39Z,thames_api
thames:TWL00220,thames,2025-08-07T07:38:00Z,2025-08-07T10:06:00Z,feed,2026-09-19T20:01:39Z,2026-09-19T20:01:39Z,thames_api
thames:TWL00220,thames,2025-08-12T08:00:00Z,2025-08-12T14:56:00Z,feed,2026-09-19T20:01:39Z,2026-09-19T20:01:39Z,thames_api
thames:TWL00220,thames,2025-08-13T06:14:00Z,2025-08-13T14:34:00Z,feed,2026-09-19T20:01:39Z,2026-09-19T20:01:39Z,thames_api
thames:TWL00220,thames,2025-09-01T08:14:00Z,2025-09-01T13:36:00Z,feed,2026-09-19T20:01:39Z,2026-09-19T20:01:39Z,thames_api
thames:TWL00220,thames,2025-09-03T08:40:00Z,2025-09-03T16:36:00Z,feed,2026-09-19T20:01:39Z,2026-09-19T20:01:39Z,thames_api
thames:TWL00220,thames,2025-09-04T04:08:00Z,2025-09-04T04:54:00Z,feed,2026-09-19T20:01:39Z,2026-09-19T20:01:39Z,thames_api
thames:TWL00220,thames,2025-09-17T08:00:00Z,2025-09-17T15:36:00Z,feed,2026-09-19T20:01:39Z,2026-09-19T20:01:39Z,thames_api
thames:TWL00220,thames,2025-10-06T09:28:00Z,2025-10-06T15:34:00Z,feed,2026-09-19T20:01:39Z,2026-09-19T20:01:39Z,thames_api
thames:TWL00220,thames,2025-10-15T07:40:00Z,2025-10-15T13:18:00Z,feed,2026-09-19T20:01:39Z,2026-09-19T20:01:39Z,thames_api
thames:TWL00220,thames,2025-10-16T08:08:00Z,2025-10-16T16:08:00Z,feed,2026-09-19T20:01:39Z,2026-09-19T20:01:39Z,thames_api
thames:TWL00220,thames,2025-10-21T09:20:00Z,2025-10-21T16:26:00Z,feed,2026-09-19T20:01:39Z,2026-09-19T20:01:39Z,thames_api
thames:TWL00220,thames,2025-11-05T07:32:00Z,2025-11-05T12:06:00Z,feed,2026-09-19T20:01:39Z,2026-09-19T20:01:39Z,thames_api
thames:TWL00220,thames,2025-11-11T09:54:00Z,2025-11-11T16:54:00Z,feed,2026-09-19T20:01:39Z,2026-09-19T20:01:39Z,thames_api
thames:TWL00220,thames,2025-11-14T10:56:00Z,2025-11-14T13:46:00Z,feed,2026-09-19T20:01:39Z,2026-09-19T20:01:39Z,thames_api
thames:TWL00220,thames,2025-11-18T09:32:00Z,2025-11-18T15:20:00Z,feed,2026-09-19T20:01:39Z,2026-09-19T20:01:39Z,thames_api
thames:TWL00220,thames,2025-11-26T09:44:00Z,2025-11-26T17:12:00Z,feed,2026-09-19T20:01:39Z,2026-09-19T20:01:39Z,thames_api
thames:TWL00220,thames,2025-11-27T10:46:00Z,2025-11-28T08:16:00Z,feed,2026-09-19T20:01:39Z,2026-09-19T20:01:39Z,thames_api
thames:TWL00220,thames,2025-12-03T08:42:00Z,2025-12-03T14:20:00Z,feed,2026-09-19T20:01:39Z,2026-09-19T20:01:39Z,thames_api
thames:TWL00220,thames,2025-12-10T08:18:00Z,2025-12-10T15:28:00Z,feed,2026-09-19T20:01:39Z,2026-09-19T20:01:39Z,thames_api
thames:TWL00220,thames,2025-12-15T10:18:00Z,2025-12-15T14:56:00Z,feed,2026-09-19T20:01:39Z,2026-09-19T20:01:39Z,thames_api
thames:TWL00220,thames,2025-12-17T09:08:00Z,2025-12-17T14:24:00Z,feed,2026-09-19T20:01:39Z,2026-09-19T20:01:39Z,thames_api
thames:TWL00220,thames,2025-12-18T07:54:00Z,2025-12-18T17:54:00Z,feed,2026-09-19T20:01:39Z,2026-09-19T20:01:39Z,thames_api
thames:TWL00220,thames,2026-01-22T09:02:00Z,2026-01-22T12:58:00Z,feed,2026-09-19T20:01:39Z,2026-09-19T20:01:39Z,thames_api
thames:TWL00220,thames,2026-01-29T09:22:00Z,2026-01-29T16:46:00Z,feed,2026-09-19T20:01:39Z,2026-09-19T20:01:39Z,thames_api
thames:TWL00220,thames,2026-02-05T10:18:00Z,2026-02-05T12:10:00Z,feed,2026-09-19T20:01:39Z,2026-09-19T20:01:39Z,thames_api
thames:TWL00220,thames,2026-02-16T09:10:00Z,2026-02-16T09:12:00Z,feed,2026-09-19T20:01:39Z,2026-09-19T20:01:39Z,thames_api
thames:TWL00220,thames,2026-02-25T09:18:00Z,2026-02-25T13:58:00Z,feed,2026-09-19T20:01:39Z,2026-09-19T20:01:39Z,thames_api
thames:TWL00220,thames,2026-03-05T09:30:00Z,2026-03-11T17:36:00Z,feed,2026-09-19T20:01:39Z,2026-09-19T20:01:39Z,thames_api
thames:TWL00220,thames,2026-03-18T08:26:00Z,2026-03-18T11:32:00Z,feed,2026-09-19T20:01:39Z,2026-09-19T20:01:39Z,thames_api
thames:TWL00220,thames,2026-04-28T08:44:00Z,2026-04-28T15:54:00Z,feed,2026-09-19T20:01:39Z,2026-09-19T20:01:39Z,thames_api
thames:TWL00220,thames,2026-05-12T09:58:00Z,2026-05-12T15:12:00Z,feed,2026-09-19T20:01:39Z,2026-09-19T20:01:39Z,thames_api
thames:TWL00220,thames,2026-05-15T09:04:00Z,2026-05-15T13:08:00Z,feed,2026-09-19T20:01:39Z,2026-09-19T20:01:39Z,thames_api
thames:TWL00220,thames,2026-05-20T03:06:00Z,2026-05-20T16:48:00Z,feed,2026-09-19T20:01:39Z,2026-09-19T20:01:39Z,thames_api
thames:TWL00220,thames,2026-05-26T03:12:00Z,2026-05-26T08:28:00Z,feed,2026-09-19T20:01:39Z,2026-09-19T20:01:39Z,thames_api
thames:TWL00220,thames,2026-05-27T06:36:00Z,2026-05-27T16:08:00Z,feed,2026-09-19T20:01:39Z,2026-09-19T20:01:39Z,thames_api
thames:TWL00220,thames,2026-05-28T06:26:00Z,2026-05-28T15:30:00Z,feed,2026-09-19T20:01:39Z,2026-09-19T20:01:39Z,thames_api
thames:TWL00220,thames,2026-05-29T08:36:00Z,2026-05-29T12:10:00Z,feed,2026-09-19T20:01:39Z,2026-09-19T20:01:39Z,thames_api
thames:TWL00220,thames,2026-06-01T06:42:00Z,2026-06-02T04:26:00Z,feed,2026-09-19T20:01:39Z,2026-09-19T20:01:39Z,thames_api
thames:TWL00220,thames,2026-06-09T07:50:00Z,2026-06-10T14:48:00Z,feed,2026-09-19T20:01:39Z,2026-09-19T20:01:39Z,thames_api
thames:TWL00220,thames,2026-06-19T07:06:00Z,2026-06-19T14:16:00Z,feed,2026-09-19T20:01:39Z,2026-09-19T20:01:39Z,thames_api
thames:TWL00220,thames,2026-07-01T02:42:00Z,2026-07-01T06:24:00Z,feed,2026-09-19T20:01:39Z,2026-09-19T20:01:39Z,thames_api
thames:TWL00220,thames,2026-07-15T07:50:00Z,2026-07-15T11:26:00Z,feed,2026-09-19T20:01:39Z,2026-09-19T20:01:39Z,thames_api
thames:TWL00220,thames,2026-07-24T09:14:00Z,2026-07-24T11:04:00Z,feed,2026-09-19T20:01:39Z,2026-09-19T20:01:39Z,thames_api
thames:TWL00220,thames,2026-07-30T07:02:00Z,2026-07-30T15:36:00Z,feed,2026-09-19T20:01:39Z,2026-09-19T20:01:39Z,thames_api
thames:TWL00220,thames,2026-08-04T06:18:00Z,2026-08-04T15:36:00Z,feed,2026-09-19T20:01:39Z,2026-09-19T20:01:39Z,thames_api
thames:TWL00220,thames,2026-08-05T09:54:00Z,2026-08-05T14:18:00Z,feed,2026-09-19T20:01:39Z,2026-09-19T20:01:39Z,thames_api
thames:TWL00220,thames,2026-08-19T07:44:00Z,2026-08-19T10:38:00Z,feed,2026-09-19T20:01:39Z,2026-09-19T20:01:39Z,thames_api
thames:TWL00220,thames,2026-08-21T07:24:00Z,2026-08-21T13:38:00Z,feed,2026-09-19T20:01:39Z,2026-09-19T20:01:39Z,thames_api
thames:TWL00220,thames,2026-09-10T03:16:00Z,2026-09-10T12:40:00Z,feed,2026-09-19T20:01:39Z,2026-09-19T20:01:39Z,thames_api
thames:TWL00221,thames,2024-10-29T15:52:00Z,2024-11-15T09:44:00Z,feed,2026-09-19T20:01:39Z,2026-09-19T20:01:39Z,thames_api
thames:TWL00222,thames,2023-08-09T07:15:00Z,2023-08-10T10:15:00Z,feed,2026-09-19T20:01:39Z,2026-09-19T20:01:39Z,thames_api
thames:TWL00223,thames,2022-04-01T00:00:00Z,2026-08-27T10:15:00Z,feed,2026-09-19T20:01:39Z,2026-09-19T20:01:39Z,thames_api
thames:TWL00223,thames,2026-09-07T10:00:00Z,2026-09-07T10:30:00Z,feed,2026-09-19T20:01:39Z,2026-09-19T20:01:39Z,thames_api
thames:TWL00223,thames,2026-09-07T23:00:00Z,2026-09-16T07:15:00Z,feed,2026-09-19T20:01:39Z,2026-09-19T20:01:39Z,thames_api
thames:TWL00224,thames,2022-04-01T00:00:00Z,2025-03-27T11:02:00Z,feed,2026-09-19T20:01:39Z,2026-09-19T20:01:39Z,thames_api
thames:TWL00225,thames,2022-04-01T00:00:00Z,2022-04-27T18:45:00Z,feed,2026-09-19T20:01:39Z,2026-09-19T20:01:39Z,thames_api
thames:TWL00225,thames,2023-12-03T18:00:00Z,2023-12-14T08:15:00Z,feed,2026-09-19T20:01:39Z,2026-09-19T20:01:39Z,thames_api
thames:TWL00225,thames,2025-01-10T18:00:00Z,2025-02-03T10:00:00Z,feed,2026-09-19T20:01:39Z,2026-09-19T20:01:39Z,thames_api
thames:TWL00225,thames,2026-01-02T18:00:00Z,2026-02-04T12:15:00Z,feed,2026-09-19T20:01:39Z,2026-09-19T20:01:39Z,thames_api
thames:TWL00225,thames,2026-08-25T18:00:00Z,2026-09-01T07:30:00Z,feed,2026-09-19T20:01:39Z,2026-09-19T20:01:39Z,thames_api
thames:TWL00226,thames,2022-04-01T00:00:00Z,2023-06-07T09:00:00Z,feed,2026-09-19T20:01:39Z,2026-09-19T20:01:39Z,thames_api
thames:TWL00226,thames,2025-05-17T13:00:00Z,2025-06-09T09:30:00Z,feed,2026-09-19T20:01:39Z,2026-09-19T20:01:39Z,thames_api
thames:TWL00226,thames,2025-06-09T13:00:00Z,2025-06-27T14:00:00Z,feed,2026-09-19T20:01:39Z,2026-09-19T20:01:39Z,thames_api
thames:TWL00226,thames,2026-03-02T13:00:00Z,2026-03-09T09:45:00Z,feed,2026-09-19T20:01:39Z,2026-09-19T20:01:39Z,thames_api
thames:TWL00226,thames,2026-07-12T13:00:00Z,2026-07-20T11:15:00Z,feed,2026-09-19T20:01:39Z,2026-09-19T20:01:39Z,thames_api
thames:TWL00228,thames,2025-12-19T13:00:00Z,2026-01-16T09:15:00Z,feed,2026-09-19T20:01:39Z,2026-09-19T20:01:39Z,thames_api
thames:TWL00228,thames,2026-03-06T13:00:00Z,2026-03-12T16:00:00Z,feed,2026-09-19T20:01:39Z,2026-09-19T20:01:39Z,thames_api
thames:TWL00228,thames,2026-03-26T22:00:00Z,2026-04-08T09:00:00Z,feed,2026-09-19T20:01:39Z,2026-09-19T20:01:39Z,thames_api
thames:TWL00228,thames,2026-06-30T10:45:00Z,2026-06-30T11:15:00Z,feed,2026-09-19T20:01:39Z,2026-09-19T20:01:39Z,thames_api
thames:TWL00229,thames,2022-04-01T00:00:00Z,2022-08-02T09:30:00Z,feed,2026-09-19T20:01:39Z,2026-09-19T20:01:39Z,thames_api
thames:TWL00229,thames,2023-02-22T15:45:00Z,2023-03-29T14:00:00Z,feed,2026-09-19T20:01:39Z,2026-09-19T20:01:39Z,thames_api
thames:TWL00229,thames,2023-07-06T07:30:00Z,2023-08-17T07:30:00Z,feed,2026-09-19T20:01:39Z,2026-09-19T20:01:39Z,thames_api
thames:TWL00229,thames,2024-02-05T09:15:00Z,2024-02-29T08:15:00Z,feed,2026-09-19T20:01:39Z,2026-09-19T20:01:39Z,thames_api
thames:TWL00229,thames,2025-08-06T13:30:00Z,2025-08-14T08:15:00Z,feed,2026-09-19T20:01:39Z,2026-09-19T20:01:39Z,thames_api
thames:TWL00230,thames,2022-04-01T00:00:00Z,2022-12-05T07:58:00Z,feed,2026-09-19T20:01:39Z,2026-09-19T20:01:39Z,thames_api
thames:TWL00230,thames,2024-10-15T09:00:00Z,2024-10-25T08:06:00Z,feed,2026-09-19T20:01:39Z,2026-09-19T20:01:39Z,thames_api
thames:TWL00230,thames,2026-01-04T09:00:00Z,2026-01-30T11:42:00Z,feed,2026-09-19T20:01:39Z,2026-09-19T20:01:39Z,thames_api
thames:TWL00230,thames,2026-04-20T17:00:00Z,2026-04-30T07:42:00Z,feed,2026-09-19T20:01:39Z,2026-09-19T20:01:39Z,thames_api
thames:TWL00230,thames,2026-06-19T12:14:00Z,2026-06-19T12:58:00Z,feed,2026-09-19T20:01:39Z,2026-09-19T20:01:39Z,thames_api
thames:TWL00230,thames,2026-06-28T09:00:00Z,2026-07-07T07:42:00Z,feed,2026-09-19T20:01:39Z,2026-09-19T20:01:39Z,thames_api
thames:TWL00231,thames,2026-07-23T10:00:00Z,2026-08-04T07:45:00Z,feed,2026-09-19T20:01:39Z,2026-09-19T20:01:39Z,thames_api
thames:TWL00232,thames,2026-07-02T04:00:00Z,2026-07-21T07:30:00Z,feed,2026-09-19T20:01:39Z,2026-09-19T20:01:39Z,thames_api
thames:TWL00233,thames,2023-10-02T06:45:00Z,2023-10-18T07:30:00Z,feed,2026-09-19T20:01:39Z,2026-09-19T20:01:39Z,thames_api
thames:TWL00233,thames,2025-11-21T12:15:00Z,2025-12-29T10:45:00Z,feed,2026-09-19T20:01:39Z,2026-09-19T20:01:39Z,thames_api
thames:TWL00234,thames,2023-09-28T19:00:00Z,2023-10-18T08:15:00Z,feed,2026-09-19T20:01:39Z,2026-09-19T20:01:39Z,thames_api
thames:TWL00234,thames,2025-01-06T08:30:00Z,2025-01-06T13:00:00Z,feed,2026-09-19T20:01:39Z,2026-09-19T20:01:39Z,thames_api
thames:TWL00235,thames,2024-04-10T16:00:00Z,2024-04-18T14:15:00Z,feed,2026-09-19T20:01:39Z,2026-09-19T20:01:39Z,thames_api
thames:TWL00235,thames,2025-11-18T01:00:00Z,2025-12-01T08:30:00Z,feed,2026-09-19T20:01:39Z,2026-09-19T20:01:39Z,thames_api
thames:TWL00237,thames,2023-10-01T02:00:00Z,2023-10-05T12:02:00Z,feed,2026-09-19T20:01:39Z,2026-09-19T20:01:39Z,thames_api
thames:TWL00237,thames,2024-01-13T02:00:00Z,2024-01-23T09:36:00Z,feed,2026-09-19T20:01:39Z,2026-09-19T20:01:39Z,thames_api
thames:TWL00237,thames,2024-03-23T02:00:00Z,2024-04-02T07:28:00Z,feed,2026-09-19T20:01:39Z,2026-09-19T20:01:39Z,thames_api
thames:TWL00237,thames,2026-06-01T02:00:00Z,2026-06-08T14:52:00Z,feed,2026-09-19T20:01:39Z,2026-09-19T20:01:39Z,thames_api
thames:TWL00237,thames,2026-07-06T13:38:00Z,2026-08-27T10:22:00Z,feed,2026-09-19T20:01:39Z,2026-09-19T20:01:39Z,thames_api
thames:TWL00238,thames,2025-08-13T11:30:00Z,2025-08-27T09:00:00Z,feed,2026-09-19T20:01:39Z,2026-09-19T20:01:39Z,thames_api
thames:TWL00238,thames,2025-09-08T11:00:00Z,2025-09-09T08:15:00Z,feed,2026-09-19T20:01:39Z,2026-09-19T20:01:39Z,thames_api
thames:TWL00238,thames,2025-09-25T08:00:00Z,2025-09-30T07:45:00Z,feed,2026-09-19T20:01:39Z,2026-09-19T20:01:39Z,thames_api
thames:TWL00238,thames,2025-10-02T11:45:00Z,2025-10-17T07:45:00Z,feed,2026-09-19T20:01:39Z,2026-09-19T20:01:39Z,thames_api
thames:TWL00238,thames,2025-11-20T08:30:00Z,2025-12-17T11:30:00Z,feed,2026-09-19T20:01:39Z,2026-09-19T20:01:39Z,thames_api
thames:TWL00239,thames,2023-11-27T11:30:00Z,2024-08-13T06:45:00Z,feed,2026-09-19T20:01:39Z,2026-09-19T20:01:39Z,thames_api
thames:TWL00240,thames,2022-04-01T00:00:00Z,2023-06-20T08:30:00Z,feed,2026-09-19T20:01:39Z,2026-09-19T20:01:39Z,thames_api
thames:TWL00241,thames,2022-04-01T00:00:00Z,2023-02-20T21:02:00Z,feed,2026-09-19T20:01:39Z,2026-09-19T20:01:39Z,thames_api
thames:TWL00241,thames,2024-03-25T13:00:00Z,2024-04-15T07:44:00Z,feed,2026-09-19T20:01:39Z,2026-09-19T20:01:39Z,thames_api
thames:TWL00241,thames,2024-07-09T22:00:00Z,2024-07-16T07:56:00Z,feed,2026-09-19T20:01:39Z,2026-09-19T20:01:39Z,thames_api
thames:TWL00241,thames,2026-05-26T07:00:00Z,2026-06-02T07:28:00Z,feed,2026-09-19T20:01:39Z,2026-09-19T20:01:39Z,thames_api
thames:TWL00241,thames,2026-06-02T13:00:00Z,2026-06-12T07:16:00Z,feed,2026-09-19T20:01:39Z,2026-09-19T20:01:39Z,thames_api
thames:TWL00241,thames,2026-06-19T12:14:00Z,2026-06-19T12:58:00Z,feed,2026-09-19T20:01:39Z,2026-09-19T20:01:39Z,thames_api
thames:TWL00241,thames,2026-07-06T21:00:00Z,2026-07-13T07:38:00Z,feed,2026-09-19T20:01:39Z,2026-09-19T20:01:39Z,thames_api
thames:TWL00241,thames,2026-07-13T15:52:00Z,2026-07-13T17:18:00Z,feed,2026-09-19T20:01:39Z,2026-09-19T20:01:39Z,thames_api
thames:TWL00242,thames,2022-04-01T00:00:00Z,2025-01-06T13:45:00Z,feed,2026-09-19T20:01:39Z,2026-09-19T20:01:39Z,thames_api
thames:TWL00242,thames,2025-01-06T18:30:00Z,2025-01-31T09:00:00Z,feed,2026-09-19T20:01:39Z,2026-09-19T20:01:39Z,thames_api
thames:TWL00242,thames,2025-08-30T18:30:00Z,2025-08-31T03:30:00Z,feed,2026-09-19T20:01:39Z,2026-09-19T20:01:39Z,thames_api
thames:TWL00242,thames,2025-08-31T06:30:00Z,2025-08-31T10:00:00Z,feed,2026-09-19T20:01:39Z,2026-09-19T20:01:39Z,thames_api
thames:TWL00243,thames,2024-01-31T11:54:00Z,2024-02-01T12:20:00Z,feed,2026-09-19T20:01:39Z,2026-09-19T20:01:39Z,thames_api
thames:TWL00244,thames,2022-08-24T22:45:00Z,2022-12-06T14:15:00Z,feed,2026-09-19T20:01:39Z,2026-09-19T20:01:39Z,thames_api
thames:TWL00244,thames,2025-05-14T10:15:00Z,2025-09-29T15:30:00Z,feed,2026-09-19T20:01:39Z,2026-09-19T20:01:39Z,thames_api
thames:TWL00245,thames,2026-01-05T11:30:00Z,2026-01-19T15:30:00Z,feed,2026-09-19T20:01:39Z,2026-09-19T20:01:39Z,thames_api
thames:TWL00247,thames,2023-04-23T05:00:00Z,2023-05-12T14:00:00Z,feed,2026-09-19T20:01:39Z,2026-09-19T20:01:39Z,thames_api
thames:TWL00247,thames,2024-01-06T05:00:00Z,2024-01-10T09:45:00Z,feed,2026-09-19T20:01:39Z,2026-09-19T20:01:39Z,thames_api
thames:TWL00247,thames,2024-11-11T05:00:00Z,2024-11-19T11:15:00Z,feed,2026-09-19T20:01:39Z,2026-09-19T20:01:39Z,thames_api
thames:TWL00247,thames,2024-11-22T05:00:00Z,2025-01-10T09:30:00Z,feed,2026-09-19T20:01:39Z,2026-09-19T20:01:39Z,thames_api
thames:TWL00248,thames,2024-10-25T15:15:00Z,2024-11-04T17:45:00Z,feed,2026-09-19T20:01:39Z,2026-09-19T20:01:39Z,thames_api
thames:TWL00248,thames,2024-12-21T07:15:00Z,2024-12-23T11:45:00Z,feed,2026-09-19T20:01:39Z,2026-09-19T20:01:39Z,thames_api
thames:TWL00248,thames,2025-01-17T23:00:00Z,2025-04-08T13:30:00Z,feed,2026-09-19T20:01:39Z,2026-09-19T20:01:39Z,thames_api
thames:TWL00248,thames,2026-09-11T00:30:00Z,2026-09-13T23:30:00Z,feed,2026-09-19T20:01:39Z,2026-09-19T20:01:39Z,thames_api
thames:TWL00249,thames,2023-01-10T15:30:00Z,2023-08-03T11:00:00Z,feed,2026-09-19T20:01:39Z,2026-09-19T20:01:39Z,thames_api
thames:TWL00249,thames,2025-05-04T22:00:00Z,2025-05-13T07:45:00Z,feed,2026-09-19T20:01:39Z,2026-09-19T20:01:39Z,thames_api
thames:TWL00249,thames,2025-05-16T22:00:00Z,2025-05-21T07:15:00Z,feed,2026-09-19T20:01:39Z,2026-09-19T20:01:39Z,thames_api
thames:TWL00249,thames,2025-06-21T22:00:00Z,2025-07-01T07:15:00Z,feed,2026-09-19T20:01:39Z,2026-09-19T20:01:39Z,thames_api
thames:TWL00249,thames,2025-07-25T22:00:00Z,2025-07-29T08:30:00Z,feed,2026-09-19T20:01:39Z,2026-09-19T20:01:39Z,thames_api
thames:TWL00249,thames,2025-08-15T22:00:00Z,2025-09-03T08:15:00Z,feed,2026-09-19T20:01:39Z,2026-09-19T20:01:39Z,thames_api
thames:TWL00252,thames,2022-06-13T19:15:00Z,2023-01-23T20:15:00Z,feed,2026-09-19T20:01:39Z,2026-09-19T20:01:39Z,thames_api
thames:TWL00252,thames,2024-01-06T18:00:00Z,2024-01-17T10:30:00Z,feed,2026-09-19T20:01:39Z,2026-09-19T20:01:39Z,thames_api
thames:TWL00252,thames,2024-11-25T18:00:00Z,2024-12-09T08:15:00Z,feed,2026-09-19T20:01:39Z,2026-09-19T20:01:39Z,thames_api
thames:TWL00254,thames,2022-04-01T00:00:00Z,2023-02-28T00:48:00Z,feed,2026-09-19T20:01:39Z,2026-09-19T20:01:39Z,thames_api
thames:TWL00254,thames,2023-03-27T14:14:00Z,2024-01-10T13:02:00Z,feed,2026-09-19T20:01:39Z,2026-09-19T20:01:39Z,thames_api
thames:TWL00254,thames,2024-01-17T17:04:00Z,2024-01-30T11:04:00Z,feed,2026-09-19T20:01:39Z,2026-09-19T20:01:39Z,thames_api
thames:TWL00254,thames,2026-08-26T19:00:00Z,2026-09-10T11:10:00Z,feed,2026-09-19T20:01:39Z,2026-09-19T20:01:39Z,thames_api
thames:TWL00258,thames,2022-04-01T00:00:00Z,2023-12-11T08:15:00Z,feed,2026-09-19T20:01:39Z,2026-09-19T20:01:39Z,thames_api
thames:TWL00258,thames,2024-04-16T21:00:00Z,2024-05-17T14:30:00Z,feed,2026-09-19T20:01:39Z,2026-09-19T20:01:39Z,thames_api
thames:TWL00259,thames,2022-12-16T08:40:00Z,2022-12-20T07:42:00Z,feed,2026-09-19T20:01:39Z,2026-09-19T20:01:39Z,thames_api
thames:TWL00259,thames,2023-12-02T15:02:00Z,2023-12-12T09:28:00Z,feed,2026-09-19T20:01:39Z,2026-09-19T20:01:39Z,thames_api
thames:TWL00260,thames,2022-12-21T05:15:00Z,2023-04-06T10:00:00Z,feed,2026-09-19T20:01:39Z,2026-09-19T20:01:39Z,thames_api
thames:TWL00260,thames,2023-05-31T05:00:00Z,2023-07-05T09:30:00Z,feed,2026-09-19T20:01:39Z,2026-09-19T20:01:39Z,thames_api
thames:TWL00260,thames,2024-08-06T11:00:00Z,2024-08-08T07:45:00Z,feed,2026-09-19T20:01:39Z,2026-09-19T20:01:39Z,thames_api
thames:TWL00262,thames,2023-10-30T00:00:00Z,2023-11-03T09:00:00Z,feed,2026-09-19T20:01:39Z,2026-09-19T20:01:39Z,thames_api
thames:TWL00264,thames,2023-07-06T08:15:00Z,2023-08-11T08:15:00Z,feed,2026-09-19T20:01:39Z,2026-09-19T20:01:39Z,thames_api
thames:TWL00264,thames,2023-10-28T05:30:00Z,2023-11-13T10:45:00Z,feed,2026-09-19T20:01:39Z,2026-09-19T20:01:39Z,thames_api
thames:TWL00264,thames,2025-08-05T08:00:00Z,2025-11-11T08:45:00Z,feed,2026-09-19T20:01:39Z,2026-09-19T20:01:39Z,thames_api
thames:TWL00267,thames,2022-04-01T00:00:00Z,2022-04-27T15:00:00Z,feed,2026-09-19T20:01:39Z,2026-09-19T20:01:39Z,thames_api
thames:TWL00267,thames,2023-06-08T23:00:00Z,2023-06-11T08:30:00Z,feed,2026-09-19T20:01:39Z,2026-09-19T20:01:39Z,thames_api
thames:TWL00267,thames,2023-08-01T15:00:00Z,2023-08-14T09:15:00Z,feed,2026-09-19T20:01:39Z,2026-09-19T20:01:39Z,thames_api
thames:TWL00267,thames,2023-11-15T02:00:00Z,2023-11-23T10:15:00Z,feed,2026-09-19T20:01:39Z,2026-09-19T20:01:39Z,thames_api
thames:TWL00267,thames,2023-12-12T15:00:00Z,2023-12-19T08:30:00Z,feed,2026-09-19T20:01:39Z,2026-09-19T20:01:39Z,thames_api
thames:TWL00267,thames,2024-01-29T16:15:00Z,2024-02-12T08:30:00Z,feed,2026-09-19T20:01:39Z,2026-09-19T20:01:39Z,thames_api
thames:TWL00267,thames,2024-04-08T15:00:00Z,2024-04-15T07:45:00Z,feed,2026-09-19T20:01:39Z,2026-09-19T20:01:39Z,thames_api
thames:TWL00267,thames,2024-04-15T13:00:00Z,2024-04-29T08:15:00Z,feed,2026-09-19T20:01:39Z,2026-09-19T20:01:39Z,thames_api
thames:TWL00267,thames,2024-05-11T06:00:00Z,2024-05-17T14:15:00Z,feed,2026-09-19T20:01:39Z,2026-09-19T20:01:39Z,thames_api
thames:TWL00267,thames,2025-04-20T10:00:00Z,2025-05-08T07:00:00Z,feed,2026-09-19T20:01:39Z,2026-09-19T20:01:39Z,thames_api
thames:TWL00270,thames,2025-07-14T11:20:00Z,2025-07-21T07:38:00Z,feed,2026-09-19T20:01:39Z,2026-09-19T20:01:39Z,thames_api
thames:TWL00271,thames,2023-12-19T11:15:00Z,2024-01-12T15:45:00Z,feed,2026-09-19T20:01:39Z,2026-09-19T20:01:39Z,thames_api
thames:TWL00272,thames,2022-04-01T00:00:00Z,2022-04-27T08:15:00Z,feed,2026-09-19T20:01:39Z,2026-09-19T20:01:39Z,thames_api
thames:TWL00272,thames,2024-01-02T08:00:00Z,2024-01-23T08:45:00Z,feed,2026-09-19T20:01:39Z,2026-09-19T20:01:39Z,thames_api
thames:TWL00272,thames,2024-04-30T08:00:00Z,2024-05-07T15:15:00Z,feed,2026-09-19T20:01:39Z,2026-09-19T20:01:39Z,thames_api
thames:TWL00272,thames,2024-05-21T08:00:00Z,2024-05-29T10:00:00Z,feed,2026-09-19T20:01:39Z,2026-09-19T20:01:39Z,thames_api
thames:TWL00272,thames,2025-03-20T08:00:00Z,2025-04-12T19:00:00Z,feed,2026-09-19T20:01:39Z,2026-09-19T20:01:39Z,thames_api
thames:TWL00272,thames,2025-11-24T08:00:00Z,2025-11-28T09:30:00Z,feed,2026-09-19T20:01:39Z,2026-09-19T20:01:39Z,thames_api
thames:TWL00272,thames,2026-05-16T18:00:00Z,2026-05-26T13:30:00Z,feed,2026-09-19T20:01:39Z,2026-09-19T20:01:39Z,thames_api
thames:TWL00273,thames,2023-10-22T13:22:00Z,2023-10-24T12:52:00Z,feed,2026-09-19T20:01:39Z,2026-09-19T20:01:39Z,thames_api
thames:TWL00273,thames,2026-07-23T18:00:00Z,2026-08-04T07:46:00Z,feed,2026-09-19T20:01:39Z,2026-09-19T20:01:39Z,thames_api
thames:TWL00274,thames,2022-11-28T17:52:00Z,2023-10-09T13:42:00Z,feed,2026-09-19T20:01:39Z,2026-09-19T20:01:39Z,thames_api
thames:TWL00275,thames,2022-04-01T00:00:00Z,2024-12-31T23:45:00Z,feed,2026-09-19T20:01:39Z,2026-09-19T20:01:39Z,thames_api
thames:TWL00275,thames,2025-05-19T05:00:00Z,2025-06-05T12:45:00Z,feed,2026-09-19T20:01:39Z,2026-09-19T20:01:39Z,thames_api
thames:TWL00275,thames,2025-09-28T16:00:00Z,2025-10-03T07:15:00Z,feed,2026-09-19T20:01:39Z,2026-09-19T20:01:39Z,thames_api
thames:TWL00275,thames,2025-10-12T16:00:00Z,2025-10-20T07:30:00Z,feed,2026-09-19T20:01:39Z,2026-09-19T20:01:39Z,thames_api
thames:TWL00275,thames,2025-10-20T16:00:00Z,2025-10-24T10:30:00Z,feed,2026-09-19T20:01:39Z,2026-09-19T20:01:39Z,thames_api
thames:TWL00275,thames,2025-10-24T11:00:00Z,2025-11-06T08:15:00Z,feed,2026-09-19T20:01:39Z,2026-09-19T20:01:39Z,thames_api
thames:TWL00275,thames,2026-08-03T16:00:00Z,2026-08-19T12:30:00Z,feed,2026-09-19T20:01:39Z,2026-09-19T20:01:39Z,thames_api
thames:TWL00278,thames,2023-08-04T20:00:00Z,2023-08-11T07:45:00Z,feed,2026-09-19T20:01:39Z,2026-09-19T20:01:39Z,thames_api
thames:TWL00278,thames,2023-10-28T20:00:00Z,2023-11-08T09:15:00Z,feed,2026-09-19T20:01:39Z,2026-09-19T20:01:39Z,thames_api
thames:TWL00278,thames,2025-05-04T20:00:00Z,2025-05-12T07:30:00Z,feed,2026-09-19T20:01:39Z,2026-09-19T20:01:39Z,thames_api
thames:TWL00279,thames,2025-01-12T03:00:00Z,2025-01-17T08:15:00Z,feed,2026-09-19T20:01:39Z,2026-09-19T20:01:39Z,thames_api
thames:TWL00279,thames,2025-12-29T10:00:00Z,2026-01-23T08:15:00Z,feed,2026-09-19T20:01:39Z,2026-09-19T20:01:39Z,thames_api
thames:TWL00279,thames,2026-03-13T03:30:00Z,2026-03-13T04:45:00Z,feed,2026-09-19T20:01:39Z,2026-09-19T20:01:39Z,thames_api
thames:TWL00279,thames,2026-03-18T08:00:00Z,2026-03-18T12:00:00Z,feed,2026-09-19T20:01:39Z,2026-09-19T20:01:39Z,thames_api
thames:TWL00279,thames,2026-03-18T15:30:00Z,2026-03-18T22:30:00Z,feed,2026-09-19T20:01:39Z,2026-09-19T20:01:39Z,thames_api
thames:TWL00279,thames,2026-03-19T03:30:00Z,2026-03-19T05:00:00Z,feed,2026-09-19T20:01:39Z,2026-09-19T20:01:39Z,thames_api
thames:TWL00279,thames,2026-03-19T07:15:00Z,2026-03-26T07:45:00Z,feed,2026-09-19T20:01:39Z,2026-09-19T20:01:39Z,thames_api
thames:TWL00279,thames,2026-06-26T11:15:00Z,2026-06-26T11:30:00Z,feed,2026-09-19T20:01:39Z,2026-09-19T20:01:39Z,thames_api
thames:TWL00279,thames,2026-06-26T15:00:00Z,2026-06-26T15:45:00Z,feed,2026-09-19T20:01:39Z,2026-09-19T20:01:39Z,thames_api
thames:TWL00279,thames,2026-06-26T16:15:00Z,2026-06-26T17:30:00Z,feed,2026-09-19T20:01:39Z,2026-09-19T20:01:39Z,thames_api
thames:TWL00279,thames,2026-06-30T10:45:00Z,2026-06-30T11:15:00Z,feed,2026-09-19T20:01:39Z,2026-09-19T20:01:39Z,thames_api
thames:TWL00284,thames,2022-07-11T11:00:00Z,2022-07-18T09:00:00Z,feed,2026-09-19T20:01:39Z,2026-09-19T20:01:39Z,thames_api
thames:TWL00284,thames,2022-07-19T11:30:00Z,2022-07-24T09:30:00Z,feed,2026-09-19T20:01:39Z,2026-09-19T20:01:39Z,thames_api
thames:TWL00284,thames,2022-07-30T07:45:00Z,2022-08-05T09:45:00Z,feed,2026-09-19T20:01:39Z,2026-09-19T20:01:39Z,thames_api
thames:TWL00284,thames,2022-08-14T10:30:00Z,2022-08-16T23:30:00Z,feed,2026-09-19T20:01:39Z,2026-09-19T20:01:39Z,thames_api
thames:TWL00284,thames,2022-12-21T08:30:00Z,2022-12-21T10:00:00Z,feed,2026-09-19T20:01:39Z,2026-09-19T20:01:39Z,thames_api
thames:TWL00284,thames,2024-01-18T08:45:00Z,2024-01-23T14:45:00Z,feed,2026-09-19T20:01:39Z,2026-09-19T20:01:39Z,thames_api
thames:TWL00284,thames,2025-02-10T11:15:00Z,2025-03-03T08:45:00Z,feed,2026-09-19T20:01:39Z,2026-09-19T20:01:39Z,thames_api
thames:TWL00284,thames,2025-11-03T07:45:00Z,2025-11-03T11:15:00Z,feed,2026-09-19T20:01:39Z,2026-09-19T20:01:39Z,thames_api
thames:TWL00284,thames,2026-01-06T08:30:00Z,2026-01-23T08:15:00Z,feed,2026-09-19T20:01:39Z,2026-09-19T20:01:39Z,thames_api
thames:TWL00286,thames,2022-04-01T00:00:00Z,2022-04-27T10:15:00Z,feed,2026-09-19T20:01:39Z,2026-09-19T20:01:39Z,thames_api
thames:TWL00286,thames,2026-07-21T12:15:00Z,2026-07-28T07:45:00Z,feed,2026-09-19T20:01:39Z,2026-09-19T20:01:39Z,thames_api
thames:TWL00287,thames,2022-04-01T00:00:00Z,2022-04-27T06:15:00Z,feed,2026-09-19T20:01:39Z,2026-09-19T20:01:39Z,thames_api
thames:TWL00287,thames,2023-02-19T18:45:00Z,2023-03-06T16:45:00Z,feed,2026-09-19T20:01:39Z,2026-09-19T20:01:39Z,thames_api
thames:TWL00287,thames,2023-05-30T09:30:00Z,2023-06-06T08:15:00Z,feed,2026-09-19T20:01:39Z,2026-09-19T20:01:39Z,thames_api
thames:TWL00288,thames,2024-01-19T10:00:00Z,2024-01-26T09:15:00Z,feed,2026-09-19T20:01:39Z,2026-09-19T20:01:39Z,thames_api
thames:TWL00288,thames,2025-06-17T07:00:00Z,2025-07-07T07:15:00Z,feed,2026-09-19T20:01:39Z,2026-09-19T20:01:39Z,thames_api
thames:TWL00291,thames,2023-06-17T07:00:00Z,2023-08-03T10:45:00Z,feed,2026-09-19T20:01:39Z,2026-09-19T20:01:39Z,thames_api
thames:TWL00291,thames,2024-06-27T18:00:00Z,2024-07-10T07:45:00Z,feed,2026-09-19T20:01:39Z,2026-09-19T20:01:39Z,thames_api
thames:TWL00291,thames,2025-01-23T07:00:00Z,2025-01-28T14:00:00Z,feed,2026-09-19T20:01:39Z,2026-09-19T20:01:39Z,thames_api
thames:TWL00291,thames,2025-08-02T07:00:00Z,2025-08-11T07:15:00Z,feed,2026-09-19T20:01:39Z,2026-09-19T20:01:39Z,thames_api
thames:TWL00292,thames,2024-11-14T15:15:00Z,2024-11-19T08:15:00Z,feed,2026-09-19T20:01:39Z,2026-09-19T20:01:39Z,thames_api
thames:TWL00293,thames,2022-09-12T08:45:00Z,2022-11-15T08:30:00Z,feed,2026-09-19T20:01:39Z,2026-09-19T20:01:39Z,thames_api
thames:TWL00293,thames,2023-02-15T10:00:00Z,2023-02-15T18:30:00Z,feed,2026-09-19T20:01:39Z,2026-09-19T20:01:39Z,thames_api
thames:TWL00293,thames,2023-07-06T07:45:00Z,2023-08-21T10:30:00Z,feed,2026-09-19T20:01:39Z,2026-09-19T20:01:39Z,thames_api
thames:TWL00293,thames,2023-08-22T08:00:00Z,2023-09-06T07:15:00Z,feed,2026-09-19T20:01:39Z,2026-09-19T20:01:39Z,thames_api
thames:TWL00293,thames,2023-09-06T07:45:00Z,2023-09-12T12:00:00Z,feed,2026-09-19T20:01:39Z,2026-09-19T20:01:39Z,thames_api
thames:TWL00293,thames,2023-09-14T11:30:00Z,2023-09-22T10:45:00Z,feed,2026-09-19T20:01:39Z,2026-09-19T20:01:39Z,thames_api
thames:TWL00293,thames,2025-10-01T11:15:00Z,2025-10-10T10:30:00Z,feed,2026-09-19T20:01:39Z,2026-09-19T20:01:39Z,thames_api
thames:TWL00293,thames,2026-08-04T02:00:00Z,2026-08-14T07:15:00Z,feed,2026-09-19T20:01:39Z,2026-09-19T20:01:39Z,thames_api
thames:TWL00298,thames,2023-06-27T07:45:00Z,2023-07-28T09:00:00Z,feed,2026-09-19T20:01:39Z,2026-09-19T20:01:39Z,thames_api
thames:TWL00298,thames,2023-08-23T06:00:00Z,2023-09-04T09:45:00Z,feed,2026-09-19T20:01:39Z,2026-09-19T20:01:39Z,thames_api
thames:TWL00298,thames,2023-09-29T06:00:00Z,2023-10-13T14:30:00Z,feed,2026-09-19T20:01:39Z,2026-09-19T20:01:39Z,thames_api
thames:TWL00298,thames,2025-04-01T08:00:00Z,2025-04-02T16:15:00Z,feed,2026-09-19T20:01:39Z,2026-09-19T20:01:39Z,thames_api
thames:TWL00299,thames,2022-12-12T21:30:00Z,2022-12-20T07:30:00Z,feed,2026-09-19T20:01:39Z,2026-09-19T20:01:39Z,thames_api
thames:TWL00299,thames,2023-03-15T08:15:00Z,2023-03-24T11:45:00Z,feed,2026-09-19T20:01:39Z,2026-09-19T20:01:39Z,thames_api
thames:TWL00299,thames,2023-10-28T06:45:00Z,2023-11-14T10:00:00Z,feed,2026-09-19T20:01:39Z,2026-09-19T20:01:39Z,thames_api
thames:TWL00300,thames,2022-04-01T00:00:00Z,2024-12-31T23:45:00Z,feed,2026-09-19T20:01:39Z,2026-09-19T20:01:39Z,thames_api
thames:TWL00301,thames,2022-08-01T08:00:00Z,2022-11-15T08:45:00Z,feed,2026-09-19T20:01:39Z,2026-09-19T20:01:39Z,thames_api
thames:TWL00301,thames,2023-07-26T05:30:00Z,2023-08-04T07:30:00Z,feed,2026-09-19T20:01:39Z,2026-09-19T20:01:39Z,thames_api
thames:TWL00301,thames,2024-02-09T04:00:00Z,2024-02-23T08:30:00Z,feed,2026-09-19T20:01:39Z,2026-09-19T20:01:39Z,thames_api
thames:TWL00302,thames,2025-10-03T12:30:00Z,2025-10-04T15:15:00Z,feed,2026-09-19T20:01:39Z,2026-09-19T20:01:39Z,thames_api
thames:TWL00302,thames,2025-10-19T13:30:00Z,2025-10-21T03:45:00Z,feed,2026-09-19T20:01:39Z,2026-09-19T20:01:39Z,thames_api
thames:TWL00302,thames,2025-10-22T19:30:00Z,2025-10-22T21:45:00Z,feed,2026-09-19T20:01:39Z,2026-09-19T20:01:39Z,thames_api
thames:TWL00302,thames,2025-10-22T22:30:00Z,2025-10-23T04:30:00Z,feed,2026-09-19T20:01:39Z,2026-09-19T20:01:39Z,thames_api
thames:TWL00302,thames,2026-01-08T23:00:00Z,2026-01-09T00:45:00Z,feed,2026-09-19T20:01:39Z,2026-09-19T20:01:39Z,thames_api
thames:TWL00302,thames,2026-01-09T02:45:00Z,2026-01-09T04:15:00Z,feed,2026-09-19T20:01:39Z,2026-09-19T20:01:39Z,thames_api
thames:TWL00302,thames,2026-02-11T21:15:00Z,2026-02-11T22:15:00Z,feed,2026-09-19T20:01:39Z,2026-09-19T20:01:39Z,thames_api
thames:TWL00303,thames,2025-05-29T14:45:00Z,2025-06-03T07:45:00Z,feed,2026-09-19T20:01:39Z,2026-09-19T20:01:39Z,thames_api
thames:TWL00304,thames,2022-04-01T00:00:00Z,2026-05-28T17:26:00Z,feed,2026-09-19T20:01:39Z,2026-09-19T20:01:39Z,thames_api
thames:TWL00304,thames,2026-05-29T13:16:00Z,2026-05-29T13:58:00Z,feed,2026-09-19T20:01:39Z,2026-09-19T20:01:39Z,thames_api
thames:TWL00306,thames,2025-01-30T11:15:00Z,2025-02-11T08:45:00Z,feed,2026-09-19T20:01:39Z,2026-09-19T20:01:39Z,thames_api
thames:TWL00307,thames,2022-04-01T00:00:00Z,2022-11-17T11:45:00Z,feed,2026-09-19T20:01:39Z,2026-09-19T20:01:39Z,thames_api
thames:TWL00307,thames,2024-09-10T15:00:00Z,2024-10-18T08:00:00Z,feed,2026-09-19T20:01:39Z,2026-09-19T20:01:39Z,thames_api
thames:TWL00310,thames,2023-07-15T09:00:00Z,2023-08-11T07:15:00Z,feed,2026-09-19T20:01:39Z,2026-09-19T20:01:39Z,thames_api
thames:TWL00310,thames,2023-09-03T04:00:00Z,2023-09-20T13:30:00Z,feed,2026-09-19T20:01:39Z,2026-09-19T20:01:39Z,thames_api
thames:TWL00310,thames,2025-06-06T08:15:00Z,2025-06-19T08:15:00Z,feed,2026-09-19T20:01:39Z,2026-09-19T20:01:39Z,thames_api
thames:TWL00311,thames,2022-11-28T15:36:00Z,2023-03-30T14:20:00Z,feed,2026-09-19T20:01:39Z,2026-09-19T20:01:39Z,thames_api
thames:TWL00311,thames,2023-04-26T07:56:00Z,2023-05-05T07:52:00Z,feed,2026-09-19T20:01:39Z,2026-09-19T20:01:39Z,thames_api
thames:TWL00311,thames,2023-05-05T07:56:00Z,2023-10-30T08:50:00Z,feed,2026-09-19T20:01:39Z,2026-09-19T20:01:39Z,thames_api
thames:TWL00311,thames,2025-10-09T08:40:00Z,2025-10-13T11:42:00Z,feed,2026-09-19T20:01:39Z,2026-09-19T20:01:39Z,thames_api
thames:TWL00312,thames,2025-07-21T12:58:00Z,2025-11-13T10:06:00Z,feed,2026-09-19T20:01:39Z,2026-09-19T20:01:39Z,thames_api
thames:TWL00315,thames,2023-05-21T20:00:00Z,2023-05-25T09:30:00Z,feed,2026-09-19T20:01:39Z,2026-09-19T20:01:39Z,thames_api
thames:TWL00315,thames,2023-06-29T05:00:00Z,2023-07-07T12:36:00Z,feed,2026-09-19T20:01:39Z,2026-09-19T20:01:39Z,thames_api
thames:TWL00316,thames,2022-04-01T00:00:00Z,2022-04-26T15:15:00Z,feed,2026-09-19T20:01:39Z,2026-09-19T20:01:39Z,thames_api
thames:TWL00316,thames,2023-11-26T15:00:00Z,2023-12-04T09:00:00Z,feed,2026-09-19T20:01:39Z,2026-09-19T20:01:39Z,thames_api
thames:TWL00317,thames,2022-08-17T14:46:00Z,2022-08-17T15:06:00Z,feed,2026-09-19T20:01:39Z,2026-09-19T20:01:39Z,thames_api
thames:TWL00317,thames,2022-08-17T15:58:00Z,2022-08-17T16:40:00Z,feed,2026-09-19T20:01:39Z,2026-09-19T20:01:39Z,thames_api
thames:TWL00317,thames,2022-10-01T19:56:00Z,2022-10-10T10:28:00Z,feed,2026-09-19T20:01:39Z,2026-09-19T20:01:39Z,thames_api
thames:TWL00317,thames,2023-09-20T03:00:00Z,2023-09-28T15:02:00Z,feed,2026-09-19T20:01:39Z,2026-09-19T20:01:39Z,thames_api
thames:TWL00317,thames,2023-09-28T20:00:00Z,2023-10-18T07:28:00Z,feed,2026-09-19T20:01:39Z,2026-09-19T20:01:39Z,thames_api
thames:TWL00317,thames,2023-10-20T03:22:00Z,2023-10-20T03:46:00Z,feed,2026-09-19T20:01:39Z,2026-09-19T20:01:39Z,thames_api
thames:TWL00317,thames,2024-01-04T19:14:00Z,2024-01-04T19:26:00Z,feed,2026-09-19T20:01:39Z,2026-09-19T20:01:39Z,thames_api
thames:TWL00317,thames,2024-07-06T02:18:00Z,2024-07-06T02:42:00Z,feed,2026-09-19T20:01:39Z,2026-09-19T20:01:39Z,thames_api
thames:TWL00317,thames,2024-09-23T02:42:00Z,2024-09-23T03:14:00Z,feed,2026-09-19T20:01:39Z,2026-09-19T20:01:39Z,thames_api
thames:TWL00317,thames,2025-06-13T03:00:00Z,2025-06-19T07:50:00Z,feed,2026-09-19T20:01:39Z,2026-09-19T20:01:39Z,thames_api
thames:TWL00317,thames,2025-06-19T07:56:00Z,2025-06-19T08:14:00Z,feed,2026-09-19T20:01:39Z,2026-09-19T20:01:39Z,thames_api
thames:TWL00317,thames,2025-07-01T11:48:00Z,2025-07-14T07:42:00Z,feed,2026-09-19T20:01:39Z,2026-09-19T20:01:39Z,thames_api
thames:TWL00318,thames,2024-12-27T06:00:00Z,2025-01-03T08:45:00Z,feed,2026-09-19T20:01:39Z,2026-09-19T20:01:39Z,thames_api
thames:TWL00318,thames,2025-05-02T07:00:00Z,2025-07-25T09:45:00Z,feed,2026-09-19T20:01:39Z,2026-09-19T20:01:39Z,thames_api
thames:TWL00318,thames,2026-05-14T04:00:00Z,2026-05-26T13:30:00Z,feed,2026-09-19T20:01:39Z,2026-09-19T20:01:39Z,thames_api
thames:TWL00319,thames,2023-01-16T08:44:00Z,2023-01-27T09:50:00Z,feed,2026-09-19T20:01:39Z,2026-09-19T20:01:39Z,thames_api
thames:TWL00319,thames,2023-04-12T07:58:00Z,2023-04-12T15:56:00Z,feed,2026-09-19T20:01:39Z,2026-09-19T20:01:39Z,thames_api
thames:TWL00319,thames,2023-05-16T07:42:00Z,2023-06-05T13:02:00Z,feed,2026-09-19T20:01:39Z,2026-09-19T20:01:39Z,thames_api
thames:TWL00319,thames,2023-06-19T07:36:00Z,2023-08-21T12:24:00Z,feed,2026-09-19T20:01:39Z,2026-09-19T20:01:39Z,thames_api
thames:TWL00319,thames,2023-12-01T14:18:00Z,2023-12-19T08:38:00Z,feed,2026-09-19T20:01:39Z,2026-09-19T20:01:39Z,thames_api
thames:TWL00319,thames,2024-01-11T08:32:00Z,2024-02-01T15:36:00Z,feed,2026-09-19T20:01:39Z,2026-09-19T20:01:39Z,thames_api
thames:TWL00319,thames,2024-02-02T11:08:00Z,2024-04-22T08:24:00Z,feed,2026-09-19T20:01:39Z,2026-09-19T20:01:39Z,thames_api
thames:TWL00319,thames,2024-05-08T07:06:00Z,2024-05-13T10:56:00Z,feed,2026-09-19T20:01:39Z,2026-09-19T20:01:39Z,thames_api
thames:TWL00319,thames,2024-06-04T05:00:00Z,2024-06-11T07:52:00Z,feed,2026-09-19T20:01:39Z,2026-09-19T20:01:39Z,thames_api
thames:TWL00319,thames,2024-07-07T05:00:00Z,2024-07-10T07:10:00Z,feed,2026-09-19T20:01:39Z,2026-09-19T20:01:39Z,thames_api
thames:TWL00319,thames,2024-10-15T15:06:00Z,2024-10-16T08:20:00Z,feed,2026-09-19T20:01:39Z,2026-09-19T20:01:39Z,thames_api
thames:TWL00320,thames,2022-11-25T13:00:00Z,2023-06-02T13:30:00Z,feed,2026-09-19T20:01:39Z,2026-09-19T20:01:39Z,thames_api
thames:TWL00320,thames,2023-06-02T14:00:00Z,2023-06-21T07:45:00Z,feed,2026-09-19T20:01:39Z,2026-09-19T20:01:39Z,thames_api
thames:TWL00320,thames,2025-05-20T08:00:00Z,2025-05-29T07:15:00Z,feed,2026-09-19T20:01:39Z,2026-09-19T20:01:39Z,thames_api
thames:TWL00321,thames,2026-08-25T17:00:00Z,2026-09-01T07:30:00Z,feed,2026-09-19T20:01:39Z,2026-09-19T20:01:39Z,thames_api
thames:TWL00323,thames,2023-06-15T11:00:00Z,2023-07-12T07:15:00Z,feed,2026-09-19T20:01:39Z,2026-09-19T20:01:39Z,thames_api
thames:TWL00323,thames,2023-10-17T09:45:00Z,2023-11-07T08:15:00Z,feed,2026-09-19T20:01:39Z,2026-09-19T20:01:39Z,thames_api
thames:TWL00324,thames,2023-02-27T14:00:00Z,2023-04-12T07:30:00Z,feed,2026-09-19T20:01:39Z,2026-09-19T20:01:39Z,thames_api
thames:TWL00324,thames,2024-10-16T14:00:00Z,2024-10-28T08:38:00Z,feed,2026-09-19T20:01:39Z,2026-09-19T20:01:39Z,thames_api
thames:TWL00325,thames,2022-04-01T00:00:00Z,2022-04-27T13:45:00Z,feed,2026-09-19T20:01:39Z,2026-09-19T20:01:39Z,thames_api
thames:TWL00326,thames,2023-06-03T07:00:00Z,2023-06-20T08:15:00Z,feed,2026-09-19T20:01:39Z,2026-09-19T20:01:39Z,thames_api
thames:TWL00326,thames,2023-07-05T07:00:00Z,2023-08-11T07:30:00Z,feed,2026-09-19T20:01:39Z,2026-09-19T20:01:39Z,thames_api
thames:TWL00326,thames,2023-08-20T07:00:00Z,2024-05-21T07:15:00Z,feed,2026-09-19T20:01:39Z,2026-09-19T20:01:39Z,thames_api
thames:TWL00326,thames,2025-04-23T07:00:00Z,2025-05-08T14:45:00Z,feed,2026-09-19T20:01:39Z,2026-09-19T20:01:39Z,thames_api
thames:TWL00327,thames,2024-11-28T16:48:00Z,2024-11-29T09:48:00Z,feed,2026-09-19T20:01:39Z,2026-09-19T20:01:39Z,thames_api
thames:TWL00327,thames,2025-03-26T10:10:00Z,2025-05-14T10:16:00Z,feed,2026-09-19T20:01:39Z,2026-09-19T20:01:39Z,thames_api
thames:TWL00328,thames,2023-06-19T10:00:00Z,2023-08-11T07:15:00Z,feed,2026-09-19T20:01:39Z,2026-09-19T20:01:39Z,thames_api
thames:TWL00328,thames,2023-10-16T08:00:00Z,2023-10-31T08:15:00Z,feed,2026-09-19T20:01:39Z,2026-09-19T20:01:39Z,thames_api
thames:TWL00328,thames,2023-11-07T08:00:00Z,2023-11-17T08:30:00Z,feed,2026-09-19T20:01:39Z,2026-09-19T20:01:39Z,thames_api
thames:TWL00328,thames,2024-07-16T10:15:00Z,2024-09-16T13:30:00Z,feed,2026-09-19T20:01:39Z,2026-09-19T20:01:39Z,thames_api
thames:TWL00328,thames,2025-02-06T09:15:00Z,2025-02-14T13:30:00Z,feed,2026-09-19T20:01:39Z,2026-09-19T20:01:39Z,thames_api
thames:TWL00328,thames,2025-03-31T09:45:00Z,2025-04-24T07:15:00Z,feed,2026-09-19T20:01:39Z,2026-09-19T20:01:39Z,thames_api
thames:TWL00330,thames,2023-01-24T09:45:00Z,2023-02-08T18:30:00Z,feed,2026-09-19T20:01:39Z,2026-09-19T20:01:39Z,thames_api
thames:TWL00330,thames,2023-03-02T14:00:00Z,2023-03-17T15:15:00Z,feed,2026-09-19T20:01:39Z,2026-09-19T20:01:39Z,thames_api
thames:TWL00330,thames,2023-04-18T08:00:00Z,2023-07-14T07:00:00Z,feed,2026-09-19T20:01:39Z,2026-09-19T20:01:39Z,thames_api
thames:TWL00330,thames,2026-04-09T17:00:00Z,2026-04-16T08:30:00Z,feed,2026-09-19T20:01:39Z,2026-09-19T20:01:39Z,thames_api
thames:TWL00330,thames,2026-06-30T10:45:00Z,2026-06-30T11:15:00Z,feed,2026-09-19T20:01:39Z,2026-09-19T20:01:39Z,thames_api
thames:TWL00331,thames,2026-05-29T07:30:00Z,2026-06-08T07:00:00Z,feed,2026-09-19T20:01:39Z,2026-09-19T20:01:39Z,thames_api
thames:TWL00332,thames,2023-01-23T08:45:00Z,2023-06-02T15:00:00Z,feed,2026-09-19T20:01:39Z,2026-09-19T20:01:39Z,thames_api
thames:TWL00332,thames,2024-05-13T12:00:00Z,2024-05-16T14:15:00Z,feed,2026-09-19T20:01:39Z,2026-09-19T20:01:39Z,thames_api
thames:TWL00335,thames,2022-04-01T00:00:00Z,2024-12-31T23:45:00Z,feed,2026-09-19T20:01:39Z,2026-09-19T20:01:39Z,thames_api
thames:TWL00335,thames,2026-07-09T06:30:00Z,2026-07-09T06:45:00Z,feed,2026-09-19T20:01:39Z,2026-09-19T20:01:39Z,thames_api
thames:TWL00335,thames,2026-07-13T16:00:00Z,2026-07-13T17:15:00Z,feed,2026-09-19T20:01:39Z,2026-09-19T20:01:39Z,thames_api
thames:TWL00336,thames,2022-04-01T00:00:00Z,2022-12-31T23:45:00Z,feed,2026-09-19T20:01:39Z,2026-09-19T20:01:39Z,thames_api
thames:TWL00336,thames,2025-05-18T21:00:00Z,2025-05-22T07:15:00Z,feed,2026-09-19T20:01:39Z,2026-09-19T20:01:39Z,thames_api
thames:TWL00337,thames,2022-04-01T00:00:00Z,2022-04-03T23:45:00Z,feed,2026-09-19T20:01:39Z,2026-09-19T20:01:39Z,thames_api
thames:TWL00337,thames,2023-02-12T20:00:00Z,2023-04-25T10:00:00Z,feed,2026-09-19T20:01:39Z,2026-09-19T20:01:39Z,thames_api
thames:TWL00338,thames,2022-04-01T00:00:00Z,2025-01-16T14:58:00Z,feed,2026-09-19T20:01:39Z,2026-09-19T20:01:39Z,thames_api
thames:TWL00338,thames,2025-04-02T07:08:00Z,2025-04-02T13:52:00Z,feed,2026-09-19T20:01:39Z,2026-09-19T20:01:39Z,thames_api
thames:TWL00338,thames,2025-05-14T04:54:00Z,2025-05-14T12:12:00Z,feed,2026-09-19T20:01:39Z,2026-09-19T20:01:39Z,thames_api
thames:TWL00338,thames,2025-06-04T08:16:00Z,2025-06-04T16:42:00Z,feed,2026-09-19T20:01:39Z,2026-09-19T20:01:39Z,thames_api
thames:TWL00338,thames,2025-06-11T06:26:00Z,2025-06-11T16:14:00Z,feed,2026-09-19T20:01:39Z,2026-09-19T20:01:39Z,thames_api
thames:TWL00338,thames,2025-06-18T07:50:00Z,2025-06-18T16:00:00Z,feed,2026-09-19T20:01:39Z,2026-09-19T20:01:39Z,thames_api
thames:TWL00338,thames,2025-06-25T06:18:00Z,2025-06-25T14:30:00Z,feed,2026-09-19T20:01:39Z,2026-09-19T20:01:39Z,thames_api
thames:TWL00338,thames,2025-07-02T08:36:00Z,2025-07-02T14:50:00Z,feed,2026-09-19T20:01:39Z,2026-09-19T20:01:39Z,thames_api
thames:TWL00338,thames,2025-07-09T08:32:00Z,2025-07-09T12:12:00Z,feed,2026-09-19T20:01:39Z,2026-09-19T20:01:39Z,thames_api
thames:TWL00338,thames,2025-07-10T08:22:00Z,2025-07-10T14:40:00Z,feed,2026-09-19T20:01:39Z,2026-09-19T20:01:39Z,thames_api
thames:TWL00338,thames,2025-07-16T08:40:00Z,2025-07-16T15:16:00Z,feed,2026-09-19T20:01:39Z,2026-09-19T20:01:39Z,thames_api
thames:TWL00338,thames,2025-07-21T09:56:00Z,2025-07-21T17:06:00Z,feed,2026-09-19T20:01:39Z,2026-09-19T20:01:39Z,thames_api
thames:TWL00338,thames,2025-07-22T09:48:00Z,2025-07-31T18:16:00Z,feed,2026-09-19T20:01:39Z,2026-09-19T20:01:39Z,thames_api
thames:TWL00338,thames,2025-08-06T08:24:00Z,2025-08-06T08:58:00Z,feed,2026-09-19T20:01:39Z,2026-09-19T20:01:39Z,thames_api
thames:TWL00338,thames,2025-08-07T07:38:00Z,2025-08-07T10:06:00Z,feed,2026-09-19T20:01:39Z,2026-09-19T20:01:39Z,thames_api
thames:TWL00338,thames,2025-08-13T08:14:00Z,2025-08-13T14:34:00Z,feed,2026-09-19T20:01:39Z,2026-09-19T20:01:39Z,thames_api
thames:TWL00338,thames,2025-08-19T12:34:00Z,2025-08-19T15:34:00Z,feed,2026-09-19T20:01:39Z,2026-09-19T20:01:39Z,thames_api
thames:TWL00338,thames,2025-08-21T07:34:00Z,2025-08-21T10:20:00Z,feed,2026-09-19T20:01:39Z,2026-09-19T20:01:39Z,thames_api
thames:TWL00338,thames,2025-09-03T08:42:00Z,2025-09-03T16:36:00Z,feed,2026-09-19T20:01:39Z,2026-09-19T20:01:39Z,thames_api
thames:TWL00338,thames,2025-09-17T08:02:00Z,2025-09-17T15:36:00Z,feed,2026-09-19T20:01:39Z,2026-09-19T20:01:39Z,thames_api
thames:TWL00338,thames,2025-09-19T11:46:00Z,2025-09-19T16:12:00Z,feed,2026-09-19T20:01:39Z,2026-09-19T20:01:39Z,thames_api
thames:TWL00338,thames,2025-09-22T11:42:00Z,2025-09-22T15:46:00Z,feed,2026-09-19T20:01:39Z,2026-09-19T20:01:39Z,thames_api
thames:TWL00338,thames,2025-09-25T03:38:00Z,2025-09-25T06:40:00Z,feed,2026-09-19T20:01:39Z,2026-09-19T20:01:39Z,thames_api
thames:TWL00338,thames,2025-10-15T07:36:00Z,2025-10-15T13:18:00Z,feed,2026-09-19T20:01:39Z,2026-09-19T20:01:39Z,thames_api
thames:TWL00338,thames,2025-10-16T08:06:00Z,2025-10-16T16:08:00Z,feed,2026-09-19T20:01:39Z,2026-09-19T20:01:39Z,thames_api
thames:TWL00338,thames,2025-10-29T08:32:00Z,2025-10-29T17:34:00Z,feed,2026-09-19T20:01:39Z,2026-09-19T20:01:39Z,thames_api
thames:TWL00338,thames,2025-11-05T07:34:00Z,2025-11-05T12:06:00Z,feed,2026-09-19T20:01:39Z,2026-09-19T20:01:39Z,thames_api
thames:TWL00338,thames,2025-11-11T09:48:00Z,2025-11-11T16:54:00Z,feed,2026-09-19T20:01:39Z,2026-09-19T20:01:39Z,thames_api
thames:TWL00338,thames,2025-11-18T09:34:00Z,2025-11-18T15:20:00Z,feed,2026-09-19T20:01:39Z,2026-09-19T20:01:39Z,thames_api
thames:TWL00338,thames,2025-11-26T09:44:00Z,2025-11-26T17:12:00Z,feed,2026-09-19T20:01:39Z,2026-09-19T20:01:39Z,thames_api
thames:TWL00338,thames,2025-11-27T10:42:00Z,2025-11-28T08:16:00Z,feed,2026-09-19T20:01:39Z,2026-09-19T20:01:39Z,thames_api
thames:TWL00338,thames,2025-12-03T08:42:00Z,2025-12-03T14:20:00Z,feed,2026-09-19T20:01:39Z,2026-09-19T20:01:39Z,thames_api
thames:TWL00338,thames,2025-12-10T08:20:00Z,2025-12-10T15:28:00Z,feed,2026-09-19T20:01:39Z,2026-09-19T20:01:39Z,thames_api
thames:TWL00338,thames,2025-12-17T09:10:00Z,2025-12-17T14:24:00Z,feed,2026-09-19T20:01:39Z,2026-09-19T20:01:39Z,thames_api
thames:TWL00338,thames,2025-12-18T07:56:00Z,2025-12-18T17:54:00Z,feed,2026-09-19T20:01:39Z,2026-09-19T20:01:39Z,thames_api
thames:TWL00338,thames,2025-12-24T13:34:00Z,2025-12-24T16:36:00Z,feed,2026-09-19T20:01:39Z,2026-09-19T20:01:39Z,thames_api
thames:TWL00338,thames,2026-01-22T09:02:00Z,2026-01-22T12:58:00Z,feed,2026-09-19T20:01:39Z,2026-09-19T20:01:39Z,thames_api
thames:TWL00338,thames,2026-01-29T09:24:00Z,2026-01-29T16:46:00Z,feed,2026-09-19T20:01:39Z,2026-09-19T20:01:39Z,thames_api
thames:TWL00338,thames,2026-02-19T08:38:00Z,2026-02-19T16:40:00Z,feed,2026-09-19T20:01:39Z,2026-09-19T20:01:39Z,thames_api
thames:TWL00338,thames,2026-02-20T12:24:00Z,2026-02-20T15:56:00Z,feed,2026-09-19T20:01:39Z,2026-09-19T20:01:39Z,thames_api
thames:TWL00338,thames,2026-02-25T09:20:00Z,2026-02-25T13:58:00Z,feed,2026-09-19T20:01:39Z,2026-09-19T20:01:39Z,thames_api
thames:TWL00338,thames,2026-03-02T14:10:00Z,2026-03-02T17:16:00Z,feed,2026-09-19T20:01:39Z,2026-09-19T20:01:39Z,thames_api
thames:TWL00338,thames,2026-03-18T08:22:00Z,2026-03-18T11:32:00Z,feed,2026-09-19T20:01:39Z,2026-09-19T20:01:39Z,thames_api
thames:TWL00338,thames,2026-04-28T08:38:00Z,2026-04-28T15:54:00Z,feed,2026-09-19T20:01:39Z,2026-09-19T20:01:39Z,thames_api
thames:TWL00338,thames,2026-05-05T07:10:00Z,2026-05-05T14:36:00Z,feed,2026-09-19T20:01:39Z,2026-09-19T20:01:39Z,thames_api
thames:TWL00338,thames,2026-05-12T10:00:00Z,2026-05-12T15:12:00Z,feed,2026-09-19T20:01:39Z,2026-09-19T20:01:39Z,thames_api
thames:TWL00338,thames,2026-05-14T03:06:00Z,2026-05-14T09:12:00Z,feed,2026-09-19T20:01:39Z,2026-09-19T20:01:39Z,thames_api
thames:TWL00338,thames,2026-05-15T09:02:00Z,2026-05-15T13:08:00Z,feed,2026-09-19T20:01:39Z,2026-09-19T20:01:39Z,thames_api
thames:TWL00338,thames,2026-05-26T03:14:00Z,2026-05-26T08:28:00Z,feed,2026-09-19T20:01:39Z,2026-09-19T20:01:39Z,thames_api
thames:TWL00338,thames,2026-05-27T06:34:00Z,2026-05-27T16:08:00Z,feed,2026-09-19T20:01:39Z,2026-09-19T20:01:39Z,thames_api
thames:TWL00338,thames,2026-05-28T06:28:00Z,2026-05-28T15:30:00Z,feed,2026-09-19T20:01:39Z,2026-09-19T20:01:39Z,thames_api
thames:TWL00338,thames,2026-05-29T08:38:00Z,2026-05-29T12:10:00Z,feed,2026-09-19T20:01:39Z,2026-09-19T20:01:39Z,thames_api
thames:TWL00338,thames,2026-06-01T06:44:00Z,2026-06-02T04:26:00Z,feed,2026-09-19T20:01:39Z,2026-09-19T20:01:39Z,thames_api
thames:TWL00338,thames,2026-06-09T09:22:00Z,2026-06-09T11:42:00Z,feed,2026-09-19T20:01:39Z,2026-09-19T20:01:39Z,thames_api
thames:TWL00338,thames,2026-06-10T07:18:00Z,2026-06-10T14:48:00Z,feed,2026-09-19T20:01:39Z,2026-09-19T20:01:39Z,thames_api
thames:TWL00338,thames,2026-06-19T07:10:00Z,2026-06-19T14:16:00Z,feed,2026-09-19T20:01:39Z,2026-09-19T20:01:39Z,thames_api
thames:TWL00338,thames,2026-07-01T02:44:00Z,2026-07-01T06:24:00Z,feed,2026-09-19T20:01:39Z,2026-09-19T20:01:39Z,thames_api
thames:TWL00338,thames,2026-07-15T07:52:00Z,2026-07-15T11:26:00Z,feed,2026-09-19T20:01:39Z,2026-09-19T20:01:39Z,thames_api
thames:TWL00338,thames,2026-07-29T08:02:00Z,2026-07-29T14:22:00Z,feed,2026-09-19T20:01:39Z,2026-09-19T20:01:39Z,thames_api
thames:TWL00338,thames,2026-07-30T07:04:00Z,2026-07-30T15:36:00Z,feed,2026-09-19T20:01:39Z,2026-09-19T20:01:39Z,thames_api
thames:TWL00338,thames,2026-08-13T09:02:00Z,2026-08-13T13:54:00Z,feed,2026-09-19T20:01:39Z,2026-09-19T20:01:39Z,thames_api
thames:TWL00338,thames,2026-08-19T07:46:00Z,2026-08-19T10:38:00Z,feed,2026-09-19T20:01:39Z,2026-09-19T20:01:39Z,thames_api
thames:TWL00338,thames,2026-08-21T07:24:00Z,2026-08-21T13:38:00Z,feed,2026-09-19T20:01:39Z,2026-09-19T20:01:39Z,thames_api
thames:TWL00338,thames,2026-09-09T07:42:00Z,2026-09-09T13:42:00Z,feed,2026-09-19T20:01:39Z,2026-09-19T20:01:39Z,thames_api
thames:TWL00338,thames,2026-09-10T03:18:00Z,2026-09-10T12:40:00Z,feed,2026-09-19T20:01:39Z,2026-09-19T20:01:39Z,thames_api
thames:TWL00338,thames,2026-09-15T08:42:00Z,2026-09-15T11:24:00Z,feed,2026-09-19T20:01:39Z,2026-09-19T20:01:39Z,thames_api
thames:TWL00339,thames,2023-05-31T08:00:00Z,2023-06-05T12:30:00Z,feed,2026-09-19T20:01:39Z,2026-09-19T20:01:39Z,thames_api
thames:TWL00340,thames,2024-09-13T10:00:00Z,2024-09-30T10:00:00Z,feed,2026-09-19T20:01:39Z,2026-09-19T20:01:39Z,thames_api
thames:TWL00341,thames,2022-04-01T00:00:00Z,2023-01-12T21:02:00Z,feed,2026-09-19T20:01:39Z,2026-09-19T20:01:39Z,thames_api
thames:TWL00341,thames,2023-09-03T06:00:00Z,2023-09-20T13:38:00Z,feed,2026-09-19T20:01:39Z,2026-09-19T20:01:39Z,thames_api
thames:TWL00341,thames,2023-12-12T22:00:00Z,2023-12-19T08:42:00Z,feed,2026-09-19T20:01:39Z,2026-09-19T20:01:39Z,thames_api
thames:TWL00341,thames,2024-05-30T07:18:00Z,2024-07-01T09:44:00Z,feed,2026-09-19T20:01:39Z,2026-09-19T20:01:39Z,thames_api
thames:TWL00341,thames,2025-08-03T08:00:00Z,2025-08-07T07:28:00Z,feed,2026-09-19T20:01:39Z,2026-09-19T20:01:39Z,thames_api
thames:TWL00341,thames,2025-08-29T08:00:00Z,2025-09-04T07:20:00Z,feed,2026-09-19T20:01:39Z,2026-09-19T20:01:39Z,thames_api
thames:TWL00341,thames,2025-09-06T08:00:00Z,2025-09-16T07:22:00Z,feed,2026-09-19T20:01:39Z,2026-09-19T20:01:39Z,thames_api
thames:TWL00341,thames,2025-10-23T08:00:00Z,2025-11-03T08:48:00Z,feed,2026-09-19T20:01:39Z,2026-09-19T20:01:39Z,thames_api
thames:TWL00341,thames,2025-11-11T08:00:00Z,2025-11-14T08:40:00Z,feed,2026-09-19T20:01:39Z,2026-09-19T20:01:39Z,thames_api
thames:TWL00341,thames,2026-04-16T08:00:00Z,2026-04-30T07:40:00Z,feed,2026-09-19T20:01:39Z,2026-09-19T20:01:39Z,thames_api
thames:TWL00341,thames,2026-05-12T08:00:00Z,2026-05-20T07:38:00Z,feed,2026-09-19T20:01:39Z,2026-09-19T20:01:39Z,thames_api
thames:TWL00341,thames,2026-06-19T12:12:00Z,2026-06-19T12:58:00Z,feed,2026-09-19T20:01:39Z,2026-09-19T20:01:39Z,thames_api
thames:TWL00341,thames,2026-07-03T10:46:00Z,2026-07-24T08:02:00Z,feed,2026-09-19T20:01:39Z,2026-09-19T20:01:39Z,thames_api
thames:TWL00343,thames,2022-04-01T00:00:00Z,2023-11-10T09:15:00Z,feed,2026-09-19T20:01:39Z,2026-09-19T20:01:39Z,thames_api
thames:TWL00343,thames,2025-10-16T13:30:00Z,2025-10-20T10:45:00Z,feed,2026-09-19T20:01:39Z,2026-09-19T20:01:39Z,thames_api
thames:TWL00344,thames,2022-11-24T12:26:00Z,2022-12-21T09:10:00Z,feed,2026-09-19T20:01:39Z,2026-09-19T20:01:39Z,thames_api
thames:TWL00344,thames,2025-08-14T01:00:00Z,2025-09-15T07:18:00Z,feed,2026-09-19T20:01:39Z,2026-09-19T20:01:39Z,thames_api
thames:TWL00344,thames,2026-01-22T15:42:00Z,2026-02-06T09:26:00Z,feed,2026-09-19T20:01:39Z,2026-09-19T20:01:39Z,thames_api
thames:TWL00345,thames,2025-05-11T11:00:00Z,2025-05-21T07:28:00Z,feed,2026-09-19T20:01:39Z,2026-09-19T20:01:39Z,thames_api
thames:TWL00345,thames,2025-06-28T09:00:00Z,2025-07-11T09:36:00Z,feed,2026-09-19T20:01:39Z,2026-09-19T20:01:39Z,thames_api
thames:TWL00345,thames,2026-02-10T03:00:00Z,2026-02-23T14:58:00Z,feed,2026-09-19T20:01:39Z,2026-09-19T20:01:39Z,thames_api
thames:TWL00347,thames,2022-05-05T03:15:00Z,2022-05-30T07:45:00Z,feed,2026-09-19T20:01:39Z,2026-09-19T20:01:39Z,thames_api
thames:TWL00347,thames,2025-09-29T07:45:00Z,2025-10-09T07:15:00Z,feed,2026-09-19T20:01:39Z,2026-09-19T20:01:39Z,thames_api
thames:TWL00349,thames,2024-01-12T12:45:00Z,2024-01-29T08:45:00Z,feed,2026-09-19T20:01:39Z,2026-09-19T20:01:39Z,thames_api
thames:TWL00351,thames,2023-09-24T04:00:00Z,2023-09-28T15:00:00Z,feed,2026-09-19T20:01:39Z,2026-09-19T20:01:39Z,thames_api
thames:TWL00351,thames,2024-10-29T04:00:00Z,2024-11-04T08:45:00Z,feed,2026-09-19T20:01:39Z,2026-09-19T20:01:39Z,thames_api
thames:TWL00351,thames,2025-01-17T04:00:00Z,2025-01-23T08:00:00Z,feed,2026-09-19T20:01:39Z,2026-09-19T20:01:39Z,thames_api
thames:TWL00351,thames,2025-08-05T04:00:00Z,2025-08-18T07:30:00Z,feed,2026-09-19T20:01:39Z,2026-09-19T20:01:39Z,thames_api
thames:TWL00352,thames,2022-10-24T22:30:00Z,2022-11-21T20:45:00Z,feed,2026-09-19T20:01:39Z,2026-09-19T20:01:39Z,thames_api
thames:TWL00352,thames,2022-12-02T10:00:00Z,2022-12-20T09:30:00Z,feed,2026-09-19T20:01:39Z,2026-09-19T20:01:39Z,thames_api
thames:TWL00352,thames,2024-08-16T03:00:00Z,2024-09-03T08:30:00Z,feed,2026-09-19T20:01:39Z,2026-09-19T20:01:39Z,thames_api
thames:TWL00352,thames,2025-08-18T12:00:00Z,2025-09-26T14:00:00Z,feed,2026-09-19T20:01:39Z,2026-09-19T20:01:39Z,thames_api
thames:TWL00352,thames,2025-10-20T12:00:00Z,2025-10-24T07:30:00Z,feed,2026-09-19T20:01:39Z,2026-09-19T20:01:39Z,thames_api
thames:TWL00352,thames,2026-05-12T14:15:00Z,2026-05-20T07:30:00Z,feed,2026-09-19T20:01:39Z,2026-09-19T20:01:39Z,thames_api
thames:TWL00353,thames,2022-04-01T00:00:00Z,2022-12-14T11:00:00Z,feed,2026-09-19T20:01:39Z,2026-09-19T20:01:39Z,thames_api
thames:TWL00354,thames,2024-01-15T22:00:00Z,2024-01-29T08:50:00Z,feed,2026-09-19T20:01:39Z,2026-09-19T20:01:39Z,thames_api
thames:TWL00354,thames,2024-03-19T02:00:00Z,2024-04-02T07:30:00Z,feed,2026-09-19T20:01:39Z,2026-09-19T20:01:39Z,thames_api
thames:TWL00358,thames,2024-10-15T11:00:00Z,2024-11-15T09:45:00Z,feed,2026-09-19T20:01:39Z,2026-09-19T20:01:39Z,thames_api
thames:TWL00359,thames,2024-04-05T13:45:00Z,2024-04-10T10:45:00Z,feed,2026-09-19T20:01:39Z,2026-09-19T20:01:39Z,thames_api
thames:TWL00360,thames,2022-04-01T00:00:00Z,2023-03-28T21:56:00Z,feed,2026-09-19T20:01:39Z,2026-09-19T20:01:39Z,thames_api
thames:TWL00360,thames,2023-03-30T14:18:00Z,2025-03-19T16:22:00Z,feed,2026-09-19T20:01:39Z,2026-09-19T20:01:39Z,thames_api
thames:TWL00360,thames,2025-03-20T08:56:00Z,2025-04-07T07:46:00Z,feed,2026-09-19T20:01:39Z,2026-09-19T20:01:39Z,thames_api
thames:TWL00360,thames,2025-04-29T07:28:00Z,2025-05-02T14:24:00Z,feed,2026-09-19T20:01:39Z,2026-09-19T20:01:39Z,thames_api
thames:TWL00360,thames,2025-05-19T17:54:00Z,2025-05-24T13:18:00Z,feed,2026-09-19T20:01:39Z,2026-09-19T20:01:39Z,thames_api
thames:TWL00360,thames,2025-07-22T13:14:00Z,2025-10-03T14:38:00Z,feed,2026-09-19T20:01:39Z,2026-09-19T20:01:39Z,thames_api
thames:TWL00360,thames,2025-10-07T12:52:00Z,2026-02-24T08:32:00Z,feed,2026-09-19T20:01:39Z,2026-09-19T20:01:39Z,thames_api
thames:TWL00360,thames,2026-03-09T13:32:00Z,2026-03-30T07:04:00Z,feed,2026-09-19T20:01:39Z,2026-09-19T20:01:39Z,thames_api
thames:TWL00360,thames,2026-04-29T11:44:00Z,2026-05-05T07:46:00Z,feed,2026-09-19T20:01:39Z,2026-09-19T20:01:39Z,thames_api
thames:TWL00360,thames,2026-05-12T18:00:00Z,2026-05-15T10:22:00Z,feed,2026-09-19T20:01:39Z,2026-09-19T20:01:39Z,thames_api
thames:TWL00360,thames,2026-06-04T10:32:00Z,,,2026-09-19T20:01:39Z,2026-09-19T20:01:39Z,thames_api
thames:TWL00361,thames,2024-09-09T06:00:00Z,2024-09-16T07:45:00Z,feed,2026-09-19T20:01:39Z,2026-09-19T20:01:39Z,thames_api
thames:TWL00362,thames,2023-02-15T08:45:00Z,2023-02-21T23:15:00Z,feed,2026-09-19T20:01:39Z,2026-09-19T20:01:39Z,thames_api
thames:TWL00362,thames,2023-02-24T02:30:00Z,2023-03-02T00:15:00Z,feed,2026-09-19T20:01:39Z,2026-09-19T20:01:39Z,thames_api
thames:TWL00364,thames,2022-06-01T13:00:00Z,2024-02-01T12:22:00Z,feed,2026-09-19T20:01:39Z,2026-09-19T20:01:39Z,thames_api
thames:TWL00369,thames,2023-01-11T17:00:00Z,2023-01-12T08:15:00Z,feed,2026-09-19T20:01:39Z,2026-09-19T20:01:39Z,thames_api
thames:TWL00369,thames,2023-12-06T09:00:00Z,2024-06-14T09:15:00Z,feed,2026-09-19T20:01:39Z,2026-09-19T20:01:39Z,thames_api
thames:TWL00369,thames,2025-05-21T07:15:00Z,2025-06-09T09:45:00Z,feed,2026-09-19T20:01:39Z,2026-09-19T20:01:39Z,thames_api
thames:TWL00371,thames,2022-04-01T00:00:00Z,2024-10-30T10:34:00Z,feed,2026-09-19T20:01:39Z,2026-09-19T20:01:39Z,thames_api
thames:TWL00371,thames,2024-11-13T09:00:00Z,2024-11-14T05:56:00Z,feed,2026-09-19T20:01:39Z,2026-09-19T20:01:39Z,thames_api
thames:TWL00371,thames,2025-04-02T07:02:00Z,2025-04-02T13:52:00Z,feed,2026-09-19T20:01:39Z,2026-09-19T20:01:39Z,thames_api
thames:TWL00371,thames,2025-04-04T08:28:00Z,2025-04-04T12:46:00Z,feed,2026-09-19T20:01:39Z,2026-09-19T20:01:39Z,thames_api
thames:TWL00371,thames,2025-05-14T04:50:00Z,2025-05-14T12:12:00Z,feed,2026-09-19T20:01:39Z,2026-09-19T20:01:39Z,thames_api
thames:TWL00371,thames,2025-05-29T09:32:00Z,2025-05-29T14:34:00Z,feed,2026-09-19T20:01:39Z,2026-09-19T20:01:39Z,thames_api
thames:TWL00371,thames,2025-06-04T08:04:00Z,2025-06-04T16:42:00Z,feed,2026-09-19T20:01:39Z,2026-09-19T20:01:39Z,thames_api
thames:TWL00371,thames,2025-06-11T06:16:00Z,2025-06-11T16:14:00Z,feed,2026-09-19T20:01:39Z,2026-09-19T20:01:39Z,thames_api
thames:TWL00371,thames,2025-06-18T07:46:00Z,2025-06-18T16:00:00Z,feed,2026-09-19T20:01:39Z,2026-09-19T20:01:39Z,thames_api
thames:TWL00371,thames,2025-06-25T06:14:00Z,2025-06-25T14:30:00Z,feed,2026-09-19T20:01:39Z,2026-09-19T20:01:39Z,thames_api
thames:TWL00371,thames,2025-07-01T07:56:00Z,2025-07-02T14:50:00Z,feed,2026-09-19T20:01:39Z,2026-09-19T20:01:39Z,thames_api
thames:TWL00371,thames,2025-07-09T08:28:00Z,2025-07-09T12:12:00Z,feed,2026-09-19T20:01:39Z,2026-09-19T20:01:39Z,thames_api
thames:TWL00371,thames,2025-07-10T08:20:00Z,2025-07-10T14:40:00Z,feed,2026-09-19T20:01:39Z,2026-09-19T20:01:39Z,thames_api
thames:TWL00371,thames,2025-07-15T11:08:00Z,2025-07-15T16:00:00Z,feed,2026-09-19T20:01:39Z,2026-09-19T20:01:39Z,thames_api
thames:TWL00371,thames,2025-07-16T08:44:00Z,2025-07-16T15:16:00Z,feed,2026-09-19T20:01:39Z,2026-09-19T20:01:39Z,thames_api
thames:TWL00371,thames,2025-07-25T07:08:00Z,2025-07-25T14:36:00Z,feed,2026-09-19T20:01:39Z,2026-09-19T20:01:39Z,thames_api
thames:TWL00371,thames,2025-07-30T07:12:00Z,2025-07-30T13:08:00Z,feed,2026-09-19T20:01:39Z,2026-09-19T20:01:39Z,thames_api
thames:TWL00371,thames,2025-07-31T07:52:00Z,2025-07-31T18:16:00Z,feed,2026-09-19T20:01:39Z,2026-09-19T20:01:39Z,thames_api
thames:TWL00371,thames,2025-08-06T08:20:00Z,2025-08-06T08:58:00Z,feed,2026-09-19T20:01:39Z,2026-09-19T20:01:39Z,thames_api
thames:TWL00371,thames,2025-08-07T07:36:00Z,2025-08-07T10:06:00Z,feed,2026-09-19T20:01:39Z,2026-09-19T20:01:39Z,thames_api
thames:TWL00371,thames,2025-08-12T07:56:00Z,2025-08-12T14:56:00Z,feed,2026-09-19T20:01:39Z,2026-09-19T20:01:39Z,thames_api
thames:TWL00371,thames,2025-08-13T08:10:00Z,2025-08-13T14:34:00Z,feed,2026-09-19T20:01:39Z,2026-09-19T20:01:39Z,thames_api
thames:TWL00371,thames,2025-09-03T08:38:00Z,2025-09-03T16:36:00Z,feed,2026-09-19T20:01:39Z,2026-09-19T20:01:39Z,thames_api
thames:TWL00371,thames,2025-09-04T04:04:00Z,2025-09-04T04:54:00Z,feed,2026-09-19T20:01:39Z,2026-09-19T20:01:39Z,thames_api
thames:TWL00371,thames,2025-09-17T07:58:00Z,2025-09-17T15:36:00Z,feed,2026-09-19T20:01:39Z,2026-09-19T20:01:39Z,thames_api
thames:TWL00371,thames,2025-09-22T03:40:00Z,2025-09-22T07:46:00Z,feed,2026-09-19T20:01:39Z,2026-09-19T20:01:39Z,thames_api
thames:TWL00371,thames,2025-10-15T07:40:00Z,2025-10-15T13:18:00Z,feed,2026-09-19T20:01:39Z,2026-09-19T20:01:39Z,thames_api
thames:TWL00371,thames,2025-10-16T08:08:00Z,2025-10-16T16:08:00Z,feed,2026-09-19T20:01:39Z,2026-09-19T20:01:39Z,thames_api
thames:TWL00371,thames,2025-10-29T08:28:00Z,2025-10-29T17:34:00Z,feed,2026-09-19T20:01:39Z,2026-09-19T20:01:39Z,thames_api
thames:TWL00371,thames,2025-11-05T07:28:00Z,2025-11-05T12:06:00Z,feed,2026-09-19T20:01:39Z,2026-09-19T20:01:39Z,thames_api
thames:TWL00371,thames,2025-11-11T09:52:00Z,2025-11-11T16:54:00Z,feed,2026-09-19T20:01:39Z,2026-09-19T20:01:39Z,thames_api
thames:TWL00371,thames,2025-11-18T09:30:00Z,2025-11-18T15:20:00Z,feed,2026-09-19T20:01:39Z,2026-09-19T20:01:39Z,thames_api
thames:TWL00371,thames,2025-11-26T09:42:00Z,2025-11-26T17:12:00Z,feed,2026-09-19T20:01:39Z,2026-09-19T20:01:39Z,thames_api
thames:TWL00371,thames,2025-11-27T10:44:00Z,2025-11-28T08:16:00Z,feed,2026-09-19T20:01:39Z,2026-09-19T20:01:39Z,thames_api
thames:TWL00371,thames,2025-12-03T08:40:00Z,2025-12-03T14:20:00Z,feed,2026-09-19T20:01:39Z,2026-09-19T20:01:39Z,thames_api
thames:TWL00371,thames,2025-12-04T18:02:00Z,2025-12-05T14:44:00Z,feed,2026-09-19T20:01:39Z,2026-09-19T20:01:39Z,thames_api
thames:TWL00371,thames,2025-12-10T08:16:00Z,2025-12-10T15:28:00Z,feed,2026-09-19T20:01:39Z,2026-09-19T20:01:39Z,thames_api
thames:TWL00371,thames,2025-12-12T09:22:00Z,2025-12-12T16:10:00Z,feed,2026-09-19T20:01:39Z,2026-09-19T20:01:39Z,thames_api
thames:TWL00371,thames,2025-12-17T08:32:00Z,2025-12-17T14:24:00Z,feed,2026-09-19T20:01:39Z,2026-09-19T20:01:39Z,thames_api
thames:TWL00371,thames,2025-12-18T07:52:00Z,2025-12-18T17:54:00Z,feed,2026-09-19T20:01:39Z,2026-09-19T20:01:39Z,thames_api
thames:TWL00371,thames,2026-01-22T09:00:00Z,2026-01-22T12:58:00Z,feed,2026-09-19T20:01:39Z,2026-09-19T20:01:39Z,thames_api
thames:TWL00371,thames,2026-01-29T09:22:00Z,2026-01-29T16:46:00Z,feed,2026-09-19T20:01:39Z,2026-09-19T20:01:39Z,thames_api
thames:TWL00371,thames,2026-02-19T14:14:00Z,2026-02-19T16:40:00Z,feed,2026-09-19T20:01:39Z,2026-09-19T20:01:39Z,thames_api
thames:TWL00371,thames,2026-02-25T09:16:00Z,2026-02-25T13:58:00Z,feed,2026-09-19T20:01:39Z,2026-09-19T20:01:39Z,thames_api
thames:TWL00371,thames,2026-03-02T09:16:00Z,2026-03-02T11:28:00Z,feed,2026-09-19T20:01:39Z,2026-09-19T20:01:39Z,thames_api
thames:TWL00371,thames,2026-03-18T08:24:00Z,2026-03-18T11:32:00Z,feed,2026-09-19T20:01:39Z,2026-09-19T20:01:39Z,thames_api
thames:TWL00371,thames,2026-04-28T08:42:00Z,2026-04-28T15:54:00Z,feed,2026-09-19T20:01:39Z,2026-09-19T20:01:39Z,thames_api
thames:TWL00371,thames,2026-04-29T12:14:00Z,2026-04-29T14:44:00Z,feed,2026-09-19T20:01:39Z,2026-09-19T20:01:39Z,thames_api
thames:TWL00371,thames,2026-05-05T07:08:00Z,2026-05-05T14:36:00Z,feed,2026-09-19T20:01:39Z,2026-09-19T20:01:39Z,thames_api
thames:TWL00371,thames,2026-05-12T03:00:00Z,2026-05-12T07:18:00Z,feed,2026-09-19T20:01:39Z,2026-09-19T20:01:39Z,thames_api
thames:TWL00371,thames,2026-05-12T07:52:00Z,2026-05-12T15:12:00Z,feed,2026-09-19T20:01:39Z,2026-09-19T20:01:39Z,thames_api
thames:TWL00371,thames,2026-05-15T09:04:00Z,2026-05-15T13:08:00Z,feed,2026-09-19T20:01:39Z,2026-09-19T20:01:39Z,thames_api
thames:TWL00371,thames,2026-05-26T03:12:00Z,2026-05-26T14:10:00Z,feed,2026-09-19T20:01:39Z,2026-09-19T20:01:39Z,thames_api
thames:TWL00371,thames,2026-05-27T06:30:00Z,2026-05-27T16:08:00Z,feed,2026-09-19T20:01:39Z,2026-09-19T20:01:39Z,thames_api
thames:TWL00371,thames,2026-05-28T06:24:00Z,2026-05-28T15:30:00Z,feed,2026-09-19T20:01:39Z,2026-09-19T20:01:39Z,thames_api
thames:TWL00371,thames,2026-05-29T08:34:00Z,2026-05-29T12:10:00Z,feed,2026-09-19T20:01:39Z,2026-09-19T20:01:39Z,thames_api
thames:TWL00371,thames,2026-06-01T06:40:00Z,2026-06-02T04:26:00Z,feed,2026-09-19T20:01:39Z,2026-09-19T20:01:39Z,thames_api
thames:TWL00371,thames,2026-06-09T09:24:00Z,2026-06-09T11:42:00Z,feed,2026-09-19T20:01:39Z,2026-09-19T20:01:39Z,thames_api
thames:TWL00371,thames,2026-06-10T07:20:00Z,2026-06-10T14:48:00Z,feed,2026-09-19T20:01:39Z,2026-09-19T20:01:39Z,thames_api
thames:TWL00371,thames,2026-06-12T08:58:00Z,2026-06-12T13:02:00Z,feed,2026-09-19T20:01:39Z,2026-09-19T20:01:39Z,thames_api
thames:TWL00371,thames,2026-06-17T09:26:00Z,2026-06-17T16:48:00Z,feed,2026-09-19T20:01:39Z,2026-09-19T20:01:39Z,thames_api
thames:TWL00371,thames,2026-06-19T07:04:00Z,2026-06-19T14:16:00Z,feed,2026-09-19T20:01:39Z,2026-09-19T20:01:39Z,thames_api
thames:TWL00371,thames,2026-06-29T06:26:00Z,2026-06-29T16:02:00Z,feed,2026-09-19T20:01:39Z,2026-09-19T20:01:39Z,thames_api
thames:TWL00371,thames,2026-07-01T02:40:00Z,2026-07-01T06:24:00Z,feed,2026-09-19T20:01:39Z,2026-09-19T20:01:39Z,thames_api
thames:TWL00371,thames,2026-07-15T07:48:00Z,2026-07-15T11:26:00Z,feed,2026-09-19T20:01:39Z,2026-09-19T20:01:39Z,thames_api
thames:TWL00371,thames,2026-07-29T07:58:00Z,2026-07-29T14:22:00Z,feed,2026-09-19T20:01:39Z,2026-09-19T20:01:39Z,thames_api
thames:TWL00371,thames,2026-07-30T07:00:00Z,2026-07-30T15:36:00Z,feed,2026-09-19T20:01:39Z,2026-09-19T20:01:39Z,thames_api
thames:TWL00371,thames,2026-08-19T07:42:00Z,2026-08-19T10:38:00Z,feed,2026-09-19T20:01:39Z,2026-09-19T20:01:39Z,thames_api
thames:TWL00371,thames,2026-08-21T07:22:00Z,2026-08-21T13:38:00Z,feed,2026-09-19T20:01:39Z,2026-09-19T20:01:39Z,thames_api
thames:TWL00371,thames,2026-08-24T07:26:00Z,2026-08-24T14:48:00Z,feed,2026-09-19T20:01:39Z,2026-09-19T20:01:39Z,thames_api
thames:TWL00371,thames,2026-09-09T07:38:00Z,2026-09-09T13:42:00Z,feed,2026-09-19T20:01:39Z,2026-09-19T20:01:39Z,thames_api
thames:TWL00371,thames,2026-09-10T03:16:00Z,2026-09-10T12:40:00Z,feed,2026-09-19T20:01:39Z,2026-09-19T20:01:39Z,thames_api
thames:TWL00372,thames,2022-04-01T00:00:00Z,2023-02-15T02:42:00Z,feed,2026-09-19T20:01:39Z,2026-09-19T20:01:39Z,thames_api
thames:TWL00372,thames,2023-07-19T08:00:00Z,2023-07-31T09:38:00Z,feed,2026-09-19T20:01:39Z,2026-09-19T20:01:39Z,thames_api
thames:TWL00372,thames,2023-08-05T14:00:00Z,2023-09-01T10:40:00Z,feed,2026-09-19T20:01:39Z,2026-09-19T20:01:39Z,thames_api
thames:TWL00372,thames,2024-07-20T06:00:00Z,2024-07-29T10:54:00Z,feed,2026-09-19T20:01:39Z,2026-09-19T20:01:39Z,thames_api
thames:TWL00372,thames,2024-08-23T19:00:00Z,2025-03-13T08:18:00Z,feed,2026-09-19T20:01:39Z,2026-09-19T20:01:39Z,thames_api
thames:TWL00372,thames,2025-09-29T06:00:00Z,2025-10-08T07:18:00Z,feed,2026-09-19T20:01:39Z,2026-09-19T20:01:39Z,thames_api
thames:TWL00376,thames,2022-11-18T02:18:00Z,2022-11-20T23:58:00Z,feed,2026-09-19T20:01:39Z,2026-09-19T20:01:39Z,thames_api
thames:TWL00376,thames,2022-11-23T01:48:00Z,2023-03-24T11:56:00Z,feed,2026-09-19T20:01:39Z,2026-09-19T20:01:39Z,thames_api
thames:TWL00377,thames,2026-06-15T08:00:00Z,2026-06-26T09:15:00Z,feed,2026-09-19T20:01:39Z,2026-09-19T20:01:39Z,thames_api
thames:TWL00378,thames,2025-05-02T07:30:00Z,2025-05-14T07:30:00Z,feed,2026-09-19T20:01:39Z,2026-09-19T20:01:39Z,thames_api
thames:TWL00378,thames,2025-05-27T09:00:00Z,2025-07-07T07:15:00Z,feed,2026-09-19T20:01:39Z,2026-09-19T20:01:39Z,thames_api
thames:TWL00379,thames,2025-03-30T07:00:00Z,2025-04-17T08:00:00Z,feed,2026-09-19T20:01:39Z,2026-09-19T20:01:39Z,thames_api
thames:TWL00379,thames,2025-09-02T07:00:00Z,2025-09-05T07:30:00Z,feed,2026-09-19T20:01:39Z,2026-09-19T20:01:39Z,thames_api
thames:TWL00379,thames,2026-04-22T09:00:00Z,2026-05-07T11:45:00Z,feed,2026-09-19T20:01:39Z,2026-09-19T20:01:39Z,thames_api
thames:TWL00380,thames,2023-11-08T08:15:00Z,2023-12-21T15:30:00Z,feed,2026-09-19T20:01:39Z,2026-09-19T20:01:39Z,thames_api
thames:TWL00380,thames,2025-06-22T03:00:00Z,2025-07-04T08:15:00Z,feed,2026-09-19T20:01:39Z,2026-09-19T20:01:39Z,thames_api
thames:TWL00381,thames,2022-04-01T00:00:00Z,2022-08-18T22:15:00Z,feed,2026-09-19T20:01:39Z,2026-09-19T20:01:39Z,thames_api
thames:TWL00381,thames,2023-10-24T06:00:00Z,2023-11-13T09:15:00Z,feed,2026-09-19T20:01:39Z,2026-09-19T20:01:39Z,thames_api
thames:TWL00381,thames,2025-03-19T09:45:00Z,2025-03-19T10:15:00Z,feed,2026-09-19T20:01:39Z,2026-09-19T20:01:39Z,thames_api
thames:TWL00381,thames,2025-03-19T16:00:00Z,2025-04-03T08:00:00Z,feed,2026-09-19T20:01:39Z,2026-09-19T20:01:39Z,thames_api
thames:TWL00381,thames,2025-04-08T11:00:00Z,2025-04-17T08:00:00Z,feed,2026-09-19T20:01:39Z,2026-09-19T20:01:39Z,thames_api
thames:TWL00381,thames,2025-11-10T06:00:00Z,2025-11-14T08:45:00Z,feed,2026-09-19T20:01:39Z,2026-09-19T20:01:39Z,thames_api
thames:TWL00382,thames,2025-09-09T05:00:00Z,2025-09-12T07:45:00Z,feed,2026-09-19T20:01:39Z,2026-09-19T20:01:39Z,thames_api
thames:TWL00382,thames,2026-03-14T05:00:00Z,2026-03-30T07:00:00Z,feed,2026-09-19T20:01:39Z,2026-09-19T20:01:39Z,thames_api
thames:TWL00383,thames,2022-12-11T23:00:00Z,2023-01-12T17:00:00Z,feed,2026-09-19T20:01:39Z,2026-09-19T20:01:39Z,thames_api
thames:TWL00383,thames,2025-10-19T08:00:00Z,2025-10-20T05:45:00Z,feed,2026-09-19T20:01:39Z,2026-09-19T20:01:39Z,thames_api
thames:TWL00383,thames,2025-10-20T06:30:00Z,2025-10-22T20:30:00Z,feed,2026-09-19T20:01:39Z,2026-09-19T20:01:39Z,thames_api
thames:TWL00383,thames,2025-10-22T21:00:00Z,2025-10-23T21:00:00Z,feed,2026-09-19T20:01:39Z,2026-09-19T20:01:39Z,thames_api
thames:TWL00383,thames,2025-10-24T13:00:00Z,2025-10-24T17:45:00Z,feed,2026-09-19T20:01:39Z,2026-09-19T20:01:39Z,thames_api
thames:TWL00383,thames,2025-10-31T21:30:00Z,2025-11-01T04:00:00Z,feed,2026-09-19T20:01:39Z,2026-09-19T20:01:39Z,thames_api
thames:TWL00383,thames,2025-11-01T04:30:00Z,2025-11-01T04:45:00Z,feed,2026-09-19T20:01:39Z,2026-09-19T20:01:39Z,thames_api
thames:TWL00383,thames,2025-11-03T23:00:00Z,2025-11-04T10:30:00Z,feed,2026-09-19T20:01:39Z,2026-09-19T20:01:39Z,thames_api
thames:TWL00383,thames,2025-11-04T11:00:00Z,2025-11-11T08:45:00Z,feed,2026-09-19T20:01:39Z,2026-09-19T20:01:39Z,thames_api
thames:TWL00383,thames,2026-01-08T20:00:00Z,2026-01-09T04:45:00Z,feed,2026-09-19T20:01:39Z,2026-09-19T20:01:39Z,thames_api
thames:TWL00384,thames,2024-09-03T08:00:00Z,2024-11-20T14:18:00Z,feed,2026-09-19T20:01:39Z,2026-09-19T20:01:39Z,thames_api
thames:TWL00384,thames,2026-07-07T08:00:00Z,2026-07-13T07:38:00Z,feed,2026-09-19T20:01:39Z,2026-09-19T20:01:39Z,thames_api
thames:TWL00386,thames,2022-07-22T08:45:00Z,2022-11-15T08:45:00Z,feed,2026-09-19T20:01:39Z,2026-09-19T20:01:39Z,thames_api
thames:TWL00387,thames,2025-03-21T15:45:00Z,2025-04-01T08:00:00Z,feed,2026-09-19T20:01:39Z,2026-09-19T20:01:39Z,thames_api
thames:TWL00388,thames,2026-05-28T13:45:00Z,2026-06-08T07:00:00Z,feed,2026-09-19T20:01:39Z,2026-09-19T20:01:39Z,thames_api
thames:TWL00389,thames,2024-07-08T13:00:00Z,2024-07-16T07:45:00Z,feed,2026-09-19T20:01:39Z,2026-09-19T20:01:39Z,thames_api
thames:TWL00389,thames,2024-07-22T10:00:00Z,2024-08-02T08:15:00Z,feed,2026-09-19T20:01:39Z,2026-09-19T20:01:39Z,thames_api
thames:TWL00394,thames,2023-05-31T10:00:00Z,2023-06-09T11:45:00Z,feed,2026-09-19T20:01:39Z,2026-09-19T20:01:39Z,thames_api
thames:TWL00394,thames,2023-06-12T08:30:00Z,2023-06-20T08:30:00Z,feed,2026-09-19T20:01:39Z,2026-09-19T20:01:39Z,thames_api
thames:TWL00394,thames,2025-04-16T19:15:00Z,2025-05-02T07:30:00Z,feed,2026-09-19T20:01:39Z,2026-09-19T20:01:39Z,thames_api
thames:TWL00394,thames,2025-10-13T07:00:00Z,2026-04-16T14:15:00Z,feed,2026-09-19T20:01:39Z,2026-09-19T20:01:39Z,thames_api
thames:TWL00394,thames,2026-07-01T14:00:00Z,2026-07-07T07:30:00Z,feed,2026-09-19T20:01:39Z,2026-09-19T20:01:39Z,thames_api
thames:TWL00394,thames,2026-07-07T14:30:00Z,2026-07-28T07:45:00Z,feed,2026-09-19T20:01:39Z,2026-09-19T20:01:39Z,thames_api
thames:TWL00395,thames,2022-07-27T14:30:00Z,2022-12-22T10:15:00Z,feed,2026-09-19T20:01:39Z,2026-09-19T20:01:39Z,thames_api
thames:TWL00395,thames,2024-08-06T13:00:00Z,2024-08-14T08:45:00Z,feed,2026-09-19T20:01:39Z,2026-09-19T20:01:39Z,thames_api
thames:TWL00396,thames,2022-06-14T02:45:00Z,2022-07-10T17:00:00Z,feed,2026-09-19T20:01:39Z,2026-09-19T20:01:39Z,thames_api
thames:TWL00396,thames,2022-07-12T17:15:00Z,2022-07-25T20:15:00Z,feed,2026-09-19T20:01:39Z,2026-09-19T20:01:39Z,thames_api
thames:TWL00396,thames,2025-05-09T06:00:00Z,2025-07-25T10:00:00Z,feed,2026-09-19T20:01:39Z,2026-09-19T20:01:39Z,thames_api
thames:TWL00396,thames,2025-11-24T18:00:00Z,2025-11-27T09:30:00Z,feed,2026-09-19T20:01:39Z,2026-09-19T20:01:39Z,thames_api
thames:TWL00396,thames,2025-12-03T18:00:00Z,2025-12-07T15:30:00Z,feed,2026-09-19T20:01:39Z,2026-09-19T20:01:39Z,thames_api
thames:TWL00396,thames,2025-12-13T03:30:00Z,2025-12-15T17:30:00Z,feed,2026-09-19T20:01:39Z,2026-09-19T20:01:39Z,thames_api
thames:TWL00396,thames,2025-12-16T20:15:00Z,2025-12-19T01:00:00Z,feed,2026-09-19T20:01:39Z,2026-09-19T20:01:39Z,thames_api
thames:TWL00397,thames,2023-01-30T16:00:00Z,2023-03-24T11:45:00Z,feed,2026-09-19T20:01:39Z,2026-09-19T20:01:39Z,thames_api
thames:TWL00397,thames,2023-03-24T14:30:00Z,2023-04-05T08:15:00Z,feed,2026-09-19T20:01:39Z,2026-09-19T20:01:39Z,thames_api
thames:TWL00397,thames,2025-05-06T08:00:00Z,2025-07-03T07:45:00Z,feed,2026-09-19T20:01:39Z,2026-09-19T20:01:39Z,thames_api
thames:TWL00397,thames,2025-11-29T17:45:00Z,2025-12-08T13:00:00Z,feed,2026-09-19T20:01:39Z,2026-09-19T20:01:39Z,thames_api
thames:TWL00398,thames,2023-02-08T11:15:00Z,2023-03-23T13:45:00Z,feed,2026-09-19T20:01:39Z,2026-09-19T20:01:39Z,thames_api
thames:TWL00398,thames,2024-05-01T02:00:00Z,2024-05-07T15:15:00Z,feed,2026-09-19T20:01:39Z,2026-09-19T20:01:39Z,thames_api
thames:TWL00399,thames,2024-08-16T22:00:00Z,2024-08-20T11:00:00Z,feed,2026-09-19T20:01:39Z,2026-09-19T20:01:39Z,thames_api
thames:TWL00399,thames,2024-08-25T10:00:00Z,2024-10-02T10:45:00Z,feed,2026-09-19T20:01:39Z,2026-09-19T20:01:39Z,thames_api
thames:TWL00399,thames,2025-06-07T10:00:00Z,2025-06-11T12:15:00Z,feed,2026-09-19T20:01:39Z,2026-09-19T20:01:39Z,thames_api
thames:TWL00400,thames,2025-01-31T09:16:00Z,2025-01-31T09:44:00Z,feed,2026-09-19T20:01:39Z,2026-09-19T20:01:39Z,thames_api
thames:TWL00400,thames,2025-03-27T11:26:00Z,2025-03-27T16:48:00Z,feed,2026-09-19T20:01:39Z,2026-09-19T20:01:39Z,thames_api
thames:TWL00400,thames,2025-05-28T05:40:00Z,2025-05-28T11:00:00Z,feed,2026-09-19T20:01:39Z,2026-09-19T20:01:39Z,thames_api
thames:TWL00400,thames,2025-06-11T06:22:00Z,2025-06-11T16:14:00Z,feed,2026-09-19T20:01:39Z,2026-09-19T20:01:39Z,thames_api
thames:TWL00400,thames,2025-06-18T07:48:00Z,2025-06-18T16:00:00Z,feed,2026-09-19T20:01:39Z,2026-09-19T20:01:39Z,thames_api
thames:TWL00400,thames,2025-06-25T06:16:00Z,2025-06-25T14:30:00Z,feed,2026-09-19T20:01:39Z,2026-09-19T20:01:39Z,thames_api
thames:TWL00400,thames,2025-07-02T08:36:00Z,2025-07-02T14:50:00Z,feed,2026-09-19T20:01:39Z,2026-09-19T20:01:39Z,thames_api
thames:TWL00400,thames,2025-07-09T08:30:00Z,2025-07-09T12:12:00Z,feed,2026-09-19T20:01:39Z,2026-09-19T20:01:39Z,thames_api
thames:TWL00400,thames,2025-07-24T07:32:00Z,2025-07-24T15:12:00Z,feed,2026-09-19T20:01:39Z,2026-09-19T20:01:39Z,thames_api
thames:TWL00400,thames,2025-07-30T07:12:00Z,2025-07-30T13:08:00Z,feed,2026-09-19T20:01:39Z,2026-09-19T20:01:39Z,thames_api
thames:TWL00400,thames,2025-08-12T08:00:00Z,2025-08-12T14:56:00Z,feed,2026-09-19T20:01:39Z,2026-09-19T20:01:39Z,thames_api
thames:TWL00400,thames,2025-08-13T06:16:00Z,2025-08-13T14:34:00Z,feed,2026-09-19T20:01:39Z,2026-09-19T20:01:39Z,thames_api
thames:TWL00400,thames,2025-09-04T04:06:00Z,2025-09-04T04:54:00Z,feed,2026-09-19T20:01:39Z,2026-09-19T20:01:39Z,thames_api
thames:TWL00400,thames,2025-10-15T07:40:00Z,2025-10-15T13:18:00Z,feed,2026-09-19T20:01:39Z,2026-09-19T20:01:39Z,thames_api
thames:TWL00400,thames,2025-10-16T08:08:00Z,2025-10-16T16:08:00Z,feed,2026-09-19T20:01:39Z,2026-09-19T20:01:39Z,thames_api
thames:TWL00400,thames,2025-10-21T09:20:00Z,2025-10-21T16:26:00Z,feed,2026-09-19T20:01:39Z,2026-09-19T20:01:39Z,thames_api
thames:TWL00400,thames,2025-11-05T07:54:00Z,2025-11-05T12:06:00Z,feed,2026-09-19T20:01:39Z,2026-09-19T20:01:39Z,thames_api
thames:TWL00400,thames,2025-11-11T09:54:00Z,2025-11-11T16:54:00Z,feed,2026-09-19T20:01:39Z,2026-09-19T20:01:39Z,thames_api
thames:TWL00400,thames,2025-11-14T10:58:00Z,2025-11-14T13:46:00Z,feed,2026-09-19T20:01:39Z,2026-09-19T20:01:39Z,thames_api
thames:TWL00400,thames,2025-11-18T09:32:00Z,2025-11-18T15:20:00Z,feed,2026-09-19T20:01:39Z,2026-09-19T20:01:39Z,thames_api
thames:TWL00400,thames,2025-11-26T09:44:00Z,2025-11-26T17:12:00Z,feed,2026-09-19T20:01:39Z,2026-09-19T20:01:39Z,thames_api
thames:TWL00400,thames,2025-11-27T10:46:00Z,2025-11-28T08:16:00Z,feed,2026-09-19T20:01:39Z,2026-09-19T20:01:39Z,thames_api
thames:TWL00400,thames,2025-12-03T08:42:00Z,2025-12-03T14:20:00Z,feed,2026-09-19T20:01:39Z,2026-09-19T20:01:39Z,thames_api
thames:TWL00400,thames,2025-12-10T08:18:00Z,2025-12-10T15:28:00Z,feed,2026-09-19T20:01:39Z,2026-09-19T20:01:39Z,thames_api
thames:TWL00400,thames,2025-12-15T10:20:00Z,2025-12-15T14:56:00Z,feed,2026-09-19T20:01:39Z,2026-09-19T20:01:39Z,thames_api
thames:TWL00400,thames,2025-12-17T09:08:00Z,2025-12-17T14:24:00Z,feed,2026-09-19T20:01:39Z,2026-09-19T20:01:39Z,thames_api
thames:TWL00400,thames,2025-12-18T07:54:00Z,2025-12-18T17:54:00Z,feed,2026-09-19T20:01:39Z,2026-09-19T20:01:39Z,thames_api
thames:TWL00400,thames,2026-01-29T09:22:00Z,2026-01-29T16:46:00Z,feed,2026-09-19T20:01:39Z,2026-09-19T20:01:39Z,thames_api
thames:TWL00400,thames,2026-01-30T08:26:00Z,2026-01-30T13:28:00Z,feed,2026-09-19T20:01:39Z,2026-09-19T20:01:39Z,thames_api
thames:TWL00400,thames,2026-02-16T09:10:00Z,2026-02-16T09:12:00Z,feed,2026-09-19T20:01:39Z,2026-09-19T20:01:39Z,thames_api
thames:TWL00400,thames,2026-02-25T09:20:00Z,2026-02-25T13:58:00Z,feed,2026-09-19T20:01:39Z,2026-09-19T20:01:39Z,thames_api
thames:TWL00400,thames,2026-03-05T09:30:00Z,2026-03-11T17:36:00Z,feed,2026-09-19T20:01:39Z,2026-09-19T20:01:39Z,thames_api
thames:TWL00400,thames,2026-03-18T08:26:00Z,2026-03-18T11:32:00Z,feed,2026-09-19T20:01:39Z,2026-09-19T20:01:39Z,thames_api
thames:TWL00400,thames,2026-04-28T08:44:00Z,2026-04-28T15:54:00Z,feed,2026-09-19T20:01:39Z,2026-09-19T20:01:39Z,thames_api
thames:TWL00400,thames,2026-05-12T09:58:00Z,2026-05-12T15:12:00Z,feed,2026-09-19T20:01:39Z,2026-09-19T20:01:39Z,thames_api
thames:TWL00400,thames,2026-05-15T09:04:00Z,2026-05-15T13:08:00Z,feed,2026-09-19T20:01:39Z,2026-09-19T20:01:39Z,thames_api
thames:TWL00400,thames,2026-05-20T03:08:00Z,2026-05-20T16:48:00Z,feed,2026-09-19T20:01:39Z,2026-09-19T20:01:39Z,thames_api
thames:TWL00400,thames,2026-05-26T03:12:00Z,2026-05-26T08:28:00Z,feed,2026-09-19T20:01:39Z,2026-09-19T20:01:39Z,thames_api
thames:TWL00400,thames,2026-05-28T06:26:00Z,2026-05-28T15:30:00Z,feed,2026-09-19T20:01:39Z,2026-09-19T20:01:39Z,thames_api
thames:TWL00400,thames,2026-05-29T08:36:00Z,2026-05-29T12:10:00Z,feed,2026-09-19T20:01:39Z,2026-09-19T20:01:39Z,thames_api
thames:TWL00400,thames,2026-06-01T06:42:00Z,2026-06-02T04:26:00Z,feed,2026-09-19T20:01:39Z,2026-09-19T20:01:39Z,thames_api
thames:TWL00400,thames,2026-06-09T07:50:00Z,2026-06-10T14:48:00Z,feed,2026-09-19T20:01:39Z,2026-09-19T20:01:39Z,thames_api
thames:TWL00400,thames,2026-06-19T07:06:00Z,2026-06-19T14:16:00Z,feed,2026-09-19T20:01:39Z,2026-09-19T20:01:39Z,thames_api
thames:TWL00400,thames,2026-07-01T02:44:00Z,2026-07-01T06:24:00Z,feed,2026-09-19T20:01:39Z,2026-09-19T20:01:39Z,thames_api
thames:TWL00400,thames,2026-07-15T07:50:00Z,2026-07-15T11:26:00Z,feed,2026-09-19T20:01:39Z,2026-09-19T20:01:39Z,thames_api
thames:TWL00400,thames,2026-07-30T07:02:00Z,2026-07-30T15:36:00Z,feed,2026-09-19T20:01:39Z,2026-09-19T20:01:39Z,thames_api
thames:TWL00400,thames,2026-08-05T09:56:00Z,2026-08-05T14:18:00Z,feed,2026-09-19T20:01:39Z,2026-09-19T20:01:39Z,thames_api
thames:TWL00400,thames,2026-08-21T07:24:00Z,2026-08-21T13:38:00Z,feed,2026-09-19T20:01:39Z,2026-09-19T20:01:39Z,thames_api
thames:TWL00401,thames,2023-05-23T07:45:00Z,2023-06-23T10:15:00Z,feed,2026-09-19T20:01:39Z,2026-09-19T20:01:39Z,thames_api
thames:TWL00401,thames,2025-08-25T03:00:00Z,2025-09-05T07:15:00Z,feed,2026-09-19T20:01:39Z,2026-09-19T20:01:39Z,thames_api
thames:TWL00402,thames,2023-06-28T07:15:00Z,2023-08-16T07:15:00Z,feed,2026-09-19T20:01:39Z,2026-09-19T20:01:39Z,thames_api
thames:TWL00402,thames,2023-12-02T14:45:00Z,2023-12-19T08:30:00Z,feed,2026-09-19T20:01:39Z,2026-09-19T20:01:39Z,thames_api
thames:TWL00402,thames,2025-07-02T09:15:00Z,2025-07-15T07:15:00Z,feed,2026-09-19T20:01:39Z,2026-09-19T20:01:39Z,thames_api
thames:TWL00403,thames,2024-05-14T05:00:00Z,2024-05-17T09:00:00Z,feed,2026-09-19T20:01:39Z,2026-09-19T20:01:39Z,thames_api
thames:TWL00404,thames,2025-04-10T11:00:00Z,2025-04-13T19:30:00Z,feed,2026-09-19T20:01:39Z,2026-09-19T20:01:39Z,thames_api
thames:TWL00405,thames,2026-07-09T06:30:00Z,2026-07-09T06:45:00Z,feed,2026-09-19T20:01:39Z,2026-09-19T20:01:39Z,thames_api
thames:TWL00405,thames,2026-07-13T16:00:00Z,2026-07-13T17:15:00Z,feed,2026-09-19T20:01:39Z,2026-09-19T20:01:39Z,thames_api
thames:TWL00406,thames,2023-10-25T09:00:00Z,2023-11-03T08:45:00Z,feed,2026-09-19T20:01:39Z,2026-09-19T20:01:39Z,thames_api
thames:TWL00406,thames,2024-01-03T05:00:00Z,2024-01-23T08:45:00Z,feed,2026-09-19T20:01:39Z,2026-09-19T20:01:39Z,thames_api
thames:TWL00406,thames,2026-05-15T05:00:00Z,2026-05-26T13:30:00Z,feed,2026-09-19T20:01:39Z,2026-09-19T20:01:39Z,thames_api
thames:TWL00406,thames,2026-08-12T05:00:00Z,2026-08-18T12:15:00Z,feed,2026-09-19T20:01:39Z,2026-09-19T20:01:39Z,thames_api
thames:TWL00406,thames,2026-09-08T05:00:00Z,2026-09-14T07:15:00Z,feed,2026-09-19T20:01:39Z,2026-09-19T20:01:39Z,thames_api
thames:TWL00407,thames,2025-07-21T13:00:00Z,2025-11-13T10:14:00Z,feed,2026-09-19T20:01:39Z,2026-09-19T20:01:39Z,thames_api
thames:TWL00411,thames,2022-12-02T10:45:00Z,2022-12-17T18:15:00Z,feed,2026-09-19T20:01:39Z,2026-09-19T20:01:39Z,thames_api
thames:TWL00411,thames,2023-09-06T02:00:00Z,2023-09-22T12:30:00Z,feed,2026-09-19T20:01:39Z,2026-09-19T20:01:39Z,thames_api
thames:TWL00411,thames,2024-09-15T02:00:00Z,2024-09-23T08:00:00Z,feed,2026-09-19T20:01:39Z,2026-09-19T20:01:39Z,thames_api
thames:TWL00411,thames,2024-10-19T02:00:00Z,2024-10-24T15:00:00Z,feed,2026-09-19T20:01:39Z,2026-09-19T20:01:39Z,thames_api
thames:TWL00411,thames,2024-12-01T02:00:00Z,2024-12-09T08:15:00Z,feed,2026-09-19T20:01:39Z,2026-09-19T20:01:39Z,thames_api
thames:TWL00411,thames,2024-12-23T02:00:00Z,2025-01-02T15:30:00Z,feed,2026-09-19T20:01:39Z,2026-09-19T20:01:39Z,thames_api
thames:TWL00411,thames,2025-01-28T02:00:00Z,2025-02-04T07:00:00Z,feed,2026-09-19T20:01:39Z,2026-09-19T20:01:39Z,thames_api
thames:TWL00411,thames,2026-02-15T02:00:00Z,2026-02-24T09:00:00Z,feed,2026-09-19T20:01:39Z,2026-09-19T20:01:39Z,thames_api
thames:TWL00411,thames,2026-03-07T02:00:00Z,2026-03-13T10:45:00Z,feed,2026-09-19T20:01:39Z,2026-09-19T20:01:39Z,thames_api
thames:TWL00411,thames,2026-03-20T17:00:00Z,2026-03-30T07:00:00Z,feed,2026-09-19T20:01:39Z,2026-09-19T20:01:39Z,thames_api
thames:TWL00412,thames,2025-11-10T10:45:00Z,2025-11-21T11:00:00Z,feed,2026-09-19T20:01:39Z,2026-09-19T20:01:39Z,thames_api
thames:TWL00415,thames,2022-04-01T00:00:00Z,2024-06-26T13:00:00Z,feed,2026-09-19T20:01:39Z,2026-09-19T20:01:39Z,thames_api
thames:TWL00417,thames,2022-09-08T08:36:00Z,2023-02-08T06:56:00Z,feed,2026-09-19T20:01:39Z,2026-09-19T20:01:39Z,thames_api
thames:TWL00417,thames,2023-08-11T07:36:00Z,2023-08-11T07:38:00Z,feed,2026-09-19T20:01:39Z,2026-09-19T20:01:39Z,thames_api
thames:TWL00417,thames,2023-08-11T07:58:00Z,2023-08-11T08:00:00Z,feed,2026-09-19T20:01:39Z,2026-09-19T20:01:39Z,thames_api
thames:TWL00417,thames,2023-08-11T08:08:00Z,2023-08-11T08:10:00Z,feed,2026-09-19T20:01:39Z,2026-09-19T20:01:39Z,thames_api
thames:TWL00417,thames,2023-08-11T08:56:00Z,2023-08-11T08:58:00Z,feed,2026-09-19T20:01:39Z,2026-09-19T20:01:39Z,thames_api
thames:TWL00417,thames,2023-08-11T09:06:00Z,2023-08-11T09:08:00Z,feed,2026-09-19T20:01:39Z,2026-09-19T20:01:39Z,thames_api
thames:TWL00417,thames,2023-08-11T09:28:00Z,2023-08-11T09:30:00Z,feed,2026-09-19T20:01:39Z,2026-09-19T20:01:39Z,thames_api
thames:TWL00417,thames,2023-08-11T09:50:00Z,2023-08-11T09:52:00Z,feed,2026-09-19T20:01:39Z,2026-09-19T20:01:39Z,thames_api
thames:TWL00417,thames,2023-08-11T10:00:00Z,2023-08-11T10:02:00Z,feed,2026-09-19T20:01:39Z,2026-09-19T20:01:39Z,thames_api
thames:TWL00417,thames,2023-08-11T10:20:00Z,2023-08-11T10:22:00Z,feed,2026-09-19T20:01:39Z,2026-09-19T20:01:39Z,thames_api
thames:TWL00417,thames,2023-08-11T10:30:00Z,2023-08-11T10:32:00Z,feed,2026-09-19T20:01:39Z,2026-09-19T20:01:39Z,thames_api
thames:TWL00417,thames,2023-08-11T10:40:00Z,2023-08-11T10:44:00Z,feed,2026-09-19T20:01:39Z,2026-09-19T20:01:39Z,thames_api
thames:TWL00417,thames,2023-08-11T10:52:00Z,2023-08-11T10:54:00Z,feed,2026-09-19T20:01:39Z,2026-09-19T20:01:39Z,thames_api
thames:TWL00417,thames,2023-08-11T11:02:00Z,2023-08-11T11:04:00Z,feed,2026-09-19T20:01:39Z,2026-09-19T20:01:39Z,thames_api
thames:TWL00417,thames,2023-08-11T11:14:00Z,2023-08-11T11:16:00Z,feed,2026-09-19T20:01:39Z,2026-09-19T20:01:39Z,thames_api
thames:TWL00417,thames,2023-08-11T11:26:00Z,2023-08-11T11:28:00Z,feed,2026-09-19T20:01:39Z,2026-09-19T20:01:39Z,thames_api
thames:TWL00417,thames,2023-08-11T11:38:00Z,2023-08-11T11:42:00Z,feed,2026-09-19T20:01:39Z,2026-09-19T20:01:39Z,thames_api
thames:TWL00417,thames,2023-08-11T11:50:00Z,2023-08-11T11:56:00Z,feed,2026-09-19T20:01:39Z,2026-09-19T20:01:39Z,thames_api
thames:TWL00417,thames,2023-08-11T12:04:00Z,2023-08-11T12:10:00Z,feed,2026-09-19T20:01:39Z,2026-09-19T20:01:39Z,thames_api
thames:TWL00417,thames,2023-08-11T12:18:00Z,2023-08-11T12:24:00Z,feed,2026-09-19T20:01:39Z,2026-09-19T20:01:39Z,thames_api
thames:TWL00417,thames,2023-08-11T12:32:00Z,2023-08-11T12:38:00Z,feed,2026-09-19T20:01:39Z,2026-09-19T20:01:39Z,thames_api
thames:TWL00417,thames,2023-08-11T12:46:00Z,2023-08-11T12:52:00Z,feed,2026-09-19T20:01:39Z,2026-09-19T20:01:39Z,thames_api
thames:TWL00417,thames,2023-08-11T13:00:00Z,2023-08-11T13:06:00Z,feed,2026-09-19T20:01:39Z,2026-09-19T20:01:39Z,thames_api
thames:TWL00417,thames,2023-08-11T13:12:00Z,2023-08-11T13:18:00Z,feed,2026-09-19T20:01:39Z,2026-09-19T20:01:39Z,thames_api
thames:TWL00417,thames,2023-08-11T13:26:00Z,2023-08-11T13:32:00Z,feed,2026-09-19T20:01:39Z,2026-09-19T20:01:39Z,thames_api
thames:TWL00417,thames,2023-08-11T13:38:00Z,2023-08-11T13:46:00Z,feed,2026-09-19T20:01:39Z,2026-09-19T20:01:39Z,thames_api
thames:TWL00417,thames,2023-08-11T13:50:00Z,2023-08-11T13:56:00Z,feed,2026-09-19T20:01:39Z,2026-09-19T20:01:39Z,thames_api
thames:TWL00417,thames,2023-08-11T14:02:00Z,2023-08-11T14:14:00Z,feed,2026-09-19T20:01:39Z,2026-09-19T20:01:39Z,thames_api
thames:TWL00417,thames,2023-08-11T14:18:00Z,2023-08-11T14:28:00Z,feed,2026-09-19T20:01:39Z,2026-09-19T20:01:39Z,thames_api
thames:TWL00417,thames,2023-08-11T14:32:00Z,2023-08-11T14:44:00Z,feed,2026-09-19T20:01:39Z,2026-09-19T20:01:39Z,thames_api
thames:TWL00417,thames,2023-08-11T14:50:00Z,2023-08-11T15:00:00Z,feed,2026-09-19T20:01:39Z,2026-09-19T20:01:39Z,thames_api
thames:TWL00417,thames,2023-08-11T15:06:00Z,2023-08-11T15:16:00Z,feed,2026-09-19T20:01:39Z,2026-09-19T20:01:39Z,thames_api
thames:TWL00417,thames,2023-08-11T15:22:00Z,2023-08-11T15:30:00Z,feed,2026-09-19T20:01:39Z,2026-09-19T20:01:39Z,thames_api
thames:TWL00417,thames,2023-08-11T15:34:00Z,2023-08-11T15:42:00Z,feed,2026-09-19T20:01:39Z,2026-09-19T20:01:39Z,thames_api
thames:TWL00417,thames,2023-08-11T15:46:00Z,2023-08-11T15:54:00Z,feed,2026-09-19T20:01:39Z,2026-09-19T20:01:39Z,thames_api
thames:TWL00417,thames,2023-08-11T15:58:00Z,2023-08-11T16:08:00Z,feed,2026-09-19T20:01:39Z,2026-09-19T20:01:39Z,thames_api
thames:TWL00417,thames,2023-08-11T16:12:00Z,2023-08-11T16:20:00Z,feed,2026-09-19T20:01:39Z,2026-09-19T20:01:39Z,thames_api
thames:TWL00417,thames,2023-08-11T16:24:00Z,2023-08-11T16:34:00Z,feed,2026-09-19T20:01:39Z,2026-09-19T20:01:39Z,thames_api
thames:TWL00417,thames,2023-08-11T16:40:00Z,2023-08-11T16:48:00Z,feed,2026-09-19T20:01:39Z,2026-09-19T20:01:39Z,thames_api
thames:TWL00417,thames,2023-08-11T16:54:00Z,2023-08-11T17:04:00Z,feed,2026-09-19T20:01:39Z,2026-09-19T20:01:39Z,thames_api
thames:TWL00417,thames,2023-08-11T17:08:00Z,2023-08-11T17:16:00Z,feed,2026-09-19T20:01:39Z,2026-09-19T20:01:39Z,thames_api
thames:TWL00417,thames,2023-08-11T17:22:00Z,2023-08-11T17:28:00Z,feed,2026-09-19T20:01:39Z,2026-09-19T20:01:39Z,thames_api
thames:TWL00417,thames,2023-08-11T17:32:00Z,2023-08-11T17:38:00Z,feed,2026-09-19T20:01:39Z,2026-09-19T20:01:39Z,thames_api
thames:TWL00417,thames,2023-08-11T17:42:00Z,2023-08-11T17:48:00Z,feed,2026-09-19T20:01:39Z,2026-09-19T20:01:39Z,thames_api
thames:TWL00417,thames,2023-08-11T17:52:00Z,2023-08-11T17:58:00Z,feed,2026-09-19T20:01:39Z,2026-09-19T20:01:39Z,thames_api
thames:TWL00417,thames,2023-08-11T18:02:00Z,2023-08-11T18:10:00Z,feed,2026-09-19T20:01:39Z,2026-09-19T20:01:39Z,thames_api
thames:TWL00417,thames,2023-08-11T18:14:00Z,2023-08-11T18:22:00Z,feed,2026-09-19T20:01:39Z,2026-09-19T20:01:39Z,thames_api
thames:TWL00417,thames,2023-08-11T18:26:00Z,2023-08-24T08:06:00Z,feed,2026-09-19T20:01:39Z,2026-09-19T20:01:39Z,thames_api
thames:TWL00417,thames,2024-12-10T03:28:00Z,2025-01-29T09:50:00Z,feed,2026-09-19T20:01:39Z,2026-09-19T20:01:39Z,thames_api
thames:TWL00417,thames,2026-01-03T04:00:00Z,2026-01-09T11:22:00Z,feed,2026-09-19T20:01:39Z,2026-09-19T20:01:39Z,thames_api
thames:TWL00418,thames,2026-06-13T16:00:00Z,2026-06-18T12:45:00Z,feed,2026-09-19T20:01:39Z,2026-09-19T20:01:39Z,thames_api
thames:TWL00418,thames,2026-07-14T16:00:00Z,2026-07-24T08:00:00Z,feed,2026-09-19T20:01:39Z,2026-09-19T20:01:39Z,thames_api
thames:TWL00423,thames,2022-04-06T13:04:00Z,2022-04-06T14:24:00Z,feed,2026-09-19T20:01:39Z,2026-09-19T20:01:39Z,thames_api
thames:TWL00423,thames,2022-04-06T14:28:00Z,2022-04-07T18:16:00Z,feed,2026-09-19T20:01:39Z,2026-09-19T20:01:39Z,thames_api
thames:TWL00423,thames,2024-10-14T11:00:00Z,2024-11-07T08:36:00Z,feed,2026-09-19T20:01:39Z,2026-09-19T20:01:39Z,thames_api
thames:TWL00423,thames,2025-08-21T03:00:00Z,2025-09-12T07:20:00Z,feed,2026-09-19T20:01:39Z,2026-09-19T20:01:39Z,thames_api
thames:TWL00423,thames,2026-05-27T17:46:00Z,2026-05-29T21:48:00Z,feed,2026-09-19T20:01:39Z,2026-09-19T20:01:39Z,thames_api
thames:TWL00424,thames,2023-05-08T23:00:00Z,2023-06-06T07:16:00Z,feed,2026-09-19T20:01:39Z,2026-09-19T20:01:39Z,thames_api
thames:TWL00424,thames,2023-08-10T15:00:00Z,2023-08-22T07:40:00Z,feed,2026-09-19T20:01:39Z,2026-09-19T20:01:39Z,thames_api
thames:TWL00424,thames,2023-09-02T15:56:00Z,2023-09-15T22:06:00Z,feed,2026-09-19T20:01:39Z,2026-09-19T20:01:39Z,thames_api
thames:TWL00424,thames,2023-09-15T22:46:00Z,2023-09-22T15:20:00Z,feed,2026-09-19T20:01:39Z,2026-09-19T20:01:39Z,thames_api
thames:TWL00424,thames,2023-10-07T15:00:00Z,2023-10-18T08:00:00Z,feed,2026-09-19T20:01:39Z,2026-09-19T20:01:39Z,thames_api
thames:TWL00424,thames,2023-12-04T15:00:00Z,2023-12-15T08:50:00Z,feed,2026-09-19T20:01:39Z,2026-09-19T20:01:39Z,thames_api
thames:TWL00424,thames,2024-03-02T06:00:00Z,2024-03-13T08:32:00Z,feed,2026-09-19T20:01:39Z,2026-09-19T20:01:39Z,thames_api
thames:TWL00426,thames,2025-07-21T12:58:00Z,2025-11-14T13:14:00Z,feed,2026-09-19T20:01:39Z,2026-09-19T20:01:39Z,thames_api
thames:TWL00427,thames,2023-04-18T11:45:00Z,2023-04-30T23:45:00Z,feed,2026-09-19T20:01:39Z,2026-09-19T20:01:39Z,thames_api
thames:TWL00429,thames,2022-12-16T08:45:00Z,2022-12-20T07:30:00Z,feed,2026-09-19T20:01:39Z,2026-09-19T20:01:39Z,thames_api
thames:TWL00429,thames,2023-02-09T08:15:00Z,2023-02-21T17:15:00Z,feed,2026-09-19T20:01:39Z,2026-09-19T20:01:39Z,thames_api
thames:TWL00429,thames,2024-01-09T12:45:00Z,2024-02-02T13:45:00Z,feed,2026-09-19T20:01:39Z,2026-09-19T20:01:39Z,thames_api
thames:TWL00429,thames,2025-01-10T12:00:00Z,2025-01-27T08:45:00Z,feed,2026-09-19T20:01:39Z,2026-09-19T20:01:39Z,thames_api
thames:TWL00429,thames,2025-02-06T08:30:00Z,2025-02-11T08:45:00Z,feed,2026-09-19T20:01:39Z,2026-09-19T20:01:39Z,thames_api
thames:TWL00429,thames,2025-05-15T11:15:00Z,2025-06-12T07:30:00Z,feed,2026-09-19T20:01:39Z,2026-09-19T20:01:39Z,thames_api
thames:TWL00430,thames,2024-02-27T15:45:00Z,2024-03-14T09:00:00Z,feed,2026-09-19T20:01:39Z,2026-09-19T20:01:39Z,thames_api
thames:TWL00432,thames,2023-11-12T03:15:00Z,2023-11-23T12:00:00Z,feed,2026-09-19T20:01:39Z,2026-09-19T20:01:39Z,thames_api
thames:TWL00434,thames,2025-10-07T13:00:00Z,2025-10-15T08:15:00Z,feed,2026-09-19T20:01:39Z,2026-09-19T20:01:39Z,thames_api
thames:TWL00435,thames,2022-08-29T02:30:00Z,2023-04-12T15:45:00Z,feed,2026-09-19T20:01:39Z,2026-09-19T20:01:39Z,thames_api
thames:TWL00435,thames,2024-10-02T02:00:00Z,2024-10-08T09:30:00Z,feed,2026-09-19T20:01:39Z,2026-09-19T20:01:39Z,thames_api
thames:TWL00435,thames,2026-04-22T08:00:00Z,2026-05-05T11:00:00Z,feed,2026-09-19T20:01:39Z,2026-09-19T20:01:39Z,thames_api
thames:TWL00436,thames,2023-10-07T07:00:00Z,2023-10-27T08:00:00Z,feed,2026-09-19T20:01:39Z,2026-09-19T20:01:39Z,thames_api
thames:TWL00436,thames,2024-06-17T07:00:00Z,2024-06-20T08:00:00Z,feed,2026-09-19T20:01:39Z,2026-09-19T20:01:39Z,thames_api
thames:TWL00437,thames,2023-10-17T07:00:00Z,2024-04-10T13:00:00Z,feed,2026-09-19T20:01:39Z,2026-09-19T20:01:39Z,thames_api
thames:TWL00437,thames,2024-11-02T11:00:00Z,2024-11-04T20:30:00Z,feed,2026-09-19T20:01:39Z,2026-09-19T20:01:39Z,thames_api
thames:TWL00437,thames,2025-03-23T18:45:00Z,2025-04-07T07:15:00Z,feed,2026-09-19T20:01:39Z,2026-09-19T20:01:39Z,thames_api
thames:TWL00437,thames,2025-09-05T04:15:00Z,2025-09-11T16:15:00Z,feed,2026-09-19T20:01:39Z,2026-09-19T20:01:39Z,thames_api
thames:TWL00437,thames,2026-04-13T21:00:00Z,2026-04-30T07:30:00Z,feed,2026-09-19T20:01:39Z,2026-09-19T20:01:39Z,thames_api
thames:TWL00438,thames,2024-07-25T00:00:00Z,2024-08-22T15:42:00Z,feed,2026-09-19T20:01:39Z,2026-09-19T20:01:39Z,thames_api
thames:TWL00438,thames,2025-04-02T07:00:00Z,2025-04-02T13:52:00Z,feed,2026-09-19T20:01:39Z,2026-09-19T20:01:39Z,thames_api
thames:TWL00438,thames,2025-05-14T04:48:00Z,2025-05-14T12:12:00Z,feed,2026-09-19T20:01:39Z,2026-09-19T20:01:39Z,thames_api
thames:TWL00438,thames,2025-06-04T08:00:00Z,2025-06-04T16:42:00Z,feed,2026-09-19T20:01:39Z,2026-09-19T20:01:39Z,thames_api
thames:TWL00438,thames,2025-06-11T06:14:00Z,2025-06-11T16:14:00Z,feed,2026-09-19T20:01:39Z,2026-09-19T20:01:39Z,thames_api
thames:TWL00438,thames,2025-06-18T07:44:00Z,2025-06-18T16:00:00Z,feed,2026-09-19T20:01:39Z,2026-09-19T20:01:39Z,thames_api
thames:TWL00438,thames,2025-06-25T06:12:00Z,2025-06-25T14:30:00Z,feed,2026-09-19T20:01:39Z,2026-09-19T20:01:39Z,thames_api
thames:TWL00438,thames,2025-07-02T08:32:00Z,2025-07-02T14:50:00Z,feed,2026-09-19T20:01:39Z,2026-09-19T20:01:39Z,thames_api
thames:TWL00438,thames,2025-07-09T08:26:00Z,2025-07-09T12:12:00Z,feed,2026-09-19T20:01:39Z,2026-09-19T20:01:39Z,thames_api
thames:TWL00438,thames,2025-07-10T08:18:00Z,2025-07-10T14:40:00Z,feed,2026-09-19T20:01:39Z,2026-09-19T20:01:39Z,thames_api
thames:TWL00438,thames,2025-07-15T11:06:00Z,2025-07-15T16:00:00Z,feed,2026-09-19T20:01:39Z,2026-09-19T20:01:39Z,thames_api
thames:TWL00438,thames,2025-07-16T08:40:00Z,2025-07-16T15:16:00Z,feed,2026-09-19T20:01:39Z,2026-09-19T20:01:39Z,thames_api
thames:TWL00438,thames,2025-07-17T06:10:00Z,2025-07-17T15:46:00Z,feed,2026-09-19T20:01:39Z,2026-09-19T20:01:39Z,thames_api
thames:TWL00438,thames,2025-07-21T09:56:00Z,2025-07-21T17:06:00Z,feed,2026-09-19T20:01:39Z,2026-09-19T20:01:39Z,thames_api
thames:TWL00438,thames,2025-07-25T07:06:00Z,2025-07-25T14:36:00Z,feed,2026-09-19T20:01:39Z,2026-09-19T20:01:39Z,thames_api
thames:TWL00438,thames,2025-07-30T07:10:00Z,2025-07-30T13:08:00Z,feed,2026-09-19T20:01:39Z,2026-09-19T20:01:39Z,thames_api
thames:TWL00438,thames,2025-07-31T07:48:00Z,2025-07-31T18:16:00Z,feed,2026-09-19T20:01:39Z,2026-09-19T20:01:39Z,thames_api
thames:TWL00438,thames,2025-08-06T08:18:00Z,2025-08-06T08:58:00Z,feed,2026-09-19T20:01:39Z,2026-09-19T20:01:39Z,thames_api
thames:TWL00438,thames,2025-08-07T07:34:00Z,2025-08-07T10:06:00Z,feed,2026-09-19T20:01:39Z,2026-09-19T20:01:39Z,thames_api
thames:TWL00438,thames,2025-08-13T08:10:00Z,2025-08-13T14:34:00Z,feed,2026-09-19T20:01:39Z,2026-09-19T20:01:39Z,thames_api
thames:TWL00438,thames,2025-08-19T07:24:00Z,2025-08-19T15:34:00Z,feed,2026-09-19T20:01:39Z,2026-09-19T20:01:39Z,thames_api
thames:TWL00438,thames,2025-09-03T08:38:00Z,2025-09-03T16:36:00Z,feed,2026-09-19T20:01:39Z,2026-09-19T20:01:39Z,thames_api
thames:TWL00438,thames,2025-09-04T04:02:00Z,2025-09-04T04:54:00Z,feed,2026-09-19T20:01:39Z,2026-09-19T20:01:39Z,thames_api
thames:TWL00438,thames,2025-09-17T07:58:00Z,2025-09-17T15:36:00Z,feed,2026-09-19T20:01:39Z,2026-09-19T20:01:39Z,thames_api
thames:TWL00438,thames,2025-09-25T03:36:00Z,2025-09-25T06:40:00Z,feed,2026-09-19T20:01:39Z,2026-09-19T20:01:39Z,thames_api
thames:TWL00438,thames,2025-10-15T07:34:00Z,2025-10-15T13:18:00Z,feed,2026-09-19T20:01:39Z,2026-09-19T20:01:39Z,thames_api
thames:TWL00438,thames,2025-10-16T08:06:00Z,2025-10-16T16:08:00Z,feed,2026-09-19T20:01:39Z,2026-09-19T20:01:39Z,thames_api
thames:TWL00438,thames,2025-10-29T08:26:00Z,2025-10-29T17:34:00Z,feed,2026-09-19T20:01:39Z,2026-09-19T20:01:39Z,thames_api
thames:TWL00438,thames,2025-11-05T07:26:00Z,2025-11-05T12:06:00Z,feed,2026-09-19T20:01:39Z,2026-09-19T20:01:39Z,thames_api
thames:TWL00438,thames,2025-11-11T09:46:00Z,2025-11-11T16:54:00Z,feed,2026-09-19T20:01:39Z,2026-09-19T20:01:39Z,thames_api
thames:TWL00438,thames,2025-11-18T09:28:00Z,2025-11-18T15:20:00Z,feed,2026-09-19T20:01:39Z,2026-09-19T20:01:39Z,thames_api
thames:TWL00438,thames,2025-11-26T09:42:00Z,2025-11-26T17:12:00Z,feed,2026-09-19T20:01:39Z,2026-09-19T20:01:39Z,thames_api
thames:TWL00438,thames,2025-11-27T10:42:00Z,2025-11-28T08:16:00Z,feed,2026-09-19T20:01:39Z,2026-09-19T20:01:39Z,thames_api
thames:TWL00438,thames,2025-12-03T08:40:00Z,2025-12-03T14:20:00Z,feed,2026-09-19T20:01:39Z,2026-09-19T20:01:39Z,thames_api
thames:TWL00438,thames,2025-12-10T08:16:00Z,2025-12-10T15:28:00Z,feed,2026-09-19T20:01:39Z,2026-09-19T20:01:39Z,thames_api
thames:TWL00438,thames,2025-12-17T09:06:00Z,2025-12-17T14:24:00Z,feed,2026-09-19T20:01:39Z,2026-09-19T20:01:39Z,thames_api
thames:TWL00438,thames,2025-12-18T07:52:00Z,2025-12-18T17:54:00Z,feed,2026-09-19T20:01:39Z,2026-09-19T20:01:39Z,thames_api
thames:TWL00438,thames,2026-01-22T09:00:00Z,2026-01-22T12:58:00Z,feed,2026-09-19T20:01:39Z,2026-09-19T20:01:39Z,thames_api
thames:TWL00438,thames,2026-01-29T09:22:00Z,2026-01-29T16:46:00Z,feed,2026-09-19T20:01:39Z,2026-09-19T20:01:39Z,thames_api
thames:TWL00438,thames,2026-01-30T10:16:00Z,2026-01-30T13:44:00Z,feed,2026-09-19T20:01:39Z,2026-09-19T20:01:39Z,thames_api
thames:TWL00438,thames,2026-02-05T13:12:00Z,2026-02-05T14:50:00Z,feed,2026-09-19T20:01:39Z,2026-09-19T20:01:39Z,thames_api
thames:TWL00438,thames,2026-02-06T13:12:00Z,2026-02-06T13:56:00Z,feed,2026-09-19T20:01:39Z,2026-09-19T20:01:39Z,thames_api
thames:TWL00438,thames,2026-02-19T08:34:00Z,2026-02-19T16:40:00Z,feed,2026-09-19T20:01:39Z,2026-09-19T20:01:39Z,thames_api
thames:TWL00438,thames,2026-02-25T09:16:00Z,2026-02-25T13:58:00Z,feed,2026-09-19T20:01:39Z,2026-09-19T20:01:39Z,thames_api
thames:TWL00438,thames,2026-04-28T08:36:00Z,2026-04-28T15:54:00Z,feed,2026-09-19T20:01:39Z,2026-09-19T20:01:39Z,thames_api
thames:TWL00438,thames,2026-04-30T08:04:00Z,2026-04-30T10:18:00Z,feed,2026-09-19T20:01:39Z,2026-09-19T20:01:39Z,thames_api
thames:TWL00438,thames,2026-05-05T07:06:00Z,2026-05-05T14:36:00Z,feed,2026-09-19T20:01:39Z,2026-09-19T20:01:39Z,thames_api
thames:TWL00438,thames,2026-05-12T03:00:00Z,2026-05-12T07:18:00Z,feed,2026-09-19T20:01:39Z,2026-09-19T20:01:39Z,thames_api
thames:TWL00438,thames,2026-05-12T09:56:00Z,2026-05-12T15:12:00Z,feed,2026-09-19T20:01:39Z,2026-09-19T20:01:39Z,thames_api
thames:TWL00438,thames,2026-05-13T11:08:00Z,2026-05-13T16:26:00Z,feed,2026-09-19T20:01:39Z,2026-09-19T20:01:39Z,thames_api
thames:TWL00438,thames,2026-05-15T09:00:00Z,2026-05-15T13:08:00Z,feed,2026-09-19T20:01:39Z,2026-09-19T20:01:39Z,thames_api
thames:TWL00438,thames,2026-05-21T08:22:00Z,2026-05-21T12:32:00Z,feed,2026-09-19T20:01:39Z,2026-09-19T20:01:39Z,thames_api
thames:TWL00438,thames,2026-05-26T03:10:00Z,2026-05-26T08:28:00Z,feed,2026-09-19T20:01:39Z,2026-09-19T20:01:39Z,thames_api
thames:TWL00438,thames,2026-05-27T06:30:00Z,2026-05-27T16:08:00Z,feed,2026-09-19T20:01:39Z,2026-09-19T20:01:39Z,thames_api
thames:TWL00438,thames,2026-05-28T06:24:00Z,2026-05-28T15:30:00Z,feed,2026-09-19T20:01:39Z,2026-09-19T20:01:39Z,thames_api
thames:TWL00438,thames,2026-05-29T08:34:00Z,2026-05-29T12:10:00Z,feed,2026-09-19T20:01:39Z,2026-09-19T20:01:39Z,thames_api
thames:TWL00438,thames,2026-06-01T06:40:00Z,2026-06-02T04:26:00Z,feed,2026-09-19T20:01:39Z,2026-09-19T20:01:39Z,thames_api
thames:TWL00438,thames,2026-06-03T09:08:00Z,2026-06-03T13:04:00Z,feed,2026-09-19T20:01:39Z,2026-09-19T20:01:39Z,thames_api
thames:TWL00438,thames,2026-06-09T09:20:00Z,2026-06-09T11:42:00Z,feed,2026-09-19T20:01:39Z,2026-09-19T20:01:39Z,thames_api
thames:TWL00438,thames,2026-06-10T07:14:00Z,2026-06-10T14:48:00Z,feed,2026-09-19T20:01:39Z,2026-09-19T20:01:39Z,thames_api
thames:TWL00438,thames,2026-06-19T07:04:00Z,2026-06-19T14:16:00Z,feed,2026-09-19T20:01:39Z,2026-09-19T20:01:39Z,thames_api
thames:TWL00438,thames,2026-06-26T08:20:00Z,2026-06-26T08:40:00Z,feed,2026-09-19T20:01:39Z,2026-09-19T20:01:39Z,thames_api
thames:TWL00438,thames,2026-07-01T02:40:00Z,2026-07-01T06:24:00Z,feed,2026-09-19T20:01:39Z,2026-09-19T20:01:39Z,thames_api
thames:TWL00438,thames,2026-07-01T08:16:00Z,2026-07-01T08:54:00Z,feed,2026-09-19T20:01:39Z,2026-09-19T20:01:39Z,thames_api
thames:TWL00438,thames,2026-07-15T07:46:00Z,2026-07-15T11:26:00Z,feed,2026-09-19T20:01:39Z,2026-09-19T20:01:39Z,thames_api
thames:TWL00438,thames,2026-07-16T07:12:00Z,2026-07-16T11:42:00Z,feed,2026-09-19T20:01:39Z,2026-09-19T20:01:39Z,thames_api
thames:TWL00438,thames,2026-07-23T10:06:00Z,2026-07-23T10:08:00Z,feed,2026-09-19T20:01:39Z,2026-09-19T20:01:39Z,thames_api
thames:TWL00438,thames,2026-07-23T10:12:00Z,2026-07-23T13:46:00Z,feed,2026-09-19T20:01:39Z,2026-09-19T20:01:39Z,thames_api
thames:TWL00438,thames,2026-07-29T07:56:00Z,2026-07-29T14:22:00Z,feed,2026-09-19T20:01:39Z,2026-09-19T20:01:39Z,thames_api
thames:TWL00438,thames,2026-07-30T07:00:00Z,2026-07-30T15:36:00Z,feed,2026-09-19T20:01:39Z,2026-09-19T20:01:39Z,thames_api
thames:TWL00438,thames,2026-08-19T07:42:00Z,2026-08-19T10:38:00Z,feed,2026-09-19T20:01:39Z,2026-09-19T20:01:39Z,thames_api
thames:TWL00438,thames,2026-08-21T07:22:00Z,2026-08-21T13:38:00Z,feed,2026-09-19T20:01:39Z,2026-09-19T20:01:39Z,thames_api
thames:TWL00438,thames,2026-09-09T07:36:00Z,2026-09-09T13:42:00Z,feed,2026-09-19T20:01:39Z,2026-09-19T20:01:39Z,thames_api
thames:TWL00438,thames,2026-09-10T03:14:00Z,2026-09-10T12:40:00Z,feed,2026-09-19T20:01:39Z,2026-09-19T20:01:39Z,thames_api
thames:TWL00439,thames,2022-04-05T13:15:00Z,2022-04-24T23:45:00Z,feed,2026-09-19T20:01:39Z,2026-09-19T20:01:39Z,thames_api
thames:TWL00439,thames,2022-05-25T09:45:00Z,2022-07-29T14:30:00Z,feed,2026-09-19T20:01:39Z,2026-09-19T20:01:39Z,thames_api
thames:TWL00439,thames,2022-11-25T14:00:00Z,2022-12-17T18:15:00Z,feed,2026-09-19T20:01:39Z,2026-09-19T20:01:39Z,thames_api
thames:TWL00439,thames,2023-10-18T17:45:00Z,2023-10-19T23:30:00Z,feed,2026-09-19T20:01:39Z,2026-09-19T20:01:39Z,thames_api
thames:TWL00439,thames,2023-10-20T18:15:00Z,2023-10-21T00:45:00Z,feed,2026-09-19T20:01:39Z,2026-09-19T20:01:39Z,thames_api
thames:TWL00439,thames,2024-03-01T10:00:00Z,2024-03-13T08:30:00Z,feed,2026-09-19T20:01:39Z,2026-09-19T20:01:39Z,thames_api
thames:TWL00439,thames,2024-09-08T22:00:00Z,2025-01-27T08:45:00Z,feed,2026-09-19T20:01:39Z,2026-09-19T20:01:39Z,thames_api
thames:TWL00440,thames,2023-09-11T06:10:00Z,2023-09-29T08:24:00Z,feed,2026-09-19T20:01:39Z,2026-09-19T20:01:39Z,thames_api
thames:TWL00440,thames,2025-04-17T08:22:00Z,2025-04-17T13:14:00Z,feed,2026-09-19T20:01:39Z,2026-09-19T20:01:39Z,thames_api
thames:TWL00440,thames,2025-10-10T11:00:00Z,2025-10-10T12:52:00Z,feed,2026-09-19T20:01:39Z,2026-09-19T20:01:39Z,thames_api
thames:TWL00444,thames,2022-08-22T17:30:00Z,2023-05-03T08:45:00Z,feed,2026-09-19T20:01:39Z,2026-09-19T20:01:39Z,thames_api
thames:TWL00444,thames,2023-09-24T21:15:00Z,2023-10-06T14:00:00Z,feed,2026-09-19T20:01:39Z,2026-09-19T20:01:39Z,thames_api
thames:TWL00444,thames,2024-07-12T05:00:00Z,2024-07-16T07:45:00Z,feed,2026-09-19T20:01:39Z,2026-09-19T20:01:39Z,thames_api
thames:TWL00444,thames,2024-07-19T05:00:00Z,2024-07-26T14:15:00Z,feed,2026-09-19T20:01:39Z,2026-09-19T20:01:39Z,thames_api
thames:TWL00444,thames,2025-11-19T05:00:00Z,2025-11-24T09:30:00Z,feed,2026-09-19T20:01:39Z,2026-09-19T20:01:39Z,thames_api
thames:TWL00444,thames,2026-03-01T05:00:00Z,2026-03-04T11:15:00Z,feed,2026-09-19T20:01:39Z,2026-09-19T20:01:39Z,thames_api
thames:TWL00445,thames,2022-12-05T12:00:00Z,2022-12-07T10:00:00Z,feed,2026-09-19T20:01:39Z,2026-09-19T20:01:39Z,thames_api
thames:TWL00445,thames,2024-04-11T12:00:00Z,2024-04-25T10:15:00Z,feed,2026-09-19T20:01:39Z,2026-09-19T20:01:39Z,thames_api
thames:TWL00446,thames,2024-09-03T15:45:00Z,2024-10-25T15:15:00Z,feed,2026-09-19T20:01:39Z,2026-09-19T20:01:39Z,thames_api
thames:TWL00446,thames,2025-08-05T10:00:00Z,2025-08-14T07:15:00Z,feed,2026-09-19T20:01:39Z,2026-09-19T20:01:39Z,thames_api
thames:TWL00447,thames,2022-04-01T00:00:00Z,2024-02-19T12:45:00Z,feed,2026-09-19T20:01:39Z,2026-09-19T20:01:39Z,thames_api
thames:TWL00447,thames,2024-02-19T16:30:00Z,2024-03-21T11:45:00Z,feed,2026-09-19T20:01:39Z,2026-09-19T20:01:39Z,thames_api
thames:TWL00448,thames,2026-09-16T13:15:00Z,,,2026-09-19T20:01:39Z,2026-09-19T20:01:39Z,thames_api
thames:TWL00449,thames,2024-09-05T09:00:00Z,2024-09-23T07:45:00Z,feed,2026-09-19T20:01:39Z,2026-09-19T20:01:39Z,thames_api
thames:TWL00449,thames,2025-07-01T06:00:00Z,2025-08-01T13:15:00Z,feed,2026-09-19T20:01:39Z,2026-09-19T20:01:39Z,thames_api
thames:TWL00450,thames,2024-06-22T00:00:00Z,2024-07-01T12:15:00Z,feed,2026-09-19T20:01:39Z,2026-09-19T20:01:39Z,thames_api
thames:TWL00451,thames,2022-04-01T00:00:00Z,2023-02-23T16:30:00Z,feed,2026-09-19T20:01:39Z,2026-09-19T20:01:39Z,thames_api
thames:TWL00451,thames,2023-02-23T17:45:00Z,2023-03-08T12:15:00Z,feed,2026-09-19T20:01:39Z,2026-09-19T20:01:39Z,thames_api
thames:TWL00451,thames,2026-08-24T18:00:00Z,,,2026-09-19T20:01:39Z,2026-09-19T20:01:39Z,thames_api
thames:TWL00452,thames,2022-12-05T11:58:00Z,2022-12-06T14:40:00Z,feed,2026-09-19T20:01:39Z,2026-09-19T20:01:39Z,thames_api
thames:TWL00452,thames,2023-07-31T08:38:00Z,2023-08-07T07:18:00Z,feed,2026-09-19T20:01:39Z,2026-09-19T20:01:39Z,thames_api
thames:TWL00452,thames,2023-09-10T07:48:00Z,2023-09-28T15:04:00Z,feed,2026-09-19T20:01:39Z,2026-09-19T20:01:39Z,thames_api
thames:TWL00452,thames,2025-02-08T14:00:00Z,2025-02-28T09:40:00Z,feed,2026-09-19T20:01:39Z,2026-09-19T20:01:39Z,thames_api
thames:TWL00453,thames,2022-12-07T13:45:00Z,2022-12-07T16:00:00Z,feed,2026-09-19T20:01:39Z,2026-09-19T20:01:39Z,thames_api
thames:TWL00453,thames,2023-10-25T13:30:00Z,2023-10-28T22:30:00Z,feed,2026-09-19T20:01:39Z,2026-09-19T20:01:39Z,thames_api
thames:TWL00453,thames,2026-09-12T13:30:00Z,,,2026-09-19T20:01:39Z,2026-09-19T20:01:39Z,thames_api
thames:TWL00458,thames,2022-11-16T19:45:00Z,2023-01-10T15:15:00Z,feed,2026-09-19T20:01:39Z,2026-09-19T20:01:39Z,thames_api
thames:TWL00459,thames,2022-04-01T00:00:00Z,2022-12-31T23:45:00Z,feed,2026-09-19T20:01:39Z,2026-09-19T20:01:39Z,thames_api
thames:TWL00460,thames,2022-04-01T00:00:00Z,2024-02-16T23:46:00Z,feed,2026-09-19T20:01:39Z,2026-09-19T20:01:39Z,thames_api
thames:TWL00460,thames,2025-03-30T14:24:00Z,2025-06-16T07:14:00Z,feed,2026-09-19T20:01:39Z,2026-09-19T20:01:39Z,thames_api
thames:TWL00462,thames,2022-08-24T23:15:00Z,2023-01-10T15:15:00Z,feed,2026-09-19T20:01:39Z,2026-09-19T20:01:39Z,thames_api
thames:TWL00462,thames,2025-01-31T14:45:00Z,2025-02-28T10:15:00Z,feed,2026-09-19T20:01:39Z,2026-09-19T20:01:39Z,thames_api
thames:TWL00463,thames,2022-04-01T00:00:00Z,2025-02-19T10:30:00Z,feed,2026-09-19T20:01:39Z,2026-09-19T20:01:39Z,thames_api
thames:TWL00463,thames,2025-03-16T12:00:00Z,2025-03-21T11:45:00Z,feed,2026-09-19T20:01:39Z,2026-09-19T20:01:39Z,thames_api
thames:TWL00463,thames,2025-09-21T12:00:00Z,2025-09-25T08:00:00Z,feed,2026-09-19T20:01:39Z,2026-09-19T20:01:39Z,thames_api
thames:TWL00463,thames,2025-10-06T12:00:00Z,2025-10-13T11:45:00Z,feed,2026-09-19T20:01:39Z,2026-09-19T20:01:39Z,thames_api
thames:TWL00463,thames,2025-11-13T02:00:00Z,2025-11-24T08:30:00Z,feed,2026-09-19T20:01:39Z,2026-09-19T20:01:39Z,thames_api
thames:TWL00464,thames,2023-10-18T14:00:00Z,2023-11-03T09:00:00Z,feed,2026-09-19T20:01:39Z,2026-09-19T20:01:39Z,thames_api
thames:TWL00464,thames,2023-11-06T00:00:00Z,2023-11-13T09:00:00Z,feed,2026-09-19T20:01:39Z,2026-09-19T20:01:39Z,thames_api
thames:TWL00464,thames,2024-05-08T13:00:00Z,2024-05-13T07:00:00Z,feed,2026-09-19T20:01:39Z,2026-09-19T20:01:39Z,thames_api
thames:TWL00465,thames,2022-11-28T18:30:00Z,2023-06-01T09:00:00Z,feed,2026-09-19T20:01:39Z,2026-09-19T20:01:39Z,thames_api
thames:TWL00468,thames,2022-04-01T00:00:00Z,2023-11-01T10:58:00Z,feed,2026-09-19T20:01:39Z,2026-09-19T20:01:39Z,thames_api
thames:TWL00468,thames,2026-07-27T07:50:00Z,2026-07-31T09:48:00Z,feed,2026-09-19T20:01:39Z,2026-09-19T20:01:39Z,thames_api
thames:TWL00468,thames,2026-08-07T14:32:00Z,2026-08-13T09:12:00Z,feed,2026-09-19T20:01:39Z,2026-09-19T20:01:39Z,thames_api
thames:TWL00472,thames,2022-11-08T16:15:00Z,2022-11-25T13:00:00Z,feed,2026-09-19T20:01:39Z,2026-09-19T20:01:39Z,thames_api
thames:TWL00472,thames,2023-04-04T08:00:00Z,2023-05-12T14:15:00Z,feed,2026-09-19T20:01:39Z,2026-09-19T20:01:39Z,thames_api
thames:TWL00472,thames,2023-08-22T08:00:00Z,2023-09-01T10:30:00Z,feed,2026-09-19T20:01:39Z,2026-09-19T20:01:39Z,thames_api
thames:TWL00472,thames,2026-03-31T07:45:00Z,2026-04-13T07:15:00Z,feed,2026-09-19T20:01:39Z,2026-09-19T20:01:39Z,thames_api
thames:TWL00474,thames,2022-04-01T00:00:00Z,2023-05-22T10:58:00Z,feed,2026-09-19T20:01:39Z,2026-09-19T20:01:39Z,thames_api
thames:TWL00474,thames,2023-05-23T13:00:00Z,2023-06-07T11:58:00Z,feed,2026-09-19T20:01:39Z,2026-09-19T20:01:39Z,thames_api
thames:TWL00474,thames,2023-10-15T11:00:00Z,2023-10-19T11:56:00Z,feed,2026-09-19T20:01:39Z,2026-09-19T20:01:39Z,thames_api
thames:TWL00474,thames,2025-11-21T09:36:00Z,2025-11-24T16:34:00Z,feed,2026-09-19T20:01:39Z,2026-09-19T20:01:39Z,thames_api
thames:TWL00474,thames,2026-05-08T05:00:00Z,,,2026-09-19T20:01:39Z,2026-09-19T20:01:39Z,thames_api
thames:TWL00475,thames,2022-04-01T00:00:00Z,2024-02-26T18:10:00Z,feed,2026-09-19T20:01:39Z,2026-09-19T20:01:39Z,thames_api
thames:TWL00475,thames,2024-03-09T01:00:00Z,2024-03-30T19:56:00Z,feed,2026-09-19T20:01:39Z,2026-09-19T20:01:39Z,thames_api
thames:TWL00475,thames,2024-03-31T20:00:00Z,2024-04-13T03:56:00Z,feed,2026-09-19T20:01:39Z,2026-09-19T20:01:39Z,thames_api
thames:TWL00475,thames,2024-04-23T13:00:00Z,2024-04-27T00:56:00Z,feed,2026-09-19T20:01:39Z,2026-09-19T20:01:39Z,thames_api
thames:TWL00475,thames,2024-09-05T08:00:00Z,2024-09-07T20:58:00Z,feed,2026-09-19T20:01:39Z,2026-09-19T20:01:39Z,thames_api
thames:TWL00475,thames,2025-04-15T06:00:00Z,2025-05-09T07:58:00Z,feed,2026-09-19T20:01:39Z,2026-09-19T20:01:39Z,thames_api
thames:TWL00478,thames,2022-07-27T00:15:00Z,2022-09-04T23:45:00Z,feed,2026-09-19T20:01:39Z,2026-09-19T20:01:39Z,thames_api
thames:TWL00478,thames,2022-12-20T00:15:00Z,2023-02-15T15:00:00Z,feed,2026-09-19T20:01:39Z,2026-09-19T20:01:39Z,thames_api
thames:TWL00479,thames,2022-04-01T00:00:00Z,2024-11-16T16:42:00Z,feed,2026-09-19T20:01:39Z,2026-09-19T20:01:39Z,thames_api
thames:TWL00479,thames,2025-05-30T08:06:00Z,2025-08-14T12:34:00Z,feed,2026-09-19T20:01:39Z,2026-09-19T20:01:39Z,thames_api
thames:TWL00480,thames,2022-04-01T00:00:00Z,2023-09-14T16:58:00Z,feed,2026-09-19T20:01:39Z,2026-09-19T20:01:39Z,thames_api
thames:TWL00480,thames,2025-11-12T20:00:00Z,2025-12-22T16:56:00Z,feed,2026-09-19T20:01:39Z,2026-09-19T20:01:39Z,thames_api
thames:TWL00480,thames,2026-08-25T11:18:00Z,2026-08-28T13:40:00Z,feed,2026-09-19T20:01:39Z,2026-09-19T20:01:39Z,thames_api
thames:TWL00486,thames,2022-04-01T00:00:00Z,2022-09-13T08:45:00Z,feed,2026-09-19T20:01:39Z,2026-09-19T20:01:39Z,thames_api
thames:TWL00486,thames,2024-06-27T11:45:00Z,2024-08-13T07:15:00Z,feed,2026-09-19T20:01:39Z,2026-09-19T20:01:39Z,thames_api
thames:TWL00486,thames,2024-08-20T15:00:00Z,2024-09-13T07:45:00Z,feed,2026-09-19T20:01:39Z,2026-09-19T20:01:39Z,thames_api
thames:TWL00486,thames,2026-05-23T20:00:00Z,2026-06-03T14:30:00Z,feed,2026-09-19T20:01:39Z,2026-09-19T20:01:39Z,thames_api
thames:TWL00486,thames,2026-06-19T12:15:00Z,2026-06-19T12:45:00Z,feed,2026-09-19T20:01:39Z,2026-09-19T20:01:39Z,thames_api
thames:TWL00489,thames,2022-04-01T00:00:00Z,2024-02-13T07:54:00Z,feed,2026-09-19T20:01:39Z,2026-09-19T20:01:39Z,thames_api
thames:TWL00489,thames,2026-08-06T14:22:00Z,,,2026-09-19T20:01:39Z,2026-09-19T20:01:39Z,thames_api
thames:TWL00491,thames,2022-04-01T00:00:00Z,2022-07-29T03:15:00Z,feed,2026-09-19T20:01:39Z,2026-09-19T20:01:39Z,thames_api
thames:TWL00491,thames,2024-10-24T19:00:00Z,2024-10-30T09:45:00Z,feed,2026-09-19T20:01:39Z,2026-09-19T20:01:39Z,thames_api
thames:TWL00491,thames,2025-06-06T19:00:00Z,2025-06-12T07:15:00Z,feed,2026-09-19T20:01:39Z,2026-09-19T20:01:39Z,thames_api
thames:TWL00491,thames,2025-09-15T19:00:00Z,2025-10-03T07:15:00Z,feed,2026-09-19T20:01:39Z,2026-09-19T20:01:39Z,thames_api
thames:TWL00498,thames,2022-04-01T00:00:00Z,2024-07-01T07:54:00Z,feed,2026-09-19T20:01:39Z,2026-09-19T20:01:39Z,thames_api
thames:TWL00500,thames,2022-04-01T00:00:00Z,2024-02-09T10:54:00Z,feed,2026-09-19T20:01:39Z,2026-09-19T20:01:39Z,thames_api
thames:TWL00500,thames,2026-07-22T04:00:00Z,,,2026-09-19T20:01:39Z,2026-09-19T20:01:39Z,thames_api
thames:TWL00503,thames,2022-04-01T00:00:00Z,2024-02-26T18:10:00Z,feed,2026-09-19T20:01:39Z,2026-09-19T20:01:39Z,thames_api
thames:TWL00503,thames,2024-03-04T22:00:00Z,2024-03-09T19:56:00Z,feed,2026-09-19T20:01:39Z,2026-09-19T20:01:39Z,thames_api
thames:TWL00503,thames,2025-07-02T07:00:00Z,2025-07-29T08:58:00Z,feed,2026-09-19T20:01:39Z,2026-09-19T20:01:39Z,thames_api
thames:TWL00505,thames,2022-04-01T00:00:00Z,2023-07-11T21:30:00Z,feed,2026-09-19T20:01:39Z,2026-09-19T20:01:39Z,thames_api
thames:TWL00505,thames,2026-07-09T06:30:00Z,2026-07-09T06:45:00Z,feed,2026-09-19T20:01:39Z,2026-09-19T20:01:39Z,thames_api
thames:TWL00505,thames,2026-07-13T16:00:00Z,2026-07-13T17:15:00Z,feed,2026-09-19T20:01:39Z,2026-09-19T20:01:39Z,thames_api
thames:TWL00506,thames,2024-06-14T03:00:00Z,2024-07-01T12:28:00Z,feed,2026-09-19T20:01:39Z,2026-09-19T20:01:39Z,thames_api
thames:TWL00514,thames,2022-04-01T00:00:00Z,2023-06-20T00:56:00Z,feed,2026-09-19T20:01:39Z,2026-09-19T20:01:39Z,thames_api
thames:TWL00514,thames,2023-10-12T20:00:00Z,2023-10-15T22:56:00Z,feed,2026-09-19T20:01:39Z,2026-09-19T20:01:39Z,thames_api
thames:TWL00514,thames,2026-09-16T01:00:00Z,,,2026-09-19T20:01:39Z,2026-09-19T20:01:39Z,thames_api
thames:TWL00515,thames,2022-04-01T00:00:00Z,2023-07-21T12:58:00Z,feed,2026-09-19T20:01:39Z,2026-09-19T20:01:39Z,thames_api
thames:TWL00519,thames,2022-04-01T00:00:00Z,2022-04-27T06:15:00Z,feed,2026-09-19T20:01:39Z,2026-09-19T20:01:39Z,thames_api
thames:TWL00519,thames,2026-08-16T06:00:00Z,2026-09-01T07:30:00Z,feed,2026-09-19T20:01:39Z,2026-09-19T20:01:39Z,thames_api
thames:TWL00521,thames,2022-04-01T00:00:00Z,2023-10-09T08:58:00Z,feed,2026-09-19T20:01:39Z,2026-09-19T20:01:39Z,thames_api
thames:TWL00521,thames,2024-10-16T13:00:00Z,2024-11-18T01:16:00Z,feed,2026-09-19T20:01:39Z,2026-09-19T20:01:39Z,thames_api
thames:TWL00521,thames,2025-03-25T01:12:00Z,2025-04-01T01:10:00Z,feed,2026-09-19T20:01:39Z,2026-09-19T20:01:39Z,thames_api
thames:TWL00521,thames,2025-06-15T01:14:00Z,2025-09-15T00:00:00Z,feed,2026-09-19T20:01:39Z,2026-09-19T20:01:39Z,thames_api
thames:TWL00521,thames,2025-10-04T19:42:00Z,2025-11-28T16:02:00Z,feed,2026-09-19T20:01:39Z,2026-09-19T20:01:39Z,thames_api
thames:TWL00521,thames,2026-01-12T06:24:00Z,2026-01-19T08:50:00Z,feed,2026-09-19T20:01:39Z,2026-09-19T20:01:39Z,thames_api
thames:TWL00521,thames,2026-09-10T13:22:00Z,,,2026-09-19T20:01:39Z,2026-09-19T20:01:39Z,thames_api
thames:TWL00527,thames,2023-01-13T09:15:00Z,2023-01-21T15:15:00Z,feed,2026-09-19T20:01:39Z,2026-09-19T20:01:39Z,thames_api
thames:TWL00527,thames,2025-01-15T02:00:00Z,2025-01-20T08:45:00Z,feed,2026-09-19T20:01:39Z,2026-09-19T20:01:39Z,thames_api
thames:TWL00527,thames,2025-05-20T15:00:00Z,2025-06-02T07:15:00Z,feed,2026-09-19T20:01:39Z,2026-09-19T20:01:39Z,thames_api
thames:TWL00527,thames,2025-07-28T09:45:00Z,2025-08-04T07:15:00Z,feed,2026-09-19T20:01:39Z,2026-09-19T20:01:39Z,thames_api
thames:TWL00527,thames,2025-12-12T19:00:00Z,2025-12-29T10:45:00Z,feed,2026-09-19T20:01:39Z,2026-09-19T20:01:39Z,thames_api
thames:TWL00527,thames,2026-02-21T06:00:00Z,2026-02-27T11:30:00Z,feed,2026-09-19T20:01:39Z,2026-09-19T20:01:39Z,thames_api
thames:TWL00528,thames,2022-12-02T10:30:00Z,2023-01-05T15:15:00Z,feed,2026-09-19T20:01:39Z,2026-09-19T20:01:39Z,thames_api
thames:TWL00533,thames,2022-04-01T00:00:00Z,2024-02-13T07:54:00Z,feed,2026-09-19T20:01:39Z,2026-09-19T20:01:39Z,thames_api
thames:TWL00533,thames,2024-02-16T18:36:00Z,2024-02-26T18:02:00Z,feed,2026-09-19T20:01:39Z,2026-09-19T20:01:39Z,thames_api
thames:TWL00533,thames,2024-03-22T10:00:00Z,2024-03-24T19:56:00Z,feed,2026-09-19T20:01:39Z,2026-09-19T20:01:39Z,thames_api
thames:TWL00540,thames,2022-04-01T00:00:00Z,2022-04-26T15:30:00Z,feed,2026-09-19T20:01:39Z,2026-09-19T20:01:39Z,thames_api
thames:TWL00544,thames,2022-04-01T00:00:00Z,2024-02-09T16:52:00Z,feed,2026-09-19T20:01:39Z,2026-09-19T20:01:39Z,thames_api
thames:TWL00544,thames,2026-04-28T23:00:00Z,2026-05-20T23:58:00Z,feed,2026-09-19T20:01:39Z,2026-09-19T20:01:39Z,thames_api
thames:TWL00544,thames,2026-05-29T07:56:00Z,2026-07-13T14:52:00Z,feed,2026-09-19T20:01:39Z,2026-09-19T20:01:39Z,thames_api
thames:TWL00544,thames,2026-08-13T15:00:00Z,,,2026-09-19T20:01:39Z,2026-09-19T20:01:39Z,thames_api
thames:TWL00545,thames,2022-04-01T00:00:00Z,2024-02-09T16:54:00Z,feed,2026-09-19T20:01:39Z,2026-09-19T20:01:39Z,thames_api
thames:TWL00546,thames,2022-04-01T00:00:00Z,2024-02-09T16:56:00Z,feed,2026-09-19T20:01:39Z,2026-09-19T20:01:39Z,thames_api
thames:TWL00546,thames,2026-06-15T07:18:00Z,,,2026-09-19T20:01:39Z,2026-09-19T20:01:39Z,thames_api
thames:TWL00549,thames,2022-04-01T00:00:00Z,2023-09-21T11:58:00Z,feed,2026-09-19T20:01:39Z,2026-09-19T20:01:39Z,thames_api
thames:TWL00550,thames,2022-04-01T00:00:00Z,2023-09-19T09:58:00Z,feed,2026-09-19T20:01:39Z,2026-09-19T20:01:39Z,thames_api
thames:TWL00551,thames,2022-04-01T00:00:00Z,2023-09-26T22:58:00Z,feed,2026-09-19T20:01:39Z,2026-09-19T20:01:39Z,thames_api
thames:TWL00551,thames,2025-08-11T20:00:00Z,2025-08-26T13:58:00Z,feed,2026-09-19T20:01:39Z,2026-09-19T20:01:39Z,thames_api
thames:TWL00557,thames,2022-04-01T00:00:00Z,2023-09-21T11:58:00Z,feed,2026-09-19T20:01:39Z,2026-09-19T20:01:39Z,thames_api
thames:TWL00557,thames,2023-10-17T12:00:00Z,2023-10-19T13:56:00Z,feed,2026-09-19T20:01:39Z,2026-09-19T20:01:39Z,thames_api
thames:TWL00557,thames,2026-06-19T10:00:00Z,2026-06-19T11:58:00Z,feed,2026-09-19T20:01:39Z,2026-09-19T20:01:39Z,thames_api
thames:TWL00566,thames,2022-04-01T00:00:00Z,2023-04-26T12:45:00Z,feed,2026-09-19T20:01:39Z,2026-09-19T20:01:39Z,thames_api
thames:TWL00566,thames,2024-06-27T13:15:00Z,2024-08-13T07:15:00Z,feed,2026-09-19T20:01:39Z,2026-09-19T20:01:39Z,thames_api
thames:TWL00570,thames,2022-04-01T00:00:00Z,2024-02-09T17:14:00Z,feed,2026-09-19T20:01:39Z,2026-09-19T20:01:39Z,thames_api
thames:TWL00570,thames,2026-03-18T04:00:00Z,2026-03-30T07:06:00Z,feed,2026-09-19T20:01:39Z,2026-09-19T20:01:39Z,thames_api
thames:TWL00571,thames,2022-04-01T00:00:00Z,2024-02-09T17:16:00Z,feed,2026-09-19T20:01:39Z,2026-09-19T20:01:39Z,thames_api
thames:TWL00571,thames,2026-09-15T03:00:00Z,,,2026-09-19T20:01:39Z,2026-09-19T20:01:39Z,thames_api
thames:TWL00574,thames,2022-04-01T00:00:00Z,2023-06-14T09:58:00Z,feed,2026-09-19T20:01:39Z,2026-09-19T20:01:39Z,thames_api
thames:TWL00574,thames,2023-07-14T06:00:00Z,2023-07-16T20:56:00Z,feed,2026-09-19T20:01:39Z,2026-09-19T20:01:39Z,thames_api
thames:TWL00574,thames,2023-07-26T14:00:00Z,2023-07-29T10:56:00Z,feed,2026-09-19T20:01:39Z,2026-09-19T20:01:39Z,thames_api
thames:TWL00574,thames,2023-07-30T12:00:00Z,2023-08-07T02:58:00Z,feed,2026-09-19T20:01:39Z,2026-09-19T20:01:39Z,thames_api
thames:TWL00574,thames,2023-08-08T10:00:00Z,2023-08-11T07:56:00Z,feed,2026-09-19T20:01:39Z,2026-09-19T20:01:39Z,thames_api
thames:TWL00574,thames,2023-08-14T00:00:00Z,2023-08-17T19:56:00Z,feed,2026-09-19T20:01:39Z,2026-09-19T20:01:39Z,thames_api
thames:TWL00574,thames,2023-08-18T04:00:00Z,2023-08-22T22:56:00Z,feed,2026-09-19T20:01:39Z,2026-09-19T20:01:39Z,thames_api
thames:TWL00574,thames,2023-08-23T07:00:00Z,2023-08-25T15:56:00Z,feed,2026-09-19T20:01:39Z,2026-09-19T20:01:39Z,thames_api
thames:TWL00574,thames,2023-08-26T07:00:00Z,2023-08-30T15:56:00Z,feed,2026-09-19T20:01:39Z,2026-09-19T20:01:39Z,thames_api
thames:TWL00574,thames,2023-08-31T23:00:00Z,2023-09-08T15:56:00Z,feed,2026-09-19T20:01:39Z,2026-09-19T20:01:39Z,thames_api
thames:TWL00574,thames,2023-09-17T08:00:00Z,2023-09-20T19:56:00Z,feed,2026-09-19T20:01:39Z,2026-09-19T20:01:39Z,thames_api
thames:TWL00574,thames,2023-10-11T18:00:00Z,2023-10-16T16:56:00Z,feed,2026-09-19T20:01:39Z,2026-09-19T20:01:39Z,thames_api
thames:TWL00574,thames,2023-10-17T07:00:00Z,2023-10-22T14:56:00Z,feed,2026-09-19T20:01:39Z,2026-09-19T20:01:39Z,thames_api
thames:TWL00574,thames,2023-10-27T02:00:00Z,2023-10-29T16:56:00Z,feed,2026-09-19T20:01:39Z,2026-09-19T20:01:39Z,thames_api
thames:TWL00574,thames,2023-11-01T12:00:00Z,2023-11-03T21:56:00Z,feed,2026-09-19T20:01:39Z,2026-09-19T20:01:39Z,thames_api
thames:TWL00574,thames,2023-11-04T06:00:00Z,2023-11-06T18:56:00Z,feed,2026-09-19T20:01:39Z,2026-09-19T20:01:39Z,thames_api
thames:TWL00574,thames,2024-02-12T15:00:00Z,2024-02-15T01:56:00Z,feed,2026-09-19T20:01:39Z,2026-09-19T20:01:39Z,thames_api
thames:TWL00574,thames,2026-02-12T21:00:00Z,2026-03-18T10:58:00Z,feed,2026-09-19T20:01:39Z,2026-09-19T20:01:39Z,thames_api
thames:TWL00575,thames,2022-04-01T00:00:00Z,2024-02-09T17:18:00Z,feed,2026-09-19T20:01:39Z,2026-09-19T20:01:39Z,thames_api
thames:TWL00575,thames,2024-06-10T13:14:00Z,2024-06-14T15:06:00Z,feed,2026-09-19T20:01:39Z,2026-09-19T20:01:39Z,thames_api
thames:TWL00575,thames,2024-07-01T06:02:00Z,2024-09-16T14:28:00Z,feed,2026-09-19T20:01:39Z,2026-09-19T20:01:39Z,thames_api
thames:TWL00575,thames,2026-07-15T19:00:00Z,,,2026-09-19T20:01:39Z,2026-09-19T20:01:39Z,thames_api
thames:TWL00583,thames,2022-04-01T00:00:00Z,2023-05-03T08:58:00Z,feed,2026-09-19T20:01:39Z,2026-09-19T20:01:39Z,thames_api
thames:TWL00583,thames,2023-05-06T00:00:00Z,2023-05-08T15:56:00Z,feed,2026-09-19T20:01:39Z,2026-09-19T20:01:39Z,thames_api
thames:TWL00583,thames,2023-05-09T00:00:00Z,2023-05-16T23:58:00Z,feed,2026-09-19T20:01:39Z,2026-09-19T20:01:39Z,thames_api
thames:TWL00583,thames,2023-05-19T00:00:00Z,2023-05-21T15:56:00Z,feed,2026-09-19T20:01:39Z,2026-09-19T20:01:39Z,thames_api
thames:TWL00583,thames,2023-06-12T00:00:00Z,2023-06-14T15:56:00Z,feed,2026-09-19T20:01:39Z,2026-09-19T20:01:39Z,thames_api
thames:TWL00583,thames,2023-06-15T00:00:00Z,2023-06-18T15:56:00Z,feed,2026-09-19T20:01:39Z,2026-09-19T20:01:39Z,thames_api
thames:TWL00583,thames,2023-06-21T00:00:00Z,2023-06-24T15:56:00Z,feed,2026-09-19T20:01:39Z,2026-09-19T20:01:39Z,thames_api
thames:TWL00583,thames,2023-06-28T00:00:00Z,2023-07-02T15:56:00Z,feed,2026-09-19T20:01:39Z,2026-09-19T20:01:39Z,thames_api
thames:TWL00583,thames,2023-07-04T00:00:00Z,2023-07-06T15:56:00Z,feed,2026-09-19T20:01:39Z,2026-09-19T20:01:39Z,thames_api
thames:TWL00583,thames,2023-07-09T00:00:00Z,2023-07-13T15:56:00Z,feed,2026-09-19T20:01:39Z,2026-09-19T20:01:39Z,thames_api
thames:TWL00583,thames,2023-07-15T00:00:00Z,2023-07-17T15:56:00Z,feed,2026-09-19T20:01:39Z,2026-09-19T20:01:39Z,thames_api
thames:TWL00583,thames,2023-07-20T00:00:00Z,2023-07-22T15:56:00Z,feed,2026-09-19T20:01:39Z,2026-09-19T20:01:39Z,thames_api
thames:TWL00583,thames,2023-07-25T00:00:00Z,2023-07-27T15:56:00Z,feed,2026-09-19T20:01:39Z,2026-09-19T20:01:39Z,thames_api
thames:TWL00583,thames,2023-08-03T00:00:00Z,2023-08-05T15:56:00Z,feed,2026-09-19T20:01:39Z,2026-09-19T20:01:39Z,thames_api
thames:TWL00583,thames,2023-08-13T00:00:00Z,2023-08-15T15:56:00Z,feed,2026-09-19T20:01:39Z,2026-09-19T20:01:39Z,thames_api
thames:TWL00583,thames,2023-08-19T00:00:00Z,2023-08-29T15:56:00Z,feed,2026-09-19T20:01:39Z,2026-09-19T20:01:39Z,thames_api
thames:TWL00583,thames,2023-09-01T00:00:00Z,2023-09-03T15:56:00Z,feed,2026-09-19T20:01:39Z,2026-09-19T20:01:39Z,thames_api
thames:TWL00583,thames,2023-09-10T00:00:00Z,2023-09-12T15:56:00Z,feed,2026-09-19T20:01:39Z,2026-09-19T20:01:39Z,thames_api
thames:TWL00583,thames,2023-09-14T00:00:00Z,2023-09-16T15:56:00Z,feed,2026-09-19T20:01:39Z,2026-09-19T20:01:39Z,thames_api
thames:TWL00583,thames,2023-09-17T00:00:00Z,2023-09-19T15:56:00Z,feed,2026-09-19T20:01:39Z,2026-09-19T20:01:39Z,thames_api
thames:TWL00583,thames,2023-10-04T00:00:00Z,2023-10-09T15:56:00Z,feed,2026-09-19T20:01:39Z,2026-09-19T20:01:39Z,thames_api
thames:TWL00583,thames,2023-10-10T00:00:00Z,2023-10-20T15:56:00Z,feed,2026-09-19T20:01:39Z,2026-09-19T20:01:39Z,thames_api
thames:TWL00583,thames,2023-10-21T00:00:00Z,2023-10-30T15:56:00Z,feed,2026-09-19T20:01:39Z,2026-09-19T20:01:39Z,thames_api
thames:TWL00583,thames,2023-10-31T00:00:00Z,2023-11-05T15:56:00Z,feed,2026-09-19T20:01:39Z,2026-09-19T20:01:39Z,thames_api
thames:TWL00583,thames,2023-11-06T00:00:00Z,2023-11-09T15:56:00Z,feed,2026-09-19T20:01:39Z,2026-09-19T20:01:39Z,thames_api
thames:TWL00583,thames,2023-11-13T00:00:00Z,2023-11-17T15:56:00Z,feed,2026-09-19T20:01:39Z,2026-09-19T20:01:39Z,thames_api
thames:TWL00584,thames,2022-04-01T00:00:00Z,2023-07-18T13:58:00Z,feed,2026-09-19T20:01:39Z,2026-09-19T20:01:39Z,thames_api
thames:TWL00584,thames,2024-08-06T14:00:00Z,2024-08-08T17:56:00Z,feed,2026-09-19T20:01:39Z,2026-09-19T20:01:39Z,thames_api
thames:TWL00584,thames,2024-11-04T13:00:00Z,2024-11-13T15:58:00Z,feed,2026-09-19T20:01:39Z,2026-09-19T20:01:39Z,thames_api
thames:TWL00585,thames,2022-04-01T00:00:00Z,2023-06-12T22:56:00Z,feed,2026-09-19T20:01:39Z,2026-09-19T20:01:39Z,thames_api
thames:TWL00585,thames,2023-10-16T10:00:00Z,2023-10-19T10:56:00Z,feed,2026-09-19T20:01:39Z,2026-09-19T20:01:39Z,thames_api
thames:TWL00585,thames,2025-10-30T17:52:00Z,2025-11-11T09:16:00Z,feed,2026-09-19T20:01:39Z,2026-09-19T20:01:39Z,thames_api
thames:TWL00588,thames,2022-04-01T00:00:00Z,2023-10-25T08:56:00Z,feed,2026-09-19T20:01:39Z,2026-09-19T20:01:39Z,thames_api
thames:TWL00588,thames,2026-02-03T09:36:00Z,2026-02-24T23:46:00Z,feed,2026-09-19T20:01:39Z,2026-09-19T20:01:39Z,thames_api
thames:TWL00590,thames,2022-04-01T00:00:00Z,2024-09-06T00:56:00Z,feed,2026-09-19T20:01:39Z,2026-09-19T20:01:39Z,thames_api
thames:TWL00590,thames,2024-10-14T04:00:00Z,2024-11-04T14:58:00Z,feed,2026-09-19T20:01:39Z,2026-09-19T20:01:39Z,thames_api
thames:TWL00590,thames,2026-06-12T13:54:00Z,2026-06-15T13:58:00Z,feed,2026-09-19T20:01:39Z,2026-09-19T20:01:39Z,thames_api
thames:TWL00590,thames,2026-06-15T14:22:00Z,2026-06-25T09:04:00Z,feed,2026-09-19T20:01:39Z,2026-09-19T20:01:39Z,thames_api
thames:TWL00591,thames,2023-03-23T09:30:00Z,2023-04-17T15:15:00Z,feed,2026-09-19T20:01:39Z,2026-09-19T20:01:39Z,thames_api
thames:TWL00591,thames,2023-05-09T08:30:00Z,2024-08-13T06:45:00Z,feed,2026-09-19T20:01:39Z,2026-09-19T20:01:39Z,thames_api
thames:TWL00591,thames,2026-06-26T02:00:00Z,2026-07-02T16:15:00Z,feed,2026-09-19T20:01:39Z,2026-09-19T20:01:39Z,thames_api
thames:TWL00596,thames,2022-04-01T00:00:00Z,2023-01-25T21:44:00Z,feed,2026-09-19T20:01:39Z,2026-09-19T20:01:39Z,thames_api
thames:TWL00596,thames,2023-02-10T16:40:00Z,2023-03-16T15:28:00Z,feed,2026-09-19T20:01:39Z,2026-09-19T20:01:39Z,thames_api
thames:TWL00596,thames,2024-08-24T08:00:00Z,2024-10-04T07:28:00Z,feed,2026-09-19T20:01:39Z,2026-09-19T20:01:39Z,thames_api
thames:TWL00596,thames,2024-12-17T21:00:00Z,2024-12-30T10:36:00Z,feed,2026-09-19T20:01:39Z,2026-09-19T20:01:39Z,thames_api
thames:TWL00596,thames,2025-01-10T15:54:00Z,2025-01-20T03:58:00Z,feed,2026-09-19T20:01:39Z,2026-09-19T20:01:39Z,thames_api
thames:TWL00596,thames,2025-05-04T05:00:00Z,2025-05-08T07:18:00Z,feed,2026-09-19T20:01:39Z,2026-09-19T20:01:39Z,thames_api
thames:TWL00596,thames,2025-06-13T05:00:00Z,2025-06-17T07:44:00Z,feed,2026-09-19T20:01:39Z,2026-09-19T20:01:39Z,thames_api
thames:TWL00596,thames,2025-06-21T05:00:00Z,2025-07-03T07:24:00Z,feed,2026-09-19T20:01:39Z,2026-09-19T20:01:39Z,thames_api
thames:TWL00599,thames,2022-04-01T00:00:00Z,2023-07-11T10:58:00Z,feed,2026-09-19T20:01:39Z,2026-09-19T20:01:39Z,thames_api
thames:TWL00599,thames,2023-10-12T20:00:00Z,2023-10-18T07:56:00Z,feed,2026-09-19T20:01:39Z,2026-09-19T20:01:39Z,thames_api
thames:TWL00600,thames,2022-04-01T00:00:00Z,2023-09-27T08:58:00Z,feed,2026-09-19T20:01:39Z,2026-09-19T20:01:39Z,thames_api
thames:TWL00600,thames,2025-12-11T12:52:00Z,2026-03-23T15:56:00Z,feed,2026-09-19T20:01:39Z,2026-09-19T20:01:39Z,thames_api
thames:TWL00608,thames,2022-04-01T00:00:00Z,2022-04-27T00:15:00Z,feed,2026-09-19T20:01:39Z,2026-09-19T20:01:39Z,thames_api
thames:TWL00612,thames,2022-04-01T00:00:00Z,2024-05-14T09:20:00Z,feed,2026-09-19T20:01:39Z,2026-09-19T20:01:39Z,thames_api
thames:TWL00613,thames,2022-04-01T00:00:00Z,2023-06-27T08:58:00Z,feed,2026-09-19T20:01:39Z,2026-09-19T20:01:39Z,thames_api
thames:TWL00613,thames,2023-10-12T20:00:00Z,2023-10-19T09:56:00Z,feed,2026-09-19T20:01:39Z,2026-09-19T20:01:39Z,thames_api
thames:TWL00619,thames,2022-04-01T00:00:00Z,2023-06-13T03:56:00Z,feed,2026-09-19T20:01:39Z,2026-09-19T20:01:39Z,thames_api
thames:TWL00619,thames,2025-11-25T20:00:00Z,2025-12-16T08:40:00Z,feed,2026-09-19T20:01:39Z,2026-09-19T20:01:39Z,thames_api
thames:TWL00619,thames,2026-01-11T20:00:00Z,2026-01-19T09:00:00Z,feed,2026-09-19T20:01:39Z,2026-09-19T20:01:39Z,thames_api
thames:TWL00619,thames,2026-06-21T08:00:00Z,2026-06-30T09:42:00Z,feed,2026-09-19T20:01:39Z,2026-09-19T20:01:39Z,thames_api
thames:TWL00619,thames,2026-08-26T20:00:00Z,,,2026-09-19T20:01:39Z,2026-09-19T20:01:39Z,thames_api
thames:TWL00620,thames,2022-04-01T00:00:00Z,2023-06-21T23:56:00Z,feed,2026-09-19T20:01:39Z,2026-09-19T20:01:39Z,thames_api
thames:TWL00620,thames,2023-10-12T20:00:00Z,2023-10-15T07:56:00Z,feed,2026-09-19T20:01:39Z,2026-09-19T20:01:39Z,thames_api
thames:TWL00620,thames,2023-10-15T16:00:00Z,2023-10-19T10:56:00Z,feed,2026-09-19T20:01:39Z,2026-09-19T20:01:39Z,thames_api
thames:TWL00620,thames,2026-01-22T17:00:00Z,2026-02-05T00:00:00Z,feed,2026-09-19T20:01:39Z,2026-09-19T20:01:39Z,thames_api
thames:TWL00621,thames,2022-04-01T00:00:00Z,2023-05-04T13:58:00Z,feed,2026-09-19T20:01:39Z,2026-09-19T20:01:39Z,thames_api
thames:TWL00621,thames,2023-10-12T19:00:00Z,2023-10-15T09:56:00Z,feed,2026-09-19T20:01:39Z,2026-09-19T20:01:39Z,thames_api
thames:TWL00621,thames,2023-10-16T18:00:00Z,2023-10-19T04:56:00Z,feed,2026-09-19T20:01:39Z,2026-09-19T20:01:39Z,thames_api
thames:TWL00624,thames,2022-04-01T00:00:00Z,2023-10-26T19:56:00Z,feed,2026-09-19T20:01:39Z,2026-09-19T20:01:39Z,thames_api
thames:TWL00625,thames,2022-04-01T00:00:00Z,2023-10-25T11:58:00Z,feed,2026-09-19T20:01:39Z,2026-09-19T20:01:39Z,thames_api
thames:TWL00627,thames,2022-04-01T00:00:00Z,2024-07-01T07:54:00Z,feed,2026-09-19T20:01:39Z,2026-09-19T20:01:39Z,thames_api
thames:TWL00627,thames,2025-06-18T12:08:00Z,2025-07-02T17:56:00Z,feed,2026-09-19T20:01:39Z,2026-09-19T20:01:39Z,thames_api
thames:TWL00627,thames,2025-07-04T07:00:00Z,2025-08-06T16:56:00Z,feed,2026-09-19T20:01:39Z,2026-09-19T20:01:39Z,thames_api
thames:TWL00627,thames,2025-08-07T09:00:00Z,2025-08-12T00:56:00Z,feed,2026-09-19T20:01:39Z,2026-09-19T20:01:39Z,thames_api
thames:TWL00627,thames,2025-08-13T18:00:00Z,2025-09-18T09:56:00Z,feed,2026-09-19T20:01:39Z,2026-09-19T20:01:39Z,thames_api
thames:TWL00627,thames,2025-09-19T02:00:00Z,2025-09-23T11:56:00Z,feed,2026-09-19T20:01:39Z,2026-09-19T20:01:39Z,thames_api
thames:TWL00627,thames,2025-09-24T04:00:00Z,2025-10-24T00:00:00Z,feed,2026-09-19T20:01:39Z,2026-09-19T20:01:39Z,thames_api
thames:TWL00634,thames,2022-04-01T00:00:00Z,2023-09-25T05:56:00Z,feed,2026-09-19T20:01:39Z,2026-09-19T20:01:39Z,thames_api
thames:TWL00636,thames,2022-04-01T00:00:00Z,2023-09-14T18:58:00Z,feed,2026-09-19T20:01:39Z,2026-09-19T20:01:39Z,thames_api
thames:TWL00636,thames,2023-10-13T23:00:00Z,2023-10-15T23:56:00Z,feed,2026-09-19T20:01:39Z,2026-09-19T20:01:39Z,thames_api
thames:TWL00636,thames,2024-05-01T18:00:00Z,2024-05-04T01:56:00Z,feed,2026-09-19T20:01:39Z,2026-09-19T20:01:39Z,thames_api
thames:TWL00636,thames,2026-06-18T17:00:00Z,,,2026-09-19T20:01:39Z,2026-09-19T20:01:39Z,thames_api
thames:TWL00638,thames,2023-09-28T12:45:00Z,2023-11-01T08:45:00Z,feed,2026-09-19T20:01:39Z,2026-09-19T20:01:39Z,thames_api
thames:TWL00638,thames,2024-06-20T06:00:00Z,2024-07-23T13:30:00Z,feed,2026-09-19T20:01:39Z,2026-09-19T20:01:39Z,thames_api
thames:TWL00638,thames,2026-03-15T06:00:00Z,2026-03-26T12:30:00Z,feed,2026-09-19T20:01:39Z,2026-09-19T20:01:39Z,thames_api
thames:TWL00638,thames,2026-04-17T06:00:00Z,2026-05-20T12:15:00Z,feed,2026-09-19T20:01:39Z,2026-09-19T20:01:39Z,thames_api
thames:TWL00638,thames,2026-06-12T12:00:00Z,2026-06-12T17:45:00Z,feed,2026-09-19T20:01:39Z,2026-09-19T20:01:39Z,thames_api
thames:TWL00638,thames,2026-06-13T11:15:00Z,2026-06-13T18:30:00Z,feed,2026-09-19T20:01:39Z,2026-09-19T20:01:39Z,thames_api
thames:TWL00638,thames,2026-06-14T10:15:00Z,2026-06-14T18:30:00Z,feed,2026-09-19T20:01:39Z,2026-09-19T20:01:39Z,thames_api
thames:TWL00638,thames,2026-06-15T13:15:00Z,2026-06-15T13:45:00Z,feed,2026-09-19T20:01:39Z,2026-09-19T20:01:39Z,thames_api
thames:TWL00638,thames,2026-06-16T11:00:00Z,2026-06-16T17:15:00Z,feed,2026-09-19T20:01:39Z,2026-09-19T20:01:39Z,thames_api
thames:TWL00638,thames,2026-06-17T15:15:00Z,2026-06-17T15:30:00Z,feed,2026-09-19T20:01:39Z,2026-09-19T20:01:39Z,thames_api
thames:TWL00638,thames,2026-06-18T12:30:00Z,2026-06-18T14:30:00Z,feed,2026-09-19T20:01:39Z,2026-09-19T20:01:39Z,thames_api
thames:TWL00638,thames,2026-06-19T10:45:00Z,2026-06-19T12:15:00Z,feed,2026-09-19T20:01:39Z,2026-09-19T20:01:39Z,thames_api
thames:TWL00638,thames,2026-06-19T12:45:00Z,2026-06-19T13:00:00Z,feed,2026-09-19T20:01:39Z,2026-09-19T20:01:39Z,thames_api
thames:TWL00638,thames,2026-06-19T13:30:00Z,2026-06-19T16:15:00Z,feed,2026-09-19T20:01:39Z,2026-09-19T20:01:39Z,thames_api
thames:TWL00638,thames,2026-06-22T07:00:00Z,2026-07-08T07:00:00Z,feed,2026-09-19T20:01:39Z,2026-09-19T20:01:39Z,thames_api
thames:TWL00638,thames,2026-07-28T19:45:00Z,2026-07-28T20:15:00Z,feed,2026-09-19T20:01:39Z,2026-09-19T20:01:39Z,thames_api
thames:TWL00644,thames,2022-04-01T00:00:00Z,2023-11-06T21:58:00Z,feed,2026-09-19T20:01:39Z,2026-09-19T20:01:39Z,thames_api
thames:TWL00644,thames,2025-10-30T18:06:00Z,2026-03-09T23:58:00Z,feed,2026-09-19T20:01:39Z,2026-09-19T20:01:39Z,thames_api
thames:TWL00648,thames,2022-04-01T00:00:00Z,2023-08-16T11:58:00Z,feed,2026-09-19T20:01:39Z,2026-09-19T20:01:39Z,thames_api
thames:TWL00648,thames,2023-10-13T16:00:00Z,2023-10-16T21:56:00Z,feed,2026-09-19T20:01:39Z,2026-09-19T20:01:39Z,thames_api
thames:TWL00648,thames,2026-08-20T10:42:00Z,,,2026-09-19T20:01:39Z,2026-09-19T20:01:39Z,thames_api
thames:TWL00650,thames,2022-04-01T00:00:00Z,2024-07-01T07:54:00Z,feed,2026-09-19T20:01:39Z,2026-09-19T20:01:39Z,thames_api
thames:TWL00650,thames,2024-07-30T12:00:00Z,2024-09-05T22:58:00Z,feed,2026-09-19T20:01:39Z,2026-09-19T20:01:39Z,thames_api
thames:TWL00650,thames,2024-10-14T09:00:00Z,2024-10-16T16:58:00Z,feed,2026-09-19T20:01:39Z,2026-09-19T20:01:39Z,thames_api
thames:TWL00650,thames,2024-12-01T21:00:00Z,2024-12-03T22:56:00Z,feed,2026-09-19T20:01:39Z,2026-09-19T20:01:39Z,thames_api
thames:TWL00656,thames,2022-04-01T00:00:00Z,2023-10-05T22:58:00Z,feed,2026-09-19T20:01:39Z,2026-09-19T20:01:39Z,thames_api
thames:TWL00658,thames,2022-04-01T00:00:00Z,2025-01-20T15:00:00Z,feed,2026-09-19T20:01:39Z,2026-09-19T20:01:39Z,thames_api
thames:TWL00658,thames,2025-03-27T11:28:00Z,2025-03-27T16:48:00Z,feed,2026-09-19T20:01:39Z,2026-09-19T20:01:39Z,thames_api
thames:TWL00658,thames,2025-04-02T07:08:00Z,2025-04-02T13:52:00Z,feed,2026-09-19T20:01:39Z,2026-09-19T20:01:39Z,thames_api
thames:TWL00658,thames,2025-05-14T04:52:00Z,2025-05-14T12:12:00Z,feed,2026-09-19T20:01:39Z,2026-09-19T20:01:39Z,thames_api
thames:TWL00658,thames,2025-06-04T08:08:00Z,2025-06-04T16:42:00Z,feed,2026-09-19T20:01:39Z,2026-09-19T20:01:39Z,thames_api
thames:TWL00658,thames,2025-06-11T06:24:00Z,2025-06-11T16:14:00Z,feed,2026-09-19T20:01:39Z,2026-09-19T20:01:39Z,thames_api
thames:TWL00658,thames,2025-06-18T07:48:00Z,2025-06-18T16:00:00Z,feed,2026-09-19T20:01:39Z,2026-09-19T20:01:39Z,thames_api
thames:TWL00658,thames,2025-06-25T06:18:00Z,2025-06-25T14:30:00Z,feed,2026-09-19T20:01:39Z,2026-09-19T20:01:39Z,thames_api
thames:TWL00658,thames,2025-07-02T08:36:00Z,2025-07-02T14:50:00Z,feed,2026-09-19T20:01:39Z,2026-09-19T20:01:39Z,thames_api
thames:TWL00658,thames,2025-07-09T08:32:00Z,2025-07-09T12:12:00Z,feed,2026-09-19T20:01:39Z,2026-09-19T20:01:39Z,thames_api
thames:TWL00658,thames,2025-07-10T08:22:00Z,2025-07-10T14:40:00Z,feed,2026-09-19T20:01:39Z,2026-09-19T20:01:39Z,thames_api
thames:TWL00658,thames,2025-07-30T07:12:00Z,2025-07-30T13:08:00Z,feed,2026-09-19T20:01:39Z,2026-09-19T20:01:39Z,thames_api
thames:TWL00658,thames,2025-08-06T08:22:00Z,2025-08-06T08:58:00Z,feed,2026-09-19T20:01:39Z,2026-09-19T20:01:39Z,thames_api
thames:TWL00658,thames,2025-08-07T07:38:00Z,2025-08-07T10:06:00Z,feed,2026-09-19T20:01:39Z,2026-09-19T20:01:39Z,thames_api
thames:TWL00658,thames,2025-08-13T08:12:00Z,2025-08-13T14:34:00Z,feed,2026-09-19T20:01:39Z,2026-09-19T20:01:39Z,thames_api
thames:TWL00658,thames,2025-08-15T05:58:00Z,2025-08-15T15:38:00Z,feed,2026-09-19T20:01:39Z,2026-09-19T20:01:39Z,thames_api
thames:TWL00658,thames,2025-09-03T08:40:00Z,2025-09-03T16:36:00Z,feed,2026-09-19T20:01:39Z,2026-09-19T20:01:39Z,thames_api
thames:TWL00658,thames,2025-09-04T12:52:00Z,2025-09-05T04:32:00Z,feed,2026-09-19T20:01:39Z,2026-09-19T20:01:39Z,thames_api
thames:TWL00658,thames,2025-09-17T08:00:00Z,2025-09-17T15:36:00Z,feed,2026-09-19T20:01:39Z,2026-09-19T20:01:39Z,thames_api
thames:TWL00658,thames,2025-09-23T06:50:00Z,2025-09-23T10:04:00Z,feed,2026-09-19T20:01:39Z,2026-09-19T20:01:39Z,thames_api
thames:TWL00658,thames,2025-09-25T03:38:00Z,2025-09-25T06:40:00Z,feed,2026-09-19T20:01:39Z,2026-09-19T20:01:39Z,thames_api
thames:TWL00658,thames,2025-10-07T09:48:00Z,2025-10-07T14:40:00Z,feed,2026-09-19T20:01:39Z,2026-09-19T20:01:39Z,thames_api
thames:TWL00658,thames,2025-10-15T07:44:00Z,2025-10-15T13:18:00Z,feed,2026-09-19T20:01:39Z,2026-09-19T20:01:39Z,thames_api
thames:TWL00658,thames,2025-10-16T08:12:00Z,2025-10-16T16:08:00Z,feed,2026-09-19T20:01:39Z,2026-09-19T20:01:39Z,thames_api
thames:TWL00658,thames,2025-10-29T08:30:00Z,2025-10-29T17:34:00Z,feed,2026-09-19T20:01:39Z,2026-09-19T20:01:39Z,thames_api
thames:TWL00658,thames,2025-11-05T07:30:00Z,2025-11-05T12:06:00Z,feed,2026-09-19T20:01:39Z,2026-09-19T20:01:39Z,thames_api
thames:TWL00658,thames,2025-11-11T09:58:00Z,2025-11-11T16:54:00Z,feed,2026-09-19T20:01:39Z,2026-09-19T20:01:39Z,thames_api
thames:TWL00658,thames,2025-11-26T09:44:00Z,2025-11-26T17:12:00Z,feed,2026-09-19T20:01:39Z,2026-09-19T20:01:39Z,thames_api
thames:TWL00658,thames,2025-11-27T10:48:00Z,2025-11-28T08:16:00Z,feed,2026-09-19T20:01:39Z,2026-09-19T20:01:39Z,thames_api
thames:TWL00658,thames,2025-11-28T09:44:00Z,2025-11-28T13:02:00Z,feed,2026-09-19T20:01:39Z,2026-09-19T20:01:39Z,thames_api
thames:TWL00658,thames,2025-12-03T08:42:00Z,2025-12-03T14:20:00Z,feed,2026-09-19T20:01:39Z,2026-09-19T20:01:39Z,thames_api
thames:TWL00658,thames,2025-12-10T08:18:00Z,2025-12-10T15:28:00Z,feed,2026-09-19T20:01:39Z,2026-09-19T20:01:39Z,thames_api
thames:TWL00658,thames,2025-12-12T13:00:00Z,2025-12-12T13:54:00Z,feed,2026-09-19T20:01:39Z,2026-09-19T20:01:39Z,thames_api
thames:TWL00658,thames,2025-12-17T09:10:00Z,2025-12-17T14:24:00Z,feed,2026-09-19T20:01:39Z,2026-09-19T20:01:39Z,thames_api
thames:TWL00658,thames,2025-12-18T07:54:00Z,2025-12-18T17:54:00Z,feed,2026-09-19T20:01:39Z,2026-09-19T20:01:39Z,thames_api
thames:TWL00658,thames,2026-01-22T09:02:00Z,2026-01-22T12:58:00Z,feed,2026-09-19T20:01:39Z,2026-09-19T20:01:39Z,thames_api
thames:TWL00658,thames,2026-01-29T09:24:00Z,2026-01-29T16:46:00Z,feed,2026-09-19T20:01:39Z,2026-09-19T20:01:39Z,thames_api
thames:TWL00658,thames,2026-02-25T09:20:00Z,2026-02-25T13:58:00Z,feed,2026-09-19T20:01:39Z,2026-09-19T20:01:39Z,thames_api
thames:TWL00658,thames,2026-02-26T08:34:00Z,2026-02-26T16:06:00Z,feed,2026-09-19T20:01:39Z,2026-09-19T20:01:39Z,thames_api
thames:TWL00658,thames,2026-03-02T10:36:00Z,2026-03-02T16:42:00Z,feed,2026-09-19T20:01:39Z,2026-09-19T20:01:39Z,thames_api
thames:TWL00658,thames,2026-03-18T08:28:00Z,2026-03-18T11:32:00Z,feed,2026-09-19T20:01:39Z,2026-09-19T20:01:39Z,thames_api
thames:TWL00658,thames,2026-04-28T08:46:00Z,2026-04-28T15:54:00Z,feed,2026-09-19T20:01:39Z,2026-09-19T20:01:39Z,thames_api
thames:TWL00658,thames,2026-05-05T07:10:00Z,2026-05-05T14:36:00Z,feed,2026-09-19T20:01:39Z,2026-09-19T20:01:39Z,thames_api
thames:TWL00658,thames,2026-05-12T10:00:00Z,2026-05-12T15:12:00Z,feed,2026-09-19T20:01:39Z,2026-09-19T20:01:39Z,thames_api
thames:TWL00658,thames,2026-05-13T03:06:00Z,2026-05-13T06:26:00Z,feed,2026-09-19T20:01:39Z,2026-09-19T20:01:39Z,thames_api
thames:TWL00658,thames,2026-05-15T09:10:00Z,2026-05-15T13:08:00Z,feed,2026-09-19T20:01:39Z,2026-09-19T20:01:39Z,thames_api
thames:TWL00658,thames,2026-05-26T03:12:00Z,2026-05-26T08:28:00Z,feed,2026-09-19T20:01:39Z,2026-09-19T20:01:39Z,thames_api
thames:TWL00658,thames,2026-05-27T06:32:00Z,2026-05-27T16:08:00Z,feed,2026-09-19T20:01:39Z,2026-09-19T20:01:39Z,thames_api
thames:TWL00658,thames,2026-05-28T06:26:00Z,2026-05-28T15:30:00Z,feed,2026-09-19T20:01:39Z,2026-09-19T20:01:39Z,thames_api
thames:TWL00658,thames,2026-05-29T08:36:00Z,2026-05-29T12:10:00Z,feed,2026-09-19T20:01:39Z,2026-09-19T20:01:39Z,thames_api
thames:TWL00658,thames,2026-06-01T06:42:00Z,2026-06-02T04:26:00Z,feed,2026-09-19T20:01:39Z,2026-09-19T20:01:39Z,thames_api
thames:TWL00658,thames,2026-06-09T09:26:00Z,2026-06-09T11:42:00Z,feed,2026-09-19T20:01:39Z,2026-09-19T20:01:39Z,thames_api
thames:TWL00658,thames,2026-06-10T07:22:00Z,2026-06-10T14:48:00Z,feed,2026-09-19T20:01:39Z,2026-09-19T20:01:39Z,thames_api
thames:TWL00658,thames,2026-06-17T08:34:00Z,2026-06-17T16:48:00Z,feed,2026-09-19T20:01:39Z,2026-09-19T20:01:39Z,thames_api
thames:TWL00658,thames,2026-06-19T07:08:00Z,2026-06-19T14:16:00Z,feed,2026-09-19T20:01:39Z,2026-09-19T20:01:39Z,thames_api
thames:TWL00658,thames,2026-07-01T02:44:00Z,2026-07-01T06:24:00Z,feed,2026-09-19T20:01:39Z,2026-09-19T20:01:39Z,thames_api
thames:TWL00658,thames,2026-07-15T07:50:00Z,2026-07-15T11:26:00Z,feed,2026-09-19T20:01:39Z,2026-09-19T20:01:39Z,thames_api
thames:TWL00658,thames,2026-07-29T08:02:00Z,2026-07-29T14:22:00Z,feed,2026-09-19T20:01:39Z,2026-09-19T20:01:39Z,thames_api
thames:TWL00658,thames,2026-07-30T07:04:00Z,2026-07-30T15:36:00Z,feed,2026-09-19T20:01:39Z,2026-09-19T20:01:39Z,thames_api
thames:TWL00658,thames,2026-08-05T12:52:00Z,2026-08-05T14:18:00Z,feed,2026-09-19T20:01:39Z,2026-09-19T20:01:39Z,thames_api
thames:TWL00658,thames,2026-08-19T07:44:00Z,2026-08-19T10:38:00Z,feed,2026-09-19T20:01:39Z,2026-09-19T20:01:39Z,thames_api
thames:TWL00658,thames,2026-08-21T07:24:00Z,2026-08-21T13:38:00Z,feed,2026-09-19T20:01:39Z,2026-09-19T20:01:39Z,thames_api
thames:TWL00658,thames,2026-09-09T07:40:00Z,2026-09-09T13:42:00Z,feed,2026-09-19T20:01:39Z,2026-09-19T20:01:39Z,thames_api
thames:TWL00658,thames,2026-09-10T03:18:00Z,2026-09-10T12:40:00Z,feed,2026-09-19T20:01:39Z,2026-09-19T20:01:39Z,thames_api
thames:TWL00658,thames,2026-09-16T08:12:00Z,2026-09-16T12:44:00Z,feed,2026-09-19T20:01:39Z,2026-09-19T20:01:39Z,thames_api
thames:TWL00660,thames,2022-04-01T00:00:00Z,2023-07-20T06:56:00Z,feed,2026-09-19T20:01:39Z,2026-09-19T20:01:39Z,thames_api
thames:TWL00660,thames,2023-10-12T19:00:00Z,2023-10-18T08:56:00Z,feed,2026-09-19T20:01:39Z,2026-09-19T20:01:39Z,thames_api
thames:TWL00666,thames,2022-04-01T00:00:00Z,2023-11-13T11:58:00Z,feed,2026-09-19T20:01:39Z,2026-09-19T20:01:39Z,thames_api
thames:TWL00666,thames,2024-02-09T09:02:00Z,2024-02-13T20:56:00Z,feed,2026-09-19T20:01:39Z,2026-09-19T20:01:39Z,thames_api
thames:TWL00666,thames,2024-06-12T06:02:00Z,2024-06-15T20:56:00Z,feed,2026-09-19T20:01:39Z,2026-09-19T20:01:39Z,thames_api
thames:TWL00669,thames,2022-04-01T00:00:00Z,2023-10-24T19:58:00Z,feed,2026-09-19T20:01:39Z,2026-09-19T20:01:39Z,thames_api
thames:TWL00670,thames,2022-04-01T00:00:00Z,2023-08-29T13:58:00Z,feed,2026-09-19T20:01:39Z,2026-09-19T20:01:39Z,thames_api
thames:TWL00670,thames,2023-10-12T18:00:00Z,2023-10-16T02:56:00Z,feed,2026-09-19T20:01:39Z,2026-09-19T20:01:39Z,thames_api
thames:TWL00670,thames,2023-10-16T14:00:00Z,2023-10-19T10:56:00Z,feed,2026-09-19T20:01:39Z,2026-09-19T20:01:39Z,thames_api
thames:TWL00670,thames,2025-12-11T12:54:00Z,2025-12-23T12:22:00Z,feed,2026-09-19T20:01:39Z,2026-09-19T20:01:39Z,thames_api
thames:TWL00671,thames,2022-04-01T00:00:00Z,2023-05-04T10:58:00Z,feed,2026-09-19T20:01:39Z,2026-09-19T20:01:39Z,thames_api
thames:TWL00671,thames,2023-10-14T09:00:00Z,2023-10-19T10:56:00Z,feed,2026-09-19T20:01:39Z,2026-09-19T20:01:39Z,thames_api
thames:TWL00672,thames,2022-04-01T00:00:00Z,2024-03-11T16:58:00Z,feed,2026-09-19T20:01:39Z,2026-09-19T20:01:39Z,thames_api
thames:TWL00672,thames,2024-04-22T13:00:00Z,2024-04-29T07:56:00Z,feed,2026-09-19T20:01:39Z,2026-09-19T20:01:39Z,thames_api
thames:TWL00672,thames,2024-04-30T20:00:00Z,2024-05-09T21:56:00Z,feed,2026-09-19T20:01:39Z,2026-09-19T20:01:39Z,thames_api
thames:TWL00672,thames,2024-05-16T07:02:00Z,2024-05-18T10:56:00Z,feed,2026-09-19T20:01:39Z,2026-09-19T20:01:39Z,thames_api
thames:TWL00672,thames,2024-05-31T18:02:00Z,2024-06-13T02:56:00Z,feed,2026-09-19T20:01:39Z,2026-09-19T20:01:39Z,thames_api
thames:TWL00672,thames,2024-06-13T23:02:00Z,2024-06-16T15:58:00Z,feed,2026-09-19T20:01:39Z,2026-09-19T20:01:39Z,thames_api
thames:TWL00672,thames,2024-06-16T16:02:00Z,2024-06-18T23:56:00Z,feed,2026-09-19T20:01:39Z,2026-09-19T20:01:39Z,thames_api
thames:TWL00672,thames,2024-07-06T10:00:00Z,2024-07-12T14:56:00Z,feed,2026-09-19T20:01:39Z,2026-09-19T20:01:39Z,thames_api
thames:TWL00672,thames,2024-07-15T21:32:00Z,2024-07-18T08:56:00Z,feed,2026-09-19T20:01:39Z,2026-09-19T20:01:39Z,thames_api
thames:TWL00672,thames,2024-10-22T08:26:00Z,2024-11-16T17:04:00Z,feed,2026-09-19T20:01:39Z,2026-09-19T20:01:39Z,thames_api
thames:TWL00678,thames,2022-04-01T00:00:00Z,2023-06-22T00:56:00Z,feed,2026-09-19T20:01:39Z,2026-09-19T20:01:39Z,thames_api
thames:TWL00678,thames,2023-10-12T19:00:00Z,2023-10-20T02:56:00Z,feed,2026-09-19T20:01:39Z,2026-09-19T20:01:39Z,thames_api
thames:TWL00678,thames,2025-07-11T07:56:00Z,2025-08-15T15:28:00Z,feed,2026-09-19T20:01:39Z,2026-09-19T20:01:39Z,thames_api
thames:TWL00679,thames,2022-04-01T00:00:00Z,2023-06-22T02:56:00Z,feed,2026-09-19T20:01:39Z,2026-09-19T20:01:39Z,thames_api
thames:TWL00679,thames,2023-10-15T10:00:00Z,2023-10-18T07:56:00Z,feed,2026-09-19T20:01:39Z,2026-09-19T20:01:39Z,thames_api
thames:TWL00679,thames,2025-06-20T07:00:00Z,2025-08-07T21:58:00Z,feed,2026-09-19T20:01:39Z,2026-09-19T20:01:39Z,thames_api
thames:TWL00683,thames,2023-04-07T04:00:00Z,2023-04-20T10:00:00Z,feed,2026-09-19T20:01:39Z,2026-09-19T20:01:39Z,thames_api
thames:TWL00683,thames,2024-06-01T23:00:00Z,2024-06-10T07:45:00Z,feed,2026-09-19T20:01:39Z,2026-09-19T20:01:39Z,thames_api
thames:TWL00683,thames,2025-04-29T09:30:00Z,2025-05-16T07:30:00Z,feed,2026-09-19T20:01:39Z,2026-09-19T20:01:39Z,thames_api
thames:TWL00683,thames,2026-06-24T05:00:00Z,2026-07-02T16:15:00Z,feed,2026-09-19T20:01:39Z,2026-09-19T20:01:39Z,thames_api
thames:TWL00684,thames,2022-04-01T00:00:00Z,2023-11-15T20:58:00Z,feed,2026-09-19T20:01:39Z,2026-09-19T20:01:39Z,thames_api
thames:TWL00689,thames,2022-07-29T14:30:00Z,2022-11-25T13:30:00Z,feed,2026-09-19T20:01:39Z,2026-09-19T20:01:39Z,thames_api
thames:TWL00689,thames,2023-01-23T03:30:00Z,2023-01-29T23:45:00Z,feed,2026-09-19T20:01:39Z,2026-09-19T20:01:39Z,thames_api
thames:TWL00689,thames,2023-03-03T11:45:00Z,2023-03-23T13:45:00Z,feed,2026-09-19T20:01:39Z,2026-09-19T20:01:39Z,thames_api
thames:TWL00689,thames,2023-04-20T03:00:00Z,2023-05-12T14:00:00Z,feed,2026-09-19T20:01:39Z,2026-09-19T20:01:39Z,thames_api
thames:TWL00689,thames,2023-06-06T03:00:00Z,2023-06-20T10:30:00Z,feed,2026-09-19T20:01:39Z,2026-09-19T20:01:39Z,thames_api
thames:TWL00695,thames,2022-04-01T00:00:00Z,2022-04-27T12:00:00Z,feed,2026-09-19T20:01:39Z,2026-09-19T20:01:39Z,thames_api
thames:TWL00695,thames,2024-08-10T12:00:00Z,2024-09-19T14:00:00Z,feed,2026-09-19T20:01:39Z,2026-09-19T20:01:39Z,thames_api
thames:TWL00695,thames,2025-06-09T12:00:00Z,2025-06-19T07:15:00Z,feed,2026-09-19T20:01:39Z,2026-09-19T20:01:39Z,thames_api
thames:TWL00695,thames,2026-05-11T10:15:00Z,2026-05-26T13:30:00Z,feed,2026-09-19T20:01:39Z,2026-09-19T20:01:39Z,thames_api
thames:TWL00695,thames,2026-06-19T12:15:00Z,2026-06-19T12:45:00Z,feed,2026-09-19T20:01:39Z,2026-09-19T20:01:39Z,thames_api
thames:TWL00701,thames,2022-04-01T00:00:00Z,2023-10-16T15:56:00Z,feed,2026-09-19T20:01:39Z,2026-09-19T20:01:39Z,thames_api
thames:TWL00701,thames,2025-07-08T08:50:00Z,2025-07-23T07:16:00Z,feed,2026-09-19T20:01:39Z,2026-09-19T20:01:39Z,thames_api
thames:TWL00701,thames,2025-08-11T12:12:00Z,2026-06-08T14:18:00Z,feed,2026-09-19T20:01:39Z,2026-09-19T20:01:39Z,thames_api
thames:TWL00704,thames,2022-04-01T00:00:00Z,2023-10-20T01:58:00Z,feed,2026-09-19T20:01:39Z,2026-09-19T20:01:39Z,thames_api
thames:TWL00704,thames,2026-07-28T09:56:00Z,,,2026-09-19T20:01:39Z,2026-09-19T20:01:39Z,thames_api
thames:TWL00715,thames,2023-02-07T13:45:00Z,2023-03-06T15:15:00Z,feed,2026-09-19T20:01:39Z,2026-09-19T20:01:39Z,thames_api
thames:TWL00715,thames,2026-05-04T03:00:00Z,2026-05-14T10:30:00Z,feed,2026-09-19T20:01:39Z,2026-09-19T20:01:39Z,thames_api
thames:TWL00715,thames,2026-06-19T12:15:00Z,2026-06-19T12:45:00Z,feed,2026-09-19T20:01:39Z,2026-09-19T20:01:39Z,thames_api
thames:TWL00718,thames,2022-04-01T00:00:00Z,2023-06-28T07:58:00Z,feed,2026-09-19T20:01:39Z,2026-09-19T20:01:39Z,thames_api
thames:TWL00718,thames,2023-10-13T01:00:00Z,2023-10-19T04:56:00Z,feed,2026-09-19T20:01:39Z,2026-09-19T20:01:39Z,thames_api
thames:TWL00719,thames,2022-04-01T00:00:00Z,2023-09-14T16:58:00Z,feed,2026-09-19T20:01:39Z,2026-09-19T20:01:39Z,thames_api
thames:TWL00719,thames,2023-10-15T00:00:00Z,2023-10-19T10:56:00Z,feed,2026-09-19T20:01:39Z,2026-09-19T20:01:39Z,thames_api
thames:TWL00719,thames,2023-11-08T12:00:00Z,2023-11-11T05:56:00Z,feed,2026-09-19T20:01:39Z,2026-09-19T20:01:39Z,thames_api
thames:TWL00722,thames,2022-04-01T00:00:00Z,2024-03-18T15:00:00Z,feed,2026-09-19T20:01:39Z,2026-09-19T20:01:39Z,thames_api
thames:TWL00723,thames,2022-04-01T00:00:00Z,2023-07-04T12:58:00Z,feed,2026-09-19T20:01:39Z,2026-09-19T20:01:39Z,thames_api
thames:TWL00723,thames,2023-10-13T16:00:00Z,2023-10-15T20:56:00Z,feed,2026-09-19T20:01:39Z,2026-09-19T20:01:39Z,thames_api
thames:TWL00726,thames,2022-04-01T00:00:00Z,2025-10-04T06:00:00Z,feed,2026-09-19T20:01:39Z,2026-09-19T20:01:39Z,thames_api
thames:TWL00728,thames,2025-03-14T21:00:00Z,2025-04-04T07:30:00Z,feed,2026-09-19T20:01:39Z,2026-09-19T20:01:39Z,thames_api
thames:TWL00728,thames,2025-06-02T21:00:00Z,2025-06-10T07:45:00Z,feed,2026-09-19T20:01:39Z,2026-09-19T20:01:39Z,thames_api
thames:TWL00728,thames,2025-11-28T21:00:00Z,2026-01-09T15:00:00Z,feed,2026-09-19T20:01:39Z,2026-09-19T20:01:39Z,thames_api
thames:TWL00728,thames,2026-08-28T21:00:00Z,2026-09-07T09:30:00Z,feed,2026-09-19T20:01:39Z,2026-09-19T20:01:39Z,thames_api
thames:TWL00729,thames,2023-12-03T17:00:00Z,2023-12-15T09:45:00Z,feed,2026-09-19T20:01:39Z,2026-09-19T20:01:39Z,thames_api
thames:TWL00729,thames,2025-01-26T09:00:00Z,2025-01-31T08:45:00Z,feed,2026-09-19T20:01:39Z,2026-09-19T20:01:39Z,thames_api
thames:TWL00729,thames,2025-04-17T09:15:00Z,2025-05-06T10:45:00Z,feed,2026-09-19T20:01:39Z,2026-09-19T20:01:39Z,thames_api
thames:TWL00731,thames,2024-05-19T04:00:00Z,2024-05-29T08:45:00Z,feed,2026-09-19T20:01:39Z,2026-09-19T20:01:39Z,thames_api
thames:TWL00732,thames,2024-08-08T08:00:00Z,2024-08-14T08:45:00Z,feed,2026-09-19T20:01:39Z,2026-09-19T20:01:39Z,thames_api
thames:TWL00732,thames,2025-10-12T04:00:00Z,2025-10-15T08:30:00Z,feed,2026-09-19T20:01:39Z,2026-09-19T20:01:39Z,thames_api
thames:TWL00732,thames,2025-11-16T04:00:00Z,2025-11-21T08:45:00Z,feed,2026-09-19T20:01:39Z,2026-09-19T20:01:39Z,thames_api
thames:TWL00732,thames,2025-11-24T00:00:00Z,2025-11-28T09:15:00Z,feed,2026-09-19T20:01:39Z,2026-09-19T20:01:39Z,thames_api
thames:TWL00733,thames,2026-06-22T09:00:00Z,2026-07-13T07:30:00Z,feed,2026-09-19T20:01:39Z,2026-09-19T20:01:39Z,thames_api
thames:TWL00733,thames,2026-07-13T16:00:00Z,2026-07-13T17:15:00Z,feed,2026-09-19T20:01:39Z,2026-09-19T20:01:39Z,thames_api
thames:TWL00738,thames,2023-08-22T20:00:00Z,2023-09-04T09:30:00Z,feed,2026-09-19T20:01:39Z,2026-09-19T20:01:39Z,thames_api
thames:TWL00738,thames,2024-07-13T20:00:00Z,2024-07-18T07:15:00Z,feed,2026-09-19T20:01:39Z,2026-09-19T20:01:39Z,thames_api
thames:TWL00738,thames,2024-08-15T20:00:00Z,2024-08-20T11:00:00Z,feed,2026-09-19T20:01:39Z,2026-09-19T20:01:39Z,thames_api
thames:TWL00739,thames,2022-04-01T00:00:00Z,2024-02-09T16:54:00Z,feed,2026-09-19T20:01:39Z,2026-09-19T20:01:39Z,thames_api
thames:TWL00743,thames,2022-04-01T00:00:00Z,2023-09-14T16:58:00Z,feed,2026-09-19T20:01:39Z,2026-09-19T20:01:39Z,thames_api
thames:TWL00743,thames,2026-01-16T00:32:00Z,2026-01-21T09:32:00Z,feed,2026-09-19T20:01:39Z,2026-09-19T20:01:39Z,thames_api
thames:TWL00743,thames,2026-01-22T23:10:00Z,2026-02-21T08:58:00Z,feed,2026-09-19T20:01:39Z,2026-09-19T20:01:39Z,thames_api
thames:TWL00744,thames,2022-04-01T00:00:00Z,2023-07-15T06:58:00Z,feed,2026-09-19T20:01:39Z,2026-09-19T20:01:39Z,thames_api
thames:TWL00744,thames,2023-10-14T06:00:00Z,2023-10-19T10:56:00Z,feed,2026-09-19T20:01:39Z,2026-09-19T20:01:39Z,thames_api
thames:TWL00744,thames,2025-11-28T00:00:00Z,2025-11-30T08:58:00Z,feed,2026-09-19T20:01:39Z,2026-09-19T20:01:39Z,thames_api
thames:TWL00744,thames,2025-12-02T13:00:00Z,2025-12-15T22:58:00Z,feed,2026-09-19T20:01:39Z,2026-09-19T20:01:39Z,thames_api
thames:TWL00747,thames,2022-04-01T00:00:00Z,2023-10-03T08:58:00Z,feed,2026-09-19T20:01:39Z,2026-09-19T20:01:39Z,thames_api
thames:TWL00747,thames,2024-07-11T09:56:00Z,2024-07-29T07:12:00Z,feed,2026-09-19T20:01:39Z,2026-09-19T20:01:39Z,thames_api
thames:TWL00747,thames,2026-03-10T03:00:00Z,2026-03-23T13:28:00Z,feed,2026-09-19T20:01:39Z,2026-09-19T20:01:39Z,thames_api
thames:TWL00747,thames,2026-03-23T14:24:00Z,2026-03-25T20:20:00Z,feed,2026-09-19T20:01:39Z,2026-09-19T20:01:39Z,thames_api
thames:TWL00747,thames,2026-06-10T13:30:00Z,2026-08-19T14:50:00Z,feed,2026-09-19T20:01:39Z,2026-09-19T20:01:39Z,thames_api
thames:TWL00756,thames,2022-04-01T00:00:00Z,2024-02-26T18:10:00Z,feed,2026-09-19T20:01:39Z,2026-09-19T20:01:39Z,thames_api
thames:TWL00756,thames,2024-05-08T11:26:00Z,2024-07-01T07:46:00Z,feed,2026-09-19T20:01:39Z,2026-09-19T20:01:39Z,thames_api
thames:TWL00756,thames,2024-10-04T14:16:00Z,2024-12-24T08:16:00Z,feed,2026-09-19T20:01:39Z,2026-09-19T20:01:39Z,thames_api
thames:TWL00758,thames,2022-12-02T09:15:00Z,2023-09-04T09:30:00Z,feed,2026-09-19T20:01:39Z,2026-09-19T20:01:39Z,thames_api
thames:TWL00758,thames,2023-10-06T06:00:00Z,2023-10-30T08:15:00Z,feed,2026-09-19T20:01:39Z,2026-09-19T20:01:39Z,thames_api
thames:TWL00758,thames,2023-12-20T06:00:00Z,2023-12-27T09:15:00Z,feed,2026-09-19T20:01:39Z,2026-09-19T20:01:39Z,thames_api
thames:TWL00762,thames,2022-04-01T00:00:00Z,2023-10-31T15:56:00Z,feed,2026-09-19T20:01:39Z,2026-09-19T20:01:39Z,thames_api
thames:TWL00762,thames,2026-07-09T06:18:00Z,2026-07-09T06:52:00Z,feed,2026-09-19T20:01:39Z,2026-09-19T20:01:39Z,thames_api
thames:TWL00762,thames,2026-07-13T15:52:00Z,2026-07-13T17:18:00Z,feed,2026-09-19T20:01:39Z,2026-09-19T20:01:39Z,thames_api
thames:TWL00763,thames,2022-04-01T00:00:00Z,2024-02-26T18:10:00Z,feed,2026-09-19T20:01:39Z,2026-09-19T20:01:39Z,thames_api
thames:TWL00763,thames,2024-09-20T07:12:00Z,2024-10-25T14:38:00Z,feed,2026-09-19T20:01:39Z,2026-09-19T20:01:39Z,thames_api
thames:TWL00763,thames,2024-10-26T11:02:00Z,2024-11-16T17:04:00Z,feed,2026-09-19T20:01:39Z,2026-09-19T20:01:39Z,thames_api
thames:TWL00763,thames,2025-04-02T12:24:00Z,2025-04-14T14:36:00Z,feed,2026-09-19T20:01:39Z,2026-09-19T20:01:39Z,thames_api
thames:TWL00763,thames,2025-04-15T07:14:00Z,2025-06-02T15:04:00Z,feed,2026-09-19T20:01:39Z,2026-09-19T20:01:39Z,thames_api
thames:TWL00763,thames,2025-08-08T07:54:00Z,2025-08-11T08:18:00Z,feed,2026-09-19T20:01:39Z,2026-09-19T20:01:39Z,thames_api
thames:TWL00763,thames,2025-08-21T07:26:00Z,2025-08-27T11:04:00Z,feed,2026-09-19T20:01:39Z,2026-09-19T20:01:39Z,thames_api
thames:TWL00763,thames,2025-08-27T11:22:00Z,2025-08-28T09:16:00Z,feed,2026-09-19T20:01:39Z,2026-09-19T20:01:39Z,thames_api
thames:TWL00763,thames,2025-11-23T18:12:00Z,2025-12-02T08:36:00Z,feed,2026-09-19T20:01:39Z,2026-09-19T20:01:39Z,thames_api
thames:TWL00763,thames,2025-12-31T09:54:00Z,2026-03-09T08:54:00Z,feed,2026-09-19T20:01:39Z,2026-09-19T20:01:39Z,thames_api
thames:TWL00763,thames,2026-03-23T10:24:00Z,2026-09-09T18:34:00Z,feed,2026-09-19T20:01:39Z,2026-09-19T20:01:39Z,thames_api
thames:TWL00765,thames,2022-04-01T00:00:00Z,2023-10-19T15:56:00Z,feed,2026-09-19T20:01:39Z,2026-09-19T20:01:39Z,thames_api
thames:TWL00765,thames,2023-10-20T08:00:00Z,2023-11-14T09:58:00Z,feed,2026-09-19T20:01:39Z,2026-09-19T20:01:39Z,thames_api
thames:TWL00766,thames,2023-04-11T09:00:00Z,2023-04-28T15:15:00Z,feed,2026-09-19T20:01:39Z,2026-09-19T20:01:39Z,thames_api
thames:TWL00766,thames,2023-05-16T08:00:00Z,2024-08-13T06:45:00Z,feed,2026-09-19T20:01:39Z,2026-09-19T20:01:39Z,thames_api
thames:TWL00766,thames,2025-01-09T02:00:00Z,2025-02-17T08:45:00Z,feed,2026-09-19T20:01:39Z,2026-09-19T20:01:39Z,thames_api
thames:TWL00766,thames,2025-12-01T09:00:00Z,2025-12-12T09:30:00Z,feed,2026-09-19T20:01:39Z,2026-09-19T20:01:39Z,thames_api
thames:TWL00766,thames,2026-01-04T02:00:00Z,2026-01-19T15:15:00Z,feed,2026-09-19T20:01:39Z,2026-09-19T20:01:39Z,thames_api
thames:TWL00766,thames,2026-04-06T02:00:00Z,2026-04-21T07:15:00Z,feed,2026-09-19T20:01:39Z,2026-09-19T20:01:39Z,thames_api
thames:TWL00767,thames,2022-04-01T00:00:00Z,2023-09-25T04:56:00Z,feed,2026-09-19T20:01:39Z,2026-09-19T20:01:39Z,thames_api
thames:TWL00782,thames,2022-04-01T00:00:00Z,2024-03-18T15:02:00Z,feed,2026-09-19T20:01:39Z,2026-09-19T20:01:39Z,thames_api
thames:TWL00783,thames,2022-04-01T00:00:00Z,2024-02-09T17:58:00Z,feed,2026-09-19T20:01:39Z,2026-09-19T20:01:39Z,thames_api
thames:TWL00784,thames,2022-04-01T00:00:00Z,2023-06-20T07:58:00Z,feed,2026-09-19T20:01:39Z,2026-09-19T20:01:39Z,thames_api
thames:TWL00784,thames,2023-07-31T08:00:00Z,2023-08-08T00:56:00Z,feed,2026-09-19T20:01:39Z,2026-09-19T20:01:39Z,thames_api
thames:TWL00784,thames,2023-10-13T19:00:00Z,2023-10-17T14:56:00Z,feed,2026-09-19T20:01:39Z,2026-09-19T20:01:39Z,thames_api
thames:TWL00784,thames,2023-10-26T10:00:00Z,2023-11-05T05:56:00Z,feed,2026-09-19T20:01:39Z,2026-09-19T20:01:39Z,thames_api
thames:TWL00784,thames,2026-04-22T19:00:00Z,2026-04-28T07:58:00Z,feed,2026-09-19T20:01:39Z,2026-09-19T20:01:39Z,thames_api
thames:TWL00784,thames,2026-05-03T21:00:00Z,2026-07-30T01:58:00Z,feed,2026-09-19T20:01:39Z,2026-09-19T20:01:39Z,thames_api
thames:TWL00784,thames,2026-07-31T12:00:00Z,,,2026-09-19T20:01:39Z,2026-09-19T20:01:39Z,thames_api
thames:TWL00785,thames,2022-04-01T00:00:00Z,2023-06-21T09:58:00Z,feed,2026-09-19T20:01:39Z,2026-09-19T20:01:39Z,thames_api
thames:TWL00785,thames,2023-10-12T14:00:00Z,2023-10-16T08:56:00Z,feed,2026-09-19T20:01:39Z,2026-09-19T20:01:39Z,thames_api
thames:TWL00785,thames,2023-10-19T22:00:00Z,2023-10-22T09:56:00Z,feed,2026-09-19T20:01:39Z,2026-09-19T20:01:39Z,thames_api
thames:TWL00785,thames,2023-10-25T21:00:00Z,2023-10-31T14:56:00Z,feed,2026-09-19T20:01:39Z,2026-09-19T20:01:39Z,thames_api
thames:TWL00785,thames,2023-10-31T23:00:00Z,2023-11-05T12:56:00Z,feed,2026-09-19T20:01:39Z,2026-09-19T20:01:39Z,thames_api
thames:TWL00785,thames,2025-06-23T22:00:00Z,2025-06-24T00:00:00Z,feed,2026-09-19T20:01:39Z,2026-09-19T20:01:39Z,thames_api
thames:TWL00785,thames,2026-03-01T23:00:00Z,2026-03-06T17:02:00Z,feed,2026-09-19T20:01:39Z,2026-09-19T20:01:39Z,thames_api
thames:TWL00785,thames,2026-03-06T18:00:00Z,2026-03-24T08:40:00Z,feed,2026-09-19T20:01:39Z,2026-09-19T20:01:39Z,thames_api
thames:TWL00786,thames,2022-04-01T00:00:00Z,2024-07-01T07:54:00Z,feed,2026-09-19T20:01:39Z,2026-09-19T20:01:39Z,thames_api
thames:TWL00786,thames,2024-07-02T05:28:00Z,2024-07-05T14:56:00Z,feed,2026-09-19T20:01:39Z,2026-09-19T20:01:39Z,thames_api
thames:TWL00786,thames,2024-07-06T07:22:00Z,2024-07-15T22:30:00Z,feed,2026-09-19T20:01:39Z,2026-09-19T20:01:39Z,thames_api
thames:TWL00786,thames,2024-07-15T22:34:00Z,2024-08-13T01:56:00Z,feed,2026-09-19T20:01:39Z,2026-09-19T20:01:39Z,thames_api
thames:TWL00786,thames,2024-11-18T17:00:00Z,2025-01-25T13:34:00Z,feed,2026-09-19T20:01:39Z,2026-09-19T20:01:39Z,thames_api
thames:TWL00786,thames,2025-01-26T09:36:00Z,2025-02-07T11:58:00Z,feed,2026-09-19T20:01:39Z,2026-09-19T20:01:39Z,thames_api
thames:TWL00786,thames,2025-10-30T17:46:00Z,2026-02-15T18:06:00Z,feed,2026-09-19T20:01:39Z,2026-09-19T20:01:39Z,thames_api
thames:TWL00786,thames,2026-02-15T18:10:00Z,2026-02-20T09:30:00Z,feed,2026-09-19T20:01:39Z,2026-09-19T20:01:39Z,thames_api
thames:TWL00786,thames,2026-02-20T09:34:00Z,,,2026-09-19T20:01:39Z,2026-09-19T20:01:39Z,thames_api
thames:TWL00787,thames,2022-04-01T00:00:00Z,2024-07-01T07:54:00Z,feed,2026-09-19T20:01:39Z,2026-09-19T20:01:39Z,thames_api
thames:TWL00787,thames,2025-12-19T14:06:00Z,2026-08-04T01:50:00Z,feed,2026-09-19T20:01:39Z,2026-09-19T20:01:39Z,thames_api
thames:TWL00787,thames,2026-08-05T09:08:00Z,2026-08-05T11:14:00Z,feed,2026-09-19T20:01:39Z,2026-09-19T20:01:39Z,thames_api
thames:TWL00788,thames,2022-04-01T00:00:00Z,2024-02-09T17:12:00Z,feed,2026-09-19T20:01:39Z,2026-09-19T20:01:39Z,thames_api
thames:TWL00788,thames,2026-03-18T07:10:00Z,2026-03-18T07:56:00Z,feed,2026-09-19T20:01:39Z,2026-09-19T20:01:39Z,thames_api
thames:TWL00788,thames,2026-03-18T12:12:00Z,,,2026-09-19T20:01:39Z,2026-09-19T20:01:39Z,thames_api
thames:TWL00789,thames,2022-04-01T00:00:00Z,2023-07-24T11:58:00Z,feed,2026-09-19T20:01:39Z,2026-09-19T20:01:39Z,thames_api
thames:TWL00789,thames,2023-10-12T20:00:00Z,2023-10-16T06:56:00Z,feed,2026-09-19T20:01:39Z,2026-09-19T20:01:39Z,thames_api
thames:TWL00789,thames,2023-10-26T22:00:00Z,2023-10-29T11:56:00Z,feed,2026-09-19T20:01:39Z,2026-09-19T20:01:39Z,thames_api
thames:TWL00789,thames,2023-12-03T16:00:00Z,2023-12-06T23:56:00Z,feed,2026-09-19T20:01:39Z,2026-09-19T20:01:39Z,thames_api
thames:TWL00789,thames,2024-01-20T23:00:00Z,2024-01-29T00:56:00Z,feed,2026-09-19T20:01:39Z,2026-09-19T20:01:39Z,thames_api
thames:TWL00789,thames,2025-12-17T19:20:00Z,2026-02-18T21:28:00Z,feed,2026-09-19T20:01:39Z,2026-09-19T20:01:39Z,thames_api
thames:TWL00789,thames,2026-07-06T15:08:00Z,2026-07-06T15:18:00Z,feed,2026-09-19T20:01:39Z,2026-09-19T20:01:39Z,thames_api
thames:TWL00790,thames,2022-04-01T00:00:00Z,2024-02-09T16:42:00Z,feed,2026-09-19T20:01:39Z,2026-09-19T20:01:39Z,thames_api
thames:TWL00791,thames,2023-06-27T08:02:00Z,2023-07-05T08:58:00Z,feed,2026-09-19T20:01:39Z,2026-09-19T20:01:39Z,thames_api
thames:TWL00791,thames,2023-08-14T08:02:00Z,2023-09-01T10:44:00Z,feed,2026-09-19T20:01:39Z,2026-09-19T20:01:39Z,thames_api
thames:TWL00791,thames,2023-09-04T11:48:00Z,2025-07-23T13:16:00Z,feed,2026-09-19T20:01:39Z,2026-09-19T20:01:39Z,thames_api
thames:TWL00791,thames,2026-06-12T08:48:00Z,2026-06-12T12:24:00Z,feed,2026-09-19T20:01:39Z,2026-09-19T20:01:39Z,thames_api
thames:TWL00792,thames,2023-11-16T14:00:00Z,2023-11-24T15:15:00Z,feed,2026-09-19T20:01:39Z,2026-09-19T20:01:39Z,thames_api
thames:TWL00793,thames,2022-04-01T00:00:00Z,2024-02-26T18:10:00Z,feed,2026-09-19T20:01:39Z,2026-09-19T20:01:39Z,thames_api
thames:TWL00794,thames,2022-04-01T00:00:00Z,2024-02-26T18:10:00Z,feed,2026-09-19T20:01:39Z,2026-09-19T20:01:39Z,thames_api
thames:TWL00794,thames,2024-03-07T22:00:00Z,2024-04-25T19:58:00Z,feed,2026-09-19T20:01:39Z,2026-09-19T20:01:39Z,thames_api
thames:TWL00795,thames,2022-04-01T00:00:00Z,2024-07-01T07:54:00Z,feed,2026-09-19T20:01:39Z,2026-09-19T20:01:39Z,thames_api
thames:TWL00795,thames,2024-11-11T10:20:00Z,2024-11-18T03:56:00Z,feed,2026-09-19T20:01:39Z,2026-09-19T20:01:39Z,thames_api
thames:TWL00795,thames,2024-11-19T04:00:00Z,2024-11-23T08:56:00Z,feed,2026-09-19T20:01:39Z,2026-09-19T20:01:39Z,thames_api
thames:TWL00795,thames,2024-11-24T04:00:00Z,2024-11-26T10:56:00Z,feed,2026-09-19T20:01:39Z,2026-09-19T20:01:39Z,thames_api
thames:TWL00796,thames,2022-04-01T00:00:00Z,2024-02-09T17:10:00Z,feed,2026-09-19T20:01:39Z,2026-09-19T20:01:39Z,thames_api
thames:TWL00796,thames,2024-02-20T16:00:00Z,2024-02-24T01:56:00Z,feed,2026-09-19T20:01:39Z,2026-09-19T20:01:39Z,thames_api
thames:TWL00796,thames,2024-02-28T15:00:00Z,2024-03-01T22:56:00Z,feed,2026-09-19T20:01:39Z,2026-09-19T20:01:39Z,thames_api
thames:TWL00796,thames,2024-05-05T02:00:00Z,2024-05-07T09:56:00Z,feed,2026-09-19T20:01:39Z,2026-09-19T20:01:39Z,thames_api
thames:TWL00796,thames,2024-05-08T06:00:00Z,2024-05-10T19:56:00Z,feed,2026-09-19T20:01:39Z,2026-09-19T20:01:39Z,thames_api
thames:TWL00796,thames,2024-05-23T09:02:00Z,2024-05-25T16:56:00Z,feed,2026-09-19T20:01:39Z,2026-09-19T20:01:39Z,thames_api
thames:TWL00796,thames,2024-09-24T16:02:00Z,2024-09-26T17:56:00Z,feed,2026-09-19T20:01:39Z,2026-09-19T20:01:39Z,thames_api
thames:TWL00796,thames,2024-10-16T07:16:00Z,2025-03-03T15:14:00Z,feed,2026-09-19T20:01:39Z,2026-09-19T20:01:39Z,thames_api
thames:TWL00796,thames,2025-11-24T22:00:00Z,2025-12-11T00:00:00Z,feed,2026-09-19T20:01:39Z,2026-09-19T20:01:39Z,thames_api
thames:TWL00796,thames,2026-05-27T11:06:00Z,2026-06-29T13:08:00Z,feed,2026-09-19T20:01:39Z,2026-09-19T20:01:39Z,thames_api
thames:TWL00797,thames,2022-04-01T00:00:00Z,2024-02-09T17:06:00Z,feed,2026-09-19T20:01:39Z,2026-09-19T20:01:39Z,thames_api
thames:TWL00797,thames,2024-06-21T08:00:00Z,2024-06-23T15:56:00Z,feed,2026-09-19T20:01:39Z,2026-09-19T20:01:39Z,thames_api
thames:TWL00797,thames,2024-07-19T11:00:00Z,2024-07-21T19:56:00Z,feed,2026-09-19T20:01:39Z,2026-09-19T20:01:39Z,thames_api
thames:TWL00797,thames,2024-08-05T16:00:00Z,2024-08-07T21:56:00Z,feed,2026-09-19T20:01:39Z,2026-09-19T20:01:39Z,thames_api
thames:TWL00797,thames,2024-08-10T14:00:00Z,2024-08-13T21:56:00Z,feed,2026-09-19T20:01:39Z,2026-09-19T20:01:39Z,thames_api
thames:TWL00797,thames,2025-04-26T10:00:00Z,2025-06-04T06:58:00Z,feed,2026-09-19T20:01:39Z,2026-09-19T20:01:39Z,thames_api
thames:TWL00798,thames,2022-04-01T00:00:00Z,2022-04-27T01:28:00Z,feed,2026-09-19T20:01:39Z,2026-09-19T20:01:39Z,thames_api
thames:TWL00798,thames,2023-11-02T10:48:00Z,2023-11-15T09:44:00Z,feed,2026-09-19T20:01:39Z,2026-09-19T20:01:39Z,thames_api
thames:TWL00798,thames,2025-01-07T16:48:00Z,2025-02-03T08:52:00Z,feed,2026-09-19T20:01:39Z,2026-09-19T20:01:39Z,thames_api
thames:TWL00798,thames,2025-02-03T09:00:00Z,2025-02-07T08:52:00Z,feed,2026-09-19T20:01:39Z,2026-09-19T20:01:39Z,thames_api
thames:TWL00798,thames,2026-07-09T01:00:00Z,2026-07-23T07:18:00Z,feed,2026-09-19T20:01:39Z,2026-09-19T20:01:39Z,thames_api
thames:TWL00799,thames,2022-04-01T00:00:00Z,2024-02-09T17:22:00Z,feed,2026-09-19T20:01:39Z,2026-09-19T20:01:39Z,thames_api
thames:TWL00799,thames,2024-12-06T06:00:00Z,2025-02-07T12:58:00Z,feed,2026-09-19T20:01:39Z,2026-09-19T20:01:39Z,thames_api
thames:TWL00799,thames,2026-07-24T06:26:00Z,2026-07-27T13:16:00Z,feed,2026-09-19T20:01:39Z,2026-09-19T20:01:39Z,thames_api
thames:TWL00800,thames,2022-04-01T00:00:00Z,2024-03-18T15:02:00Z,feed,2026-09-19T20:01:39Z,2026-09-19T20:01:39Z,thames_api
thames:TWL00800,thames,2025-03-25T18:30:00Z,2025-04-01T00:26:00Z,feed,2026-09-19T20:01:39Z,2026-09-19T20:01:39Z,thames_api
thames:TWL00803,thames,2022-04-01T00:00:00Z,2024-08-13T06:48:00Z,feed,2026-09-19T20:01:39Z,2026-09-19T20:01:39Z,thames_api
thames:TWL00803,thames,2025-12-07T05:52:00Z,2025-12-09T08:18:00Z,feed,2026-09-19T20:01:39Z,2026-09-19T20:01:39Z,thames_api
thames:TWL00803,thames,2026-06-28T14:00:00Z,,,2026-09-19T20:01:39Z,2026-09-19T20:01:39Z,thames_api
thames:TWL00804,thames,2022-04-01T00:00:00Z,2024-02-13T07:56:00Z,feed,2026-09-19T20:01:39Z,2026-09-19T20:01:39Z,thames_api
thames:TWL00804,thames,2025-01-01T20:00:00Z,2025-01-21T10:58:00Z,feed,2026-09-19T20:01:39Z,2026-09-19T20:01:39Z,thames_api
thames:TWL00804,thames,2025-11-07T15:58:00Z,2026-01-07T08:40:00Z,feed,2026-09-19T20:01:39Z,2026-09-19T20:01:39Z,thames_api
thames:TWL00805,thames,2024-05-24T07:00:00Z,2024-06-19T13:15:00Z,feed,2026-09-19T20:01:39Z,2026-09-19T20:01:39Z,thames_api
thames:TWL00805,thames,2024-06-28T18:00:00Z,2024-07-08T07:15:00Z,feed,2026-09-19T20:01:39Z,2026-09-19T20:01:39Z,thames_api
thames:TWL00806,thames,2022-04-01T00:00:00Z,2024-12-31T23:45:00Z,feed,2026-09-19T20:01:39Z,2026-09-19T20:01:39Z,thames_api
thames:TWL00808,thames,2022-04-01T00:00:00Z,2025-04-10T09:45:00Z,feed,2026-09-19T20:01:39Z,2026-09-19T20:01:39Z,thames_api
thames:TWL00809,thames,2022-04-01T00:00:00Z,2025-08-12T14:56:00Z,feed,2026-09-19T20:01:39Z,2026-09-19T20:01:39Z,thames_api
thames:TWL00809,thames,2025-08-13T08:14:00Z,2025-08-13T14:34:00Z,feed,2026-09-19T20:01:39Z,2026-09-19T20:01:39Z,thames_api
thames:TWL00809,thames,2025-09-03T08:42:00Z,2025-09-03T16:36:00Z,feed,2026-09-19T20:01:39Z,2026-09-19T20:01:39Z,thames_api
thames:TWL00809,thames,2025-09-05T06:56:00Z,2025-09-05T12:36:00Z,feed,2026-09-19T20:01:39Z,2026-09-19T20:01:39Z,thames_api
thames:TWL00809,thames,2025-09-17T08:02:00Z,2025-09-17T15:36:00Z,feed,2026-09-19T20:01:39Z,2026-09-19T20:01:39Z,thames_api
thames:TWL00809,thames,2025-09-22T07:54:00Z,2025-09-22T11:44:00Z,feed,2026-09-19T20:01:39Z,2026-09-19T20:01:39Z,thames_api
thames:TWL00809,thames,2025-09-23T04:12:00Z,2025-09-23T06:38:00Z,feed,2026-09-19T20:01:39Z,2026-09-19T20:01:39Z,thames_api
thames:TWL00809,thames,2025-10-02T09:12:00Z,2025-10-09T15:00:00Z,feed,2026-09-19T20:01:39Z,2026-09-19T20:01:39Z,thames_api
thames:TWL00809,thames,2025-10-15T07:42:00Z,2025-10-15T13:18:00Z,feed,2026-09-19T20:01:39Z,2026-09-19T20:01:39Z,thames_api
thames:TWL00809,thames,2025-10-16T08:10:00Z,2025-10-16T16:08:00Z,feed,2026-09-19T20:01:39Z,2026-09-19T20:01:39Z,thames_api
thames:TWL00809,thames,2025-10-29T08:32:00Z,2025-10-29T17:34:00Z,feed,2026-09-19T20:01:39Z,2026-09-19T20:01:39Z,thames_api
thames:TWL00809,thames,2025-11-05T07:36:00Z,2025-11-05T12:06:00Z,feed,2026-09-19T20:01:39Z,2026-09-19T20:01:39Z,thames_api
thames:TWL00809,thames,2025-11-11T09:56:00Z,2025-11-11T16:54:00Z,feed,2026-09-19T20:01:39Z,2026-09-19T20:01:39Z,thames_api
thames:TWL00809,thames,2025-11-18T09:36:00Z,2025-11-18T15:20:00Z,feed,2026-09-19T20:01:39Z,2026-09-19T20:01:39Z,thames_api
thames:TWL00809,thames,2025-11-26T09:46:00Z,2025-11-26T17:12:00Z,feed,2026-09-19T20:01:39Z,2026-09-19T20:01:39Z,thames_api
thames:TWL00809,thames,2025-11-27T10:46:00Z,2025-11-28T08:16:00Z,feed,2026-09-19T20:01:39Z,2026-09-19T20:01:39Z,thames_api
thames:TWL00809,thames,2025-12-03T08:44:00Z,2025-12-03T14:20:00Z,feed,2026-09-19T20:01:39Z,2026-09-19T20:01:39Z,thames_api
thames:TWL00809,thames,2025-12-10T08:20:00Z,2025-12-10T15:28:00Z,feed,2026-09-19T20:01:39Z,2026-09-19T20:01:39Z,thames_api
thames:TWL00809,thames,2025-12-17T09:12:00Z,2025-12-17T14:24:00Z,feed,2026-09-19T20:01:39Z,2026-09-19T20:01:39Z,thames_api
thames:TWL00809,thames,2025-12-18T07:58:00Z,2025-12-18T17:54:00Z,feed,2026-09-19T20:01:39Z,2026-09-19T20:01:39Z,thames_api
thames:TWL00809,thames,2026-01-22T09:04:00Z,2026-01-22T12:58:00Z,feed,2026-09-19T20:01:39Z,2026-09-19T20:01:39Z,thames_api
thames:TWL00809,thames,2026-01-29T09:24:00Z,2026-01-29T16:46:00Z,feed,2026-09-19T20:01:39Z,2026-09-19T20:01:39Z,thames_api
thames:TWL00809,thames,2026-02-10T10:24:00Z,2026-02-10T15:06:00Z,feed,2026-09-19T20:01:39Z,2026-09-19T20:01:39Z,thames_api
thames:TWL00809,thames,2026-02-18T10:46:00Z,2026-02-18T12:40:00Z,feed,2026-09-19T20:01:39Z,2026-09-19T20:01:39Z,thames_api
thames:TWL00809,thames,2026-02-24T08:30:00Z,2026-02-24T13:38:00Z,feed,2026-09-19T20:01:39Z,2026-09-19T20:01:39Z,thames_api
thames:TWL00809,thames,2026-02-25T09:20:00Z,2026-02-25T13:58:00Z,feed,2026-09-19T20:01:39Z,2026-09-19T20:01:39Z,thames_api
thames:TWL00809,thames,2026-03-03T10:06:00Z,2026-03-03T15:26:00Z,feed,2026-09-19T20:01:39Z,2026-09-19T20:01:39Z,thames_api
thames:TWL00809,thames,2026-03-18T08:26:00Z,2026-03-18T11:32:00Z,feed,2026-09-19T20:01:39Z,2026-09-19T20:01:39Z,thames_api
thames:TWL00809,thames,2026-04-28T08:44:00Z,2026-04-28T15:54:00Z,feed,2026-09-19T20:01:39Z,2026-09-19T20:01:39Z,thames_api
thames:TWL00809,thames,2026-05-05T07:10:00Z,2026-05-05T14:36:00Z,feed,2026-09-19T20:01:39Z,2026-09-19T20:01:39Z,thames_api
thames:TWL00809,thames,2026-05-12T10:00:00Z,2026-05-12T15:12:00Z,feed,2026-09-19T20:01:39Z,2026-09-19T20:01:39Z,thames_api
thames:TWL00809,thames,2026-05-14T03:06:00Z,2026-05-14T09:12:00Z,feed,2026-09-19T20:01:39Z,2026-09-19T20:01:39Z,thames_api
thames:TWL00809,thames,2026-05-15T09:06:00Z,2026-05-15T13:08:00Z,feed,2026-09-19T20:01:39Z,2026-09-19T20:01:39Z,thames_api
thames:TWL00809,thames,2026-05-26T03:14:00Z,2026-05-26T08:28:00Z,feed,2026-09-19T20:01:39Z,2026-09-19T20:01:39Z,thames_api
thames:TWL00809,thames,2026-05-27T06:34:00Z,2026-05-27T16:08:00Z,feed,2026-09-19T20:01:39Z,2026-09-19T20:01:39Z,thames_api
thames:TWL00809,thames,2026-05-28T06:28:00Z,2026-05-28T15:30:00Z,feed,2026-09-19T20:01:39Z,2026-09-19T20:01:39Z,thames_api
thames:TWL00809,thames,2026-05-29T08:38:00Z,2026-05-29T12:10:00Z,feed,2026-09-19T20:01:39Z,2026-09-19T20:01:39Z,thames_api
thames:TWL00809,thames,2026-06-01T06:44:00Z,2026-06-02T04:26:00Z,feed,2026-09-19T20:01:39Z,2026-09-19T20:01:39Z,thames_api
thames:TWL00809,thames,2026-06-09T09:26:00Z,2026-06-09T11:42:00Z,feed,2026-09-19T20:01:39Z,2026-09-19T20:01:39Z,thames_api
thames:TWL00809,thames,2026-06-10T07:20:00Z,2026-06-10T14:48:00Z,feed,2026-09-19T20:01:39Z,2026-09-19T20:01:39Z,thames_api
thames:TWL00809,thames,2026-06-11T09:36:00Z,2026-06-11T16:14:00Z,feed,2026-09-19T20:01:39Z,2026-09-19T20:01:39Z,thames_api
thames:TWL00809,thames,2026-06-15T14:06:00Z,2026-06-15T15:30:00Z,feed,2026-09-19T20:01:39Z,2026-09-19T20:01:39Z,thames_api
thames:TWL00809,thames,2026-06-17T07:12:00Z,2026-06-17T16:48:00Z,feed,2026-09-19T20:01:39Z,2026-09-19T20:01:39Z,thames_api
thames:TWL00809,thames,2026-06-19T07:10:00Z,2026-06-19T14:16:00Z,feed,2026-09-19T20:01:39Z,2026-09-19T20:01:39Z,thames_api
thames:TWL00809,thames,2026-07-01T02:44:00Z,2026-07-01T06:24:00Z,feed,2026-09-19T20:01:39Z,2026-09-19T20:01:39Z,thames_api
thames:TWL00809,thames,2026-07-15T07:52:00Z,2026-07-15T11:26:00Z,feed,2026-09-19T20:01:39Z,2026-09-19T20:01:39Z,thames_api
thames:TWL00809,thames,2026-07-29T08:02:00Z,2026-07-29T14:22:00Z,feed,2026-09-19T20:01:39Z,2026-09-19T20:01:39Z,thames_api
thames:TWL00809,thames,2026-07-30T07:04:00Z,2026-07-30T15:36:00Z,feed,2026-09-19T20:01:39Z,2026-09-19T20:01:39Z,thames_api
thames:TWL00809,thames,2026-08-14T07:36:00Z,2026-08-14T12:42:00Z,feed,2026-09-19T20:01:39Z,2026-09-19T20:01:39Z,thames_api
thames:TWL00809,thames,2026-08-19T07:46:00Z,2026-08-19T10:38:00Z,feed,2026-09-19T20:01:39Z,2026-09-19T20:01:39Z,thames_api
thames:TWL00809,thames,2026-08-21T07:24:00Z,2026-08-21T13:38:00Z,feed,2026-09-19T20:01:39Z,2026-09-19T20:01:39Z,thames_api
thames:TWL00809,thames,2026-09-09T07:44:00Z,2026-09-09T13:42:00Z,feed,2026-09-19T20:01:39Z,2026-09-19T20:01:39Z,thames_api
thames:TWL00809,thames,2026-09-10T03:18:00Z,2026-09-10T12:40:00Z,feed,2026-09-19T20:01:39Z,2026-09-19T20:01:39Z,thames_api
thames:TWL00810,thames,2022-04-01T00:00:00Z,2025-01-16T15:00:00Z,feed,2026-09-19T20:01:39Z,2026-09-19T20:01:39Z,thames_api
thames:TWL00810,thames,2025-03-10T12:02:00Z,2025-03-12T21:34:00Z,feed,2026-09-19T20:01:39Z,2026-09-19T20:01:39Z,thames_api
thames:TWL00810,thames,2025-03-24T09:58:00Z,2025-04-02T13:52:00Z,feed,2026-09-19T20:01:39Z,2026-09-19T20:01:39Z,thames_api
thames:TWL00810,thames,2025-04-04T13:04:00Z,2025-04-08T15:16:00Z,feed,2026-09-19T20:01:39Z,2026-09-19T20:01:39Z,thames_api
thames:TWL00810,thames,2025-05-14T04:48:00Z,2025-05-14T12:12:00Z,feed,2026-09-19T20:01:39Z,2026-09-19T20:01:39Z,thames_api
thames:TWL00810,thames,2025-06-04T07:58:00Z,2025-06-04T16:42:00Z,feed,2026-09-19T20:01:39Z,2026-09-19T20:01:39Z,thames_api
thames:TWL00810,thames,2025-06-11T06:14:00Z,2025-06-11T16:14:00Z,feed,2026-09-19T20:01:39Z,2026-09-19T20:01:39Z,thames_api
thames:TWL00810,thames,2025-06-18T07:44:00Z,2025-06-18T16:00:00Z,feed,2026-09-19T20:01:39Z,2026-09-19T20:01:39Z,thames_api
thames:TWL00810,thames,2025-06-25T06:10:00Z,2025-06-25T14:30:00Z,feed,2026-09-19T20:01:39Z,2026-09-19T20:01:39Z,thames_api
thames:TWL00810,thames,2025-07-01T07:54:00Z,2025-07-02T14:50:00Z,feed,2026-09-19T20:01:39Z,2026-09-19T20:01:39Z,thames_api
thames:TWL00810,thames,2025-07-09T08:24:00Z,2025-07-09T12:12:00Z,feed,2026-09-19T20:01:39Z,2026-09-19T20:01:39Z,thames_api
thames:TWL00810,thames,2025-07-10T08:18:00Z,2025-07-10T14:40:00Z,feed,2026-09-19T20:01:39Z,2026-09-19T20:01:39Z,thames_api
thames:TWL00810,thames,2025-07-15T11:06:00Z,2025-07-15T16:00:00Z,feed,2026-09-19T20:01:39Z,2026-09-19T20:01:39Z,thames_api
thames:TWL00810,thames,2025-07-16T08:44:00Z,2025-07-16T15:16:00Z,feed,2026-09-19T20:01:39Z,2026-09-19T20:01:39Z,thames_api
thames:TWL00810,thames,2025-07-24T07:26:00Z,2025-07-24T15:12:00Z,feed,2026-09-19T20:01:39Z,2026-09-19T20:01:39Z,thames_api
thames:TWL00810,thames,2025-07-27T07:14:00Z,2025-07-31T18:16:00Z,feed,2026-09-19T20:01:39Z,2026-09-19T20:01:39Z,thames_api
thames:TWL00810,thames,2025-08-06T08:18:00Z,2025-08-06T08:58:00Z,feed,2026-09-19T20:01:39Z,2026-09-19T20:01:39Z,thames_api
thames:TWL00810,thames,2025-08-07T07:34:00Z,2025-08-07T10:06:00Z,feed,2026-09-19T20:01:39Z,2026-09-19T20:01:39Z,thames_api
thames:TWL00810,thames,2025-08-12T07:58:00Z,2025-08-12T14:56:00Z,feed,2026-09-19T20:01:39Z,2026-09-19T20:01:39Z,thames_api
thames:TWL00810,thames,2025-08-13T06:16:00Z,2025-08-13T14:34:00Z,feed,2026-09-19T20:01:39Z,2026-09-19T20:01:39Z,thames_api
thames:TWL00810,thames,2025-08-27T11:58:00Z,2025-08-28T08:50:00Z,feed,2026-09-19T20:01:39Z,2026-09-19T20:01:39Z,thames_api
thames:TWL00810,thames,2025-09-02T07:50:00Z,2025-09-02T09:20:00Z,feed,2026-09-19T20:01:39Z,2026-09-19T20:01:39Z,thames_api
thames:TWL00810,thames,2025-09-03T08:36:00Z,2025-09-03T16:36:00Z,feed,2026-09-19T20:01:39Z,2026-09-19T20:01:39Z,thames_api
thames:TWL00810,thames,2025-09-04T04:02:00Z,2025-09-04T06:08:00Z,feed,2026-09-19T20:01:39Z,2026-09-19T20:01:39Z,thames_api
thames:TWL00810,thames,2025-09-17T07:58:00Z,2025-09-17T16:22:00Z,feed,2026-09-19T20:01:39Z,2026-09-19T20:01:39Z,thames_api
thames:TWL00810,thames,2025-09-22T12:24:00Z,2025-09-22T13:40:00Z,feed,2026-09-19T20:01:39Z,2026-09-19T20:01:39Z,thames_api
thames:TWL00810,thames,2025-10-15T07:42:00Z,2025-10-15T13:18:00Z,feed,2026-09-19T20:01:39Z,2026-09-19T20:01:39Z,thames_api
thames:TWL00810,thames,2025-10-16T08:10:00Z,2025-10-16T16:08:00Z,feed,2026-09-19T20:01:39Z,2026-09-19T20:01:39Z,thames_api
thames:TWL00810,thames,2025-10-29T08:26:00Z,2025-10-29T17:34:00Z,feed,2026-09-19T20:01:39Z,2026-09-19T20:01:39Z,thames_api
thames:TWL00810,thames,2025-11-05T07:24:00Z,2025-11-05T12:06:00Z,feed,2026-09-19T20:01:39Z,2026-09-19T20:01:39Z,thames_api
thames:TWL00810,thames,2025-11-11T09:56:00Z,2025-11-11T16:54:00Z,feed,2026-09-19T20:01:39Z,2026-09-19T20:01:39Z,thames_api
thames:TWL00810,thames,2025-11-18T09:28:00Z,2025-11-18T15:20:00Z,feed,2026-09-19T20:01:39Z,2026-09-19T20:01:39Z,thames_api
thames:TWL00810,thames,2025-11-26T09:40:00Z,2025-11-26T17:12:00Z,feed,2026-09-19T20:01:39Z,2026-09-19T20:01:39Z,thames_api
thames:TWL00810,thames,2025-11-27T10:46:00Z,2025-11-28T08:16:00Z,feed,2026-09-19T20:01:39Z,2026-09-19T20:01:39Z,thames_api
thames:TWL00810,thames,2025-12-03T08:38:00Z,2025-12-03T14:20:00Z,feed,2026-09-19T20:01:39Z,2026-09-19T20:01:39Z,thames_api
thames:TWL00810,thames,2025-12-10T08:14:00Z,2025-12-10T15:28:00Z,feed,2026-09-19T20:01:39Z,2026-09-19T20:01:39Z,thames_api
thames:TWL00810,thames,2025-12-17T09:06:00Z,2025-12-17T14:24:00Z,feed,2026-09-19T20:01:39Z,2026-09-19T20:01:39Z,thames_api
thames:TWL00810,thames,2025-12-18T07:52:00Z,2025-12-18T17:54:00Z,feed,2026-09-19T20:01:39Z,2026-09-19T20:01:39Z,thames_api
thames:TWL00810,thames,2026-01-22T09:00:00Z,2026-01-22T12:58:00Z,feed,2026-09-19T20:01:39Z,2026-09-19T20:01:39Z,thames_api
thames:TWL00810,thames,2026-01-29T09:20:00Z,2026-01-29T16:46:00Z,feed,2026-09-19T20:01:39Z,2026-09-19T20:01:39Z,thames_api
thames:TWL00810,thames,2026-02-16T09:12:00Z,2026-02-16T09:14:00Z,feed,2026-09-19T20:01:39Z,2026-09-19T20:01:39Z,thames_api
thames:TWL00810,thames,2026-02-20T11:46:00Z,2026-02-20T15:56:00Z,feed,2026-09-19T20:01:39Z,2026-09-19T20:01:39Z,thames_api
thames:TWL00810,thames,2026-02-24T08:44:00Z,2026-02-24T17:02:00Z,feed,2026-09-19T20:01:39Z,2026-09-19T20:01:39Z,thames_api
thames:TWL00810,thames,2026-02-25T09:16:00Z,2026-02-25T13:58:00Z,feed,2026-09-19T20:01:39Z,2026-09-19T20:01:39Z,thames_api
thames:TWL00810,thames,2026-03-18T08:26:00Z,2026-03-18T11:32:00Z,feed,2026-09-19T20:01:39Z,2026-09-19T20:01:39Z,thames_api
thames:TWL00810,thames,2026-04-28T08:44:00Z,2026-04-28T15:54:00Z,feed,2026-09-19T20:01:39Z,2026-09-19T20:01:39Z,thames_api
thames:TWL00810,thames,2026-05-05T07:06:00Z,2026-05-05T14:36:00Z,feed,2026-09-19T20:01:39Z,2026-09-19T20:01:39Z,thames_api
thames:TWL00810,thames,2026-05-11T03:12:00Z,2026-05-11T06:22:00Z,feed,2026-09-19T20:01:39Z,2026-09-19T20:01:39Z,thames_api
thames:TWL00810,thames,2026-05-12T09:56:00Z,2026-05-12T15:12:00Z,feed,2026-09-19T20:01:39Z,2026-09-19T20:01:39Z,thames_api
thames:TWL00810,thames,2026-05-15T09:04:00Z,2026-05-15T13:08:00Z,feed,2026-09-19T20:01:39Z,2026-09-19T20:01:39Z,thames_api
thames:TWL00810,thames,2026-05-26T03:10:00Z,2026-05-26T08:28:00Z,feed,2026-09-19T20:01:39Z,2026-09-19T20:01:39Z,thames_api
thames:TWL00810,thames,2026-05-27T06:28:00Z,2026-05-27T16:08:00Z,feed,2026-09-19T20:01:39Z,2026-09-19T20:01:39Z,thames_api
thames:TWL00810,thames,2026-05-28T06:22:00Z,2026-05-28T15:30:00Z,feed,2026-09-19T20:01:39Z,2026-09-19T20:01:39Z,thames_api
thames:TWL00810,thames,2026-05-29T08:34:00Z,2026-05-29T12:10:00Z,feed,2026-09-19T20:01:39Z,2026-09-19T20:01:39Z,thames_api
thames:TWL00810,thames,2026-06-01T06:38:00Z,2026-06-02T04:26:00Z,feed,2026-09-19T20:01:39Z,2026-09-19T20:01:39Z,thames_api
thames:TWL00810,thames,2026-06-09T09:24:00Z,2026-06-09T11:42:00Z,feed,2026-09-19T20:01:39Z,2026-09-19T20:01:39Z,thames_api
thames:TWL00810,thames,2026-06-10T07:20:00Z,2026-06-10T14:48:00Z,feed,2026-09-19T20:01:39Z,2026-09-19T20:01:39Z,thames_api
thames:TWL00810,thames,2026-06-19T07:04:00Z,2026-06-19T14:16:00Z,feed,2026-09-19T20:01:39Z,2026-09-19T20:01:39Z,thames_api
thames:TWL00810,thames,2026-07-01T02:38:00Z,2026-07-01T06:24:00Z,feed,2026-09-19T20:01:39Z,2026-09-19T20:01:39Z,thames_api
thames:TWL00810,thames,2026-07-08T06:28:00Z,2026-07-08T13:46:00Z,feed,2026-09-19T20:01:39Z,2026-09-19T20:01:39Z,thames_api
thames:TWL00810,thames,2026-07-10T06:50:00Z,2026-07-10T10:10:00Z,feed,2026-09-19T20:01:39Z,2026-09-19T20:01:39Z,thames_api
thames:TWL00810,thames,2026-07-13T15:46:00Z,2026-07-13T17:18:00Z,feed,2026-09-19T20:01:39Z,2026-09-19T20:01:39Z,thames_api
thames:TWL00810,thames,2026-07-15T06:44:00Z,2026-07-15T16:58:00Z,feed,2026-09-19T20:01:39Z,2026-09-19T20:01:39Z,thames_api
thames:TWL00810,thames,2026-07-29T07:56:00Z,2026-07-29T14:22:00Z,feed,2026-09-19T20:01:39Z,2026-09-19T20:01:39Z,thames_api
thames:TWL00810,thames,2026-07-30T06:58:00Z,2026-07-30T15:36:00Z,feed,2026-09-19T20:01:39Z,2026-09-19T20:01:39Z,thames_api
thames:TWL00810,thames,2026-08-19T07:42:00Z,2026-08-19T10:38:00Z,feed,2026-09-19T20:01:39Z,2026-09-19T20:01:39Z,thames_api
thames:TWL00810,thames,2026-08-21T07:22:00Z,2026-08-21T13:38:00Z,feed,2026-09-19T20:01:39Z,2026-09-19T20:01:39Z,thames_api
thames:TWL00810,thames,2026-09-01T08:34:00Z,2026-09-01T15:58:00Z,feed,2026-09-19T20:01:39Z,2026-09-19T20:01:39Z,thames_api
thames:TWL00810,thames,2026-09-09T07:36:00Z,2026-09-09T13:42:00Z,feed,2026-09-19T20:01:39Z,2026-09-19T20:01:39Z,thames_api
thames:TWL00810,thames,2026-09-10T03:14:00Z,2026-09-10T12:40:00Z,feed,2026-09-19T20:01:39Z,2026-09-19T20:01:39Z,thames_api
