gauge_id,measure_id,label,latitude,longitude,date_opened,fetched_utc
003e72e8-d476-4683-8b9e-e09013d1c5d9,003e72e8-d476-4683-8b9e-e09013d1c5d9-rainfall-t-900-mm-qualified,Jarvis Brook,51.034540,0.179888,1999-09-08,2026-09-17T11:48:02Z
005af543-8711-4f72-b465-29381d658a3a,005af543-8711-4f72-b465-29381d658a3a-rainfall-t-900-mm-qualified,Little Stanford,52.708614,-2.980673,2002-01-01,2026-09-17T11:48:02Z
00992da3-367d-49b6-9a39-ca6c75dbf444,00992da3-367d-49b6-9a39-ca6c75dbf444-rainfall-t-900-mm-qualified,Kinsford Gate,51.114250,-3.794711,2001-07-02,2026-09-17T11:48:02Z
00c815ec-2cad-4b4f-b0b8-d17ddef9925a,00c815ec-2cad-4b4f-b0b8-d17ddef9925a-rainfall-t-900-mm-qualified,Garrigill Noonstones Hill,54.742630,-2.378360,2002-05-30,2026-09-17T11:48:02Z
00d8d575-54a8-4200-bbe7-c18203212525,00d8d575-54a8-4200-bbe7-c18203212525-rainfall-t-900-mm-qualified,Holden Wood,53.699342,-2.355029,1990-12-08,2026-09-17T11:48:02Z
0112fdc2-7033-4871-9593-9e7c0cd7da25,0112fdc2-7033-4871-9593-9e7c0cd7da25-rainfall-t-900-mm-qualified,Church Houses,54.367876,-0.973609,1988-03-31,2026-09-17T11:48:02Z
01b46a35-34a9-4c4b-a2ed-38356a826017,01b46a35-34a9-4c4b-a2ed-38356a826017-rainfall-t-900-mm-qualified,Wethersfield,51.948161,0.481142,2012-08-29,2026-09-17T11:48:02Z
01eecc8f-dae3-4cc0-8e09-d475265f74ec,01eecc8f-dae3-4cc0-8e09-d475265f74ec-rainfall-t-900-mm-qualified,Fraisthorpe,54.041092,-0.241657,2009-12-02,2026-09-17T11:48:02Z
026196fb-dc64-4e06-bc2b-ce360bd65a0a,026196fb-dc64-4e06-bc2b-ce360bd65a0a-rainfall-t-900-mm-qualified,Willow Holme,54.899409,-2.953503,1997-01-24,2026-09-17T11:48:02Z
02708dcb-2859-4b51-bb5c-e6d43aaeacab,02708dcb-2859-4b51-bb5c-e6d43aaeacab-rainfall-t-900-mm-qualified,Cat And Fiddle,53.244228,-1.998874,1999-11-30,2026-09-17T11:48:02Z
02bd4687-2b55-4f42-b1cf-77066f01cc70,02bd4687-2b55-4f42-b1cf-77066f01cc70-rainfall-t-900-mm-qualified,Tetbury,51.633147,-2.153993,1991-10-01,2026-09-17T11:48:02Z
02bd591f-2864-4598-89e9-b12029fda416,02bd591f-2864-4598-89e9-b12029fda416-rainfall-t-900-mm-qualified,Hoscar  Wigan S.,53.596195,-2.790135,2002-07-11,2026-09-17T11:48:02Z
0315fef3-ecc3-4a0d-a305-7bab91dd016f,0315fef3-ecc3-4a0d-a305-7bab91dd016f-rainfall-t-900-mm-qualified,Goren,50.816230,-3.085698,1998-09-01,2026-09-17T11:48:02Z
0329331a-141d-4281-864b-39b4d69b41f2,0329331a-141d-4281-864b-39b4d69b41f2-rainfall-t-900-mm-qualified,Guthram Gowt,52.787457,-0.264893,1969-12-31,2026-09-17T11:48:02Z
036eca2e-76f8-41f4-9d49-557ef8e67f47,036eca2e-76f8-41f4-9d49-557ef8e67f47-rainfall-t-900-mm-qualified,Mayfield,51.027756,0.274836,1995-01-07,2026-09-17T11:48:02Z
03963e57-c237-40d7-bde8-f917e116dd49,03963e57-c237-40d7-bde8-f917e116dd49-rainfall-t-900-mm-qualified,Deptford,51.476673,-0.017659,1989-01-01,2026-09-17T11:48:02Z
03c27c97-917a-4970-8440-47db18a36c2c,03c27c97-917a-4970-8440-47db18a36c2c-rainfall-t-900-mm-qualified,Orpington,51.367460,0.094722,1990-01-01,2026-09-17T11:48:02Z
03fd9d1b-c6db-424c-a7e6-6800134b416c,03fd9d1b-c6db-424c-a7e6-6800134b416c-rainfall-t-900-mm-qualified,St Dennis,50.382988,-4.896740,2012-02-06,2026-09-17T11:48:02Z
0453dceb-90ef-4a8f-84cb-793c0acca456,0453dceb-90ef-4a8f-84cb-793c0acca456-rainfall-t-900-mm-qualified,Friar Waddon,50.670539,-2.493408,1995-04-21,2026-09-17T11:48:02Z
0470415f-d2ba-4bcb-9994-87047e0ff2c2,0470415f-d2ba-4bcb-9994-87047e0ff2c2-rainfall-t-900-mm-qualified,Lilley Manor,51.936905,-0.385764,1991-01-01,2026-09-17T11:48:02Z
04a1694b-bf2a-4607-a19c-ca386421f336,04a1694b-bf2a-4607-a19c-ca386421f336-rainfall-t-900-mm-qualified,Bassingbourn,52.089450,-0.057088,1999-01-07,2026-09-17T11:48:02Z
04c4a99a-48e8-4076-b095-f612cda57fe0,04c4a99a-48e8-4076-b095-f612cda57fe0-rainfall-t-900-mm-qualified,Flitwick,52.017044,-0.488622,1999-03-31,2026-09-17T11:48:02Z
05161480-ee3c-4d7b-90ef-505d447451b7,05161480-ee3c-4d7b-90ef-505d447451b7-rainfall-t-900-mm-qualified,Carsington Dam,53.047252,-1.641056,1986-09-11,2026-09-17T11:48:02Z
051f1b2a-6aca-4402-8956-5474ad39b12a,051f1b2a-6aca-4402-8956-5474ad39b12a-rainfall-t-900-mm-qualified,Tunstall,54.761793,-1.902523,1982-01-01,2026-09-17T11:48:02Z
057db6e6-a895-4795-b9f6-4d0dcfc9bc3a,057db6e6-a895-4795-b9f6-4d0dcfc9bc3a-rainfall-t-900-mm-qualified,Allenheads Allen Lodge,54.805133,-2.221538,1991-10-08,2026-09-17T11:48:02Z
058832c1-73f3-48a1-8ec1-190535d37dd0,058832c1-73f3-48a1-8ec1-190535d37dd0-rainfall-t-900-mm-qualified,Waltham On The Wolds,52.812895,-0.803081,2001-07-01,2026-09-17T11:48:02Z
05a74880-57a3-4868-bb3d-9a13aaf5e05c,05a74880-57a3-4868-bb3d-9a13aaf5e05c-rainfall-t-900-mm-qualified,Wixoe,52.059131,0.491826,2008-11-30,2026-09-17T11:48:02Z
05ac6ccc-673a-487a-bd42-1f174b7ca141,05ac6ccc-673a-487a-bd42-1f174b7ca141-rainfall-t-900-mm-qualified,Ivelet Grainsholme Farm,54.380171,-2.106513,2004-08-31,2026-09-17T11:48:02Z
05d55cc4-d0da-4293-bd9f-07025fdcd689,05d55cc4-d0da-4293-bd9f-07025fdcd689-rainfall-t-900-mm-qualified,Eden Vale,51.141660,-0.011287,1999-09-13,2026-09-17T11:48:02Z
05d8e49c-dc4f-42f9-a425-229809ec7802,05d8e49c-dc4f-42f9-a425-229809ec7802-rainfall-t-900-mm-qualified,Chirdon,55.142591,-2.375579,2002-02-28,2026-09-17T11:48:02Z
0604776f-e579-4b63-840e-26a74c188843,0604776f-e579-4b63-840e-26a74c188843-rainfall-t-900-mm-qualified,Cornhow,54.588134,-3.316969,1994-06-26,2026-09-17T11:48:02Z
0633c7dd-7509-4333-9029-1b4799265ac1,0633c7dd-7509-4333-9029-1b4799265ac1-rainfall-t-900-mm-qualified,Pease Pottage,51.084122,-0.214036,2003-01-14,2026-09-17T11:48:02Z
0675835c-6fa3-4d02-a072-c2011fd34c35,0675835c-6fa3-4d02-a072-c2011fd34c35-rainfall-t-900-mm-qualified,Great Cornard,52.013321,0.745768,2012-12-02,2026-09-17T11:48:02Z
06dddd26-e12e-4e5b-a5e4-b45f35ad7cce,06dddd26-e12e-4e5b-a5e4-b45f35ad7cce-rainfall-t-900-mm-qualified,York Acomb Landing,53.966687,-1.114966,1987-07-21,2026-09-17T11:48:02Z
07b8c8fb-1a56-4577-93c5-ca370e54b089,07b8c8fb-1a56-4577-93c5-ca370e54b089-rainfall-t-900-mm-qualified,Brede,50.931191,0.580158,2002-06-19,2026-09-17T11:48:02Z
07bc9f60-5541-43c7-965b-042b8150cf12,07bc9f60-5541-43c7-965b-042b8150cf12-rainfall-t-900-mm-qualified,Darwen Sunnyhurst,53.694579,-2.487490,1994-01-13,2026-09-17T11:48:02Z
07c117b8-40d9-43b1-a13d-e75b7596ef4d,07c117b8-40d9-43b1-a13d-e75b7596ef4d-rainfall-t-900-mm-qualified,Tillingham,51.702295,0.875092,2000-07-02,2026-09-17T11:48:02Z
07fef0a9-1e76-414e-943b-4aa7092ff848,07fef0a9-1e76-414e-943b-4aa7092ff848-rainfall-t-900-mm-qualified,Ditchling Road,50.853400,-0.133399,1991-01-01,2026-09-17T11:48:02Z
0869dd87-2f6f-43da-b9c6-2907c104a2de,0869dd87-2f6f-43da-b9c6-2907c104a2de-rainfall-t-900-mm-qualified,Nazeing,51.728621,0.040321,1997-11-01,2026-09-17T11:48:02Z
08898f0e-0489-48d6-b8de-7527876e6995,08898f0e-0489-48d6-b8de-7527876e6995-rainfall-t-900-mm-qualified,Calebreck Hall,54.713610,-3.017079,1993-01-15,2026-09-17T11:48:02Z
0890fd81-f0b4-4c45-85af-2350f2373af7,0890fd81-f0b4-4c45-85af-2350f2373af7-rainfall-t-900-mm-qualified,High Marnham,53.230949,-0.806736,2001-01-17,2026-09-17T11:48:02Z
089aad63-ce8f-4294-9216-5f4672ce5da0,089aad63-ce8f-4294-9216-5f4672ce5da0-rainfall-t-900-mm-qualified,Edenbridge,51.202661,0.077674,1999-09-08,2026-09-17T11:48:02Z
08aea288-307b-42d4-8b40-baf79a461930,08aea288-307b-42d4-8b40-baf79a461930-rainfall-t-900-mm-qualified,Colwick,52.948297,-1.088678,1985-11-05,2026-09-17T11:48:02Z
0906f1f6-284c-4b8e-9bae-c7f5c8da5fd4,0906f1f6-284c-4b8e-9bae-c7f5c8da5fd4-rainfall-t-900-mm-qualified,Trewoon,50.338798,-4.837139,2012-02-15,2026-09-17T11:48:02Z
09a1258e-cf73-4003-9bcc-7adb73553ec4,09a1258e-cf73-4003-9bcc-7adb73553ec4-rainfall-t-900-mm-qualified,Sweetloves,53.609310,-2.440484,1998-04-28,2026-09-17T11:48:02Z
09eaa7f2-992c-47a7-99cb-65ef7ba9964a,09eaa7f2-992c-47a7-99cb-65ef7ba9964a-rainfall-t-900-mm-qualified,Harley,53.480535,-1.440996,1997-07-10,2026-09-17T11:48:02Z
09ecd73f-a856-4acc-bf7d-9fd81a65b083,09ecd73f-a856-4acc-bf7d-9fd81a65b083-rainfall-t-900-mm-qualified,Denton,50.787543,0.059867,1999-07-12,2026-09-17T11:48:02Z
0a37c7cf-0c60-4024-a5ef-b9c6c7c14600,0a37c7cf-0c60-4024-a5ef-b9c6c7c14600-rainfall-t-900-mm-qualified,Reading University,51.441329,-0.937874,2013-03-19,2026-09-17T11:48:02Z
0a8b3311-f905-40e3-9516-823b7eb8a946_603111,0a8b3311-f905-40e3-9516-823b7eb8a946_603111-rainfall-t-900-mm-qualified,Coalburn Whitehill,55.092945,-2.482146,1992-08-11,2026-09-17T11:48:02Z
0a9d9cb4-8e61-4d90-8a75-f6063d575eba,0a9d9cb4-8e61-4d90-8a75-f6063d575eba-rainfall-t-900-mm-qualified,Runley Wood,51.884062,-0.454785,1989-01-01,2026-09-17T11:48:02Z
0b2d7e86-8de9-4f00-9b44-ca496a026750,0b2d7e86-8de9-4f00-9b44-ca496a026750-rainfall-t-900-mm-qualified,Shalbourne,51.388128,-1.530183,2004-12-01,2026-09-17T11:48:02Z
0b4a9285-840c-448b-9ff5-98056c104a79,0b4a9285-840c-448b-9ff5-98056c104a79-rainfall-t-900-mm-qualified,Dart Raffe Farm,50.925132,-3.713486,1998-08-31,2026-09-17T11:48:02Z
0b4eede5-6217-41c8-be45-14900b018d3b,0b4eede5-6217-41c8-be45-14900b018d3b-rainfall-t-900-mm-qualified,Woodhead,53.489919,-1.884310,1990-10-31,2026-09-17T11:48:02Z
0bd852ee-96e3-486a-9b2a-1449e60b2e57,0bd852ee-96e3-486a-9b2a-1449e60b2e57-rainfall-t-900-mm-qualified,Eastchurch,51.388846,0.842007,2003-04-30,2026-09-17T11:48:02Z
0c06307b-7241-4aa1-a8c4-879a4408886c,0c06307b-7241-4aa1-a8c4-879a4408886c-rainfall-t-900-mm-qualified,Ringinglow,53.352868,-1.544510,2010-02-10,2026-09-17T11:48:02Z
0c507fef-f677-4334-bef0-c0dae29f5dce,0c507fef-f677-4334-bef0-c0dae29f5dce-rainfall-t-900-mm-qualified,Kirkhamgate,53.705768,-1.558070,2022-10-25,2026-09-17T11:48:02Z
0cd6b88e-5414-44ed-8849-e06a31102e00,0cd6b88e-5414-44ed-8849-e06a31102e00-rainfall-t-900-mm-qualified,South Tidworth,51.220676,-1.670524,2000-08-02,2026-09-17T11:48:02Z
0d315e9c-5acc-4cc6-a417-8d748084a8e4,0d315e9c-5acc-4cc6-a417-8d748084a8e4-rainfall-t-900-mm-qualified,Putney Heath,51.449456,-0.224413,1989-01-01,2026-09-17T11:48:02Z
0d318972-896b-40ab-a33e-da4af8a5b7c1,0d318972-896b-40ab-a33e-da4af8a5b7c1-rainfall-t-900-mm-qualified,Burnhope,54.748115,-2.234742,1990-03-22,2026-09-17T11:48:02Z
0d331a9b-0b28-4cef-94c4-5e53e8f513b8,0d331a9b-0b28-4cef-94c4-5e53e8f513b8-rainfall-t-900-mm-qualified,Lichfield,52.687957,-1.797273,2000-03-16,2026-09-17T11:48:02Z
0daad8e5-cfea-4029-b2b8-4331aefab118,0daad8e5-cfea-4029-b2b8-4331aefab118-rainfall-t-900-mm-qualified,Holme Lacy,52.016658,-2.653744,2005-04-29,2026-09-17T11:48:02Z
0db15228-ff3a-4206-b72f-9da53afb651c,0db15228-ff3a-4206-b72f-9da53afb651c-rainfall-t-900-mm-qualified,Earls Colne,51.931701,0.711554,2012-08-15,2026-09-17T11:48:02Z
0e46172e-b8b8-478c-94cf-33a4fdf1956f,0e46172e-b8b8-478c-94cf-33a4fdf1956f-rainfall-t-900-mm-qualified,Stokenchurch,51.668124,-0.922776,2001-01-01,2026-09-17T11:48:02Z
0e4b1dd1-afe9-47ed-ab6d-3e01c074a11a,0e4b1dd1-afe9-47ed-ab6d-3e01c074a11a-rainfall-t-900-mm-qualified,Brigstock,52.452117,-0.605981,2004-02-05,2026-09-17T11:48:02Z
0e887352-6b58-4884-a07e-51ac32e85428,0e887352-6b58-4884-a07e-51ac32e85428-rainfall-t-900-mm-qualified,Denby Pottery,53.022186,-1.417343,2005-02-28,2026-09-17T11:48:02Z
0eb77beb-d98e-48f1-9e2d-e494be9b5354,0eb77beb-d98e-48f1-9e2d-e494be9b5354-rainfall-t-900-mm-qualified,Truro,50.249378,-5.040363,2012-03-27,2026-09-17T11:48:02Z
0eb95ca0-c75c-47f1-bca8-d1b9a3cb1ffe,0eb95ca0-c75c-47f1-bca8-d1b9a3cb1ffe-rainfall-t-900-mm-qualified,Worsley,53.521146,-2.424863,2012-04-11,2026-09-17T11:48:02Z
0eba4d80-4108-49bc-9285-074e9776e57d,0eba4d80-4108-49bc-9285-074e9776e57d-rainfall-t-900-mm-qualified,Grimsbury,52.072649,-1.333776,1989-05-31,2026-09-17T11:48:02Z
0fe265dd-c27d-4261-8889-11ae33e8279c_305737,0fe265dd-c27d-4261-8889-11ae33e8279c_305737-rainfall-t-900-mm-qualified,Willop,51.039796,1.020491,2001-03-14,2026-09-17T11:48:02Z
0ff20a05-799e-4bac-aaea-9dc69aef188c,0ff20a05-799e-4bac-aaea-9dc69aef188c-rainfall-t-900-mm-qualified,Kiln Wood,51.237606,0.282438,2006-01-19,2026-09-17T11:48:02Z
1049eaf5-a6dc-4928-926f-9361cda527b6,1049eaf5-a6dc-4928-926f-9361cda527b6-rainfall-t-900-mm-qualified,Grove Farm,51.277430,-2.607940,2010-12-31,2026-09-17T11:48:02Z
104ee43f-431f-40cf-8a70-508ef079a71b,104ee43f-431f-40cf-8a70-508ef079a71b-rainfall-t-900-mm-qualified,Herne Bay,51.362276,1.172589,1991-01-01,2026-09-17T11:48:02Z
1059a35a-374e-4473-892d-e7aa0cc03602,1059a35a-374e-4473-892d-e7aa0cc03602-rainfall-t-900-mm-qualified,Langstone Moor,50.586713,-4.052086,2001-10-06,2026-09-17T11:48:02Z
11070879-1ccb-4a52-bb60-5cf74a549431,11070879-1ccb-4a52-bb60-5cf74a549431-rainfall-t-900-mm-qualified,Cleeve,51.532165,-1.135132,1986-09-30,2026-09-17T11:48:02Z
111d5426-2362-421c-b300-d1e8f826ce54,111d5426-2362-421c-b300-d1e8f826ce54-rainfall-t-900-mm-qualified,Clay Mills,52.830146,-1.607819,1982-09-23,2026-09-17T11:48:02Z
112ac843-c62b-4e90-ad7b-8f675998b575,112ac843-c62b-4e90-ad7b-8f675998b575-rainfall-t-900-mm-qualified,Hockers Lane,51.285315,0.563964,1992-09-01,2026-09-17T11:48:02Z
112af4fb-859e-49b4-bbc7-c43d8552accc,112af4fb-859e-49b4-bbc7-c43d8552accc-rainfall-t-900-mm-qualified,Sandhurst,51.031725,0.580248,1991-06-02,2026-09-17T11:48:02Z
1149fc5d-9a0b-48f5-9f18-f955cd59ef0d,1149fc5d-9a0b-48f5-9f18-f955cd59ef0d-rainfall-t-900-mm-qualified,Badminton,51.546456,-2.267364,2011-03-09,2026-09-17T11:48:02Z
114bc24c-d68c-4ed5-bdda-a3604f33ff49,114bc24c-d68c-4ed5-bdda-a3604f33ff49-rainfall-t-900-mm-qualified,Wickenby,53.316687,-0.345586,2002-01-20,2026-09-17T11:48:02Z
1183c964-5cb4-464c-8f7f-c11e9482000c,1183c964-5cb4-464c-8f7f-c11e9482000c-rainfall-t-900-mm-qualified,Sedbergh,54.314810,-2.538820,2007-06-05,2026-09-17T11:48:02Z
11a89f6e-a1ea-4386-92b7-db3e1f32d0da,11a89f6e-a1ea-4386-92b7-db3e1f32d0da-rainfall-t-900-mm-qualified,Dawlish Warren,50.598233,-3.460623,2014-10-29,2026-09-17T11:48:02Z
11c77a77-1b92-4f7a-ac0f-5a654786b950,11c77a77-1b92-4f7a-ac0f-5a654786b950-rainfall-t-900-mm-qualified,Headcorn,51.169222,0.599863,1990-08-21,2026-09-17T11:48:02Z
11c9c194-53af-4439-8cfc-98dcc98d534a,11c9c194-53af-4439-8cfc-98dcc98d534a-rainfall-t-900-mm-qualified,Fleam Dyke,52.171894,0.250489,1995-03-31,2026-09-17T11:48:02Z
125b2167-6fe0-4e51-8976-50a733f3d690,125b2167-6fe0-4e51-8976-50a733f3d690-rainfall-t-900-mm-qualified,Havant,50.851621,-0.991397,1988-01-01,2026-09-17T11:48:02Z
127f4da7-2dab-4e69-b7cf-f1a6de03837a,127f4da7-2dab-4e69-b7cf-f1a6de03837a-rainfall-t-900-mm-qualified,Lower Dunsforth,54.072851,-1.336780,1985-06-02,2026-09-17T11:48:02Z
129df60a-82e8-4f4b-a59d-94dd9dcb384c,129df60a-82e8-4f4b-a59d-94dd9dcb384c-rainfall-t-900-mm-qualified,Fleetwood,53.906150,-3.020828,1997-01-28,2026-09-17T11:48:02Z
12a57a77-9663-408b-a91d-4bf7d0de5e9b,12a57a77-9663-408b-a91d-4bf7d0de5e9b-rainfall-t-900-mm-qualified,Tetford,53.248265,0.004187,2011-04-26,2026-09-17T11:48:02Z
12dc406e-0ce6-438c-9314-13254ec23f78,12dc406e-0ce6-438c-9314-13254ec23f78-rainfall-t-900-mm-qualified,Cholmondeley,53.055902,-2.669804,1989-11-01,2026-09-17T11:48:02Z
12ede3c0-861a-45f9-88a8-6170ff13a6ae_591419,12ede3c0-861a-45f9-88a8-6170ff13a6ae_591419-rainfall-t-900-mm-qualified,Calder Hall,54.426600,-3.488681,1998-05-06,2026-09-17T11:48:02Z
130d2abc-a870-4c7b-966a-66809956b8e6,130d2abc-a870-4c7b-966a-66809956b8e6-rainfall-t-900-mm-qualified,Mickleden  Middle Fell Farm,54.444870,-3.103579,2005-02-02,2026-09-17T11:48:02Z
13398e87-4b24-4579-a952-3721131d2e67,13398e87-4b24-4579-a952-3721131d2e67-rainfall-t-900-mm-qualified,Lee Moor,50.440724,-4.010202,2003-12-21,2026-09-17T11:48:02Z
1351ab47-bfc9-4f75-b75e-6a827e9cf00d,1351ab47-bfc9-4f75-b75e-6a827e9cf00d-rainfall-t-900-mm-qualified,Brotherswater,54.500257,-2.929762,1996-10-31,2026-09-17T11:48:02Z
13800a12-9d22-4641-b983-dc5817a00869,13800a12-9d22-4641-b983-dc5817a00869-rainfall-t-900-mm-qualified,Suckley,52.178844,-2.412358,2003-01-31,2026-09-17T11:48:02Z
141bb0ca-277a-43d8-b318-3916d130f06b,141bb0ca-277a-43d8-b318-3916d130f06b-rainfall-t-900-mm-qualified,Great Culvert,53.804265,-0.309047,1999-03-24,2026-09-17T11:48:02Z
141e8eb2-f567-4faf-9ba5-ba839a38b8ed,141e8eb2-f567-4faf-9ba5-ba839a38b8ed-rainfall-t-900-mm-qualified,Poringland,52.558441,1.367026,2007-04-17,2026-09-17T11:48:02Z
14306ece-d3e1-4c96-8532-076cfaf302ec,14306ece-d3e1-4c96-8532-076cfaf302ec-rainfall-t-900-mm-qualified,Farnham,51.225862,-0.775800,1991-06-05,2026-09-17T11:48:02Z
14aadf3c-3d4d-44b3-b26b-cf705827d00e_377323,14aadf3c-3d4d-44b3-b26b-cf705827d00e_377323-rainfall-t-900-mm-qualified,Luxulyan,50.390900,-4.752914,1998-05-31,2026-09-17T11:48:02Z
14ad0c4f-65cc-4dd9-afd3-44f13ceaea7f_294452,14ad0c4f-65cc-4dd9-afd3-44f13ceaea7f_294452-rainfall-t-900-mm-qualified,Leigh,51.195165,0.234509,1992-08-24,2026-09-17T11:48:02Z
14aecaee-efda-4bf6-9433-f2dd67432717_585160,14aecaee-efda-4bf6-9433-f2dd67432717_585160-rainfall-t-900-mm-qualified,Kentmere Hallow Bank No2,54.439054,-2.825796,2019-05-25,2026-09-17T11:48:02Z
14cc54d5-b870-47a3-9cdb-dae46ed1fe2d,14cc54d5-b870-47a3-9cdb-dae46ed1fe2d-rainfall-t-900-mm-qualified,Wincanton,51.044954,-2.411219,1995-04-21,2026-09-17T11:48:02Z
15202aee-c5fd-404d-9de9-7357174ad10c,15202aee-c5fd-404d-9de9-7357174ad10c-rainfall-t-900-mm-qualified,ESH Winning,54.774977,-1.689302,2021-11-26,2026-09-17T11:48:02Z
155ceefb-3ab6-436d-90da-6187f554f20b,155ceefb-3ab6-436d-90da-6187f554f20b-rainfall-t-900-mm-qualified,Thorpe Lakes,51.401095,-0.523920,2024-04-11,2026-09-17T11:48:02Z
15bdbfdf-ef3c-4998-a23d-f6751da93caa,15bdbfdf-ef3c-4998-a23d-f6751da93caa-rainfall-t-900-mm-qualified,Buxted,50.992780,0.129336,2003-10-21,2026-09-17T11:48:02Z
15cbbf1a-f7ee-4dba-8949-b71e2e611ec9,15cbbf1a-f7ee-4dba-8949-b71e2e611ec9-rainfall-t-900-mm-qualified,Weedon Booster,52.240530,-1.091234,2002-02-18,2026-09-17T11:48:02Z
1619e160-ab92-4918-a813-e4a6bb84ce45,1619e160-ab92-4918-a813-e4a6bb84ce45-rainfall-t-900-mm-qualified,Oxen Park,54.277769,-3.049669,1993-03-04,2026-09-17T11:48:02Z
17229955-c5f7-433e-a49b-48a1165d7ac5,17229955-c5f7-433e-a49b-48a1165d7ac5-rainfall-t-900-mm-qualified,Long Mynd,52.518195,-2.882460,2007-12-13,2026-09-17T11:48:02Z
176738e0-c8cf-488a-8a51-c12c64daab18,176738e0-c8cf-488a-8a51-c12c64daab18-rainfall-t-900-mm-qualified,Compton Abbas Airfield,50.967706,-2.159283,2007-02-07,2026-09-17T11:48:02Z
176f6224-595b-4f45-8943-8120b50ae921,176f6224-595b-4f45-8943-8120b50ae921-rainfall-t-900-mm-qualified,Hardenhuish,51.474653,-2.126950,1992-01-01,2026-09-17T11:48:02Z
17b18ea7-be13-4b9a-9cc3-ec23260a70a4,17b18ea7-be13-4b9a-9cc3-ec23260a70a4-rainfall-t-900-mm-qualified,Bastreet,50.562000,-4.481049,1998-05-31,2026-09-17T11:48:02Z
17ebc87b-9980-472a-92bd-715a1b50f053,17ebc87b-9980-472a-92bd-715a1b50f053-rainfall-t-900-mm-qualified,Rosewarne,50.223559,-5.305643,2001-11-14,2026-09-17T11:48:02Z
17f1b1e8-a684-4b50-8aa7-31b2088ce007,17f1b1e8-a684-4b50-8aa7-31b2088ce007-rainfall-t-900-mm-qualified,Wing,52.614646,-0.674824,2003-03-16,2026-09-17T11:48:02Z
17f90547-f5f9-467b-b7fa-fa4d99b260e7,17f90547-f5f9-467b-b7fa-fa4d99b260e7-rainfall-t-900-mm-qualified,Scalebeck,54.523824,-2.505355,1994-06-26,2026-09-17T11:48:02Z
1892e166-c374-4a81-8d4b-e83571d9ab1a,1892e166-c374-4a81-8d4b-e83571d9ab1a-rainfall-t-900-mm-qualified,Kielder Ridge End,55.255710,-2.539746,1992-02-24,2026-09-17T11:48:02Z
18a394f3-f001-463a-947a-d116ee2daa96,18a394f3-f001-463a-947a-d116ee2daa96-rainfall-t-900-mm-qualified,Moreton,51.738259,0.222835,1990-05-01,2026-09-17T11:48:02Z
18a91b77-9459-43ed-b9ba-4ee935a9a2d3,18a91b77-9459-43ed-b9ba-4ee935a9a2d3-rainfall-t-900-mm-qualified,Latchingdon,51.682141,0.715623,2000-09-12,2026-09-17T11:48:02Z
18c67653-3fe9-4953-95f9-004ce6f57280,18c67653-3fe9-4953-95f9-004ce6f57280-rainfall-t-900-mm-qualified,Prees,52.911245,-2.637279,1987-12-31,2026-09-17T11:48:02Z
190bb6dd-c9e5-41e5-b6ba-56ff807c5ed9,190bb6dd-c9e5-41e5-b6ba-56ff807c5ed9-rainfall-t-900-mm-qualified,Ferriby Sluice,53.676319,-0.524345,2010-08-02,2026-09-17T11:48:02Z
19cfed5f-d25a-42c3-8e75-8defe5793f35,19cfed5f-d25a-42c3-8e75-8defe5793f35-rainfall-t-900-mm-qualified,Seathwaite Tarn,54.375397,-3.157214,1993-07-01,2026-09-17T11:48:02Z
19f33dd4-d9c3-42d0-8beb-e9db7f145b72,19f33dd4-d9c3-42d0-8beb-e9db7f145b72-rainfall-t-900-mm-qualified,Turnerford,54.089847,-2.426329,1992-02-07,2026-09-17T11:48:02Z
1aa8057c-7be4-4c7c-8a7d-0616effaea2b_LANGRR,1aa8057c-7be4-4c7c-8a7d-0616effaea2b_LANGRR-rainfall-t-900-mm-qualified,Langham,51.971740,0.940326,2007-10-24,2026-09-17T11:48:02Z
1aaab606-a4fd-4ea5-a4f3-f2a3d71726fe,1aaab606-a4fd-4ea5-a4f3-f2a3d71726fe-rainfall-t-900-mm-qualified,Loggerheads,52.904624,-2.377590,2000-04-20,2026-09-17T11:48:02Z
1ab54b87-7e30-496a-a8d8-ac26df675df9,1ab54b87-7e30-496a-a8d8-ac26df675df9-rainfall-t-900-mm-qualified,Robin Hoods Bay,54.434897,-0.550035,2009-04-23,2026-09-17T11:48:02Z
1ad8ff76-625d-4ff1-82bd-9efcc5d41b2f_264254TP,1ad8ff76-625d-4ff1-82bd-9efcc5d41b2f_264254TP-rainfall-t-900-mm-qualified,Benson,51.616604,-1.115734,1990-10-31,2026-09-17T11:48:02Z
1b07dcb9-bb52-459e-b2da-d0d302acbcfb,1b07dcb9-bb52-459e-b2da-d0d302acbcfb-rainfall-t-900-mm-qualified,Stodday,54.022019,-2.823493,2002-06-05,2026-09-17T11:48:02Z
1b37e9d0-3bcb-4faf-8112-2fb1a67d3963,1b37e9d0-3bcb-4faf-8112-2fb1a67d3963-rainfall-t-900-mm-qualified,Widford,51.828232,0.054630,1989-05-18,2026-09-17T11:48:02Z
1baee275-a6e3-4bcc-9788-33c88df3773e,1baee275-a6e3-4bcc-9788-33c88df3773e-rainfall-t-900-mm-qualified,Westerdale,54.438113,-0.977775,1997-08-07,2026-09-17T11:48:02Z
1bc17e8e-1962-43d1-8618-278efe8838d1,1bc17e8e-1962-43d1-8618-278efe8838d1-rainfall-t-900-mm-qualified,Cowes,50.754263,-1.305284,1988-03-23,2026-09-17T11:48:02Z
1c06d633-a311-43f8-871e-73d63b86958c,1c06d633-a311-43f8-871e-73d63b86958c-rainfall-t-900-mm-qualified,Fawkham,51.394815,0.295000,2002-07-24,2026-09-17T11:48:02Z
1c1b8275-5faf-4052-9805-58166bff52e4,1c1b8275-5faf-4052-9805-58166bff52e4-rainfall-t-900-mm-qualified,Ashbourne,53.026080,-1.724128,2014-06-12,2026-09-17T11:48:02Z
1d74cf8f-4e30-472f-a276-a5ba9fd0d3a4,1d74cf8f-4e30-472f-a276-a5ba9fd0d3a4-rainfall-t-900-mm-qualified,Walsall Wood,52.634988,-1.945278,1977-01-31,2026-09-17T11:48:02Z
1dabd12c-1d2e-4765-ae38-a4d5a121928d,1dabd12c-1d2e-4765-ae38-a4d5a121928d-rainfall-t-900-mm-qualified,Evenwood Gate,54.610671,-1.741089,1997-04-16,2026-09-17T11:48:02Z
1de96d33-1f61-461f-ba25-b00e4b1d2ad5,1de96d33-1f61-461f-ba25-b00e4b1d2ad5-rainfall-t-900-mm-qualified,Whissendine,52.722880,-0.765568,1985-12-19,2026-09-17T11:48:02Z
1efd871c-0625-4d1c-aaf2-660481d564cb,1efd871c-0625-4d1c-aaf2-660481d564cb-rainfall-t-900-mm-qualified,Heckmondwike,53.698339,-1.667865,1985-06-07,2026-09-17T11:48:02Z
1f4f332d-5eb9-4c61-be92-300435f57c84,1f4f332d-5eb9-4c61-be92-300435f57c84-rainfall-t-900-mm-qualified,Hullbridge,51.615623,0.593680,2000-07-04,2026-09-17T11:48:02Z
1f4f4ae6-ef87-4838-aa96-a13e9fe60b86,1f4f4ae6-ef87-4838-aa96-a13e9fe60b86-rainfall-t-900-mm-qualified,Throwley,51.267310,0.858169,1991-01-17,2026-09-17T11:48:02Z
1f9ac254-c45b-4a9a-9b59-4d1b8365f7aa,1f9ac254-c45b-4a9a-9b59-4d1b8365f7aa-rainfall-t-900-mm-qualified,Geltsdale,54.876296,-2.663110,1993-10-29,2026-09-17T11:48:02Z
1fa202fe-8d91-44f5-89d7-dc1c493c3442,1fa202fe-8d91-44f5-89d7-dc1c493c3442-rainfall-t-900-mm-qualified,Skipsea No 2,53.983628,-0.227760,2009-01-10,2026-09-17T11:48:02Z
1feaa8eb-3317-4db1-90fc-d3c17ce012e4_551440,1feaa8eb-3317-4db1-90fc-d3c17ce012e4_551440-rainfall-t-900-mm-qualified,Folly Gates,53.277017,-2.854975,1998-06-08,2026-09-17T11:48:02Z
20009a47-099f-43a3-9849-51dad7c11afe,20009a47-099f-43a3-9849-51dad7c11afe-rainfall-t-900-mm-qualified,Spellbrook,51.838429,0.161455,2018-11-08,2026-09-17T11:48:02Z
202bf87b-a369-4936-98d0-0830f34d93d3,202bf87b-a369-4936-98d0-0830f34d93d3-rainfall-t-900-mm-qualified,Paulton,51.315916,-2.495252,1991-10-01,2026-09-17T11:48:02Z
20a47985-9fff-414a-b3de-1785356b35fa,20a47985-9fff-414a-b3de-1785356b35fa-rainfall-t-900-mm-qualified,Everleigh,51.276789,-1.713147,2023-04-18,2026-09-17T11:48:02Z
20c4b68f-e376-4329-8d07-7f9580220c4a,20c4b68f-e376-4329-8d07-7f9580220c4a-rainfall-t-900-mm-qualified,Angmering,50.855340,-0.485237,1994-02-14,2026-09-17T11:48:02Z
213d70b2-894b-406b-9dc3-31d3ccec7f54_605936,213d70b2-894b-406b-9dc3-31d3ccec7f54_605936-rainfall-t-900-mm-qualified,Skelton,54.716510,-2.877175,1990-01-01,2026-09-17T11:48:02Z
21992d7f-ca19-47a9-a41b-3b67ff8e7b67,21992d7f-ca19-47a9-a41b-3b67ff8e7b67-rainfall-t-900-mm-qualified,Bratton Fleming Haxton,51.116609,-3.941400,2021-08-06,2026-09-17T11:48:02Z
21a6664c-9625-46be-bc33-176bb5419e64,21a6664c-9625-46be-bc33-176bb5419e64-rainfall-t-900-mm-qualified,St Blazey,50.356885,-4.730993,2016-04-11,2026-09-17T11:48:02Z
23315ae3-114b-46e0-b954-6297453e14e0,23315ae3-114b-46e0-b954-6297453e14e0-rainfall-t-900-mm-qualified,Wastwater Hotel,54.467324,-3.256026,1995-03-31,2026-09-17T11:48:02Z
23316cc6-5797-4b8e-b065-0e161b67e398_155593,23316cc6-5797-4b8e-b065-0e161b67e398_155593-rainfall-t-900-mm-qualified,Ropsley,52.890890,-0.513314,1984-11-20,2026-09-17T11:48:02Z
23336c41-5fe7-46c7-a29d-4bc18c5bc7c8,23336c41-5fe7-46c7-a29d-4bc18c5bc7c8-rainfall-t-900-mm-qualified,Shipston,52.067244,-1.610681,1979-07-25,2026-09-17T11:48:02Z
2356d041-4467-4e13-81dd-07b955921f86,2356d041-4467-4e13-81dd-07b955921f86-rainfall-t-900-mm-qualified,Willingale,51.739953,0.301122,2000-07-02,2026-09-17T11:48:02Z
238ee2c1-780d-41cc-8f93-86b57873e1aa,238ee2c1-780d-41cc-8f93-86b57873e1aa-rainfall-t-900-mm-qualified,Marsh Lane,51.514720,-0.684083,2018-06-13,2026-09-17T11:48:02Z
23aaf2a7-2b8c-4a2c-9b83-c7d0515f237e,23aaf2a7-2b8c-4a2c-9b83-c7d0515f237e-rainfall-t-900-mm-qualified,Thursby,54.843207,-3.063644,1992-11-17,2026-09-17T11:48:02Z
23e61815-8dbd-4cf3-bcfd-b7f6cf555f08,23e61815-8dbd-4cf3-bcfd-b7f6cf555f08-rainfall-t-900-mm-qualified,Hethersett,52.602001,1.169273,1991-09-30,2026-09-17T11:48:02Z
242bc8a8-7b07-4ea8-bb41-df5c4c41b163,242bc8a8-7b07-4ea8-bb41-df5c4c41b163-rainfall-t-900-mm-qualified,Pains Hill,51.243640,0.020819,1999-09-13,2026-09-17T11:48:02Z
244025a2-dc9f-4360-a25c-fed437fa1916_369504,244025a2-dc9f-4360-a25c-fed437fa1916_369504-rainfall-t-900-mm-qualified,Mary Tavy,50.586580,-4.107361,1998-05-31,2026-09-17T11:48:02Z
24601f4b-c114-41a3-9d46-ae6b491bf75f,24601f4b-c114-41a3-9d46-ae6b491bf75f-rainfall-t-900-mm-qualified,Moreton,53.408504,-3.114642,1994-02-02,2026-09-17T11:48:02Z
248674d5-5c76-4ba2-90a1-142586a44a04,248674d5-5c76-4ba2-90a1-142586a44a04-rainfall-t-900-mm-qualified,Denton,53.458295,-2.135150,1998-04-30,2026-09-17T11:48:02Z
24ceb31a-d204-4583-9219-ec2f1672e06a,24ceb31a-d204-4583-9219-ec2f1672e06a-rainfall-t-900-mm-qualified,Lartington Filters,54.560279,-1.984465,1982-01-01,2026-09-17T11:48:02Z
24e49f5d-6013-478b-8389-174938b959a6,24e49f5d-6013-478b-8389-174938b959a6-rainfall-t-900-mm-qualified,Mow Cop,53.115029,-2.222724,1994-04-25,2026-09-17T11:48:02Z
2597929c-7aa4-499e-8706-a9be3fc1056b,2597929c-7aa4-499e-8706-a9be3fc1056b-rainfall-t-900-mm-qualified,Markyate,51.828083,-0.446210,1998-01-01,2026-09-17T11:48:02Z
25e4ad4c-6d6d-4f33-830d-6d8937d80d79,25e4ad4c-6d6d-4f33-830d-6d8937d80d79-rainfall-t-900-mm-qualified,Bridlington Mill Lane,54.099998,-0.208318,2007-03-21,2026-09-17T11:48:02Z
2619c6f8-3e93-4ec9-a4a1-96bb53b4cdbb,2619c6f8-3e93-4ec9-a4a1-96bb53b4cdbb-rainfall-t-900-mm-qualified,Gunnislake,50.516695,-4.210187,2005-12-19,2026-09-17T11:48:02Z
26587fbd-58e7-4fab-92db-68a2e9e47197,26587fbd-58e7-4fab-92db-68a2e9e47197-rainfall-t-900-mm-qualified,Hindlip,52.221779,-2.175903,2000-04-18,2026-09-17T11:48:02Z
26610421-7244-4516-939f-e8ce64217c9e,26610421-7244-4516-939f-e8ce64217c9e-rainfall-t-900-mm-qualified,Bickley,52.338795,-2.542565,2000-04-11,2026-09-17T11:48:02Z
2670ef9d-cb11-4131-966b-9361a780e977_431325,2670ef9d-cb11-4131-966b-9361a780e977_431325-rainfall-t-900-mm-qualified,Ercall,52.806464,-2.498231,1985-02-13,2026-09-17T11:48:02Z
26c4378b-403b-4f22-b66a-bcdea2918cf7,26c4378b-403b-4f22-b66a-bcdea2918cf7-rainfall-t-900-mm-qualified,Tittesworth,53.122221,-2.010860,2004-05-23,2026-09-17T11:48:02Z
26cd5df2-d1c3-438a-bcc2-4a2126f5b9d2,26cd5df2-d1c3-438a-bcc2-4a2126f5b9d2-rainfall-t-900-mm-qualified,St Ives Towednack,50.191472,-5.514029,2008-12-08,2026-09-17T11:48:02Z
2752409e-2ea3-4318-bfa3-2e0707b75374,2752409e-2ea3-4318-bfa3-2e0707b75374-rainfall-t-900-mm-qualified,Denge Beach,50.943073,0.944566,1998-01-08,2026-09-17T11:48:02Z
27ecc928-3642-47fc-86ee-708d2fbf2881,27ecc928-3642-47fc-86ee-708d2fbf2881-rainfall-t-900-mm-qualified,Dane End,51.870776,-0.065903,1989-11-01,2026-09-17T11:48:02Z
28356309-3506-492d-a113-d2e99ade9a2c,28356309-3506-492d-a113-d2e99ade9a2c-rainfall-t-900-mm-qualified,Doulting,51.173862,-2.507818,2010-03-24,2026-09-17T11:48:02Z
28939e82-337c-4a02-b9d2-fc1c62684b00,28939e82-337c-4a02-b9d2-fc1c62684b00-rainfall-t-900-mm-qualified,Wombwell,53.526994,-1.385490,1997-07-17,2026-09-17T11:48:02Z
28b56abb-65bd-480a-b03f-0cdaf5d86e61,28b56abb-65bd-480a-b03f-0cdaf5d86e61-rainfall-t-900-mm-qualified,Formby,53.532094,-3.064129,1990-11-25,2026-09-17T11:48:02Z
28dbc689-7dcb-4cf2-8786-a97f30e4a4dd_573342,28dbc689-7dcb-4cf2-8786-a97f30e4a4dd_573342-rainfall-t-900-mm-qualified,Stocks,53.988190,-2.433326,1994-01-22,2026-09-17T11:48:02Z
28fcd143-8895-4559-b6c0-bca19d8655ed,28fcd143-8895-4559-b6c0-bca19d8655ed-rainfall-t-900-mm-qualified,Cadney,53.534727,-0.498703,1987-01-01,2026-09-17T11:48:02Z
28fde7e4-8ec6-41cf-9918-345a7227598b,28fde7e4-8ec6-41cf-9918-345a7227598b-rainfall-t-900-mm-qualified,Burrough Green,52.169987,0.400981,2002-05-03,2026-09-17T11:48:02Z
29d21f53-08fe-4d96-9110-24ba980a67af,29d21f53-08fe-4d96-9110-24ba980a67af-rainfall-t-900-mm-qualified,Oldham,53.535139,-2.162432,2020-01-22,2026-09-17T11:48:02Z
2a287421-2da5-448f-9e5c-7b8a18e88f02,2a287421-2da5-448f-9e5c-7b8a18e88f02-rainfall-t-900-mm-qualified,Redmires,53.367066,-1.598355,1985-08-02,2026-09-17T11:48:02Z
2a80e028-1b16-4234-9fd9-48b6ed11633c,2a80e028-1b16-4234-9fd9-48b6ed11633c-rainfall-t-900-mm-qualified,South Witham,52.767085,-0.624253,1977-05-28,2026-09-17T11:48:02Z
2a8ae42c-5e2b-447d-b702-bd11f9874c14,2a8ae42c-5e2b-447d-b702-bd11f9874c14-rainfall-t-900-mm-qualified,Keswick,54.613849,-3.156724,2018-11-02,2026-09-17T11:48:02Z
2aa2877b-54ed-4a2e-a2a8-e0a817c1c0b2,2aa2877b-54ed-4a2e-a2a8-e0a817c1c0b2-rainfall-t-900-mm-qualified,Oundle,52.495391,-0.470123,1979-08-13,2026-09-17T11:48:02Z
2b23c378-60c8-4d9c-93d3-cb453b41555f,2b23c378-60c8-4d9c-93d3-cb453b41555f-rainfall-t-900-mm-qualified,Ruckinge,51.082230,0.871545,2002-08-19,2026-09-17T11:48:02Z
2b4bfec0-2bb8-4fbe-8a4b-5cca8952c8c9,2b4bfec0-2bb8-4fbe-8a4b-5cca8952c8c9-rainfall-t-900-mm-qualified,Wateringbury,51.250750,0.430925,1990-08-14,2026-09-17T11:48:02Z
2b6de726-2c21-45f4-ac92-8840fa3cf7a0,2b6de726-2c21-45f4-ac92-8840fa3cf7a0-rainfall-t-900-mm-qualified,Horsley Cross,51.905392,1.084401,2000-07-04,2026-09-17T11:48:02Z
2b849897-a5e1-40d8-8b2d-bdab93ba8cf6_026644,2b849897-a5e1-40d8-8b2d-bdab93ba8cf6_026644-rainfall-t-900-mm-qualified,Cow Green No 1,54.656360,-2.285952,1991-12-13,2026-09-17T11:48:02Z
2be998d6-483f-4f03-af6f-787882caff67,2be998d6-483f-4f03-af6f-787882caff67-rainfall-t-900-mm-qualified,Maldon,51.733901,0.734904,2000-05-25,2026-09-17T11:48:02Z
2bf72adf-85b8-4d00-ba38-dd6fbdc43459,2bf72adf-85b8-4d00-ba38-dd6fbdc43459-rainfall-t-900-mm-qualified,Bognor,50.781929,-0.694998,2009-07-02,2026-09-17T11:48:02Z
2c056812-32d1-4ab0-8640-60bca6bd165c,2c056812-32d1-4ab0-8640-60bca6bd165c-rainfall-t-900-mm-qualified,Eynsford,51.367711,0.204568,1989-05-15,2026-09-17T11:48:02Z
2c2eec99-edef-4b33-91bc-9be9d53d99a6,2c2eec99-edef-4b33-91bc-9be9d53d99a6-rainfall-t-900-mm-qualified,Tiptree,51.815653,0.765204,2000-07-04,2026-09-17T11:48:02Z
2c7c738a-a732-41aa-aa65-48a6d8cab0b4,2c7c738a-a732-41aa-aa65-48a6d8cab0b4-rainfall-t-900-mm-qualified,Levens  Bridge End,54.262912,-2.810956,1991-01-03,2026-09-17T11:48:02Z
2c82da88-6688-4bf2-bfb6-4597a6ee35ad,2c82da88-6688-4bf2-bfb6-4597a6ee35ad-rainfall-t-900-mm-qualified,Hornsey,51.591880,-0.116695,1989-01-01,2026-09-17T11:48:02Z
2ce752d1-912d-4ed0-a160-8abaec515efc,2ce752d1-912d-4ed0-a160-8abaec515efc-rainfall-t-900-mm-qualified,Brockenhurst,50.823946,-1.560355,1986-12-08,2026-09-17T11:48:02Z
2cea1aaa-a86f-4e17-975b-2f5b519d13d7,2cea1aaa-a86f-4e17-975b-2f5b519d13d7-rainfall-t-900-mm-qualified,Blackpitts,51.162045,-3.768920,1998-08-31,2026-09-17T11:48:02Z
2dc0c0d3-501e-4e69-8a48-d72837fbd195,2dc0c0d3-501e-4e69-8a48-d72837fbd195-rainfall-t-900-mm-qualified,Selworthy East Lynch,51.207193,-3.536986,2008-03-27,2026-09-17T11:48:02Z
2df719bf-0e40-4725-a3be-e674e76d669e,2df719bf-0e40-4725-a3be-e674e76d669e-rainfall-t-900-mm-qualified,West Stourmouth,51.321090,1.228485,2001-10-06,2026-09-17T11:48:02Z
2e68c090-ed7e-4146-8cf8-18ee56d2ba27,2e68c090-ed7e-4146-8cf8-18ee56d2ba27-rainfall-t-900-mm-qualified,Stowell Park,51.826567,-1.863217,2002-11-01,2026-09-17T11:48:02Z
2ed1a45a-faa9-40d7-92b9-962d608fc905,2ed1a45a-faa9-40d7-92b9-962d608fc905-rainfall-t-900-mm-qualified,Langar,52.897535,-0.910610,1989-06-30,2026-09-17T11:48:02Z
2eed6df0-bf20-473d-b361-bbe6ff0bd85b,2eed6df0-bf20-473d-b361-bbe6ff0bd85b-rainfall-t-900-mm-qualified,New Addington,51.349605,0.008704,2001-06-11,2026-09-17T11:48:02Z
2f5c1cfb-ad57-4909-9ac6-3423c45735e0,2f5c1cfb-ad57-4909-9ac6-3423c45735e0-rainfall-t-900-mm-qualified,Honister,54.510699,-3.198461,1994-06-27,2026-09-17T11:48:02Z
2fb955e7-e7c4-413a-a252-30a24335c1bb,2fb955e7-e7c4-413a-a252-30a24335c1bb-rainfall-t-900-mm-qualified,Grange Over Sands,54.169283,-2.934485,2002-05-23,2026-09-17T11:48:02Z
2fe9567a-7251-4ba4-b054-a67a3435b9bb,2fe9567a-7251-4ba4-b054-a67a3435b9bb-rainfall-t-900-mm-qualified,Damas Ghyll,54.009333,-2.722243,1993-12-03,2026-09-17T11:48:02Z
3007f50c-258d-41c6-bba5-f48e0a67626c,3007f50c-258d-41c6-bba5-f48e0a67626c-rainfall-t-900-mm-qualified,Waseley Hills,52.399455,-2.050801,2003-01-31,2026-09-17T11:48:02Z
30084d74-4cb8-4148-b775-28bd733fae67,30084d74-4cb8-4148-b775-28bd733fae67-rainfall-t-900-mm-qualified,Ely,52.402139,0.278347,1991-08-01,2026-09-17T11:48:02Z
301c6ce9-1a7e-40bf-b447-311a3c68551a,301c6ce9-1a7e-40bf-b447-311a3c68551a-rainfall-t-900-mm-qualified,Eye,52.306941,1.153189,1991-11-01,2026-09-17T11:48:02Z
303c52b4-4ead-4a5f-8c82-6b38027de4d8,303c52b4-4ead-4a5f-8c82-6b38027de4d8-rainfall-t-900-mm-qualified,Tiverton,50.884147,-3.488185,1998-08-31,2026-09-17T11:48:02Z
305f69d2-594e-407c-a230-5f23efae598c,305f69d2-594e-407c-a230-5f23efae598c-rainfall-t-900-mm-qualified,Mosedale,54.680251,-2.999665,2001-12-09,2026-09-17T11:48:02Z
3095aa67-a4ce-42e1-87bc-2a77ba2057b5,3095aa67-a4ce-42e1-87bc-2a77ba2057b5-rainfall-t-900-mm-qualified,Chale,50.622592,-1.308597,1988-03-23,2026-09-17T11:48:02Z
309bbb6c-7a30-45d2-9983-f973e8a61381,309bbb6c-7a30-45d2-9983-f973e8a61381-rainfall-t-900-mm-qualified,Charing,51.203004,0.783488,1996-01-24,2026-09-17T11:48:02Z
30db70f6-a24c-484e-935c-0adfc55e5c3a,30db70f6-a24c-484e-935c-0adfc55e5c3a-rainfall-t-900-mm-qualified,Keld Head,54.244781,-0.807520,1985-05-20,2026-09-17T11:48:02Z
31653dd5-c1ed-4091-a860-5e8d25936861,31653dd5-c1ed-4091-a860-5e8d25936861-rainfall-t-900-mm-qualified,Bickington,50.537963,-3.702646,1998-08-31,2026-09-17T11:48:02Z
319c64d4-8652-4fcf-8314-278a9bcff9e2,319c64d4-8652-4fcf-8314-278a9bcff9e2-rainfall-t-900-mm-qualified,Woodbridge,52.080129,1.295700,2001-07-02,2026-09-17T11:48:02Z
31c91c31-caea-4e98-8b2c-1caa64f525be,31c91c31-caea-4e98-8b2c-1caa64f525be-rainfall-t-900-mm-qualified,Barnhurst,52.612251,-2.150440,1978-12-31,2026-09-17T11:48:02Z
31cf68b4-af70-407c-865a-20105ac076dd,31cf68b4-af70-407c-865a-20105ac076dd-rainfall-t-900-mm-qualified,Darwell,50.965373,0.451373,2002-04-17,2026-09-17T11:48:02Z
31d29b82-3ab0-4cb0-be90-4a7800b599ca_228985,31d29b82-3ab0-4cb0-be90-4a7800b599ca_228985-rainfall-t-900-mm-qualified,Steeple Bumpstead,52.049700,0.452722,2012-05-22,2026-09-17T11:48:02Z
322a215f-fd23-4b66-a44f-57c21b456d07,322a215f-fd23-4b66-a44f-57c21b456d07-rainfall-t-900-mm-qualified,Wendron,50.130927,-5.250519,2009-04-22,2026-09-17T11:48:02Z
323b21d8-c9a4-4681-bc5c-62d7337993ac,323b21d8-c9a4-4681-bc5c-62d7337993ac-rainfall-t-900-mm-qualified,Mardon Down,50.679934,-3.738651,2018-03-13,2026-09-17T11:48:02Z
327f92d6-7034-4a12-a346-4839b2b1e3f3,327f92d6-7034-4a12-a346-4839b2b1e3f3-rainfall-t-900-mm-qualified,Fordingbridge Martin Down,50.968460,-1.917585,2020-11-27,2026-09-17T11:48:02Z
32e9200f-82d0-4fde-8bee-643987ee9071,32e9200f-82d0-4fde-8bee-643987ee9071-rainfall-t-900-mm-qualified,Ham Island,51.466451,-0.571135,2004-03-01,2026-09-17T11:48:02Z
335ef607-0e2a-4ee3-b85e-63f81157fd9c,335ef607-0e2a-4ee3-b85e-63f81157fd9c-rainfall-t-900-mm-qualified,Worleston,53.113124,-2.502458,1990-12-01,2026-09-17T11:48:02Z
33de9856-f15e-4281-941e-590fae2d35f3,33de9856-f15e-4281-941e-590fae2d35f3-rainfall-t-900-mm-qualified,Knighton,50.680399,-1.199017,1997-01-06,2026-09-17T11:48:02Z
342fc823-717e-41ff-ae4e-1549c54d2e87,342fc823-717e-41ff-ae4e-1549c54d2e87-rainfall-t-900-mm-qualified,Clifton Marsh,53.748521,-2.826201,1997-01-28,2026-09-17T11:48:02Z
346d6129-ea98-400b-89a0-200fb9a568c0,346d6129-ea98-400b-89a0-200fb9a568c0-rainfall-t-900-mm-qualified,Over Farm,51.874740,-2.275017,2008-09-21,2026-09-17T11:48:02Z
349a104c-a145-4192-963a-35266a622c0b,349a104c-a145-4192-963a-35266a622c0b-rainfall-t-900-mm-qualified,Eastry,51.250861,1.322144,1993-04-19,2026-09-17T11:48:02Z
34f4e53b-4616-4aaa-b8ad-170c22c808c4_589359,34f4e53b-4616-4aaa-b8ad-170c22c808c4_589359-rainfall-t-900-mm-qualified,Ulpha  Duddo,54.341652,-3.218087,1990-10-04,2026-09-17T11:48:02Z
359a20c5-aca4-4af7-b752-c5aec4eada76,359a20c5-aca4-4af7-b752-c5aec4eada76-rainfall-t-900-mm-qualified,Kingscliffe,52.565016,-0.508275,1984-05-20,2026-09-17T11:48:02Z
35ea729c-e5a6-4ada-a5bf-e1ee182e2d39,35ea729c-e5a6-4ada-a5bf-e1ee182e2d39-rainfall-t-900-mm-qualified,Brentwood,51.598930,0.302794,,2026-09-17T11:48:02Z
3677b439-5ea3-4968-b139-47b4d364d60a,3677b439-5ea3-4968-b139-47b4d364d60a-rainfall-t-900-mm-qualified,Northfleet,51.437261,0.327905,1990-08-14,2026-09-17T11:48:02Z
36b0419d-2361-494b-ae48-da2466c00a05,36b0419d-2361-494b-ae48-da2466c00a05-rainfall-t-900-mm-qualified,Warnford,51.006414,-1.111476,2003-03-13,2026-09-17T11:48:02Z
36b73677-b975-44db-b658-378a5f0fae54,36b73677-b975-44db-b658-378a5f0fae54-rainfall-t-900-mm-qualified,Beckermonds,54.218695,-2.195181,2004-03-26,2026-09-17T11:48:02Z
36d298d3-1098-4dc7-afab-e98dabca8c87,36d298d3-1098-4dc7-afab-e98dabca8c87-rainfall-t-900-mm-qualified,Staythorpe,53.078808,-0.867077,2001-03-31,2026-09-17T11:48:02Z
3724686d-985c-41c6-bb69-a482baaea6db,3724686d-985c-41c6-bb69-a482baaea6db-rainfall-t-900-mm-qualified,Plumpton,50.905834,-0.071108,1999-10-01,2026-09-17T11:48:02Z
377eecad-abaf-409d-862e-61a885267910,377eecad-abaf-409d-862e-61a885267910-rainfall-t-900-mm-qualified,Keynsham,51.416152,-2.485320,1991-10-01,2026-09-17T11:48:02Z
3912da22-3329-484f-b45c-e58eb7880e4f,3912da22-3329-484f-b45c-e58eb7880e4f-rainfall-t-900-mm-qualified,Thornwood,51.723836,0.135481,1989-01-01,2026-09-17T11:48:02Z
3944527a-7e03-49e4-b50b-d9e46bce380a,3944527a-7e03-49e4-b50b-d9e46bce380a-rainfall-t-900-mm-qualified,Mount St. Bernards,52.738594,-1.320561,1985-10-24,2026-09-17T11:48:02Z
395d4406-8ac5-4236-bc6e-ee0ee7913757,395d4406-8ac5-4236-bc6e-ee0ee7913757-rainfall-t-900-mm-qualified,Bourn,52.203056,-0.045434,1991-07-31,2026-09-17T11:48:02Z
395e4729-6777-4ea6-904b-a90ba6f4d643,395e4729-6777-4ea6-904b-a90ba6f4d643-rainfall-t-900-mm-qualified,Darnicle Hill,51.724980,-0.095270,1989-06-14,2026-09-17T11:48:02Z
3976e259-4fa9-493b-b12d-db1430a44b2b,3976e259-4fa9-493b-b12d-db1430a44b2b-rainfall-t-900-mm-qualified,Egremont Ivy Hill,54.497871,-3.556714,2015-02-17,2026-09-17T11:48:02Z
39ada906-424b-4e70-a076-978760827cf6,39ada906-424b-4e70-a076-978760827cf6-rainfall-t-900-mm-qualified,Cannings,51.358466,-1.928293,1995-04-22,2026-09-17T11:48:02Z
39bbe3f9-cf05-423d-b5dd-3e2e5816dc65,39bbe3f9-cf05-423d-b5dd-3e2e5816dc65-rainfall-t-900-mm-qualified,Knightcote,52.185239,-1.419037,1978-07-12,2026-09-17T11:48:02Z
3a00d049-d6fa-4f73-aa3c-b521454ee422,3a00d049-d6fa-4f73-aa3c-b521454ee422-rainfall-t-900-mm-qualified,Chilgrove House,50.922660,-0.813097,1999-10-01,2026-09-17T11:48:02Z
3a20abc3-ed82-4a28-8643-6d97ab5b7690,3a20abc3-ed82-4a28-8643-6d97ab5b7690-rainfall-t-900-mm-qualified,Balcombe,51.066168,-0.159335,2001-11-12,2026-09-17T11:48:02Z
3b0dd228-5793-441a-8db5-18ef6c72c56a,3b0dd228-5793-441a-8db5-18ef6c72c56a-rainfall-t-900-mm-qualified,Catlowdy,55.082059,-2.847986,1992-11-03,2026-09-17T11:48:02Z
3bbf1fae-dff2-429b-8f7e-ea5a97fe197f,3bbf1fae-dff2-429b-8f7e-ea5a97fe197f-rainfall-t-900-mm-qualified,Crakehall Hunters Hill,54.319370,-1.637460,2003-07-16,2026-09-17T11:48:02Z
3c16a398-d9b5-47c5-8c7e-f838cefd50c1,3c16a398-d9b5-47c5-8c7e-f838cefd50c1-rainfall-t-900-mm-qualified,Burton-On-The-Wolds,52.787905,-1.098260,2000-05-17,2026-09-17T11:48:02Z
3c5a52d2-388d-4b82-9a5f-9c9c5023cf54,3c5a52d2-388d-4b82-9a5f-9c9c5023cf54-rainfall-t-900-mm-qualified,Hartley,51.373173,0.321247,1991-01-18,2026-09-17T11:48:02Z
3c60f595-ab49-4ef8-96da-56edb5fc6e79,3c60f595-ab49-4ef8-96da-56edb5fc6e79-rainfall-t-900-mm-qualified,Whitchurch,52.967536,-2.723751,1996-07-11,2026-09-17T11:48:02Z
3cae1c6f-9ea8-4139-8ae6-45f4b41450b5,3cae1c6f-9ea8-4139-8ae6-45f4b41450b5-rainfall-t-900-mm-qualified,Benhall,52.192174,1.483210,1991-10-26,2026-09-17T11:48:02Z
3d644c76-b545-4ee5-85d4-f445348d2782,3d644c76-b545-4ee5-85d4-f445348d2782-rainfall-t-900-mm-qualified,Benfleet Barrier,51.541110,0.566422,2000-07-02,2026-09-17T11:48:02Z
3d8ef8a2-b199-4e08-80b9-ac7640234e2e,3d8ef8a2-b199-4e08-80b9-ac7640234e2e-rainfall-t-900-mm-qualified,Broadstairs,51.359227,1.413014,1999-07-23,2026-09-17T11:48:02Z
3dd4d04b-4002-4908-b8fa-bd1f1e4d436e,3dd4d04b-4002-4908-b8fa-bd1f1e4d436e-rainfall-t-900-mm-qualified,Wellingborough,52.296881,-0.671423,1986-12-01,2026-09-17T11:48:02Z
3df464fe-cd1a-4adb-bd6d-9abcc1d1be77,3df464fe-cd1a-4adb-bd6d-9abcc1d1be77-rainfall-t-900-mm-qualified,Draycott,52.897933,-1.360737,1999-02-22,2026-09-17T11:48:02Z
3e0e16e2-862e-403a-8097-24648a6e3a3b,3e0e16e2-862e-403a-8097-24648a6e3a3b-rainfall-t-900-mm-qualified,Bacup,53.718917,-2.194554,1994-04-25,2026-09-17T11:48:02Z
3f4703fc-0210-4af1-9d2c-d823af62193c,3f4703fc-0210-4af1-9d2c-d823af62193c-rainfall-t-900-mm-qualified,Coxheath,51.241306,0.505993,1990-08-14,2026-09-17T11:48:02Z
402e51a1-ed1f-498b-b63f-c96bbf871735,402e51a1-ed1f-498b-b63f-c96bbf871735-rainfall-t-900-mm-qualified,Palace Nook,54.135450,-3.239318,1990-01-05,2026-09-17T11:48:02Z
406dff36-756d-417d-befd-157342f900c8,406dff36-756d-417d-befd-157342f900c8-rainfall-t-900-mm-qualified,Dubbs No 2,54.406809,-2.892566,2020-07-31,2026-09-17T11:48:02Z
40e8abd2-f395-42c8-95b1-b22c3348b0b5_405278,40e8abd2-f395-42c8-95b1-b22c3348b0b5_405278-rainfall-t-900-mm-qualified,Gold Corner,51.183522,-2.906031,1990-03-30,2026-09-17T11:48:02Z
4105d4aa-f7bd-4a61-a98d-3b40f7624380,4105d4aa-f7bd-4a61-a98d-3b40f7624380-rainfall-t-900-mm-qualified,Beer Quarry Lane,50.700812,-3.117496,2020-05-12,2026-09-17T11:48:02Z
4169ffbd-0b55-48de-bfe8-8c9ee4bfd294,4169ffbd-0b55-48de-bfe8-8c9ee4bfd294-rainfall-t-900-mm-qualified,Sellindge,51.105080,0.978786,1999-12-31,2026-09-17T11:48:02Z
41ed9dae-696d-4f55-bf55-15bab328c637,41ed9dae-696d-4f55-bf55-15bab328c637-rainfall-t-900-mm-qualified,Blithfield,52.807190,-1.889879,1974-06-30,2026-09-17T11:48:02Z
42d5dd4d-772f-4d26-abdf-22a956777afd,42d5dd4d-772f-4d26-abdf-22a956777afd-rainfall-t-900-mm-qualified,Stanmore,51.609993,-0.313823,1993-06-10,2026-09-17T11:48:02Z
42ffc126-1703-48c5-b2a8-ee9ab7e3cc25,42ffc126-1703-48c5-b2a8-ee9ab7e3cc25-rainfall-t-900-mm-qualified,Thornton,53.797221,-1.924352,2000-12-08,2026-09-17T11:48:02Z
43099d11-b8db-4181-8c77-1d4be4c6610b,43099d11-b8db-4181-8c77-1d4be4c6610b-rainfall-t-900-mm-qualified,Ravensthorpe,52.327100,-1.000978,1977-10-28,2026-09-17T11:48:02Z
445f2262-65b1-4904-9587-c9bdfea18d50,445f2262-65b1-4904-9587-c9bdfea18d50-rainfall-t-900-mm-qualified,Walshaw Dean Lodge,53.798372,-2.056948,2004-07-28,2026-09-17T11:48:02Z
44782f5b-baba-458a-a644-ecedea4c9cda,44782f5b-baba-458a-a644-ecedea4c9cda-rainfall-t-900-mm-qualified,Great Somerford,51.548664,-2.052107,1991-10-01,2026-09-17T11:48:02Z
44b1c019-e9b3-402c-a8ac-b09683e3d886,44b1c019-e9b3-402c-a8ac-b09683e3d886-rainfall-t-900-mm-qualified,Wallington,55.154273,-1.944474,1994-11-11,2026-09-17T11:48:02Z
44cd7185-21f4-434c-9a82-07538125dcdb,44cd7185-21f4-434c-9a82-07538125dcdb-rainfall-t-900-mm-qualified,Linstead Parva,52.354661,1.430573,2000-07-16,2026-09-17T11:48:02Z
44f6ceef-d1b9-4401-bdac-f43f7534f78b,44f6ceef-d1b9-4401-bdac-f43f7534f78b-rainfall-t-900-mm-qualified,Brownhills,53.552378,-1.824339,2003-09-03,2026-09-17T11:48:02Z
45104b8e-6f22-40bf-b6dd-612621db7204,45104b8e-6f22-40bf-b6dd-612621db7204-rainfall-t-900-mm-qualified,Cherry Gardens,51.097791,1.155024,1998-03-10,2026-09-17T11:48:02Z
452c7c1e-752b-474b-8e87-5ea306020fc8,452c7c1e-752b-474b-8e87-5ea306020fc8-rainfall-t-900-mm-qualified,Birchmoor,52.002865,-0.626710,1991-08-01,2026-09-17T11:48:02Z
45a3c3a9-72be-4af6-9111-9e9064715cfb,45a3c3a9-72be-4af6-9111-9e9064715cfb-rainfall-t-900-mm-qualified,Headingley,53.831990,-1.589122,1996-01-25,2026-09-17T11:48:02Z
45aa98ea-8311-4333-9175-aa4519622eda,45aa98ea-8311-4333-9175-aa4519622eda-rainfall-t-900-mm-qualified,Kitcliffe,53.608157,-2.058641,1989-10-31,2026-09-17T11:48:02Z
4667117d-69b2-4245-80eb-52a49cc284b6,4667117d-69b2-4245-80eb-52a49cc284b6-rainfall-t-900-mm-qualified,Henley-In-Arden,52.309044,-1.774159,1981-02-20,2026-09-17T11:48:02Z
4690aa10-cd1c-4309-9503-279768ab4ba1,4690aa10-cd1c-4309-9503-279768ab4ba1-rainfall-t-900-mm-qualified,Common Bank,53.653938,-2.656101,1990-12-13,2026-09-17T11:48:02Z
471298fd-efa2-4fce-914e-6018cf0a7253,471298fd-efa2-4fce-914e-6018cf0a7253-rainfall-t-900-mm-qualified,Stanton,52.323689,0.894709,1998-12-31,2026-09-17T11:48:02Z
473b5731-fe3d-41f3-9fa7-959d84766c79,473b5731-fe3d-41f3-9fa7-959d84766c79-rainfall-t-900-mm-qualified,Husbands Bosworth,52.457435,-1.052485,1987-04-13,2026-09-17T11:48:02Z
477a1639-3b67-4b1f-8c7f-66ac2a69c0e2,477a1639-3b67-4b1f-8c7f-66ac2a69c0e2-rainfall-t-900-mm-qualified,Chesterton,52.537663,-0.337867,2010-12-31,2026-09-17T11:48:02Z
47f02ad2-eb64-467d-b27e-01d434a3d629,47f02ad2-eb64-467d-b27e-01d434a3d629-rainfall-t-900-mm-qualified,Littondale,54.164194,-2.152898,2004-03-26,2026-09-17T11:48:02Z
48391922-4329-4a37-b253-7df1de363fa2,48391922-4329-4a37-b253-7df1de363fa2-rainfall-t-900-mm-qualified,Bishops Castle,52.479493,-2.976158,1982-08-08,2026-09-17T11:48:02Z
48d0beea-7183-45d6-a8c7-cdee797a3c53,48d0beea-7183-45d6-a8c7-cdee797a3c53-rainfall-t-900-mm-qualified,Danson Park,51.459139,0.112003,1989-11-01,2026-09-17T11:48:02Z
48e0df21-a0d4-46f0-9234-ee9306935416,48e0df21-a0d4-46f0-9234-ee9306935416-rainfall-t-900-mm-qualified,Killerton Beare Farm,50.800436,-3.436835,2013-05-02,2026-09-17T11:48:02Z
499def0b-7c12-47da-ae35-e94dfb710b7c,499def0b-7c12-47da-ae35-e94dfb710b7c-rainfall-t-900-mm-qualified,Dover,51.130787,1.318588,1998-03-16,2026-09-17T11:48:02Z
49d1333d-2c75-4914-b0b0-7c432ca74bef,49d1333d-2c75-4914-b0b0-7c432ca74bef-rainfall-t-900-mm-qualified,Trimpley,52.407890,-2.335405,1981-05-29,2026-09-17T11:48:02Z
49ef0934-49fa-4150-b1d2-83b14f6e3724_490001TP,49ef0934-49fa-4150-b1d2-83b14f6e3724_490001TP-rainfall-t-900-mm-qualified,Braughing Griggs Bridge,51.904180,0.020865,2013-03-11,2026-09-17T11:48:02Z
4a238ca4-a370-4fc5-adaa-eb8e48f6bef5,4a238ca4-a370-4fc5-adaa-eb8e48f6bef5-rainfall-t-900-mm-qualified,Ringmer,50.893610,0.080840,2000-04-14,2026-09-17T11:48:02Z
4ada3c7b-bd8c-4961-b27a-1ccef1217e2a,4ada3c7b-bd8c-4961-b27a-1ccef1217e2a-rainfall-t-900-mm-qualified,Bruton Dam,51.116715,-2.435014,1998-10-01,2026-09-17T11:48:02Z
4aed3d03-372d-406a-9bd9-c89c8b212b01,4aed3d03-372d-406a-9bd9-c89c8b212b01-rainfall-t-900-mm-qualified,EGERTON DIMPLE ROAD,53.636738,-2.448846,2022-04-01,2026-09-17T11:48:02Z
4afec576-72d8-4a5f-a33b-10a702f29ace,4afec576-72d8-4a5f-a33b-10a702f29ace-rainfall-t-900-mm-qualified,Deal,51.207741,1.382905,1991-02-21,2026-09-17T11:48:02Z
4cb01f29-742a-4b9f-918f-8c50310c1284_592860,4cb01f29-742a-4b9f-918f-8c50310c1284_592860-rainfall-t-900-mm-qualified,Thirlmere  St Johns Beck,54.565756,-3.063861,1995-02-28,2026-09-17T11:48:02Z
4cbec7fb-d103-4853-a617-f6f87cd8d822,4cbec7fb-d103-4853-a617-f6f87cd8d822-rainfall-t-900-mm-qualified,Wheathampstead,51.813599,-0.289550,1991-04-01,2026-09-17T11:48:02Z
4cc41bef-deaa-45e1-b60c-5813251a552d,4cc41bef-deaa-45e1-b60c-5813251a552d-rainfall-t-900-mm-qualified,Horsmonden,51.138071,0.458782,1991-01-08,2026-09-17T11:48:02Z
4cc44462-7a30-47b7-8e33-6c3dd9212b47,4cc44462-7a30-47b7-8e33-6c3dd9212b47-rainfall-t-900-mm-qualified,Ulverston,54.186184,-3.062932,2002-05-23,2026-09-17T11:48:02Z
4d0af325-321c-4e56-afe1-e0a7beedad94,4d0af325-321c-4e56-afe1-e0a7beedad94-rainfall-t-900-mm-qualified,High Newton,54.246574,-2.923187,1992-02-10,2026-09-17T11:48:02Z
4d3f8d85-e9c8-41ce-9cc1-b8a7a60d4964,4d3f8d85-e9c8-41ce-9cc1-b8a7a60d4964-rainfall-t-900-mm-qualified,Walters Farm North Brewham,51.134292,-2.392275,2006-08-06,2026-09-17T11:48:02Z
4db44fd1-9e86-4165-8123-b0ce573a76a9,4db44fd1-9e86-4165-8123-b0ce573a76a9-rainfall-t-900-mm-qualified,Brightlingsea,51.819684,1.004365,2000-07-02,2026-09-17T11:48:02Z
4de93ff7-fbbb-41c0-b7ff-452d8910d98a,4de93ff7-fbbb-41c0-b7ff-452d8910d98a-rainfall-t-900-mm-qualified,Brant Broughton,53.077395,-0.622294,1987-01-01,2026-09-17T11:48:02Z
4e00b4e3-af60-47cf-afe7-b36ac774ca82,4e00b4e3-af60-47cf-afe7-b36ac774ca82-rainfall-t-900-mm-qualified,Ashcombe,50.601610,-3.531044,1998-08-31,2026-09-17T11:48:02Z
4e8684a4-db8e-45d3-a581-888c2b99420b,4e8684a4-db8e-45d3-a581-888c2b99420b-rainfall-t-900-mm-qualified,Barcombe,50.913460,0.046188,2002-02-19,2026-09-17T11:48:02Z
4eb3907c-4fb0-47d0-aab9-0a01b4c6821f,4eb3907c-4fb0-47d0-aab9-0a01b4c6821f-rainfall-t-900-mm-qualified,Takeley,51.867082,0.247208,1990-12-01,2026-09-17T11:48:02Z
4edb0b73-a2f5-473c-a22f-a72b4839869e,4edb0b73-a2f5-473c-a22f-a72b4839869e-rainfall-t-900-mm-qualified,Daventry,52.252802,-1.145331,1996-01-31,2026-09-17T11:48:02Z
4ef26288-d6cb-48b9-b5ba-df0f8c7b387f,4ef26288-d6cb-48b9-b5ba-df0f8c7b387f-rainfall-t-900-mm-qualified,Letchworth,51.995649,-0.242709,1991-07-31,2026-09-17T11:48:02Z
4f55594a-e352-43f5-a11d-fce433e8ed85,4f55594a-e352-43f5-a11d-fce433e8ed85-rainfall-t-900-mm-qualified,Brackenber,54.569763,-2.431526,1990-12-13,2026-09-17T11:48:02Z
4f9851c6-22a0-4e2a-84a8-eff585b04269,4f9851c6-22a0-4e2a-84a8-eff585b04269-rainfall-t-900-mm-qualified,Sandsend,54.486156,-0.724019,2009-12-10,2026-09-17T11:48:02Z
4fb67772-84c5-4ac7-876d-c814c7be0b16,4fb67772-84c5-4ac7-876d-c814c7be0b16-rainfall-t-900-mm-qualified,Faversham,51.323579,0.908852,2000-06-20,2026-09-17T11:48:02Z
4fc95a71-1a6d-4ad9-9fef-700c397db279,4fc95a71-1a6d-4ad9-9fef-700c397db279-rainfall-t-900-mm-qualified,Langsett,53.500733,-1.674808,1997-07-11,2026-09-17T11:48:02Z
5035613c-f5b4-408c-be3a-43a3298fd0d0,5035613c-f5b4-408c-be3a-43a3298fd0d0-rainfall-t-900-mm-qualified,Winterbourne Stoke,51.163885,-1.894543,1998-01-05,2026-09-17T11:48:02Z
50568500-9583-4797-8e0f-989df20bfa7b,50568500-9583-4797-8e0f-989df20bfa7b-rainfall-t-900-mm-qualified,Eastgate Village Hall,54.745166,-2.073591,2020-01-15,2026-09-17T11:48:02Z
5076860e-6c9f-4112-8431-25678af24522,5076860e-6c9f-4112-8431-25678af24522-rainfall-t-900-mm-qualified,Basildon,51.588206,0.504960,1996-04-30,2026-09-17T11:48:02Z
5086b349-e04b-4f8e-b8f1-fa92b21078d0_256230TP,5086b349-e04b-4f8e-b8f1-fa92b21078d0_256230TP-rainfall-t-900-mm-qualified,Osney Lock,51.749347,-1.272284,1985-12-31,2026-09-17T11:48:02Z
50ec6d91-ccdb-4d2f-92c1-594e6e05760b,50ec6d91-ccdb-4d2f-92c1-594e6e05760b-rainfall-t-900-mm-qualified,Evington,52.631411,-1.077396,2008-04-02,2026-09-17T11:48:02Z
50fad354-340b-4f77-bd11-2c7f464c076e,50fad354-340b-4f77-bd11-2c7f464c076e-rainfall-t-900-mm-qualified,Andover,51.218526,-1.473564,1989-01-03,2026-09-17T11:48:02Z
513abf6b-b269-4400-8828-7e833fd93eb8,513abf6b-b269-4400-8828-7e833fd93eb8-rainfall-t-900-mm-qualified,Fulwell,54.939078,-1.393689,1999-04-22,2026-09-17T11:48:02Z
521241a8-deac-47b5-bcd5-e3420f00ed8c,521241a8-deac-47b5-bcd5-e3420f00ed8c-rainfall-t-900-mm-qualified,Pinner Cemetery,51.591067,-0.369338,1991-05-01,2026-09-17T11:48:02Z
5214fca8-b1f4-4a7d-a41e-71f1941f959b_035103,5214fca8-b1f4-4a7d-a41e-71f1941f959b_035103-rainfall-t-900-mm-qualified,Staithes,54.541713,-0.814569,2008-04-25,2026-09-17T11:48:02Z
524a8fa0-d70b-4a0a-b178-ca765e73b8bc,524a8fa0-d70b-4a0a-b178-ca765e73b8bc-rainfall-t-900-mm-qualified,Knitlsey Mill,54.829708,-1.807996,2003-05-01,2026-09-17T11:48:02Z
5281537a-e4d8-44a7-953f-4ed7a9de7184,5281537a-e4d8-44a7-953f-4ed7a9de7184-rainfall-t-900-mm-qualified,Hartlepool,54.701612,-1.197910,1999-09-12,2026-09-17T11:48:02Z
52a0e101-be9f-4680-aa58-529b7e728d84,52a0e101-be9f-4680-aa58-529b7e728d84-rainfall-t-900-mm-qualified,Somerton,51.065075,-2.737530,1995-01-30,2026-09-17T11:48:02Z
53252b42-d77a-47ba-9001-6def0b761af0,53252b42-d77a-47ba-9001-6def0b761af0-rainfall-t-900-mm-qualified,Pevensey,50.814778,0.357076,1991-01-12,2026-09-17T11:48:02Z
533132ce-7d11-4b33-b959-ff8fa7cdc5bb,533132ce-7d11-4b33-b959-ff8fa7cdc5bb-rainfall-t-900-mm-qualified,Penridge,51.086183,-2.353433,1994-06-22,2026-09-17T11:48:02Z
544ebd35-80a9-49e4-9a4f-aa7966c0dcbc,544ebd35-80a9-49e4-9a4f-aa7966c0dcbc-rainfall-t-900-mm-qualified,Holbeach,52.813461,0.012735,1984-06-28,2026-09-17T11:48:02Z
5466e4ec-fcb6-47f5-bb1f-fd1a54e108da,5466e4ec-fcb6-47f5-bb1f-fd1a54e108da-rainfall-t-900-mm-qualified,Bicester,51.886017,-1.159539,1984-04-30,2026-09-17T11:48:02Z
547c4dd3-5eca-4c37-a79e-bc1e5801b816,547c4dd3-5eca-4c37-a79e-bc1e5801b816-rainfall-t-900-mm-qualified,Otterbourne,51.008873,-1.335356,1985-01-24,2026-09-17T11:48:02Z
54878e71-5dc3-427d-8197-f68173fee3f2,54878e71-5dc3-427d-8197-f68173fee3f2-rainfall-t-900-mm-qualified,Mungrisedale Southerfell No2,54.642337,-2.991807,2022-04-03,2026-09-17T11:48:02Z
54ebeea9-0567-4b70-a336-c2d566302df3,54ebeea9-0567-4b70-a336-c2d566302df3-rainfall-t-900-mm-qualified,Sutton Valence,51.203804,0.588911,1999-08-17,2026-09-17T11:48:02Z
551f69bb-468c-4218-ba4d-b694de04da96,551f69bb-468c-4218-ba4d-b694de04da96-rainfall-t-900-mm-qualified,Brackley,52.019922,-1.125366,1999-02-17,2026-09-17T11:48:02Z
56120538-689e-49fc-b3ff-a411fc12d459,56120538-689e-49fc-b3ff-a411fc12d459-rainfall-t-900-mm-qualified,Wiseton,53.396005,-0.931612,1997-12-17,2026-09-17T11:48:02Z
56256476-8a0d-4ae0-af6b-824a30a35914,56256476-8a0d-4ae0-af6b-824a30a35914-rainfall-t-900-mm-qualified,Cannock,52.736233,-1.993996,2002-08-19,2026-09-17T11:48:02Z
56898d10-5965-4a65-b726-3edc83ead444,56898d10-5965-4a65-b726-3edc83ead444-rainfall-t-900-mm-qualified,Frampton,52.939484,-0.044803,2011-05-16,2026-09-17T11:48:02Z
568e0af8-0f27-4b4d-89e6-a4c5ef2f4a0d,568e0af8-0f27-4b4d-89e6-a4c5ef2f4a0d-rainfall-t-900-mm-qualified,Motney Hill,51.384029,0.626468,1997-05-11,2026-09-17T11:48:02Z
56a1ca67-30c4-47f9-be7c-9e6404d906fc,56a1ca67-30c4-47f9-be7c-9e6404d906fc-rainfall-t-900-mm-qualified,Kingsley,53.017282,-1.980871,2006-12-15,2026-09-17T11:48:02Z
57aca648-8c97-4ddc-bb57-bb278000e23e,57aca648-8c97-4ddc-bb57-bb278000e23e-rainfall-t-900-mm-qualified,Gleadthorpe,53.222946,-1.115962,2001-01-30,2026-09-17T11:48:02Z
57af3f10-708b-4aea-9e1d-a9fc16f632de,57af3f10-708b-4aea-9e1d-a9fc16f632de-rainfall-t-900-mm-qualified,Nunwick Hall,54.716921,-2.694595,1992-11-18,2026-09-17T11:48:02Z
58702e2a-0b88-4c65-a66f-77b2b369eb55,58702e2a-0b88-4c65-a66f-77b2b369eb55-rainfall-t-900-mm-qualified,Till Washland,53.275874,-0.636916,2010-12-31,2026-09-17T11:48:02Z
598e7d36-5ea6-4265-9d4b-d65e0e31ac8b,598e7d36-5ea6-4265-9d4b-d65e0e31ac8b-rainfall-t-900-mm-qualified,Dartmoor Fernworthy,50.626032,-3.908350,2022-09-28,2026-09-17T11:48:02Z
59c0dc08-984c-44d5-aa8a-7ffc10494a2d,59c0dc08-984c-44d5-aa8a-7ffc10494a2d-rainfall-t-900-mm-qualified,Royal Wootton Bassett,51.530414,-1.896266,1991-10-01,2026-09-17T11:48:02Z
5a1d75f6-d984-4a33-acc1-f0003fa347d9,5a1d75f6-d984-4a33-acc1-f0003fa347d9-rainfall-t-900-mm-qualified,Braunston,52.649483,-0.762019,1985-07-27,2026-09-17T11:48:02Z
5adcd239-4420-40b5-abe2-69082f9e24ff,5adcd239-4420-40b5-abe2-69082f9e24ff-rainfall-t-900-mm-qualified,Parkend,51.758941,-2.612069,2002-02-19,2026-09-17T11:48:02Z
5b0b8aff-bc71-48c0-b290-0f9a244ddfa1_554472,5b0b8aff-bc71-48c0-b290-0f9a244ddfa1_554472-rainfall-t-900-mm-qualified,Hug Bridge,53.169664,-2.104950,2003-03-05,2026-09-17T11:48:02Z
5b161d2b-ed17-4380-87b6-3821fc9cbae2,5b161d2b-ed17-4380-87b6-3821fc9cbae2-rainfall-t-900-mm-qualified,Whitwell,51.873145,-0.269991,1989-10-31,2026-09-17T11:48:02Z
5b204c95-866e-47b7-84cd-e5f09f7d3e21,5b204c95-866e-47b7-84cd-e5f09f7d3e21-rainfall-t-900-mm-qualified,Goldscleugh,55.503318,-2.137900,1994-01-11,2026-09-17T11:48:02Z
5b6746aa-c76a-4ea2-8903-5aa5bb759035,5b6746aa-c76a-4ea2-8903-5aa5bb759035-rainfall-t-900-mm-qualified,North Mymms,51.718271,-0.217261,1995-03-09,2026-09-17T11:48:02Z
5b90ae0d-27a5-438a-86ac-0aabf0b123b1,5b90ae0d-27a5-438a-86ac-0aabf0b123b1-rainfall-t-900-mm-qualified,Linbriggs,55.350227,-2.170326,1982-01-01,2026-09-17T11:48:02Z
5b9e9503-32e2-46ea-a713-be0f283c23be_031555,5b9e9503-32e2-46ea-a713-be0f283c23be_031555-rainfall-t-900-mm-qualified,Easby,54.470373,-1.099303,1982-01-01,2026-09-17T11:48:02Z
5be8b9d8-6004-4400-a436-b418b551d3d1,5be8b9d8-6004-4400-a436-b418b551d3d1-rainfall-t-900-mm-qualified,Kent Hatch,51.245011,0.056198,1992-04-14,2026-09-17T11:48:02Z
5c186f49-4eb6-431c-8fd4-d09b52ceda16,5c186f49-4eb6-431c-8fd4-d09b52ceda16-rainfall-t-900-mm-qualified,Needham Market,52.153008,1.060589,1991-09-30,2026-09-17T11:48:02Z
5c2313ae-fb38-4fcf-bad2-703db5d6cf6f,5c2313ae-fb38-4fcf-bad2-703db5d6cf6f-rainfall-t-900-mm-qualified,Washington,54.895684,-1.489951,2010-02-23,2026-09-17T11:48:02Z
5ca6fa7b-1929-47c8-81ee-668b8aa97994,5ca6fa7b-1929-47c8-81ee-668b8aa97994-rainfall-t-900-mm-qualified,Harbertonford,50.391343,-3.701031,1998-08-31,2026-09-17T11:48:02Z
5d56abcb-da2f-4870-89f7-c3afb7559594,5d56abcb-da2f-4870-89f7-c3afb7559594-rainfall-t-900-mm-qualified,Bishops Sutton,51.084730,-1.136932,1988-01-19,2026-09-17T11:48:02Z
5d800943-7e89-4c43-ae19-0791e533df0a,5d800943-7e89-4c43-ae19-0791e533df0a-rainfall-t-900-mm-qualified,Barnacre,53.926785,-2.721167,1995-04-19,2026-09-17T11:48:02Z
5d8e2e64-c441-4fc6-90fc-c6fc9edfc98b,5d8e2e64-c441-4fc6-90fc-c6fc9edfc98b-rainfall-t-900-mm-qualified,Bexley,51.434387,0.135536,2003-06-21,2026-09-17T11:48:02Z
5dd5f448-b5c5-4e33-a8e1-fb9dcfb4a8f3_220264,5dd5f448-b5c5-4e33-a8e1-fb9dcfb4a8f3_220264-rainfall-t-900-mm-qualified,Earl Soham Gauge,52.217396,1.266661,1991-11-01,2026-09-17T11:48:02Z
5e03d728-5c9e-4021-bbdf-dae79071cddd,5e03d728-5c9e-4021-bbdf-dae79071cddd-rainfall-t-900-mm-qualified,Hardham,50.949713,-0.529578,1991-01-01,2026-09-17T11:48:02Z
5e315c9d-609a-41bc-b2ca-4ce11ca0d352,5e315c9d-609a-41bc-b2ca-4ce11ca0d352-rainfall-t-900-mm-qualified,Bildeston,52.100866,0.905998,2000-07-04,2026-09-17T11:48:02Z
5e45b2c5-20ea-4e7f-b37a-a9b220ba3946_334156,5e45b2c5-20ea-4e7f-b37a-a9b220ba3946_334156-rainfall-t-900-mm-qualified,Afton,50.677494,-1.504857,2001-03-30,2026-09-17T11:48:02Z
5e45b2c5-20ea-4e7f-b37a-a9b220ba3946_334158,5e45b2c5-20ea-4e7f-b37a-a9b220ba3946_334158-rainfall-t-900-mm-qualified,Afton Park,50.674944,-1.550086,2019-12-05,2026-09-17T11:48:02Z
5e4acea2-9e8f-4af4-a85e-1ce0805b394d,5e4acea2-9e8f-4af4-a85e-1ce0805b394d-rainfall-t-900-mm-qualified,Bough Beech,51.206921,0.129348,1990-08-29,2026-09-17T11:48:02Z
5e7efda0-4f88-448b-a0a0-860a2d79c7f7,5e7efda0-4f88-448b-a0a0-860a2d79c7f7-rainfall-t-900-mm-qualified,Ardingly,51.039812,-0.098286,2001-10-10,2026-09-17T11:48:02Z
5f3ec6b1-1454-4c93-9684-0aa4955462a2,5f3ec6b1-1454-4c93-9684-0aa4955462a2-rainfall-t-900-mm-qualified,Penrith Oasis no2,54.632769,-2.668900,2003-10-28,2026-09-17T11:48:02Z
5f3ec6b1-1454-4c93-9684-0aa4955462a2_601068,5f3ec6b1-1454-4c93-9684-0aa4955462a2_601068-rainfall-t-900-mm-qualified,Oasis Whinfell,54.640689,-2.653675,2003-10-28,2026-09-17T11:48:02Z
5f6f2f6b-3dc2-4f3b-a571-bb3f07890718,5f6f2f6b-3dc2-4f3b-a571-bb3f07890718-rainfall-t-900-mm-qualified,Glenridding Greenside Mines,54.548539,-2.983887,2023-02-06,2026-09-17T11:48:02Z
6025640b-fccf-42f6-90cd-713882618ca0,6025640b-fccf-42f6-90cd-713882618ca0-rainfall-t-900-mm-qualified,St Cleer,50.480592,-4.462347,2008-06-24,2026-09-17T11:48:02Z
6058218a-017c-468d-946f-7d728ee87b4f,6058218a-017c-468d-946f-7d728ee87b4f-rainfall-t-900-mm-qualified,Whitley Bay Marine,55.046666,-1.447407,2007-05-01,2026-09-17T11:48:02Z
60b1fdb6-ffdd-482c-8393-753a7538da48,60b1fdb6-ffdd-482c-8393-753a7538da48-rainfall-t-900-mm-qualified,Bettws-Y-Crwyn,52.424396,-3.172591,1981-06-15,2026-09-17T11:48:02Z
60c0c2d8-b8bb-44be-98bd-b6ff27e6f440,60c0c2d8-b8bb-44be-98bd-b6ff27e6f440-rainfall-t-900-mm-qualified,Pitsford,52.310673,-0.888181,1987-04-14,2026-09-17T11:48:02Z
60c39ee8-9340-4365-98d8-2bb788d614c8,60c39ee8-9340-4365-98d8-2bb788d614c8-rainfall-t-900-mm-qualified,Lower Laithe,53.829562,-1.975950,2000-02-18,2026-09-17T11:48:02Z
6135aa0c-6582-411c-99c4-57dff9b3ba84,6135aa0c-6582-411c-99c4-57dff9b3ba84-rainfall-t-900-mm-qualified,St Bees,54.487704,-3.592668,2002-05-31,2026-09-17T11:48:02Z
615a3b67-096b-47e1-b34d-a75dd217e9aa,615a3b67-096b-47e1-b34d-a75dd217e9aa-rainfall-t-900-mm-qualified,Leatherhead,51.288049,-0.337788,1979-09-13,2026-09-17T11:48:02Z
6199bd90-858e-48da-8c63-754a3e5a82f6,6199bd90-858e-48da-8c63-754a3e5a82f6-rainfall-t-900-mm-qualified,Newbiggin,55.175276,-1.522219,1999-04-25,2026-09-17T11:48:02Z
61b7f549-29bc-44b2-9597-4631818546b4,61b7f549-29bc-44b2-9597-4631818546b4-rainfall-t-900-mm-qualified,Hollies,52.799299,-2.274545,1982-02-24,2026-09-17T11:48:02Z
61fd0b2b-4dad-454c-8fb3-e5c01af5088e,61fd0b2b-4dad-454c-8fb3-e5c01af5088e-rainfall-t-900-mm-qualified,Willey,52.596304,-2.471483,2000-10-12,2026-09-17T11:48:02Z
627e3b0a-46d4-424b-a978-1e9a1fa96523,627e3b0a-46d4-424b-a978-1e9a1fa96523-rainfall-t-900-mm-qualified,Mersea,51.775327,0.937494,2000-07-03,2026-09-17T11:48:02Z
62a067ad-54c1-4a8c-bf8a-446cbbcc7e2e,62a067ad-54c1-4a8c-bf8a-446cbbcc7e2e-rainfall-t-900-mm-qualified,Raf Northolt,51.548646,-0.416907,1991-10-28,2026-09-17T11:48:02Z
62dab114-8bf5-497c-b2f6-9c699062004e,62dab114-8bf5-497c-b2f6-9c699062004e-rainfall-t-900-mm-qualified,Crownhill,50.416807,-4.126097,2005-11-21,2026-09-17T11:48:02Z
631061e8-f6fb-4e75-b2d0-20d757cd8743,631061e8-f6fb-4e75-b2d0-20d757cd8743-rainfall-t-900-mm-qualified,Etton,52.631815,-0.313762,1984-11-16,2026-09-17T11:48:02Z
6350bf76-e6a0-4510-ad8e-f5f543086b70,6350bf76-e6a0-4510-ad8e-f5f543086b70-rainfall-t-900-mm-qualified,Proctor Heights,53.911484,-2.098555,2005-12-29,2026-09-17T11:48:02Z
63e4ac73-d70e-435e-8eb9-4f2bbf8c3ece,63e4ac73-d70e-435e-8eb9-4f2bbf8c3ece-rainfall-t-900-mm-qualified,Ogston,53.134448,-1.433314,1963-09-02,2026-09-17T11:48:02Z
64359f1a-fa0b-4a27-b810-d54658d0a610,64359f1a-fa0b-4a27-b810-d54658d0a610-rainfall-t-900-mm-qualified,Cheam,51.362202,-0.210839,1983-12-31,2026-09-17T11:48:02Z
65389ec8-8980-4285-9c03-dcdc11aa26ad,65389ec8-8980-4285-9c03-dcdc11aa26ad-rainfall-t-900-mm-qualified,Chipping Campden,52.051259,-1.763458,1981-03-16,2026-09-17T11:48:02Z
65771d1a-abe6-42b8-9f67-053fa61052e7,65771d1a-abe6-42b8-9f67-053fa61052e7-rainfall-t-900-mm-qualified,Tower Wood,54.312675,-2.946708,2001-12-31,2026-09-17T11:48:02Z
65ac333f-ab70-45e0-b328-9df13418161f,65ac333f-ab70-45e0-b328-9df13418161f-rainfall-t-900-mm-qualified,Chapel,53.311752,-1.898044,1985-02-20,2026-09-17T11:48:02Z
65d1e089-e075-4a76-9f1d-ab2a986a34c6,65d1e089-e075-4a76-9f1d-ab2a986a34c6-rainfall-t-900-mm-qualified,Bedford,53.495926,-2.500929,1990-11-10,2026-09-17T11:48:02Z
65e770aa-72b5-4df7-8e24-23655a7e1cf5,65e770aa-72b5-4df7-8e24-23655a7e1cf5-rainfall-t-900-mm-qualified,Bodmin Callywith,50.481558,-4.700848,2015-03-26,2026-09-17T11:48:02Z
65f89cf9-1a2a-47f4-ab0a-f183294a2b30,65f89cf9-1a2a-47f4-ab0a-f183294a2b30-rainfall-t-900-mm-qualified,Chalk Bridge Sluice,51.604204,-0.042204,2019-04-02,2026-09-17T11:48:02Z
65f94289-f2aa-4b4f-998b-db17e442e8ba,65f94289-f2aa-4b4f-998b-db17e442e8ba-rainfall-t-900-mm-qualified,Bramham,53.868843,-1.318887,1987-02-18,2026-09-17T11:48:02Z
662e6a48-52bc-46c8-afd0-2d1b41cf6224,662e6a48-52bc-46c8-afd0-2d1b41cf6224-rainfall-t-900-mm-qualified,Wellesbourne,52.205786,-1.604921,1981-07-14,2026-09-17T11:48:02Z
66e426cb-6007-4b63-88ad-e8aedd933366,66e426cb-6007-4b63-88ad-e8aedd933366-rainfall-t-900-mm-qualified,Maddle Farm,51.534073,-1.561381,2003-04-02,2026-09-17T11:48:02Z
67064570-b7c2-4d1c-ae00-17a74dde9775,67064570-b7c2-4d1c-ae00-17a74dde9775-rainfall-t-900-mm-qualified,Crew Fell,55.089288,-2.692576,1992-10-22,2026-09-17T11:48:02Z
67919a3e-319a-4b0f-a036-fcc1b82799a4,67919a3e-319a-4b0f-a036-fcc1b82799a4-rainfall-t-900-mm-qualified,Rorrington,52.597532,-3.029568,1986-12-14,2026-09-17T11:48:02Z
68504bb6-817a-4ba1-b6b3-e59a08cac69f,68504bb6-817a-4ba1-b6b3-e59a08cac69f-rainfall-t-900-mm-qualified,Werrington Park,50.660364,-4.359361,1957-01-01,2026-09-17T11:48:02Z
689e044c-ad34-4a6c-bd95-04dafe325c98,689e044c-ad34-4a6c-bd95-04dafe325c98-rainfall-t-900-mm-qualified,Hartfield,51.105090,0.116451,1994-03-07,2026-09-17T11:48:02Z
689e855f-7425-44ab-a1c4-22efd76f80d5,689e855f-7425-44ab-a1c4-22efd76f80d5-rainfall-t-900-mm-qualified,Petersfield,51.000032,-0.905112,1997-01-08,2026-09-17T11:48:02Z
68af2f7a-0a0f-44dd-a558-1b364933f09d,68af2f7a-0a0f-44dd-a558-1b364933f09d-rainfall-t-900-mm-qualified,Clavering,51.963828,0.146653,1990-12-01,2026-09-17T11:48:02Z
68bce64a-5efe-4018-87fb-88b37423a83e,68bce64a-5efe-4018-87fb-88b37423a83e-rainfall-t-900-mm-qualified,Basingstoke,51.291625,-1.032714,1988-06-28,2026-09-17T11:48:02Z
68fd3385-553f-44cc-b69d-c94eafad4bf4,68fd3385-553f-44cc-b69d-c94eafad4bf4-rainfall-t-900-mm-qualified,Bracknell,51.439893,-0.767196,1986-06-10,2026-09-17T11:48:02Z
6997c886-4414-4ce9-96d8-09b13ff9882d,6997c886-4414-4ce9-96d8-09b13ff9882d-rainfall-t-900-mm-qualified,Pickup Bank,53.707929,-2.425668,1990-01-01,2026-09-17T11:48:02Z
6a3d78a9-2d0d-4764-b840-a55c42ce778b,6a3d78a9-2d0d-4764-b840-a55c42ce778b-rainfall-t-900-mm-qualified,Lockwood,54.517799,-0.964540,2002-05-14,2026-09-17T11:48:02Z
6a43c101-4972-4491-8e67-3fa99a097cf1_248332TP,6a43c101-4972-4491-8e67-3fa99a097cf1_248332TP-rainfall-t-900-mm-qualified,Shorncote,51.672251,-1.952514,1989-10-05,2026-09-17T11:48:02Z
6b4ed390-b2b4-4bf7-84d0-e57f32e39908,6b4ed390-b2b4-4bf7-84d0-e57f32e39908-rainfall-t-900-mm-qualified,Molland Sindercombe,51.037829,-3.736926,2022-09-29,2026-09-17T11:48:02Z
6b4fb029-16c9-4e9a-b782-af77fe8ab545,6b4fb029-16c9-4e9a-b782-af77fe8ab545-rainfall-t-900-mm-qualified,Olney,52.165103,-0.703847,1996-01-31,2026-09-17T11:48:02Z
6b5a92c7-5a5d-432e-a11c-ec5886bb103e,6b5a92c7-5a5d-432e-a11c-ec5886bb103e-rainfall-t-900-mm-qualified,Marske,54.595856,-1.040058,1999-04-18,2026-09-17T11:48:02Z
6bb600d0-7f20-417d-bf5c-f0e9dd49c1e8,6bb600d0-7f20-417d-bf5c-f0e9dd49c1e8-rainfall-t-900-mm-qualified,Wistlandpound,51.163220,-3.939752,2010-03-11,2026-09-17T11:48:02Z
6c205a95-12ea-4053-a75d-82be7899a678,6c205a95-12ea-4053-a75d-82be7899a678-rainfall-t-900-mm-qualified,Stenigot,53.326969,-0.111688,1987-01-01,2026-09-17T11:48:02Z
6c44048f-d01e-4888-b328-2282a8d9c5d6,6c44048f-d01e-4888-b328-2282a8d9c5d6-rainfall-t-900-mm-qualified,Broadhead Noddle,53.588370,-2.006843,1990-03-07,2026-09-17T11:48:02Z
6cac7811-77fe-4b5a-95ac-6412336228e7,6cac7811-77fe-4b5a-95ac-6412336228e7-rainfall-t-900-mm-qualified,Burwarton,52.479829,-2.566282,2008-01-17,2026-09-17T11:48:02Z
6d7fdbb7-fd33-44fe-a747-f89768f7b64b,6d7fdbb7-fd33-44fe-a747-f89768f7b64b-rainfall-t-900-mm-qualified,West Ilsley,51.543387,-1.343232,1998-01-01,2026-09-17T11:48:02Z
6d9df3b1-8d6f-4c11-8bb8-62fdf7b4cce3,6d9df3b1-8d6f-4c11-8bb8-62fdf7b4cce3-rainfall-t-900-mm-qualified,Osmotherley,54.364252,-1.297021,1997-12-24,2026-09-17T11:48:02Z
6da7786a-c0d6-495c-b342-1f764945543a,6da7786a-c0d6-495c-b342-1f764945543a-rainfall-t-900-mm-qualified,Folkington,50.810483,0.218398,1999-07-15,2026-09-17T11:48:02Z
6dba623a-9628-4c37-9992-ed8dd18e3143,6dba623a-9628-4c37-9992-ed8dd18e3143-rainfall-t-900-mm-qualified,Kibworth,52.534977,-0.982262,1984-06-08,2026-09-17T11:48:02Z
6e0655b1-0bb1-4bec-92e1-59ab6f3f3c25,6e0655b1-0bb1-4bec-92e1-59ab6f3f3c25-rainfall-t-900-mm-qualified,Orton - Shallowford,54.468863,-2.580636,1990-12-29,2026-09-17T11:48:02Z
6e208a75-30b6-4878-901a-29804dc9ce18,6e208a75-30b6-4878-901a-29804dc9ce18-rainfall-t-900-mm-qualified,Bradford On Avon,51.341569,-2.265968,1991-10-01,2026-09-17T11:48:02Z
6eff86ad-ecd1-4ace-9f1f-e2419fcdc207,6eff86ad-ecd1-4ace-9f1f-e2419fcdc207-rainfall-t-900-mm-qualified,Covenham,53.448863,0.031360,1987-01-01,2026-09-17T11:48:02Z
6f356fe9-8622-44c2-8872-4641077b35d6,6f356fe9-8622-44c2-8872-4641077b35d6-rainfall-t-900-mm-qualified,Prestbury,53.300512,-2.155432,1990-11-17,2026-09-17T11:48:02Z
6f5f9100-ce2a-4094-9b9b-76d69be9a4cd,6f5f9100-ce2a-4094-9b9b-76d69be9a4cd-rainfall-t-900-mm-qualified,Frome,51.237455,-2.325614,2008-12-31,2026-09-17T11:48:02Z
7067f3ad-126b-4da4-827d-f918b961a78c,7067f3ad-126b-4da4-827d-f918b961a78c-rainfall-t-900-mm-qualified,Fishbourne,50.827718,-0.804686,2001-01-21,2026-09-17T11:48:02Z
706f9552-1259-4257-a651-887f41cada30,706f9552-1259-4257-a651-887f41cada30-rainfall-t-900-mm-qualified,Morley St Botolph,52.556077,1.038829,2007-05-01,2026-09-17T11:48:02Z
70f011bd-157a-42ce-a32a-74c7cb26816e,70f011bd-157a-42ce-a32a-74c7cb26816e-rainfall-t-900-mm-qualified,Hallaton,52.555669,-0.828234,1981-09-29,2026-09-17T11:48:02Z
712b1dd3-7d12-4e5a-b0bd-5d14a55b7061,712b1dd3-7d12-4e5a-b0bd-5d14a55b7061-rainfall-t-900-mm-qualified,Cynynion,52.863226,-3.124082,2000-10-05,2026-09-17T11:48:02Z
713915ba-e967-4c0c-92d6-c075dc2b895c,713915ba-e967-4c0c-92d6-c075dc2b895c-rainfall-t-900-mm-qualified,Wooler,55.552959,-1.997920,2010-05-13,2026-09-17T11:48:02Z
71ad8409-f13d-4b7c-a2bb-23df4049f394,71ad8409-f13d-4b7c-a2bb-23df4049f394-rainfall-t-900-mm-qualified,Gillingham Common Mead Lane,51.031579,-2.282157,1995-04-21,2026-09-17T11:48:02Z
7215adf8-b143-4d2b-8afe-e02986ae163d,7215adf8-b143-4d2b-8afe-e02986ae163d-rainfall-t-900-mm-qualified,Thetford,52.426700,0.741800,1991-07-31,2026-09-17T11:48:02Z
72321e7b-1fbd-4122-9710-d75c1e93c2b7,72321e7b-1fbd-4122-9710-d75c1e93c2b7-rainfall-t-900-mm-qualified,Albemarle,55.019762,-1.881490,2020-03-10,2026-09-17T11:48:02Z
723a8fc4-908b-4430-91c7-9990be86540a_363307,723a8fc4-908b-4430-91c7-9990be86540a_363307-rainfall-t-900-mm-qualified,Bellever Dartmoor,50.582553,-3.898638,1998-08-31,2026-09-17T11:48:02Z
724ddcb2-fed1-4e25-b7b7-055348b41fc2_384343,724ddcb2-fed1-4e25-b7b7-055348b41fc2_384343-rainfall-t-900-mm-qualified,De Lank,50.558850,-4.637771,2000-11-23,2026-09-17T11:48:02Z
72bf626d-8710-47ca-8a5c-464388561754,72bf626d-8710-47ca-8a5c-464388561754-rainfall-t-900-mm-qualified,Holland Park,51.501467,-0.205419,1989-01-01,2026-09-17T11:48:02Z
72c5fc10-c802-4807-b680-a39f9a4e3ff8,72c5fc10-c802-4807-b680-a39f9a4e3ff8-rainfall-t-900-mm-qualified,Downhead,51.210004,-2.450080,1991-10-01,2026-09-17T11:48:02Z
72f322b2-f9b0-4162-9198-9bec9bcf1a06,72f322b2-f9b0-4162-9198-9bec9bcf1a06-rainfall-t-900-mm-qualified,Dowdeswell,51.875105,-2.019280,1979-02-22,2026-09-17T11:48:02Z
7394c377-f7db-4ff9-b349-13ae857ca321,7394c377-f7db-4ff9-b349-13ae857ca321-rainfall-t-900-mm-qualified,The Bratch,52.541166,-2.195020,1986-04-06,2026-09-17T11:48:02Z
73c79ccc-166b-482d-a327-202bbf049fd8_128855,73c79ccc-166b-482d-a327-202bbf049fd8_128855-rainfall-t-900-mm-qualified,Keadby,53.591263,-0.739650,2001-05-31,2026-09-17T11:48:02Z
740e4d30-9b24-4a33-a67e-6143b1552da8,740e4d30-9b24-4a33-a67e-6143b1552da8-rainfall-t-900-mm-qualified,Newbald Becksies,53.822926,-0.601450,2022-10-25,2026-09-17T11:48:02Z
7453937b-088f-46d5-ad71-bdf9c9db0d48_S12,7453937b-088f-46d5-ad71-bdf9c9db0d48_S12-rainfall-t-900-mm-qualified,Saltersford,52.889881,-0.623490,1987-01-01,2026-09-17T11:48:02Z
7467bfe3-dd5a-4ebe-9ed9-8ba383b80bc8,7467bfe3-dd5a-4ebe-9ed9-8ba383b80bc8-rainfall-t-900-mm-qualified,Mill Green,51.774828,-0.196436,1989-05-12,2026-09-17T11:48:02Z
74b5245d-9d04-4c0c-8b0d-759ed2325cde,74b5245d-9d04-4c0c-8b0d-759ed2325cde-rainfall-t-900-mm-qualified,Hawkridge Withypool,51.070416,-3.643925,2008-10-31,2026-09-17T11:48:02Z
74b6bed8-b1d4-4e50-95da-206beee58f90,74b6bed8-b1d4-4e50-95da-206beee58f90-rainfall-t-900-mm-qualified,Allisland,50.881197,-4.152830,1998-08-31,2026-09-17T11:48:02Z
74d6a909-ad5a-4e66-8f2a-9ad42ec1dbb5,74d6a909-ad5a-4e66-8f2a-9ad42ec1dbb5-rainfall-t-900-mm-qualified,Sedbusk,54.315080,-2.179835,2004-03-26,2026-09-17T11:48:02Z
754ca431-7c31-4cea-8a5a-c62fe0b80a9d,754ca431-7c31-4cea-8a5a-c62fe0b80a9d-rainfall-t-900-mm-qualified,Eggardon Hill,50.743832,-2.639041,2007-03-30,2026-09-17T11:48:02Z
754efe1c-ac6d-4768-b84c-157baa3e4f04,754efe1c-ac6d-4768-b84c-157baa3e4f04-rainfall-t-900-mm-qualified,Burgh Sluice,53.102110,0.316593,1986-01-01,2026-09-17T11:48:02Z
759b6804-e1a1-43ec-973a-14b7d113c356,759b6804-e1a1-43ec-973a-14b7d113c356-rainfall-t-900-mm-qualified,Berwick,55.765643,-2.031107,1999-04-28,2026-09-17T11:48:02Z
75b9118a-632f-491b-8b70-0dee96a1a4cf,75b9118a-632f-491b-8b70-0dee96a1a4cf-rainfall-t-900-mm-qualified,Hollinsclough,53.196610,-1.902208,1985-05-14,2026-09-17T11:48:02Z
765ccf38-0c5b-4164-9cfa-7b800e0248aa,765ccf38-0c5b-4164-9cfa-7b800e0248aa-rainfall-t-900-mm-qualified,Westergate,50.853320,-0.666824,1999-11-01,2026-09-17T11:48:02Z
76824692-1513-46ec-b3de-da8c75fa189a,76824692-1513-46ec-b3de-da8c75fa189a-rainfall-t-900-mm-qualified,Newstead Abbey,53.077038,-1.189858,1999-10-24,2026-09-17T11:48:02Z
7713b538-3915-4948-813a-c953c4162252_322332,7713b538-3915-4948-813a-c953c4162252_322332-rainfall-t-900-mm-qualified,Princes Marsh,51.037417,-0.899753,1991-01-01,2026-09-17T11:48:02Z
774cc4b0-6719-457f-a6c2-5ebe3eebaad4,774cc4b0-6719-457f-a6c2-5ebe3eebaad4-rainfall-t-900-mm-qualified,Elmdon,52.041089,0.142202,1991-07-31,2026-09-17T11:48:02Z
7750e57e-8a30-4e25-b91e-eb01209dbb67,7750e57e-8a30-4e25-b91e-eb01209dbb67-rainfall-t-900-mm-qualified,Embsay,53.986033,-1.998950,1986-07-18,2026-09-17T11:48:02Z
776bf557-2955-45c2-a011-937514701ff1,776bf557-2955-45c2-a011-937514701ff1-rainfall-t-900-mm-qualified,Ludhill Farm,53.606283,-1.767381,2002-06-06,2026-09-17T11:48:02Z
779f3909-1e22-4f82-8038-205923852086_370567,779f3909-1e22-4f82-8038-205923852086_370567-rainfall-t-900-mm-qualified,Crowford Bridge,50.766213,-4.426135,1998-05-31,2026-09-17T11:48:02Z
77c04b44-389d-4ff6-acae-4748b76d8190,77c04b44-389d-4ff6-acae-4748b76d8190-rainfall-t-900-mm-qualified,Trefrida,50.733899,-4.549480,2006-08-18,2026-09-17T11:48:02Z
77c38de6-9185-43cd-b70e-863e481d65e5,77c38de6-9185-43cd-b70e-863e481d65e5-rainfall-t-900-mm-qualified,Lower Standen,51.119615,1.200917,1998-03-11,2026-09-17T11:48:02Z
77c59bfb-d308-4d84-bf7f-76149443fc42,77c59bfb-d308-4d84-bf7f-76149443fc42-rainfall-t-900-mm-qualified,Greenhills Farm,54.682819,-2.252403,2003-02-19,2026-09-17T11:48:02Z
799c66f2-7cb8-4f49-acaa-8fc0869e077e,799c66f2-7cb8-4f49-acaa-8fc0869e077e-rainfall-t-900-mm-qualified,Bishops Waltham,50.942461,-1.229467,1987-11-08,2026-09-17T11:48:02Z
79cdd844-f210-4025-b2db-056f176f2fbb,79cdd844-f210-4025-b2db-056f176f2fbb-rainfall-t-900-mm-qualified,Great Gidding,52.428018,-0.353909,1996-07-31,2026-09-17T11:48:02Z
79d16d86-1834-4d81-86eb-f1128b056bec,79d16d86-1834-4d81-86eb-f1128b056bec-rainfall-t-900-mm-qualified,Rushmoor,52.717772,-2.570056,1984-04-16,2026-09-17T11:48:02Z
7a255f50-e5e8-45ce-8217-65f2629a604a,7a255f50-e5e8-45ce-8217-65f2629a604a-rainfall-t-900-mm-qualified,Duncton,50.938810,-0.654574,2000-05-09,2026-09-17T11:48:02Z
7a90bcbb-6b9e-44ad-8eac-86b1e8fc96c8,7a90bcbb-6b9e-44ad-8eac-86b1e8fc96c8-rainfall-t-900-mm-qualified,Wileysike Gland,55.026707,-2.559986,1992-03-02,2026-09-17T11:48:02Z
7aaa5d37-637e-4f99-afb0-3aba8112bdfa_194080,7aaa5d37-637e-4f99-afb0-3aba8112bdfa_194080-rainfall-t-900-mm-qualified,Denver Complex,52.583189,0.345932,1996-01-31,2026-09-17T11:48:02Z
7aee6a76-fb52-46b4-9fdc-5a9105c7ec34,7aee6a76-fb52-46b4-9fdc-5a9105c7ec34-rainfall-t-900-mm-qualified,Abbeytown Kingside,54.850167,-3.311304,1992-11-02,2026-09-17T11:48:02Z
7b02b27d-8424-41ae-a839-b74ac5e9b1f8,7b02b27d-8424-41ae-a839-b74ac5e9b1f8-rainfall-t-900-mm-qualified,Pirbright,51.278705,-0.624697,2009-09-22,2026-09-17T11:48:02Z
7b2e3900-99bd-4d68-9542-538b32aee047,7b2e3900-99bd-4d68-9542-538b32aee047-rainfall-t-900-mm-qualified,Louth Kenwick Hill,53.345954,0.015872,2011-12-05,2026-09-17T11:48:02Z
7b5ad88e-06b5-44af-af75-4df0411add81,7b5ad88e-06b5-44af-af75-4df0411add81-rainfall-t-900-mm-qualified,Red Bridge,53.782927,-2.992139,2014-07-14,2026-09-17T11:48:02Z
7be6ddf7-b0e9-4434-bdfe-29a228853d01,7be6ddf7-b0e9-4434-bdfe-29a228853d01-rainfall-t-900-mm-qualified,Blyth No 2,55.133187,-1.538845,2008-05-20,2026-09-17T11:48:02Z
7d35fb9f-e546-437a-98f8-6dfec0697563,7d35fb9f-e546-437a-98f8-6dfec0697563-rainfall-t-900-mm-qualified,Fakenham,52.822949,0.847980,1991-09-30,2026-09-17T11:48:02Z
7d8303de-de30-407a-960e-66eb6248f97f,7d8303de-de30-407a-960e-66eb6248f97f-rainfall-t-900-mm-qualified,Lower Rivington,53.604303,-2.558913,1995-04-12,2026-09-17T11:48:02Z
7e30d7d5-f820-41f1-b58c-1ee85e9790d0,7e30d7d5-f820-41f1-b58c-1ee85e9790d0-rainfall-t-900-mm-qualified,Skipton Snaygill,53.947896,-2.019763,2012-04-05,2026-09-17T11:48:02Z
7e4ca8fc-7ec9-4479-88a6-e2a7d56428aa,7e4ca8fc-7ec9-4479-88a6-e2a7d56428aa-rainfall-t-900-mm-qualified,Marlborough,51.413034,-1.725481,1985-04-30,2026-09-17T11:48:02Z
7e997ddd-1de6-49e8-9c4a-9306761e7638,7e997ddd-1de6-49e8-9c4a-9306761e7638-rainfall-t-900-mm-qualified,Lamberhurst,51.098528,0.395391,1999-06-03,2026-09-17T11:48:02Z
7eb546a1-8663-4d07-a9cc-e7b5f6e13006,7eb546a1-8663-4d07-a9cc-e7b5f6e13006-rainfall-t-900-mm-qualified,Wheatley,51.741300,-1.119675,1991-03-18,2026-09-17T11:48:02Z
7ec1ca0d-51ac-41cf-b2e6-102f66dcfe03,7ec1ca0d-51ac-41cf-b2e6-102f66dcfe03-rainfall-t-900-mm-qualified,Barham,51.215474,1.146913,1996-02-14,2026-09-17T11:48:02Z
7ec3f61f-e348-4dfe-a001-35593471d690,7ec3f61f-e348-4dfe-a001-35593471d690-rainfall-t-900-mm-qualified,Driffield,53.999027,-0.430830,1988-08-01,2026-09-17T11:48:02Z
7fac9e3c-3c53-47e0-952a-afd8c11ded0e,7fac9e3c-3c53-47e0-952a-afd8c11ded0e-rainfall-t-900-mm-qualified,Eggleston Folly House,54.605267,-1.986507,2004-01-01,2026-09-17T11:48:02Z
7faccfd8-624b-4c27-a410-567c250717c6,7faccfd8-624b-4c27-a410-567c250717c6-rainfall-t-900-mm-qualified,March,52.571926,0.123831,1991-07-31,2026-09-17T11:48:02Z
80786ae5-4dd1-4c30-8206-c7e62cf7ccb0,80786ae5-4dd1-4c30-8206-c7e62cf7ccb0-rainfall-t-900-mm-qualified,Hemyock,50.909002,-3.226990,1993-01-01,2026-09-17T11:48:02Z
80adacdc-2936-48f5-b81e-03ad0afe587e,80adacdc-2936-48f5-b81e-03ad0afe587e-rainfall-t-900-mm-qualified,Fulwood,50.971934,-3.123323,1995-01-30,2026-09-17T11:48:02Z
80e4f0d1-c34c-4880-af83-4fba7b20697c,80e4f0d1-c34c-4880-af83-4fba7b20697c-rainfall-t-900-mm-qualified,Sible Hedingham,51.964747,0.607476,2012-08-17,2026-09-17T11:48:02Z
80ef9b9f-389d-4a32-8158-9c911e54ead0,80ef9b9f-389d-4a32-8158-9c911e54ead0-rainfall-t-900-mm-qualified,Hartside,54.774838,-2.516875,1999-08-28,2026-09-17T11:48:02Z
80facbe0-8c54-497e-96b9-6804eada4859,80facbe0-8c54-497e-96b9-6804eada4859-rainfall-t-900-mm-qualified,Overseal,52.730863,-1.570800,1973-12-31,2026-09-17T11:48:02Z
811145cd-dc4d-4d26-99d9-9b4312e63e55,811145cd-dc4d-4d26-99d9-9b4312e63e55-rainfall-t-900-mm-qualified,Tisbury,51.067898,-2.062823,1995-04-22,2026-09-17T11:48:02Z
81130578-f007-44e3-a229-14c9c15d5d71,81130578-f007-44e3-a229-14c9c15d5d71-rainfall-t-900-mm-qualified,Cottingham,53.793448,-0.410670,1985-06-07,2026-09-17T11:48:02Z
8135195c-c7ed-4b09-89b7-597447afb0c7,8135195c-c7ed-4b09-89b7-597447afb0c7-rainfall-t-900-mm-qualified,Moor Park,53.774193,-2.704801,1995-08-29,2026-09-17T11:48:02Z
8141e81a-970f-43a2-bd59-7badd94fca2a,8141e81a-970f-43a2-bd59-7badd94fca2a-rainfall-t-900-mm-qualified,Fleckney,52.544740,-1.031584,1985-12-19,2026-09-17T11:48:02Z
8194a8f8-2844-40be-97e6-bb5392e1380d,8194a8f8-2844-40be-97e6-bb5392e1380d-rainfall-t-900-mm-qualified,Ashington,50.928806,-0.384109,2000-02-17,2026-09-17T11:48:02Z
821f835f-2ec5-4fc1-9ff0-f1a42e3ff873,821f835f-2ec5-4fc1-9ff0-f1a42e3ff873-rainfall-t-900-mm-qualified,Mitcham,51.415955,-0.162865,1995-03-25,2026-09-17T11:48:02Z
82a8f957-7879-4f31-9c3f-dc7499ad5d34,82a8f957-7879-4f31-9c3f-dc7499ad5d34-rainfall-t-900-mm-qualified,Forncett End,52.492363,1.156472,1997-01-01,2026-09-17T11:48:02Z
82ae369b-b054-4414-9baf-bfc8e3030eea,82ae369b-b054-4414-9baf-bfc8e3030eea-rainfall-t-900-mm-qualified,Pett,50.884420,0.672496,2004-01-15,2026-09-17T11:48:02Z
82fd6b02-72e4-42bc-b60f-c416df1cdee9,82fd6b02-72e4-42bc-b60f-c416df1cdee9-rainfall-t-900-mm-qualified,Chipping,53.891466,-2.588758,1990-12-21,2026-09-17T11:48:02Z
83241cc6-974e-4e3d-9065-f34e992a96be,83241cc6-974e-4e3d-9065-f34e992a96be-rainfall-t-900-mm-qualified,Ulceby Cross,53.235257,0.103796,1987-01-01,2026-09-17T11:48:02Z
836a5e30-2067-4f90-b835-cea6896cfc33,836a5e30-2067-4f90-b835-cea6896cfc33-rainfall-t-900-mm-qualified,Stansted,51.897366,0.182874,1989-01-01,2026-09-17T11:48:02Z
837092e3-2eb1-4873-9bc7-e317217a6e6b,837092e3-2eb1-4873-9bc7-e317217a6e6b-rainfall-t-900-mm-qualified,Nutwell,53.520836,-1.045520,2001-03-06,2026-09-17T11:48:02Z
83757084-4978-4f15-ac9d-d231f7f2e72a,83757084-4978-4f15-ac9d-d231f7f2e72a-rainfall-t-900-mm-qualified,Allet Nanteague Farm,50.303672,-5.098351,2012-03-08,2026-09-17T11:48:02Z
837cdaf4-83e6-4549-9816-15da6097c434,837cdaf4-83e6-4549-9816-15da6097c434-rainfall-t-900-mm-qualified,Chertsey,51.397965,-0.543226,1990-01-03,2026-09-17T11:48:02Z
83a85a85-b3b5-484e-b677-7f0fcc5f32f5,83a85a85-b3b5-484e-b677-7f0fcc5f32f5-rainfall-t-900-mm-qualified,Newton Rigg,54.669987,-2.787851,1991-06-03,2026-09-17T11:48:02Z
83ad5645-a968-4225-9d29-b33307bddb34,83ad5645-a968-4225-9d29-b33307bddb34-rainfall-t-900-mm-qualified,Quarry Hill Filter,54.760066,-3.214195,1992-11-16,2026-09-17T11:48:02Z
83e1eafc-df1d-4378-a288-16d22bec4945,83e1eafc-df1d-4378-a288-16d22bec4945-rainfall-t-900-mm-qualified,Brathay Hall,54.420502,-2.977781,1989-12-31,2026-09-17T11:48:02Z
840fd6a8-076f-4f39-9530-89dbe4107c24,840fd6a8-076f-4f39-9530-89dbe4107c24-rainfall-t-900-mm-qualified,Kirkby Thore,54.634234,-2.553153,1992-11-30,2026-09-17T11:48:02Z
8457cbca-e835-4a13-98ea-e6473abea4bd,8457cbca-e835-4a13-98ea-e6473abea4bd-rainfall-t-900-mm-qualified,Mitchells House,53.743339,-2.323029,2016-01-28,2026-09-17T11:48:02Z
84588a50-e518-4e1f-9513-c59fc4881c55,84588a50-e518-4e1f-9513-c59fc4881c55-rainfall-t-900-mm-qualified,Chatteris,52.465214,0.052104,1998-12-31,2026-09-17T11:48:02Z
84c40b61-9bda-430d-b56e-d25e2280a46e,84c40b61-9bda-430d-b56e-d25e2280a46e-rainfall-t-900-mm-qualified,Burnham Overy Town,52.945982,0.744841,2007-05-02,2026-09-17T11:48:02Z
8578948f-c994-4b0b-8ae2-4e6d07bfdb88_385441,8578948f-c994-4b0b-8ae2-4e6d07bfdb88_385441-rainfall-t-900-mm-qualified,Port Issac,50.588702,-4.829706,2006-07-02,2026-09-17T11:48:02Z
857b0206-b13b-4889-961f-729d752f6df7,857b0206-b13b-4889-961f-729d752f6df7-rainfall-t-900-mm-qualified,Clewer,51.260065,-2.806155,2001-12-27,2026-09-17T11:48:02Z
85e3d891-e1c5-47bf-850b-721c912dd2dc,85e3d891-e1c5-47bf-850b-721c912dd2dc-rainfall-t-900-mm-qualified,East Haven Barrier,51.530673,0.517675,1999-01-01,2026-09-17T11:48:02Z
863a5b08-ced2-4c4b-8a8e-74735b04c3f2,863a5b08-ced2-4c4b-8a8e-74735b04c3f2-rainfall-t-900-mm-qualified,Croppenburg,51.520438,0.617502,2014-09-08,2026-09-17T11:48:02Z
87347cd5-945d-48bb-b57e-e15a192b1b81,87347cd5-945d-48bb-b57e-e15a192b1b81-rainfall-t-900-mm-qualified,Cauldon Low,53.029244,-1.914067,1985-03-21,2026-09-17T11:48:02Z
8736a5d8-133a-46cc-b277-b6a20b7fd88c_573719,8736a5d8-133a-46cc-b277-b6a20b7fd88c_573719-rainfall-t-900-mm-qualified,Footholme,53.971000,-2.530821,1997-02-04,2026-09-17T11:48:02Z
8747d0fe-eb43-432f-aa57-afadcc8ef6d0,8747d0fe-eb43-432f-aa57-afadcc8ef6d0-rainfall-t-900-mm-qualified,Richard Fairclough House,53.380972,-2.570851,1996-03-31,2026-09-17T11:48:02Z
877c68b8-7026-468c-b495-4d11ea00168a,877c68b8-7026-468c-b495-4d11ea00168a-rainfall-t-900-mm-qualified,Bagley,52.842242,-2.871885,1981-07-21,2026-09-17T11:48:02Z
8789c3aa-d100-4b06-84f5-5bb23d62f5cb,8789c3aa-d100-4b06-84f5-5bb23d62f5cb-rainfall-t-900-mm-qualified,Catcleugh,55.321002,-2.396301,1982-02-28,2026-09-17T11:48:02Z
879f997f-8a39-4783-baff-acd8a15ae769,879f997f-8a39-4783-baff-acd8a15ae769-rainfall-t-900-mm-qualified,Summergrove,54.529463,-3.546959,1993-07-15,2026-09-17T11:48:02Z
87aa5ba3-ac02-4fe6-a0fe-04778fbdc456,87aa5ba3-ac02-4fe6-a0fe-04778fbdc456-rainfall-t-900-mm-qualified,Canterbury,51.294525,1.108706,1990-12-11,2026-09-17T11:48:02Z
87b4b709-2e14-40dd-8c96-8d706de12fb8,87b4b709-2e14-40dd-8c96-8d706de12fb8-rainfall-t-900-mm-qualified,Haresceugh Castle,54.779340,-2.608195,1992-11-11,2026-09-17T11:48:02Z
87dbc287-d4a1-4e23-9849-8ba172948f73,87dbc287-d4a1-4e23-9849-8ba172948f73-rainfall-t-900-mm-qualified,Acle,52.632883,1.557348,2002-07-31,2026-09-17T11:48:02Z
87e87278-d91d-440a-be97-2e5e0299501b,87e87278-d91d-440a-be97-2e5e0299501b-rainfall-t-900-mm-qualified,Acomb Codlaw Hill,55.010623,-2.085446,2015-11-12,2026-09-17T11:48:02Z
87ff9468-a686-4298-b06e-d38ba90cb4fb,87ff9468-a686-4298-b06e-d38ba90cb4fb-rainfall-t-900-mm-qualified,Frankley,52.419334,-1.990832,1985-09-04,2026-09-17T11:48:02Z
8862e64c-337a-446a-871e-dc859fe35af9,8862e64c-337a-446a-871e-dc859fe35af9-rainfall-t-900-mm-qualified,Llanwarne,51.952002,-2.736500,1996-03-13,2026-09-17T11:48:02Z
8864da31-6c81-4cb1-bde9-d4ca73423222,8864da31-6c81-4cb1-bde9-d4ca73423222-rainfall-t-900-mm-qualified,Burstow,51.177967,-0.133640,1979-09-13,2026-09-17T11:48:02Z
88bf378e-8ad2-46d0-94a8-f7230c9640c0,88bf378e-8ad2-46d0-94a8-f7230c9640c0-rainfall-t-900-mm-qualified,Longcliffe,53.094139,-1.659481,1980-11-20,2026-09-17T11:48:02Z
88f4bf49-b3a1-46b6-8dd1-11c57b3d2b3e,88f4bf49-b3a1-46b6-8dd1-11c57b3d2b3e-rainfall-t-900-mm-qualified,West Dunkery,51.163574,-3.611466,1993-10-06,2026-09-17T11:48:02Z
88fc28c6-8b2f-48a0-ae57-de95f139e48f,88fc28c6-8b2f-48a0-ae57-de95f139e48f-rainfall-t-900-mm-qualified,Scarhouse,51.511158,0.583388,2014-09-08,2026-09-17T11:48:02Z
89cafbf1-0666-4f51-ac8c-9a96a6f9c8b9,89cafbf1-0666-4f51-ac8c-9a96a6f9c8b9-rainfall-t-900-mm-qualified,Lavenham,52.102789,0.807765,2011-12-28,2026-09-17T11:48:02Z
89ccf565-fb71-43b7-8dba-d843e01363c3_244027TP,89ccf565-fb71-43b7-8dba-d843e01363c3_244027TP-rainfall-t-900-mm-qualified,Rye Meads,51.769243,0.016643,1989-05-18,2026-09-17T11:48:02Z
89dccfc2-cdf8-42b0-bad3-a5f231f70638,89dccfc2-cdf8-42b0-bad3-a5f231f70638-rainfall-t-900-mm-qualified,Seahouses,55.580304,-1.646147,1999-05-12,2026-09-17T11:48:02Z
89eaad02-4c88-4234-82b0-2efe9bb8ae99,89eaad02-4c88-4234-82b0-2efe9bb8ae99-rainfall-t-900-mm-qualified,Brimfield,52.307408,-2.728305,1986-09-22,2026-09-17T11:48:02Z
8a4b14fe-913b-44dc-bba9-43fbdd7d94d3,8a4b14fe-913b-44dc-bba9-43fbdd7d94d3-rainfall-t-900-mm-qualified,Stainforth,54.103902,-2.272040,1990-01-10,2026-09-17T11:48:02Z
8a94b829-d54c-402a-8586-b35cece06a2f_390511,8a94b829-d54c-402a-8586-b35cece06a2f_390511-rainfall-t-900-mm-qualified,Sticklepath,50.737369,-3.917975,1998-08-31,2026-09-17T11:48:02Z
8aa91605-9f60-445d-a6f7-d54d1ddb77bd,8aa91605-9f60-445d-a6f7-d54d1ddb77bd-rainfall-t-900-mm-qualified,Filey No 2,54.204120,-0.303032,2008-10-01,2026-09-17T11:48:02Z
8b981db7-6788-411e-a75f-862bba62360c,8b981db7-6788-411e-a75f-862bba62360c-rainfall-t-900-mm-qualified,Elvington,53.927497,-0.928139,2022-10-25,2026-09-17T11:48:02Z
8c9a12fc-0628-48c5-97d9-d90d3a9d324b,8c9a12fc-0628-48c5-97d9-d90d3a9d324b-rainfall-t-900-mm-qualified,Schola Green,54.064935,-2.863366,2001-06-07,2026-09-17T11:48:02Z
8c9fc034-255e-4464-8dd7-407bce549c63,8c9fc034-255e-4464-8dd7-407bce549c63-rainfall-t-900-mm-qualified,Prewley,50.700333,-4.057185,2005-09-28,2026-09-17T11:48:02Z
8d145ad5-7ac9-4b5a-810b-783359f24bd7,8d145ad5-7ac9-4b5a-810b-783359f24bd7-rainfall-t-900-mm-qualified,Fisher Tarn,54.328070,-2.694405,1992-02-06,2026-09-17T11:48:02Z
8d22d1b2-d81a-4e6c-8e9d-228751a758e5,8d22d1b2-d81a-4e6c-8e9d-228751a758e5-rainfall-t-900-mm-qualified,Sandon Dock,53.428397,-2.998837,1994-06-03,2026-09-17T11:48:02Z
8d6f4287-9c5c-4cbf-81fb-c8def8376ac2,8d6f4287-9c5c-4cbf-81fb-c8def8376ac2-rainfall-t-900-mm-qualified,Worlingham,52.447326,1.607001,1996-02-15,2026-09-17T11:48:02Z
8d901b06-e5ca-469c-9c88-8d3de8ddda27,8d901b06-e5ca-469c-9c88-8d3de8ddda27-rainfall-t-900-mm-qualified,Pembury,51.159774,0.325491,2016-04-22,2026-09-17T11:48:02Z
8d954129-924c-47e3-8750-5f29a59617b2,8d954129-924c-47e3-8750-5f29a59617b2-rainfall-t-900-mm-qualified,Harbertonford Slipperstone,50.391542,-3.738644,2021-10-22,2026-09-17T11:48:02Z
8da46a9f-ea17-45c4-ace4-ac9021a851ee,8da46a9f-ea17-45c4-ace4-ac9021a851ee-rainfall-t-900-mm-qualified,Audlem  Mere Farm,52.965206,-2.460690,1994-04-25,2026-09-17T11:48:02Z
8dbdd24e-d8fa-42ef-bc75-4ed64c0533e9,8dbdd24e-d8fa-42ef-bc75-4ed64c0533e9-rainfall-t-900-mm-qualified,Worlds End,50.902079,-1.107419,1987-06-10,2026-09-17T11:48:02Z
8de159d8-774e-4a8a-b3e8-7efe37bf7592,8de159d8-774e-4a8a-b3e8-7efe37bf7592-rainfall-t-900-mm-qualified,Ashbrook,51.933809,-0.253272,2007-06-25,2026-09-17T11:48:02Z
8de4cffa-7d81-42b1-8c90-962de9f762f9,8de4cffa-7d81-42b1-8c90-962de9f762f9-rainfall-t-900-mm-qualified,Thornton Steward,54.292223,-1.719522,2022-11-07,2026-09-17T11:48:02Z
8e239fdb-f224-4e81-a678-ae5687e0283d,8e239fdb-f224-4e81-a678-ae5687e0283d-rainfall-t-900-mm-qualified,Otterham Station,50.677180,-4.611973,2008-01-18,2026-09-17T11:48:02Z
8e34512c-9966-4b67-a71e-b04c0500845c,8e34512c-9966-4b67-a71e-b04c0500845c-rainfall-t-900-mm-qualified,Littlethorpe,52.564070,-1.200371,1998-06-02,2026-09-17T11:48:02Z
8e4ba94c-d350-4c6d-acd6-b37ff1550af2,8e4ba94c-d350-4c6d-acd6-b37ff1550af2-rainfall-t-900-mm-qualified,Litchborough,52.190518,-1.088011,1984-07-04,2026-09-17T11:48:02Z
8eb20676-4322-4579-a863-cc973087d222,8eb20676-4322-4579-a863-cc973087d222-rainfall-t-900-mm-qualified,Silsden Reservoir,53.922920,-1.932028,2022-10-25,2026-09-17T11:48:02Z
8ec41d7f-cb69-4d72-beb1-1e8cc4c5a50f,8ec41d7f-cb69-4d72-beb1-1e8cc4c5a50f-rainfall-t-900-mm-qualified,Malham Tarn,54.099892,-2.163702,1984-08-01,2026-09-17T11:48:02Z
8f39b4d3-94fc-4151-83b9-9b72d9e00342,8f39b4d3-94fc-4151-83b9-9b72d9e00342-rainfall-t-900-mm-qualified,Force Crag,54.583418,-3.237515,2022-11-23,2026-09-17T11:48:02Z
8f41d2e8-db1e-42fa-b4ce-420d4f099744,8f41d2e8-db1e-42fa-b4ce-420d4f099744-rainfall-t-900-mm-qualified,Chipping,51.972956,-0.024933,1988-01-06,2026-09-17T11:48:02Z
8f4af320-dffd-405f-aea8-62211fe8c8ce,8f4af320-dffd-405f-aea8-62211fe8c8ce-rainfall-t-900-mm-qualified,Weighton,53.719690,-0.676680,2001-10-09,2026-09-17T11:48:02Z
8fcffa7e-8b31-4a88-9d0e-8e7eba50572d,8fcffa7e-8b31-4a88-9d0e-8e7eba50572d-rainfall-t-900-mm-qualified,Evershot,50.837290,-2.600695,1995-04-21,2026-09-17T11:48:02Z
8ff8f061-3130-4953-b6b2-285aad946f06,8ff8f061-3130-4953-b6b2-285aad946f06-rainfall-t-900-mm-qualified,Thruscross,54.012026,-1.767629,2000-02-02,2026-09-17T11:48:02Z
901422cc-a2c1-4c74-9c57-26a36bb048b8,901422cc-a2c1-4c74-9c57-26a36bb048b8-rainfall-t-900-mm-qualified,Worthington,53.587325,-2.634493,1998-06-30,2026-09-17T11:48:02Z
904f86de-a157-4253-bdcc-cbc3c744a11f,904f86de-a157-4253-bdcc-cbc3c744a11f-rainfall-t-900-mm-qualified,Swineshaw,53.457465,-1.935572,2003-04-01,2026-09-17T11:48:02Z
91111f20-4a81-49e5-87eb-0cd9cad5f302,91111f20-4a81-49e5-87eb-0cd9cad5f302-rainfall-t-900-mm-qualified,Monkmoor,52.717875,-2.716768,1983-06-29,2026-09-17T11:48:02Z
9122f734-9a1c-460b-acc9-b871908a9a9c,9122f734-9a1c-460b-acc9-b871908a9a9c-rainfall-t-900-mm-qualified,Clevedon,51.440937,-2.821638,2010-12-31,2026-09-17T11:48:02Z
9153f95f-8402-4c9a-ae03-fe03dec1ee31,9153f95f-8402-4c9a-ae03-fe03dec1ee31-rainfall-t-900-mm-qualified,Broomy Hill,52.053059,-2.736469,1993-04-26,2026-09-17T11:48:02Z
91a0bc46-6c53-4857-8ad7-e94414fd2a40_344137,91a0bc46-6c53-4857-8ad7-e94414fd2a40_344137-rainfall-t-900-mm-qualified,Black Lane,50.864324,-2.142774,1995-04-22,2026-09-17T11:48:02Z
91a0bc46-6c53-4857-8ad7-e94414fd2a40_344138,91a0bc46-6c53-4857-8ad7-e94414fd2a40_344138-rainfall-t-900-mm-qualified,Black Lane,50.864324,-2.142774,2021-12-31,2026-09-17T11:48:02Z
926d708c-f2d3-475c-a227-53d9c59ec260,926d708c-f2d3-475c-a227-53d9c59ec260-rainfall-t-900-mm-qualified,Sodylt,52.959279,-2.976898,2002-06-14,2026-09-17T11:48:02Z
92c16f63-5f5b-46d7-9526-8165cf373f46,92c16f63-5f5b-46d7-9526-8165cf373f46-rainfall-t-900-mm-qualified,Cowbeech,50.911432,0.289503,2000-02-17,2026-09-17T11:48:02Z
92c2130e-641a-452a-a6ce-b0aba496e680,92c2130e-641a-452a-a6ce-b0aba496e680-rainfall-t-900-mm-qualified,Exmouth Maer Lane,50.615029,-3.380588,2009-02-20,2026-09-17T11:48:02Z
92d3b554-a394-4d50-aa11-56332184012c,92d3b554-a394-4d50-aa11-56332184012c-rainfall-t-900-mm-qualified,Marsden Butterley,53.592619,-1.929294,2003-01-22,2026-09-17T11:48:02Z
931bd972-b37a-44c7-8325-9bd228fe7971,931bd972-b37a-44c7-8325-9bd228fe7971-rainfall-t-900-mm-qualified,Calbourne,50.671213,-1.398804,1987-06-01,2026-09-17T11:48:02Z
935b389b-7ab8-46e6-9758-f8eb3861fbba,935b389b-7ab8-46e6-9758-f8eb3861fbba-rainfall-t-900-mm-qualified,Peterlee,54.761165,-1.340700,1999-04-20,2026-09-17T11:48:02Z
93a22248-0c5a-4204-a655-f12b202b4570,93a22248-0c5a-4204-a655-f12b202b4570-rainfall-t-900-mm-qualified,Parkham,50.975584,-4.290375,1998-08-31,2026-09-17T11:48:02Z
93daf755-8bd4-4ae4-b9d0-bcfbef4453c7_350533,93daf755-8bd4-4ae4-b9d0-bcfbef4453c7_350533-rainfall-t-900-mm-qualified,Sutton Poyntz,50.658721,-2.415446,2007-07-13,2026-09-17T11:48:02Z
9424b476-6ae6-4096-b013-3b98fd06ac7b,9424b476-6ae6-4096-b013-3b98fd06ac7b-rainfall-t-900-mm-qualified,Howdon NO 2,54.992711,-1.477547,1999-04-20,2026-09-17T11:48:02Z
942504a9-7141-4001-a7e9-a9415a343b50,942504a9-7141-4001-a7e9-a9415a343b50-rainfall-t-900-mm-qualified,Croyde Bay Moor Lane,51.134637,-4.239775,2022-03-22,2026-09-17T11:48:02Z
94909bf3-375c-45d3-9b08-d95e40163179,94909bf3-375c-45d3-9b08-d95e40163179-rainfall-t-900-mm-qualified,Lapford Bowerthy,50.873464,-3.798506,2015-05-13,2026-09-17T11:48:02Z
94c50986-d4c2-40ac-b1ff-babb5f370743,94c50986-d4c2-40ac-b1ff-babb5f370743-rainfall-t-900-mm-qualified,Maundown,51.053941,-3.335660,1994-12-03,2026-09-17T11:48:02Z
94fd6f10-20e1-4b72-915c-5364725b14d3,94fd6f10-20e1-4b72-915c-5364725b14d3-rainfall-t-900-mm-qualified,St Johns,51.689430,-1.679967,1984-08-31,2026-09-17T11:48:02Z
95d28c65-f779-4a71-b224-093bbd151d16,95d28c65-f779-4a71-b224-093bbd151d16-rainfall-t-900-mm-qualified,Font,55.238061,-1.919638,1982-01-01,2026-09-17T11:48:02Z
95d41928-f47b-4b8c-b449-0fdcb9770c8a,95d41928-f47b-4b8c-b449-0fdcb9770c8a-rainfall-t-900-mm-qualified,Overton,50.929968,0.266973,1988-09-22,2026-09-17T11:48:02Z
95faef82-71d3-419c-a09f-b1e300a6c209,95faef82-71d3-419c-a09f-b1e300a6c209-rainfall-t-900-mm-qualified,Salle,52.774395,1.151287,1991-09-30,2026-09-17T11:48:02Z
9613da0c-52c8-4f2c-b689-75cd79f57c9d,9613da0c-52c8-4f2c-b689-75cd79f57c9d-rainfall-t-900-mm-qualified,Quinton,52.185461,-0.867536,1999-10-21,2026-09-17T11:48:02Z
96c8697d-52e0-4626-9e52-25e8db9ce83e,96c8697d-52e0-4626-9e52-25e8db9ce83e-rainfall-t-900-mm-qualified,Stevenage,51.884892,-0.156507,2005-10-21,2026-09-17T11:48:02Z
96e5afcd-06cd-41ca-bd1a-37ee8b9ce2bd,96e5afcd-06cd-41ca-bd1a-37ee8b9ce2bd-rainfall-t-900-mm-qualified,Middlesborough Stewart Park No.2,54.543455,-1.201370,2011-08-16,2026-09-17T11:48:02Z
96f56e8d-ac3e-4e54-9959-1c6e33a73193,96f56e8d-ac3e-4e54-9959-1c6e33a73193-rainfall-t-900-mm-qualified,Hatt,50.431943,-4.269914,2005-12-08,2026-09-17T11:48:02Z
97367d32-d221-4ed7-9c81-003c0e3d4730,97367d32-d221-4ed7-9c81-003c0e3d4730-rainfall-t-900-mm-qualified,Ashford Hall,53.225489,-1.700831,2001-12-31,2026-09-17T11:48:02Z
9774b339-85f1-4288-a02d-bfeb498386c5,9774b339-85f1-4288-a02d-bfeb498386c5-rainfall-t-900-mm-qualified,Yattendon,51.465184,-1.196773,1996-06-01,2026-09-17T11:48:02Z
97b2dffa-5e5f-4f9f-9e21-99440c30896f,97b2dffa-5e5f-4f9f-9e21-99440c30896f-rainfall-t-900-mm-qualified,Warkworth,55.346551,-1.629815,1999-04-27,2026-09-17T11:48:02Z
983672a0-3fc0-46b8-b61f-b97e5d2ef7f5,983672a0-3fc0-46b8-b61f-b97e5d2ef7f5-rainfall-t-900-mm-qualified,Burwell,52.294035,0.332848,1999-01-07,2026-09-17T11:48:02Z
988af376-8107-4553-8518-122a43100d44,988af376-8107-4553-8518-122a43100d44-rainfall-t-900-mm-qualified,Stanford,52.417081,-1.125353,1982-04-27,2026-09-17T11:48:02Z
989bdc2f-d82e-49f3-8538-9d7e219ce458,989bdc2f-d82e-49f3-8538-9d7e219ce458-rainfall-t-900-mm-qualified,Rock End,53.104906,-2.155203,2007-07-06,2026-09-17T11:48:02Z
98dd24a5-7f20-471a-8079-009e2f0355ec,98dd24a5-7f20-471a-8079-009e2f0355ec-rainfall-t-900-mm-qualified,Watchgate,54.375597,-2.723087,2000-04-10,2026-09-17T11:48:02Z
98e3da0b-beb7-4842-a44d-85d45a5f1329,98e3da0b-beb7-4842-a44d-85d45a5f1329-rainfall-t-900-mm-qualified,Colne Swinden,53.850886,-2.195683,1990-12-12,2026-09-17T11:48:02Z
98e6aaad-13e6-4b48-9203-894503f0f455,98e6aaad-13e6-4b48-9203-894503f0f455-rainfall-t-900-mm-qualified,Up Holland Dean Wood,53.547562,-2.718324,2002-05-09,2026-09-17T11:48:02Z
996032d9-c99e-4ffc-af17-4207a68570bb,996032d9-c99e-4ffc-af17-4207a68570bb-rainfall-t-900-mm-qualified,Lowestoft,52.470151,1.737891,1991-09-30,2026-09-17T11:48:02Z
99e82d91-febb-4d8c-b75c-a898bb560812,99e82d91-febb-4d8c-b75c-a898bb560812-rainfall-t-900-mm-qualified,Kingstag Ridge Farm,50.895051,-2.385127,2006-11-28,2026-09-17T11:48:02Z
9a45a8f5-1f2a-4887-aaf3-38150a3647cb,9a45a8f5-1f2a-4887-aaf3-38150a3647cb-rainfall-t-900-mm-qualified,Scargill,53.978854,-1.646428,1997-10-16,2026-09-17T11:48:02Z
9a96b925-f7a7-4c19-b765-d81196a0d97a,9a96b925-f7a7-4c19-b765-d81196a0d97a-rainfall-t-900-mm-qualified,Knockholt,51.306294,0.102022,2002-06-25,2026-09-17T11:48:02Z
9a9ed23d-2bdb-4bba-9e01-e29b389be85e,9a9ed23d-2bdb-4bba-9e01-e29b389be85e-rainfall-t-900-mm-qualified,St Teath,50.592823,-4.742852,2006-04-07,2026-09-17T11:48:02Z
9aedcc0b-121b-49c5-a706-9b5cb2598f05,9aedcc0b-121b-49c5-a706-9b5cb2598f05-rainfall-t-900-mm-qualified,West Bergholt,51.904923,0.848021,2012-07-13,2026-09-17T11:48:02Z
9b0e4557-3a6b-4cdf-a7f7-fdcf86bf165c,9b0e4557-3a6b-4cdf-a7f7-fdcf86bf165c-rainfall-t-900-mm-qualified,Goonhilly,50.035701,-5.208895,2010-02-09,2026-09-17T11:48:02Z
9b495091-97a1-42b4-9b04-f4eff295cd5d,9b495091-97a1-42b4-9b04-f4eff295cd5d-rainfall-t-900-mm-qualified,Mildenhall,52.345447,0.484290,1996-02-01,2026-09-17T11:48:02Z
9bd58397-e67c-4007-aaf5-fd9dfa5d929b,9bd58397-e67c-4007-aaf5-fd9dfa5d929b-rainfall-t-900-mm-qualified,Trengwainton,50.127190,-5.568903,1998-05-31,2026-09-17T11:48:02Z
9be538a5-e9a1-4633-9a3e-5b6c400bed5a,9be538a5-e9a1-4633-9a3e-5b6c400bed5a-rainfall-t-900-mm-qualified,Weir Wood,51.100535,0.008116,1991-01-10,2026-09-17T11:48:02Z
9c410154-e034-43d3-b1f9-8124f0f8b279,9c410154-e034-43d3-b1f9-8124f0f8b279-rainfall-t-900-mm-qualified,Rothbury,55.312169,-1.909578,2011-07-06,2026-09-17T11:48:02Z
9c5a84c5-1271-4484-a0bc-8d11d2bdd023,9c5a84c5-1271-4484-a0bc-8d11d2bdd023-rainfall-t-900-mm-qualified,Osbournby,52.931067,-0.401839,2000-04-05,2026-09-17T11:48:02Z
9cba8a99-f947-4661-8745-3cf4350dfda5_376412,9cba8a99-f947-4661-8745-3cf4350dfda5_376412-rainfall-t-900-mm-qualified,Colliford,50.510107,-4.569038,2001-04-24,2026-09-17T11:48:02Z
9cbfd7c3-d11f-4a5e-ac4c-99575bf18c86,9cbfd7c3-d11f-4a5e-ac4c-99575bf18c86-rainfall-t-900-mm-qualified,Raymonds Hill,50.767425,-2.964048,2008-02-21,2026-09-17T11:48:02Z
9cd31b89-fa6a-46c6-857e-95d77eaf22ef,9cd31b89-fa6a-46c6-857e-95d77eaf22ef-rainfall-t-900-mm-qualified,Lucott Farm,51.193216,-3.611999,2008-08-19,2026-09-17T11:48:02Z
9d0d28be-96da-42dd-bc53-e68f82ff9074,9d0d28be-96da-42dd-bc53-e68f82ff9074-rainfall-t-900-mm-qualified,Bredenbury NO.2,52.195414,-2.560450,2016-10-14,2026-09-17T11:48:02Z
9d2a5f0e-dfe9-4806-8ea2-8132ed0a639a,9d2a5f0e-dfe9-4806-8ea2-8132ed0a639a-rainfall-t-900-mm-qualified,How Green,51.308012,-0.160866,1989-01-01,2026-09-17T11:48:02Z
9d9a390f-6dfa-45d0-9657-7584da71b56f,9d9a390f-6dfa-45d0-9657-7584da71b56f-rainfall-t-900-mm-qualified,Kingsmill Down,51.155931,1.009852,2000-03-22,2026-09-17T11:48:02Z
9db60c7f-f1e8-4740-9f88-a65eab8b11db,9db60c7f-f1e8-4740-9f88-a65eab8b11db-rainfall-t-900-mm-qualified,Wennington Clintsfield,54.122073,-2.572241,1991-01-03,2026-09-17T11:48:02Z
9dba2bf3-f5ea-4616-ac8e-dce16dbc0dc8,9dba2bf3-f5ea-4616-ac8e-dce16dbc0dc8-rainfall-t-900-mm-qualified,Brixham,50.384839,-3.524079,2011-01-01,2026-09-17T11:48:02Z
9ddf2fba-8f6b-48b0-a39c-a3d19773374d,9ddf2fba-8f6b-48b0-a39c-a3d19773374d-rainfall-t-900-mm-qualified,Sevenoaks,51.292238,0.194640,1990-09-17,2026-09-17T11:48:02Z
9ddf4033-8a0b-4fa1-bbbd-d9b3a35e6fcb,9ddf4033-8a0b-4fa1-bbbd-d9b3a35e6fcb-rainfall-t-900-mm-qualified,Knowstone Moor,50.985117,-3.661768,2015-07-21,2026-09-17T11:48:02Z
9df33fa1-5bd2-497b-a39c-5a8dcd2a563c,9df33fa1-5bd2-497b-a39c-5a8dcd2a563c-rainfall-t-900-mm-qualified,Halwill,50.771202,-4.228491,2006-08-18,2026-09-17T11:48:02Z
9e7b5b83-246b-4f55-b094-fbb3c30447db,9e7b5b83-246b-4f55-b094-fbb3c30447db-rainfall-t-900-mm-qualified,The Avenue North,51.571969,-0.289818,2020-12-10,2026-09-17T11:48:02Z
9ecb0f69-e5bf-4350-b640-7773f5a49d63,9ecb0f69-e5bf-4350-b640-7773f5a49d63-rainfall-t-900-mm-qualified,Chartham,51.258838,1.034233,2003-01-01,2026-09-17T11:48:02Z
9f011970-c49a-472a-bd9a-ca805a1f1081_041238,9f011970-c49a-472a-bd9a-ca805a1f1081_041238-rainfall-t-900-mm-qualified,Tickton,53.867451,-0.367624,2002-01-08,2026-09-17T11:48:02Z
9f394aed-7527-4b8a-b147-2e07b6fc4975,9f394aed-7527-4b8a-b147-2e07b6fc4975-rainfall-t-900-mm-qualified,Ham Hill,51.321310,0.445333,1990-08-15,2026-09-17T11:48:02Z
9f5629f9-389e-4899-8795-6b0250c7715d,9f5629f9-389e-4899-8795-6b0250c7715d-rainfall-t-900-mm-qualified,Wingerworth,53.194530,-1.435157,1985-08-01,2026-09-17T11:48:02Z
9f9631fd-c5f1-4cef-a779-b3a3782b26b2,9f9631fd-c5f1-4cef-a779-b3a3782b26b2-rainfall-t-900-mm-qualified,Tow Hill,54.275374,-2.263126,1985-06-11,2026-09-17T11:48:02Z
9fbb429c-ab7a-4f05-bc88-800ca59c6a63,9fbb429c-ab7a-4f05-bc88-800ca59c6a63-rainfall-t-900-mm-qualified,Uttons Drove,52.269093,0.002157,1992-01-07,2026-09-17T11:48:02Z
9fcbf8c6-b643-4f58-a2be-8beff3eda295,9fcbf8c6-b643-4f58-a2be-8beff3eda295-rainfall-t-900-mm-qualified,North Dalton,54.823801,-1.365798,1999-04-26,2026-09-17T11:48:02Z
9fcf1717-6451-4d40-9998-296da59aadf4,9fcf1717-6451-4d40-9998-296da59aadf4-rainfall-t-900-mm-qualified,Foxcote,52.015672,-0.962785,1991-07-31,2026-09-17T11:48:02Z
a01e394e-a173-4512-8429-be2821ef0432,a01e394e-a173-4512-8429-be2821ef0432-rainfall-t-900-mm-qualified,Southport Greenbank,53.621732,-3.027890,2007-05-15,2026-09-17T11:48:02Z
a02f12dd-624c-4cc0-a3f2-bb5216f7605e,a02f12dd-624c-4cc0-a3f2-bb5216f7605e-rainfall-t-900-mm-qualified,South Elmsall,53.590493,-1.271127,1985-03-14,2026-09-17T11:48:02Z
a04aa8e8-45a2-4d8d-9983-7a55330693b0,a04aa8e8-45a2-4d8d-9983-7a55330693b0-rainfall-t-900-mm-qualified,Hogsmill,51.400976,-0.284084,1989-01-01,2026-09-17T11:48:02Z
a0855c39-31a2-4e0b-b4de-16ea4453d0eb,a0855c39-31a2-4e0b-b4de-16ea4453d0eb-rainfall-t-900-mm-qualified,Sherborne,50.937096,-2.526467,2011-12-31,2026-09-17T11:48:02Z
a085d57a-b72f-4ddc-ac54-e139195cd693,a085d57a-b72f-4ddc-ac54-e139195cd693-rainfall-t-900-mm-qualified,Penryn,50.160658,-5.113762,2001-11-14,2026-09-17T11:48:02Z
a09ac3a9-b54f-4636-96bd-9abc24ef1496,a09ac3a9-b54f-4636-96bd-9abc24ef1496-rainfall-t-900-mm-qualified,Cannon Hall,53.571657,-1.589081,1997-07-10,2026-09-17T11:48:02Z
a0dfcb85-6e73-4768-8e15-aaa2238dfd01_368090,a0dfcb85-6e73-4768-8e15-aaa2238dfd01_368090-rainfall-t-900-mm-qualified,Cornwood,50.418783,-3.959369,1998-05-31,2026-09-17T11:48:02Z
a143fc2b-c1eb-4218-a8b1-f58342d58bdc,a143fc2b-c1eb-4218-a8b1-f58342d58bdc-rainfall-t-900-mm-qualified,Epping Forest,51.663866,0.041372,1989-05-12,2026-09-17T11:48:02Z
a16ec64c-d3c3-432c-82f9-97ad4eaddf6c,a16ec64c-d3c3-432c-82f9-97ad4eaddf6c-rainfall-t-900-mm-qualified,Demings Moss,54.452388,-2.688565,2006-02-24,2026-09-17T11:48:02Z
a284bbc3-0650-436e-bc2f-dc30289d7c70,a284bbc3-0650-436e-bc2f-dc30289d7c70-rainfall-t-900-mm-qualified,Romsey,50.992724,-1.491524,1987-12-03,2026-09-17T11:48:02Z
a3be5ed5-ba57-4035-a5a2-8947ba7fb77f,a3be5ed5-ba57-4035-a5a2-8947ba7fb77f-rainfall-t-900-mm-qualified,Chiddingfold,51.120630,-0.616636,1987-09-15,2026-09-17T11:48:02Z
a3da0675-247e-44f3-8015-3b723dee419a,a3da0675-247e-44f3-8015-3b723dee419a-rainfall-t-900-mm-qualified,Ringley,53.540176,-2.352714,1990-11-17,2026-09-17T11:48:02Z
a3fafabc-3b45-4d04-bcee-44a8b61a286f,a3fafabc-3b45-4d04-bcee-44a8b61a286f-rainfall-t-900-mm-qualified,Cowfold,50.985123,-0.269970,1988-06-04,2026-09-17T11:48:02Z
a405c164-8f66-4e78-9351-cb90d9698b25,a405c164-8f66-4e78-9351-cb90d9698b25-rainfall-t-900-mm-qualified,Boxley,51.306410,0.543976,1997-12-19,2026-09-17T11:48:02Z
a41044cd-639a-4826-ab35-20feee38e596,a41044cd-639a-4826-ab35-20feee38e596-rainfall-t-900-mm-qualified,Toddington,51.945877,-0.543511,1991-07-31,2026-09-17T11:48:02Z
a415ac0a-7305-4724-a199-c5f589618f38,a415ac0a-7305-4724-a199-c5f589618f38-rainfall-t-900-mm-qualified,Saints Hill,51.152229,0.176435,2002-03-26,2026-09-17T11:48:02Z
a427151b-fa40-49ef-83ac-6836841b7b37,a427151b-fa40-49ef-83ac-6836841b7b37-rainfall-t-900-mm-qualified,Great Harwood,53.790373,-2.423922,1989-12-31,2026-09-17T11:48:02Z
a4e50221-9084-412c-9b0a-1ff2e1e84b9c,a4e50221-9084-412c-9b0a-1ff2e1e84b9c-rainfall-t-900-mm-qualified,Saltley,52.489920,-1.866666,2001-06-05,2026-09-17T11:48:02Z
a4f6e7c8-eeaf-480a-af10-f823923cba4e,a4f6e7c8-eeaf-480a-af10-f823923cba4e-rainfall-t-900-mm-qualified,Dirtness,53.579439,-0.869748,2000-05-12,2026-09-17T11:48:02Z
a51a976e-1d0a-48b3-be6e-cd0de6a3ef5a,a51a976e-1d0a-48b3-be6e-cd0de6a3ef5a-rainfall-t-900-mm-qualified,Churn Clough,53.839659,-2.327965,1989-12-31,2026-09-17T11:48:02Z
a53240b8-f458-4d19-b168-1f3dc4ae8523,a53240b8-f458-4d19-b168-1f3dc4ae8523-rainfall-t-900-mm-qualified,Efford,50.738677,-1.562557,2004-02-03,2026-09-17T11:48:02Z
a567c3ed-ef28-4d73-a141-cdbabfd67429,a567c3ed-ef28-4d73-a141-cdbabfd67429-rainfall-t-900-mm-qualified,Miserden,51.777330,-2.093013,1981-08-21,2026-09-17T11:48:02Z
a64831bc-7924-40f9-ab9e-36180170cbf3,a64831bc-7924-40f9-ab9e-36180170cbf3-rainfall-t-900-mm-qualified,Canwick,53.220456,-0.507993,2010-07-14,2026-09-17T11:48:02Z
a666b497-1919-43f2-ac4d-27feb8bdb595,a666b497-1919-43f2-ac4d-27feb8bdb595-rainfall-t-900-mm-qualified,Randymere,54.408967,-0.752918,1997-08-07,2026-09-17T11:48:02Z
a6712ce9-d4ed-44ea-ac75-84f2bd940a2f,a6712ce9-d4ed-44ea-ac75-84f2bd940a2f-rainfall-t-900-mm-qualified,White Notley,51.834941,0.596934,2003-11-21,2026-09-17T11:48:02Z
a675576f-6454-4ac8-83cb-0f1fd3247066,a675576f-6454-4ac8-83cb-0f1fd3247066-rainfall-t-900-mm-qualified,Stanford Rivers,51.676287,0.234364,1991-01-01,2026-09-17T11:48:02Z
a6860273-cf43-41ce-bf4e-1fa17257862b_398493,a6860273-cf43-41ce-bf4e-1fa17257862b_398493-rainfall-t-900-mm-qualified,South Perrott,50.853578,-2.745283,2023-02-07,2026-09-17T11:48:02Z
a716859f-0d9d-425d-a54d-74e489998879,a716859f-0d9d-425d-a54d-74e489998879-rainfall-t-900-mm-qualified,Coggeshall,51.857935,0.696861,2000-07-04,2026-09-17T11:48:02Z
a73dca49-f38a-45bf-9526-e38a31bed4bf,a73dca49-f38a-45bf-9526-e38a31bed4bf-rainfall-t-900-mm-qualified,Hastings Baldslow,50.890592,0.553952,2010-03-29,2026-09-17T11:48:02Z
a749701a-d502-470c-a5ab-da584aa9883e,a749701a-d502-470c-a5ab-da584aa9883e-rainfall-t-900-mm-qualified,Guildford,51.256095,-0.566014,1990-11-01,2026-09-17T11:48:02Z
a75ae99f-32c9-492d-8fd7-697d5c150669,a75ae99f-32c9-492d-8fd7-697d5c150669-rainfall-t-900-mm-qualified,Newcastle Racecourse,55.033396,-1.613602,2017-11-29,2026-09-17T11:48:02Z
a75f9972-1771-4f5e-b073-34f42d1e3fe1,a75f9972-1771-4f5e-b073-34f42d1e3fe1-rainfall-t-900-mm-qualified,Greenfield,53.535536,-2.014182,1990-12-01,2026-09-17T11:48:02Z
a77f7c3c-66aa-49ad-80ae-e2a0c00ea2f7,a77f7c3c-66aa-49ad-80ae-e2a0c00ea2f7-rainfall-t-900-mm-qualified,Testwood,50.933955,-1.496932,1988-05-25,2026-09-17T11:48:02Z
a7828d2e-c99a-41e5-9d04-86860fdd8d0c,a7828d2e-c99a-41e5-9d04-86860fdd8d0c-rainfall-t-900-mm-qualified,Owston Ferry,53.485113,-0.775201,2001-08-19,2026-09-17T11:48:02Z
a7914d9f-d3d6-4868-900e-97392a668680,a7914d9f-d3d6-4868-900e-97392a668680-rainfall-t-900-mm-qualified,Weston,51.950567,-0.145505,1991-04-01,2026-09-17T11:48:02Z
a7f3adf7-ce29-42de-bac2-aba614ec4c8c_040492,a7f3adf7-ce29-42de-bac2-aba614ec4c8c_040492-rainfall-t-900-mm-qualified,Winestead Booster,53.691444,-0.031452,2001-10-10,2026-09-17T11:48:02Z
a7f7de22-f78f-4e08-b020-1eff51f1e2de,a7f7de22-f78f-4e08-b020-1eff51f1e2de-rainfall-t-900-mm-qualified,Carisbrooke,50.691250,-1.309683,1987-06-02,2026-09-17T11:48:02Z
a848e077-dd77-47d0-938c-015a993677a9,a848e077-dd77-47d0-938c-015a993677a9-rainfall-t-900-mm-qualified,Trebrownbridge Blackadon,50.419850,-4.409174,2013-03-20,2026-09-17T11:48:02Z
a862b4e7-5066-461e-9a9a-5afdf2a0436b,a862b4e7-5066-461e-9a9a-5afdf2a0436b-rainfall-t-900-mm-qualified,Broadmeads,51.807790,-0.038950,1994-05-11,2026-09-17T11:48:02Z
a8773476-0fde-40c7-a66b-0901e528e8f2,a8773476-0fde-40c7-a66b-0901e528e8f2-rainfall-t-900-mm-qualified,Darlington Lingfield Way,54.526300,-1.506183,1991-12-15,2026-09-17T11:48:02Z
a882db9c-be8d-44c1-91e3-16de5b9e35d7,a882db9c-be8d-44c1-91e3-16de5b9e35d7-rainfall-t-900-mm-qualified,Towcester,52.132639,-0.954096,1996-01-31,2026-09-17T11:48:02Z
a8e1f821-33ce-4621-904e-395b6dd74df7,a8e1f821-33ce-4621-904e-395b6dd74df7-rainfall-t-900-mm-qualified,Heacham,52.898964,0.479116,1995-11-03,2026-09-17T11:48:02Z
a8f51533-2255-42d3-b547-f748830cc4e3,a8f51533-2255-42d3-b547-f748830cc4e3-rainfall-t-900-mm-qualified,Ruskington,53.040916,-0.374510,1977-06-09,2026-09-17T11:48:02Z
a91222ba-6ef8-46a9-a589-02818ae232af,a91222ba-6ef8-46a9-a589-02818ae232af-rainfall-t-900-mm-qualified,Yardley Hastings,52.208092,-0.732321,1984-11-22,2026-09-17T11:48:02Z
a92acb90-1626-40c3-865f-bd24386626e3,a92acb90-1626-40c3-865f-bd24386626e3-rainfall-t-900-mm-qualified,West Sedgemoor,51.053444,-2.891519,1999-06-19,2026-09-17T11:48:02Z
a9556662-b68b-4a2a-bc32-7f64a6b42864,a9556662-b68b-4a2a-bc32-7f64a6b42864-rainfall-t-900-mm-qualified,East Kirkby,53.134785,-0.008455,2001-03-31,2026-09-17T11:48:02Z
a9b8ffdc-5a0e-4afc-97ef-d4468ed22ecc,a9b8ffdc-5a0e-4afc-97ef-d4468ed22ecc-rainfall-t-900-mm-qualified,Calverton,53.032051,-1.050678,1999-10-25,2026-09-17T11:48:02Z
a9bd8ba7-e205-4e42-9be7-6aec75004e1d,a9bd8ba7-e205-4e42-9be7-6aec75004e1d-rainfall-t-900-mm-qualified,Loughborough University,52.763245,-1.235023,2017-08-16,2026-09-17T11:48:02Z
aa2877d2-732e-4ea0-8eb8-9e8466f35162_325444,aa2877d2-732e-4ea0-8eb8-9e8466f35162_325444-rainfall-t-900-mm-qualified,Harestock,51.088878,-1.329213,2000-03-10,2026-09-17T11:48:02Z
aa34fab9-6eea-4cb0-8e5f-73e648043134,aa34fab9-6eea-4cb0-8e5f-73e648043134-rainfall-t-900-mm-qualified,Eastney,50.789660,-1.045818,1986-08-01,2026-09-17T11:48:02Z
aaa009d0-5b43-4fb4-9e65-a06440998595,aaa009d0-5b43-4fb4-9e65-a06440998595-rainfall-t-900-mm-qualified,Westerham,51.283687,0.047629,1992-08-07,2026-09-17T11:48:02Z
aad0ef63-fc3f-4635-a5c3-1bfec75af487,aad0ef63-fc3f-4635-a5c3-1bfec75af487-rainfall-t-900-mm-qualified,Haltwhistle,54.970117,-2.501214,1991-10-08,2026-09-17T11:48:02Z
aaf8fe03-f3db-43f4-8ce6-701ebfac9ca7_5302070SC,aaf8fe03-f3db-43f4-8ce6-701ebfac9ca7_5302070SC-rainfall-t-900-mm-qualified,Frampton Cotterell Mill,51.537976,-2.481613,1992-01-01,2026-09-17T11:48:02Z
ab1c3f2a-f7c3-46b4-98ee-5118d9212d33,ab1c3f2a-f7c3-46b4-98ee-5118d9212d33-rainfall-t-900-mm-qualified,Green Close,54.630504,-2.889620,2000-08-09,2026-09-17T11:48:02Z
ab49aab5-deca-45c9-9dcd-09088e986bf3_125217,ab49aab5-deca-45c9-9dcd-09088e986bf3_125217-rainfall-t-900-mm-qualified,Worksop  Manton,53.305348,-1.088299,1983-01-04,2026-09-17T11:48:02Z
ab787ffe-443f-470c-b815-57d1a1882a61_163471,ab787ffe-443f-470c-b815-57d1a1882a61_163471-rainfall-t-900-mm-qualified,Corby,52.490392,-0.666189,1980-04-21,2026-09-17T11:48:02Z
abb0cc5e-1e99-408b-aca4-d026aef724de,abb0cc5e-1e99-408b-aca4-d026aef724de-rainfall-t-900-mm-qualified,Peel Common,50.827920,-1.198299,1986-07-04,2026-09-17T11:48:02Z
abb45da2-bfad-4a36-a4c9-8b3d0c225e9c,abb45da2-bfad-4a36-a4c9-8b3d0c225e9c-rainfall-t-900-mm-qualified,Stradbroke,52.323847,1.277086,2000-07-16,2026-09-17T11:48:02Z
ac167997-782f-4fe8-96d3-5bb78a36bd9c,ac167997-782f-4fe8-96d3-5bb78a36bd9c-rainfall-t-900-mm-qualified,Maltby,53.406771,-1.192183,2001-02-19,2026-09-17T11:48:02Z
ac48d74a-377d-4c82-b667-73d7d8d24e67,ac48d74a-377d-4c82-b667-73d7d8d24e67-rainfall-t-900-mm-qualified,Kilkhampton,50.877745,-4.488221,2006-09-14,2026-09-17T11:48:02Z
ac6e20d3-4d5f-4ee0-9dad-434957e5d412,ac6e20d3-4d5f-4ee0-9dad-434957e5d412-rainfall-t-900-mm-qualified,Warehorne,51.058417,0.820774,2000-01-20,2026-09-17T11:48:02Z
ad1ac7f9-9ef7-4a4e-8bd2-4274e7321b68,ad1ac7f9-9ef7-4a4e-8bd2-4274e7321b68-rainfall-t-900-mm-qualified,Cresswell,52.952951,-2.040287,2000-04-28,2026-09-17T11:48:02Z
ad3cbf86-2875-4f6d-b308-b5d5f0424c28,ad3cbf86-2875-4f6d-b308-b5d5f0424c28-rainfall-t-900-mm-qualified,Belford,55.591788,-1.853992,2008-04-18,2026-09-17T11:48:02Z
ad5df79a-edad-4a84-bc68-515bca680038,ad5df79a-edad-4a84-bc68-515bca680038-rainfall-t-900-mm-qualified,Norwood,51.421446,-0.108952,2003-03-02,2026-09-17T11:48:02Z
ad76d4a4-c27d-4b88-b97d-8a0f825ba709,ad76d4a4-c27d-4b88-b97d-8a0f825ba709-rainfall-t-900-mm-qualified,Low Moor Farm,54.382677,-1.393554,2003-03-20,2026-09-17T11:48:02Z
adf5228c-1a0f-4071-a529-c1d49db011a0,adf5228c-1a0f-4071-a529-c1d49db011a0-rainfall-t-900-mm-qualified,Walton Hillfield Farm,54.980955,-2.737429,1992-12-31,2026-09-17T11:48:02Z
ae203e80-58d0-4ebb-ba64-abfc51d3cf16,ae203e80-58d0-4ebb-ba64-abfc51d3cf16-rainfall-t-900-mm-qualified,Burnham On Crouch,51.623648,0.826420,2000-07-03,2026-09-17T11:48:02Z
ae9ea6f6-a1f3-4328-a6e6-25b5c0b50935,ae9ea6f6-a1f3-4328-a6e6-25b5c0b50935-rainfall-t-900-mm-qualified,Iver Heath,51.542889,-0.500287,1997-09-07,2026-09-17T11:48:02Z
aea18ea6-28e6-41cd-b23a-6e0e64dd240b,aea18ea6-28e6-41cd-b23a-6e0e64dd240b-rainfall-t-900-mm-qualified,Wroxall,50.626229,-1.226135,1988-03-23,2026-09-17T11:48:02Z
af18e6ea-2241-4df7-af69-b9c4d782b3a2,af18e6ea-2241-4df7-af69-b9c4d782b3a2-rainfall-t-900-mm-qualified,East Dereham,52.685243,0.921624,2000-07-05,2026-09-17T11:48:02Z
afe7ae75-c792-48b8-8219-932be1723ccd,afe7ae75-c792-48b8-8219-932be1723ccd-rainfall-t-900-mm-qualified,Scarborough,54.271822,-0.421529,2006-09-28,2026-09-17T11:48:02Z
b000c3f6-3922-48ea-8726-4173de4998d0,b000c3f6-3922-48ea-8726-4173de4998d0-rainfall-t-900-mm-qualified,Holne Priddons Farm,50.516929,-3.841878,2018-08-09,2026-09-17T11:48:02Z
b03b93d0-f179-4a19-a703-9dfb0af4a61a,b03b93d0-f179-4a19-a703-9dfb0af4a61a-rainfall-t-900-mm-qualified,Atherstone,52.579061,-1.532290,1965-12-31,2026-09-17T11:48:02Z
b0761f6d-bf1e-4ac7-9478-daf4abcfa451,b0761f6d-bf1e-4ac7-9478-daf4abcfa451-rainfall-t-900-mm-qualified,Knarsdale,54.871056,-2.523373,2002-02-28,2026-09-17T11:48:02Z
b0cd54a9-a315-4997-a8f6-8338c665abd2,b0cd54a9-a315-4997-a8f6-8338c665abd2-rainfall-t-900-mm-qualified,Hazelrigg,54.013669,-2.774876,2019-02-28,2026-09-17T11:48:02Z
b20ae79e-c68d-4421-ace5-39f18a3b5874,b20ae79e-c68d-4421-ace5-39f18a3b5874-rainfall-t-900-mm-qualified,Great Oakley,51.898703,1.211620,2000-07-02,2026-09-17T11:48:02Z
b24c72d5-5ef7-42a7-84b2-6cada7f2950b_417083,b24c72d5-5ef7-42a7-84b2-6cada7f2950b_417083-rainfall-t-900-mm-qualified,Chew Magna Spillway,51.366827,-2.621692,2011-04-13,2026-09-17T11:48:02Z
b2b6c53b-f3e5-4fff-b70f-036c1efaa861,b2b6c53b-f3e5-4fff-b70f-036c1efaa861-rainfall-t-900-mm-qualified,Ruswarp,54.467391,-0.624880,2004-04-29,2026-09-17T11:48:02Z
b2c7ab6a-eb3f-4f75-a588-d431a1df463d_U06,b2c7ab6a-eb3f-4f75-a588-d431a1df463d_U06-rainfall-t-900-mm-qualified,Dog-In-A-Doublet,52.576729,-0.124313,1983-04-07,2026-09-17T11:48:02Z
b2dba185-eeab-4519-905c-59d72519f734_299658,b2dba185-eeab-4519-905c-59d72519f734_299658-rainfall-t-900-mm-qualified,Sittingbourne,51.350098,0.745588,1996-06-08,2026-09-17T11:48:02Z
b35b1e8e-4514-4626-9a3a-effb080121d1,b35b1e8e-4514-4626-9a3a-effb080121d1-rainfall-t-900-mm-qualified,Heathrow Airport,51.479200,-0.450620,2003-07-01,2026-09-17T11:48:02Z
b36e5383-61a9-45e1-85dc-7974a2475a0f,b36e5383-61a9-45e1-85dc-7974a2475a0f-rainfall-t-900-mm-qualified,Hockworthy,50.973423,-3.384112,1969-12-31,2026-09-17T11:48:02Z
b46dd41c-1747-4a3e-a7b3-6ae6388953c5,b46dd41c-1747-4a3e-a7b3-6ae6388953c5-rainfall-t-900-mm-qualified,Ebworth,51.799724,-2.148136,2008-12-04,2026-09-17T11:48:02Z
b47fa8d5-1aaa-4dc7-9c56-eee8b56d5b20_S50,b47fa8d5-1aaa-4dc7-9c56-eee8b56d5b20_S50-rainfall-t-900-mm-qualified,Beelsby,53.497790,-0.195726,2010-07-13,2026-09-17T11:48:02Z
b4a35eb9-5895-4469-92da-e0be6c1a904c,b4a35eb9-5895-4469-92da-e0be6c1a904c-rainfall-t-900-mm-qualified,Brent,51.569045,-0.257909,1989-01-01,2026-09-17T11:48:02Z
b4aa4cfb-d3ee-4ea4-9812-03437d234c73,b4aa4cfb-d3ee-4ea4-9812-03437d234c73-rainfall-t-900-mm-qualified,South Willesborough,51.131954,0.967921,2000-02-07,2026-09-17T11:48:02Z
b4c27b4b-96d0-40a4-8886-e8190d543d8f,b4c27b4b-96d0-40a4-8886-e8190d543d8f-rainfall-t-900-mm-qualified,Dearham,54.714924,-3.427679,1992-11-09,2026-09-17T11:48:02Z
b515abde-cd77-4a45-a4c9-ac6439fa5791,b515abde-cd77-4a45-a4c9-ac6439fa5791-rainfall-t-900-mm-qualified,Short Ferry,53.231110,-0.365517,2010-12-20,2026-09-17T11:48:02Z
b5d47d45-7d8e-4be0-8a01-20d23c95d3d0,b5d47d45-7d8e-4be0-8a01-20d23c95d3d0-rainfall-t-900-mm-qualified,Braunston,52.288176,-1.222881,1981-07-19,2026-09-17T11:48:02Z
b5ee078f-e06e-4d3d-8823-5faffa77db23_362910501,b5ee078f-e06e-4d3d-8823-5faffa77db23_362910501-rainfall-t-900-mm-qualified,Isfield,50.952030,0.075404,2000-08-06,2026-09-17T11:48:02Z
b63d3727-cd27-48eb-b137-ed97e1a94566,b63d3727-cd27-48eb-b137-ed97e1a94566-rainfall-t-900-mm-qualified,Drayton Parslow,51.950419,-0.767303,1998-12-31,2026-09-17T11:48:02Z
b64e45f6-d58c-425f-be08-a04683b59ade,b64e45f6-d58c-425f-be08-a04683b59ade-rainfall-t-900-mm-qualified,East Worldham,51.140128,-0.959694,2011-05-31,2026-09-17T11:48:02Z
b6516d65-f9ca-4ad7-9c26-9c583bfc8f64,b6516d65-f9ca-4ad7-9c26-9c583bfc8f64-rainfall-t-900-mm-qualified,Beddington,51.380391,-0.135635,1989-01-01,2026-09-17T11:48:02Z
b692b063-d0dd-478c-90a1-65ba02583e03,b692b063-d0dd-478c-90a1-65ba02583e03-rainfall-t-900-mm-qualified,Langley Bottoms,53.239806,-2.077912,1990-02-27,2026-09-17T11:48:02Z
b69ee00c-aa73-49d0-bc62-ff4673094553,b69ee00c-aa73-49d0-bc62-ff4673094553-rainfall-t-900-mm-qualified,Dartmoor,50.548615,-3.938746,1998-08-31,2026-09-17T11:48:02Z
b6e78b2e-6fed-4d1b-bf45-4e86e43c2200,b6e78b2e-6fed-4d1b-bf45-4e86e43c2200-rainfall-t-900-mm-qualified,Crossens,53.678668,-2.943480,1997-04-24,2026-09-17T11:48:02Z
b6ebb017-63b5-4f30-8b6b-63dfed5f1e4f,b6ebb017-63b5-4f30-8b6b-63dfed5f1e4f-rainfall-t-900-mm-qualified,Shipton Moyne,51.596625,-2.146434,2010-12-31,2026-09-17T11:48:02Z
b71f87b9-99fc-4d54-bc8e-f1820ac74c94,b71f87b9-99fc-4d54-bc8e-f1820ac74c94-rainfall-t-900-mm-qualified,Gorple,53.777540,-2.083809,1987-01-21,2026-09-17T11:48:02Z
b779beab-751f-439d-bd30-0f79b866a399,b779beab-751f-439d-bd30-0f79b866a399-rainfall-t-900-mm-qualified,Plympton,50.377413,-3.990435,2008-12-30,2026-09-17T11:48:02Z
b78a2bfb-9021-4311-ad12-6bdae70d5f7c,b78a2bfb-9021-4311-ad12-6bdae70d5f7c-rainfall-t-900-mm-qualified,Barrow Gurney,51.408673,-2.666039,1991-10-01,2026-09-17T11:48:02Z
b7eeaae2-a4bf-43cb-87d4-3b2257afa42e,b7eeaae2-a4bf-43cb-87d4-3b2257afa42e-rainfall-t-900-mm-qualified,Knostrop,53.779192,-1.507297,2022-10-25,2026-09-17T11:48:02Z
b80e3f9b-83f6-41ef-ab38-242564b40d72,b80e3f9b-83f6-41ef-ab38-242564b40d72-rainfall-t-900-mm-qualified,St Clether,50.644423,-4.529623,2006-08-18,2026-09-17T11:48:02Z
b81a76b5-3a81-4222-8207-105d4a1d146b,b81a76b5-3a81-4222-8207-105d4a1d146b-rainfall-t-900-mm-qualified,Blackstone Edge No 2,53.657425,-2.049782,2001-01-31,2026-09-17T11:48:02Z
b8bec9be-48e3-4900-88bc-5a8c751b36a3,b8bec9be-48e3-4900-88bc-5a8c751b36a3-rainfall-t-900-mm-qualified,Grimston,52.759343,0.536422,1999-01-28,2026-09-17T11:48:02Z
b8cbc343-0718-47d4-be01-f581b850e9d9,b8cbc343-0718-47d4-be01-f581b850e9d9-rainfall-t-900-mm-qualified,Dingley,52.473288,-0.862077,1984-11-12,2026-09-17T11:48:02Z
b8d4d383-4584-4ff5-9a27-f26b616ea71a,b8d4d383-4584-4ff5-9a27-f26b616ea71a-rainfall-t-900-mm-qualified,Scar House,54.184813,-1.900618,1988-03-25,2026-09-17T11:48:02Z
b8d4da34-3050-4b30-a288-6f58cdd00c60,b8d4da34-3050-4b30-a288-6f58cdd00c60-rainfall-t-900-mm-qualified,Goxhill,53.664654,-0.344398,2000-04-12,2026-09-17T11:48:02Z
b9079dfb-eb0a-4771-8fa8-d9d9aff29046,b9079dfb-eb0a-4771-8fa8-d9d9aff29046-rainfall-t-900-mm-qualified,Great Dunmow,51.866620,0.374140,2008-12-02,2026-09-17T11:48:02Z
b9217881-e383-40c6-b623-351125b9812f,b9217881-e383-40c6-b623-351125b9812f-rainfall-t-900-mm-qualified,Kinder Filters,53.389296,-1.920428,1990-02-27,2026-09-17T11:48:02Z
b92a6557-b755-406f-9be0-c656e904069d,b92a6557-b755-406f-9be0-c656e904069d-rainfall-t-900-mm-qualified,Havering Bower,51.619595,0.168794,1997-06-25,2026-09-17T11:48:02Z
b9666646-b1c0-4799-91cc-5d16374412f1,b9666646-b1c0-4799-91cc-5d16374412f1-rainfall-t-900-mm-qualified,Barbrook,53.288133,-1.579189,1977-09-30,2026-09-17T11:48:02Z
b9799b73-e87c-47ae-9dab-53d3b26834f1,b9799b73-e87c-47ae-9dab-53d3b26834f1-rainfall-t-900-mm-qualified,Oareford,51.199998,-3.702040,2003-02-28,2026-09-17T11:48:02Z
b992bb61-3123-4ff0-beb4-7a8b99d443b4,b992bb61-3123-4ff0-beb4-7a8b99d443b4-rainfall-t-900-mm-qualified,Coniston Coppermines,54.378243,-3.102853,2015-09-03,2026-09-17T11:48:02Z
b9ea9b99-979d-47b3-bc86-5f8320c7180e,b9ea9b99-979d-47b3-bc86-5f8320c7180e-rainfall-t-900-mm-qualified,Hastings Newgate,50.863561,0.566374,1994-11-04,2026-09-17T11:48:02Z
b9f17463-72e1-4161-82cf-a074657b374e,b9f17463-72e1-4161-82cf-a074657b374e-rainfall-t-900-mm-qualified,Telegraph Hill Dorset,50.842180,-2.502148,2007-01-24,2026-09-17T11:48:02Z
ba6c0bd9-8e21-4757-8eab-f57e1d4bce12,ba6c0bd9-8e21-4757-8eab-f57e1d4bce12-rainfall-t-900-mm-qualified,Manthorpe,52.734983,-0.421610,1978-04-04,2026-09-17T11:48:02Z
bac49fc0-ceac-4d36-bffe-ae6947735bc6,bac49fc0-ceac-4d36-bffe-ae6947735bc6-rainfall-t-900-mm-qualified,Kirtling Green,52.176771,0.455408,1992-02-20,2026-09-17T11:48:02Z
bb3f6cc2-1a9d-4f20-9012-79a612ba20a2,bb3f6cc2-1a9d-4f20-9012-79a612ba20a2-rainfall-t-900-mm-qualified,Beckenham College,51.398639,-0.025419,2011-04-22,2026-09-17T11:48:02Z
bbe495b9-a332-41cc-a833-e6138bbdce31,bbe495b9-a332-41cc-a833-e6138bbdce31-rainfall-t-900-mm-qualified,Bordon,51.117979,-0.853735,1979-09-13,2026-09-17T11:48:02Z
bc039b53-3cd6-4a97-98d1-578a04968014,bc039b53-3cd6-4a97-98d1-578a04968014-rainfall-t-900-mm-qualified,Finham,52.362587,-1.509202,1983-01-19,2026-09-17T11:48:02Z
bc34e640-d9ae-4362-8804-25d66ca66e4d,bc34e640-d9ae-4362-8804-25d66ca66e4d-rainfall-t-900-mm-qualified,Copley,54.624124,-1.869893,1997-04-02,2026-09-17T11:48:02Z
bc8e8bbd-cf14-4f46-8513-31926cf2a5cf,bc8e8bbd-cf14-4f46-8513-31926cf2a5cf-rainfall-t-900-mm-qualified,Heligan Gardens,50.286952,-4.811491,2006-10-02,2026-09-17T11:48:02Z
bcdb1cad-f070-49dc-9eb6-1512273b1119,bcdb1cad-f070-49dc-9eb6-1512273b1119-rainfall-t-900-mm-qualified,Chipping Norton,51.938717,-1.572969,1989-12-31,2026-09-17T11:48:02Z
bd7a2626-df8e-4326-b61f-ac1077a71282_584191,bd7a2626-df8e-4326-b61f-ac1077a71282_584191-rainfall-t-900-mm-qualified,Carnforth Crag Bank,54.129320,-2.785236,2002-05-30,2026-09-17T11:48:02Z
bdc17251-0c5b-4dba-a639-8555435345ad,bdc17251-0c5b-4dba-a639-8555435345ad-rainfall-t-900-mm-qualified,Attleborough,52.516710,0.987787,2003-05-11,2026-09-17T11:48:02Z
bdc4c2f3-8e01-4451-8608-8dd8a6f5c359,bdc4c2f3-8e01-4451-8608-8dd8a6f5c359-rainfall-t-900-mm-qualified,Birch Green,51.437409,-0.501485,2019-03-21,2026-09-17T11:48:02Z
be117654-08ab-4003-8ed9-c7f433784a3d,be117654-08ab-4003-8ed9-c7f433784a3d-rainfall-t-900-mm-qualified,Dore,53.324175,-1.539350,2002-10-21,2026-09-17T11:48:02Z
be722764-e001-4e1b-826a-c69c37063d38,be722764-e001-4e1b-826a-c69c37063d38-rainfall-t-900-mm-qualified,Roecliffe,54.089786,-1.413380,2004-11-01,2026-09-17T11:48:02Z
be775515-350a-44f0-bcdd-a6927857a474,be775515-350a-44f0-bcdd-a6927857a474-rainfall-t-900-mm-qualified,Halifax Ogden,53.772274,-1.903974,2002-11-21,2026-09-17T11:48:02Z
bec536ea-569e-4f57-ad97-a5855545e985,bec536ea-569e-4f57-ad97-a5855545e985-rainfall-t-900-mm-qualified,Radlett,51.686941,-0.341143,1998-01-01,2026-09-17T11:48:02Z
bed0ef93-6faa-4f98-af56-bfb3fed3ed61_253861TP,bed0ef93-6faa-4f98-af56-bfb3fed3ed61_253861TP-rainfall-t-900-mm-qualified,Worsham,51.793913,-1.564391,1984-09-08,2026-09-17T11:48:02Z
bf148fe1-1f44-4872-ba6d-1941e950ba9a,bf148fe1-1f44-4872-ba6d-1941e950ba9a-rainfall-t-900-mm-qualified,Loveclough,53.743751,-2.280593,2000-06-27,2026-09-17T11:48:02Z
bf217aec-f418-42a6-9b0f-a3de46d7c592,bf217aec-f418-42a6-9b0f-a3de46d7c592-rainfall-t-900-mm-qualified,Bourton,51.878564,-1.737461,1985-02-21,2026-09-17T11:48:02Z
bf3088b0-1486-4f1b-ba18-8d150cf7c0ed,bf3088b0-1486-4f1b-ba18-8d150cf7c0ed-rainfall-t-900-mm-qualified,Ashdon,52.058700,0.297106,2005-03-19,2026-09-17T11:48:02Z
bf61ce31-b20e-4593-85dc-a083133b12ce,bf61ce31-b20e-4593-85dc-a083133b12ce-rainfall-t-900-mm-qualified,Harpington Hill Farm,54.633882,-1.480513,1987-05-12,2026-09-17T11:48:02Z
bfad52d4-a4dd-43c9-a162-2f79bdbc71f7,bfad52d4-a4dd-43c9-a162-2f79bdbc71f7-rainfall-t-900-mm-qualified,Purley Oaks,51.343960,-0.104160,1991-09-10,2026-09-17T11:48:02Z
bfcd9243-c457-461b-9cb8-c6d5b275ef34,bfcd9243-c457-461b-9cb8-c6d5b275ef34-rainfall-t-900-mm-qualified,Ennerdale,54.524514,-3.417642,1995-06-29,2026-09-17T11:48:02Z
bffd8310-73d1-4265-b382-c95409f53cd1,bffd8310-73d1-4265-b382-c95409f53cd1-rainfall-t-900-mm-qualified,Dewlaw,55.034184,-1.970204,2007-12-05,2026-09-17T11:48:02Z
c0695510-cb8a-480c-9850-e943b4ca084b,c0695510-cb8a-480c-9850-e943b4ca084b-rainfall-t-900-mm-qualified,Kings Newnham,52.392503,-1.324490,2000-03-09,2026-09-17T11:48:02Z
c0bee124-bd53-422f-a50c-9f6413254239,c0bee124-bd53-422f-a50c-9f6413254239-rainfall-t-900-mm-qualified,Gatewarth,53.379745,-2.629042,1990-12-15,2026-09-17T11:48:02Z
c0d52925-b2bd-4ccd-9538-411b7871e984,c0d52925-b2bd-4ccd-9538-411b7871e984-rainfall-t-900-mm-qualified,Rushbrooke,52.228208,0.742714,1991-07-31,2026-09-17T11:48:02Z
c15f505a-77f2-47d2-8bf2-58152705c8d8,c15f505a-77f2-47d2-8bf2-58152705c8d8-rainfall-t-900-mm-qualified,Ennerdale Starling Gill,54.525516,-3.338393,1998-12-22,2026-09-17T11:48:02Z
c19762f5-2d97-4f44-99fe-e54536bf018c_459860,c19762f5-2d97-4f44-99fe-e54536bf018c_459860-rainfall-t-900-mm-qualified,Yarkhill,52.081291,-2.563586,2014-12-06,2026-09-17T11:48:02Z
c1ab3bd4-e22a-4ad3-8255-d4ea642ab735,c1ab3bd4-e22a-4ad3-8255-d4ea642ab735-rainfall-t-900-mm-qualified,Watnall,53.005526,-1.251255,1999-08-25,2026-09-17T11:48:02Z
c1dca7ee-e6f1-4632-ba21-70bfe469a6f7,c1dca7ee-e6f1-4632-ba21-70bfe469a6f7-rainfall-t-900-mm-qualified,Lambley,52.999198,-1.068087,2007-04-19,2026-09-17T11:48:02Z
c21f6669-06ec-44b9-864e-ff939c22aaa2_390523,c21f6669-06ec-44b9-864e-ff939c22aaa2_390523-rainfall-t-900-mm-qualified,Kenwith Castle,51.023828,-4.236952,2011-10-18,2026-09-17T11:48:02Z
c2d47572-9106-4d39-80c9-8a4cd59eaf5d,c2d47572-9106-4d39-80c9-8a4cd59eaf5d-rainfall-t-900-mm-qualified,Ferry,50.759696,-0.787293,2015-09-08,2026-09-17T11:48:02Z
c2e423f6-6e6c-4fbb-b2f1-7c363587e4a6,c2e423f6-6e6c-4fbb-b2f1-7c363587e4a6-rainfall-t-900-mm-qualified,Ringstone,53.656747,-1.925132,1987-03-25,2026-09-17T11:48:02Z
c34982c4-77ae-4e27-b2cd-7600418bdb63,c34982c4-77ae-4e27-b2cd-7600418bdb63-rainfall-t-900-mm-qualified,Kingswood,51.633789,-2.372630,1978-07-06,2026-09-17T11:48:02Z
c37097ef-dcae-43ef-b3e9-56584bf0b7eb,c37097ef-dcae-43ef-b3e9-56584bf0b7eb-rainfall-t-900-mm-qualified,Roadford,50.686463,-4.234015,2006-09-14,2026-09-17T11:48:02Z
c3de5f7c-030b-4c65-a757-60548e5c7610,c3de5f7c-030b-4c65-a757-60548e5c7610-rainfall-t-900-mm-qualified,Powdermill,50.902914,0.476310,1999-06-28,2026-09-17T11:48:02Z
c4c921dd-85e0-4634-b0e6-5483f1642ff2,c4c921dd-85e0-4634-b0e6-5483f1642ff2-rainfall-t-900-mm-qualified,Godstone,51.236895,-0.046993,1999-09-09,2026-09-17T11:48:02Z
c4cceecc-19e7-471d-b57a-d04d88db1da6,c4cceecc-19e7-471d-b57a-d04d88db1da6-rainfall-t-900-mm-qualified,Bath Claverton,51.383284,-2.325499,1991-10-01,2026-09-17T11:48:02Z
c5272e50-0af7-4cfa-98d4-6bb0ab70ca07,c5272e50-0af7-4cfa-98d4-6bb0ab70ca07-rainfall-t-900-mm-qualified,Toft Newton,53.372461,-0.448798,1987-01-01,2026-09-17T11:48:02Z
c53d3783-30bb-4af7-be57-0b7e44c63d56,c53d3783-30bb-4af7-be57-0b7e44c63d56-rainfall-t-900-mm-qualified,Liverpool North Fazackerley,53.460576,-2.913635,1990-11-24,2026-09-17T11:48:02Z
c570311e-6e39-4b72-81db-caa31871c821,c570311e-6e39-4b72-81db-caa31871c821-rainfall-t-900-mm-qualified,Wickhambrook,52.165250,0.556202,2000-07-04,2026-09-17T11:48:02Z
c6354914-9463-4b2b-b126-9302316baa0d,c6354914-9463-4b2b-b126-9302316baa0d-rainfall-t-900-mm-qualified,Witham,51.794904,0.649688,2008-12-04,2026-09-17T11:48:02Z
c63c7d7d-7c68-433b-9c6a-2ce5c1e90d2e,c63c7d7d-7c68-433b-9c6a-2ce5c1e90d2e-rainfall-t-900-mm-qualified,Bowerhill,51.359034,-2.139469,1991-10-01,2026-09-17T11:48:02Z
c6c808d9-f371-498f-bf3c-ec3b672e87fa,c6c808d9-f371-498f-bf3c-ec3b672e87fa-rainfall-t-900-mm-qualified,Paddock Wood,51.182135,0.400153,1990-10-19,2026-09-17T11:48:02Z
c78a7b15-7a66-48b7-bead-90bfc5b98288,c78a7b15-7a66-48b7-bead-90bfc5b98288-rainfall-t-900-mm-qualified,Thornton,52.655250,-1.303523,2001-06-14,2026-09-17T11:48:02Z
c7e33184-81ce-4b81-984a-1e7b9869d5cc,c7e33184-81ce-4b81-984a-1e7b9869d5cc-rainfall-t-900-mm-qualified,Bury,53.567275,-2.296771,1990-11-11,2026-09-17T11:48:02Z
c8245592-c56a-4737-b534-9f18252a3a2f,c8245592-c56a-4737-b534-9f18252a3a2f-rainfall-t-900-mm-qualified,Longridge Spade Mill,53.830190,-2.578843,1990-01-02,2026-09-17T11:48:02Z
c87937ed-2f78-40d2-bf2f-1e85178abd79,c87937ed-2f78-40d2-bf2f-1e85178abd79-rainfall-t-900-mm-qualified,Ennerdale Black Sail,54.501215,-3.246642,1999-01-11,2026-09-17T11:48:02Z
c889a7b0-e33f-4951-b82e-54b9cd7bbe70,c889a7b0-e33f-4951-b82e-54b9cd7bbe70-rainfall-t-900-mm-qualified,Castle Carrock,54.888580,-2.709223,1993-05-04,2026-09-17T11:48:02Z
c89cc787-ab14-4a15-8b22-e5ad8bc83429,c89cc787-ab14-4a15-8b22-e5ad8bc83429-rainfall-t-900-mm-qualified,Torpoint,50.366856,-4.230089,2002-05-30,2026-09-17T11:48:02Z
c9161fc6-4f36-43fd-84c6-0e8e7cbdca01,c9161fc6-4f36-43fd-84c6-0e8e7cbdca01-rainfall-t-900-mm-qualified,Dale Head,54.548098,-3.063633,1997-03-26,2026-09-17T11:48:02Z
c93f01cd-e2dc-4de0-a047-456e6c18444a,c93f01cd-e2dc-4de0-a047-456e6c18444a-rainfall-t-900-mm-qualified,Boot,54.398617,-3.241741,2000-04-01,2026-09-17T11:48:02Z
c94d0481-e8b7-41a0-929d-275d7edc7187,c94d0481-e8b7-41a0-929d-275d7edc7187-rainfall-t-900-mm-qualified,Redgate Mill,51.067279,0.215583,1990-07-27,2026-09-17T11:48:02Z
c95003f4-abd0-4f91-9cbe-8b8af9764891,c95003f4-abd0-4f91-9cbe-8b8af9764891-rainfall-t-900-mm-qualified,Camberley,51.328457,-0.766598,1979-09-13,2026-09-17T11:48:02Z
c95ee2a8-b1d2-4d7d-a488-cb3f16bbc72a,c95ee2a8-b1d2-4d7d-a488-cb3f16bbc72a-rainfall-t-900-mm-qualified,Prestwood,51.701003,-0.747437,2003-10-01,2026-09-17T11:48:02Z
cab00076-b1f9-4efa-873b-157bde87261c,cab00076-b1f9-4efa-873b-157bde87261c-rainfall-t-900-mm-qualified,Drumburgh,54.931274,-3.157546,1993-05-01,2026-09-17T11:48:02Z
cb133ca8-a246-41c8-8e97-2ded6aa1f7b5,cb133ca8-a246-41c8-8e97-2ded6aa1f7b5-rainfall-t-900-mm-qualified,Woodbury,50.680044,-3.408936,2017-05-05,2026-09-17T11:48:02Z
cb8b7f2b-0a17-4ec4-83b4-8729c7568ca2,cb8b7f2b-0a17-4ec4-83b4-8729c7568ca2-rainfall-t-900-mm-qualified,High Row,54.592621,-2.951350,2001-01-31,2026-09-17T11:48:02Z
cb95e182-911f-4ad6-a938-16728934ec34,cb95e182-911f-4ad6-a938-16728934ec34-rainfall-t-900-mm-qualified,Hexham Firtrees,54.960073,-2.159393,2002-02-13,2026-09-17T11:48:02Z
cbd85eb5-b6fe-4478-b2e8-245205ef84e3,cbd85eb5-b6fe-4478-b2e8-245205ef84e3-rainfall-t-900-mm-qualified,Gorpley,53.704295,-2.134727,2004-07-06,2026-09-17T11:48:02Z
cbe2256f-7547-4867-85b2-23d200548cdd,cbe2256f-7547-4867-85b2-23d200548cdd-rainfall-t-900-mm-qualified,Ilfracombe Hore Down,51.178099,-4.106859,2009-05-25,2026-09-17T11:48:02Z
cc377290-91e6-4881-9463-8ac99e9fd17a,cc377290-91e6-4881-9463-8ac99e9fd17a-rainfall-t-900-mm-qualified,Hemingby Bridge,53.251492,-0.150974,2010-09-30,2026-09-17T11:48:02Z
cc7b65b4-e5e7-4a23-8dc4-5ca300d414a3,cc7b65b4-e5e7-4a23-8dc4-5ca300d414a3-rainfall-t-900-mm-qualified,Hinckley,52.530459,-1.382594,1962-09-24,2026-09-17T11:48:02Z
cc9824a3-f516-49e7-8cea-56d72fb0c9dd,cc9824a3-f516-49e7-8cea-56d72fb0c9dd-rainfall-t-900-mm-qualified,Sutton-In-Ashfield,53.130307,-1.238775,1985-10-31,2026-09-17T11:48:02Z
cccda7a5-1615-4d49-8f49-48f7c9bb249a,cccda7a5-1615-4d49-8f49-48f7c9bb249a-rainfall-t-900-mm-qualified,Heaton Park,53.535058,-2.263444,1990-12-09,2026-09-17T11:48:02Z
ccd2dcd2-9439-41e6-9e0a-cf124e772a68_084532,ccd2dcd2-9439-41e6-9e0a-cf124e772a68_084532-rainfall-t-900-mm-qualified,Woodhouse Mill,53.367140,-1.351393,2002-09-06,2026-09-17T11:48:02Z
cd83b4ef-1ab1-46dd-8873-88aff8ac56ef,cd83b4ef-1ab1-46dd-8873-88aff8ac56ef-rainfall-t-900-mm-qualified,Romanby,54.329052,-1.456159,2006-02-01,2026-09-17T11:48:02Z
cdb7b894-04b5-4548-bca6-a0309e91efc3,cdb7b894-04b5-4548-bca6-a0309e91efc3-rainfall-t-900-mm-qualified,Itchingfield,51.046000,-0.400235,1999-06-01,2026-09-17T11:48:02Z
cdcf2d17-e144-453e-aa15-a2e1670ca337,cdcf2d17-e144-453e-aa15-a2e1670ca337-rainfall-t-900-mm-qualified,Hutton Shenfield,51.638261,0.383654,1996-04-30,2026-09-17T11:48:02Z
ce041552-6cb0-4896-9fa3-7b82d7424be7,ce041552-6cb0-4896-9fa3-7b82d7424be7-rainfall-t-900-mm-qualified,Lanreath,50.382244,-4.560207,2003-01-01,2026-09-17T11:48:02Z
ce0ea187-2e41-4bc6-8455-c7898a1f3cdb,ce0ea187-2e41-4bc6-8455-c7898a1f3cdb-rainfall-t-900-mm-qualified,Wanstead,51.575203,0.041178,1991-06-01,2026-09-17T11:48:02Z
ce3bd7bc-bdc6-452a-b068-0a2febd70bcb,ce3bd7bc-bdc6-452a-b068-0a2febd70bcb-rainfall-t-900-mm-qualified,Brookfield Farm,50.776715,-3.176620,2012-05-15,2026-09-17T11:48:02Z
ce621ede-07b6-489f-83ab-92d2b99b44d9,ce621ede-07b6-489f-83ab-92d2b99b44d9-rainfall-t-900-mm-qualified,Dancers End,51.773046,-0.689150,2001-01-01,2026-09-17T11:48:02Z
ce86f76a-06a1-4f93-9478-78848f343438,ce86f76a-06a1-4f93-9478-78848f343438-rainfall-t-900-mm-qualified,Sale Carrington Lane,53.430110,-2.353427,1990-12-08,2026-09-17T11:48:02Z
cf11be0e-d67e-435d-9959-bc0efe78e9a8,cf11be0e-d67e-435d-9959-bc0efe78e9a8-rainfall-t-900-mm-qualified,Spalding,52.808600,-0.129778,1985-05-24,2026-09-17T11:48:02Z
cf26c254-b152-4c3e-892d-759284556293,cf26c254-b152-4c3e-892d-759284556293-rainfall-t-900-mm-qualified,Chantry Gauge,52.029032,1.131663,1991-09-30,2026-09-17T11:48:02Z
cf79b9c5-553c-4bd5-a8de-0974956a521b,cf79b9c5-553c-4bd5-a8de-0974956a521b-rainfall-t-900-mm-qualified,East Cowton,54.418927,-1.516057,1997-08-07,2026-09-17T11:48:02Z
cf7fa6ec-5097-4c0a-978d-1f74cc222bed,cf7fa6ec-5097-4c0a-978d-1f74cc222bed-rainfall-t-900-mm-qualified,Broughton,51.102284,-1.562507,1999-08-26,2026-09-17T11:48:02Z
cfad1986-c0f7-43bb-ab19-469c9f3c61a5,cfad1986-c0f7-43bb-ab19-469c9f3c61a5-rainfall-t-900-mm-qualified,Hannington,52.332664,-0.788494,1987-05-08,2026-09-17T11:48:02Z
cfae0655-8b64-47b7-a158-710b0ab9da7b,cfae0655-8b64-47b7-a158-710b0ab9da7b-rainfall-t-900-mm-qualified,Billinge Hill,53.510610,-2.721288,1995-07-16,2026-09-17T11:48:02Z
cffedf52-af6f-4393-9317-412f410d4e7c,cffedf52-af6f-4393-9317-412f410d4e7c-rainfall-t-900-mm-qualified,Linacre,53.250303,-1.498629,2003-01-30,2026-09-17T11:48:02Z
d02f8fa1-030e-4f35-bb86-922f1e570ecc,d02f8fa1-030e-4f35-bb86-922f1e570ecc-rainfall-t-900-mm-qualified,Combe Martin Coulsworthy,51.194995,-3.978300,2022-03-16,2026-09-17T11:48:02Z
d030d4a1-e9bf-4d16-9116-76966ec1d112_GSAMGR,d030d4a1-e9bf-4d16-9116-76966ec1d112_GSAMGR-rainfall-t-900-mm-qualified,Great Sampford,51.989859,0.394813,1992-02-19,2026-09-17T11:48:02Z
d0cb7f45-b6af-4242-8d2e-df2ae3e0bb26,d0cb7f45-b6af-4242-8d2e-df2ae3e0bb26-rainfall-t-900-mm-qualified,Stoke Bottom,51.230649,-2.486029,1991-10-01,2026-09-17T11:48:02Z
d0d00ab4-bfa9-458c-96c3-33dd5a401559_601304,d0d00ab4-bfa9-458c-96c3-33dd5a401559_601304-rainfall-t-900-mm-qualified,Burnbanks,54.536219,-2.762181,1993-03-05,2026-09-17T11:48:02Z
d0de6bdf-d02b-488c-9273-1cab0a389045,d0de6bdf-d02b-488c-9273-1cab0a389045-rainfall-t-900-mm-qualified,Storrington,50.927798,-0.470149,2000-02-17,2026-09-17T11:48:02Z
d11724b7-8530-4435-aec0-28be3cddcac5,d11724b7-8530-4435-aec0-28be3cddcac5-rainfall-t-900-mm-qualified,Cowm,53.663626,-2.181087,2002-03-20,2026-09-17T11:48:02Z
d140f62b-b08a-4a64-be9d-f808f4e06140_133946,d140f62b-b08a-4a64-be9d-f808f4e06140_133946-rainfall-t-900-mm-qualified,Laceby Beck,53.546527,-0.159435,2000-05-03,2026-09-17T11:48:02Z
d1803c5a-e461-404b-8750-7f946456a6c6,d1803c5a-e461-404b-8750-7f946456a6c6-rainfall-t-900-mm-qualified,Chards Snowdon Hill,50.875716,-2.981262,2017-03-29,2026-09-17T11:48:02Z
d19ee1ee-9e00-497b-aa28-d84d379097e4,d19ee1ee-9e00-497b-aa28-d84d379097e4-rainfall-t-900-mm-qualified,Corby Glen,52.810271,-0.529567,1984-12-10,2026-09-17T11:48:02Z
d2507d03-75aa-4a1b-b053-76bb3dfefc6a,d2507d03-75aa-4a1b-b053-76bb3dfefc6a-rainfall-t-900-mm-qualified,Rodbaston,52.701914,-2.118783,1985-10-08,2026-09-17T11:48:02Z
d280d70f-b87d-4617-93bf-77ee60a0e0dc,d280d70f-b87d-4617-93bf-77ee60a0e0dc-rainfall-t-900-mm-qualified,Bocking,51.889837,0.577193,1995-09-27,2026-09-17T11:48:02Z
d2837912-4cf6-4924-9503-c52131d1ab97,d2837912-4cf6-4924-9503-c52131d1ab97-rainfall-t-900-mm-qualified,Stopgate Farm,50.882307,-3.091654,2009-04-22,2026-09-17T11:48:02Z
d2b5349b-5496-4a1a-a834-be3b948beb9f,d2b5349b-5496-4a1a-a834-be3b948beb9f-rainfall-t-900-mm-qualified,Tollerdown,50.826641,-2.685761,2007-02-16,2026-09-17T11:48:02Z
d2c8e9d4-7072-42fe-9803-2d908c9132f6,d2c8e9d4-7072-42fe-9803-2d908c9132f6-rainfall-t-900-mm-qualified,Wanlip,52.697611,-1.117287,1985-10-24,2026-09-17T11:48:02Z
d3238570-c5b1-4472-9bbe-5fc0dd53f441,d3238570-c5b1-4472-9bbe-5fc0dd53f441-rainfall-t-900-mm-qualified,Alston,54.813496,-2.442664,1989-05-11,2026-09-17T11:48:02Z
d3d52f3d-cdd5-4c79-965c-d90cc0716996,d3d52f3d-cdd5-4c79-965c-d90cc0716996-rainfall-t-900-mm-qualified,Bredy Farm,50.707390,-2.699144,1995-04-21,2026-09-17T11:48:02Z
d4553d75-862e-4436-8cfa-ff5b216f04bb,d4553d75-862e-4436-8cfa-ff5b216f04bb-rainfall-t-900-mm-qualified,White Barrow,50.473224,-3.891407,1999-12-18,2026-09-17T11:48:02Z
d4841fde-8e76-4b5c-9e2f-a77be546dc16,d4841fde-8e76-4b5c-9e2f-a77be546dc16-rainfall-t-900-mm-qualified,Bethersden,51.129338,0.748293,1990-10-18,2026-09-17T11:48:02Z
d4c4394f-242a-4e01-bf0c-365bb31457dd,d4c4394f-242a-4e01-bf0c-365bb31457dd-rainfall-t-900-mm-qualified,Cromhall,51.602456,-2.456146,1991-10-01,2026-09-17T11:48:02Z
d4ff6bf5-a7dd-45cb-a74e-221b3a1a889d,d4ff6bf5-a7dd-45cb-a74e-221b3a1a889d-rainfall-t-900-mm-qualified,Alvechurch,52.343791,-1.954781,1981-03-22,2026-09-17T11:48:02Z
d52d0eab-1e64-4d76-a1f2-e81c7948d2c0_435510,d52d0eab-1e64-4d76-a1f2-e81c7948d2c0_435510-rainfall-t-900-mm-qualified,Cosford,52.639315,-2.326238,1982-11-05,2026-09-17T11:48:02Z
d58493a8-2a6e-4fb3-b9ad-5a09a8c965dc,d58493a8-2a6e-4fb3-b9ad-5a09a8c965dc-rainfall-t-900-mm-qualified,Walderton,50.887205,-0.883689,1991-02-20,2026-09-17T11:48:02Z
d5a68302-2d66-400f-bff8-43d09ea31204,d5a68302-2d66-400f-bff8-43d09ea31204-rainfall-t-900-mm-qualified,Arkle Town,54.413991,-1.988664,2002-10-17,2026-09-17T11:48:02Z
d5b6b189-faf9-4f9e-8809-1c4936aeecda,d5b6b189-faf9-4f9e-8809-1c4936aeecda-rainfall-t-900-mm-qualified,Sutton Bingham,50.902694,-2.632781,1995-01-30,2026-09-17T11:48:02Z
d5bd28a2-93f3-4685-a786-87963127fa21,d5bd28a2-93f3-4685-a786-87963127fa21-rainfall-t-900-mm-qualified,St Columb,50.437918,-4.948419,2009-04-01,2026-09-17T11:48:02Z
d64d746d-ccaa-4380-8bb9-6ae619b2b97e,d64d746d-ccaa-4380-8bb9-6ae619b2b97e-rainfall-t-900-mm-qualified,Newbiggin Hall Farne School,55.000001,-1.684472,1991-10-08,2026-09-17T11:48:02Z
d7e8024e-7c6f-447c-b3e6-6bc0f60b310a,d7e8024e-7c6f-447c-b3e6-6bc0f60b310a-rainfall-t-900-mm-qualified,Nags Head Lane,51.600838,0.260666,1989-01-01,2026-09-17T11:48:02Z
d8333bc4-b9f8-4984-bdc6-77909c81e473,d8333bc4-b9f8-4984-bdc6-77909c81e473-rainfall-t-900-mm-qualified,Aylesbury,51.826142,-0.853612,1994-03-04,2026-09-17T11:48:02Z
d836c809-c260-41a5-8ed8-88dad8b64774_135237,d836c809-c260-41a5-8ed8-88dad8b64774_135237-rainfall-t-900-mm-qualified,Raithby,53.359234,-0.016938,1987-01-01,2026-09-17T11:48:02Z
d891e8a2-b9ce-4f71-a67a-70ce70350350,d891e8a2-b9ce-4f71-a67a-70ce70350350-rainfall-t-900-mm-qualified,Crediton Knowle,50.799521,-3.737340,2022-01-21,2026-09-17T11:48:02Z
d893ec6b-7667-4d95-8143-b4bf8b0a02d5,d893ec6b-7667-4d95-8143-b4bf8b0a02d5-rainfall-t-900-mm-qualified,Rayleigh,51.582831,0.638136,2000-07-02,2026-09-17T11:48:02Z
d8c81b13-1a48-4f21-bef8-486e9c17b9f3,d8c81b13-1a48-4f21-bef8-486e9c17b9f3-rainfall-t-900-mm-qualified,Barras,54.504194,-2.241355,1994-06-26,2026-09-17T11:48:02Z
d949ed16-0a1d-4d43-9597-7b4af6b7ffe5,d949ed16-0a1d-4d43-9597-7b4af6b7ffe5-rainfall-t-900-mm-qualified,Harleston,52.408632,1.305167,2003-04-25,2026-09-17T11:48:02Z
d9a62b08-ee26-40c4-a436-fdc51052e245,d9a62b08-ee26-40c4-a436-fdc51052e245-rainfall-t-900-mm-qualified,Rookhope Nurseries,54.781734,-2.107490,2020-02-05,2026-09-17T11:48:02Z
da185f7d-4243-4879-95f3-9f395a4f21b1,da185f7d-4243-4879-95f3-9f395a4f21b1-rainfall-t-900-mm-qualified,Tealby,53.397954,-0.269487,2000-09-21,2026-09-17T11:48:02Z
da31a847-9372-4a5d-a124-1e3858a23a52,da31a847-9372-4a5d-a124-1e3858a23a52-rainfall-t-900-mm-qualified,Meynell Langley,52.958954,-1.578669,1994-08-30,2026-09-17T11:48:02Z
da800212-08da-488a-9bf3-afcad2aec991_260221TP,da800212-08da-488a-9bf3-afcad2aec991_260221TP-rainfall-t-900-mm-qualified,Stanford,51.633999,-1.505817,1991-07-31,2026-09-17T11:48:02Z
db0d9419-103c-4177-8840-617328987b9c,db0d9419-103c-4177-8840-617328987b9c-rainfall-t-900-mm-qualified,Cranbrook,51.096836,0.544393,2002-06-13,2026-09-17T11:48:02Z
db1e783a-14f8-4dcc-9d66-e736f204a39d,db1e783a-14f8-4dcc-9d66-e736f204a39d-rainfall-t-900-mm-qualified,Seascale,54.394404,-3.479259,2006-04-05,2026-09-17T11:48:02Z
dbf01d98-3073-49b2-8353-8b8b755ed07e,dbf01d98-3073-49b2-8353-8b8b755ed07e-rainfall-t-900-mm-qualified,Far Gearstones,54.216627,-2.334382,1994-01-24,2026-09-17T11:48:02Z
dce732a2-e673-4341-b2b0-41cf95a63411,dce732a2-e673-4341-b2b0-41cf95a63411-rainfall-t-900-mm-qualified,Boscastle,50.679705,-4.695013,2006-04-04,2026-09-17T11:48:02Z
dd55abdc-76ed-4ec0-92b4-144aad475a2f,dd55abdc-76ed-4ec0-92b4-144aad475a2f-rainfall-t-900-mm-qualified,Taynton,51.899566,-2.412745,2001-01-29,2026-09-17T11:48:02Z
dd83b9ea-defb-449d-b475-4604ca54044a,dd83b9ea-defb-449d-b475-4604ca54044a-rainfall-t-900-mm-qualified,Beaminster Coombe Farm,50.800431,-2.738179,2008-02-02,2026-09-17T11:48:02Z
de3285a5-0abf-4c5b-8ee2-63187f9124ae,de3285a5-0abf-4c5b-8ee2-63187f9124ae-rainfall-t-900-mm-qualified,Bovey Tracey,50.592312,-3.716672,2007-06-13,2026-09-17T11:48:02Z
de41e7ba-71f8-495d-b171-8a3cbcbb523f,de41e7ba-71f8-495d-b171-8a3cbcbb523f-rainfall-t-900-mm-qualified,Sunderland,54.704159,-3.275161,1993-03-02,2026-09-17T11:48:02Z
de5887ea-fa80-4ac1-8a17-0264c6e624f0_438954,de5887ea-fa80-4ac1-8a17-0264c6e624f0_438954-rainfall-t-900-mm-qualified,Hartlebury,52.325889,-2.226644,1978-04-10,2026-09-17T11:48:02Z
de6cce85-aaac-46e6-bfd1-84d088992670,de6cce85-aaac-46e6-bfd1-84d088992670-rainfall-t-900-mm-qualified,North Chapel,51.053140,-0.643445,2001-04-06,2026-09-17T11:48:02Z
de8bb5b8-45a5-4282-8028-6268e5af1d30,de8bb5b8-45a5-4282-8028-6268e5af1d30-rainfall-t-900-mm-qualified,Eynsham,51.774937,-1.357299,1982-07-29,2026-09-17T11:48:02Z
df320ae5-f998-43f6-9a1e-c9e79f30b081,df320ae5-f998-43f6-9a1e-c9e79f30b081-rainfall-t-900-mm-qualified,Abbeystead Gardens,53.986148,-2.662259,1990-12-14,2026-09-17T11:48:02Z
e01eaf91-3a94-47d2-a987-d24706fec3bd,e01eaf91-3a94-47d2-a987-d24706fec3bd-rainfall-t-900-mm-qualified,Alderney,50.755254,-1.938217,1999-08-09,2026-09-17T11:48:02Z
e0230854-bf9c-4f4a-a87f-1a228bb1d24a,e0230854-bf9c-4f4a-a87f-1a228bb1d24a-rainfall-t-900-mm-qualified,Redisham,52.402273,1.541279,1999-03-31,2026-09-17T11:48:02Z
e02a1b65-521b-4672-a336-14aae201ac78_062046,e02a1b65-521b-4672-a336-14aae201ac78_062046-rainfall-t-900-mm-qualified,Grimwith,54.071222,-1.913236,2000-02-03,2026-09-17T11:48:02Z
e09c3d56-07d9-4354-b553-616a4680ed40,e09c3d56-07d9-4354-b553-616a4680ed40-rainfall-t-900-mm-qualified,Kirdford,51.023121,-0.551868,1999-06-27,2026-09-17T11:48:02Z
e0e4b6f0-cf06-4411-8e05-f3a00416d600,e0e4b6f0-cf06-4411-8e05-f3a00416d600-rainfall-t-900-mm-qualified,Sheriffs Lench,52.140706,-1.974420,2000-04-15,2026-09-17T11:48:02Z
e147663c-ada8-4fdc-9a91-6f8a56f610d9,e147663c-ada8-4fdc-9a91-6f8a56f610d9-rainfall-t-900-mm-qualified,Farthing Common,51.123983,1.053526,1998-03-10,2026-09-17T11:48:02Z
e166234e-cf65-4baa-ada6-4cd3b027f388,e166234e-cf65-4baa-ada6-4cd3b027f388-rainfall-t-900-mm-qualified,Brampton,52.322277,-0.205864,1992-10-01,2026-09-17T11:48:02Z
e1ea3158-4b67-4dcc-b869-5a751deb8413,e1ea3158-4b67-4dcc-b869-5a751deb8413-rainfall-t-900-mm-qualified,Priddy Chancellors Farm,51.269665,-2.682289,2005-06-30,2026-09-17T11:48:02Z
e1f078dd-8914-4382-af87-abdf7e09d898,e1f078dd-8914-4382-af87-abdf7e09d898-rainfall-t-900-mm-qualified,Great Finborough,52.181372,0.952415,2007-07-17,2026-09-17T11:48:02Z
e2930eb0-1214-4099-825c-aed997650310,e2930eb0-1214-4099-825c-aed997650310-rainfall-t-900-mm-qualified,Allenby,51.527607,-0.369141,2018-06-27,2026-09-17T11:48:02Z
e32552e7-61fc-46f0-b5eb-e89930abc712_473716,e32552e7-61fc-46f0-b5eb-e89930abc712_473716-rainfall-t-900-mm-qualified,Titley Mill,52.220640,-2.984816,1988-07-31,2026-09-17T11:48:02Z
e3990cb0-3ae8-4cd4-b009-55290be90c92_318245,e3990cb0-3ae8-4cd4-b009-55290be90c92_318245-rainfall-t-900-mm-qualified,Iping Mill,50.999367,-0.786815,1998-08-03,2026-09-17T11:48:02Z
e39be17a-5564-43b4-ac34-0f884700e998,e39be17a-5564-43b4-ac34-0f884700e998-rainfall-t-900-mm-qualified,Hanningfield,51.646001,0.489498,2000-08-28,2026-09-17T11:48:02Z
e3e29994-311f-4cbc-8d5f-e35d2937e334,e3e29994-311f-4cbc-8d5f-e35d2937e334-rainfall-t-900-mm-qualified,Chieveley,51.461787,-1.325547,1979-09-13,2026-09-17T11:48:02Z
e40d8911-61ef-43ea-be44-dedca27b4736,e40d8911-61ef-43ea-be44-dedca27b4736-rainfall-t-900-mm-qualified,Keelby,53.572138,-0.236405,1977-05-01,2026-09-17T11:48:02Z
e485da02-9a0d-4f66-a181-22130b0f4a74,e485da02-9a0d-4f66-a181-22130b0f4a74-rainfall-t-900-mm-qualified,Trawden,53.833276,-2.104357,1998-06-24,2026-09-17T11:48:02Z
e506ff84-fba3-4673-86a3-f24b5a73984a,e506ff84-fba3-4673-86a3-f24b5a73984a-rainfall-t-900-mm-qualified,Haighton,53.811362,-2.648519,1990-01-02,2026-09-17T11:48:02Z
e56a9e4b-b8c7-4202-b557-942b0b3022bd,e56a9e4b-b8c7-4202-b557-942b0b3022bd-rainfall-t-900-mm-qualified,Sutton Bonnington,52.836524,-1.251194,2000-04-19,2026-09-17T11:48:02Z
e584b095-fa71-4106-b877-bfdd9a248d29,e584b095-fa71-4106-b877-bfdd9a248d29-rainfall-t-900-mm-qualified,Clifton Oakfield,51.460499,-2.610283,2011-01-01,2026-09-17T11:48:02Z
e59cfed8-b1a9-46e2-af8a-628b5c95d596,e59cfed8-b1a9-46e2-af8a-628b5c95d596-rainfall-t-900-mm-qualified,Byrkley,52.808493,-1.743604,2010-04-08,2026-09-17T11:48:02Z
e5c5f6ac-65d1-4d96-8463-01f62af8dea6,e5c5f6ac-65d1-4d96-8463-01f62af8dea6-rainfall-t-900-mm-qualified,Quantock Farm,51.124683,-3.201660,2006-05-04,2026-09-17T11:48:02Z
e683ab18-2507-43b3-b901-ef518d3657df,e683ab18-2507-43b3-b901-ef518d3657df-rainfall-t-900-mm-qualified,Gwennap,50.222927,-5.162056,2008-01-14,2026-09-17T11:48:02Z
e6ad9622-c241-4642-bde0-44d307ddd9c2,e6ad9622-c241-4642-bde0-44d307ddd9c2-rainfall-t-900-mm-qualified,Thorpe Satchville,52.690687,-0.921387,2007-05-16,2026-09-17T11:48:02Z
e6b22587-c27d-4675-b319-38cab9a95de2,e6b22587-c27d-4675-b319-38cab9a95de2-rainfall-t-900-mm-qualified,Aisgill,54.362091,-2.342165,1999-10-31,2026-09-17T11:48:02Z
e72a8004-1a7e-4c4c-a4b3-5ef3b3adc3c3,e72a8004-1a7e-4c4c-a4b3-5ef3b3adc3c3-rainfall-t-900-mm-qualified,Beetham Hall,54.205024,-2.769761,1993-03-04,2026-09-17T11:48:02Z
e7827b0a-56d7-4136-af12-aaf3c036c7f2,e7827b0a-56d7-4136-af12-aaf3c036c7f2-rainfall-t-900-mm-qualified,Hatfield Heath,51.804963,0.208650,2015-05-21,2026-09-17T11:48:02Z
e7d3166f-1f22-4036-a920-1ec6526f1cd4,e7d3166f-1f22-4036-a920-1ec6526f1cd4-rainfall-t-900-mm-qualified,Scaling,54.505626,-0.846857,1997-08-07,2026-09-17T11:48:02Z
e7d9bc1c-3332-4c41-b10f-7bc6351c762c,e7d9bc1c-3332-4c41-b10f-7bc6351c762c-rainfall-t-900-mm-qualified,Birds Hill,51.117738,-3.349501,2002-02-28,2026-09-17T11:48:02Z
e7e2f7d4-f497-4adc-b077-c20bc2dcedfa,e7e2f7d4-f497-4adc-b077-c20bc2dcedfa-rainfall-t-900-mm-qualified,Torbay Compton,50.475569,-3.581185,2021-12-10,2026-09-17T11:48:02Z
e7e502df-d5fa-42b5-850f-5fe3be38ee7e,e7e502df-d5fa-42b5-850f-5fe3be38ee7e-rainfall-t-900-mm-qualified,Haywards Heath,50.998796,-0.145399,2001-10-15,2026-09-17T11:48:02Z
e8bcbd97-5e2a-45d0-b4c8-56234bddb6d4,e8bcbd97-5e2a-45d0-b4c8-56234bddb6d4-rainfall-t-900-mm-qualified,Poverty Bottom,50.801393,0.080643,2001-10-07,2026-09-17T11:48:02Z
e95f12d8-a67b-459d-a9ab-bb233c20799d,e95f12d8-a67b-459d-a9ab-bb233c20799d-rainfall-t-900-mm-qualified,East Ness,54.199859,-0.936096,1997-08-07,2026-09-17T11:48:02Z
e96ee0dd-5afd-448c-b189-a4f018debae4,e96ee0dd-5afd-448c-b189-a4f018debae4-rainfall-t-900-mm-qualified,Whittlesey,52.548115,-0.122879,1986-10-14,2026-09-17T11:48:02Z
e97f1ed0-360f-43a5-8384-c46fd6ffd7ce,e97f1ed0-360f-43a5-8384-c46fd6ffd7ce-rainfall-t-900-mm-qualified,Stone,52.885846,-2.183338,1963-08-23,2026-09-17T11:48:02Z
e988641d-b96c-4d91-8207-3fb8f3125143,e988641d-b96c-4d91-8207-3fb8f3125143-rainfall-t-900-mm-qualified,Vowchurch,52.023322,-2.918812,2001-11-29,2026-09-17T11:48:02Z
e99b9749-8dd0-476c-a359-1cd3ed6c5173,e99b9749-8dd0-476c-a359-1cd3ed6c5173-rainfall-t-900-mm-qualified,Broadwater,50.837096,-0.377720,1998-01-29,2026-09-17T11:48:02Z
e9cfba22-fc5e-4ef7-8f4f-001518374cd9,e9cfba22-fc5e-4ef7-8f4f-001518374cd9-rainfall-t-900-mm-qualified,Tudor Grange,52.407542,-1.784888,1986-08-01,2026-09-17T11:48:02Z
e9e63924-565e-4d97-9cc0-ea1f511a7a04,e9e63924-565e-4d97-9cc0-ea1f511a7a04-rainfall-t-900-mm-qualified,Corley,52.481039,-1.559054,2001-07-06,2026-09-17T11:48:02Z
ea09488b-5d25-47cf-b24d-9d100104d432,ea09488b-5d25-47cf-b24d-9d100104d432-rainfall-t-900-mm-qualified,East Okement,50.703743,-3.977585,1998-08-31,2026-09-17T11:48:02Z
ea097ddb-5756-4881-b43c-f11972b137b9,ea097ddb-5756-4881-b43c-f11972b137b9-rainfall-t-900-mm-qualified,Kingsclere,51.345021,-1.240326,1989-05-31,2026-09-17T11:48:02Z
ea1c4478-b21e-432b-b7e5-6d3122789732,ea1c4478-b21e-432b-b7e5-6d3122789732-rainfall-t-900-mm-qualified,Rivers House,51.135214,-3.000103,1994-12-03,2026-09-17T11:48:02Z
ea25bd59-acfa-48ee-81c4-0dc4ac8eca75,ea25bd59-acfa-48ee-81c4-0dc4ac8eca75-rainfall-t-900-mm-qualified,Colaton Raleigh,50.686808,-3.299752,2021-11-24,2026-09-17T11:48:02Z
ea79c66d-88d9-409c-b57f-78a40c9ff45e,ea79c66d-88d9-409c-b57f-78a40c9ff45e-rainfall-t-900-mm-qualified,Holdenhurst,50.755690,-1.814952,1999-06-22,2026-09-17T11:48:02Z
ea7adb9e-bbbd-4973-bc18-cf1991d8ce6d,ea7adb9e-bbbd-4973-bc18-cf1991d8ce6d-rainfall-t-900-mm-qualified,St Ives,52.342743,-0.068023,2006-12-21,2026-09-17T11:48:02Z
eb008720-491b-418d-8cc3-8e4512d1517b,eb008720-491b-418d-8cc3-8e4512d1517b-rainfall-t-900-mm-qualified,Castle Acre,52.703389,0.697965,1995-10-31,2026-09-17T11:48:02Z
eb09e0d5-288f-438c-b817-d88461441f06,eb09e0d5-288f-438c-b817-d88461441f06-rainfall-t-900-mm-qualified,Dousland,50.501196,-4.060843,2008-04-25,2026-09-17T11:48:02Z
eb18d605-08c3-4e53-96b6-b3fc022e8cdb,eb18d605-08c3-4e53-96b6-b3fc022e8cdb-rainfall-t-900-mm-qualified,Brendon Hill,51.130334,-3.534175,1998-08-31,2026-09-17T11:48:02Z
eb5738b8-6614-41e7-888f-6909962888d1,eb5738b8-6614-41e7-888f-6909962888d1-rainfall-t-900-mm-qualified,Westbury Dilton Court,51.237018,-2.152492,2015-03-03,2026-09-17T11:48:02Z
eb5d2f5c-f57e-4272-9cf2-cb130d6a8b54,eb5d2f5c-f57e-4272-9cf2-cb130d6a8b54-rainfall-t-900-mm-qualified,Portswood,50.930784,-1.381492,1986-07-08,2026-09-17T11:48:02Z
eb6c1930-b131-4d71-9ce2-3616abd6ea39_382133,eb6c1930-b131-4d71-9ce2-3616abd6ea39_382133-rainfall-t-900-mm-qualified,St Erth,50.171579,-5.437838,2005-07-03,2026-09-17T11:48:02Z
eb7c1280-5f53-4615-bcbe-286ba83ba073,eb7c1280-5f53-4615-bcbe-286ba83ba073-rainfall-t-900-mm-qualified,Yearsley,54.163044,-1.100276,2017-11-06,2026-09-17T11:48:02Z
eb9c41ca-284b-4ae2-b290-415517e8ada1,eb9c41ca-284b-4ae2-b290-415517e8ada1-rainfall-t-900-mm-qualified,Holsworthy,50.804025,-4.356814,2007-04-20,2026-09-17T11:48:02Z
eba07158-07a9-4649-aeda-739af9b74772,eba07158-07a9-4649-aeda-739af9b74772-rainfall-t-900-mm-qualified,Rapsgate,51.792489,-2.007456,1984-06-21,2026-09-17T11:48:02Z
eba553ad-a6ca-45b3-9439-cccb8f71b2ad,eba553ad-a6ca-45b3-9439-cccb8f71b2ad-rainfall-t-900-mm-qualified,Killhope Lead Mine,54.781276,-2.268922,2019-10-29,2026-09-17T11:48:02Z
ebaac028-51c8-4f76-85d4-94343ee576b4_600986,ebaac028-51c8-4f76-85d4-94343ee576b4_600986-rainfall-t-900-mm-qualified,Wet Sleddale,54.497330,-2.690649,1997-09-02,2026-09-17T11:48:02Z
ebcf8c37-76ec-4d38-9354-ba0ab0789ffa,ebcf8c37-76ec-4d38-9354-ba0ab0789ffa-rainfall-t-900-mm-qualified,Farnley Hall,53.787786,-1.627423,1987-12-10,2026-09-17T11:48:02Z
ebe7dd2a-e14f-4179-bebc-74eebb7b5207,ebe7dd2a-e14f-4179-bebc-74eebb7b5207-rainfall-t-900-mm-qualified,Leominster,52.218702,-2.727819,1991-03-25,2026-09-17T11:48:02Z
ebf0f3ea-73a4-469c-ba40-7fea1409374e,ebf0f3ea-73a4-469c-ba40-7fea1409374e-rainfall-t-900-mm-qualified,Vines Cross,50.929968,0.266973,1994-05-16,2026-09-17T11:48:02Z
ebf32a1d-d6e2-4bca-b222-08db2bdfc37d,ebf32a1d-d6e2-4bca-b222-08db2bdfc37d-rainfall-t-900-mm-qualified,Hawnby,54.297562,-1.167859,2004-09-11,2026-09-17T11:48:02Z
ec4e8735-fc90-4371-abd1-b625ced110e1,ec4e8735-fc90-4371-abd1-b625ced110e1-rainfall-t-900-mm-qualified,Yelden,52.295803,-0.513069,1991-07-31,2026-09-17T11:48:02Z
ec5cad4f-165a-4b89-a49d-6aa36fd9c940,ec5cad4f-165a-4b89-a49d-6aa36fd9c940-rainfall-t-900-mm-qualified,Wick St Lawrence,51.393332,-2.916509,2008-04-09,2026-09-17T11:48:02Z
ec5d6348-4c3f-4b5b-8273-7508d6989e6c,ec5d6348-4c3f-4b5b-8273-7508d6989e6c-rainfall-t-900-mm-qualified,Pilling,53.933343,-2.903615,2007-01-25,2026-09-17T11:48:02Z
eca2f09e-3951-48f1-b303-1e66c3097fde,eca2f09e-3951-48f1-b303-1e66c3097fde-rainfall-t-900-mm-qualified,Ryde Vineyard,50.716091,-1.163124,2004-05-20,2026-09-17T11:48:02Z
ecc163a9-742d-4228-be89-11ed821cbbd9,ecc163a9-742d-4228-be89-11ed821cbbd9-rainfall-t-900-mm-qualified,Moorahill Farm,54.556142,-2.783396,2000-11-06,2026-09-17T11:48:02Z
ecc40362-51bd-44e5-9dd9-c117d26fdec5,ecc40362-51bd-44e5-9dd9-c117d26fdec5-rainfall-t-900-mm-qualified,Swindon,51.572513,-1.816753,2014-06-26,2026-09-17T11:48:02Z
ed2ca03c-8560-44e5-8f69-41f429afd909,ed2ca03c-8560-44e5-8f69-41f429afd909-rainfall-t-900-mm-qualified,Poaka Beck,54.190604,-3.164275,1991-01-12,2026-09-17T11:48:02Z
ed838ebe-d1cc-4340-a9f6-7d54864b1552,ed838ebe-d1cc-4340-a9f6-7d54864b1552-rainfall-t-900-mm-qualified,Bradworthy Common,50.909962,-4.380870,2009-03-31,2026-09-17T11:48:02Z
edb3323b-9f34-4f72-9ace-e12612b8b06a,edb3323b-9f34-4f72-9ace-e12612b8b06a-rainfall-t-900-mm-qualified,Haddon Hill,51.046377,-3.460539,2017-07-25,2026-09-17T11:48:02Z
edcbab4c-8de3-45ba-a4ee-d83157917cc8,edcbab4c-8de3-45ba-a4ee-d83157917cc8-rainfall-t-900-mm-qualified,Stratford  Milcote,52.174766,-1.735649,1979-03-15,2026-09-17T11:48:02Z
eddde829-2f2a-46df-998c-ba11cb760750,eddde829-2f2a-46df-998c-ba11cb760750-rainfall-t-900-mm-qualified,Tolgus,50.238624,-5.249036,2013-05-21,2026-09-17T11:48:02Z
ee3702af-ac65-4191-8b72-7fb7c84c670c,ee3702af-ac65-4191-8b72-7fb7c84c670c-rainfall-t-900-mm-qualified,Old Spital Farm,54.504740,-2.140842,2002-12-12,2026-09-17T11:48:02Z
ef096d02-3a5e-4883-a921-e5782f778cae,ef096d02-3a5e-4883-a921-e5782f778cae-rainfall-t-900-mm-qualified,Chenies,51.689694,-0.530336,1998-01-01,2026-09-17T11:48:02Z
ef2a0387-4a63-466e-a74e-7a299b5e8fd1,ef2a0387-4a63-466e-a74e-7a299b5e8fd1-rainfall-t-900-mm-qualified,Bedford,52.134051,-0.416198,1991-08-01,2026-09-17T11:48:02Z
ef62b1fe-af10-45bb-839a-f57ed671603b,ef62b1fe-af10-45bb-839a-f57ed671603b-rainfall-t-900-mm-qualified,Dartford,51.466550,0.233245,1990-08-25,2026-09-17T11:48:02Z
f0185429-0975-48ae-b20a-b241762bb97b,f0185429-0975-48ae-b20a-b241762bb97b-rainfall-t-900-mm-qualified,Preston Capes,52.185744,-1.172215,1999-10-21,2026-09-17T11:48:02Z
f0676423-f697-4dec-8958-440f335cce9a,f0676423-f697-4dec-8958-440f335cce9a-rainfall-t-900-mm-qualified,Princetown,50.549567,-3.999400,2008-08-08,2026-09-17T11:48:02Z
f0750421-2e3b-4274-9020-60f14d852c56,f0750421-2e3b-4274-9020-60f14d852c56-rainfall-t-900-mm-qualified,Stoke Climsland,50.546540,-4.320063,2010-06-10,2026-09-17T11:48:02Z
f0c038e6-5a80-45c3-85fd-e8401f7acaa8,f0c038e6-5a80-45c3-85fd-e8401f7acaa8-rainfall-t-900-mm-qualified,Parsonage Farm,51.160872,1.120191,2001-11-27,2026-09-17T11:48:02Z
f1152bc8-d4cf-411c-92ae-6bf9b2586027_396165,f1152bc8-d4cf-411c-92ae-6bf9b2586027_396165-rainfall-t-900-mm-qualified,Brendon,51.218994,-3.751771,1999-04-02,2026-09-17T11:48:02Z
f14b1e6e-4307-4cef-853c-bf980b55a941,f14b1e6e-4307-4cef-853c-bf980b55a941-rainfall-t-900-mm-qualified,Newquay,50.391260,-5.071683,2007-04-12,2026-09-17T11:48:02Z
f1be9f13-48b4-4c97-a53a-beb647e33bbb,f1be9f13-48b4-4c97-a53a-beb647e33bbb-rainfall-t-900-mm-qualified,North Walsham,52.824792,1.406962,1996-04-30,2026-09-17T11:48:02Z
f1d504f1-32df-4ef8-8ca2-4c9b14177f72,f1d504f1-32df-4ef8-8ca2-4c9b14177f72-rainfall-t-900-mm-qualified,Buttock,53.856750,-2.294895,1990-01-01,2026-09-17T11:48:02Z
f2a27c78-7c38-4091-89fe-898ab1854507,f2a27c78-7c38-4091-89fe-898ab1854507-rainfall-t-900-mm-qualified,High Mowthorpe,54.105013,-0.643167,1985-06-20,2026-09-17T11:48:02Z
f2d5edc0-e846-4aaf-b313-dc13a2067c41,f2d5edc0-e846-4aaf-b313-dc13a2067c41-rainfall-t-900-mm-qualified,Uttoxeter,52.901549,-1.861692,2000-04-10,2026-09-17T11:48:02Z
f30f311b-2d28-4aa0-91a9-7183cfe30252,f30f311b-2d28-4aa0-91a9-7183cfe30252-rainfall-t-900-mm-qualified,Potton,52.121826,-0.216204,1991-08-01,2026-09-17T11:48:02Z
f32a3c59-5dc3-47c7-9ed2-88af9ed331ef,f32a3c59-5dc3-47c7-9ed2-88af9ed331ef-rainfall-t-900-mm-qualified,Stamford,52.645791,-0.421128,1987-06-30,2026-09-17T11:48:02Z
f33b86ef-da78-4676-8fdb-237bb208e913,f33b86ef-da78-4676-8fdb-237bb208e913-rainfall-t-900-mm-qualified,Flamborough,54.106992,-0.129192,2009-06-14,2026-09-17T11:48:02Z
f35a7a31-4d58-48e5-a884-c00460722abe,f35a7a31-4d58-48e5-a884-c00460722abe-rainfall-t-900-mm-qualified,Ledbury,52.031703,-2.435301,1981-03-30,2026-09-17T11:48:02Z
f37a0c9e-b91e-4ace-90bb-7d35af3855b5,f37a0c9e-b91e-4ace-90bb-7d35af3855b5-rainfall-t-900-mm-qualified,Davey Park Farm,50.263658,-3.812093,2009-03-02,2026-09-17T11:48:02Z
f3ba42d5-1512-4ca5-8d92-fa1f4416dadd,f3ba42d5-1512-4ca5-8d92-fa1f4416dadd-rainfall-t-900-mm-qualified,Lyndhurst,50.879729,-1.558793,2003-08-03,2026-09-17T11:48:02Z
f401a8a5-b39a-4e8a-a4ad-a3441c048236,f401a8a5-b39a-4e8a-a4ad-a3441c048236-rainfall-t-900-mm-qualified,Popeswood,50.989120,0.152395,2007-06-30,2026-09-17T11:48:02Z
f48501f0-f2bb-449d-abed-e6ad94bb8428,f48501f0-f2bb-449d-abed-e6ad94bb8428-rainfall-t-900-mm-qualified,Lenham,51.225062,0.726034,1991-04-18,2026-09-17T11:48:02Z
f49e0ef0-79b8-4dc6-8a41-2fe55deedf7a,f49e0ef0-79b8-4dc6-8a41-2fe55deedf7a-rainfall-t-900-mm-qualified,Easterton,51.290433,-1.964092,1991-10-01,2026-09-17T11:48:02Z
f553305f-607e-49c1-b4c8-2334b41eb2e7,f553305f-607e-49c1-b4c8-2334b41eb2e7-rainfall-t-900-mm-qualified,Brooksby,52.731615,-0.995757,1981-02-02,2026-09-17T11:48:02Z
f5fc1678-555b-4d8f-82fa-9a07a9da0987,f5fc1678-555b-4d8f-82fa-9a07a9da0987-rainfall-t-900-mm-qualified,Crossness,51.505815,0.137592,1989-01-01,2026-09-17T11:48:02Z
f6f78d2d-4398-481f-af20-234dfd7b8de7,f6f78d2d-4398-481f-af20-234dfd7b8de7-rainfall-t-900-mm-qualified,Richmond,54.409507,-1.736287,1985-06-12,2026-09-17T11:48:02Z
f76bb8cf-c2d2-4f3e-ab2a-195f62828337,f76bb8cf-c2d2-4f3e-ab2a-195f62828337-rainfall-t-900-mm-qualified,Eccup,53.876058,-1.532656,1986-08-12,2026-09-17T11:48:02Z
f7df1039-5131-41ac-aa0a-9e5817945f1f,f7df1039-5131-41ac-aa0a-9e5817945f1f-rainfall-t-900-mm-qualified,Southchurch Park,51.531820,0.737810,2000-10-09,2026-09-17T11:48:02Z
f7f930bb-d6b3-4e82-8eb4-8486a8fd8397,f7f930bb-d6b3-4e82-8eb4-8486a8fd8397-rainfall-t-900-mm-qualified,Swanage,50.613547,-1.958825,1995-04-21,2026-09-17T11:48:02Z
f8093480-7cda-45e8-8e0a-7b1723b4f989,f8093480-7cda-45e8-8e0a-7b1723b4f989-rainfall-t-900-mm-qualified,Cranleigh,51.143151,-0.512805,1979-08-31,2026-09-17T11:48:02Z
f865641b-593a-4219-8e81-0cb66885d4e1,f865641b-593a-4219-8e81-0cb66885d4e1-rainfall-t-900-mm-qualified,Luxborough Lane,51.615215,0.054875,2014-08-05,2026-09-17T11:48:02Z
f89f0b70-c4be-40dd-b9fe-786f8108ab4f,f89f0b70-c4be-40dd-b9fe-786f8108ab4f-rainfall-t-900-mm-qualified,Writtle,51.738111,0.428348,2003-05-06,2026-09-17T11:48:02Z
f8aa2ccd-8180-437c-a419-0a789b5855c5,f8aa2ccd-8180-437c-a419-0a789b5855c5-rainfall-t-900-mm-qualified,Marshwood Lodgehouse Farm,50.777910,-2.848441,2010-04-30,2026-09-17T11:48:02Z
f8fe5b19-20c2-4176-815b-98f0851e15ad,f8fe5b19-20c2-4176-815b-98f0851e15ad-rainfall-t-900-mm-qualified,Harwood Burn,55.206928,-2.039403,2002-12-05,2026-09-17T11:48:02Z
f9585e3c-825b-41c1-b0cc-c615ed2f4f92,f9585e3c-825b-41c1-b0cc-c615ed2f4f92-rainfall-t-900-mm-qualified,Mearley Hall,53.861907,-2.349213,2007-01-21,2026-09-17T11:48:02Z
f9bbdf9a-26db-472b-bbef-baf9c304b71c,f9bbdf9a-26db-472b-bbef-baf9c304b71c-rainfall-t-900-mm-qualified,Cumwhinton,54.867901,-2.837750,1993-01-25,2026-09-17T11:48:02Z
fa3b53f9-6d1c-4357-a6c0-7e1a0fd4fc37,fa3b53f9-6d1c-4357-a6c0-7e1a0fd4fc37-rainfall-t-900-mm-qualified,Fairhaven,53.739353,-3.008153,2002-05-14,2026-09-17T11:48:02Z
fa4e5134-c5af-4a78-9c5e-575f8a9cf9bf,fa4e5134-c5af-4a78-9c5e-575f8a9cf9bf-rainfall-t-900-mm-qualified,Chester,53.193401,-2.871032,1995-02-10,2026-09-17T11:48:02Z
fa56d591-cb61-430a-93d8-2fe37150a99b,fa56d591-cb61-430a-93d8-2fe37150a99b-rainfall-t-900-mm-qualified,Bybrook,51.153516,0.887770,2000-01-01,2026-09-17T11:48:02Z
fa5ec835-4f4e-4274-bd5b-95ecc0e7afd3,fa5ec835-4f4e-4274-bd5b-95ecc0e7afd3-rainfall-t-900-mm-qualified,Aldon,52.416641,-2.836850,2009-01-06,2026-09-17T11:48:02Z
fa6f09e1-03f0-44f0-9b42-06879d4fcc74,fa6f09e1-03f0-44f0-9b42-06879d4fcc74-rainfall-t-900-mm-qualified,Seathwaite Farm,54.499029,-3.181504,1995-03-07,2026-09-17T11:48:02Z
fa9db077-1fd0-4f9b-a945-8a6a23f2e07f,fa9db077-1fd0-4f9b-a945-8a6a23f2e07f-rainfall-t-900-mm-qualified,Wakefield,53.679741,-1.476075,1985-03-19,2026-09-17T11:48:02Z
fab81083-5b8a-4382-bff5-934c1ad7ac7a,fab81083-5b8a-4382-bff5-934c1ad7ac7a-rainfall-t-900-mm-qualified,Lea Marston,52.542469,-1.697087,1993-07-30,2026-09-17T11:48:02Z
fb0d36f2-a8f1-491b-9757-43dd56199d90,fb0d36f2-a8f1-491b-9757-43dd56199d90-rainfall-t-900-mm-qualified,Minchinhampton,51.684341,-2.162122,2008-11-25,2026-09-17T11:48:02Z
fb3f99de-1e0a-4b91-9071-41bfe45b12f6,fb3f99de-1e0a-4b91-9071-41bfe45b12f6-rainfall-t-900-mm-qualified,Byfield,52.168696,-1.236003,1994-12-21,2026-09-17T11:48:02Z
fb6fd184-22a7-4cf8-befb-00a0fd58cfb7,fb6fd184-22a7-4cf8-befb-00a0fd58cfb7-rainfall-t-900-mm-qualified,Lumley Moor,54.131186,-1.656305,1989-04-01,2026-09-17T11:48:02Z
fb7704db-7a73-445e-93fb-2a7a3308eb80,fb7704db-7a73-445e-93fb-2a7a3308eb80-rainfall-t-900-mm-qualified,Walkmills,52.589051,-2.787435,2000-09-26,2026-09-17T11:48:02Z
fc458408-5daa-48ce-a6d2-1db6a546e668_613467,fc458408-5daa-48ce-a6d2-1db6a546e668_613467-rainfall-t-900-mm-qualified,Longtown,55.005994,-2.999981,1992-12-16,2026-09-17T11:48:02Z
fc6a7825-d682-48b3-8d27-a7f621ff4cd8,fc6a7825-d682-48b3-8d27-a7f621ff4cd8-rainfall-t-900-mm-qualified,Great Wolden Edge No.2,53.636062,-2.003146,2004-12-22,2026-09-17T11:48:02Z
fca86815-8ce4-4d97-8436-5c85be055495,fca86815-8ce4-4d97-8436-5c85be055495-rainfall-t-900-mm-qualified,Upton,53.371243,-0.684227,1977-05-02,2026-09-17T11:48:02Z
fcb5b8d3-7c1c-42b9-a85c-204da2fe96ae,fcb5b8d3-7c1c-42b9-a85c-204da2fe96ae-rainfall-t-900-mm-qualified,Crowle,52.199996,-2.097173,1980-09-17,2026-09-17T11:48:02Z
fce731f4-c4f4-4a06-8c14-11416a1a746d,fce731f4-c4f4-4a06-8c14-11416a1a746d-rainfall-t-900-mm-qualified,Runswick Bay,54.517005,-0.752719,2008-04-22,2026-09-17T11:48:02Z
fcf4c8ba-c22b-4770-bfe6-3427e54b1fa2,fcf4c8ba-c22b-4770-bfe6-3427e54b1fa2-rainfall-t-900-mm-qualified,Eastington,51.749759,-2.336212,2001-06-24,2026-09-17T11:48:02Z
fd0021b6-2ac1-45fc-b5c9-e933b18c764b,fd0021b6-2ac1-45fc-b5c9-e933b18c764b-rainfall-t-900-mm-qualified,Brown Howe,54.342527,-0.757960,1999-07-08,2026-09-17T11:48:02Z
fd37ac5a-f23c-4ad3-98c7-924b736d25b2,fd37ac5a-f23c-4ad3-98c7-924b736d25b2-rainfall-t-900-mm-qualified,Chobham,51.340217,-0.599312,1996-06-12,2026-09-17T11:48:02Z
fd5fa6cc-7605-4b31-8b33-5ecb12495730,fd5fa6cc-7605-4b31-8b33-5ecb12495730-rainfall-t-900-mm-qualified,Holmbury St Mary,51.185479,-0.408905,1999-10-01,2026-09-17T11:48:02Z
fd65d8b1-0b4e-4b5a-9460-8ff31904b9eb,fd65d8b1-0b4e-4b5a-9460-8ff31904b9eb-rainfall-t-900-mm-qualified,Chelmsford Brook End,51.733035,0.516178,2011-08-10,2026-09-17T11:48:02Z
fd8ea26c-8052-48c5-a1bb-bbd5ebbbb3d3_364176,fd8ea26c-8052-48c5-a1bb-bbd5ebbbb3d3_364176-rainfall-t-900-mm-qualified,Austins Bridge,50.478522,-3.761327,1998-08-31,2026-09-17T11:48:02Z
fda2fe2b-9ebe-426e-a1e4-78f6925ebf6f,fda2fe2b-9ebe-426e-a1e4-78f6925ebf6f-rainfall-t-900-mm-qualified,Stem Lane,50.760793,-1.670175,2011-01-01,2026-09-17T11:48:02Z
fdc553e4-ed93-4737-8dec-b1d50c034f3f,fdc553e4-ed93-4737-8dec-b1d50c034f3f-rainfall-t-900-mm-qualified,Coldwell,53.823507,-2.153871,2016-01-28,2026-09-17T11:48:02Z
fdd436a9-4cd0-4fbc-a784-3c21f639c95e,fdd436a9-4cd0-4fbc-a784-3c21f639c95e-rainfall-t-900-mm-qualified,Sundridge,51.280085,0.133548,1989-05-15,2026-09-17T11:48:02Z
fde4ff18-ea80-4599-aaa0-f64fcc0f85e8,fde4ff18-ea80-4599-aaa0-f64fcc0f85e8-rainfall-t-900-mm-qualified,Crowland,52.665831,-0.158802,1977-09-27,2026-09-17T11:48:02Z
fe3efb87-062c-4880-9dc3-7dd8f335a6d1,fe3efb87-062c-4880-9dc3-7dd8f335a6d1-rainfall-t-900-mm-qualified,Abingdon,51.653660,-1.288012,1985-11-22,2026-09-17T11:48:02Z
fe6a29b0-c0d5-4e39-be1b-25fb373f1ae3,fe6a29b0-c0d5-4e39-be1b-25fb373f1ae3-rainfall-t-900-mm-qualified,Chirk Log,52.928124,-3.051247,2005-01-01,2026-09-17T11:48:02Z
fe92e676-f7cd-4880-9965-4de2eeab848e,fe92e676-f7cd-4880-9965-4de2eeab848e-rainfall-t-900-mm-qualified,Ingleton High Leys,54.142930,-2.433043,2020-02-13,2026-09-17T11:48:02Z
fed3b53b-6540-44b1-a573-3a6ae1d4a962,fed3b53b-6540-44b1-a573-3a6ae1d4a962-rainfall-t-900-mm-qualified,Cowden,50.998796,-0.145399,,2026-09-17T11:48:02Z
ff310078-c1c2-4743-862e-434d01073cea,ff310078-c1c2-4743-862e-434d01073cea-rainfall-t-900-mm-qualified,Stanley Hustledown,54.861366,-1.669757,2013-03-20,2026-09-17T11:48:02Z
ff45977a-d2d0-4eeb-9b59-3ee36b61ad2f,ff45977a-d2d0-4eeb-9b59-3ee36b61ad2f-rainfall-t-900-mm-qualified,Canterbury Uni,51.296880,1.053055,2001-10-11,2026-09-17T11:48:02Z
ffba0119-08bc-4cbb-beab-d3c3ae6bfb32,ffba0119-08bc-4cbb-beab-d3c3ae6bfb32-rainfall-t-900-mm-qualified,Exeter Met Office,50.728473,-3.475014,2017-04-25,2026-09-17T11:48:02Z
ffe3d0dd-a1dd-4728-8307-1522d5fde542,ffe3d0dd-a1dd-4728-8307-1522d5fde542-rainfall-t-900-mm-qualified,Great Oxendon,52.434378,-0.921624,2002-01-20,2026-09-17T11:48:02Z
fff07329-3df5-45bc-915a-6e7274ece1f8,fff07329-3df5-45bc-915a-6e7274ece1f8-rainfall-t-900-mm-qualified,Gascoigne Road,51.527484,0.085365,1990-01-01,2026-09-17T11:48:02Z
